{"type":"FeatureCollection","features":[{"id":"5901003","type":"Feature","properties":{},"geometry":{"type":"MultiPolygon","coordinates":[[[[-114.85107699879224,50.18777749794767],[-114.85096984054569,50.19909469526278],[-114.83575824483205,50.198823943744706],[-114.83601411580953,50.18745937825008],[-114.85107699879224,50.18777749794767]]],[[[-114.85107699879224,50.18777749794767],[-114.85131328332993,50.16280161564707],[-114.88864169735653,50.1628552816338],[-114.88914071139915,50.175464356082294],[-114.90088801824302,50.17545748622129],[-114.90081582442353,50.18875300299425],[-114.91040360679366,50.18897111319673],[-114.91063261097977,50.19941979886986],[-114.88983189693415,50.199228031095764],[-114.89105262579466,50.22404677841801],[-114.87380188118267,50.2244818900027],[-114.87249491176948,50.18822588965918],[-114.85107699879224,50.18777749794767]]],[[[-114.82418232612844,50.09447766423196],[-114.82533560155,50.06901375822833],[-114.8048882074174,50.06844525026056],[-114.80075723601708,50.07257462104128],[-114.79910823699521,50.07250597971001],[-114.79323715038079,50.01564427749645],[-114.89674654804261,50.01693598831035],[-114.89785050915276,49.991897211714125],[-114.90072088354381,49.97776946101392],[-114.90157661041371,49.96120728145162],[-114.91438130619821,49.959751557377125],[-114.923925730128,49.96074086006437],[-114.94212896378299,49.99672450787546],[-114.95174306880473,50.012066001021644],[-114.95013508623452,50.02574960245187],[-114.9398316069992,50.031763410122096],[-114.93845207596206,50.03543403748849],[-114.93660659317273,50.073750527540234],[-114.93136581365029,50.07355947163058],[-114.93235853569901,50.07564116796677],[-114.92840100226128,50.073343095359434],[-114.92628358851863,50.07490120157343],[-114.9216755048899,50.07493679686479],[-114.91916168871639,50.07298420514994],[-114.92086911778635,50.06826202591277],[-114.89415122208155,50.069224873686196],[-114.89315092662918,50.09667465509898],[-114.82418232612844,50.09447766423196]]]]},"bbox":[-114.95174306880473,49.959751557377125,-114.79323715038079,50.2244818900027]},{"id":"5901006","type":"Feature","properties":{},"geometry":{"type":"MultiPolygon","coordinates":[[[[-114.67435475039062,49.52312991575384],[-114.67389697830343,49.52105564553308],[-114.6766786056791,49.51782990136356],[-114.67899409148264,49.52105830392177],[-114.67914477304274,49.51719159503894],[-114.68058759432343,49.517383293524524],[-114.69241498754619,49.52733750504344],[-114.6956381904393,49.528372002682765],[-114.68469867177265,49.52732671388585],[-114.6772282468843,49.523137831347135],[-114.67435475039062,49.52312991575384]]],[[[-114.62563700820793,49.4778701382123],[-114.62538723418886,49.472625556475165],[-114.64618877440861,49.472184246382696],[-114.64718003067898,49.48603791673268],[-114.67969605794276,49.486181449971525],[-114.68090963519491,49.49420201987198],[-114.67181100100814,49.51445183414053],[-114.672161496187,49.517989675871405],[-114.64931410709872,49.518750022064],[-114.64899286811304,49.514427418051795],[-114.62810086183805,49.51471290997711],[-114.62563700820793,49.4778701382123]]],[[[-114.71679045740731,49.96648835954258],[-114.71703999640779,49.93649341186447],[-114.74076195294776,49.93615125377972],[-114.74081009881246,49.90948554336635],[-114.76263893433362,49.90956344049624],[-114.7624338355905,49.89482231330122],[-114.78445019997213,49.89455138753055],[-114.78467775963676,49.87757587260701],[-114.84195122597104,49.87625998184147],[-114.84155261358912,49.87176155470225],[-114.86624856138114,49.870780163754326],[-114.86990579801046,49.876567197315715],[-114.87533721501747,49.878270490682894],[-114.87696768061923,49.88282659478139],[-114.87101858744467,49.8896543108264],[-114.87044408739226,49.892669296825154],[-114.86865697803388,49.89420889878226],[-114.86476949761081,49.89410630230446],[-114.86044979740083,49.897997299140755],[-114.85694292426716,49.89746035503768],[-114.85422420624242,49.89407224557574],[-114.84480772959256,49.89259386168043],[-114.83912972118334,49.894089244041034],[-114.8322070095695,49.89162966209633],[-114.82036481425382,49.89425026529807],[-114.80648583204272,49.89419466231121],[-114.80087591816732,49.896886458804644],[-114.79882790528525,49.89967217172304],[-114.78559040319398,49.90290085701134],[-114.78441960066307,49.904434768801906],[-114.78545241500119,49.96650160089849],[-114.71679045740731,49.96648835954258]]],[[[-114.83591680193989,49.82040710110684],[-114.78818775949279,49.82044973915397],[-114.7634346564604,49.67935423635099],[-114.73637454141117,49.66843475051102],[-114.71618241372968,49.66771619305463],[-114.71717026505725,49.65383848540478],[-114.65981279958517,49.655250480318166],[-114.66281800629558,49.64372448016702],[-114.66775244002746,49.63744647020016],[-114.67433576619062,49.64291379703406],[-114.67937291859798,49.64059928060328],[-114.67931715400553,49.63881219471125],[-114.68638521564924,49.63678011948279],[-114.68682419546656,49.6345781123044],[-114.69123064837879,49.633071585460286],[-114.69100570201714,49.63004429805892],[-114.69641009510916,49.62935636021153],[-114.69917114726097,49.63552828569302],[-114.70341866552047,49.636754367472236],[-114.70382522389616,49.63941824845473],[-114.7488626460265,49.64000293368434],[-114.7495758776411,49.66210466381372],[-114.78296980547111,49.666805508467824],[-114.79557666425767,49.68180598157576],[-114.81173147675149,49.686690561014196],[-114.85537878264937,49.729281859770495],[-114.87506879147317,49.73139525411793],[-114.87407146260593,49.70743214890452],[-114.88582116173758,49.70696891887062],[-114.88687650298266,49.68193462314022],[-114.90391978572808,49.68141028709801],[-114.90508297411782,49.692659247089644],[-114.91365272192682,49.70798579830491],[-114.91361933331561,49.7434939388316],[-114.90832918557088,49.770375973793506],[-114.88995603269619,49.76953346459149],[-114.8901721206387,49.765937996925494],[-114.87632903159015,49.764686714816406],[-114.87294150259665,49.77000788627434],[-114.8745681119459,49.77413948862732],[-114.87367587617005,49.777971995976486],[-114.8758027936978,49.78084608955384],[-114.87566599625154,49.78401641187429],[-114.88179019922603,49.78568271105543],[-114.87879698794929,49.78975589460748],[-114.88319121723364,49.79575470251704],[-114.87653459078545,49.7992980945985],[-114.87087630789185,49.80905424584916],[-114.87195560534255,49.81243431250735],[-114.85886090334995,49.81289768136986],[-114.85816912464527,49.820235933395494],[-114.83591680193989,49.82040710110684]]]]},"bbox":[-114.91365272192682,49.472184246382696,-114.62538723418886,49.96650160089849]},{"id":"5901012","type":"Feature","properties":{},"geometry":{"type":"Polygon","coordinates":[[[-115.03947947216224,49.528793517410755],[-115.03203033420822,49.526966860719334],[-115.04428975484102,49.52427123719585],[-115.04554607218334,49.51634902210233],[-115.04162372607249,49.51808258145882],[-115.03290112634379,49.51275732458392],[-115.03398891370459,49.49596740564098],[-115.04274058247132,49.49678136556896],[-115.05008818772097,49.485160330049396],[-115.05460619092574,49.48588855241289],[-115.05721209989866,49.4836763491466],[-115.06041805659206,49.47580813273047],[-115.06667788959273,49.47664716718329],[-115.06419483557929,49.48300977800246],[-115.06578578798758,49.485015171561976],[-115.06747275052386,49.485056285529716],[-115.06664029540592,49.48290532538872],[-115.07510954122831,49.48134574340712],[-115.09076820790955,49.48115804692897],[-115.09061089214745,49.486833721549786],[-115.07976791979978,49.4866189402042],[-115.07952857495387,49.48268091848817],[-115.07595013495525,49.48268536916557],[-115.08085174656178,49.49072014642869],[-115.08112572669775,49.493454883978984],[-115.08007671964597,49.492934218330134],[-115.07904754955155,49.49591380828635],[-115.08127067161529,49.49653915195926],[-115.08170725034311,49.498522129175996],[-115.07047196134776,49.50377539846297],[-115.07280067818023,49.505222600105824],[-115.07159018700396,49.50530821729318],[-115.07282671912697,49.50950519612378],[-115.07870415174183,49.50919952838369],[-115.07942481220266,49.50544857833003],[-115.0814138229666,49.50544509677811],[-115.0849755248313,49.53170724713101],[-115.05212114982895,49.52832296767493],[-115.03947947216224,49.528793517410755]]]},"bbox":[-115.09076820790955,49.47580813273047,-115.03203033420822,49.53170724713101]},{"id":"5901017","type":"Feature","properties":{},"geometry":{"type":"Polygon","coordinates":[[[-115.14849161246364,50.57076826824896],[-115.13613999253086,50.574378383777386],[-115.13170608273396,50.571793185512426],[-115.1175246508754,50.569751299623576],[-115.11585477105868,50.57176235905671],[-115.10085359058927,50.57793754578257],[-115.0852738419572,50.58974905918633],[-115.07369248586116,50.588441909443794],[-115.06333419156574,50.58317100772362],[-115.05207947598474,50.57144620676433],[-115.04953647772045,50.57515636464747],[-115.03357709194421,50.57928972374471],[-115.02704935199408,50.58310710568168],[-115.02053142191002,50.58468841315542],[-115.01511278881681,50.58239558959798],[-115.01369673122579,50.57085910044138],[-115.01122996200817,50.56733538945438],[-114.9926675844563,50.54785114834497],[-114.99140326267982,50.54437988887022],[-114.98315448378753,50.53973996877001],[-114.97834028687848,50.53498306984498],[-114.97745673007351,50.52958848635098],[-114.96772235208066,50.51612395785333],[-114.962571603656,50.5124507094513],[-114.95903688118278,50.50440919794727],[-114.95328088661365,50.49790753466461],[-114.95129613800239,50.49758727523834],[-114.94575384800534,50.489632386851966],[-114.93715688725385,50.48633644199711],[-114.93566093316983,50.48080620148821],[-114.93169323070605,50.478506076711184],[-114.93231547993615,50.473521595030064],[-114.92836219914543,50.47184732942731],[-114.9269490383978,50.46841408104624],[-114.91737151499525,50.46149465060112],[-114.91619465374583,50.458004488405535],[-114.9124412535195,50.454851983138155],[-114.91216702396574,50.451372322392274],[-114.90543587321552,50.448482974608716],[-114.89552271903398,50.439472066944404],[-114.88778052612379,50.43562611800847],[-114.87471084923278,50.43955735520117],[-114.87301151923792,50.43019069059674],[-114.86844533517247,50.42580532790528],[-114.8625459274887,50.425515508430095],[-114.8598295810912,50.42379907668815],[-114.85960211257849,50.42099549516194],[-114.86361254172351,50.41733959530965],[-114.86406683630857,50.41145565752612],[-114.86012318614446,50.407663657454925],[-114.86524012554193,50.40542658868944],[-114.86639826213141,50.399372610085024],[-114.86225508320086,50.39448602407707],[-114.85475639801425,50.39223975630487],[-114.83828067488419,50.39356166482273],[-114.83124968586505,50.390286584954616],[-114.82481884580238,50.39332468253182],[-114.82025732739315,50.38453826836059],[-114.81788206723192,50.38248253313307],[-114.81389205197159,50.381930763934],[-114.81253008616422,50.37825909193094],[-114.81724599710235,50.37489255612918],[-114.81916447944151,50.36905778286774],[-114.80878868778184,50.37070434357043],[-114.80392375241762,50.36487804976537],[-114.78909525076214,50.35805495615903],[-114.78448997283364,50.36282154488685],[-114.77495149218183,50.36254886885356],[-114.76862942174499,50.35878726134419],[-114.76861653476814,50.35239222206594],[-114.76621722905715,50.35074225240039],[-114.77189232067371,50.34749001713926],[-114.77481797902419,50.343814503263104],[-114.79224578777941,50.33581349584609],[-114.79540978919324,50.33087962227155],[-114.80002040666825,50.3297669973066],[-114.7986331948852,50.326502519418966],[-114.78042338478224,50.31527189901452],[-114.78270072389735,50.31140945882093],[-114.7803537140026,50.2998374861897],[-114.77620243656455,50.29975371862631],[-114.7694003997919,50.302593705893486],[-114.76220508269002,50.29930239405768],[-114.7551237680021,50.29923869948214],[-114.75283436296526,50.29382245523299],[-114.75251872294974,50.28584626800425],[-114.75504980389702,50.28135284814099],[-114.75166706050847,50.275287034323796],[-114.75212247892284,50.273178584871616],[-114.75813266189735,50.271729389102674],[-114.76410347942583,50.265206631778604],[-114.76683682677935,50.25817964388045],[-114.76653600015798,50.25402640063019],[-114.77022537778238,50.24999499879645],[-114.76714657397399,50.24702636692434],[-114.76804590176006,50.24309747097741],[-114.7619885713456,50.24086928254503],[-114.76292841737921,50.23466710985521],[-114.75582542119189,50.23179869947755],[-114.745300154799,50.22225001815792],[-114.74478854739539,50.2182257212136],[-114.7490055681288,50.21491693408238],[-114.73958673781519,50.211659521452695],[-114.73756015825519,50.208830474048554],[-114.73887392396985,50.202667664946766],[-114.73098315516238,50.19402571480073],[-114.72467038910588,50.190177190397726],[-114.72548881954474,50.18610943080654],[-114.72393673735424,50.183877273865576],[-114.73090971285764,50.17603396286403],[-114.73066195382103,50.171196665469964],[-114.73262697371406,50.169300618486844],[-114.72534042543718,50.1613556417095],[-114.72726733951988,50.157839435337294],[-114.72729831724831,50.14836426569239],[-114.72495881870833,50.14074282277487],[-114.73347459511403,50.121313524430605],[-114.73599712971303,50.12035299877307],[-114.7278971873365,50.113194513159655],[-114.72081146864267,50.11089701726448],[-114.71937691393923,50.10570794030066],[-114.71079332040628,50.10221934248932],[-114.70370684841224,50.09484283089967],[-114.70282381779977,50.091038710204316],[-114.70409314791344,50.08966213352633],[-114.69905983529763,50.08881610326301],[-114.69736823605936,50.08694400764084],[-114.69520843702195,50.08115919782762],[-114.69203259470837,50.07776860850979],[-114.6912985351504,50.07134179446699],[-114.68174664405713,50.06727162053914],[-114.67991808862332,50.06410864650203],[-114.66516299544026,50.063730735675435],[-114.66246897367454,50.064906453401306],[-114.66561828627054,50.060955322417776],[-114.66637119746005,50.05094437483196],[-114.67607181655245,50.0481214668484],[-114.67108008035449,50.043100539304874],[-114.6629002059512,50.0395941930092],[-114.66644456318838,50.03538977459734],[-114.66193828185519,50.03389060756151],[-114.6577221511574,50.02968239505531],[-114.65957837162352,50.02671840669766],[-114.65765505211688,50.01912561532887],[-114.66123085837268,50.01507156934293],[-114.6633660835697,50.0075339438093],[-114.6665826339752,50.00328570289674],[-114.66496093882533,50.00000404458317],[-114.65484912775577,49.99694870397918],[-114.65204748656066,49.992733562621055],[-114.6543437211367,49.985754040224606],[-114.65150037485625,49.975518782124425],[-114.65593507138541,49.968058094743704],[-114.66360095763746,49.96646920467914],[-114.6705992879408,49.96787231516805],[-114.68331071267704,49.96706077327205],[-114.68531889546904,49.955178659703684],[-114.69486097192797,49.941911394275145],[-114.68966551422432,49.936103652981984],[-114.69137380059198,49.93306030988012],[-114.69015248773097,49.921609941207215],[-114.6873166242304,49.91705495054893],[-114.68976748980647,49.906504186183795],[-114.68874697158897,49.901895602501526],[-114.6917859072866,49.89628610534018],[-114.68514576695789,49.88704444074562],[-114.6726883147822,49.87833597473853],[-114.67301678616745,49.87394491901358],[-114.67046882107745,49.86842789584865],[-114.67137070499288,49.864511546287424],[-114.66144133789113,49.86225450378204],[-114.66267579478729,49.85484070695683],[-114.66116853998962,49.85177104174329],[-114.65482436101787,49.846665925524846],[-114.65061392131447,49.83836347650685],[-114.63993243563786,49.82772088376661],[-114.64290404927976,49.82232369190372],[-114.6474190174281,49.819268172594924],[-114.64746839201953,49.81729393915475],[-114.64187766690227,49.80804848182774],[-114.64371407046119,49.8056065440098],[-114.64149928653507,49.801307749636955],[-114.64216983171747,49.79581971862064],[-114.63605150585855,49.784811587103135],[-114.64100809029644,49.781403674889575],[-114.64444782706886,49.77298513219499],[-114.65913532666083,49.765079381085826],[-114.65730641233102,49.7607931676766],[-114.65135349195334,49.75868104164126],[-114.65100687026711,49.75508655197562],[-114.64422583793267,49.74961944987374],[-114.64216697838349,49.74633534973588],[-114.64629144304682,49.743320855230166],[-114.64293021819071,49.73909166357444],[-114.63702434798493,49.738036715492065],[-114.63311912267383,49.73407963538637],[-114.63364821029157,49.73036107738069],[-114.63834086684005,49.724354358728476],[-114.6362888375818,49.721734659723396],[-114.63890515565855,49.71784260912757],[-114.64298596031206,49.71723784693568],[-114.64744022325685,49.713021974699075],[-114.66838503883548,49.703875166044284],[-114.67678397069254,49.696187346689186],[-114.67606337001423,49.69435028984513],[-114.6692154325866,49.69114258373215],[-114.67039848814012,49.68422847533268],[-114.66500695563451,49.67680233915959],[-114.66861854079808,49.67583326455925],[-114.67032289127599,49.673160328182114],[-114.669322515113,49.670428519678275],[-114.66328559616704,49.665799442495384],[-114.6582283987032,49.66400183147987],[-114.65770654387475,49.661245049675586],[-114.65981279958517,49.655250480318166],[-114.71717026505725,49.65383848540478],[-114.71618241372968,49.66771619305463],[-114.73637454141117,49.66843475051102],[-114.7634346564604,49.67935423635099],[-114.78818775949279,49.82044973915397],[-114.85816912464527,49.820235933395494],[-114.85886090334995,49.81289768136986],[-114.87195560534255,49.81243431250735],[-114.87087630789185,49.80905424584916],[-114.87653459078545,49.7992980945985],[-114.87835668463222,49.79719889551648],[-114.88302869959895,49.79633719485939],[-114.87879698794929,49.78975589460748],[-114.88179019922603,49.78568271105543],[-114.87566599625154,49.78401641187429],[-114.8758027936978,49.78084608955384],[-114.87367587617005,49.777971995976486],[-114.8745681119459,49.77413948862732],[-114.87294150259665,49.77000788627434],[-114.87632903159015,49.764686714816406],[-114.8901721206387,49.765937996925494],[-114.88995603269619,49.76953346459149],[-114.90832918557088,49.770375973793506],[-114.91361933331561,49.7434939388316],[-114.91365272192682,49.70798579830491],[-114.90508297411782,49.692659247089644],[-114.90391978572808,49.68141028709801],[-114.88687650298266,49.68193462314022],[-114.88582116173758,49.70696891887062],[-114.87407146260593,49.70743214890452],[-114.87506879147317,49.73139525411793],[-114.85537878264937,49.729281859770495],[-114.81173147675149,49.686690561014196],[-114.79557666425767,49.68180598157576],[-114.78296980547111,49.666805508467824],[-114.7495758776411,49.66210466381372],[-114.7488626460265,49.64000293368434],[-114.70382522389616,49.63941824845473],[-114.70341866552047,49.636754367472236],[-114.70732725861798,49.63467955722694],[-114.70548728139396,49.632513958021086],[-114.70780497427192,49.630112946828135],[-114.71526482857156,49.62952912359023],[-114.72254617658965,49.622905118846845],[-114.74647644672177,49.61850970601601],[-114.74744306148244,49.613021983212214],[-114.75240135468493,49.60879665640332],[-114.74635058792363,49.6063918259909],[-114.74656986579923,49.60174557869715],[-114.73685556057116,49.59539883663743],[-114.73449896512918,49.580104404420986],[-114.73258666909773,49.576379526698126],[-114.72453648880582,49.57581931172988],[-114.72476721739913,49.57155945867257],[-114.72000373564055,49.56749392030506],[-114.71441990303609,49.56628151098271],[-114.71077460798853,49.563115340862154],[-114.71072831996787,49.5587589542862],[-114.70138019351253,49.5525189839576],[-114.69623435720693,49.54682927641809],[-114.69098346670451,49.55402643542906],[-114.68382220459256,49.55687319029899],[-114.67682217134085,49.553645725192155],[-114.66313990239894,49.55233198658312],[-114.65511721311856,49.54558560007442],[-114.6484724686319,49.54332822835187],[-114.63836441916114,49.54393647649309],[-114.63094474977815,49.54952532231548],[-114.62701325230923,49.549820913159095],[-114.62013319995077,49.54680866256024],[-114.61449851520929,49.550882549651185],[-114.6130874033002,49.554455876437345],[-114.60949637507015,49.55533867912213],[-114.60795770803848,49.55975025927128],[-114.59402630681454,49.56155977471861],[-114.58895548105693,49.56589826499905],[-114.57953030200333,49.5585244433139],[-114.57360388035615,49.55746290648237],[-114.57455877103244,49.55106870370972],[-114.57265183262547,49.54869150731325],[-114.57471444103324,49.54680805819731],[-114.57020237612065,49.53736922605582],[-114.57358495298574,49.53292258766669],[-114.57300626514832,49.52496321037681],[-114.57767333671723,49.52152344219276],[-114.58343412496914,49.52042950651943],[-114.58285406068008,49.51821592346242],[-114.58515463112997,49.51265427522544],[-114.59658376836089,49.501983350938765],[-114.59295016293636,49.49325360009629],[-114.59711159692665,49.49091210233395],[-114.59362965370619,49.48410024784806],[-114.59553319114613,49.48010097404717],[-114.59345352011034,49.471436761348784],[-114.59393725641792,49.469382556702804],[-114.59943403143541,49.4666210492489],[-114.59841001777104,49.454767160629636],[-114.60340483434148,49.45281069537093],[-114.5988612835163,49.44975927758711],[-114.59834864817394,49.44535632267526],[-114.60286303413342,49.443630545760975],[-114.60506538630877,49.43893650494192],[-114.59857420188798,49.43385416393162],[-114.60080290211432,49.4279865033343],[-114.60078087893028,49.424745743809865],[-114.59661742993072,49.420065169360306],[-114.59843280706792,49.41256158128958],[-114.59202429476964,49.40486945000218],[-114.59059023722013,49.39610824749746],[-114.58647804071092,49.392344254607806],[-114.5733691604249,49.38956736287322],[-114.57610668661162,49.38674458894967],[-114.56810410252015,49.38006838914014],[-114.56692967365761,49.37688356637741],[-114.54766943900668,49.377284726528636],[-114.53659401672408,49.37960972073794],[-114.5262901956183,49.375095025750085],[-114.53179609828952,49.37175912208445],[-114.52413734964927,49.36213341490035],[-114.52472099350945,49.357365396455286],[-114.51657547713393,49.354508595755064],[-114.50692649682992,49.35664218916976],[-114.50096263179556,49.3528077810522],[-114.49572067739125,49.352503543192284],[-114.48762451550806,49.347320613343136],[-114.48254899086709,49.33754200188038],[-114.48166370764798,49.32919084974006],[-114.47892762926328,49.326780634378885],[-114.49216395215932,49.322201040593],[-114.4920620866071,49.31381740526236],[-114.48496049749824,49.310654890452106],[-114.4776460085971,49.31235184054129],[-114.47129942627781,49.30669347020501],[-114.46677069635085,49.30437713024244],[-114.46115572688538,49.30411059865976],[-114.45397273659883,49.29810340935],[-114.45123594186686,49.29256787870127],[-114.44679535215464,49.28841762110602],[-114.4511768738214,49.28042063428035],[-114.44903077526155,49.276633601731746],[-114.44935286992755,49.267283857972345],[-114.44794247589986,49.2643692263301],[-114.43966969031469,49.26464256372227],[-114.42969238307683,49.26133659482162],[-114.41446220450403,49.26221749252158],[-114.40926463016542,49.259695187329996],[-114.39348599594493,49.25718740502717],[-114.38768700723922,49.25160701859962],[-114.38143230121715,49.250757475946024],[-114.37985693867455,49.24825079859868],[-114.3836137521423,49.24623931034353],[-114.402676408546,49.24165090370267],[-114.40292215152351,49.232717267271106],[-114.40112052327315,49.227824147542485],[-114.4058462365556,49.22526147880325],[-114.39388816629103,49.219416257299855],[-114.4021219747557,49.21327360409097],[-114.39895729718323,49.21036520227981],[-114.38681603786773,49.20503757247063],[-114.37734124880329,49.202869632575116],[-114.36616922238294,49.20365755614344],[-114.36086032571725,49.20205494209803],[-114.35890106913239,49.19843472322048],[-114.35560039500568,49.19655621435708],[-114.34559060653191,49.193570767947826],[-114.33958639958809,49.19599309610505],[-114.3368753276537,49.19942981595124],[-114.31844091403634,49.19997253629691],[-114.3104563768961,49.19203470685718],[-114.30096210822481,49.19081021109286],[-114.29010003963268,49.186006084817976],[-114.28849208570993,49.1831410354841],[-114.2893620660752,49.180412945772616],[-114.28730150476174,49.17802438413646],[-114.27994817942007,49.178039951938445],[-114.26944050559423,49.18099206948742],[-114.25712576241482,49.17700797565518],[-114.24671531229039,49.1872771564521],[-114.24053575980818,49.18467283662268],[-114.23468601142376,49.185371903695454],[-114.23046718024354,49.189271099682884],[-114.22154485885149,49.18905583842893],[-114.219217463877,49.184895186517394],[-114.21711593772267,49.18414160636898],[-114.21265268555551,49.17344109996929],[-114.20395854185048,49.16976189092759],[-114.19524413201849,49.16904964552486],[-114.17490451894156,49.163550538506755],[-114.1662198353642,49.15672174320056],[-114.1612497853119,49.15483135833629],[-114.16192921184425,49.15173422578109],[-114.1490379187293,49.14365255421359],[-114.16539128575351,49.13708100112898],[-114.16605940165553,49.13555789689187],[-114.15774262920105,49.12365794910483],[-114.14963787260429,49.11806389692672],[-114.14895787511298,49.10732973242765],[-114.15323410293055,49.10312245188597],[-114.15314913924638,49.09951039595299],[-114.13973110967096,49.08711210914027],[-114.13262685663675,49.08255074448352],[-114.12959302409382,49.078103593947134],[-114.11581086856047,49.07382311440774],[-114.10693965320856,49.064965196985234],[-114.09647963628083,49.05975405866117],[-114.08923681593218,49.05839952053152],[-114.08097635899189,49.05968845999682],[-114.07617229600726,49.05353277606204],[-114.06349606804235,49.04531156571313],[-114.0619180585758,49.0373864104898],[-114.05661259516098,49.02783595400611],[-114.05375826471493,49.026544728424106],[-114.05871925655603,49.018281489973575],[-114.07233849046807,49.00494536997443],[-114.06833211037728,48.99885049632903],[-114.41062432336535,49.00122079943536],[-114.72624940709275,49.0001284592425],[-114.7393633459119,49.01211048296266],[-114.74112797347148,49.01954678206508],[-114.74403113338154,49.02271291259974],[-114.75687197277652,49.02928516588314],[-114.75725821415307,49.03569662471411],[-114.75365011612752,49.03846159188793],[-114.74132062729588,49.042693405411605],[-114.73667049809868,49.049334812671916],[-114.73397899092346,49.048604548093714],[-114.72885388355054,49.05383679590085],[-114.7176561768761,49.060636626008765],[-114.71672222692688,49.063277720136156],[-114.71191270401691,49.06337525751569],[-114.70077478791876,49.0700009168159],[-114.70769488837017,49.075744342565066],[-114.71440328144193,49.085113026825155],[-114.72435812781781,49.091676583837874],[-114.73165066371217,49.100639869426715],[-114.73677701682466,49.1034650104723],[-114.74552501974809,49.1144327840476],[-114.75151420280653,49.117357968565805],[-114.75389726471899,49.12044556059454],[-114.75378329520693,49.124252579666766],[-114.74350827186306,49.12502911113063],[-114.73628267604167,49.12829389991134],[-114.73290974955205,49.12757785757383],[-114.73151489022578,49.13228482985172],[-114.7228009337611,49.136893007620735],[-114.72721231904613,49.14355950236395],[-114.72042573461222,49.14595695546115],[-114.71783958614974,49.15060769050133],[-114.71078726165001,49.15254109366873],[-114.70865999969811,49.155236216665365],[-114.70796462131413,49.15735168737064],[-114.71400212973941,49.16539930045225],[-114.7088427197188,49.16796027789847],[-114.70673773752235,49.170808900173],[-114.71717751753614,49.17756231930941],[-114.72223772157282,49.186488324853165],[-114.72614010960811,49.18711652791033],[-114.73257117042802,49.19162553457552],[-114.73669242518389,49.19718060709634],[-114.74457040261086,49.19884227595972],[-114.75104867518418,49.203710530378466],[-114.74741309876767,49.20842153160969],[-114.74791563250318,49.21158323452221],[-114.75327776866978,49.217893130750895],[-114.74004270102537,49.222847105188926],[-114.73895296307325,49.227195768010056],[-114.74041783517481,49.228636877541376],[-114.73999209530744,49.23329913572551],[-114.74277809342354,49.23706484805136],[-114.73731031262007,49.24625359814942],[-114.74094786056277,49.2498101071588],[-114.73242099673135,49.25932683021245],[-114.73322692168591,49.26188447150776],[-114.7313275527093,49.26367638395241],[-114.72650132007051,49.26348414034845],[-114.71996379700677,49.26625619937762],[-114.71386507004739,49.27093381550619],[-114.71507413427437,49.27847997264149],[-114.69902422821752,49.288468035778436],[-114.71490261395383,49.29553713747219],[-114.71833341524366,49.29931982403739],[-114.73198690901897,49.30354339660088],[-114.73124061432084,49.30859992757897],[-114.72513148803482,49.31388022980075],[-114.7436137133547,49.31680610808844],[-114.76747048736175,49.31706483395703],[-114.77244274638002,49.32033448775195],[-114.79669496613828,49.32633140844331],[-114.79854234667076,49.33036817941876],[-114.81155687537165,49.3326455338716],[-114.82591038517657,49.32739365781114],[-114.83719718646395,49.32976905927987],[-114.84202986018595,49.32913355007453],[-114.8439382928475,49.32624817803161],[-114.8460342131937,49.32621956978535],[-114.8631979441501,49.33003907958093],[-114.87141221569559,49.33411446586385],[-114.87800282718153,49.33538813959568],[-114.88617981923856,49.34107349714363],[-114.88937755052079,49.345738794445985],[-114.88638044963506,49.34980871154417],[-114.88575625396062,49.354927714431746],[-114.8803593652254,49.357708065780216],[-114.88343525941416,49.36447358079497],[-114.88261412871256,49.36982971595945],[-114.87283497148321,49.37377141730672],[-114.8727386711239,49.37558345650467],[-114.87772217637988,49.382561107207415],[-114.88619139057322,49.38571888891545],[-114.88116607927968,49.3874583255634],[-114.87395472799547,49.393312529903824],[-114.86760526949377,49.40190385797786],[-114.8598225623017,49.40712890074181],[-114.85706336227996,49.41223331019851],[-114.86372824093363,49.418454093363245],[-114.89191366171484,49.428957364113366],[-114.90653463436703,49.425253008859336],[-114.90886650073294,49.421552738894256],[-114.91114851828338,49.41153864874855],[-114.92521739629062,49.40453154994236],[-114.93036563024064,49.399451464502796],[-114.9318110279694,49.39721965286026],[-114.93063312534849,49.39605605155656],[-114.93198510263923,49.39144736068397],[-114.93046180113274,49.3896571560923],[-114.93114452857526,49.387815652540944],[-114.93843292438642,49.3806048610117],[-114.9498011940958,49.37727215365673],[-114.96297100196881,49.370676645547256],[-114.96929391555096,49.37001446798273],[-114.97054171366159,49.3681472587386],[-114.98132601804488,49.36749076478995],[-114.98562432511225,49.36040526398602],[-114.99279050719558,49.35998084570535],[-114.9958980003396,49.35772344819188],[-115.00698689004987,49.35697586477238],[-115.00439090404205,49.35236420840617],[-115.01012848373004,49.34671436780386],[-115.01034529382554,49.34844250769906],[-115.05648308395367,49.34766188588985],[-115.05632088911905,49.36439720978237],[-115.04054719425282,49.365262023936474],[-115.041242166801,49.40475497126747],[-115.05179418045071,49.40506323778217],[-115.05139033183177,49.41784271817507],[-115.06189439227127,49.41805527776163],[-115.06182033457446,49.420476262797926],[-115.08462058399415,49.42047240229999],[-115.08460166749954,49.43490003583095],[-115.10638069338336,49.43513570518586],[-115.1064107473864,49.45273019668377],[-115.12849460748211,49.45242212559876],[-115.12820425985011,49.467055142168896],[-115.15138254654299,49.46719880980163],[-115.15085416412116,49.48176153976692],[-115.15694527066351,49.4816893139941],[-115.15712596868148,49.488860394764785],[-115.20178254535695,49.488633649730936],[-115.20043782220655,49.5192369520502],[-115.18049705641695,49.52896201677507],[-115.17079230857223,49.5241195613946],[-115.16130494208907,49.521624969486496],[-115.1471124912173,49.522722376902344],[-115.13718585041633,49.528690077336016],[-115.1278584259571,49.546575178455605],[-115.13103369359872,49.55956418588919],[-115.13526973006535,49.56355938422566],[-115.1371428053342,49.56893628915692],[-115.13371423971249,49.5729029942275],[-115.12729629520831,49.576003082907405],[-115.07906333414661,49.57673381579917],[-115.07094253738573,49.580908425625836],[-115.06596786815037,49.60295925487272],[-115.0552851820308,49.61269149115535],[-115.04424055789022,49.614306885781254],[-115.03582779344214,49.611885802740915],[-115.02823390549987,49.60392979471586],[-115.0208152632163,49.60080289568226],[-115.01351051090683,49.60117668950005],[-115.00819547209399,49.60494290134396],[-115.0046529965709,49.61379206520967],[-115.00599670813668,49.621994047268714],[-115.01663729935468,49.640231190483405],[-115.01817338399864,49.65646387169887],[-115.0165333556318,49.666452200696774],[-115.00681037262167,49.67882134436602],[-114.98362702297402,49.687868348178185],[-114.97466291512866,49.69589184771628],[-114.97469953454865,49.70338257271967],[-114.98736743767543,49.719977906009625],[-114.98710378901039,49.76319156323262],[-115.01894935144962,49.75965157925905],[-115.03508850837605,49.76132120501611],[-115.06954516756416,49.76871894556571],[-115.0855740672279,49.77606051592153],[-115.08940416569688,49.780481770021325],[-115.09138614598952,49.79888337884978],[-115.10249440854693,49.8510057862645],[-115.10024757615082,49.85523358473736],[-115.09401333968137,49.85988012408839],[-115.08669998119859,49.8618167816559],[-115.07413365373539,49.862315061627775],[-115.06837873239517,49.865694198228056],[-115.06815839818276,49.874807426523176],[-115.07229234410094,49.89046974311805],[-115.07823324406831,49.8971446687848],[-115.08739883387514,49.90119264967734],[-115.10864727855179,49.90284677815713],[-115.11352890949459,49.90714592672413],[-115.11337475568007,49.91280507723129],[-115.10481969364533,49.92439232351279],[-115.1025399159438,49.9303489900763],[-115.10179050139617,49.942120861209794],[-115.09681460159553,49.95482541458818],[-115.09009408245261,49.96520911060637],[-115.08172010970843,49.97015442866589],[-115.05661482277742,49.971010393245635],[-115.05554432067981,49.9793036962687],[-115.07646174214004,50.01309063835463],[-115.07696456005628,50.02178293139542],[-115.07112590458681,50.02930681914647],[-115.06603216044216,50.03178436345911],[-115.05129133392168,50.03301224373693],[-115.03858425829446,50.03767738863785],[-115.03418099440455,50.04210787963483],[-115.02977434632368,50.04852017537801],[-115.03192792218418,50.059514618549166],[-115.02218820020637,50.07871992144841],[-115.02470819673965,50.0974884808087],[-115.01634947810287,50.10757766019314],[-115.00928187214876,50.112989892622856],[-115.01087922899076,50.118334078645844],[-115.02764511943465,50.12009326078298],[-115.03611437832886,50.12261124020802],[-115.06819090758076,50.138031993421414],[-115.06888475524926,50.14299994774467],[-115.06725621269082,50.146108100710954],[-115.07263540076346,50.148930043580954],[-115.073735632224,50.15120862750345],[-115.07375502785638,50.15375264003849],[-115.06987024699731,50.155982507136024],[-115.07047474114663,50.160772479593184],[-115.08493397734111,50.17140301913562],[-115.0904942201104,50.18079192811899],[-115.09088543610056,50.18563510515438],[-115.09665423375608,50.19202625847646],[-115.09699499790626,50.200547210225324],[-115.10308587198843,50.20622274090164],[-115.09727988771049,50.21107689697825],[-115.09960010095071,50.216243959780606],[-115.11638661118977,50.22073268226916],[-115.11900607697464,50.222639510231915],[-115.12212436180552,50.22872677497163],[-115.1352223442533,50.234914876216976],[-115.13331085595891,50.24255832725173],[-115.13470000885653,50.249071350038605],[-115.13775505980264,50.25087164883749],[-115.13695664725635,50.257046065418535],[-115.1276814617443,50.25901185943067],[-115.11867827847591,50.263936848544574],[-115.11484330891469,50.26376575963043],[-115.11257145386406,50.264961986911025],[-115.11118941410578,50.2684893942425],[-115.1222736785834,50.272945186746995],[-115.12966011616352,50.27368566087936],[-115.13585645448201,50.27742589256965],[-115.12656682161249,50.286884086150614],[-115.12906886201164,50.29025561973252],[-115.12735617951681,50.293227296711024],[-115.12716463479624,50.299173321898],[-115.13620687697579,50.3047678074673],[-115.13132270125548,50.310352755715925],[-115.13781690647704,50.31625368558737],[-115.12741634363611,50.32136172077521],[-115.11461489919087,50.31829760635639],[-115.10264091450918,50.318691241233005],[-115.09949664488576,50.32010082334018],[-115.09543308597388,50.32540151731729],[-115.09446131176506,50.329625058344305],[-115.1020518473432,50.34155639082646],[-115.12346067939562,50.354970326590404],[-115.12156743371827,50.35639173524139],[-115.12393033972099,50.362031596692596],[-115.12203091203484,50.36887585105427],[-115.12599286159256,50.37970571182742],[-115.12500148304296,50.38305848050857],[-115.12993045816604,50.38631714347485],[-115.12872018197044,50.38804929440434],[-115.11964474526783,50.39123376259105],[-115.12581394442151,50.39323342876618],[-115.12370455759951,50.39805639694597],[-115.12683696904155,50.404147157939065],[-115.13312349134854,50.406755954695996],[-115.13339907802968,50.41306828265504],[-115.13758957721141,50.418422371246976],[-115.13439978272044,50.42143766444565],[-115.13581138643652,50.423803597031416],[-115.12040327005865,50.437708464258094],[-115.1194829952163,50.44160219298104],[-115.13036623186876,50.44564209344742],[-115.13729791650925,50.45224136300874],[-115.13755090310501,50.45600798420542],[-115.14020584518232,50.45711370992137],[-115.13951653888788,50.46222797699596],[-115.1601046207345,50.47330644777612],[-115.16360059655196,50.47915183645869],[-115.16309263324757,50.48853105625537],[-115.16143806421553,50.492447003657254],[-115.1633470285405,50.49501155864046],[-115.16478313358209,50.50283803892506],[-115.16419854841385,50.51000269113177],[-115.16675267028293,50.51280872286187],[-115.17084139066982,50.51484090686132],[-115.1739703379655,50.51902235616189],[-115.18174367159476,50.52095236208791],[-115.188047721291,50.51877641315553],[-115.19480160751577,50.524624341374675],[-115.20594986300677,50.528255619469775],[-115.20222851679573,50.533034433966755],[-115.19091647393442,50.53509811235214],[-115.18617266752427,50.53978950989251],[-115.18374287785558,50.54403207197467],[-115.18987860667967,50.549003368830775],[-115.19088996195033,50.554051808086705],[-115.17769953651708,50.55821959181778],[-115.17497181340244,50.56135775763249],[-115.1735527709823,50.5675886602133],[-115.1546187086196,50.5732731112737],[-115.14849161246364,50.57076826824896]],[[-114.67961458925255,49.51720819068568],[-114.67899409148264,49.52105830392177],[-114.6766786056791,49.51782990136356],[-114.67389697830343,49.52105564553308],[-114.67435475039062,49.52312991575384],[-114.6772282468843,49.523137831347135],[-114.68469867177265,49.52732671388585],[-114.69560022075397,49.52843004728181],[-114.67961458925255,49.51720819068568]],[[-114.6612873048505,49.48642316067202],[-114.64718003067898,49.48603791673268],[-114.64618877440861,49.472184246382696],[-114.62538723418886,49.472625556475165],[-114.62810086183805,49.51471290997711],[-114.64899286811304,49.514427418051795],[-114.64931410709872,49.518750022064],[-114.672161496187,49.517989675871405],[-114.67181100100814,49.51445183414053],[-114.68090963519491,49.49420201987198],[-114.67969605794276,49.486181449971525],[-114.6612873048505,49.48642316067202]],[[-115.08066626689106,49.50547024826901],[-115.07942481220266,49.50544857833003],[-115.07870415174183,49.50919952838369],[-115.07282671912697,49.50950519612378],[-115.07159018700396,49.50530821729318],[-115.07280067818023,49.505222600105824],[-115.07047196134776,49.50377539846297],[-115.08170725034311,49.498522129175996],[-115.08127067161529,49.49653915195926],[-115.07904754955155,49.49591380828635],[-115.08007671964597,49.492934218330134],[-115.08112572669775,49.493454883978984],[-115.08085174656178,49.49072014642869],[-115.07595013495525,49.48268536916557],[-115.07952857495387,49.48268091848817],[-115.07976791979978,49.4866189402042],[-115.09061089214745,49.486833721549786],[-115.09076820790955,49.48115804692897],[-115.07510954122831,49.48134574340712],[-115.06664029540592,49.48290532538872],[-115.06747275052386,49.485056285529716],[-115.06578578798758,49.485015171561976],[-115.06419483557929,49.48300977800246],[-115.06667788959273,49.47664716718329],[-115.06041805659206,49.47580813273047],[-115.05721209989866,49.4836763491466],[-115.05460619092574,49.48588855241289],[-115.05008818772097,49.485160330049396],[-115.04274058247132,49.49678136556896],[-115.03398891370459,49.49596740564098],[-115.03290112634379,49.51275732458392],[-115.04162372607249,49.51808258145882],[-115.04554607218334,49.51634902210233],[-115.04428975484102,49.52427123719585],[-115.03203033420822,49.526966860719334],[-115.03947947216224,49.528793517410755],[-115.05212114982895,49.52832296767493],[-115.0849755248313,49.53170724713101],[-115.08301868991133,49.511490306878294],[-115.08066626689106,49.50547024826901]],[[-114.85107699879224,50.18777749794767],[-114.83601411580953,50.18745937825008],[-114.83575824483205,50.198823943744706],[-114.85096984054569,50.19909469526278],[-114.85107699879224,50.18777749794767],[-114.87249491176948,50.18822588965918],[-114.87380188118267,50.2244818900027],[-114.89105262579466,50.22404677841801],[-114.88983189693415,50.199228031095764],[-114.91063261097977,50.19941979886986],[-114.91040360679366,50.18897111319673],[-114.90081582442353,50.18875300299425],[-114.90088801824302,50.17545748622129],[-114.88914071139915,50.175464356082294],[-114.88864169735653,50.1628552816338],[-114.85131328332993,50.16280161564707],[-114.85107699879224,50.18777749794767]],[[-114.78520777363266,49.94270252881631],[-114.78441960066307,49.904434768801906],[-114.78559040319398,49.90290085701134],[-114.79882790528525,49.89967217172304],[-114.80087591816732,49.896886458804644],[-114.80648583204272,49.89419466231121],[-114.82036481425382,49.89425026529807],[-114.8322070095695,49.89162966209633],[-114.83912972118334,49.894089244041034],[-114.84480772959256,49.89259386168043],[-114.85422420624242,49.89407224557574],[-114.85694292426716,49.89746035503768],[-114.86044979740083,49.897997299140755],[-114.86476949761081,49.89410630230446],[-114.86865697803388,49.89420889878226],[-114.87044408739226,49.892669296825154],[-114.87101858744467,49.8896543108264],[-114.87696768061923,49.88282659478139],[-114.87533721501747,49.878270490682894],[-114.86990579801046,49.876567197315715],[-114.86624856138114,49.870780163754326],[-114.84155261358912,49.87176155470225],[-114.84195122597104,49.87625998184147],[-114.78467775963676,49.87757587260701],[-114.78445019997213,49.89455138753055],[-114.7624338355905,49.89482231330122],[-114.76263893433362,49.90956344049624],[-114.74081009881246,49.90948554336635],[-114.74076195294776,49.93615125377972],[-114.71703999640779,49.93649341186447],[-114.71679045740731,49.96648835954258],[-114.78545241500119,49.96650160089849],[-114.78520777363266,49.94270252881631]],[[-114.89315092662918,50.09667465509898],[-114.89415122208155,50.069224873686196],[-114.92086911778635,50.06826202591277],[-114.91916168871639,50.07298420514994],[-114.9216755048899,50.07493679686479],[-114.92628358851863,50.07490120157343],[-114.92840100226128,50.073343095359434],[-114.93235853569901,50.07564116796677],[-114.93136581365029,50.07355947163058],[-114.93660659317273,50.073750527540234],[-114.93845207596206,50.03543403748849],[-114.9398316069992,50.031763410122096],[-114.95013508623452,50.02574960245187],[-114.95174306880473,50.012066001021644],[-114.94212896378299,49.99672450787546],[-114.923925730128,49.96074086006437],[-114.91438130619821,49.959751557377125],[-114.90157661041371,49.96120728145162],[-114.90072088354381,49.97776946101392],[-114.89785050915276,49.991897211714125],[-114.89674654804261,50.01693598831035],[-114.79323715038079,50.01564427749645],[-114.79910823699521,50.07250597971001],[-114.80075723601708,50.07257462104128],[-114.8048882074174,50.06844525026056],[-114.82533560155,50.06901375822833],[-114.82418232612844,50.09447766423196],[-114.89315092662918,50.09667465509898]]]},"bbox":[-115.20594986300677,48.99885049632903,-114.05375826471493,50.58974905918633]},{"id":"5901019","type":"Feature","properties":{},"geometry":{"type":"Polygon","coordinates":[[[-115.22314976332191,49.51682275397293],[-115.21258304183729,49.51582270629387],[-115.20043782220655,49.5192369520502],[-115.20178254535695,49.488633649730936],[-115.15712596868148,49.488860394764785],[-115.15694527066351,49.4816893139941],[-115.15085416412116,49.48176153976692],[-115.15138254654299,49.46719880980163],[-115.12820425985011,49.467055142168896],[-115.12849460748211,49.45242212559876],[-115.1064107473864,49.45273019668377],[-115.10638069338336,49.43513570518586],[-115.08460166749954,49.43490003583095],[-115.08462058399415,49.42047240229999],[-115.06182033457446,49.420476262797926],[-115.06189439227127,49.41805527776163],[-115.05139033183177,49.41784271817507],[-115.05179418045071,49.40506323778217],[-115.041242166801,49.40475497126747],[-115.04054719425282,49.365262023936474],[-115.05632088911905,49.36439720978237],[-115.05648308395367,49.34766188588985],[-115.01034529382554,49.34844250769906],[-115.01012848373004,49.34671436780386],[-115.00439090404205,49.35236420840617],[-115.00698689004987,49.35697586477238],[-114.9958980003396,49.35772344819188],[-114.99279050719558,49.35998084570535],[-114.98562432511225,49.36040526398602],[-114.98132601804488,49.36749076478995],[-114.97054171366159,49.3681472587386],[-114.96929391555096,49.37001446798273],[-114.96297100196881,49.370676645547256],[-114.9498011940958,49.37727215365673],[-114.93843292438642,49.3806048610117],[-114.93114452857526,49.387815652540944],[-114.93046180113274,49.3896571560923],[-114.93198510263923,49.39144736068397],[-114.93063312534849,49.39605605155656],[-114.9318110279694,49.39721965286026],[-114.93036563024064,49.399451464502796],[-114.92521739629062,49.40453154994236],[-114.91114851828338,49.41153864874855],[-114.90886650073294,49.421552738894256],[-114.90653463436703,49.425253008859336],[-114.89191366171484,49.428957364113366],[-114.86372824093363,49.418454093363245],[-114.85706336227996,49.41223331019851],[-114.8598225623017,49.40712890074181],[-114.86760526949377,49.40190385797786],[-114.87395472799547,49.393312529903824],[-114.88116607927968,49.3874583255634],[-114.88619139057322,49.38571888891545],[-114.87772217637988,49.382561107207415],[-114.8727386711239,49.37558345650467],[-114.87283497148321,49.37377141730672],[-114.88261412871256,49.36982971595945],[-114.88343525941416,49.36447358079497],[-114.8803593652254,49.357708065780216],[-114.88575625396062,49.354927714431746],[-114.88638044963506,49.34980871154417],[-114.88937755052079,49.345738794445985],[-114.88617981923856,49.34107349714363],[-114.87800282718153,49.33538813959568],[-114.87141221569559,49.33411446586385],[-114.8631979441501,49.33003907958093],[-114.8460342131937,49.32621956978535],[-114.8439382928475,49.32624817803161],[-114.84202986018595,49.32913355007453],[-114.83719718646395,49.32976905927987],[-114.82591038517657,49.32739365781114],[-114.81155687537165,49.3326455338716],[-114.79854234667076,49.33036817941876],[-114.79669496613828,49.32633140844331],[-114.77244274638002,49.32033448775195],[-114.76747048736175,49.31706483395703],[-114.7436137133547,49.31680610808844],[-114.72513148803482,49.31388022980075],[-114.73124061432084,49.30859992757897],[-114.73198690901897,49.30354339660088],[-114.71833341524366,49.29931982403739],[-114.71490261395383,49.29553713747219],[-114.69902422821752,49.288468035778436],[-114.71507413427437,49.27847997264149],[-114.71386507004739,49.27093381550619],[-114.71996379700677,49.26625619937762],[-114.72650132007051,49.26348414034845],[-114.7313275527093,49.26367638395241],[-114.73322692168591,49.26188447150776],[-114.73242099673135,49.25932683021245],[-114.74094786056277,49.2498101071588],[-114.73731031262007,49.24625359814942],[-114.74277809342354,49.23706484805136],[-114.73999209530744,49.23329913572551],[-114.74041783517481,49.228636877541376],[-114.73895296307325,49.227195768010056],[-114.74004270102537,49.222847105188926],[-114.75327776866978,49.217893130750895],[-114.74791563250318,49.21158323452221],[-114.74741309876767,49.20842153160969],[-114.75104867518418,49.203710530378466],[-114.74457040261086,49.19884227595972],[-114.73669242518389,49.19718060709634],[-114.73257117042802,49.19162553457552],[-114.72614010960811,49.18711652791033],[-114.72223772157282,49.186488324853165],[-114.71717751753614,49.17756231930941],[-114.70673773752235,49.170808900173],[-114.7088427197188,49.16796027789847],[-114.71400212973941,49.16539930045225],[-114.70796462131413,49.15735168737064],[-114.70865999969811,49.155236216665365],[-114.71078726165001,49.15254109366873],[-114.71783958614974,49.15060769050133],[-114.72042573461222,49.14595695546115],[-114.72721231904613,49.14355950236395],[-114.7228009337611,49.136893007620735],[-114.73151489022578,49.13228482985172],[-114.73290974955205,49.12757785757383],[-114.73628267604167,49.12829389991134],[-114.74350827186306,49.12502911113063],[-114.75378329520693,49.124252579666766],[-114.75389726471899,49.12044556059454],[-114.75151420280653,49.117357968565805],[-114.74552501974809,49.1144327840476],[-114.73677701682466,49.1034650104723],[-114.73165066371217,49.100639869426715],[-114.72435812781781,49.091676583837874],[-114.71440328144193,49.085113026825155],[-114.70769488837017,49.075744342565066],[-114.70077478791876,49.0700009168159],[-114.71191270401691,49.06337525751569],[-114.71672222692688,49.063277720136156],[-114.7176561768761,49.060636626008765],[-114.72885388355054,49.05383679590085],[-114.73397899092346,49.048604548093714],[-114.73667049809868,49.049334812671916],[-114.74132062729588,49.042693405411605],[-114.75365011612752,49.03846159188793],[-114.75725821415307,49.03569662471411],[-114.75687197277652,49.02928516588314],[-114.74403113338154,49.02271291259974],[-114.74112797347148,49.01954678206508],[-114.7393633459119,49.01211048296266],[-114.72624940709275,49.0001284592425],[-115.048043085167,49.00005585517594],[-115.04852377933689,49.001459419979575],[-115.05221528282581,49.00141741384728],[-115.05238371256415,49.00278335375859],[-115.07567607558926,49.00270854743412],[-115.07371796097672,49.043151081141204],[-115.07457498443105,49.09415073250526],[-115.10777213136195,49.094309157812816],[-115.12975214032205,49.096254717427854],[-115.12814977387063,49.00008072620882],[-115.51999444515154,49.00071323421841],[-115.5325195863064,49.014250653044726],[-115.53468579156967,49.021431382371354],[-115.53137791829867,49.029648734681594],[-115.535509425449,49.03746555640712],[-115.53305228011834,49.04356505919911],[-115.54625757169556,49.0507658746784],[-115.54734083689121,49.06906962684793],[-115.55484422529406,49.079998699624774],[-115.55428099416716,49.089933503533004],[-115.5505813934559,49.10054727699151],[-115.55232058961235,49.114342249771276],[-115.55680410793606,49.119761580765136],[-115.58791309445861,49.13334068302863],[-115.5955137127602,49.15382668223127],[-115.59167758620742,49.155888474941875],[-115.60849791975537,49.16928325724065],[-115.61290746528101,49.180119232022754],[-115.61870612937072,49.18808018423729],[-115.61789104205563,49.201932807784615],[-115.62052481437354,49.21124798136074],[-115.63374438257152,49.21260616617577],[-115.65112163680453,49.20991431602957],[-115.663358216012,49.20629250248526],[-115.67181875932569,49.196623209161274],[-115.6876634959718,49.191601663399545],[-115.69948214885858,49.19759603221521],[-115.70306596654768,49.207377019854874],[-115.7181864580404,49.20808415717055],[-115.72750056849532,49.20337396406945],[-115.74318915655027,49.18445484386043],[-115.78010115919406,49.17465549699464],[-115.78065701186566,49.183574169946866],[-115.78449327418163,49.19498769582257],[-115.77652162067824,49.205518680188256],[-115.76355445027856,49.211325561591465],[-115.75673966528637,49.218392648882144],[-115.75715988784849,49.22714527391053],[-115.75550117312739,49.23528370122075],[-115.76007665247982,49.24718717438337],[-115.7645761904309,49.2525323886536],[-115.76619383340281,49.259320776306794],[-115.7657435027307,49.26314522320849],[-115.76218107169471,49.26838903770269],[-115.74920887123436,49.27283118757203],[-115.73399071690768,49.26817610330629],[-115.72750959428797,49.26908107874409],[-115.72632332792516,49.27061272470821],[-115.72800314961125,49.277688703658974],[-115.71843897742873,49.28398401433467],[-115.71170895583468,49.285257802014165],[-115.69865784348866,49.282643076234876],[-115.66064286117587,49.29582675548033],[-115.655192743494,49.29613702381438],[-115.65302924493935,49.299012864446006],[-115.64967378591278,49.298195333732636],[-115.65047071942823,49.30007810316219],[-115.64768868857996,49.30004787389977],[-115.64503630143888,49.30504278334093],[-115.6337946545954,49.310292814614236],[-115.6281340919215,49.31067151138871],[-115.6284109059404,49.31500554163455],[-115.61933380588734,49.322987431680524],[-115.61309360751709,49.32501556724049],[-115.59623539219334,49.32243370719852],[-115.59482027420229,49.32575343687274],[-115.59655661504387,49.33043000865547],[-115.58240815621912,49.327918754483164],[-115.57851931305225,49.33148727740633],[-115.58208268068596,49.34142775769947],[-115.6047398214946,49.350229793244914],[-115.63125129266935,49.36914873471143],[-115.63101783097946,49.37919448646681],[-115.62364381893154,49.39354242889131],[-115.61007115854659,49.39400701102407],[-115.60981575410423,49.38671908390278],[-115.60538416103505,49.38657721821948],[-115.60450359137687,49.37977664738536],[-115.60005051414453,49.37976082693063],[-115.59989447744296,49.383068873468225],[-115.6008706408783,49.386631458569575],[-115.60465447580712,49.388257625451004],[-115.60532233129373,49.393319013395406],[-115.50490396765912,49.3934532366246],[-115.37585273204253,49.39033086387977],[-115.37712231665337,49.40073138401644],[-115.3738651151193,49.401342096607316],[-115.37544440150282,49.427182227733645],[-115.31906861467108,49.42513062441373],[-115.2073399601146,49.42703837039912],[-115.21622359555857,49.438769926402045],[-115.23905247297543,49.4526854793997],[-115.23691661283816,49.458383978218706],[-115.24311068251738,49.46481776409292],[-115.25067978407927,49.46687947458799],[-115.24971854495404,49.48492991462795],[-115.2580677342572,49.48767314087622],[-115.25618281397084,49.49249438989515],[-115.24354497583792,49.499904101650614],[-115.24219190692257,49.50779645386201],[-115.23461975842358,49.51336430523297],[-115.22314976332191,49.51682275397293]]]},"bbox":[-115.78449327418163,49.00005585517594,-114.69902422821752,49.5192369520502]},{"id":"5901022","type":"Feature","properties":{},"geometry":{"type":"MultiPolygon","coordinates":[[[[-115.77813337757276,49.622398054365824],[-115.77750055250748,49.595779834877064],[-115.78600136157914,49.59575693822534],[-115.78586875023163,49.60363814972836],[-115.79047420769258,49.60364994960935],[-115.79027314000416,49.61969001413288],[-115.78660297062618,49.61975900576059],[-115.78684842741147,49.62657931080688],[-115.77834198078742,49.624306617950246],[-115.77813337757276,49.622398054365824]]],[[[-115.81407532580117,49.58569096115144],[-115.81029932066504,49.58106374762991],[-115.79885982284127,49.58158495567023],[-115.79022009247707,49.58839685688803],[-115.78663361651668,49.58760085741632],[-115.78518250366547,49.58586755643066],[-115.7854839091437,49.58227429403153],[-115.78095636850252,49.58042603672659],[-115.78144112241894,49.578243006038605],[-115.77483751287284,49.57747602848146],[-115.77481405802288,49.56678351503787],[-115.77039728711604,49.566738973350844],[-115.76892264696453,49.57069148168014],[-115.76904596507946,49.566067385502976],[-115.76712530983542,49.56494663917812],[-115.76382984175996,49.566327420290264],[-115.76388720871724,49.563217320496534],[-115.76005276871798,49.56306119968426],[-115.76046608366453,49.55896471253178],[-115.7546519526036,49.559021010883605],[-115.75557490534504,49.554164021483416],[-115.75355457225355,49.5515944596554],[-115.75963695990004,49.55156316484743],[-115.75369398602744,49.5489628115782],[-115.74336450791016,49.54787071341238],[-115.73953357792229,49.54203102720625],[-115.73932996627353,49.539375025872104],[-115.74134908958627,49.53724958339907],[-115.7286949368531,49.5375727595244],[-115.72819291132892,49.52396939493926],[-115.739428656722,49.5240729803294],[-115.73507391473863,49.521315449039115],[-115.7417367572247,49.516720252534085],[-115.73904222250776,49.51054931024644],[-115.7348966417514,49.51021607636074],[-115.7373317236094,49.507356585348674],[-115.73304491633111,49.50644432694822],[-115.7325267585103,49.50189206818255],[-115.73384989329365,49.50010819073292],[-115.73917310375353,49.5000221929127],[-115.7391760215392,49.497959072574034],[-115.74204752551474,49.49800952301024],[-115.74377411126522,49.50194839047666],[-115.74972411140654,49.50198985904594],[-115.74973334990545,49.50006780551566],[-115.75140260750236,49.50005815746618],[-115.75129952603137,49.49626614928607],[-115.74840588428889,49.49625100827996],[-115.74838829182227,49.49423409116787],[-115.75130027226258,49.49421056909445],[-115.75130090525612,49.49246220150479],[-115.7598035070454,49.4924847962677],[-115.75982632096422,49.490446540685106],[-115.75725304233573,49.490255178370944],[-115.75806425727204,49.48288982445857],[-115.76260621864328,49.48259245865259],[-115.76268221679445,49.49017091699067],[-115.77079198339769,49.49045415397211],[-115.77080551680358,49.48787212429574],[-115.77247510214855,49.48784328433759],[-115.77259613617535,49.49093765171676],[-115.78419155367287,49.49120219532065],[-115.7838288844274,49.49790109009536],[-115.7967111368082,49.49735772198083],[-115.79607391022037,49.51340750361578],[-115.78334481569466,49.51339281775539],[-115.78327000548916,49.516681232041506],[-115.78040965372026,49.51833206756001],[-115.77685446131093,49.51455672418178],[-115.77055000858155,49.517242655934496],[-115.77774848678372,49.52302935954171],[-115.7834198243996,49.52429810361207],[-115.78321595729082,49.53830785304434],[-115.77522914650272,49.53860102582529],[-115.77500059608676,49.54631990252802],[-115.77118981403467,49.54622969403506],[-115.77106747659985,49.55212338651878],[-115.77718329472111,49.550180235380004],[-115.78973112467352,49.551203491910776],[-115.78919857548726,49.565471787525674],[-115.77114008302746,49.55889759981967],[-115.77628302780788,49.56431640966934],[-115.78624627868783,49.570213597380494],[-115.80508310174207,49.57161821052822],[-115.81912349368149,49.580450805144366],[-115.82467094971517,49.58161927692738],[-115.82349509529911,49.58368629079692],[-115.81768312237922,49.58635755205922],[-115.81407532580117,49.58569096115144]]]]},"bbox":[-115.82467094971517,49.48259245865259,-115.72819291132892,49.62657931080688]},{"id":"5901028","type":"Feature","properties":{},"geometry":{"type":"Polygon","coordinates":[[[-115.99459357174035,49.728794424262674],[-115.98129646297566,49.720806669157014],[-115.98808776540707,49.71511167287901],[-115.99158510617316,49.716066271841854],[-115.99015193097209,49.715186478892505],[-115.99218787563628,49.713186075189775],[-115.99077552003833,49.71249357004595],[-115.99332337936276,49.70883875940811],[-115.98209831355736,49.70417648233222],[-115.98513735089682,49.70078010525993],[-115.9793907092159,49.69864880623457],[-115.97889008961182,49.69533313141864],[-115.9677892395765,49.69611870554483],[-115.967537515366,49.688407426387364],[-115.97468440200909,49.68847171606965],[-115.97659416375458,49.68579587077667],[-115.97346236909709,49.685708117674224],[-115.97251897423583,49.68381314015696],[-115.96829858861734,49.68569212507973],[-115.96309288982053,49.68429748403808],[-115.95985029353307,49.6876665772474],[-115.95438922974112,49.68550735218313],[-115.95152828087339,49.6876569361025],[-115.94572235155904,49.68778586764054],[-115.94530359392364,49.68021656743973],[-115.93912409108212,49.680151285474416],[-115.93841589975979,49.673702829215934],[-115.92836617531626,49.67358619515272],[-115.92849344840985,49.66642301381597],[-115.9151364813221,49.66652927843011],[-115.915048250226,49.65276396701876],[-115.9116574353007,49.6527134059963],[-115.91196396826808,49.64116175947581],[-115.92936152331018,49.641301212463596],[-115.92954589587598,49.637543705164255],[-115.94044146347888,49.63766258486606],[-115.94123287406808,49.63432604327323],[-115.93685182362788,49.63355824263051],[-115.93370042114813,49.63042477068226],[-115.92947870178803,49.630414826659525],[-115.92939740787412,49.62305981826649],[-115.94850001034679,49.622740292803535],[-115.95743739112622,49.62950961571101],[-115.96153454939407,49.6303458817299],[-115.97030856310047,49.62754876177921],[-115.97226164193377,49.62811158626708],[-115.9738852957335,49.63190650186112],[-115.97955578497424,49.63018040623618],[-115.99088750875995,49.633054503615625],[-115.98985628589558,49.62971180742695],[-115.99509021402592,49.629019707305154],[-116.01084529897831,49.63218517885075],[-116.01100271184569,49.639369938602364],[-116.02782233397969,49.63921638455759],[-116.0273773488788,49.66696212769531],[-116.02857042807486,49.66706597532501],[-116.0276309063752,49.671295872198186],[-116.02206942083887,49.67089321051076],[-116.02188318846135,49.66900986346309],[-116.02119596046701,49.672599819416526],[-116.02830081835602,49.67185682569817],[-116.02869807560153,49.67571456686746],[-116.03208823427696,49.67535461630817],[-116.03448306552802,49.68106403334161],[-116.05766815275761,49.68478898315645],[-116.05146124937349,49.700786302605756],[-116.0300694766479,49.69697851120471],[-116.02855779768312,49.70119279901937],[-116.02536221008722,49.70078226781874],[-116.02541969703157,49.69834517003993],[-116.02099283612914,49.697201242306974],[-116.01724406827806,49.70034547305448],[-116.01278312617593,49.69719756553134],[-116.01456341163585,49.696615884195836],[-116.008064409719,49.69553423950062],[-116.00792425617642,49.69760126824962],[-116.0045175177705,49.697245512020665],[-116.00523401895195,49.70416112791215],[-116.00699931012312,49.703992660044506],[-116.00760370448813,49.7065486652255],[-116.00979850434737,49.70588085281228],[-116.01509314452534,49.71321531898967],[-116.01356973095689,49.71370339393683],[-116.01769519278619,49.71384673989074],[-116.01656671589889,49.72036842324602],[-116.01140126931999,49.7258566497963],[-116.00826765624797,49.724776303621226],[-116.00458407772267,49.72794101095103],[-116.00274115145294,49.73200795931928],[-116.00084620342497,49.72980587064796],[-115.99459357174035,49.728794424262674]]]},"bbox":[-116.05766815275761,49.622740292803535,-115.9116574353007,49.73200795931928]},{"id":"5901035","type":"Feature","properties":{},"geometry":{"type":"Polygon","coordinates":[[[-115.10425025733674,50.10567538752164],[-115.07670921992884,50.11425307971765],[-115.06071843069124,50.11420757447046],[-115.05205239760205,50.11789987607189],[-115.04824220564458,50.12594839222661],[-115.04991141503622,50.12922375067216],[-115.02764511943465,50.12009326078298],[-115.01087922899076,50.118334078645844],[-115.00928187214876,50.112989892622856],[-115.01634947810287,50.10757766019314],[-115.02470819673965,50.0974884808087],[-115.02218820020637,50.07871992144841],[-115.03192792218418,50.059514618549166],[-115.02977434632368,50.04852017537801],[-115.03418099440455,50.04210787963483],[-115.03858425829446,50.03767738863785],[-115.05129133392168,50.03301224373693],[-115.06603216044216,50.03178436345911],[-115.07112590458681,50.02930681914647],[-115.07696456005628,50.02178293139542],[-115.07646174214004,50.01309063835463],[-115.05554432067981,49.9793036962687],[-115.05661482277742,49.971010393245635],[-115.08172010970843,49.97015442866589],[-115.09009408245261,49.96520911060637],[-115.09681460159553,49.95482541458818],[-115.10179050139617,49.942120861209794],[-115.1025399159438,49.9303489900763],[-115.10481969364533,49.92439232351279],[-115.11337475568007,49.91280507723129],[-115.11352890949459,49.90714592672413],[-115.10864727855179,49.90284677815713],[-115.08739883387514,49.90119264967734],[-115.07823324406831,49.8971446687848],[-115.07229234410094,49.89046974311805],[-115.06815839818276,49.874807426523176],[-115.06837873239517,49.865694198228056],[-115.07413365373539,49.862315061627775],[-115.08669998119859,49.8618167816559],[-115.09401333968137,49.85988012408839],[-115.10024757615082,49.85523358473736],[-115.10249440854693,49.8510057862645],[-115.09138614598952,49.79888337884978],[-115.08940416569688,49.780481770021325],[-115.0855740672279,49.77606051592153],[-115.06954516756416,49.76871894556571],[-115.03508850837605,49.76132120501611],[-115.01894935144962,49.75965157925905],[-114.98710378901039,49.76319156323262],[-114.98736743767543,49.719977906009625],[-114.97469953454865,49.70338257271967],[-114.97466291512866,49.69589184771628],[-114.98362702297402,49.687868348178185],[-115.00681037262167,49.67882134436602],[-115.0165333556318,49.666452200696774],[-115.01817338399864,49.65646387169887],[-115.01663729935468,49.640231190483405],[-115.00599670813668,49.621994047268714],[-115.0046529965709,49.61379206520967],[-115.00819547209399,49.60494290134396],[-115.01351051090683,49.60117668950005],[-115.0208152632163,49.60080289568226],[-115.02823390549987,49.60392979471586],[-115.03582779344214,49.611885802740915],[-115.04424055789022,49.614306885781254],[-115.0552851820308,49.61269149115535],[-115.06596786815037,49.60295925487272],[-115.07094253738573,49.580908425625836],[-115.07906333414661,49.57673381579917],[-115.12729629520831,49.576003082907405],[-115.13371423971249,49.5729029942275],[-115.1371428053342,49.56893628915692],[-115.13526973006535,49.56355938422566],[-115.13103369359872,49.55956418588919],[-115.1278584259571,49.546575178455605],[-115.13718585041633,49.528690077336016],[-115.1471124912173,49.522722376902344],[-115.16130494208907,49.521624969486496],[-115.17079230857223,49.5241195613946],[-115.18049705641695,49.52896201677507],[-115.20052866965634,49.51919610975807],[-115.21258304183729,49.51582270629387],[-115.22314976332191,49.51682275397293],[-115.23461975842358,49.51336430523297],[-115.24219190692257,49.50779645386201],[-115.24354497583792,49.499904101650614],[-115.25618281397084,49.49249438989515],[-115.2580677342572,49.48767314087622],[-115.24971854495404,49.48492991462795],[-115.25067978407927,49.46687947458799],[-115.24311068251738,49.46481776409292],[-115.23691661283816,49.458383978218706],[-115.23905247297543,49.4526854793997],[-115.21622359555857,49.438769926402045],[-115.2073399601146,49.42703837039912],[-115.31906861467108,49.42513062441373],[-115.37544440150282,49.427182227733645],[-115.3738651151193,49.401342096607316],[-115.37712231665337,49.40073138401644],[-115.37585273204253,49.39033086387977],[-115.50490396765912,49.3934532366246],[-115.60532233129373,49.393319013395406],[-115.60465447580712,49.388257625451004],[-115.6008706408783,49.386631458569575],[-115.59989447744296,49.383068873468225],[-115.60005051414453,49.37976082693063],[-115.60450359137687,49.37977664738536],[-115.60538416103505,49.38657721821948],[-115.60981575410423,49.38671908390278],[-115.61007115854659,49.39400701102407],[-115.62364381893154,49.39354242889131],[-115.63101783097946,49.37919448646681],[-115.63125129266935,49.36914873471143],[-115.6047398214946,49.350229793244914],[-115.58208268068596,49.34142775769947],[-115.57852001129142,49.33193705315778],[-115.58025372613923,49.329115731196566],[-115.58429206347398,49.32798675111545],[-115.58775029235358,49.32981012677027],[-115.59655661504387,49.33043000865547],[-115.59482027420229,49.32575343687274],[-115.59623539219334,49.32243370719852],[-115.61309360751709,49.32501556724049],[-115.61933380588734,49.322987431680524],[-115.6284109059404,49.31500554163455],[-115.6281340919215,49.31067151138871],[-115.6337946545954,49.310292814614236],[-115.64503630143888,49.30504278334093],[-115.64768868857996,49.30004787389977],[-115.65047071942823,49.30007810316219],[-115.64967378591278,49.298195333732636],[-115.65302924493935,49.299012864446006],[-115.655192743494,49.29613702381438],[-115.66064286117587,49.29582675548033],[-115.69865784348866,49.282643076234876],[-115.71170895583468,49.285257802014165],[-115.71843897742873,49.28398401433467],[-115.72800314961125,49.277688703658974],[-115.72632332792516,49.27061272470821],[-115.72750959428797,49.26908107874409],[-115.73399071690768,49.26817610330629],[-115.74920887123436,49.27283118757203],[-115.76218107169471,49.26838903770269],[-115.7657435027307,49.26314522320849],[-115.76619383340281,49.259320776306794],[-115.7645761904309,49.2525323886536],[-115.76007665247982,49.24718717438337],[-115.75550117312739,49.23528370122075],[-115.75715988784849,49.22714527391053],[-115.75673966528637,49.218392648882144],[-115.76355445027856,49.211325561591465],[-115.77652162067824,49.205518680188256],[-115.78449327418163,49.19498769582257],[-115.78065701186566,49.183574169946866],[-115.78010115919406,49.17465549699464],[-115.74318915655027,49.18445484386043],[-115.72750056849532,49.20337396406945],[-115.7181864580404,49.20808415717055],[-115.70306596654768,49.207377019854874],[-115.69948214885858,49.19759603221521],[-115.6876634959718,49.191601663399545],[-115.67181875932569,49.196623209161274],[-115.663358216012,49.20629250248526],[-115.65112163680453,49.20991431602957],[-115.63374438257152,49.21260616617577],[-115.62052481437354,49.21124798136074],[-115.61789104205563,49.201932807784615],[-115.61870612937072,49.18808018423729],[-115.61290746528101,49.180119232022754],[-115.60849791975537,49.16928325724065],[-115.59167758620742,49.155888474941875],[-115.5955137127602,49.15382668223127],[-115.58791309445861,49.13334068302863],[-115.55680410793606,49.119761580765136],[-115.55232058961235,49.114342249771276],[-115.5505813934559,49.10054727699151],[-115.55428099416716,49.089933503533004],[-115.55484422529406,49.079998699624774],[-115.54734083689121,49.06906962684793],[-115.54625757169556,49.0507658746784],[-115.53305228011834,49.04356505919911],[-115.535509425449,49.03746555640712],[-115.53137791829867,49.029648734681594],[-115.53468579156967,49.021431382371354],[-115.5325195863064,49.014250653044726],[-115.51999444515154,49.00071323421841],[-116.02706314480167,49.00091821883637],[-116.02481205206321,49.044953031639196],[-116.03560536407352,49.05484367818646],[-116.0324602149667,49.058759095959324],[-116.02810855180324,49.13832783773028],[-116.0284715750203,49.197549570897124],[-116.10076538905089,49.198450235907245],[-116.08593006082253,49.20854462242657],[-116.07007242433073,49.2320150624856],[-116.07117776273905,49.24091080737873],[-116.07822215162216,49.24630850401908],[-116.07784570148651,49.25285863945622],[-116.07262303337359,49.25864367402608],[-116.07930674669863,49.26275198327159],[-116.095124749302,49.27946463936615],[-116.10216958263351,49.28182210550712],[-116.10771362093762,49.28771793120843],[-116.11549685590286,49.288282341479274],[-116.12623788461468,49.28279168761536],[-116.1308445121434,49.27844900672736],[-116.14471088287259,49.284128839982586],[-116.15847066732252,49.283352792518414],[-116.16405728141521,49.28567058380776],[-116.17109197046673,49.29354612294175],[-116.17611828059052,49.30712229074893],[-116.1889562198938,49.32193454076357],[-116.18572559786035,49.329130596484376],[-116.18521755547329,49.3370165919621],[-116.17141424030504,49.350095707174376],[-116.16533406828114,49.352282153977086],[-116.16467671799019,49.35862016706729],[-116.16682348593564,49.36840186615605],[-116.17904939273241,49.37603696332116],[-116.18196445606864,49.379645157505585],[-116.1829170100728,49.39082961578019],[-116.209661735522,49.404605453684574],[-116.21050892279801,49.41345508512297],[-116.19897513793106,49.41533648608606],[-116.19916678652045,49.42121776926402],[-116.18227080249486,49.42664721619621],[-116.1750664945748,49.43585858601428],[-116.16467836145144,49.452699108427524],[-116.16343739109686,49.47400551154666],[-116.16671513490502,49.477210668638726],[-116.16372383136256,49.47939018123794],[-116.14756172102877,49.483808183440516],[-116.1408172774421,49.48894018438747],[-116.13372703773517,49.490795822258356],[-116.12801245694304,49.500172034874964],[-116.12805502462722,49.504112075307106],[-116.12128347235543,49.508848444109546],[-116.11728598898641,49.51526721381553],[-116.10984626790734,49.520046413205336],[-116.09492381437683,49.5376166375188],[-116.09043084108397,49.55360413768949],[-116.07875090961322,49.57227468795554],[-116.07160448256802,49.57527010291307],[-116.07172590171777,49.579552204047815],[-116.07551195328546,49.581876114422116],[-116.07392451960702,49.58762710065333],[-116.07150543761888,49.590064622578204],[-115.95081587615111,49.59139312141874],[-115.95103028252963,49.59381350262385],[-115.90600275121761,49.5939696667044],[-115.90568621704008,49.600971174326425],[-115.89493471646672,49.598199808626774],[-115.88741679379663,49.60152820198696],[-115.88114760977577,49.60071918472647],[-115.87807350394839,49.6486499608455],[-115.87047446242038,49.64852590890655],[-115.87045017252338,49.65113060594121],[-115.86265097903207,49.651113463262064],[-115.86191744775682,49.67657495736084],[-115.8135497455488,49.676486606844705],[-115.8131021468661,49.66125778034175],[-115.79015091748276,49.66129535096602],[-115.79038624466071,49.58786703208792],[-115.79835851155234,49.58166905212631],[-115.81029932066504,49.58106374762991],[-115.81396661119888,49.58559985814177],[-115.81657390913662,49.58647146090066],[-115.82349509529911,49.58368629079692],[-115.82467094971517,49.58161927692738],[-115.81912349368149,49.580450805144366],[-115.80508310174207,49.57161821052822],[-115.78624627868783,49.570213597380494],[-115.77628302780788,49.56431640966934],[-115.77114008302746,49.55889759981967],[-115.78919857548726,49.565471787525674],[-115.78973112467352,49.551203491910776],[-115.77718329472111,49.550180235380004],[-115.77106747659985,49.55212338651878],[-115.77118981403467,49.54622969403506],[-115.77500059608676,49.54631990252802],[-115.77522914650272,49.53860102582529],[-115.78321595729082,49.53830785304434],[-115.7834198243996,49.52429810361207],[-115.77774848678372,49.52302935954171],[-115.77055000858155,49.517242655934496],[-115.77685446131093,49.51455672418178],[-115.78040965372026,49.51833206756001],[-115.78327000548916,49.516681232041506],[-115.78334481569466,49.51339281775539],[-115.79607391022037,49.51340750361578],[-115.7967111368082,49.49735772198083],[-115.7838288844274,49.49790109009536],[-115.78419155367287,49.49120219532065],[-115.77259613617535,49.49093765171676],[-115.77247510214855,49.48784328433759],[-115.77080551680358,49.48787212429574],[-115.77079198339769,49.49045415397211],[-115.76268221679445,49.49017091699067],[-115.76260621864328,49.48259245865259],[-115.75806425727204,49.48288982445857],[-115.75725304233573,49.490255178370944],[-115.75982632096422,49.490446540685106],[-115.7598035070454,49.4924847962677],[-115.75130090525612,49.49246220150479],[-115.75130027226258,49.49421056909445],[-115.74838829182227,49.49423409116787],[-115.74840588428889,49.49625100827996],[-115.75129952603137,49.49626614928607],[-115.75140260750236,49.50005815746618],[-115.74973334990545,49.50006780551566],[-115.74972411140654,49.50198985904594],[-115.74377411126522,49.50194839047666],[-115.74204752551474,49.49800952301024],[-115.7391760215392,49.497959072574034],[-115.73917310375353,49.5000221929127],[-115.73402801214928,49.49999790146108],[-115.7325267585103,49.50189206818255],[-115.73304491633111,49.50644432694822],[-115.7373317236094,49.507356585348674],[-115.7348966417514,49.51021607636074],[-115.73904222250776,49.51054931024644],[-115.7417367572247,49.516720252534085],[-115.73507391473863,49.521315449039115],[-115.739428656722,49.5240729803294],[-115.72819291132892,49.52396939493926],[-115.7286949368531,49.5375727595244],[-115.74134908958627,49.53724958339907],[-115.73932996627353,49.539375025872104],[-115.73953357792229,49.54203102720625],[-115.74336450791016,49.54787071341238],[-115.75369398602744,49.5489628115782],[-115.75963695990004,49.55156316484743],[-115.75355457225355,49.5515944596554],[-115.75557490534504,49.554164021483416],[-115.7546519526036,49.559021010883605],[-115.76046608366453,49.55896471253178],[-115.76005276871798,49.56306119968426],[-115.76388720871724,49.563217320496534],[-115.76382984175996,49.566327420290264],[-115.76712530983542,49.56494663917812],[-115.76904596507946,49.566067385502976],[-115.76892264696453,49.57069148168014],[-115.77039728711604,49.566738973350844],[-115.77481405802288,49.56678351503787],[-115.77483751287284,49.57747602848146],[-115.77001038919592,49.5770339449019],[-115.76981837204812,49.580420259475986],[-115.75076741649387,49.58156877041685],[-115.75016707162195,49.58366007758878],[-115.75248435787675,49.58303536194983],[-115.75271826029608,49.58511617865573],[-115.75404713092811,49.58491055357189],[-115.75456971245947,49.589976451696195],[-115.74644690447806,49.5889624699295],[-115.7322110232274,49.593160961964976],[-115.72381552355037,49.5977640643033],[-115.71841523062398,49.596859663233346],[-115.71874650196382,49.60057826712302],[-115.71020831073405,49.60106674843539],[-115.7111435155658,49.60494636272909],[-115.70776042203016,49.60461165860989],[-115.70583341786966,49.61015460875982],[-115.70004300500199,49.61196899630078],[-115.69945680272299,49.613944469921286],[-115.69295961192346,49.61153326645896],[-115.68488150442205,49.614696399503465],[-115.68124621117298,49.617876685855705],[-115.67518252531396,49.616657507433786],[-115.67124096539625,49.618184482176794],[-115.6670723544126,49.61788204260531],[-115.6662691237629,49.61415234907065],[-115.66391383089689,49.61269406283269],[-115.65790970722166,49.615098057817626],[-115.65304452908515,49.61478186148278],[-115.64946220315407,49.617204463233755],[-115.64180719605636,49.614182355179835],[-115.64116389921573,49.61691825185309],[-115.63594600857003,49.61745300957098],[-115.63329651580118,49.619624195198064],[-115.63368149584663,49.62254239278714],[-115.63781099238594,49.625137312640526],[-115.6498320080952,49.62686066851559],[-115.65852111198502,49.63010926113815],[-115.65964489376115,49.632605853069975],[-115.65856412289435,49.63861035098552],[-115.66720922427503,49.65026035841776],[-115.68815151662452,49.6524237522078],[-115.69146282352712,49.654044559220466],[-115.69220992369604,49.65611245732934],[-115.69048560275182,49.65842255349349],[-115.6847541080751,49.65980684714459],[-115.68320616615361,49.661727678594204],[-115.66923466465663,49.66160789509453],[-115.66789912493867,49.68315861901563],[-115.58525677621789,49.683894468908456],[-115.5892074592264,49.697320797948464],[-115.59893031968105,49.71134991341603],[-115.60270235276535,49.71959646204703],[-115.59818031422932,49.72303852751427],[-115.58842173621241,49.74202272255332],[-115.60125009194509,49.754210629301795],[-115.59443535488195,49.763592940445186],[-115.57950626711974,49.764668424224354],[-115.57053173916755,49.78615803618823],[-115.55492450302994,49.7980562149026],[-115.55348795355371,49.81472160473398],[-115.52097243310233,49.81390019464574],[-115.47136730001226,49.84023318236304],[-115.45845121210876,49.82719453200319],[-115.44279174409155,49.81872765552397],[-115.41616087020562,49.83041828838152],[-115.36258183700122,49.84064303154439],[-115.34234969795266,49.84992922777928],[-115.3441156828005,49.858300396122],[-115.35632295005749,49.864125981022084],[-115.35736313830986,49.88495469668321],[-115.34809998217024,49.896629849340236],[-115.34319061649586,49.90984343766037],[-115.34465023706439,49.926963257853316],[-115.35196053134709,49.94884044048616],[-115.3553027033664,49.95322977010884],[-115.3267732027648,49.95329108847654],[-115.3221278850687,49.95974732105675],[-115.31184704802689,49.967907625742754],[-115.29596091491122,49.973602914844754],[-115.263164479082,49.97154262875395],[-115.25036984929552,49.9769994815801],[-115.24926922133845,49.98819374526863],[-115.23824534546398,49.99572630301653],[-115.26875634557835,50.00449927587996],[-115.2504466861141,50.01521010388301],[-115.2713037405793,50.03657129794056],[-115.24501956678623,50.04152576340504],[-115.22309213485856,50.05243457793515],[-115.21568647004096,50.058953151475386],[-115.22727659942018,50.0642026087646],[-115.22398574212457,50.0810291465124],[-115.20640674939277,50.10521387347832],[-115.1833565981228,50.10631001533066],[-115.14267503937377,50.11196163896717],[-115.1371408862207,50.10977144170612],[-115.12801071203056,50.111146951078275],[-115.11943555202801,50.10527806040503],[-115.10425025733674,50.10567538752164]],[[-115.56480977387866,49.48812290480353],[-115.5596363591997,49.48788099056127],[-115.55996032089297,49.49496912493048],[-115.57088088870105,49.49504046364073],[-115.57089750106029,49.48846829417585],[-115.56480977387866,49.48812290480353]],[[-115.61129551904845,49.55429732034484],[-115.61153081326707,49.543179109127564],[-115.6061215504109,49.542995187131204],[-115.6059149600937,49.53943991837305],[-115.60053583972481,49.53937604960747],[-115.60033505301635,49.53588873975122],[-115.58958891834375,49.5357505916026],[-115.58915152854405,49.553712106160965],[-115.61129551904845,49.55429732034484]]]},"bbox":[-116.21050892279801,49.00071323421841,-114.97466291512866,50.12922375067216]},{"id":"5901037","type":"Feature","properties":{},"geometry":{"type":"Polygon","coordinates":[[[-115.60562427658883,50.17677391821099],[-115.59675861880581,50.172936920781304],[-115.58008808664592,50.180006345950865],[-115.5599397782854,50.179530303508955],[-115.54409494665947,50.17142873631731],[-115.53047366104425,50.149494683783566],[-115.53656745895239,50.13485610916509],[-115.54326953416842,50.12829380359729],[-115.53939557400754,50.1275189291438],[-115.53542570016648,50.123810980989624],[-115.54613027526861,50.123449182018895],[-115.54850107425948,50.120408418503985],[-115.55141306573965,50.12003905884134],[-115.55160857353526,50.11576668649081],[-115.53734401779641,50.105743784552295],[-115.52036913176607,50.09868697648],[-115.50842421962638,50.09674227975286],[-115.47563642746834,50.10333059330808],[-115.46921175913009,50.11020753274359],[-115.46183251984017,50.10998468744302],[-115.45012108306277,50.09764659388891],[-115.43945784968794,50.09308017226513],[-115.43684391086516,50.080936482429856],[-115.4088428771852,50.06945369134552],[-115.42024391858466,50.06212478503284],[-115.41422815001546,50.054907451626654],[-115.40641662062738,50.04085378423782],[-115.3866088302815,50.02641258338068],[-115.3860797354599,50.01794123535927],[-115.37145167169626,50.01138336436267],[-115.36148914628285,50.00973808849633],[-115.36465306182345,49.99891218709481],[-115.36037688853557,49.99160776457707],[-115.3553027033664,49.95322977010884],[-115.35196053134709,49.94884044048616],[-115.34465023706439,49.926963257853316],[-115.34319061649586,49.90984343766037],[-115.34809998217024,49.896629849340236],[-115.35736313830986,49.88495469668321],[-115.35632295005749,49.864125981022084],[-115.3441156828005,49.858300396122],[-115.34234969795266,49.84992922777928],[-115.36258183700122,49.84064303154439],[-115.41616087020562,49.83041828838152],[-115.44279174409155,49.81872765552397],[-115.45845121210876,49.82719453200319],[-115.47136730001226,49.84023318236304],[-115.52097243310233,49.81390019464574],[-115.55348795355371,49.81472160473398],[-115.55492450302994,49.7980562149026],[-115.57053173916755,49.78615803618823],[-115.57950626711974,49.764668424224354],[-115.59443535488195,49.763592940445186],[-115.60125009194509,49.754210629301795],[-115.58842173621241,49.74202272255332],[-115.59818031422932,49.72303852751427],[-115.60270235276535,49.71959646204703],[-115.59893031968105,49.71134991341603],[-115.5892074592264,49.697320797948464],[-115.58525677621789,49.683894468908456],[-115.66789912493867,49.68315861901563],[-115.66923466465663,49.66160789509453],[-115.68320616615361,49.661727678594204],[-115.68403231702457,49.666499243295235],[-115.68677569401927,49.67061373376886],[-115.70025483078986,49.67608001627705],[-115.86191744775682,49.67657495736084],[-115.86265097903207,49.651113463262064],[-115.87045017252338,49.65113060594121],[-115.87047446242038,49.64852590890655],[-115.87807350394839,49.6486499608455],[-115.88114760977577,49.60071918472647],[-115.88741679379663,49.60152820198696],[-115.89493471646672,49.598199808626774],[-115.90568621704008,49.600971174326425],[-115.90600275121761,49.5939696667044],[-115.95103028252963,49.59381350262385],[-115.95081587615111,49.59139312141874],[-116.07150543761888,49.590064622578204],[-116.07392451960702,49.58762710065333],[-116.07551195328546,49.581876114422116],[-116.07172590171777,49.579552204047815],[-116.07160448256802,49.57527010291307],[-116.07875090961322,49.57227468795554],[-116.09043084108397,49.55360413768949],[-116.09492381437683,49.5376166375188],[-116.10984626790734,49.520046413205336],[-116.11728598898641,49.51526721381553],[-116.12128347235543,49.508848444109546],[-116.12805502462722,49.504112075307106],[-116.12801245694304,49.500172034874964],[-116.13372703773517,49.490795822258356],[-116.1408172774421,49.48894018438747],[-116.14756172102877,49.483808183440516],[-116.16372383136256,49.47939018123794],[-116.16671513490502,49.477210668638726],[-116.16343739109686,49.47400551154666],[-116.16467836145144,49.452699108427524],[-116.18227080249486,49.42664721619621],[-116.19916678652045,49.42121776926402],[-116.19897513793106,49.41533648608606],[-116.21050892279801,49.41345508512297],[-116.21589722857917,49.4165624811324],[-116.23571527473588,49.4169611335477],[-116.24166085897555,49.42015546496125],[-116.23804383593372,49.42330410563556],[-116.23739934511073,49.42814322545057],[-116.25988097876471,49.447966754484256],[-116.24891952356629,49.4519519833305],[-116.24527205365887,49.457975408868016],[-116.25779271601075,49.46799207739712],[-116.26659989689063,49.47077573588794],[-116.28485128430529,49.47239783017987],[-116.28258809453774,49.47765116015842],[-116.28175816110527,49.48918390957309],[-116.28910205006372,49.508553700541206],[-116.29675212779728,49.511643108066316],[-116.30344998950297,49.520976965807606],[-116.31244729088165,49.524599073042026],[-116.34950642510962,49.52375975811774],[-116.36239332400368,49.51309041639308],[-116.40195357782537,49.52181520231534],[-116.42351199020575,49.53366080085716],[-116.44023189304765,49.53245101877613],[-116.4507429425216,49.52690043485721],[-116.45624010315437,49.51822089906656],[-116.4594958672111,49.50519816900696],[-116.46391818660145,49.497033151519936],[-116.49175346145206,49.48965097320831],[-116.50948671588628,49.478892424401174],[-116.53497883251053,49.46713954218364],[-116.56381202995149,49.46066687259703],[-116.57957793424599,49.45519883905821],[-116.59515049212733,49.47701760629287],[-116.61779018375516,49.47210620084931],[-116.6323399354655,49.45867950072303],[-116.66735240094559,49.47221586708572],[-116.6445335867308,49.502912099017074],[-116.62516823590764,49.53884149863634],[-116.64464539291417,49.55872301134874],[-116.68921230899655,49.57274286317154],[-116.66401313916778,49.60733228771279],[-116.64536140759411,49.619761898107186],[-116.64829416911164,49.63075294160518],[-116.67070296039887,49.62962824206141],[-116.67757062594181,49.6333472997967],[-116.67539107339157,49.648294863743],[-116.65732762053574,49.667814646816794],[-116.62879972336475,49.68387300908785],[-116.59457383471072,49.69474753621429],[-116.59057617528391,49.69937240751936],[-116.60763270825225,49.71577833603128],[-116.59092207249913,49.72489085481608],[-116.61113736414302,49.74525188963501],[-116.623843362715,49.763894660375556],[-116.62437521602523,49.77690922400387],[-116.63458874331542,49.77765270782128],[-116.6394619037423,49.78513904410209],[-116.65845952746477,49.78166207341349],[-116.68504049146055,49.811808403749176],[-116.67359233694584,49.816845257858276],[-116.68387983908966,49.82459688909896],[-116.69095595278834,49.842764545900806],[-116.68475235076173,49.86066854629706],[-116.6971683765994,49.87452522478934],[-116.67673842715546,49.88229025390518],[-116.64563442279602,49.88259355838913],[-116.62254249002424,49.89726072423883],[-116.62076043722297,49.90997354790693],[-116.59979592725028,49.92529458667191],[-116.58480896682146,49.92968239347951],[-116.58389815125865,49.94883950256995],[-116.57883171558835,49.95462464132378],[-116.56556679247986,49.95298115806027],[-116.54621910149702,49.962068267515804],[-116.51013997477698,49.98499481032799],[-116.49743171578545,49.980963789326644],[-116.49848330728396,49.97778314675674],[-116.47188007950838,49.966237784067246],[-116.45125529926061,49.96561213893666],[-116.44311443770277,49.97928702360472],[-116.40846420976531,49.94403719852039],[-116.39853856295477,49.936610427559906],[-116.35565886362878,49.934861884435946],[-116.33435128465788,49.93126173636478],[-116.32176222031146,49.92335165698558],[-116.31014749995227,49.9268226677983],[-116.30243740224773,49.92555792473047],[-116.29330124012655,49.93903301619519],[-116.28813262065421,49.942228316638136],[-116.27561328385616,49.94319402852612],[-116.27370656186658,49.94461414935305],[-116.27379780020654,49.94828031920392],[-116.26983027135657,49.95715622913277],[-116.2485571148735,49.96374324012501],[-116.24359333778061,49.96918692559488],[-116.23974225583842,49.99388369487005],[-116.24012228862922,49.999896145784845],[-116.23640030398838,50.00178743496723],[-116.20847690536763,50.00674865529986],[-116.15777163046158,50.004656433696866],[-116.1453415743606,50.01801909321997],[-116.1368803866631,50.021594207143025],[-116.1129903854168,50.020296185171816],[-116.10572980677986,50.02632167904527],[-116.09271761526615,50.028362789545106],[-116.0807400059725,50.0282351294211],[-116.06731129456446,50.02364765160611],[-116.04113241438236,50.00877401908855],[-116.02306905409789,50.007054641295255],[-116.01694985087413,50.01261770725355],[-116.01611192306537,50.015620799326456],[-115.99811218674672,50.02238784209719],[-115.99153610503426,50.01401211826369],[-115.97774852702467,50.011534028296005],[-115.97509447432492,50.01721950054945],[-115.97842377957183,50.03673777231097],[-115.97519788320663,50.04008365201931],[-115.96932454690581,50.04447440513482],[-115.96081986057588,50.047238199820995],[-115.94610029436949,50.044340429152314],[-115.9346217362682,50.04836886149087],[-115.92890610490178,50.05562689279243],[-115.9311945774834,50.061332953782085],[-115.92750116613645,50.06424926412424],[-115.92484316791699,50.07083098351366],[-115.92266706538284,50.08712145387744],[-115.90866579550838,50.08719372848909],[-115.89886293102641,50.090108375399915],[-115.87930755556522,50.08415644864289],[-115.87164759545202,50.07867993528053],[-115.8557797534221,50.07373866609923],[-115.85287267118429,50.06509402743898],[-115.8532160281272,50.05875074177541],[-115.86285301938429,50.041835247202535],[-115.87623102295147,50.03296454375492],[-115.87231798594095,50.02513681788455],[-115.86184741159626,50.01831437692397],[-115.86204433646947,50.01397293221369],[-115.85009423749587,50.003743650742294],[-115.84876648864785,50.000207184360924],[-115.84613793606516,49.99914745618567],[-115.70234718114132,50.00113100170727],[-115.70262070331836,50.01584119175299],[-115.70729750409309,50.03075442655347],[-115.70032343245641,50.04885834758949],[-115.70247319988052,50.058942879650495],[-115.70973267437554,50.073359276238136],[-115.71220754145055,50.09035598515402],[-115.71145354729512,50.11129191049141],[-115.70626961741183,50.1255650267811],[-115.70857700361131,50.13386876301889],[-115.69883498305052,50.13598099769743],[-115.69599380799467,50.14352299609143],[-115.70149487803984,50.146426699533286],[-115.68910111726467,50.15045999661927],[-115.68611297271232,50.15818698266768],[-115.65759161397173,50.15660227880721],[-115.66210702922942,50.169354240903125],[-115.65883529315998,50.17821124191302],[-115.66819588905555,50.19691258394488],[-115.66018581787101,50.21340462533863],[-115.64741048620012,50.21739632775996],[-115.62378190090463,50.21170981228224],[-115.61814389314122,50.2065247020423],[-115.6190679408162,50.19863210867962],[-115.61598998236917,50.1865649458835],[-115.60562427658883,50.17677391821099]],[[-116.00458407772267,49.72794101095103],[-116.00826765624797,49.724776303621226],[-116.01140126931999,49.7258566497963],[-116.01469206749462,49.72269697918508],[-116.01656671589889,49.72036842324602],[-116.01769519278619,49.71384673989074],[-116.01356973095689,49.71370339393683],[-116.01509314452534,49.71321531898967],[-116.00979850434737,49.70588085281228],[-116.00760370448813,49.7065486652255],[-116.00699931012312,49.703992660044506],[-116.00523401895195,49.70416112791215],[-116.0045175177705,49.697245512020665],[-116.00792425617642,49.69760126824962],[-116.008064409719,49.69553423950062],[-116.01456341163585,49.696615884195836],[-116.01278312617593,49.69719756553134],[-116.01724406827806,49.70034547305448],[-116.02099283612914,49.697201242306974],[-116.02541969703157,49.69834517003993],[-116.02536221008722,49.70078226781874],[-116.02855779768312,49.70119279901937],[-116.0300694766479,49.69697851120471],[-116.05146124937349,49.700786302605756],[-116.05766815275761,49.68478898315645],[-116.03448306552802,49.68106403334161],[-116.03208823427696,49.67535461630817],[-116.02869807560153,49.67571456686746],[-116.02830081835602,49.67185682569817],[-116.02119596046701,49.672599819416526],[-116.02188318846135,49.66900986346309],[-116.02206942083887,49.67089321051076],[-116.0276309063752,49.671295872198186],[-116.02857042807486,49.66706597532501],[-116.0273773488788,49.66696212769531],[-116.02782233397969,49.63921638455759],[-116.01100271184569,49.639369938602364],[-116.01084529897831,49.63218517885075],[-115.99509021402592,49.629019707305154],[-115.98985628589558,49.62971180742695],[-115.99088750875995,49.633054503615625],[-115.97955578497424,49.63018040623618],[-115.9738852957335,49.63190650186112],[-115.97226164193377,49.62811158626708],[-115.97030856310047,49.62754876177921],[-115.96153454939407,49.6303458817299],[-115.95743739112622,49.62950961571101],[-115.94850001034679,49.622740292803535],[-115.92939740787412,49.62305981826649],[-115.92947870178803,49.630414826659525],[-115.93370042114813,49.63042477068226],[-115.93685182362788,49.63355824263051],[-115.94123287406808,49.63432604327323],[-115.94044146347888,49.63766258486606],[-115.92954589587598,49.637543705164255],[-115.92936152331018,49.641301212463596],[-115.91196396826808,49.64116175947581],[-115.9116574353007,49.6527134059963],[-115.915048250226,49.65276396701876],[-115.9151364813221,49.66652927843011],[-115.92849344840985,49.66642301381597],[-115.92836617531626,49.67358619515272],[-115.93841589975979,49.673702829215934],[-115.93912409108212,49.680151285474416],[-115.94530359392364,49.68021656743973],[-115.94572235155904,49.68778586764054],[-115.95152828087339,49.6876569361025],[-115.95438922974112,49.68550735218313],[-115.95985029353307,49.6876665772474],[-115.96309288982053,49.68429748403808],[-115.96829858861734,49.68569212507973],[-115.97251897423583,49.68381314015696],[-115.97346236909709,49.685708117674224],[-115.97659416375458,49.68579587077667],[-115.97468440200909,49.68847171606965],[-115.967537515366,49.688407426387364],[-115.9677892395765,49.69611870554483],[-115.97889008961182,49.69533313141864],[-115.9793907092159,49.69864880623457],[-115.98513735089682,49.70078010525993],[-115.98209831355736,49.70417648233222],[-115.99332337936276,49.70883875940811],[-115.99077552003833,49.71249357004595],[-115.99218787563628,49.713186075189775],[-115.99015193097209,49.715186478892505],[-115.99158510617316,49.716066271841854],[-115.98808776540707,49.71511167287901],[-115.98129646297566,49.720806669157014],[-115.99459357174035,49.728794424262674],[-116.00084620342497,49.72980587064796],[-116.00274115145294,49.73200795931928],[-116.00458407772267,49.72794101095103]]]},"bbox":[-116.6971683765994,49.41345508512297,-115.34234969795266,50.21739632775996]},{"id":"5901039","type":"Feature","properties":{},"geometry":{"type":"Polygon","coordinates":[[[-116.03244217032035,50.53125316704598],[-116.02939703896752,50.526513659346776],[-116.02370872186209,50.524132403426336],[-116.02212680202513,50.5188272090144],[-116.02006928715636,50.51758100747031],[-116.01885919577973,50.51442500957659],[-116.01961477652625,50.509632493914594],[-116.01479988710663,50.49928400629533],[-116.01564223610384,50.49168886431479],[-116.01963310341738,50.49181350058398],[-116.025578692232,50.49608701113517],[-116.0280084928562,50.49348849656954],[-116.02769275094317,50.49169245686802],[-116.02114115793906,50.485912476441186],[-116.02253863320902,50.48103194040723],[-116.02876751120014,50.480837217613036],[-116.02725888924165,50.47794124236303],[-116.0281055533597,50.47516658203197],[-116.03735912097758,50.47559876949445],[-116.03762038215547,50.47249172651622],[-116.04914976960261,50.47294692751845],[-116.05108705984328,50.48595825692627],[-116.04911386966295,50.48546223228419],[-116.05087018217822,50.48927504325436],[-116.05710804821304,50.488511741823274],[-116.05651159797794,50.50000175566587],[-116.05892369942671,50.50427313683344],[-116.05377878615899,50.50138209285689],[-116.04999181756646,50.501930393283196],[-116.04473848845502,50.50956271195437],[-116.04694459067561,50.513480704619866],[-116.04560211977778,50.52061319915791],[-116.04284439396417,50.52233220296907],[-116.03863941331997,50.52938059605713],[-116.03244217032035,50.53125316704598]]]},"bbox":[-116.05892369942671,50.47249172651622,-116.01479988710663,50.53125316704598]},{"id":"5901040","type":"Feature","properties":{},"geometry":{"type":"Polygon","coordinates":[[[-116.07850114005673,50.645985225965106],[-116.07550039123043,50.64042115200034],[-116.07694826378813,50.637345020069446],[-116.07240177823427,50.637095246549244],[-116.07218199938285,50.63324977688367],[-116.06509221424892,50.63386614183006],[-116.06416476610241,50.62331587128165],[-116.06930408670874,50.62319740813948],[-116.06949085618835,50.609249449198856],[-116.08377109748065,50.61165015626475],[-116.09086880046345,50.617398251584426],[-116.09636042628549,50.6170550625756],[-116.09597550187938,50.62020815077092],[-116.10252910708546,50.621293471769306],[-116.10378689859861,50.622991223175475],[-116.0958135172456,50.62281441979408],[-116.09470377022203,50.63703693966153],[-116.08961349904367,50.63703387993735],[-116.09260993608125,50.640258701437894],[-116.09094429290063,50.642395442937264],[-116.08181594517178,50.646449403624196],[-116.0798976671598,50.64906540860092],[-116.07850114005673,50.645985225965106]]]},"bbox":[-116.10378689859861,50.609249449198856,-116.06416476610241,50.64906540860092]},{"id":"5901043","type":"Feature","properties":{},"geometry":{"type":"Polygon","coordinates":[[[-115.80732541113713,50.18134506478373],[-115.80767812483921,50.16472073750544],[-115.8023002570105,50.161172467855266],[-115.78375424603418,50.1615713502928],[-115.78333605623045,50.15366404215378],[-115.78599161784389,50.15320065622124],[-115.7866189568387,50.150795666780404],[-115.7920915985524,50.15129837425926],[-115.80076542743187,50.14783402717441],[-115.81969653089793,50.13614631291072],[-115.8266149903808,50.14450153485577],[-115.82590609353977,50.146301638409774],[-115.84288364135661,50.15803322505471],[-115.84770798646699,50.16440788194544],[-115.86055471764216,50.165550322065215],[-115.85951684892909,50.1704089715739],[-115.85021211934112,50.17035482262619],[-115.83440245327229,50.189234758519135],[-115.82593759303423,50.19357697224914],[-115.8163543435337,50.19270883231834],[-115.81533971477833,50.184238675525116],[-115.80733689517052,50.18340574561606],[-115.80732541113713,50.18134506478373]]]},"bbox":[-115.86055471764216,50.13614631291072,-115.78333605623045,50.19357697224914]},{"id":"5901046","type":"Feature","properties":{},"geometry":{"type":"Polygon","coordinates":[[[-115.66505336699457,50.736240167328766],[-115.65124742447732,50.72844385374895],[-115.65042810974546,50.72639296138693],[-115.6416492152067,50.7218397489713],[-115.63177071372088,50.71951116809252],[-115.62886899219204,50.71601475586483],[-115.62125968676283,50.71225625334239],[-115.5997284315223,50.7111008980764],[-115.58587491141218,50.71507853169476],[-115.57402880523915,50.72061059672607],[-115.57217599628169,50.725789088568696],[-115.56693801801458,50.72765049993436],[-115.56528873064329,50.732196842750334],[-115.5519656018499,50.74076184990483],[-115.53442841843456,50.74226005182925],[-115.51854370924471,50.74576505760422],[-115.508405000782,50.754296066654106],[-115.50239110685389,50.7632671571077],[-115.49327589726802,50.76762816482093],[-115.49340782643212,50.770552051587025],[-115.50021772491732,50.77670176997818],[-115.49492597514146,50.78001645664873],[-115.48188528149723,50.76856223525605],[-115.48470870327536,50.76069184365426],[-115.48110693622428,50.7551817600719],[-115.4749643311561,50.7548352397664],[-115.47023066192057,50.75199564160897],[-115.4639151451446,50.75362515587051],[-115.45889407074355,50.75718516431028],[-115.4522889622606,50.7563536810767],[-115.44704345179836,50.75321775344495],[-115.43628198008471,50.75573069385893],[-115.41955040815664,50.736619526496426],[-115.41467607668075,50.73571159177575],[-115.41239086469054,50.73360341660307],[-115.41353237430943,50.73184623778669],[-115.41081126809397,50.72829915356637],[-115.41137510055485,50.72324029291695],[-115.41580335961638,50.722149675177526],[-115.4168755389897,50.71991747024982],[-115.41663303985898,50.713721743588295],[-115.41379919583483,50.71125724454131],[-115.40365505065537,50.71231608160066],[-115.39122236855972,50.70645244702897],[-115.38640680404629,50.707989571117864],[-115.37892265980786,50.70533416732481],[-115.37562206024982,50.7079034119617],[-115.37758366470365,50.71093493437949],[-115.36989958961487,50.71430124833006],[-115.37015620342169,50.717260231526794],[-115.36343825849661,50.717858195360236],[-115.35455656323384,50.72271183057815],[-115.34990594597498,50.72125472175263],[-115.33921597018599,50.72205367393821],[-115.3351260896623,50.72421865460413],[-115.32761032444955,50.721938173262366],[-115.31829667391138,50.726461997524694],[-115.31229773124403,50.72392632172614],[-115.31070112733725,50.721607452182845],[-115.31469206034991,50.71626873089298],[-115.30880629989515,50.707813899559156],[-115.30161449483302,50.700563492712796],[-115.29362067477953,50.69839939541699],[-115.30083715511151,50.690739207748095],[-115.298375656199,50.68333123277746],[-115.28225408080313,50.66319289396113],[-115.28587450748932,50.66030267355047],[-115.28169868262759,50.65708594776283],[-115.28134619434407,50.653756373916465],[-115.27415345462043,50.64892367857656],[-115.28205585243695,50.64698606933896],[-115.28545559342145,50.63884921685769],[-115.28843130584383,50.63764799910993],[-115.29960050341114,50.6392651885499],[-115.3119434249744,50.638236948877065],[-115.31304624829109,50.637612619905916],[-115.31013788678756,50.635264068857346],[-115.30953424741081,50.631524778577806],[-115.31180175828953,50.630378747210614],[-115.31145042668102,50.628580185603916],[-115.30521192312195,50.62593074854656],[-115.29686511687994,50.62621354591418],[-115.298230481497,50.620224291167226],[-115.29535257463644,50.613039208597186],[-115.2876199367213,50.60822428518094],[-115.28465786311577,50.608833697166155],[-115.28042530879785,50.60551494938664],[-115.27791489092586,50.60106695096773],[-115.27191762629462,50.59788698673959],[-115.26005451328287,50.59632240764063],[-115.24733290109398,50.58813798441137],[-115.23965061193205,50.5891967920313],[-115.23018058760614,50.57750726707184],[-115.23501110796141,50.574793118173524],[-115.23933439631098,50.57491074702245],[-115.24190913368577,50.57121854993881],[-115.2349033721533,50.567579357223586],[-115.22982360590976,50.55917129894674],[-115.228423442892,50.55409953279173],[-115.22959910489423,50.55145702882717],[-115.23188928567583,50.55066016964422],[-115.23098414039346,50.54487863705658],[-115.22248001591907,50.539665496291285],[-115.22103194484055,50.53696013549133],[-115.21687987817151,50.53650653085317],[-115.20813295770151,50.52782197995679],[-115.19480160751577,50.524624341374675],[-115.188047721291,50.51877641315553],[-115.18174367159476,50.52095236208791],[-115.1739703379655,50.51902235616189],[-115.17084139066982,50.51484090686132],[-115.16675267028293,50.51280872286187],[-115.16419854841385,50.51000269113177],[-115.16478313358209,50.50283803892506],[-115.1633470285405,50.49501155864046],[-115.16143806421553,50.492447003657254],[-115.16309263324757,50.48853105625537],[-115.16360059655196,50.47915183645869],[-115.1601046207345,50.47330644777612],[-115.13951653888788,50.46222797699596],[-115.14020584518232,50.45711370992137],[-115.13755090310501,50.45600798420542],[-115.13729791650925,50.45224136300874],[-115.13036623186876,50.44564209344742],[-115.1194829952163,50.44160219298104],[-115.12040327005865,50.437708464258094],[-115.13581138643652,50.423803597031416],[-115.13439978272044,50.42143766444565],[-115.13758957721141,50.418422371246976],[-115.13339907802968,50.41306828265504],[-115.13312349134854,50.406755954695996],[-115.12683696904155,50.404147157939065],[-115.12370455759951,50.39805639694597],[-115.12581394442151,50.39323342876618],[-115.11964474526783,50.39123376259105],[-115.12872018197044,50.38804929440434],[-115.12993045816604,50.38631714347485],[-115.12500148304296,50.38305848050857],[-115.12599286159256,50.37970571182742],[-115.12203091203484,50.36887585105427],[-115.12393033972099,50.362031596692596],[-115.12156743371827,50.35639173524139],[-115.12346067939562,50.354970326590404],[-115.1020518473432,50.34155639082646],[-115.09446131176506,50.329625058344305],[-115.09543308597388,50.32540151731729],[-115.09949664488576,50.32010082334018],[-115.10264091450918,50.318691241233005],[-115.11461489919087,50.31829760635639],[-115.12741634363611,50.32136172077521],[-115.13781690647704,50.31625368558737],[-115.13132270125548,50.310352755715925],[-115.13620687697579,50.3047678074673],[-115.12716463479624,50.299173321898],[-115.12735617951681,50.293227296711024],[-115.12906886201164,50.29025561973252],[-115.12656682161249,50.286884086150614],[-115.13585645448201,50.27742589256965],[-115.12966011616352,50.27368566087936],[-115.1222736785834,50.272945186746995],[-115.11118941410578,50.2684893942425],[-115.11257145386406,50.264961986911025],[-115.11484330891469,50.26376575963043],[-115.11867827847591,50.263936848544574],[-115.1276814617443,50.25901185943067],[-115.13695664725635,50.257046065418535],[-115.13775505980264,50.25087164883749],[-115.13470000885653,50.249071350038605],[-115.13331085595891,50.24255832725173],[-115.1352223442533,50.234914876216976],[-115.12212436180552,50.22872677497163],[-115.11900607697464,50.222639510231915],[-115.11638661118977,50.22073268226916],[-115.09960010095071,50.216243959780606],[-115.09727988771049,50.21107689697825],[-115.10308587198843,50.20622274090164],[-115.09699499790626,50.200547210225324],[-115.09665423375608,50.19202625847646],[-115.09088543610056,50.18563510515438],[-115.0904942201104,50.18079192811899],[-115.08493397734111,50.17140301913562],[-115.07047474114663,50.160772479593184],[-115.06987024699731,50.155982507136024],[-115.07375502785638,50.15375264003849],[-115.073735632224,50.15120862750345],[-115.07263540076346,50.148930043580954],[-115.06725621269082,50.146108100710954],[-115.06888475524926,50.14299994774467],[-115.06819090758076,50.138031993421414],[-115.04991141503622,50.12922375067216],[-115.04824220564458,50.12594839222661],[-115.05205239760205,50.11789987607189],[-115.06071843069124,50.11420757447046],[-115.07670921992884,50.11425307971765],[-115.10425025733674,50.10567538752164],[-115.11943555202801,50.10527806040503],[-115.12801071203056,50.111146951078275],[-115.1371408862207,50.10977144170612],[-115.14267503937377,50.11196163896717],[-115.1833565981228,50.10631001533066],[-115.20640674939277,50.10521387347832],[-115.22398574212457,50.0810291465124],[-115.22727659942018,50.0642026087646],[-115.21568647004096,50.058953151475386],[-115.22309213485856,50.05243457793515],[-115.24501956678623,50.04152576340504],[-115.2713037405793,50.03657129794056],[-115.2504466861141,50.01521010388301],[-115.26875634557835,50.00449927587996],[-115.23824534546398,49.99572630301653],[-115.24926922133845,49.98819374526863],[-115.25036984929552,49.9769994815801],[-115.263164479082,49.97154262875395],[-115.29596091491122,49.973602914844754],[-115.31184704802689,49.967907625742754],[-115.3221278850687,49.95974732105675],[-115.3267732027648,49.95329108847654],[-115.3553027033664,49.95322977010884],[-115.36037688853557,49.99160776457707],[-115.36465306182345,49.99891218709481],[-115.36148914628285,50.00973808849633],[-115.37145167169626,50.01138336436267],[-115.3860797354599,50.01794123535927],[-115.3866088302815,50.02641258338068],[-115.40641662062738,50.04085378423782],[-115.41422815001546,50.054907451626654],[-115.42024391858466,50.06212478503284],[-115.4088428771852,50.06945369134552],[-115.43684391086516,50.080936482429856],[-115.43945784968794,50.09308017226513],[-115.45012108306277,50.09764659388891],[-115.46183251984017,50.10998468744302],[-115.46921175913009,50.11020753274359],[-115.47563642746834,50.10333059330808],[-115.50842421962638,50.09674227975286],[-115.52036913176607,50.09868697648],[-115.53734401779641,50.105743784552295],[-115.55160857353526,50.11576668649081],[-115.55141306573965,50.12003905884134],[-115.54850107425948,50.120408418503985],[-115.54613027526861,50.123449182018895],[-115.53542570016648,50.123810980989624],[-115.53939557400754,50.1275189291438],[-115.54326953416842,50.12829380359729],[-115.53656745895239,50.13485610916509],[-115.53047366104425,50.149494683783566],[-115.54409494665947,50.17142873631731],[-115.5599397782854,50.179530303508955],[-115.58008808664592,50.180006345950865],[-115.59675861880581,50.172936920781304],[-115.60562427658883,50.17677391821099],[-115.61598998236917,50.1865649458835],[-115.6190679408162,50.19863210867962],[-115.61814389314122,50.2065247020423],[-115.62378190090463,50.21170981228224],[-115.64741048620012,50.21739632775996],[-115.66018581787101,50.21340462533863],[-115.66819588905555,50.19691258394488],[-115.65883529315998,50.17821124191302],[-115.66210702922942,50.169354240903125],[-115.65759161397173,50.15660227880721],[-115.68611297271232,50.15818698266768],[-115.68910111726467,50.15045999661927],[-115.70149487803984,50.146426699533286],[-115.69599380799467,50.14352299609143],[-115.69883498305052,50.13598099769743],[-115.70857700361131,50.13386876301889],[-115.70626961741183,50.1255650267811],[-115.71145354729512,50.11129191049141],[-115.71220754145055,50.09035598515402],[-115.70973267437554,50.073359276238136],[-115.70247319988052,50.058942879650495],[-115.70032343245641,50.04885834758949],[-115.70729750409309,50.03075442655347],[-115.70262070331836,50.01584119175299],[-115.70234718114132,50.00113100170727],[-115.84613793606516,49.99914745618567],[-115.84876648864785,50.000207184360924],[-115.85009423749587,50.003743650742294],[-115.86204433646947,50.01397293221369],[-115.86184741159626,50.01831437692397],[-115.87231798594095,50.02513681788455],[-115.87623102295147,50.03296454375492],[-115.86285301938429,50.041835247202535],[-115.8532160281272,50.05875074177541],[-115.85287267118429,50.06509402743898],[-115.8557797534221,50.07373866609923],[-115.87164759545202,50.07867993528053],[-115.87930755556522,50.08415644864289],[-115.89886293102641,50.090108375399915],[-115.90866579550838,50.08719372848909],[-115.92266706538284,50.08712145387744],[-115.92484316791699,50.07083098351366],[-115.92750116613645,50.06424926412424],[-115.9311945774834,50.061332953782085],[-115.92890610490178,50.05562689279243],[-115.9346217362682,50.04836886149087],[-115.94610029436949,50.044340429152314],[-115.96081986057588,50.047238199820995],[-115.96932454690581,50.04447440513482],[-115.97519788320663,50.04008365201931],[-115.97842377957183,50.03673777231097],[-115.97509447432492,50.01721950054945],[-115.97774852702467,50.011534028296005],[-115.99153610503426,50.01401211826369],[-115.99811218674672,50.02238784209719],[-116.01611192306537,50.015620799326456],[-116.01694985087413,50.01261770725355],[-116.02306905409789,50.007054641295255],[-116.04113241438236,50.00877401908855],[-116.06731129456446,50.02364765160611],[-116.0807400059725,50.0282351294211],[-116.09271761526615,50.028362789545106],[-116.10572980677986,50.02632167904527],[-116.1129903854168,50.020296185171816],[-116.1368803866631,50.021594207143025],[-116.1453415743606,50.01801909321997],[-116.15777163046158,50.004656433696866],[-116.20847690536763,50.00674865529986],[-116.23640030398838,50.00178743496723],[-116.24012228862922,49.999896145784845],[-116.23974225583842,49.99388369487005],[-116.24359333778061,49.96918692559488],[-116.2485571148735,49.96374324012501],[-116.26983027135657,49.95715622913277],[-116.27379780020654,49.94828031920392],[-116.27370656186658,49.94461414935305],[-116.27561328385616,49.94319402852612],[-116.28813262065421,49.942228316638136],[-116.29330124012655,49.93903301619519],[-116.30243740224773,49.92555792473047],[-116.31014749995227,49.9268226677983],[-116.32176222031146,49.92335165698558],[-116.33435128465788,49.93126173636478],[-116.35565886362878,49.934861884435946],[-116.39853856295477,49.936610427559906],[-116.40846420976531,49.94403719852039],[-116.44311443770277,49.97928702360472],[-116.44207214097713,49.98775969580472],[-116.46582002782094,50.00143082660289],[-116.46914210983213,50.01352885821569],[-116.46673290488312,50.02044440147351],[-116.47143576823531,50.03791064443104],[-116.49825863111201,50.05618011142934],[-116.49703604283516,50.07446630386805],[-116.49516791224222,50.09379070120658],[-116.48260257451538,50.10689331568717],[-116.48011006348378,50.114698208161336],[-116.46731889037586,50.11515558203875],[-116.45916706107003,50.11778868210815],[-116.45213595567658,50.12421325866541],[-116.44991875084048,50.13345714954474],[-116.45246031635473,50.14225171452289],[-116.45360994783009,50.15500872427253],[-116.45852965206197,50.15729494813171],[-116.46404549980164,50.1557904928133],[-116.47562667825416,50.15947032174169],[-116.48134207182379,50.16772206232788],[-116.48884043434451,50.17352597992646],[-116.48796614235174,50.18168698559266],[-116.49051785544823,50.19089110642528],[-116.50033230078526,50.19790702213147],[-116.5257078200557,50.20430901235202],[-116.54748030890174,50.205638720928],[-116.55680954133598,50.212876203275876],[-116.5542780243117,50.236357658254775],[-116.54981222206307,50.24871625602337],[-116.54946005599909,50.26468296669705],[-116.5549553625688,50.28348768045669],[-116.54504099281112,50.30086853765146],[-116.54079395165306,50.318999121113876],[-116.55942804231206,50.31767707823736],[-116.57854292480684,50.31088834231133],[-116.59087462336628,50.308416115048786],[-116.60211114995194,50.31105845476737],[-116.61818524545318,50.3175128326829],[-116.61540869795112,50.32307042907973],[-116.62298742474577,50.32743477664728],[-116.62200927954076,50.3345540723333],[-116.6248692052519,50.33837850508075],[-116.6227916544841,50.345024047319384],[-116.61380064064693,50.35017829206009],[-116.63505550535346,50.378537945269095],[-116.63155875574738,50.39038711769987],[-116.63738850773632,50.3957224580249],[-116.64456766246492,50.412400402996184],[-116.65232234159429,50.42022449890006],[-116.64769951146381,50.424083716227514],[-116.63007189343602,50.43045850632977],[-116.6168464614522,50.43065276258267],[-116.56259934631879,50.405117473764264],[-116.50701219499723,50.41127112032011],[-116.49020712537185,50.40773521729673],[-116.4653783978607,50.4106071735223],[-116.45320625962584,50.41622818929762],[-116.45660467902452,50.42615119904154],[-116.4640650003235,50.43903337818669],[-116.44945795449314,50.45817803427587],[-116.4372072942735,50.466749105888425],[-116.42017942184209,50.4682048936638],[-116.40837893768622,50.465679450555015],[-116.40349491876616,50.457646882097286],[-116.39857655943469,50.45411719161621],[-116.39070611851805,50.45165998643064],[-116.363355134703,50.45097385877547],[-116.31781205832587,50.46306623504406],[-116.31672336892738,50.473990098245444],[-116.26571414186807,50.49933867269351],[-116.22153263262803,50.51233171686807],[-116.1206633399227,50.51293936607196],[-116.12155283466598,50.53787720877975],[-116.05589710509557,50.53913198772202],[-116.03884358889842,50.53784386945788],[-116.0331009003562,50.53101137417504],[-116.03863941331997,50.52938059605713],[-116.04284439396417,50.52233220296907],[-116.04560211977778,50.52061319915791],[-116.04694459067561,50.513480704619866],[-116.04473848845502,50.50956271195437],[-116.04999181756646,50.501930393283196],[-116.05377878615899,50.50138209285689],[-116.05892369942671,50.50427313683344],[-116.05651159797794,50.50000175566587],[-116.05710804821304,50.488511741823274],[-116.05087018217822,50.48927504325436],[-116.04911386966295,50.48546223228419],[-116.05108705984328,50.48595825692627],[-116.04914976960261,50.47294692751845],[-116.03762038215547,50.47249172651622],[-116.03735912097758,50.47559876949445],[-116.0281055533597,50.47516658203197],[-116.02725888924165,50.47794124236303],[-116.02876751120014,50.480837217613036],[-116.02253863320902,50.48103194040723],[-116.02114115793906,50.485912476441186],[-116.02769275094317,50.49169245686802],[-116.02763155920054,50.49417439389405],[-116.02554949027659,50.496084935661884],[-116.01963310341738,50.49181350058398],[-116.01564223610384,50.49168886431479],[-116.01479988710663,50.49928400629533],[-116.01961477652625,50.509632493914594],[-116.01964098344358,50.51615485492533],[-116.00050182597583,50.51541055880481],[-116.00035114604725,50.51653854180479],[-115.99463011319169,50.51469493476222],[-115.9953115677141,50.541050991778825],[-116.01254283350296,50.54107559662082],[-116.01205441224127,50.54799862653271],[-115.98910918987927,50.547665657471434],[-115.95283042746156,50.562591468271435],[-115.91531990845617,50.583356226354276],[-115.91611014968561,50.58902483725086],[-115.89866657633566,50.601301187476125],[-115.88963454001444,50.59669448762726],[-115.87644539153237,50.59557904128391],[-115.86934774918402,50.596437899150416],[-115.84289673551622,50.6107832609202],[-115.8034823736952,50.61057932470983],[-115.80409908240557,50.61382339783046],[-115.79834205828398,50.6163550607994],[-115.79880146511557,50.61881040266959],[-115.80084824322365,50.621100521542765],[-115.80565655643237,50.621270713964826],[-115.811898172481,50.62853644607547],[-115.81201484100583,50.63114837198351],[-115.817099978001,50.639032667586164],[-115.82204358175191,50.639765907945886],[-115.79638198763595,50.63976489981059],[-115.79578492010556,50.65338763428606],[-115.79320139367634,50.655390407447655],[-115.79502628436,50.65876860760966],[-115.79132438745509,50.66032238916434],[-115.7918619101586,50.663333199030355],[-115.788549610793,50.66695210950538],[-115.79013590141314,50.6682595134495],[-115.78868078628298,50.670592409341324],[-115.79063110918432,50.67442779047878],[-115.78268059078339,50.67469409231032],[-115.7847505222139,50.677632300960234],[-115.7831621071307,50.67921310741211],[-115.77877329671655,50.680425100107385],[-115.77771070217439,50.68381620237184],[-115.77464620863901,50.68382050240108],[-115.76040660947433,50.69529819922262],[-115.73772261234114,50.6977108078416],[-115.73033358407642,50.70205320788019],[-115.72949759993828,50.70603959617615],[-115.72721480289671,50.70644399932748],[-115.72514528856703,50.70943770701275],[-115.71743820229175,50.70880819607235],[-115.71311461133175,50.71054858935706],[-115.71177331030677,50.71251690521071],[-115.70088620652643,50.71786329530008],[-115.69811740781793,50.72102789767054],[-115.68717718093158,50.72533050275349],[-115.6767283933537,50.73363221495077],[-115.66968392196792,50.73582120748361],[-115.66799137253845,50.74027294217957],[-115.66505336699457,50.736240167328766]],[[-115.83827537100882,50.1846114277938],[-115.85021211934112,50.17035482262619],[-115.85951684892909,50.1704089715739],[-115.86055471764216,50.165550322065215],[-115.84770798646699,50.16440788194544],[-115.84288364135661,50.15803322505471],[-115.82590609353977,50.146301638409774],[-115.8266149903808,50.14450153485577],[-115.81969653089793,50.13614631291072],[-115.80076542743187,50.14783402717441],[-115.7920915985524,50.15129837425926],[-115.7866189568387,50.150795666780404],[-115.78599161784389,50.15320065622124],[-115.78333605623045,50.15366404215378],[-115.78375424603418,50.1615713502928],[-115.8023002570105,50.161172467855266],[-115.80767812483921,50.16472073750544],[-115.80733689517052,50.18340574561606],[-115.81533971477833,50.184238675525116],[-115.8163543435337,50.19270883231834],[-115.82593759303423,50.19357697224914],[-115.83440245327229,50.189234758519135],[-115.83827537100882,50.1846114277938]],[[-115.97139538704818,50.461130386261196],[-115.97068239891665,50.45462716788505],[-115.9842424975591,50.45430232280674],[-115.98413159404964,50.45184675669681],[-115.97741151365877,50.44929597379497],[-115.96394929528039,50.440705157682515],[-115.95454309402848,50.43168135614033],[-115.94408029591277,50.42665816386021],[-115.94585732142306,50.42654846736484],[-115.94164550593334,50.42353347117273],[-115.93706481245232,50.421260351409906],[-115.93501749186673,50.42212345610843],[-115.93593932282947,50.42053114950347],[-115.92927719783272,50.41761015565717],[-115.92594750094253,50.41173387017157],[-115.92297790635106,50.4098624488579],[-115.92507851860205,50.407164967606256],[-115.93580461360797,50.40775035034441],[-115.93452579714277,50.40636175595083],[-115.92918953239398,50.4034349632676],[-115.92117131683018,50.40311020140519],[-115.90796582599401,50.39927204919898],[-115.90920452450572,50.39674695343863],[-115.90777420478011,50.394821302520135],[-115.91174610270214,50.388510607604445],[-115.90913049642386,50.38616209304867],[-115.90376848968474,50.385367400891525],[-115.90208092021764,50.38231249888307],[-115.89644809437173,50.38226409527671],[-115.89237881221648,50.37840298964479],[-115.89320700155051,50.37543767764367],[-115.8995199996246,50.37385707371064],[-115.902153810355,50.37001447242274],[-115.89552771508426,50.36507825766654],[-115.89637810605582,50.36408689803319],[-115.89311550535028,50.36036890415636],[-115.87838892983616,50.356863365588445],[-115.8752153055333,50.35914346431929],[-115.87169601255066,50.35576386591143],[-115.85740690557414,50.355754374511534],[-115.86044558169974,50.36699376499299],[-115.85847847752538,50.39563237563832],[-115.89177099427106,50.396172826978024],[-115.89684447506987,50.45249241641696],[-115.91951116151411,50.4548279747962],[-115.930413878497,50.44695699283132],[-115.94809020833826,50.44707822757293],[-115.9467734093522,50.46210929782498],[-115.97139538704818,50.461130386261196]]]},"bbox":[-116.65232234159429,49.92335165698558,-115.04824220564458,50.78001645664873]},{"id":"5901048","type":"Feature","properties":{},"geometry":{"type":"Polygon","coordinates":[[[-116.21908456221888,51.29450376170939],[-116.21903490794057,51.291614913869864],[-116.20677196436085,51.296162953398316],[-116.20336584380112,51.29525352647652],[-116.19772146913908,51.29965080348496],[-116.18850879970401,51.30147964112753],[-116.18215154197443,51.29544103275737],[-116.16413114343686,51.29779006748824],[-116.16017948697846,51.29602640276423],[-116.15798859857198,51.29014082286916],[-116.15156628973992,51.28716020911545],[-116.1528610729353,51.28336830917481],[-116.1591331559609,51.2758119965401],[-116.15404397333518,51.26804006559888],[-116.15323767819673,51.26343350617944],[-116.144146949938,51.264733804667955],[-116.13436653793256,51.26054830508362],[-116.12513633941944,51.25933578098287],[-116.11945843393565,51.25539000543344],[-116.11451567369787,51.256386378832296],[-116.11167621793271,51.25335291636274],[-116.09182245911903,51.25085024200203],[-116.08131451486368,51.25186493699951],[-116.07426315222635,51.24911149589917],[-116.06517334773334,51.24793009022532],[-116.04926640077592,51.22743706702025],[-116.02667715131868,51.21988393672158],[-116.01655969969534,51.22362053019916],[-116.00760375193404,51.22201215487011],[-116.00206315311947,51.215413989794264],[-116.00653380292789,51.21076044228921],[-116.00638159029934,51.20874910887744],[-116.00405441275336,51.207918702438874],[-116.00437076567013,51.204164641462185],[-116.00002259211426,51.193947468584426],[-116.00612847296725,51.190191140692626],[-116.0213564960355,51.18707862611466],[-116.02064417439176,51.18259299564072],[-116.02388938728102,51.176195737174965],[-116.03684494251222,51.17004552672167],[-116.03049290304624,51.16323031705118],[-116.02574445525552,51.16300878462953],[-116.01995615793226,51.15725359475061],[-116.00740943444109,51.1563381779884],[-116.00967939849545,51.15442612100512],[-116.00988844177746,51.143774899705896],[-116.01561048756713,51.13809901925846],[-116.01128616524957,51.127738258944824],[-116.00446487367458,51.12468129085466],[-115.98697615857377,51.126312577995094],[-115.96829995890235,51.122163948246765],[-115.96652748006503,51.118652642378116],[-115.9675793797476,51.11605815001294],[-115.95726326559034,51.115181611690886],[-115.95040542420611,51.10690585033872],[-115.95053542474292,51.102141614551414],[-115.9484925986177,51.099263488176625],[-115.94155275481315,51.09697617195751],[-115.93255564737643,51.09675679073117],[-115.9303117903072,51.09089283286252],[-115.92664377095544,51.088633481346676],[-115.92360697960476,51.083109565729075],[-115.90719962578139,51.0841071218247],[-115.90385811307104,51.08289534565192],[-115.90448204613418,51.09099778906874],[-115.90090077051147,51.09376339290227],[-115.894742221158,51.08612524759717],[-115.88301961865302,51.08601843348851],[-115.86793338090881,51.08929039808441],[-115.85773305652366,51.079131917687356],[-115.84757370907616,51.08177163492896],[-115.84375588645462,51.079618657996356],[-115.84245825725567,51.07648442834135],[-115.83901031828188,51.077414527411165],[-115.8333715136832,51.07592704628484],[-115.82551683698014,51.082681625796965],[-115.81278381693866,51.08648719491422],[-115.81228136493426,51.083366671711374],[-115.80396550268081,51.07573593098605],[-115.80280691726836,51.06960431972136],[-115.78923190030575,51.072417685627954],[-115.78358783206532,51.069307002409126],[-115.78060561327727,51.06990751666628],[-115.77625986252896,51.066544358046706],[-115.76806235370964,51.069005079472284],[-115.75766950322,51.07511307149254],[-115.753420302569,51.07440522361696],[-115.75905285089539,51.07124251132127],[-115.75887539038396,51.06917069873884],[-115.76148377605394,51.06690024748136],[-115.7594003943761,51.063750461983865],[-115.76128877209587,51.06077730348582],[-115.77358692094617,51.05771905721951],[-115.7690789879894,51.0478372467424],[-115.77212598743483,51.046091832440595],[-115.7670356340761,51.03938827567425],[-115.74813086158294,51.03061883016227],[-115.74310994164757,51.03394619885511],[-115.73526331474996,51.02961993084424],[-115.7400344423929,51.02490879300159],[-115.73917793010655,51.0233588729389],[-115.72675961539167,51.01868790512023],[-115.71713375611381,51.01741183105531],[-115.71361675258443,51.01983541496859],[-115.70679594319807,51.020188393431596],[-115.69234846105634,51.02856478233775],[-115.69046628085955,51.02536622828611],[-115.69223785243821,51.01978170018876],[-115.68855940087636,51.01361040637814],[-115.67775057482947,51.00719850821394],[-115.67056319599673,50.999959527523735],[-115.65744252106778,51.0013075218026],[-115.64883405730203,50.99752045841084],[-115.6362331370429,50.982004658105886],[-115.62827687371716,50.980873972161255],[-115.62551949426283,50.97373688613774],[-115.62597086473411,50.97042003052254],[-115.62201372426149,50.96548218769532],[-115.61167410443839,50.958883506109544],[-115.61459585453834,50.95118767975516],[-115.6108482280617,50.94676212275655],[-115.59703971891528,50.93986026957451],[-115.59772844004817,50.93701385657404],[-115.60551793531978,50.933396691618185],[-115.60544518509053,50.929682149862344],[-115.60980042971646,50.9262802466195],[-115.59991772397551,50.9178810073194],[-115.5841758206255,50.915754496923334],[-115.58315984557181,50.91375257632012],[-115.5784646403473,50.913364456650065],[-115.57818016945681,50.909843936683835],[-115.5722015175573,50.907379224598266],[-115.56785601154463,50.89908973272396],[-115.56208276380087,50.894251125609635],[-115.57785545010732,50.888344862313815],[-115.59264618139753,50.89264113864051],[-115.59985284245867,50.890434640048234],[-115.59978892352319,50.88601447267103],[-115.60445202209776,50.88725370950834],[-115.61273163646463,50.88534349759201],[-115.6169077660073,50.87941452428878],[-115.62895113022692,50.879808897710326],[-115.64892946133638,50.87414760245163],[-115.65085264285982,50.87240237343135],[-115.65103589339384,50.86587726585896],[-115.64390200142667,50.85733101722669],[-115.6453951744733,50.85435454009441],[-115.64150723030554,50.839826261743056],[-115.639353483041,50.83796662120669],[-115.63138555355705,50.8367756066434],[-115.6269794375007,50.83343282762437],[-115.61805073485483,50.83571821792435],[-115.60656010784896,50.8456424866264],[-115.57813602173336,50.84050376242443],[-115.56487251302359,50.83217178839371],[-115.56425709720384,50.82901568016486],[-115.56077912207782,50.82653294119147],[-115.56231743282083,50.82488509633798],[-115.561798758729,50.82170520585316],[-115.56647598434536,50.81470467909838],[-115.56061158742642,50.81024410367772],[-115.56042907353822,50.80472887221783],[-115.55284788157444,50.80252333061012],[-115.55086991555115,50.79706590368448],[-115.54463520710563,50.79487894608131],[-115.53858041758632,50.79658772291944],[-115.5354821744728,50.795524444204446],[-115.53307689105822,50.79288237654435],[-115.53240758208122,50.78819245211924],[-115.51693869271757,50.78019661343021],[-115.51580277291106,50.784486978485845],[-115.51208873587983,50.786389581443196],[-115.50380817177891,50.785199004250565],[-115.49755826247342,50.78234575235559],[-115.49492597514146,50.78001645664873],[-115.50021772491732,50.77670176997818],[-115.49340782643212,50.770552051587025],[-115.49315481009755,50.767841763109594],[-115.50239110685389,50.7632671571077],[-115.508405000782,50.754296066654106],[-115.51854370924471,50.74576505760422],[-115.53442841843456,50.74226005182925],[-115.5519656018499,50.74076184990483],[-115.56528873064329,50.732196842750334],[-115.56693801801458,50.72765049993436],[-115.57217599628169,50.725789088568696],[-115.57402880523915,50.72061059672607],[-115.58587491141218,50.71507853169476],[-115.60009212418566,50.71102296195696],[-115.62125968676283,50.71225625334239],[-115.62886899219204,50.71601475586483],[-115.63177071372088,50.71951116809252],[-115.6416492152067,50.7218397489713],[-115.65042810974546,50.72639296138693],[-115.65177579215478,50.728792756469794],[-115.66286033398427,50.734099433197215],[-115.66505336699457,50.736240167328766],[-115.66554705877289,50.737373001718964],[-115.66752792199652,50.74004624168639],[-115.66799137253845,50.74027294217957],[-115.66968392196792,50.73582120748361],[-115.6767283933537,50.73363221495077],[-115.68717718093158,50.72533050275349],[-115.69811740781793,50.72102789767054],[-115.70088620652643,50.71786329530008],[-115.71177331030677,50.71251690521071],[-115.71311461133175,50.71054858935706],[-115.71743820229175,50.70880819607235],[-115.72514528856703,50.70943770701275],[-115.72721480289671,50.70644399932748],[-115.72949759993828,50.70603959617615],[-115.73033358407642,50.70205320788019],[-115.73772261234114,50.6977108078416],[-115.76040660947433,50.69529819922262],[-115.77464620863901,50.68382050240108],[-115.77771070217439,50.68381620237184],[-115.77877329671655,50.680425100107385],[-115.7831621071307,50.67921310741211],[-115.7847505222139,50.677632300960234],[-115.78268059078339,50.67469409231032],[-115.79063110918432,50.67442779047878],[-115.78868078628298,50.670592409341324],[-115.79013590141314,50.6682595134495],[-115.788549610793,50.66695210950538],[-115.7918619101586,50.663333199030355],[-115.79132438745509,50.66032238916434],[-115.79502628436,50.65876860760966],[-115.79320139367634,50.655390407447655],[-115.79578492010556,50.65338763428606],[-115.79638198763595,50.63976489981059],[-115.82204358175191,50.639765907945886],[-115.817099978001,50.639032667586164],[-115.81201484100583,50.63114837198351],[-115.811898172481,50.62853644607547],[-115.80565655643237,50.621270713964826],[-115.80084824322365,50.621100521542765],[-115.79880146511557,50.61881040266959],[-115.79834205828398,50.6163550607994],[-115.80409908240557,50.61382339783046],[-115.8034823736952,50.61057932470983],[-115.84289673551622,50.6107832609202],[-115.86934774918402,50.596437899150416],[-115.87644539153237,50.59557904128391],[-115.88963454001444,50.59669448762726],[-115.89866657633566,50.601301187476125],[-115.91611014968561,50.58902483725086],[-115.91531990845617,50.583356226354276],[-115.95283042746156,50.562591468271435],[-115.98910918987927,50.547665657471434],[-116.01205441224127,50.54799862653271],[-116.01191574879442,50.55129702157279],[-116.02258937136978,50.55150870621114],[-116.02256974287695,50.560766346953734],[-116.04624541142176,50.561382665413],[-116.04196101147826,50.55328034724212],[-116.04508830697273,50.54318837213381],[-116.03959450106223,50.53982435857536],[-116.03884358889842,50.53784386945788],[-116.05589710509557,50.53913198772202],[-116.12155283466598,50.53787720877975],[-116.1206633399227,50.51293936607196],[-116.22153263262803,50.51233171686807],[-116.26571414186807,50.49933867269351],[-116.31672336892738,50.473990098245444],[-116.31781205832587,50.46306623504406],[-116.363355134703,50.45097385877547],[-116.39070611851805,50.45165998643064],[-116.39857655943469,50.45411719161621],[-116.40349491876616,50.457646882097286],[-116.40837893768622,50.465679450555015],[-116.42017942184209,50.4682048936638],[-116.4372072942735,50.466749105888425],[-116.44945795449314,50.45817803427587],[-116.4640650003235,50.43903337818669],[-116.45660467902452,50.42615119904154],[-116.45320625962584,50.41622818929762],[-116.4653783978607,50.4106071735223],[-116.49020712537185,50.40773521729673],[-116.50701219499723,50.41127112032011],[-116.56259934631879,50.405117473764264],[-116.6168464614522,50.43065276258267],[-116.63007189343602,50.43045850632977],[-116.64769951146381,50.424083716227514],[-116.65232234159429,50.42022449890006],[-116.6832268370951,50.4304781112328],[-116.69131814977001,50.44310447365244],[-116.70368749452088,50.45308153138077],[-116.72243351380128,50.46150912287924],[-116.70493047464971,50.47959105351001],[-116.68919403145138,50.49236998750356],[-116.69918692448393,50.51849664010147],[-116.6728569989036,50.530993212142356],[-116.65952914001939,50.563737570554316],[-116.66740480572275,50.56854559815957],[-116.66410513493423,50.5795855936528],[-116.6541312010886,50.59860330987269],[-116.63134136299136,50.59742882752258],[-116.6143893772702,50.630850764350726],[-116.60342776286407,50.62505536203926],[-116.60143448870352,50.62073971333874],[-116.59411881967192,50.619337771330216],[-116.57866255026171,50.634552385234265],[-116.57961383247121,50.647275938143494],[-116.60227581270588,50.65332943506783],[-116.60761921207597,50.66855061709846],[-116.62542855663318,50.66572042852638],[-116.65281736294273,50.67083596090265],[-116.65566387222323,50.68221095834826],[-116.66699726785036,50.68148193533886],[-116.67807038832102,50.672125684921866],[-116.69920200395686,50.67081486680487],[-116.74435872471258,50.678093907822905],[-116.74994588990224,50.69317837521798],[-116.76895160890307,50.702078641074294],[-116.78039618632062,50.699010116907196],[-116.79525274807271,50.71254983155378],[-116.78856692964297,50.72160549290373],[-116.79654643935056,50.72930274054638],[-116.78244524322197,50.73548231442471],[-116.78874576797871,50.7394735852904],[-116.78997463412689,50.74552934108449],[-116.78478823064883,50.74911295655616],[-116.7789971880954,50.74915373528791],[-116.77520217622568,50.75115992446363],[-116.77195356757927,50.7667379595324],[-116.75986144893888,50.77013766647116],[-116.74535170351444,50.7712956896798],[-116.7456587291152,50.77934081136189],[-116.74952960836056,50.784213694349226],[-116.74952036198961,50.790847749171114],[-116.74807793905508,50.79617446975406],[-116.73996713992013,50.80263013439314],[-116.73784807443417,50.8064513807683],[-116.73923721413135,50.80861072791244],[-116.73763347831415,50.81323181113024],[-116.7458839649436,50.816212397622195],[-116.75300201401294,50.83093576266597],[-116.7634586312266,50.840069327681924],[-116.76534316749388,50.84574358296353],[-116.75992593887119,50.848367427069824],[-116.74937293219317,50.846992583238254],[-116.74645666561972,50.84798414438799],[-116.74408227126648,50.851872061901894],[-116.72416441463827,50.85320751269749],[-116.72423615320551,50.86365035830677],[-116.72761103951149,50.866600619371674],[-116.72864479616575,50.87118906135674],[-116.73346219411675,50.87637915561138],[-116.72708734211682,50.880277123629],[-116.71315571224973,50.88010120383228],[-116.70804396729481,50.88572536335744],[-116.70141418643206,50.886039971758464],[-116.69709529036999,50.88968224005804],[-116.69247513329303,50.89025767357478],[-116.68640297639186,50.888472843862395],[-116.67215888217858,50.88978323291114],[-116.64024591946797,50.90845475271539],[-116.63602875492222,50.91165418383712],[-116.63213383183765,50.91858496247963],[-116.62872660459794,50.920674280269566],[-116.53571241599059,50.92097309278577],[-116.53538045926194,50.9351367237024],[-116.49972248527537,50.934927567916944],[-116.49751125700541,50.93869439504055],[-116.49252017234163,50.93807163743251],[-116.48818533953121,50.94051692322978],[-116.46488690831768,50.9386351708554],[-116.46356040253508,50.93649004679844],[-116.44365167289084,50.93519713813116],[-116.44436273998276,50.949822268585436],[-116.31832348065092,50.94907748403492],[-116.32541438177701,50.96219604434003],[-116.337038931819,50.97547700641501],[-116.34692071406594,50.97899572218839],[-116.36534578810885,50.99134955667116],[-116.3809823729158,50.99923604525604],[-116.38068527827014,51.00717977555235],[-116.38458920525484,51.011865630975365],[-116.40361014421498,51.020109294117766],[-116.4073235689185,51.02791634458659],[-116.41855596744723,51.032647293324494],[-116.41847237132663,51.03658640491586],[-116.40635938677907,51.043219870348956],[-116.39105889935193,51.05558194971871],[-116.38440544361349,51.05499906291569],[-116.37938576356444,51.05801721528534],[-116.37098352205966,51.05979122912816],[-116.33978378699372,51.06435332617939],[-116.3375937040095,51.06759929187067],[-116.34051566221723,51.06824193177277],[-116.3184706843341,51.09546201389467],[-116.30820682858204,51.10282429584126],[-116.29191758189985,51.10899866499682],[-116.26216188006673,51.12655223906226],[-116.26451283733059,51.12915829460798],[-116.25645367026044,51.14078913761302],[-116.26211571819198,51.14582527032529],[-116.27435093292648,51.14990197863046],[-116.28241473425753,51.14964461873054],[-116.28434417724623,51.15138696148698],[-116.28921982389372,51.15721779113655],[-116.29142940463736,51.17380446077196],[-116.29754153309104,51.17996773070302],[-116.31572482208244,51.18245246918863],[-116.33211584842259,51.180609592760526],[-116.33905062836592,51.18522768472448],[-116.34339775439659,51.19220435620576],[-116.34646836591939,51.20778131658342],[-116.33509314684494,51.20844040688944],[-116.32709523738768,51.21461224982674],[-116.30109276424791,51.20865563856341],[-116.28617129901234,51.211423634668186],[-116.26336506010459,51.221798935697905],[-116.26468439498424,51.224965010727374],[-116.26310845364505,51.22659313528137],[-116.26223483063117,51.243007507851026],[-116.29657160533971,51.26169388064778],[-116.29023609176242,51.29084509427108],[-116.30081494489986,51.30232664751357],[-116.30519403585505,51.325384424392915],[-116.2826041242782,51.33150184478404],[-116.27480246511487,51.32816345665029],[-116.27460204211772,51.319435253243114],[-116.26909868910309,51.316155054385185],[-116.26801739459118,51.311933170812495],[-116.25997278344887,51.30979151026786],[-116.24338197142252,51.30138663792516],[-116.23601672416733,51.30275310664907],[-116.2271042452701,51.301536963969525],[-116.22663044489266,51.29974578886452],[-116.21908456221888,51.29450376170939]],[[-116.08181594517178,50.646449403624196],[-116.09094429290063,50.642395442937264],[-116.09260993608125,50.640258701437894],[-116.08961349904367,50.63703387993735],[-116.09470377022203,50.63703693966153],[-116.0958135172456,50.62281441979408],[-116.10378689859861,50.622991223175475],[-116.10252910708546,50.621293471769306],[-116.09597550187938,50.62020815077092],[-116.09636042628549,50.6170550625756],[-116.09086880046345,50.617398251584426],[-116.08377109748065,50.61165015626475],[-116.06949085618835,50.609249449198856],[-116.06930408670874,50.62319740813948],[-116.06416476610241,50.62331587128165],[-116.06509221424892,50.63386614183006],[-116.07218199938285,50.63324977688367],[-116.07240177823427,50.637095246549244],[-116.07694826378813,50.637345020069446],[-116.07550039123043,50.64042115200034],[-116.0798976671598,50.64906540860092],[-116.08181594517178,50.646449403624196]]]},"bbox":[-116.79654643935056,50.405117473764264,-115.49315481009755,51.33150184478404]},{"id":"5901801","type":"Feature","properties":{},"geometry":{"type":"Polygon","coordinates":[[[-115.04852377933689,49.001459419979575],[-115.048043085167,49.00005585517594],[-115.12814977387063,49.00008072620882],[-115.12975214032205,49.096254717427854],[-115.10777213136195,49.094309157812816],[-115.07457498443105,49.09415073250526],[-115.07371796097672,49.043151081141204],[-115.07567607558926,49.00270854743412],[-115.05238371256415,49.00278335375859],[-115.05221528282581,49.00141741384728],[-115.04852377933689,49.001459419979575]]]},"bbox":[-115.12975214032205,49.00005585517594,-115.048043085167,49.096254717427854]},{"id":"5901802","type":"Feature","properties":{},"geometry":{"type":"Polygon","coordinates":[[[-115.58956551902826,49.53632918284512],[-115.60033505301635,49.53588873975122],[-115.60053583972481,49.53937604960747],[-115.6059149600937,49.53943991837305],[-115.6061215504109,49.542995187131204],[-115.61153081326707,49.543179109127564],[-115.61129551904845,49.55429732034484],[-115.58915152854405,49.553712106160965],[-115.58956551902826,49.53632918284512]]]},"bbox":[-115.61153081326707,49.53588873975122,-115.58915152854405,49.55429732034484]},{"id":"5901803","type":"Feature","properties":{},"geometry":{"type":"Polygon","coordinates":[[[-115.7908978380596,49.67647079447945],[-115.70025483078986,49.67608001627705],[-115.68760510717233,49.67124465956272],[-115.68403231702457,49.666499243295235],[-115.68361689877675,49.660872149106694],[-115.6910386077645,49.65796104796096],[-115.69231642683062,49.655799152190376],[-115.69146282352712,49.654044559220466],[-115.68793250753657,49.65238525969721],[-115.66720922427503,49.65026035841776],[-115.65856412289435,49.63861035098552],[-115.65964489376115,49.632605853069975],[-115.65852111198502,49.63010926113815],[-115.6498320080952,49.62686066851559],[-115.64113658083473,49.62637060383862],[-115.63284879928305,49.62087599360521],[-115.63594600857003,49.61745300957098],[-115.64116389921573,49.61691825185309],[-115.64180719605636,49.614182355179835],[-115.64946220315407,49.617204463233755],[-115.65304452908515,49.61478186148278],[-115.65790970722166,49.615098057817626],[-115.66391383089689,49.61269406283269],[-115.6662691237629,49.61415234907065],[-115.6670723544126,49.61788204260531],[-115.67124096539625,49.618184482176794],[-115.67518252531396,49.616657507433786],[-115.68124621117298,49.617876685855705],[-115.68488150442205,49.614696399503465],[-115.69295961192346,49.61153326645896],[-115.69945680272299,49.613944469921286],[-115.70004300500199,49.61196899630078],[-115.70583341786966,49.61015460875982],[-115.70776042203016,49.60461165860989],[-115.7111435155658,49.60494636272909],[-115.71020831073405,49.60106674843539],[-115.71874650196382,49.60057826712302],[-115.71896050947039,49.59664035138683],[-115.72381552355037,49.5977640643033],[-115.7322110232274,49.593160961964976],[-115.74644690447806,49.5889624699295],[-115.75456971245947,49.589976451696195],[-115.76509530124916,49.58632044842504],[-115.77526322424431,49.58576364867702],[-115.77944611155337,49.58393636294331],[-115.77957747655967,49.580280955513736],[-115.78324041218049,49.58107790625484],[-115.7854839091437,49.58227429403153],[-115.78587160885586,49.5870354677949],[-115.7903743378538,49.58813530472464],[-115.79047713580462,49.603650001291186],[-115.78586875023163,49.60363814972836],[-115.78600136157914,49.59575693822534],[-115.77750055250748,49.595779834877064],[-115.77814255383643,49.623655409711226],[-115.78684842741147,49.62657931080688],[-115.78660297062618,49.61975900576059],[-115.79027314000416,49.61969001413288],[-115.79015091748276,49.66129535096602],[-115.8131021468661,49.66125778034175],[-115.8135497455488,49.676486606844705],[-115.7908978380596,49.67647079447945]]]},"bbox":[-115.8135497455488,49.580280955513736,-115.63284879928305,49.676486606844705]},{"id":"5901804","type":"Feature","properties":{},"geometry":{"type":"Polygon","coordinates":[[[-115.94685100246971,50.46084457051677],[-115.94809020833826,50.44707822757293],[-115.930413878497,50.44695699283132],[-115.91951116151411,50.4548279747962],[-115.89684447506987,50.45249241641696],[-115.89177099427106,50.396172826978024],[-115.85847847752538,50.39563237563832],[-115.86044558169974,50.36699376499299],[-115.85740690557414,50.355754374511534],[-115.87169601255066,50.35576386591143],[-115.8752153055333,50.35914346431929],[-115.87838892983616,50.356863365588445],[-115.89311550535028,50.36036890415636],[-115.89637810605582,50.36408689803319],[-115.89552771508426,50.36507825766654],[-115.902153810355,50.37001447242274],[-115.8995199996246,50.37385707371064],[-115.89320700155051,50.37543767764367],[-115.89237881221648,50.37840298964479],[-115.89644809437173,50.38226409527671],[-115.90208092021764,50.38231249888307],[-115.90376848968474,50.385367400891525],[-115.90913049642386,50.38616209304867],[-115.91174610270214,50.388510607604445],[-115.90777420478011,50.394821302520135],[-115.90920452450572,50.39674695343863],[-115.90796582599401,50.39927204919898],[-115.92117131683018,50.40311020140519],[-115.92918953239398,50.4034349632676],[-115.93452579714277,50.40636175595083],[-115.93580461360797,50.40775035034441],[-115.92507851860205,50.407164967606256],[-115.92297790635106,50.4098624488579],[-115.92594750094253,50.41173387017157],[-115.92927719783272,50.41761015565717],[-115.93593932282947,50.42053114950347],[-115.93501749186673,50.42212345610843],[-115.93706481245232,50.421260351409906],[-115.94164550593334,50.42353347117273],[-115.94585732142306,50.42654846736484],[-115.94408029591277,50.42665816386021],[-115.95454309402848,50.43168135614033],[-115.96394929528039,50.440705157682515],[-115.97741151365877,50.44929597379497],[-115.98413159404964,50.45184675669681],[-115.9842424975591,50.45430232280674],[-115.97068239891665,50.45462716788505],[-115.97103989641931,50.46149129602605],[-115.9467734093522,50.46210929782498],[-115.94685100246971,50.46084457051677]]]},"bbox":[-115.9842424975591,50.355754374511534,-115.85740690557414,50.46210929782498]},{"id":"5901805","type":"Feature","properties":{},"geometry":{"type":"Polygon","coordinates":[[[-115.55969841939549,49.48794308853144],[-115.57089750106029,49.48846829417585],[-115.57088088870105,49.49504046364073],[-115.55996032089297,49.49496912493048],[-115.55969841939549,49.48794308853144]]]},"bbox":[-115.57089750106029,49.48794308853144,-115.55969841939549,49.49504046364073]},{"id":"5901806","type":"Feature","properties":{},"geometry":{"type":"Polygon","coordinates":[[[-115.99475945038525,50.5197242528765],[-115.99463011319169,50.51469493476222],[-116.00035114604725,50.51653854180479],[-116.00050182597583,50.51541055880481],[-116.01964098344358,50.51615485492533],[-116.02254658655606,50.51961771061268],[-116.02370872186209,50.524132403426336],[-116.02939703896752,50.526513659346776],[-116.03115726880901,50.530330999777476],[-116.03702901528833,50.53419167179894],[-116.0394291164106,50.5396606485134],[-116.04499212399283,50.54298895993165],[-116.04196101147826,50.55328034724212],[-116.04624541142176,50.561382665413],[-116.02256974287695,50.560766346953734],[-116.02258937136978,50.55150870621114],[-116.01191574879442,50.55129702157279],[-116.01254283350296,50.54107559662082],[-115.9953115677141,50.541050991778825],[-115.99475945038525,50.5197242528765]]]},"bbox":[-116.04624541142176,50.51469493476222,-115.99463011319169,50.561382665413]},{"id":"5901808","type":"Feature","properties":{},"geometry":{"type":"Polygon","coordinates":[[[-115.76509530124916,49.58632044842504],[-115.75456971245947,49.589976451696195],[-115.75404713092811,49.58491055357189],[-115.75271826029608,49.58511617865573],[-115.75248435787675,49.58303536194983],[-115.75016707162195,49.58366007758878],[-115.75076741649387,49.58156877041685],[-115.76981837204812,49.580420259475986],[-115.77001038919592,49.5770339449019],[-115.78144112241894,49.578243006038605],[-115.78095636850252,49.58042603672659],[-115.77893661523704,49.58108794465776],[-115.77867022008225,49.584557368064985],[-115.76509530124916,49.58632044842504]]]},"bbox":[-115.78144112241894,49.5770339449019,-115.75016707162195,49.589976451696195]}],"bbox":[-116.79654643935056,48.99885049632903,-114.05375826471493,51.33150184478404]}