{"type":"FeatureCollection","features":[{"id":"5903004","type":"Feature","properties":{},"geometry":{"type":"Polygon","coordinates":[[[-116.50727474877625,49.13102742813427],[-116.50695520135768,49.10714516860564],[-116.49579764405932,49.10617767198262],[-116.49500334411896,49.0986700079418],[-116.49625837383438,49.09547496538022],[-116.48979232478786,49.09544627935554],[-116.49516084172294,49.094864060827916],[-116.49352021293397,49.088307980930054],[-116.52214608436557,49.088198299517764],[-116.52466232258494,49.09526400672815],[-116.52676640311277,49.09525335021287],[-116.52634927651093,49.091853821655555],[-116.52900489024357,49.09198394867507],[-116.52898986416132,49.09015462328387],[-116.53351317315771,49.0900852853131],[-116.53334969693393,49.093412603879806],[-116.52859803647843,49.0994975341498],[-116.52342559639509,49.09931189621279],[-116.53149759205155,49.11229570420942],[-116.53767013179993,49.11681636589953],[-116.533349676478,49.11719075784053],[-116.53407826179483,49.120139095765545],[-116.52896840521592,49.120826099961306],[-116.52355210789149,49.1208442043361],[-116.52352851213995,49.11859849194049],[-116.51758745041744,49.118595067581964],[-116.51756999051425,49.13110204421166],[-116.50727474877625,49.13102742813427]]]},"bbox":[-116.53767013179993,49.088198299517764,-116.48979232478786,49.13110204421166]},{"id":"5903010","type":"Feature","properties":{},"geometry":{"type":"Polygon","coordinates":[[[-116.88530688263683,49.8693271967259],[-116.86211430835225,49.87074788720086],[-116.85261660523722,49.868951656074806],[-116.81952174113844,49.870706140556514],[-116.69325430111256,49.87005989176863],[-116.68475235076173,49.86066854629706],[-116.69095595278834,49.842764545900806],[-116.68387983908966,49.82459688909896],[-116.67359233694584,49.816845257858276],[-116.68504049146055,49.811808403749176],[-116.65845952746477,49.78166207341349],[-116.6394619037423,49.78513904410209],[-116.63458874331542,49.77765270782128],[-116.62437521602523,49.77690922400387],[-116.623843362715,49.763894660375556],[-116.61113736414302,49.74525188963501],[-116.59092207249913,49.72489085481608],[-116.60763270825225,49.71577833603128],[-116.59057617528391,49.69937240751936],[-116.59457383471072,49.69474753621429],[-116.62879972336475,49.68387300908785],[-116.65732762053574,49.667814646816794],[-116.67539107339157,49.648294863743],[-116.67757062594181,49.6333472997967],[-116.67070296039887,49.62962824206141],[-116.64829416911164,49.63075294160518],[-116.64536140759411,49.619761898107186],[-116.66401313916778,49.60733228771279],[-116.68921230899655,49.57274286317154],[-116.64464539291417,49.55872301134874],[-116.62516823590764,49.53884149863634],[-116.6445335867308,49.502912099017074],[-116.66735240094559,49.47221586708572],[-116.6323399354655,49.45867950072303],[-116.61779018375516,49.47210620084931],[-116.59515049212733,49.47701760629287],[-116.57957793424599,49.45519883905821],[-116.56381202995149,49.46066687259703],[-116.54393810587095,49.46511129687255],[-116.54127919187337,49.457795698515135],[-116.5428539584035,49.45086738315524],[-116.54126907040397,49.44470511930207],[-116.53568647764332,49.43324555859367],[-116.5295503992491,49.412540770291415],[-116.53054033311122,49.395415346126],[-116.55813686171997,49.37780650313744],[-116.56265481904917,49.37105681250389],[-116.5743380578659,49.367954287534644],[-116.58501298862491,49.36052709357401],[-116.58443919542773,49.348918966206966],[-116.59188553855942,49.34123933301629],[-116.58728348199412,49.33460609259139],[-116.57011169734815,49.32431057287197],[-116.56119588660432,49.309851139787014],[-116.55992714883924,49.305227352788506],[-116.56097190907207,49.303295797344575],[-116.54956613151137,49.300184331114814],[-116.5383300284522,49.30076941239043],[-116.5259959903146,49.30450045746486],[-116.52195583993426,49.30799677621942],[-116.51336012558131,49.31172592021603],[-116.4997464883359,49.31346548401545],[-116.49719870864223,49.30728285122541],[-116.49521751183278,49.30638785951667],[-116.49799870178563,49.29540005868389],[-116.50758033324709,49.27783675746908],[-116.50488362166618,49.26971164732232],[-116.49054090855753,49.25699347226544],[-116.48596141136609,49.255911051579034],[-116.48067382571728,49.256949261041804],[-116.45754361454449,49.25320937023729],[-116.45097919944286,49.25032676008672],[-116.44907190904293,49.24757375705471],[-116.44246281267941,49.2452209501994],[-116.44148981028991,49.24003536038433],[-116.43671080725402,49.236269755578256],[-116.44111831683082,49.2305159475621],[-116.44130391520471,49.21876056498178],[-116.44445451442529,49.2134240613106],[-116.44451692910722,49.207855350954254],[-116.44064043783696,49.19861656050005],[-116.44590730513782,49.17933846314033],[-116.44952764191356,49.17864070521113],[-116.45153463946684,49.16633648380308],[-116.46918394315739,49.1667183690928],[-116.46907364964268,49.162443913328794],[-116.49154875020007,49.16284699463959],[-116.49163283650213,49.164097269606884],[-116.50679091282004,49.16447773467302],[-116.50706578502957,49.17259909706547],[-116.51771096844003,49.172691486668484],[-116.51738657304521,49.168391193812255],[-116.5407625786959,49.168777206813644],[-116.5412661382885,49.1708325297174],[-116.54473995341553,49.16965576449279],[-116.5447241443063,49.17447926400848],[-116.55105787258536,49.175545696931295],[-116.56168968497832,49.174609499276016],[-116.56312715842945,49.17691240553901],[-116.56273749146013,49.18194895650642],[-116.57236189346246,49.187737710227374],[-116.58139398474063,49.19021959348335],[-116.58140278863524,49.1953756982152],[-116.58426227503395,49.19706141199616],[-116.58631328588639,49.20135960368402],[-116.58954120503303,49.20264820130175],[-116.59169810420283,49.209056401411786],[-116.60113469410851,49.21623230531109],[-116.60473517624695,49.22362439343941],[-116.615048181435,49.232672501335074],[-116.61701711317778,49.238224793014105],[-116.62666539968588,49.249380091455755],[-116.63264532076445,49.25387939678844],[-116.64900754115455,49.260872704817395],[-116.6548374044594,49.27528590625996],[-116.66011317845218,49.281568096818816],[-116.66436088394018,49.28433539328952],[-116.68277320614442,49.284308507469056],[-116.69275064385307,49.2870893191582],[-116.68804910573941,49.277491802186034],[-116.68863651047704,49.260704108975546],[-116.68461481153369,49.24938670562248],[-116.68846330515552,49.23325609491358],[-116.68588980358696,49.22836960755331],[-116.67914158669184,49.22253910500424],[-116.69460752436466,49.213852814613176],[-116.7149068455191,49.211243874923866],[-116.72988181040712,49.20580634779419],[-116.75341768002525,49.20431228568972],[-116.77133826964884,49.194148871980815],[-116.80714164409773,49.18715589397529],[-116.82825877384846,49.1768326898053],[-116.83852496821387,49.179048299525505],[-116.85111783065986,49.191081510358025],[-116.87117812990275,49.204629286800525],[-116.88470789851677,49.19684349804864],[-116.9004661849226,49.19025079932262],[-116.91556419456175,49.189275785655155],[-116.94195211432205,49.18452984086218],[-116.94481203692473,49.18137802438554],[-116.94605655608488,49.17252111209323],[-116.94341927031437,49.15766053026548],[-116.94415215753659,49.15476171176915],[-116.95893541098835,49.16003397483442],[-116.990455947578,49.16277953731967],[-117.01446348098649,49.15839116745712],[-117.03882676367763,49.156073796089565],[-117.03320433794617,49.158099339272745],[-117.02939082729208,49.163989433439376],[-117.04041142843121,49.170050283031614],[-117.03829015961283,49.176803465156574],[-117.04600025772167,49.17990378240048],[-117.04450463752819,49.18094789475234],[-117.04573096681067,49.186279503158225],[-117.04990354216673,49.19059086827161],[-117.04674748921782,49.19293621251658],[-117.04614504066745,49.19559243031942],[-117.04805314813495,49.197157878887424],[-117.04734945883511,49.20233327190205],[-117.04407907700646,49.203471761664126],[-117.0456035984267,49.20484424918128],[-117.04092424317568,49.21045855319084],[-117.04015523255214,49.21450211590927],[-117.04288932135195,49.217162542586635],[-117.03579137651467,49.219289281147944],[-117.03304988542179,49.22229018117532],[-117.03380931949732,49.2291554334814],[-117.02984690344124,49.230137313545924],[-117.03092418894755,49.23915318641049],[-117.02397032818217,49.243673487305934],[-117.01134802550753,49.24682028412601],[-117.00975730129937,49.25414323669505],[-117.02683461733378,49.26641592338863],[-117.02823833487058,49.270640502844465],[-117.03365383776664,49.2767188486495],[-117.04104713488479,49.280580089689],[-117.03914031886812,49.29253225610671],[-117.04678899455354,49.28668018937238],[-117.06159138479337,49.28344794047343],[-117.07123083191583,49.288258151312505],[-117.06285695308912,49.30690112518501],[-117.07094530014713,49.31580596905017],[-117.07157575237659,49.321597702188825],[-117.06453761924344,49.334748364937816],[-117.06220466094163,49.35021101694724],[-117.05399684223907,49.36451554209476],[-117.0590084859476,49.367636511897985],[-117.06337095122298,49.374039216035996],[-117.0634745242628,49.38253041317471],[-117.08194931556659,49.38550294188079],[-117.09058355272538,49.38261530298952],[-117.0985845208172,49.38303761408019],[-117.1058767004594,49.38697290778416],[-117.10561056904714,49.40252006574148],[-117.1003592386216,49.41818464001254],[-117.1041968377356,49.42392971590475],[-117.12066808212091,49.431446973780055],[-117.11769366352259,49.44823919013003],[-117.11186633088334,49.45562916407185],[-117.10088055515959,49.4643499469351],[-117.08868923096631,49.4708952336568],[-117.0794922909593,49.473749333051416],[-117.06866817386444,49.47276283431942],[-116.80563814035993,49.474957465536406],[-116.81221064352852,49.511090578064184],[-116.81338599169484,49.54421759220572],[-116.83227891823707,49.58165216704012],[-116.83637739644011,49.58795440337183],[-116.85968780255355,49.60978570255837],[-116.86597608490753,49.61361010833178],[-116.90174335913078,49.6268725065082],[-116.9082094291886,49.63721105227474],[-116.8976734883291,49.66119387124879],[-116.89195082175442,49.681622058260196],[-116.88621910439453,49.71617375621937],[-116.88247906641267,49.78413233468054],[-116.87904208321184,49.80200723473676],[-116.8809802765425,49.81007132400793],[-116.88530688263683,49.8693271967259]]]},"bbox":[-117.12066808212091,49.15476171176915,-116.43671080725402,49.87074788720086]},{"id":"5903011","type":"Feature","properties":{},"geometry":{"type":"Polygon","coordinates":[[[-117.29377534575448,49.19835249966754],[-117.27613061974662,49.19848675350556],[-117.27472085809352,49.19985054559332],[-117.27174477665538,49.19847115097301],[-117.27096602109037,49.18190383336252],[-117.27487568955644,49.18126485890052],[-117.27405693543656,49.178797597948204],[-117.28173211282831,49.1801748074639],[-117.28374508278432,49.18674899012283],[-117.28202411012946,49.18798948511797],[-117.28341632428302,49.18959414597225],[-117.29345417907555,49.191027350519015],[-117.29301691013195,49.19395510706097],[-117.29488130557534,49.19476211236762],[-117.29377534575448,49.19835249966754]]]},"bbox":[-117.29488130557534,49.178797597948204,-117.27096602109037,49.19985054559332]},{"id":"5903013","type":"Feature","properties":{},"geometry":{"type":"Polygon","coordinates":[[[-116.39535804803353,49.519638559571845],[-116.37347616262974,49.516337396062426],[-116.36239332400368,49.51309041639308],[-116.34950642510962,49.52375975811774],[-116.31244729088165,49.524599073042026],[-116.30344998950297,49.520976965807606],[-116.29675212779728,49.511643108066316],[-116.28910205006372,49.508553700541206],[-116.28175816110527,49.48918390957309],[-116.28258809453774,49.47765116015842],[-116.28485128430529,49.47239783017987],[-116.26659989689063,49.47077573588794],[-116.25779271601075,49.46799207739712],[-116.24527205365887,49.457975408868016],[-116.24891952356629,49.4519519833305],[-116.25988097876471,49.447966754484256],[-116.23739934511073,49.42814322545057],[-116.23804383593372,49.42330410563556],[-116.24166085897555,49.42015546496125],[-116.23571527473588,49.4169611335477],[-116.21589722857917,49.4165624811324],[-116.21052017467521,49.41354649138747],[-116.209661735522,49.404605453684574],[-116.1829170100728,49.39082961578019],[-116.18196445606864,49.379645157505585],[-116.17904939273241,49.37603696332116],[-116.16682348593564,49.36840186615605],[-116.16467671799019,49.35862016706729],[-116.16533406828114,49.352282153977086],[-116.17141424030504,49.350095707174376],[-116.18521755547329,49.3370165919621],[-116.18572559786035,49.329130596484376],[-116.1889562198938,49.32193454076357],[-116.17611828059052,49.30712229074893],[-116.17109197046673,49.29354612294175],[-116.16800172949158,49.289260800863424],[-116.15847066732252,49.283352792518414],[-116.14471088287259,49.284128839982586],[-116.1308445121434,49.27844900672736],[-116.12623788461468,49.28279168761536],[-116.11549685590286,49.288282341479274],[-116.10771362093762,49.28771793120843],[-116.10216958263351,49.28182210550712],[-116.095124749302,49.27946463936615],[-116.07930674669863,49.26275198327159],[-116.07262303337359,49.25864367402608],[-116.07784570148651,49.25285863945622],[-116.07822215162216,49.24630850401908],[-116.07117776273905,49.24091080737873],[-116.07007242433073,49.2320150624856],[-116.08593006082253,49.20854462242657],[-116.10076538905089,49.198450235907245],[-116.0284715750203,49.197549570897124],[-116.02810855180324,49.13832783773028],[-116.0324602149667,49.058759095959324],[-116.03560536407352,49.05484367818646],[-116.02481205206321,49.044953031639196],[-116.02706004212007,49.00003137404987],[-116.50344205398765,49.000005607089896],[-116.50493218148027,49.00893739820198],[-116.51282824609561,49.02070702534011],[-116.51788799487004,49.023252099633154],[-116.52786117846264,49.02475749519106],[-116.53665529609992,49.02894114093407],[-116.53640751335271,49.030499894260345],[-116.53161619930745,49.032882610972685],[-116.51142998125566,49.036973681354],[-116.51128368342503,49.068946779776226],[-116.5244993537304,49.06949108579541],[-116.5275858544467,49.076147591111955],[-116.52688417623267,49.082929594351185],[-116.50301265372626,49.07339059491118],[-116.4990689029773,49.06981247839509],[-116.49093430696648,49.0723930856635],[-116.48670038190018,49.07166596832455],[-116.48921039731809,49.08253544130862],[-116.51230561026163,49.082496294515934],[-116.51242853601688,49.08824275104633],[-116.49352021293397,49.088307980930054],[-116.49516084172294,49.094864060827916],[-116.48979232478786,49.09544627935554],[-116.49625837383438,49.09547496538022],[-116.49500334411896,49.0986700079418],[-116.49579764405932,49.10617767198262],[-116.50695520135768,49.10714516860564],[-116.50727409544172,49.13114952903547],[-116.49419868803625,49.13116266432034],[-116.49376406318586,49.15782009354181],[-116.49154875020007,49.16284699463959],[-116.46907364964268,49.162443913328794],[-116.46918394315739,49.1667183690928],[-116.45153463946684,49.16633648380308],[-116.44952764191356,49.17864070521113],[-116.44590730513782,49.17933846314033],[-116.4448565229651,49.1860977657474],[-116.44166671052743,49.192703264775176],[-116.44064043783696,49.19861656050005],[-116.44451692910722,49.207855350954254],[-116.44445451442529,49.2134240613106],[-116.44130391520471,49.21876056498178],[-116.44111831683082,49.2305159475621],[-116.43671080725402,49.236269755578256],[-116.44148981028991,49.24003536038433],[-116.44277430232006,49.24555565277631],[-116.44907190904293,49.24757375705471],[-116.45097919944286,49.25032676008672],[-116.45754361454449,49.25320937023729],[-116.48067382571728,49.256949261041804],[-116.48596141136609,49.255911051579034],[-116.49054090855753,49.25699347226544],[-116.50488362166618,49.26971164732232],[-116.50758033324709,49.27783675746908],[-116.49799870178563,49.29540005868389],[-116.49521751183278,49.30638785951667],[-116.49719870864223,49.30728285122541],[-116.4997464883359,49.31346548401545],[-116.51336012558131,49.31172592021603],[-116.52195583993426,49.30799677621942],[-116.5259959903146,49.30450045746486],[-116.5383300284522,49.30076941239043],[-116.54956613151137,49.300184331114814],[-116.56097190907207,49.303295797344575],[-116.55992714883924,49.305227352788506],[-116.56119588660432,49.309851139787014],[-116.57011169734815,49.32431057287197],[-116.58728348199412,49.33460609259139],[-116.59188553855942,49.34123933301629],[-116.58443919542773,49.348918966206966],[-116.58501298862491,49.36052709357401],[-116.5743380578659,49.367954287534644],[-116.56265481904917,49.37105681250389],[-116.55813686171997,49.37780650313744],[-116.53054033311122,49.395415346126],[-116.5295503992491,49.412540770291415],[-116.53568647764332,49.43324555859367],[-116.54126907040397,49.44470511930207],[-116.5428539584035,49.45086738315524],[-116.54127919187337,49.457795698515135],[-116.54393810587095,49.46511129687255],[-116.53497883251053,49.46713954218364],[-116.50948671588628,49.478892424401174],[-116.49175346145206,49.48965097320831],[-116.46391818660145,49.497033151519936],[-116.4594958672111,49.50519816900696],[-116.45624010315437,49.51822089906656],[-116.4507429425216,49.52690043485721],[-116.44023189304765,49.53245101877613],[-116.42351199020575,49.53366080085716],[-116.41479074602853,49.529770523684824],[-116.4117755801687,49.52640492980937],[-116.39535804803353,49.519638559571845]]]},"bbox":[-116.59188553855942,49.000005607089896,-116.02481205206321,49.53366080085716]},{"id":"5903015","type":"Feature","properties":{},"geometry":{"type":"MultiPolygon","coordinates":[[[[-117.4587534512859,49.465947393968925],[-117.45859273634255,49.459555752046604],[-117.46493166228784,49.459472221134625],[-117.46993372187723,49.45550133038554],[-117.4700484937809,49.45126377611767],[-117.50836796816051,49.450958164735866],[-117.50852120630174,49.44667893664873],[-117.51420306266779,49.44660044712549],[-117.51440447034618,49.44158881626106],[-117.51756992348265,49.44360616648342],[-117.51754361708781,49.442274570028346],[-117.52364960853401,49.441924172257245],[-117.52340842224754,49.44388535209065],[-117.51798431657919,49.44622105448121],[-117.52052277709896,49.450335542940635],[-117.52485120917433,49.44865659683105],[-117.52274053741462,49.45620011944998],[-117.51439851654698,49.46077071678986],[-117.48954983052343,49.46254232988065],[-117.48054963996837,49.45962402394138],[-117.47440194059881,49.46022581940727],[-117.46445444988287,49.47637828753269],[-117.46145861001915,49.475047067224544],[-117.46346722770785,49.4669888605125],[-117.4587534512859,49.465947393968925]]],[[[-117.28307196359081,49.51820956386282],[-117.27623920960394,49.51431838556568],[-117.27105593121792,49.51806570571865],[-117.26104583396372,49.518474556269],[-117.26167391817617,49.511085120790305],[-117.26509147618987,49.504077745863725],[-117.27332767933073,49.497645231011276],[-117.27328752808195,49.49336811676856],[-117.27912043964089,49.4933237676559],[-117.28001157922715,49.49202087247455],[-117.27981338157873,49.48611362307908],[-117.28259672032904,49.48083889019103],[-117.2828753646803,49.472864394022295],[-117.28791800657096,49.47294449273656],[-117.28964490872221,49.47519520310144],[-117.29076720953037,49.47444282444173],[-117.28995420664158,49.47221911896363],[-117.29295078130659,49.47215662954391],[-117.29301940360281,49.473580592975736],[-117.29608740970743,49.473494064330445],[-117.29611709033607,49.475502350818005],[-117.30318827876467,49.47462288535353],[-117.30357201660195,49.476127805233276],[-117.31081086368702,49.47599819116643],[-117.31094399658836,49.474598578773524],[-117.31449244240547,49.47901217241515],[-117.3120053746516,49.48277626366429],[-117.30751188786554,49.4822884584283],[-117.30803715222868,49.48639276017936],[-117.31810229306024,49.48590163168861],[-117.33092529745842,49.48987044003339],[-117.3358160222348,49.49363194064025],[-117.34082919280897,49.494970916877094],[-117.31233440638007,49.48902988751351],[-117.30325815295849,49.496086510043426],[-117.29473500854455,49.50000007401851],[-117.2841361139231,49.509310600021465],[-117.28688017262182,49.51076713701192],[-117.28379341657464,49.516745712628264],[-117.2884065126196,49.518210264784024],[-117.28307196359081,49.51820956386282]]]]},"bbox":[-117.52485120917433,49.44158881626106,-117.26104583396372,49.518474556269]},{"id":"5903017","type":"Feature","properties":{},"geometry":{"type":"Polygon","coordinates":[[[-116.68277320614442,49.284308507469056],[-116.66436088394018,49.28433539328952],[-116.66011317845218,49.281568096818816],[-116.6548374044594,49.27528590625996],[-116.64900754115455,49.260872704817395],[-116.63264532076445,49.25387939678844],[-116.62666539968588,49.249380091455755],[-116.61701711317778,49.238224793014105],[-116.615048181435,49.232672501335074],[-116.60473517624695,49.22362439343941],[-116.60113469410851,49.21623230531109],[-116.59169810420283,49.209056401411786],[-116.58954120503303,49.20264820130175],[-116.58631328588639,49.20135960368402],[-116.58426227503395,49.19706141199616],[-116.58140278863524,49.1953756982152],[-116.58139398474063,49.19021959348335],[-116.57236189346246,49.187737710227374],[-116.56273749146013,49.18194895650642],[-116.56312715842945,49.17691240553901],[-116.56168968497832,49.174609499276016],[-116.55105787258536,49.175545696931295],[-116.5447241443063,49.17447926400848],[-116.54473995341553,49.16965576449279],[-116.5412661382885,49.1708325297174],[-116.5407625786959,49.168777206813644],[-116.51738657304521,49.168391193812255],[-116.51771096844003,49.172691486668484],[-116.50706578502957,49.17259909706547],[-116.50679091282004,49.16447773467302],[-116.49163283650213,49.164097269606884],[-116.49376406318586,49.15782009354181],[-116.49419868803625,49.13116266432034],[-116.51756999051425,49.13110204421166],[-116.51758745041744,49.118595067581964],[-116.52352851213995,49.11859849194049],[-116.52355210789149,49.1208442043361],[-116.52896840521592,49.120826099961306],[-116.53407826179483,49.120139095765545],[-116.533349676478,49.11719075784053],[-116.53767013179993,49.11681636589953],[-116.53149759205155,49.11229570420942],[-116.52342559639509,49.09931189621279],[-116.52859803647843,49.0994975341498],[-116.53334969693393,49.093412603879806],[-116.53351317315771,49.0900852853131],[-116.52898986416132,49.09015462328387],[-116.52900489024357,49.09198394867507],[-116.52634927651093,49.091853821655555],[-116.52676640311277,49.09525335021287],[-116.52466232258494,49.09526400672815],[-116.52214608436557,49.088198299517764],[-116.51242853601688,49.08824275104633],[-116.51230561026163,49.082496294515934],[-116.48921039731809,49.08253544130862],[-116.48670038190018,49.07166596832455],[-116.49093430696648,49.0723930856635],[-116.4990689029773,49.06981247839509],[-116.50301265372626,49.07339059491118],[-116.52688417623267,49.082929594351185],[-116.5275858544467,49.076147591111955],[-116.5244993537304,49.06949108579541],[-116.56244757048462,49.06997583171007],[-116.5591695011875,49.064071452346695],[-116.54463182396113,49.06412416391364],[-116.53872353071665,49.06201345840394],[-116.54042530494897,49.057072857422135],[-116.54777323925835,49.04824996332513],[-116.54679351489094,49.04621325588724],[-116.53491520613119,49.0446281526489],[-116.52587792733617,49.04818014870548],[-116.52210403745872,49.04624895841805],[-116.5171528238963,49.03616126294538],[-116.53161619930745,49.032882610972685],[-116.53640751335271,49.030499894260345],[-116.53665529609992,49.02894114093407],[-116.52786117846264,49.02475749519106],[-116.51788799487004,49.023252099633154],[-116.51282824609561,49.02070702534011],[-116.50493218148027,49.00893739820198],[-116.50344205398765,49.000005607089896],[-116.91355060811956,49.00007813468285],[-116.91384809167307,49.00561416581803],[-116.9092788322049,49.00840243597645],[-116.89621578867212,49.010663873301894],[-116.88535519888637,49.02845858547985],[-116.89053216149314,49.04268312375609],[-116.90230744038081,49.04539333289528],[-116.92080415990003,49.055578274957874],[-116.91452286830155,49.05819314564959],[-116.92451254611932,49.064238699644406],[-116.96174047563385,49.059339893974546],[-116.95941647904304,49.053309834439425],[-116.9781788244872,49.049799739866216],[-116.99276705586466,49.05046358295161],[-117.00293655758432,49.055629839211065],[-117.00973124221599,49.057055066198444],[-117.01780067718518,49.05557377659678],[-117.0213201137723,49.05171213145152],[-117.03038237228955,49.05094098334741],[-117.04426909653522,49.05801548071063],[-117.04701524377377,49.06306839581754],[-117.05441428901968,49.069479480871784],[-117.04722600908826,49.077462031006725],[-117.05180726617364,49.08910132097975],[-117.05660750566538,49.09524684276527],[-117.05334719792289,49.097447571911445],[-117.05226483545115,49.10242915973559],[-117.04709032301662,49.10449960120501],[-117.04767905575859,49.113435410239006],[-117.04629238572221,49.11820069325377],[-117.04172958388855,49.120974962720794],[-117.03535049648106,49.12037510604943],[-117.03185021551421,49.12220246597136],[-117.0262009253552,49.129041181814785],[-117.02572288127585,49.135643479871085],[-117.02729062733138,49.137598249745686],[-117.025125790255,49.1412728330955],[-117.02563979529987,49.14313680320164],[-117.03046669216889,49.15037663187947],[-117.03882676367763,49.156073796089565],[-117.01446348098649,49.15839116745712],[-116.990455947578,49.16277953731967],[-116.95893541098835,49.16003397483442],[-116.94415215753659,49.15476171176915],[-116.94341927031437,49.15766053026548],[-116.94605655608488,49.17252111209323],[-116.94481203692473,49.18137802438554],[-116.94195211432205,49.18452984086218],[-116.91556419456175,49.189275785655155],[-116.9004661849226,49.19025079932262],[-116.88470789851677,49.19684349804864],[-116.87117812990275,49.204629286800525],[-116.85111783065986,49.191081510358025],[-116.83852496821387,49.179048299525505],[-116.82825877384846,49.1768326898053],[-116.80714164409773,49.18715589397529],[-116.77133826964884,49.194148871980815],[-116.75341768002525,49.20431228568972],[-116.72988181040712,49.20580634779419],[-116.7149068455191,49.211243874923866],[-116.69460752436466,49.213852814613176],[-116.67914158669184,49.22253910500424],[-116.68588980358696,49.22836960755331],[-116.68846330515552,49.23325609491358],[-116.68461481153369,49.24938670562248],[-116.68863651047704,49.260704108975546],[-116.68804910573941,49.277491802186034],[-116.69275064385307,49.2870893191582],[-116.68277320614442,49.284308507469056]]]},"bbox":[-117.05660750566538,49.000005607089896,-116.48670038190018,49.2870893191582]},{"id":"5903019","type":"Feature","properties":{},"geometry":{"type":"Polygon","coordinates":[[[-117.46357228818789,49.76290579738671],[-117.46327847892285,49.76099699823718],[-117.47531955383667,49.761403028023445],[-117.47333718971468,49.76489350668452],[-117.47482891554158,49.76839430438797],[-117.47298678628123,49.77155029620697],[-117.47082484109539,49.77276080870435],[-117.46452197312837,49.77220856829906],[-117.46357228818789,49.76290579738671]]]},"bbox":[-117.47531955383667,49.76099699823718,-117.46327847892285,49.77276080870435]},{"id":"5903023","type":"Feature","properties":{},"geometry":{"type":"Polygon","coordinates":[[[-116.9065080121338,49.9192546386387],[-116.90500148493656,49.91900269703674],[-116.90380458063274,49.91332271193005],[-116.89817704177699,49.91166806317864],[-116.89669842374947,49.90886800006273],[-116.89758696084957,49.905520692714354],[-116.9019665488606,49.90130436128158],[-116.90795446917441,49.900100587705225],[-116.92007891683065,49.901300684019915],[-116.91978690181999,49.904532507974935],[-116.92586033537603,49.9040244145357],[-116.92569723175306,49.90184991991514],[-116.94746052018522,49.902008178931],[-116.94737721493681,49.904722514589686],[-116.9198145074826,49.905048570852884],[-116.92091332755021,49.918143853983466],[-116.9065080121338,49.9192546386387]]]},"bbox":[-116.94746052018522,49.900100587705225,-116.89669842374947,49.9192546386387]},{"id":"5903027","type":"Feature","properties":{},"geometry":{"type":"Polygon","coordinates":[[[-117.35300401406197,49.9547732030959],[-117.35550929155298,49.95319370226567],[-117.35378889437108,49.952297392773104],[-117.35684376762663,49.9490699433011],[-117.36334870467688,49.94682978327884],[-117.36676447179053,49.951126891698806],[-117.36522291634158,49.95614530719394],[-117.36155279217039,49.95885985361393],[-117.35300401406197,49.9547732030959]]]},"bbox":[-117.36676447179053,49.94682978327884,-117.35300401406197,49.95885985361393]},{"id":"5903032","type":"Feature","properties":{},"geometry":{"type":"Polygon","coordinates":[[[-117.37371095831972,49.99641144251581],[-117.36697634897558,49.99681567048778],[-117.3677430826252,49.9914093906754],[-117.36135272655943,49.99089051997354],[-117.37225962223,49.989024642671886],[-117.37074274825838,49.98038043886102],[-117.38204186311957,49.98090179050433],[-117.38582739583038,49.98494204153045],[-117.38683474904089,49.99042689958529],[-117.38032468100728,49.99717106603155],[-117.3769477400755,49.9985586922373],[-117.37371095831972,49.99641144251581]]]},"bbox":[-117.38683474904089,49.98038043886102,-117.36135272655943,49.9985586922373]},{"id":"5903039","type":"Feature","properties":{},"geometry":{"type":"Polygon","coordinates":[[[-117.26404132364806,51.05429921186501],[-117.2243466289883,51.05925718779979],[-117.2106729914756,51.06606348286929],[-117.20376037347874,51.065934157401784],[-117.19901080827516,51.06356102389019],[-117.20104766020954,51.058616068483055],[-117.19874727618738,51.055050967923556],[-117.19076197517047,51.054829971848996],[-117.17252738217927,51.045247493546974],[-117.1626667330861,51.04434596093496],[-117.1602696376416,51.036504516431144],[-117.16523957279743,51.02849945273283],[-117.16382666232879,51.026322391289135],[-117.14750338003529,51.02506488921825],[-117.1378828442023,51.028013234620936],[-117.13098412564922,51.022469904263204],[-117.13012918669817,51.018104903823456],[-117.13805793807806,51.005777924509005],[-117.1544684062993,50.99837747369796],[-117.15536598648097,50.996014319530104],[-117.16523488059285,50.99351685617017],[-117.1622209815567,50.986379526520544],[-117.16207681390723,50.98131605321646],[-117.15522956525363,50.975847827638376],[-117.14349103836469,50.97272601068918],[-117.13178450541635,50.97679762112192],[-117.1223599517789,50.9777380556711],[-117.11068165055927,50.97346342684386],[-117.11189067021883,50.96991413672044],[-117.10884193551959,50.96754776068392],[-117.09518685625972,50.970968153887206],[-117.08366266049663,50.96897464197435],[-117.06657764493896,50.971768032839655],[-117.06474299913464,50.968230531217976],[-117.0586453231046,50.965139542784605],[-117.04979616948998,50.9660060552057],[-117.0331090485987,50.958091918585524],[-117.03327089177387,50.955840602980686],[-117.03805842817975,50.95486300598598],[-117.04110838507721,50.94748939047683],[-117.04849948297012,50.94483352891601],[-117.04827369325801,50.940871994801604],[-117.06896026855632,50.92014922556802],[-117.06892147050826,50.91800722403116],[-117.06499004086803,50.916328467675804],[-117.06579454439618,50.91396372353736],[-117.06340376012157,50.9098383046692],[-117.0673945819081,50.90683044009947],[-117.06512539448637,50.90386248037491],[-117.07113609662376,50.898706423325514],[-117.07599214060487,50.89838705942132],[-117.07518200805299,50.8958827773904],[-117.06976586013754,50.89176569874822],[-117.07004730507066,50.889425949818964],[-117.07153298522208,50.88617311856957],[-117.07594616955053,50.88285442823359],[-117.07933476276376,50.869923297449006],[-117.0839493578223,50.86456808994769],[-117.082318194165,50.861205603740075],[-117.07897100642614,50.85960065872038],[-117.07588004023681,50.85549235742102],[-117.06465541607574,50.85322857532886],[-117.04573107560915,50.85881274374671],[-117.04152836851932,50.8564145274614],[-117.04683090856349,50.84683258102416],[-117.04798793963758,50.838628634593924],[-117.04582811012743,50.835406892487406],[-117.0504288365009,50.829887918452116],[-117.04056892564373,50.82188278130606],[-117.03811285972512,50.81500363511493],[-117.02704461715442,50.815133427929155],[-117.01555813785315,50.81987660006683],[-117.0121610619917,50.819416895260225],[-117.0035891865751,50.81367415775755],[-116.98964322872668,50.80921119876465],[-116.98067819412027,50.810648774186],[-116.96425748094718,50.81029057745411],[-116.95854693014668,50.80857273408999],[-116.9540893476966,50.80298767549778],[-116.93258187075666,50.796781449605085],[-116.92973777416867,50.79190282229212],[-116.92986978875555,50.78903992505941],[-116.9276246593902,50.786916565837394],[-116.92856887213676,50.78406607642321],[-116.92230298731134,50.77980714834395],[-116.92144757851577,50.773584916319784],[-116.91615541431744,50.77056851834348],[-116.90652460309617,50.77192176764377],[-116.89780249604131,50.76935629952787],[-116.89170136163705,50.7711069793247],[-116.88966834712822,50.76847541020362],[-116.88027467281286,50.77014606780151],[-116.87188479878806,50.760886520412356],[-116.8610813849518,50.756685237764884],[-116.8470730574299,50.76048984226002],[-116.83701073929188,50.76145302555822],[-116.82819338326848,50.75890335863357],[-116.82965921921567,50.749326476241635],[-116.82308640441968,50.74803939607787],[-116.81618905142867,50.74250074501979],[-116.82059872926753,50.7351506990605],[-116.80956065324266,50.72658601601545],[-116.8024528453885,50.72950651930687],[-116.79654643935056,50.72930274054638],[-116.78856692964297,50.72160549290373],[-116.79525274807271,50.71254983155378],[-116.78039618632062,50.699010116907196],[-116.76895160890307,50.702078641074294],[-116.74994588990224,50.69317837521798],[-116.74435872471258,50.678093907822905],[-116.69920200395686,50.67081486680487],[-116.67807038832102,50.672125684921866],[-116.66699726785036,50.68148193533886],[-116.65566387222323,50.68221095834826],[-116.65281736294273,50.67083596090265],[-116.62542855663318,50.66572042852638],[-116.60761921207597,50.66855061709846],[-116.60227581270588,50.65332943506783],[-116.57961383247121,50.647275938143494],[-116.57866255026171,50.634552385234265],[-116.59411881967192,50.619337771330216],[-116.60143448870352,50.62073971333874],[-116.60342776286407,50.62505536203926],[-116.6143893772702,50.630850764350726],[-116.63134136299136,50.59742882752258],[-116.6541312010886,50.59860330987269],[-116.66410513493423,50.5795855936528],[-116.66740480572275,50.56854559815957],[-116.65952914001939,50.563737570554316],[-116.6728569989036,50.530993212142356],[-116.69918692448393,50.51849664010147],[-116.68919403145138,50.49236998750356],[-116.70493047464971,50.47959105351001],[-116.72243351380128,50.46150912287924],[-116.70368749452088,50.45308153138077],[-116.69131814977001,50.44310447365244],[-116.6832268370951,50.4304781112328],[-116.65256703778562,50.420473179665464],[-116.64456766246492,50.412400402996184],[-116.63738850773632,50.3957224580249],[-116.63155875574738,50.39038711769987],[-116.63505550535346,50.378537945269095],[-116.61380064064693,50.35017829206009],[-116.6227916544841,50.345024047319384],[-116.6248692052519,50.33837850508075],[-116.62200927954076,50.3345540723333],[-116.62298742474577,50.32743477664728],[-116.61540869795112,50.32307042907973],[-116.61818524545318,50.3175128326829],[-116.60211114995194,50.31105845476737],[-116.59087462336628,50.308416115048786],[-116.57854292480684,50.31088834231133],[-116.55942804231206,50.31767707823736],[-116.54079395165306,50.318999121113876],[-116.54504099281112,50.30086853765146],[-116.5549553625688,50.28348768045669],[-116.54946005599909,50.26468296669705],[-116.54981222206307,50.24871625602337],[-116.5542780243117,50.236357658254775],[-116.55680954133598,50.212876203275876],[-116.54748030890174,50.205638720928],[-116.5257078200557,50.20430901235202],[-116.50033230078526,50.19790702213147],[-116.49051785544823,50.19089110642528],[-116.48796614235174,50.18168698559266],[-116.48884043434451,50.17352597992646],[-116.48134207182379,50.16772206232788],[-116.47562667825416,50.15947032174169],[-116.46404549980164,50.1557904928133],[-116.45852965206197,50.15729494813171],[-116.45360994783009,50.15500872427253],[-116.45246031635473,50.14225171452289],[-116.44991875084048,50.13345714954474],[-116.45213595567658,50.12421325866541],[-116.45916706107003,50.11778868210815],[-116.46731889037586,50.11515558203875],[-116.48011006348378,50.114698208161336],[-116.48260257451538,50.10689331568717],[-116.49516791224222,50.09379070120658],[-116.49825863111201,50.05618011142934],[-116.47143576823531,50.03791064443104],[-116.46673290488312,50.02044440147351],[-116.46914210983213,50.01352885821569],[-116.46582002782094,50.00143082660289],[-116.44207214097713,49.98775969580472],[-116.44311443770277,49.97928702360472],[-116.45125529926061,49.96561213893666],[-116.47188007950838,49.966237784067246],[-116.49848330728396,49.97778314675674],[-116.49743171578545,49.980963789326644],[-116.51013997477698,49.98499481032799],[-116.54621910149702,49.962068267515804],[-116.56556679247986,49.95298115806027],[-116.57883171558835,49.95462464132378],[-116.58389815125865,49.94883950256995],[-116.58480896682146,49.92968239347951],[-116.59979592725028,49.92529458667191],[-116.62076043722297,49.90997354790693],[-116.62254249002424,49.89726072423883],[-116.64563442279602,49.88259355838913],[-116.67673842715546,49.88229025390518],[-116.6971683765994,49.87452522478934],[-116.69325430111256,49.87005989176863],[-116.81952174113844,49.870706140556514],[-116.85261660523722,49.868951656074806],[-116.86211430835225,49.87074788720086],[-116.88530688263683,49.8693271967259],[-116.8809802765425,49.81007132400793],[-116.87904208321184,49.80200723473676],[-116.88247906641267,49.78413233468054],[-116.88621910439453,49.71617375621937],[-116.89093827651412,49.690531270973764],[-117.06230905521302,49.6901980473511],[-117.08179347256998,49.6920844835691],[-117.10228575300675,49.69878811768394],[-117.11270088264752,49.70402692556062],[-117.12311106280436,49.72326987050852],[-117.12820110911471,49.73655157560298],[-117.1399182364381,49.74475629986073],[-117.14671472260233,49.74512186455172],[-117.15798466832526,49.75176135224198],[-117.17472282309323,49.757056825927656],[-117.18431961741085,49.75644945360182],[-117.19147938869041,49.75415497260663],[-117.19405015195973,49.7490666314416],[-117.1927275420083,49.74374364094977],[-117.20311949368805,49.75184877861976],[-117.22535338254173,49.75974291638946],[-117.21082156402314,49.77112886461035],[-117.19785479760513,49.77708742939577],[-117.19554125182155,49.77964617965382],[-117.20434195457041,49.79435862498176],[-117.2041538960827,49.80180147535865],[-117.2096116557808,49.811285005564265],[-117.21227553344151,49.8143503998684],[-117.22895605417557,49.824294461250524],[-117.23213588928381,49.83010038066514],[-117.2287424879264,49.8434838043523],[-117.21166747368063,49.859128499025495],[-117.20516069038477,49.858276550066584],[-117.19598259544722,49.86103755917657],[-117.18053959992122,49.8709004511044],[-117.18574145328114,49.87563611183847],[-117.1875136864734,49.879914488421434],[-117.18292900598432,49.88856246544597],[-117.17428475300335,49.89575358139614],[-117.18150728703993,49.908705171540426],[-117.17419693400677,49.91258594251381],[-117.17486143849537,49.92175545935406],[-117.1684374364438,49.92533423162555],[-117.15928775412391,49.92533380643253],[-117.13093560842472,49.931656019546715],[-117.13631519030722,49.940072009392246],[-117.12907879456606,49.947908093933194],[-117.13235280513625,49.96826101176117],[-117.14396694807516,49.98245422552501],[-117.18324332551605,49.99307555604081],[-117.17889456671247,49.99951405538392],[-117.18688924940899,50.00488904597973],[-117.18965237881214,50.02501887070624],[-117.2042191466341,50.03423617750405],[-117.20458753060495,50.03669154476394],[-117.2011754318134,50.04007888484872],[-117.20692957956646,50.04290573292518],[-117.21118986447362,50.048777620589526],[-117.21327458255806,50.05718671568879],[-117.21299152575786,50.06083292778123],[-117.2098838355947,50.06455307560479],[-117.20651973853185,50.074827620449646],[-117.19063717188665,50.0827653942643],[-117.1936449513449,50.08900415481077],[-117.17358961529605,50.094244987627256],[-117.16453251431248,50.122147176350154],[-117.16680541223559,50.1284441720064],[-117.20847515440971,50.13442951783823],[-117.232413494816,50.135518171759934],[-117.23681364077139,50.139656639372106],[-117.22737558604182,50.14398683013635],[-117.2264617037709,50.1553714977463],[-117.20994195572628,50.17304979481376],[-117.20114612782882,50.18646446729752],[-117.21898989188401,50.195192784987],[-117.24582576620803,50.1952627633301],[-117.27511412504639,50.20887260965122],[-117.26527757863079,50.21892734389244],[-117.25987925340516,50.23767357876749],[-117.23512297618412,50.23560135488461],[-117.22611755313287,50.24087368208097],[-117.22124049573948,50.253353406807456],[-117.24067299507259,50.25618695112484],[-117.23373551616568,50.26763151715521],[-117.23581152761416,50.294535388563595],[-117.27938110221352,50.290399172075475],[-117.29008396293999,50.28028731984659],[-117.3035495380754,50.279907360315605],[-117.31127825015213,50.27728686781839],[-117.3172745982578,50.2657525577136],[-117.3391391234308,50.25933874374476],[-117.36229438986432,50.26550246072849],[-117.36827302116816,50.27820672579405],[-117.36805436419574,50.28706277385903],[-117.36097786970018,50.32566372638292],[-117.3931613872646,50.343112375651806],[-117.39988987095316,50.353825358298955],[-117.39436556368061,50.35590801357257],[-117.38137344573488,50.356400628672276],[-117.37475153696259,50.35947102038743],[-117.3744859411939,50.368911062018434],[-117.37657336112228,50.372859094639985],[-117.3743954461992,50.37600394143386],[-117.37459652591434,50.38012274137373],[-117.36926487629763,50.38233164725128],[-117.36604361817717,50.38852652560008],[-117.36020281671625,50.391979756908874],[-117.35895011250044,50.39632140940566],[-117.36310039489207,50.40558844568911],[-117.37716465525936,50.408078032245115],[-117.3796382051615,50.41119849128148],[-117.3958521150198,50.41932515806684],[-117.40299832955002,50.41942957020852],[-117.4126021754215,50.424832927654165],[-117.41455281404252,50.42515532053836],[-117.41595632627457,50.42204252741531],[-117.4201716293175,50.42115178283113],[-117.45413926035869,50.42542437361624],[-117.46246848684055,50.42869945422174],[-117.4663475347052,50.431309874267576],[-117.46700551168826,50.4344979891475],[-117.47485807078012,50.43645272056857],[-117.48770821641416,50.44548867873541],[-117.48905594766293,50.44810604271028],[-117.49555491930595,50.450429230569334],[-117.49973912666384,50.45714486959498],[-117.50160728830295,50.469946406325654],[-117.49376142980198,50.4758091730868],[-117.49674939923771,50.47729262603307],[-117.4989155227163,50.485235532236146],[-117.49435268716314,50.48898889378654],[-117.48054288962048,50.49125029186546],[-117.4732748241553,50.494485083504706],[-117.46294135273313,50.49253837371222],[-117.45103119549738,50.49352562639948],[-117.43589674553095,50.4843684395074],[-117.36594500462694,50.48644152335887],[-117.34272585259862,50.483438725253805],[-117.32119839990476,50.48731823292684],[-117.29570844658116,50.49702783556155],[-117.28136003680855,50.50469494980313],[-117.27809076184869,50.5111874461088],[-117.27101388511238,50.51367218356121],[-117.26222034246598,50.51397617128518],[-117.24384554441114,50.519470935602904],[-117.2406850030821,50.52404271850217],[-117.24503559836208,50.53508080136599],[-117.2569624955102,50.53836645439207],[-117.25882271784381,50.544338411478726],[-117.27077366731092,50.553021199444416],[-117.27982649322551,50.55611807051833],[-117.2857890141238,50.562057614107076],[-117.3006405362375,50.56813374253917],[-117.30704650768867,50.57241228739426],[-117.30679805198028,50.57744720089844],[-117.2733670386276,50.59780209273768],[-117.27339079446523,50.60276313657857],[-117.26783257395415,50.61356761879306],[-117.24382377510042,50.62309830739341],[-117.2295906740433,50.632113634468084],[-117.23080217602167,50.635629606846585],[-117.22915236484707,50.646811319297456],[-117.23271042073567,50.65133490073757],[-117.23483449729524,50.652935280282485],[-117.25431839077469,50.65447056562368],[-117.26423551904789,50.66468797552885],[-117.27590853071845,50.67130426100904],[-117.2680121387301,50.67441812800185],[-117.27046315213316,50.68560765317514],[-117.26342436177399,50.692546240223145],[-117.26313159445556,50.71208534268794],[-117.26641312882762,50.71988753470773],[-117.25839221709279,50.728226307613994],[-117.25375973787534,50.73053371165637],[-117.25476204368083,50.73524640876443],[-117.25208262610494,50.742011898435806],[-117.25511309655734,50.74454541458098],[-117.26149170046654,50.74604037274581],[-117.26623192818454,50.744059362468384],[-117.273541960451,50.74459249652823],[-117.28475710299347,50.73742324539142],[-117.3013696570351,50.733395431840215],[-117.30873889377409,50.738394399007454],[-117.31060072668427,50.732768903329756],[-117.31406035329209,50.72920620522716],[-117.32061658409026,50.72684076273852],[-117.32310516546507,50.72417896975563],[-117.35636429297219,50.71997409331996],[-117.36120163174398,50.71646513951921],[-117.36072651051154,50.71239145498235],[-117.36693704821045,50.70808514677457],[-117.37082572736571,50.701982084389904],[-117.37611252224794,50.706540020295726],[-117.39288267691417,50.709143958385916],[-117.39775150815902,50.711392836783205],[-117.39730713842256,50.713328666609854],[-117.40110234414982,50.71615189090534],[-117.40146932327293,50.71854579556818],[-117.39438817396868,50.7190289946231],[-117.39228278722818,50.722088799617644],[-117.38227537819542,50.747573454712345],[-117.38996703006148,50.7505957672382],[-117.39023364980262,50.758715047285364],[-117.39639289531455,50.7643940023869],[-117.40084880595306,50.7765867565486],[-117.41265203660795,50.78170866169668],[-117.42909635297735,50.78276504065521],[-117.43087936056871,50.784920970034435],[-117.43268608728906,50.796832533488825],[-117.44908871544507,50.796473384726134],[-117.45534793716911,50.79767186507922],[-117.45874789356745,50.800389659868884],[-117.46679317633345,50.81119153776098],[-117.4641179726344,50.81775764849169],[-117.45326301166192,50.830042968821076],[-117.45540356137631,50.83102745642037],[-117.4603038238963,50.84969260523149],[-117.47043673014423,50.8599643696942],[-117.46968884241264,50.86621470620672],[-117.47261732505191,50.86671963756666],[-117.4748965353961,50.87022521317965],[-117.48009773991856,50.87247480142171],[-117.48201345787353,50.877662339892495],[-117.48750825158685,50.87946102389819],[-117.49064209723038,50.883108353647],[-117.48823515013487,50.886395383504286],[-117.47539990287433,50.892527141274925],[-117.47473192238157,50.89655721745632],[-117.46728691829848,50.90241180249537],[-117.45912602793494,50.89933181037575],[-117.44492873693515,50.90026341108021],[-117.43250333544208,50.903746245218294],[-117.43126948526097,50.905432169313265],[-117.42611341603836,50.903966182444634],[-117.4176000683671,50.90924658641717],[-117.41639243361001,50.91919319224499],[-117.41891480254894,50.92453898683676],[-117.42450652300545,50.92396388296756],[-117.43131173645068,50.92619912016358],[-117.43419577300669,50.93048578452947],[-117.44098172054233,50.934365794415974],[-117.4382447925946,50.93666950261529],[-117.43862064654243,50.94680325300462],[-117.43643566751278,50.948592848228394],[-117.42989008145166,50.948267004047295],[-117.42902730356391,50.95034410158326],[-117.40889475930497,50.96038722420346],[-117.39780181501175,50.961195566744614],[-117.39694762544077,50.96816937694552],[-117.39960235819791,50.97645942126933],[-117.40180529406427,50.978812491903184],[-117.39846017008176,50.982735304759366],[-117.39861549132033,50.985948546263806],[-117.38778758487001,50.99085405046598],[-117.38796912336302,50.996556865883406],[-117.39019579856323,50.99979620237941],[-117.37320757589214,51.0127158479937],[-117.37226240784132,51.016623372242464],[-117.35561878213748,51.024759900994205],[-117.34639934589167,51.034005554011664],[-117.34750007287535,51.03888147455587],[-117.34080017110507,51.03632832765759],[-117.32937977960702,51.03801568554583],[-117.32726655163678,51.03556117171327],[-117.32438201538119,51.03549828172201],[-117.31505258322018,51.037734789516556],[-117.30431168902204,51.0513240472628],[-117.27912999735001,51.05512333062114],[-117.26404132364806,51.05429921186501]],[[-116.92036611248882,49.912560284985354],[-116.9198145074826,49.905048570852884],[-116.94737721493681,49.904722514589686],[-116.94746052018522,49.902008178931],[-116.92569723175306,49.90184991991514],[-116.92586033537603,49.9040244145357],[-116.91978690181999,49.904532507974935],[-116.92007891683065,49.901300684019915],[-116.90795446917441,49.900100587705225],[-116.9019665488606,49.90130436128158],[-116.89695494018122,49.90658594844685],[-116.89817704177699,49.91166806317864],[-116.90380458063274,49.91332271193005],[-116.90559554388169,49.91936795869167],[-116.92091332755021,49.918143853983466],[-116.92036611248882,49.912560284985354]]]},"bbox":[-117.50160728830295,49.6901980473511,-116.44207214097713,51.06606348286929]},{"id":"5903041","type":"Feature","properties":{},"geometry":{"type":"Polygon","coordinates":[[[-117.1399182364381,49.74475629986073],[-117.12820110911471,49.73655157560298],[-117.12311106280436,49.72326987050852],[-117.11270088264752,49.70402692556062],[-117.10228575300675,49.69878811768394],[-117.08179347256998,49.6920844835691],[-117.06230905521302,49.6901980473511],[-116.89093827651412,49.690531270973764],[-116.89195082175442,49.681622058260196],[-116.8976734883291,49.66119387124879],[-116.9082094291886,49.63721105227474],[-116.90174335913078,49.6268725065082],[-116.86597608490753,49.61361010833178],[-116.85968780255355,49.60978570255837],[-116.83637739644011,49.58795440337183],[-116.83227891823707,49.58165216704012],[-116.81338599169484,49.54421759220572],[-116.81221064352852,49.511090578064184],[-116.80563814035993,49.474957465536406],[-117.06866817386444,49.47276283431942],[-117.0794922909593,49.473749333051416],[-117.08868923096631,49.4708952336568],[-117.10088055515959,49.4643499469351],[-117.11186633088334,49.45562916407185],[-117.11769366352259,49.44823919013003],[-117.11966147673482,49.437794704724496],[-117.22963811877777,49.43629400587608],[-117.22904354610932,49.41141658986992],[-117.25017552670687,49.41152145802278],[-117.27210118656824,49.42070228831576],[-117.30649753554401,49.418053527005014],[-117.31989783475699,49.410145287828776],[-117.33481889587955,49.412298092756785],[-117.38369981175855,49.39253027462425],[-117.3904989828808,49.39234165838429],[-117.39406426180277,49.396114421759584],[-117.40084219469738,49.39722219378181],[-117.41692343346453,49.393531791155745],[-117.41969705721678,49.38848579082294],[-117.41337726198162,49.382572584324095],[-117.41439104264359,49.379951336971544],[-117.42198418633764,49.375666541052006],[-117.43020144726937,49.37500033111106],[-117.43053594263013,49.3671606143149],[-117.43289265543824,49.36109988981097],[-117.45143963177583,49.352679556981364],[-117.46100121607216,49.33872286561902],[-117.4708874162799,49.33645700494044],[-117.49121921591288,49.33745224295908],[-117.49087380422466,49.34899073606216],[-117.55493492602201,49.34870789062322],[-117.55459107761841,49.35582295601077],[-117.54934640609589,49.356175685342386],[-117.54927878282255,49.36296141846314],[-117.54328275963093,49.36309624692424],[-117.54345619724151,49.36998527254244],[-117.53754264803342,49.37038095212113],[-117.53777300733842,49.3772255627461],[-117.53111271174426,49.377544075183835],[-117.53193670224464,49.38436539022022],[-117.52617895178737,49.38460266641418],[-117.52571815978993,49.3917249218472],[-117.51501004873033,49.39197323036137],[-117.51471086190774,49.42164120726722],[-117.51842788783375,49.43346894378887],[-117.51695940964179,49.43592331849871],[-117.4827315796651,49.43592212772065],[-117.4817509448443,49.451347457022344],[-117.4700484937809,49.45126377611767],[-117.46993372187723,49.45550133038554],[-117.46493166228784,49.459472221134625],[-117.45859273634255,49.459555752046604],[-117.45889110292643,49.466985033406885],[-117.4633397212121,49.466763863543015],[-117.46379053769964,49.46925336445806],[-117.46148272675168,49.47470526790318],[-117.46254982809988,49.4761346538299],[-117.4567013157888,49.48085919355466],[-117.44430198618714,49.48580970826619],[-117.42400279569368,49.48306810756355],[-117.420114380051,49.48320909994666],[-117.41316151939883,49.48756999936795],[-117.40762051962989,49.48850860814076],[-117.3989738877589,49.48676249651648],[-117.38990048067534,49.487420198837455],[-117.38305221335123,49.49060260156046],[-117.37910961674575,49.49628760760419],[-117.37002649152753,49.49967870459077],[-117.35902689000301,49.50037369377099],[-117.34391600764549,49.498557207104504],[-117.33437078957476,49.4942446872538],[-117.34082919280897,49.494970916877094],[-117.3398692989189,49.493951853255425],[-117.33604880659355,49.493749953490884],[-117.33092529745842,49.48987044003339],[-117.31810229306024,49.48590163168861],[-117.30803715222868,49.48639276017936],[-117.30751188786554,49.4822884584283],[-117.3120053746516,49.48277626366429],[-117.31449244240547,49.47901217241515],[-117.31094399658836,49.474598578773524],[-117.31081086368702,49.47599819116643],[-117.30357201660195,49.476127805233276],[-117.30318827876467,49.47462288535353],[-117.29611709033607,49.475502350818005],[-117.29608740970743,49.473494064330445],[-117.29301940360281,49.473580592975736],[-117.29295078130659,49.47215662954391],[-117.28995420664158,49.47221911896363],[-117.29076720953037,49.47444282444173],[-117.28964490872221,49.47519520310144],[-117.28791800657096,49.47294449273656],[-117.2828753646803,49.472864394022295],[-117.28259672032904,49.48083889019103],[-117.27981338157873,49.48611362307908],[-117.28001157922715,49.49202087247455],[-117.27912043964089,49.4933237676559],[-117.27328752808195,49.49336811676856],[-117.27332767933073,49.497645231011276],[-117.26565373052934,49.503384140100174],[-117.26167391817617,49.511085120790305],[-117.26104583396372,49.518474556269],[-117.27105593121792,49.51806570571865],[-117.2572961057639,49.5293788960152],[-117.24588007643402,49.55332859757298],[-117.22688418264255,49.56625880145362],[-117.21843620930015,49.56951718695545],[-117.21520640173728,49.572798002543365],[-117.16101250157536,49.600637789384606],[-117.15523610362065,49.60264190464315],[-117.14736625930709,49.60218126810426],[-117.12656279621218,49.59690520699697],[-117.12426459711304,49.597489290518595],[-117.12628330275794,49.60018941171942],[-117.12480108777476,49.60154379228596],[-117.12669099142575,49.60869520354363],[-117.12595836121255,49.615400910566315],[-117.13458540415726,49.61553664471366],[-117.14882390546501,49.62740606099182],[-117.14880443567174,49.63002375736483],[-117.15226632565309,49.63478636831275],[-117.15375291223165,49.644795649798425],[-117.1479464241701,49.652789769859524],[-117.14499931342175,49.658757268779425],[-117.14536681099594,49.661221063751015],[-117.14239532522001,49.66381605268298],[-117.14345701566647,49.6667014479919],[-117.14200612530222,49.668322154684326],[-117.14125000669804,49.67551016782085],[-117.14389811139644,49.68005765043993],[-117.15301521035548,49.68751197087333],[-117.1582583320765,49.69726356663027],[-117.15858061673853,49.702263963977074],[-117.1532644117604,49.70998037000489],[-117.15257542114546,49.71976606667389],[-117.15703130036823,49.724732202844386],[-117.16250420667473,49.726904264551756],[-117.16896652561444,49.734189065017624],[-117.16998821555912,49.736795350476775],[-117.16899581477792,49.73828076359718],[-117.1717776018975,49.744114367284254],[-117.18425925270388,49.756453350158736],[-117.17472282309323,49.757056825927656],[-117.15798466832526,49.75176135224198],[-117.14671472260233,49.74512186455172],[-117.1399182364381,49.74475629986073]]]},"bbox":[-117.55493492602201,49.33645700494044,-116.80563814035993,49.757056825927656]},{"id":"5903043","type":"Feature","properties":{},"geometry":{"type":"Polygon","coordinates":[[[-117.16218622592714,49.727381367926434],[-117.15703130036823,49.724732202844386],[-117.15257542114546,49.71976606667389],[-117.1518990142259,49.71664706442362],[-117.15443533141762,49.70719026686743],[-117.15858061673853,49.702263963977074],[-117.1579506031266,49.69638336331304],[-117.15301521035548,49.68751197087333],[-117.14389811139644,49.68005765043993],[-117.14125000669804,49.67551016782085],[-117.14200612530222,49.668322154684326],[-117.14345701566647,49.6667014479919],[-117.14239532522001,49.66381605268298],[-117.14536681099594,49.661221063751015],[-117.14499931342175,49.658757268779425],[-117.1479464241701,49.652789769859524],[-117.15375291223165,49.644795649798425],[-117.15226632565309,49.63478636831275],[-117.14880443567174,49.63002375736483],[-117.14882390546501,49.62740606099182],[-117.13458540415726,49.61553664471366],[-117.12595836121255,49.615400910566315],[-117.12669099142575,49.60869520354363],[-117.12480108777476,49.60154379228596],[-117.12628330275794,49.60018941171942],[-117.12426459711304,49.597489290518595],[-117.15523610362065,49.60264190464315],[-117.18116969538781,49.59097189726112],[-117.21520640173728,49.572798002543365],[-117.21843620930015,49.56951718695545],[-117.22688418264255,49.56625880145362],[-117.24588007643402,49.55332859757298],[-117.2572961057639,49.5293788960152],[-117.27623920960394,49.51431838556568],[-117.28307196359081,49.51820956386282],[-117.2884065126196,49.518210264784024],[-117.28379341657464,49.516745712628264],[-117.28688017262182,49.51076713701192],[-117.2841361139231,49.509310600021465],[-117.29473500854455,49.50000007401851],[-117.30325815295849,49.496086510043426],[-117.31233440638007,49.48902988751351],[-117.33052339667383,49.49194811142044],[-117.34676529930876,49.499097202136724],[-117.37002649152753,49.49967870459077],[-117.37910961674575,49.49628760760419],[-117.38305221335123,49.49060260156046],[-117.38990048067534,49.487420198837455],[-117.3989738877589,49.48676249651648],[-117.40762051962989,49.48850860814076],[-117.41316151939883,49.48756999936795],[-117.420114380051,49.48320909994666],[-117.4485777952744,49.48516028917322],[-117.46254982809988,49.4761346538299],[-117.46487193178893,49.47603421677886],[-117.46998714491738,49.46889191999509],[-117.47308621318457,49.46106433077328],[-117.4784902212287,49.459589617400276],[-117.48954983052343,49.46254232988065],[-117.50589511404667,49.46200614362211],[-117.50584061764476,49.46579610333329],[-117.511687461853,49.46561650295149],[-117.51153499707229,49.47263235405425],[-117.51718097280505,49.4725816578009],[-117.5167878081124,49.47986612562215],[-117.54543339493016,49.48091464622009],[-117.5435811596985,49.490886365177886],[-117.54546358096692,49.49261530372997],[-117.54481694807427,49.497354975143494],[-117.54268078043515,49.49968782680522],[-117.5419775865803,49.50811234794901],[-117.5436591654124,49.510522678338575],[-117.54669594932845,49.51115274576019],[-117.55603171162878,49.52407742736906],[-117.55384696233659,49.536336080853495],[-117.55617569661682,49.53971991926404],[-117.54558337557084,49.54269066851709],[-117.54336923913912,49.54806591706361],[-117.52776634337346,49.557068530790644],[-117.51628654282317,49.55680344979709],[-117.50308197239407,49.57492841349536],[-117.49235203042448,49.57573414172974],[-117.47437538786976,49.573383980646014],[-117.45852135362148,49.57851847760373],[-117.448227827382,49.575385826855026],[-117.4479575229123,49.58413125990247],[-117.4340542994971,49.58872985696517],[-117.4178070882975,49.58416346823642],[-117.4154458089805,49.58644386464903],[-117.4174166486152,49.59833483293563],[-117.42684112164966,49.6021061172511],[-117.42971105428299,49.609824448648936],[-117.40298783617486,49.621505297012106],[-117.3948055578346,49.634206449883585],[-117.37628532305524,49.62400269102928],[-117.3621389770661,49.62697936356735],[-117.3515868512156,49.62222720668293],[-117.34273836761362,49.620816542474806],[-117.33462574203452,49.62364703740157],[-117.32262497921465,49.62396320652232],[-117.31694597010063,49.632698777219694],[-117.31886208143358,49.640120583845174],[-117.31458775136302,49.650579902066205],[-117.31667136913805,49.66226288431596],[-117.31680234931208,49.6784612578204],[-117.2863133694409,49.68869681287885],[-117.26891154327129,49.69147611233162],[-117.2554884523356,49.684526386476534],[-117.2458342640114,49.689973842516714],[-117.2378081547634,49.691680490910855],[-117.23150764429282,49.69917104642349],[-117.21631170948727,49.696092824213885],[-117.2108005440969,49.70089466406872],[-117.20610552891971,49.70069868583604],[-117.19806652764372,49.69730508673499],[-117.19066128222589,49.69801436379083],[-117.19732445847575,49.72231143448981],[-117.19249548817915,49.74442957995203],[-117.19405015195973,49.7490666314416],[-117.19147938869041,49.75415497260663],[-117.18425925270388,49.756453350158736],[-117.1717776018975,49.744114367284254],[-117.16899581477792,49.73828076359718],[-117.1692050171826,49.73454795747087],[-117.16218622592714,49.727381367926434]]]},"bbox":[-117.55617569661682,49.459589617400276,-117.12426459711304,49.756453350158736]},{"id":"5903045","type":"Feature","properties":{},"geometry":{"type":"MultiPolygon","coordinates":[[[[-117.62278131310583,49.28969639149083],[-117.6247493202721,49.28607410772006],[-117.62724887923602,49.286118226115704],[-117.62495317181993,49.29018463235204],[-117.62278131310583,49.28969639149083]]],[[[-117.78042715518447,49.33969079309249],[-117.73825831653531,49.34008890241777],[-117.68489498375146,49.33030889157791],[-117.66951808979162,49.33160579842935],[-117.66316517291811,49.33046168149437],[-117.66303005733157,49.331867947883566],[-117.65706156775569,49.33399874157485],[-117.65440534182008,49.330596615591205],[-117.65479992952359,49.32878091923878],[-117.6475743830008,49.32422299186625],[-117.65660909770456,49.31198920555975],[-117.65548908912704,49.3084515155153],[-117.6474983912912,49.301439470401455],[-117.63704280713536,49.30326762025307],[-117.63018660794866,49.31852501278556],[-117.62408911150905,49.322130382255956],[-117.61677949266364,49.331032498051144],[-117.61336975857914,49.331019794897145],[-117.61891821322719,49.3255321903443],[-117.60918670323703,49.32407572507095],[-117.60957891607832,49.3189370985754],[-117.62356043262552,49.32018262787255],[-117.6308549472661,49.31676078136913],[-117.63485510713792,49.30668781387988],[-117.63250859594135,49.30678107635955],[-117.62766059565692,49.28637825870331],[-117.63475039051531,49.28628612338219],[-117.63568888000316,49.29038398088524],[-117.64458871357239,49.2901988050809],[-117.64149629215163,49.26540041113752],[-117.64876760968986,49.25970318615435],[-117.6541820710141,49.25967248231346],[-117.65747141684757,49.25616298927605],[-117.65846556579022,49.250880262383795],[-117.65352523954542,49.25085960753775],[-117.65115660626849,49.24543310511434],[-117.65114491788472,49.241737207187526],[-117.65622570164967,49.23728921180125],[-117.66016561166954,49.241640447609825],[-117.66380631871193,49.24157355012537],[-117.66518393060032,49.24342645634468],[-117.6599902570571,49.247405185378376],[-117.66553403256594,49.246435894325685],[-117.66573634064727,49.25029940882395],[-117.67069783570554,49.250633417557594],[-117.67063938855294,49.25732664666343],[-117.665017856977,49.2576146439414],[-117.66524575109027,49.2648553438334],[-117.67079226794124,49.264916932129324],[-117.67082517746252,49.267105466288896],[-117.6652729205216,49.26703466367833],[-117.66513717556182,49.29145523766299],[-117.66622427877141,49.293200820765],[-117.66479235053369,49.295517432336545],[-117.66514485212323,49.299413655408166],[-117.67842456733572,49.30062796196869],[-117.67826335062013,49.310381082000575],[-117.68298876492803,49.310597823488486],[-117.68280884174418,49.31743291881071],[-117.67730645237953,49.31713882991201],[-117.67708430490352,49.32025854652856],[-117.66565574889135,49.32030195377833],[-117.66788498381698,49.32448622213106],[-117.6740457049016,49.3243637611153],[-117.67462847680419,49.32742939305564],[-117.691561409289,49.328589213252094],[-117.70049909732072,49.330974842287716],[-117.71884230451921,49.330749674437556],[-117.71904116409243,49.32858215473018],[-117.7297014832315,49.32837779001787],[-117.73029876819997,49.332209243782195],[-117.73539362282393,49.33216327572475],[-117.73561550322196,49.33482555392331],[-117.77110091630303,49.334968062283004],[-117.77120324583576,49.3322136807715],[-117.78241343448003,49.33261160211115],[-117.78253970833597,49.33595275502836],[-117.78480385681458,49.33591308396362],[-117.78501659619786,49.33903208234617],[-117.78042715518447,49.33969079309249]]]]},"bbox":[-117.78501659619786,49.23728921180125,-117.60918670323703,49.34008890241777]},{"id":"5903047","type":"Feature","properties":{},"geometry":{"type":"Polygon","coordinates":[[[-117.3904989828808,49.39234165838429],[-117.38369981175855,49.39253027462425],[-117.37277308374318,49.395877490101164],[-117.33481889587955,49.412298092756785],[-117.31989783475699,49.410145287828776],[-117.30649753554401,49.418053527005014],[-117.27210118656824,49.42070228831576],[-117.25017552670687,49.41152145802278],[-117.22904354610932,49.41141658986992],[-117.22963811877777,49.43629400587608],[-117.11966147673482,49.437794704724496],[-117.12066808212091,49.431446973780055],[-117.1041968377356,49.42392971590475],[-117.1003592386216,49.41818464001254],[-117.10561056904714,49.40252006574148],[-117.1058767004594,49.38697290778416],[-117.0985845208172,49.38303761408019],[-117.09058355272538,49.38261530298952],[-117.08194931556659,49.38550294188079],[-117.0634745242628,49.38253041317471],[-117.06337095122298,49.374039216035996],[-117.0590084859476,49.367636511897985],[-117.05399684223907,49.36451554209476],[-117.06220466094163,49.35021101694724],[-117.06453761924344,49.334748364937816],[-117.07157575237659,49.321597702188825],[-117.07094530014713,49.31580596905017],[-117.06285695308912,49.30690112518501],[-117.07123083191583,49.288258151312505],[-117.06159138479337,49.28344794047343],[-117.04678899455354,49.28668018937238],[-117.03914031886812,49.29253225610671],[-117.04104713488479,49.280580089689],[-117.03365383776664,49.2767188486495],[-117.02823833487058,49.270640502844465],[-117.02683461733378,49.26641592338863],[-117.00975730129937,49.25414323669505],[-117.01134802550753,49.24682028412601],[-117.02397032818217,49.243673487305934],[-117.03092418894755,49.23915318641049],[-117.02984690344124,49.230137313545924],[-117.03380931949732,49.2291554334814],[-117.03304988542179,49.22229018117532],[-117.03579137651467,49.219289281147944],[-117.04288932135195,49.217162542586635],[-117.04015523255214,49.21450211590927],[-117.04092424317568,49.21045855319084],[-117.0456035984267,49.20484424918128],[-117.04407907700646,49.203471761664126],[-117.04734945883511,49.20233327190205],[-117.04805314813495,49.197157878887424],[-117.04614504066745,49.19559243031942],[-117.04674748921782,49.19293621251658],[-117.04990354216673,49.19059086827161],[-117.04573096681067,49.186279503158225],[-117.04450463752819,49.18094789475234],[-117.04600025772167,49.17990378240048],[-117.03829015961283,49.176803465156574],[-117.04041142843121,49.170050283031614],[-117.02939082729208,49.163989433439376],[-117.03320433794617,49.158099339272745],[-117.03882676367763,49.156073796089565],[-117.03046669216889,49.15037663187947],[-117.025125790255,49.1412728330955],[-117.02729062733138,49.137598249745686],[-117.02572288127585,49.135643479871085],[-117.0262009253552,49.129041181814785],[-117.03185021551421,49.12220246597136],[-117.03535049648106,49.12037510604943],[-117.04172958388855,49.120974962720794],[-117.04629238572221,49.11820069325377],[-117.04767905575859,49.113435410239006],[-117.04709032301662,49.10449960120501],[-117.05226483545115,49.10242915973559],[-117.05334719792289,49.097447571911445],[-117.05660750566538,49.09524684276527],[-117.05180726617364,49.08910132097975],[-117.04722600908826,49.077462031006725],[-117.05441428901968,49.069479480871784],[-117.04701524377377,49.06306839581754],[-117.04426909653522,49.05801548071063],[-117.03038237228955,49.05094098334741],[-117.0213201137723,49.05171213145152],[-117.01780067718518,49.05557377659678],[-117.00973124221599,49.057055066198444],[-117.00293655758432,49.055629839211065],[-116.99276705586466,49.05046358295161],[-116.9781788244872,49.049799739866216],[-116.95941647904304,49.053309834439425],[-116.96174047563385,49.059339893974546],[-116.92451254611932,49.064238699644406],[-116.91452286830155,49.05819314564959],[-116.92080415990003,49.055578274957874],[-116.90230744038081,49.04539333289528],[-116.89053216149314,49.04268312375609],[-116.88535519888637,49.02845858547985],[-116.89621578867212,49.010663873301894],[-116.9092788322049,49.00840243597645],[-116.91384809167307,49.00561416581803],[-116.91355060811956,49.00007813468285],[-117.46965213826326,49.00066657776902],[-117.46815130148418,49.04632518397691],[-117.46621646179776,49.05045590170596],[-117.46543061371884,49.08816612157197],[-117.5210837837503,49.08806025038966],[-117.5205235487895,49.123666810498015],[-117.51082029288487,49.12358096088499],[-117.51079488897969,49.13884163405915],[-117.50603923051354,49.13881777564837],[-117.50579753487675,49.157748931423725],[-117.50044747261626,49.15801068378377],[-117.50045208248059,49.16035851040186],[-117.49535174886309,49.160455381270424],[-117.49492590830106,49.16386211092544],[-117.48385391658593,49.16441183509489],[-117.48423395882138,49.1708834580657],[-117.47211410512553,49.17124507105514],[-117.471947068384,49.17571459711894],[-117.49396124068326,49.17548721810726],[-117.4918796441578,49.2181633525923],[-117.49337427209576,49.226628041870825],[-117.49121921591288,49.33745224295908],[-117.4708874162799,49.33645700494044],[-117.46100121607216,49.33872286561902],[-117.45143963177583,49.352679556981364],[-117.43289265543824,49.36109988981097],[-117.43053594263013,49.3671606143149],[-117.43020144726937,49.37500033111106],[-117.42198418633764,49.375666541052006],[-117.41439104264359,49.379951336971544],[-117.41337726198162,49.382572584324095],[-117.41969705721678,49.38848579082294],[-117.41692343346453,49.393531791155745],[-117.40084219469738,49.39722219378181],[-117.39406426180277,49.396114421759584],[-117.3904989828808,49.39234165838429]],[[-117.29377534575448,49.19835249966754],[-117.29488130557534,49.19476211236762],[-117.29301691013195,49.19395510706097],[-117.29345417907555,49.191027350519015],[-117.28341632428302,49.18959414597225],[-117.28202411012946,49.18798948511797],[-117.28374508278432,49.18674899012283],[-117.28173211282831,49.1801748074639],[-117.27405693543656,49.178797597948204],[-117.27487568955644,49.18126485890052],[-117.27096602109037,49.18190383336252],[-117.27174477665538,49.19847115097301],[-117.27472085809352,49.19985054559332],[-117.27613061974662,49.19848675350556],[-117.29377534575448,49.19835249966754]]]},"bbox":[-117.5210837837503,49.00007813468285,-116.88535519888637,49.437794704724496]},{"id":"5903050","type":"Feature","properties":{},"geometry":{"type":"MultiPolygon","coordinates":[[[[-117.69176341604604,50.29808966247049],[-117.68285133392949,50.29904543028255],[-117.68259442950438,50.29650927002328],[-117.69428710886622,50.29520215443398],[-117.69480141964003,50.29676455618753],[-117.69176341604604,50.29808966247049]]],[[[-117.81735027698858,50.27460953673835],[-117.80867334635438,50.26611928677534],[-117.79140108414617,50.266539319595324],[-117.79083776503745,50.262785763236586],[-117.79371431043322,50.26012959096643],[-117.80095533501341,50.25753946247152],[-117.80230938660726,50.24899668693795],[-117.7935576110918,50.24287050081284],[-117.79035998875969,50.245007004480044],[-117.7904009522537,50.24655313167532],[-117.77890697998177,50.24534182135521],[-117.7789002449726,50.246476493610494],[-117.77666336463733,50.246414891884235],[-117.7690790727258,50.243852557709886],[-117.76818805298367,50.243263303408256],[-117.7717640381894,50.23602118625881],[-117.7707544884571,50.235360231548775],[-117.77933775781534,50.229192117851866],[-117.77953404214277,50.231660612343404],[-117.78794141785178,50.232414363450026],[-117.78935312288316,50.2288071687983],[-117.7933402185027,50.228745457660466],[-117.79432816727999,50.233264752398064],[-117.79740655592443,50.23544824289674],[-117.80777755609293,50.236523860717554],[-117.81418161353734,50.23966395849184],[-117.81732433819121,50.2435399483602],[-117.82334111302598,50.24543255403322],[-117.826479713133,50.249664372720204],[-117.82104526272263,50.25556651968199],[-117.82293268965684,50.26528432671567],[-117.8195838048853,50.266760590733206],[-117.81246320764004,50.26659829828308],[-117.81971711608745,50.27347481112815],[-117.81735027698858,50.27460953673835]]]]},"bbox":[-117.826479713133,50.228745457660466,-117.68259442950438,50.29904543028255]},{"id":"5903052","type":"Feature","properties":{},"geometry":{"type":"Polygon","coordinates":[[[-117.36231362053162,50.321079585946144],[-117.36805436419574,50.28706277385903],[-117.36827302116816,50.27820672579405],[-117.36229438986432,50.26550246072849],[-117.3391391234308,50.25933874374476],[-117.3172745982578,50.2657525577136],[-117.31127825015213,50.27728686781839],[-117.3035495380754,50.279907360315605],[-117.29008396293999,50.28028731984659],[-117.27938110221352,50.290399172075475],[-117.23581152761416,50.294535388563595],[-117.23373551616568,50.26763151715521],[-117.24067299507259,50.25618695112484],[-117.22124049573948,50.253353406807456],[-117.22611755313287,50.24087368208097],[-117.23512297618412,50.23560135488461],[-117.25987925340516,50.23767357876749],[-117.26527757863079,50.21892734389244],[-117.27511412504639,50.20887260965122],[-117.24582576620803,50.1952627633301],[-117.21898989188401,50.195192784987],[-117.20114612782882,50.18646446729752],[-117.20994195572628,50.17304979481376],[-117.2264617037709,50.1553714977463],[-117.22737558604182,50.14398683013635],[-117.23681364077139,50.139656639372106],[-117.232413494816,50.135518171759934],[-117.20847515440971,50.13442951783823],[-117.16680541223559,50.1284441720064],[-117.16453251431248,50.122147176350154],[-117.17358961529605,50.094244987627256],[-117.1936449513449,50.08900415481077],[-117.19063717188665,50.0827653942643],[-117.20651973853185,50.074827620449646],[-117.2098838355947,50.06455307560479],[-117.21299152575786,50.06083292778123],[-117.21327458255806,50.05718671568879],[-117.21118986447362,50.048777620589526],[-117.20692957956646,50.04290573292518],[-117.2011754318134,50.04007888484872],[-117.20458753060495,50.03669154476394],[-117.2042191466341,50.03423617750405],[-117.18965237881214,50.02501887070624],[-117.18688924940899,50.00488904597973],[-117.17889456671247,49.99951405538392],[-117.18324332551605,49.99307555604081],[-117.14396694807516,49.98245422552501],[-117.13235280513625,49.96826101176117],[-117.12907879456606,49.947908093933194],[-117.13631519030722,49.940072009392246],[-117.13093560842472,49.931656019546715],[-117.15928775412391,49.92533380643253],[-117.1684374364438,49.92533423162555],[-117.17486143849537,49.92175545935406],[-117.17419693400677,49.91258594251381],[-117.18150728703993,49.908705171540426],[-117.17428475300335,49.89575358139614],[-117.18292900598432,49.88856246544597],[-117.1875136864734,49.879914488421434],[-117.18574145328114,49.87563611183847],[-117.18053959992122,49.8709004511044],[-117.19598259544722,49.86103755917657],[-117.20516069038477,49.858276550066584],[-117.21166747368063,49.859128499025495],[-117.2287424879264,49.8434838043523],[-117.23213588928381,49.83010038066514],[-117.22895605417557,49.824294461250524],[-117.21227553344151,49.8143503998684],[-117.2096116557808,49.811285005564265],[-117.2041538960827,49.80180147535865],[-117.20434195457041,49.79435862498176],[-117.19649825485327,49.7831546779409],[-117.19554125182155,49.77964617965382],[-117.19785479760513,49.77708742939577],[-117.21082156402314,49.77112886461035],[-117.22535338254173,49.75974291638946],[-117.20311949368805,49.75184877861976],[-117.1927275420083,49.74374364094977],[-117.19732445847575,49.72231143448981],[-117.19066128222589,49.69801436379083],[-117.19806652764372,49.69730508673499],[-117.20610552891971,49.70069868583604],[-117.2108005440969,49.70089466406872],[-117.21631170948727,49.696092824213885],[-117.23150764429282,49.69917104642349],[-117.2378081547634,49.691680490910855],[-117.2458342640114,49.689973842516714],[-117.2554884523356,49.684526386476534],[-117.26891154327129,49.69147611233162],[-117.2863133694409,49.68869681287885],[-117.31680234931208,49.6784612578204],[-117.31667136913805,49.66226288431596],[-117.31458775136302,49.650579902066205],[-117.31886208143358,49.640120583845174],[-117.31694597010063,49.632698777219694],[-117.32262497921465,49.62396320652232],[-117.33462574203452,49.62364703740157],[-117.34273836761362,49.620816542474806],[-117.3515868512156,49.62222720668293],[-117.3621389770661,49.62697936356735],[-117.37628532305524,49.62400269102928],[-117.3948055578346,49.634206449883585],[-117.40298783617486,49.621505297012106],[-117.42971105428299,49.609824448648936],[-117.42684112164966,49.6021061172511],[-117.4174166486152,49.59833483293563],[-117.4154458089805,49.58644386464903],[-117.4178070882975,49.58416346823642],[-117.4340542994971,49.58872985696517],[-117.4479575229123,49.58413125990247],[-117.448227827382,49.575385826855026],[-117.45852135362148,49.57851847760373],[-117.47437538786976,49.573383980646014],[-117.49235203042448,49.57573414172974],[-117.50308197239407,49.57492841349536],[-117.51628654282317,49.55680344979709],[-117.52776634337346,49.557068530790644],[-117.54336923913912,49.54806591706361],[-117.54558337557084,49.54269066851709],[-117.55516500591784,49.540688686823756],[-117.55614312731954,49.53840711304309],[-117.55384696233659,49.536336080853495],[-117.55517804101746,49.53427234108519],[-117.5539717139573,49.53014543020342],[-117.55603171162878,49.52407742736906],[-117.54669594932845,49.51115274576019],[-117.5436591654124,49.510522678338575],[-117.5419775865803,49.50811234794901],[-117.54268078043515,49.49968782680522],[-117.54481694807427,49.497354975143494],[-117.54546358096692,49.49261530372997],[-117.5435811596985,49.490886365177886],[-117.54543339493016,49.48091464622009],[-117.5167878081124,49.47986612562215],[-117.51718097280505,49.4725816578009],[-117.51153499707229,49.47263235405425],[-117.511687461853,49.46561650295149],[-117.50584061764476,49.46579610333329],[-117.50589511404667,49.46200614362211],[-117.51439851654698,49.46077071678986],[-117.52252354440118,49.45661470822722],[-117.52485120917433,49.44865659683105],[-117.52052277709896,49.450335542940635],[-117.51798431657919,49.44622105448121],[-117.5235037349927,49.4438126651602],[-117.5235242165087,49.441699148213964],[-117.51754361708781,49.442274570028346],[-117.51756992348265,49.44360616648342],[-117.51440447034618,49.44158881626106],[-117.51420306266779,49.44660044712549],[-117.50852120630174,49.44667893664873],[-117.50836796816051,49.450958164735866],[-117.4817509448443,49.451347457022344],[-117.4827315796651,49.43592212772065],[-117.51695940964179,49.43592331849871],[-117.51829461616488,49.436317020592625],[-117.51741092016809,49.438874971067655],[-117.51866532898595,49.44006556301665],[-117.52812179680525,49.438296758466244],[-117.53142403786643,49.44050345814978],[-117.56282579168139,49.43984084190798],[-117.56258643544948,49.43555626685557],[-117.58138011201376,49.43576848686229],[-117.58181689463768,49.42182333968858],[-117.60153137467042,49.42198917518885],[-117.60150503793423,49.418427104056995],[-117.69158626859,49.41814185601835],[-117.6917040209598,49.43350393060316],[-117.71806674822955,49.45150977372962],[-117.7219689254407,49.455641376459106],[-117.72256212458251,49.463071864116166],[-117.72594269269035,49.46826637055267],[-117.72730858531452,49.47984165919153],[-117.73694848351988,49.48952891677279],[-117.75186015468567,49.49789971224273],[-117.7557133412168,49.495040454489036],[-117.76312628712645,49.49404210591217],[-117.76897226713596,49.49904321244909],[-117.78608988059354,49.49961219960407],[-117.79496736314795,49.504787326408405],[-117.79593361681418,49.50808106504436],[-117.8065549748428,49.505639548579666],[-117.82329031676457,49.508740208242024],[-117.82558629801194,49.51598282749486],[-117.8295102877289,49.518849842595436],[-117.83082445330295,49.52253263818043],[-117.83965639904294,49.527125591347705],[-117.84073058350582,49.53106556487989],[-117.84706761391682,49.539231906411025],[-117.86861668365931,49.54629694005045],[-117.8832955478969,49.53886654772105],[-117.88556035504251,49.5328956653075],[-117.90341959320864,49.52974892466859],[-117.93513598935306,49.53299720550569],[-117.9442195306919,49.54026940864594],[-117.95277261552647,49.54077188966213],[-117.95555076227161,49.54244644636992],[-117.95726632362013,49.54439447488648],[-117.95752394933076,49.54913480211742],[-117.96117755562814,49.5519948631571],[-117.97610818674828,49.55234238917696],[-117.98580982070372,49.558033327503715],[-117.99877886289472,49.55966279163697],[-118.00700245461535,49.56785438350898],[-118.01538290264925,49.57056534238681],[-118.01375159790645,49.580794611085246],[-118.01511302988554,49.58295170248172],[-118.00948464046357,49.58709205067887],[-118.01078940819491,49.590158069001305],[-118.01006858517081,49.597775462307936],[-118.00647881936547,49.60496173291433],[-118.00106730005201,49.61079748999169],[-118.00391280721962,49.615294569404895],[-118.00192849686017,49.62078094700701],[-117.99787031590508,49.621931418949764],[-117.9967405110543,49.62446993093936],[-118.00082296766051,49.62994299647322],[-117.9960355749099,49.63708899623235],[-118.00210466699937,49.64043175004437],[-118.00354712107303,49.6491691681057],[-118.0059437346392,49.652495672538315],[-117.99844523996765,49.657839533657366],[-117.9941393175905,49.65862633885806],[-117.98721138195945,49.664699793533835],[-117.98716759077125,49.66774263733424],[-117.99191301192198,49.671840030505976],[-117.98709186289615,49.679319362330865],[-118.0034987180839,49.6921165959352],[-117.99174059112187,49.699801939564146],[-117.99243747360369,49.703096322710905],[-117.99583552799643,49.70644833115767],[-117.98924973566285,49.7150297193973],[-117.97579070766669,49.72658000583304],[-117.96603756113727,49.729700847977476],[-117.96912405444539,49.73343409139477],[-117.96515980022001,49.73810304826942],[-117.96309136342555,49.744241839201266],[-117.95622900515798,49.746436973086595],[-117.9500825020453,49.74610909058003],[-117.94714575896595,49.74833260199355],[-117.94686923653913,49.75102930257365],[-117.94921772485564,49.75511902823808],[-117.94456621294658,49.7586716608493],[-117.94585000249161,49.76690511293901],[-117.95397797320263,49.77048904186778],[-117.95613777121147,49.77478055228681],[-117.95307543817823,49.775266682012045],[-117.94624506180291,49.78023689024643],[-117.9344444503264,49.78013299594186],[-117.93048779901456,49.781714663539404],[-117.9274942327077,49.78521957901049],[-117.93159340232437,49.78949406643122],[-117.93198438074693,49.793481051079254],[-117.92955359857828,49.79889668596257],[-117.91984502339137,49.798030530667475],[-117.91344215885961,49.801314155071026],[-117.90964917362079,49.79867517293331],[-117.90197073873286,49.79801497567256],[-117.88612680781426,49.80073049037589],[-117.88610931398523,49.80411352023777],[-117.89305195701313,49.81624693563064],[-117.87946161227592,49.82087686659703],[-117.87816809822144,49.82683584414098],[-117.87258042792584,49.831151551470484],[-117.87314162432543,49.835596820132224],[-117.86693709682697,49.83753245931202],[-117.85603415022037,49.837225357262085],[-117.8492890119561,49.831832957913555],[-117.8383583332404,49.8326493075053],[-117.83797979192369,49.8264432204608],[-117.83581067247259,49.82456738181095],[-117.8088117344679,49.82416154471484],[-117.80196474505978,49.816864005754255],[-117.80075615996022,49.81239207446848],[-117.77897934788727,49.81476870628816],[-117.775753604748,49.81347523058901],[-117.75654495282403,49.81867508036677],[-117.74569450621343,49.82713587912524],[-117.74878744853388,49.830907695991776],[-117.74946957518793,49.83604679910455],[-117.74442421959543,49.83913853400832],[-117.74635802147664,49.845866839556805],[-117.74449439038109,49.84904040722925],[-117.74704776006647,49.85317392141316],[-117.74318972090624,49.85932570610753],[-117.74336274454677,49.86370049068606],[-117.73177430326466,49.866075295211736],[-117.72535537240302,49.8642716591],[-117.71173313489179,49.86682277481795],[-117.71029123140154,49.881219419181086],[-117.70677440315934,49.8846560099222],[-117.70826475613063,49.887779793476206],[-117.70398826886338,49.89242862126116],[-117.70520349082248,49.89749168600781],[-117.7080672174764,49.898955302834096],[-117.71168221319516,49.905174248233884],[-117.70949535646956,49.91218106403376],[-117.69436057660776,49.91973765417354],[-117.66530461324342,49.915208759597874],[-117.65978969460188,49.91604089856139],[-117.657781491781,49.91312271727831],[-117.63818554654559,49.91554234806702],[-117.63151818602205,49.920042413715585],[-117.63284025701881,49.9268533300369],[-117.63018229183986,49.929631351686254],[-117.63400784444735,49.934021692100934],[-117.6292695091939,49.9420191997245],[-117.63161925079682,49.9472300062881],[-117.62363750487903,49.95290235999971],[-117.60868054814765,49.95357829630473],[-117.5871435112576,49.96066611189217],[-117.591950091573,49.96850777305505],[-117.58648165255117,49.970991944859435],[-117.58333603802076,49.97451809493135],[-117.58236454234932,49.97837006603097],[-117.58301180919518,49.98348227265404],[-117.5872973988964,49.98837021465659],[-117.58750113308385,49.99113875483045],[-117.58329953929834,49.998097401937386],[-117.58012881540311,50.000407738521076],[-117.5805070473675,50.00698587108219],[-117.57716161212005,50.009723621550386],[-117.57015200886666,50.009599363705],[-117.56978916139553,50.018511036125304],[-117.57267330837513,50.027096535497144],[-117.58086412741449,50.03304033023922],[-117.58566194902498,50.03445983873836],[-117.58439625147174,50.04033347951926],[-117.58213917205228,50.04319695827023],[-117.59560204164583,50.045715824470086],[-117.60099694616632,50.051505516561896],[-117.61204457390227,50.05564267518762],[-117.61383290162267,50.06525879984577],[-117.62093662865887,50.06860053364467],[-117.62442989255186,50.077316987228464],[-117.62324091582339,50.0791080420553],[-117.61280174010815,50.08303095258827],[-117.61462037644934,50.0900469096383],[-117.60980471176642,50.09117566227524],[-117.60787535198462,50.09371349589],[-117.60720096086176,50.098976327430606],[-117.59626736327063,50.101322296451066],[-117.58981912741147,50.108921217228634],[-117.59176212929391,50.111117045425914],[-117.5995169781764,50.113964676284596],[-117.63605637776652,50.12250073578518],[-117.64789670085753,50.126728358516864],[-117.6542154300681,50.13511489025943],[-117.66978431050877,50.136523433129774],[-117.673822279892,50.14095274232329],[-117.67863133155161,50.14096312466519],[-117.67939045240615,50.15540326913376],[-117.6777157278691,50.168701163314815],[-117.68044693061411,50.16852776477406],[-117.67986813649004,50.171701531033015],[-117.6677753943017,50.17154092921354],[-117.66018311591002,50.18104178147723],[-117.64334004126961,50.18431168275603],[-117.64835993356998,50.1906841829349],[-117.64807717343155,50.19600613595383],[-117.65054969087433,50.20650506975558],[-117.66337196262714,50.21091336969113],[-117.66492712134162,50.21509372590754],[-117.6646637701664,50.22289338662993],[-117.67141768908769,50.2358255263192],[-117.66794223081622,50.24044075049877],[-117.63836217137955,50.2586030233858],[-117.60307642705739,50.254014869805125],[-117.5820954700989,50.257022714559625],[-117.58132333885413,50.263038720211476],[-117.577450321084,50.266405960074515],[-117.56829238314519,50.26823568706366],[-117.56515499350454,50.27489959622162],[-117.55666210454537,50.27633205964017],[-117.55582235354393,50.28125613377347],[-117.54853893678761,50.28410517654725],[-117.54330065779773,50.28383367635046],[-117.5386295414602,50.28920774141037],[-117.53543733800059,50.28922463227815],[-117.53361554488859,50.28750156167776],[-117.53356135686839,50.28444026080843],[-117.52274529703773,50.28423098731786],[-117.51812869581347,50.28092230581598],[-117.51492195251222,50.28051610389598],[-117.50566764324735,50.281244564973406],[-117.50354002603495,50.27746959077409],[-117.5063444184288,50.271319526417024],[-117.50032020523136,50.2651071147693],[-117.48501249875859,50.265350300564776],[-117.47806631019246,50.26753741656545],[-117.46670045626009,50.27693007579966],[-117.46427634472903,50.282527545455316],[-117.46446235747766,50.28945750479534],[-117.45669394179097,50.294633706266744],[-117.45845469555552,50.299517325275986],[-117.46150230772763,50.30111268493834],[-117.45471765442387,50.307979652930754],[-117.45444628815137,50.315630409265566],[-117.45742688065536,50.32094886109365],[-117.45445444417855,50.33116486585017],[-117.4487136873337,50.34183444916677],[-117.44276471988958,50.347961587978986],[-117.43391133485329,50.3517235879374],[-117.41604609436048,50.35438745588454],[-117.39988987095316,50.353825358298955],[-117.3931613872646,50.343112375651806],[-117.36097786970018,50.32566372638292],[-117.36231362053162,50.321079585946144]],[[-117.36375759810328,49.94713922679367],[-117.35684376762663,49.9490699433011],[-117.35378889437108,49.952297392773104],[-117.35550929155298,49.95319370226567],[-117.35300401406197,49.9547732030959],[-117.36155279217039,49.95885985361393],[-117.36410764977522,49.95732855453233],[-117.36676447179053,49.951126891698806],[-117.36375759810328,49.94713922679367]],[[-117.47467639557843,49.76801623454943],[-117.47333718971468,49.76489350668452],[-117.47531955383667,49.761403028023445],[-117.46327847892285,49.76099699823718],[-117.46452197312837,49.77220856829906],[-117.47082484109539,49.77276080870435],[-117.47467639557843,49.76801623454943]],[[-117.38635509151509,49.98781542216267],[-117.38582739583038,49.98494204153045],[-117.38204186311957,49.98090179050433],[-117.37074274825838,49.98038043886102],[-117.37225962223,49.989024642671886],[-117.36135272655943,49.99089051997354],[-117.3677430826252,49.9914093906754],[-117.36697634897558,49.99681567048778],[-117.37303456993341,49.99606227568609],[-117.3769477400755,49.9985586922373],[-117.38330779625838,49.99467707535469],[-117.38683474904089,49.99042689958529],[-117.38635509151509,49.98781542216267]]]},"bbox":[-118.01538290264925,49.41814185601835,-117.12907879456606,50.35438745588454]},{"id":"5903056","type":"Feature","properties":{},"geometry":{"type":"Polygon","coordinates":[[[-117.60223145975367,49.418432778885645],[-117.60153137467042,49.42198917518885],[-117.58181689463768,49.42182333968858],[-117.58138011201376,49.43576848686229],[-117.56258643544948,49.43555626685557],[-117.56282579168139,49.43984084190798],[-117.53142403786643,49.44050345814978],[-117.52812179680525,49.438296758466244],[-117.51820869917407,49.44000575368991],[-117.51829461616488,49.436317020592625],[-117.51695940964179,49.43592331849871],[-117.51842788783375,49.43346894378887],[-117.51471086190774,49.42164120726722],[-117.51501004873033,49.39197323036137],[-117.52571815978993,49.3917249218472],[-117.52617895178737,49.38460266641418],[-117.53193670224464,49.38436539022022],[-117.53111271174426,49.377544075183835],[-117.53777300733842,49.3772255627461],[-117.53754264803342,49.37038095212113],[-117.54345619724151,49.36998527254244],[-117.54328275963093,49.36309624692424],[-117.54927878282255,49.36296141846314],[-117.54934640609589,49.356175685342386],[-117.55459107761841,49.35582295601077],[-117.55493492602201,49.34870789062322],[-117.57896340239172,49.34850402596674],[-117.60172098768474,49.33513549586128],[-117.60791720667315,49.33448599822526],[-117.61336975857914,49.331019794897145],[-117.61677949266364,49.331032498051144],[-117.62408911150905,49.322130382255956],[-117.62929940636256,49.31942560917973],[-117.63105170108393,49.316757263995406],[-117.64479349127426,49.31497151217652],[-117.65330030670313,49.315999702202284],[-117.6475743830008,49.32422299186625],[-117.65403668398794,49.32857540505895],[-117.65389811652189,49.33917315883565],[-117.65806342610513,49.33927921825002],[-117.65754558290743,49.348574909758725],[-117.67427109361319,49.34883290677138],[-117.67429943031456,49.35293887070788],[-117.6923246988382,49.35308427873639],[-117.69260403036414,49.41813917330292],[-117.60223145975367,49.418432778885645]]]},"bbox":[-117.69260403036414,49.31497151217652,-117.51471086190774,49.44050345814978]},{"id":"5903058","type":"Feature","properties":{},"geometry":{"type":"MultiPolygon","coordinates":[[[[-117.6363832715907,49.304683315907745],[-117.63704280713536,49.30326762025307],[-117.6474983912912,49.301439470401455],[-117.65548908912704,49.3084515155153],[-117.65660909770456,49.31198920555975],[-117.65330030670313,49.315999702202284],[-117.64479349127426,49.31497151217652],[-117.63105170108393,49.316757263995406],[-117.6363832715907,49.304683315907745]]],[[[-118.28622100655156,49.81988818099931],[-118.26463130055014,49.8044718379976],[-118.26368150712415,49.795843848954604],[-118.26672424273258,49.78711408836779],[-118.25725500560867,49.784775215784286],[-118.25569294088976,49.7622228758345],[-118.23715311051016,49.75448899416575],[-118.23524473666839,49.746888969909804],[-118.23766752990566,49.740558416324404],[-118.23678017914435,49.73461311341205],[-118.23067013508165,49.72431598790505],[-118.23059564368992,49.718298865580934],[-118.21840026522723,49.715187811279506],[-118.2121517205908,49.70946107210991],[-118.20119257876735,49.709098780368464],[-118.19452586599563,49.71148841135917],[-118.19065753622003,49.72776069972773],[-118.1832154857348,49.731168096214205],[-118.17573140129312,49.72761991011525],[-118.15986681822584,49.734509813176885],[-118.15539166014193,49.72640553009164],[-118.13629482457756,49.71884804074923],[-118.11408109640087,49.71308892611804],[-118.10725092890016,49.705033591631064],[-118.09971752521297,49.70269891268657],[-118.09064165510709,49.709543027319086],[-118.07856165597245,49.708344940157275],[-118.06694881652943,49.697544218134574],[-118.02120325283589,49.692225134774084],[-118.00342369616486,49.69211580392488],[-117.98709186289615,49.679319362330865],[-117.99191301192198,49.671840030505976],[-117.98716759077125,49.66774263733424],[-117.98721138195945,49.664699793533835],[-117.9941393175905,49.65862633885806],[-117.99844523996765,49.657839533657366],[-118.0059437346392,49.652495672538315],[-118.00354712107303,49.6491691681057],[-118.00210466699937,49.64043175004437],[-117.9960355749099,49.63708899623235],[-118.00082296766051,49.62994299647322],[-117.9967405110543,49.62446993093936],[-117.99787031590508,49.621931418949764],[-118.00192849686017,49.62078094700701],[-118.00391280721962,49.615294569404895],[-118.00106730005201,49.61079748999169],[-118.00647881936547,49.60496173291433],[-118.01006858517081,49.597775462307936],[-118.01078940819491,49.590158069001305],[-118.00948464046357,49.58709205067887],[-118.01511302988554,49.58295170248172],[-118.01375159790645,49.580794611085246],[-118.01538290264925,49.57056534238681],[-118.00700245461535,49.56785438350898],[-117.99877886289472,49.55966279163697],[-117.98580982070372,49.558033327503715],[-117.97610818674828,49.55234238917696],[-117.96117755562814,49.5519948631571],[-117.95752394933076,49.54913480211742],[-117.95726632362013,49.54439447488648],[-117.95555076227161,49.54244644636992],[-117.95277261552647,49.54077188966213],[-117.9442195306919,49.54026940864594],[-117.93513598935306,49.53299720550569],[-117.91986993629055,49.532253859961095],[-117.90975819932663,49.52985985432605],[-117.88556035504251,49.5328956653075],[-117.8832955478969,49.53886654772105],[-117.86861668365931,49.54629694005045],[-117.84706761391682,49.539231906411025],[-117.84073058350582,49.53106556487989],[-117.83965639904294,49.527125591347705],[-117.83082445330295,49.52253263818043],[-117.8295102877289,49.518849842595436],[-117.82558629801194,49.51598282749486],[-117.82329031676457,49.508740208242024],[-117.8065549748428,49.505639548579666],[-117.79593361681418,49.50808106504436],[-117.79496736314795,49.504787326408405],[-117.78608988059354,49.49961219960407],[-117.76897226713596,49.49904321244909],[-117.76312628712645,49.49404210591217],[-117.7557133412168,49.495040454489036],[-117.75186015468567,49.49789971224273],[-117.73087415679353,49.48467260160258],[-117.72730858531452,49.47984165919153],[-117.72594269269035,49.46826637055267],[-117.72256212458251,49.463071864116166],[-117.7219689254407,49.455641376459106],[-117.71806674822955,49.45150977372962],[-117.6917040209598,49.43350393060316],[-117.69325756147272,49.403505516229025],[-117.69170001187022,49.40349366716837],[-117.6923246988382,49.35308427873639],[-117.67429943031456,49.35293887070788],[-117.67427109361319,49.34883290677138],[-117.65754558290743,49.348574909758725],[-117.65806342610513,49.33927921825002],[-117.65389811652189,49.33917315883565],[-117.654035572459,49.328574625473756],[-117.65706156775569,49.33399874157485],[-117.66303005733157,49.331867947883566],[-117.66316517291811,49.33046168149437],[-117.66951808979162,49.33160579842935],[-117.68489498375146,49.33030889157791],[-117.71782092221082,49.33699410625988],[-117.7474031098422,49.34087208300229],[-117.77285594877736,49.339236011409476],[-117.77814048898318,49.34023903979943],[-117.78501659619786,49.33903208234617],[-117.78480385681458,49.33591308396362],[-117.78253970833597,49.33595275502836],[-117.78241343448003,49.33261160211115],[-117.77120324583576,49.3322136807715],[-117.77110091630303,49.334968062283004],[-117.73561550322196,49.33482555392331],[-117.73539362282393,49.33216327572475],[-117.73029876819997,49.332209243782195],[-117.7297014832315,49.32837779001787],[-117.71904116409243,49.32858215473018],[-117.71884230451921,49.330749674437556],[-117.70049909732072,49.330974842287716],[-117.691561409289,49.328589213252094],[-117.67462847680419,49.32742939305564],[-117.6740457049016,49.3243637611153],[-117.66788498381698,49.32448622213106],[-117.66565574889135,49.32030195377833],[-117.67708430490352,49.32025854652856],[-117.67730645237953,49.31713882991201],[-117.68280884174418,49.31743291881071],[-117.68298876492803,49.310597823488486],[-117.67826335062013,49.310381082000575],[-117.67842456733572,49.30062796196869],[-117.66514485212323,49.299413655408166],[-117.66479235053369,49.295517432336545],[-117.66622427877141,49.293200820765],[-117.66513717556182,49.29145523766299],[-117.6652729205216,49.26703466367833],[-117.67082517746252,49.267105466288896],[-117.67079226794124,49.264916932129324],[-117.66524575109027,49.2648553438334],[-117.665017856977,49.2576146439414],[-117.67063938855294,49.25732664666343],[-117.67069783570554,49.250633417557594],[-117.66573634064727,49.25029940882395],[-117.66553403256594,49.246435894325685],[-117.6599902570571,49.247405185378376],[-117.66426847758467,49.245135988139715],[-117.66518393060032,49.24342645634468],[-117.66408160432889,49.24170746758183],[-117.66016561166954,49.241640447609825],[-117.65622570164967,49.23728921180125],[-117.65114491788472,49.241737207187526],[-117.65291058015151,49.24998219327682],[-117.65846556579022,49.250880262383795],[-117.65823840804953,49.253953000345845],[-117.6541820710141,49.25967248231346],[-117.64876760968986,49.25970318615435],[-117.64149629215163,49.26540041113752],[-117.64458871357239,49.2901988050809],[-117.63568888000316,49.29038398088524],[-117.63475039051531,49.28628612338219],[-117.62797812218524,49.28587775852878],[-117.62763302368509,49.28906289962708],[-117.63250859594135,49.30678107635955],[-117.63485510713792,49.30668781387988],[-117.6308549472661,49.31676078136913],[-117.62356043262552,49.32018262787255],[-117.60957891607832,49.3189370985754],[-117.60918670323703,49.32407572507095],[-117.61891821322719,49.3255321903443],[-117.61203590543411,49.332462205979745],[-117.59907362262025,49.336403703140554],[-117.57896340239172,49.34850402596674],[-117.49087380422466,49.34899073606216],[-117.49337427209576,49.226628041870825],[-117.4918796441578,49.2181633525923],[-117.49396124068326,49.17548721810726],[-117.67427467341865,49.17504159105115],[-117.67408072089525,49.207724367022244],[-117.68361481761008,49.20853420837292],[-117.67534283133487,49.22454070058466],[-117.68584524941166,49.22462150646402],[-117.6863186161501,49.228277162983346],[-117.70199255737928,49.22804859923157],[-117.70309203528385,49.265342233957696],[-118.1358717630551,49.26400314325541],[-118.134649141319,49.26862141538882],[-118.14221517038925,49.277678682101566],[-118.15012008377461,49.27365071237915],[-118.14969459906627,49.27127543246049],[-118.1519353748315,49.267241341999885],[-118.16100051429613,49.260701328627476],[-118.16629201066065,49.25040462481763],[-118.1768233923414,49.24932460523965],[-118.17708426238357,49.2603336206478],[-118.18192119521109,49.26699945274774],[-118.181394353888,49.26888872136801],[-118.17781517116615,49.270663034486944],[-118.1768918036829,49.27440325319662],[-118.17954367071331,49.277007579519996],[-118.18448835264857,49.27754813691744],[-118.18956960678788,49.28068351088797],[-118.1969891402667,49.28023505229639],[-118.19773752177316,49.285683613029875],[-118.20389841500908,49.29401152256135],[-118.20772767344731,49.29466044353846],[-118.20373885495948,49.30144694685926],[-118.20623854565676,49.304891802982354],[-118.20912871508438,49.326084553810176],[-118.21929047998246,49.32836755197295],[-118.22251454639438,49.333886139457015],[-118.22995550764327,49.338638689128864],[-118.23455237740178,49.338682186063814],[-118.23809820420773,49.34103596826498],[-118.24072716669154,49.34603770834603],[-118.23862600485924,49.35763551038044],[-118.25179354776904,49.363610673287695],[-118.25020065177216,49.37397949728774],[-118.25101756201624,49.378606146764206],[-118.25609290617602,49.383104928915955],[-118.25633121959032,49.385616500083934],[-118.26419453133829,49.38895059022357],[-118.26403232404027,49.39524608212386],[-118.26668829356966,49.398754000988646],[-118.25686600788472,49.40366624341389],[-118.26000382603425,49.407631931371476],[-118.25964684757261,49.41280546105114],[-118.26255523006708,49.41271948066099],[-118.27372551355808,49.41960357012704],[-118.27071221461043,49.421907790362766],[-118.26148000736127,49.42247770058275],[-118.26033511263743,49.43151593756092],[-118.25283319501497,49.44449354530564],[-118.2596166201945,49.448935826634916],[-118.27669922767603,49.46663999334854],[-118.28272764873648,49.46796095155858],[-118.28319582759413,49.47053051741268],[-118.28044826252284,49.47700229336893],[-118.28454990532649,49.480592831527396],[-118.28767744837347,49.4888392999435],[-118.287362342007,49.494904994416444],[-118.27579172657866,49.51198473854935],[-118.2735531063676,49.52489810242198],[-118.26543163061058,49.52934953471617],[-118.26437155565836,49.53378664043661],[-118.26026764796767,49.53657463672803],[-118.26147185002114,49.53923951763184],[-118.26004767208772,49.54636538718956],[-118.26115377258017,49.549552275718455],[-118.25503945572346,49.5525397291469],[-118.25105252373048,49.55232582010459],[-118.24487746731855,49.56156683132118],[-118.2519284196298,49.59324587383286],[-118.25034768693088,49.60439981900715],[-118.2539043820554,49.61022209497264],[-118.25465117321585,49.61755336162078],[-118.24356122921263,49.63166119618771],[-118.2418933665332,49.63616032801738],[-118.24688507892408,49.649160694061045],[-118.2529898610994,49.656420912217435],[-118.27544370361612,49.65838497742468],[-118.27437206193635,49.66532345408198],[-118.27937344204638,49.67089120544017],[-118.27790617939347,49.67386359062871],[-118.28077683280759,49.682909031535814],[-118.28093083568203,49.69486768947622],[-118.27951553640443,49.698365313439126],[-118.2770767530773,49.69734476474994],[-118.2760283192484,49.69847915547011],[-118.27391126377177,49.71010551127256],[-118.2754591259742,49.714179565543546],[-118.28097078820772,49.714616969981925],[-118.28323439988328,49.71684186968155],[-118.28105147056803,49.72468323023733],[-118.2856117365145,49.73420470014808],[-118.28531969498978,49.743261053024746],[-118.29572943195551,49.744768814642484],[-118.30130342438284,49.750188298186046],[-118.29980887944924,49.75267438262252],[-118.29200942545557,49.755927089332936],[-118.28768697752176,49.75983201283114],[-118.28884694576787,49.763325843011735],[-118.29273078890165,49.765697990057],[-118.29910651457949,49.76627633542964],[-118.28725402136985,49.778846610902356],[-118.28721098638357,49.78757731190214],[-118.29030971354877,49.7940167184003],[-118.30678391531781,49.796256132857216],[-118.30255969958189,49.79907349056231],[-118.30157218437994,49.805747823133565],[-118.302884588337,49.80811695326788],[-118.30982360279988,49.80960990220761],[-118.31219441240428,49.81230454311962],[-118.30457456670288,49.81233487699327],[-118.31208627310377,49.823523207094716],[-118.29736109883662,49.823937304711734],[-118.28622100655156,49.81988818099931]],[[-117.62402362651855,49.289964329709456],[-117.62495317181993,49.29018463235204],[-117.62724887923602,49.286118226115704],[-117.6247493202721,49.28607410772006],[-117.62278131310583,49.28969639149083],[-117.62402362651855,49.289964329709456]]]]},"bbox":[-118.31219441240428,49.17504159105115,-117.49087380422466,49.823937304711734]},{"id":"5903060","type":"Feature","properties":{},"geometry":{"type":"Polygon","coordinates":[[[-118.12869959573192,50.680932017473474],[-118.07659853274524,50.69325503426991],[-118.06960104466846,50.688393150065146],[-118.07163933945567,50.678198811434015],[-118.06837613645386,50.66654330938214],[-118.05537511559241,50.663511359955756],[-118.03933361008616,50.663284830900366],[-118.01381544317817,50.65312027413001],[-118.01127653867582,50.64446965816108],[-118.00680421288193,50.63905162394044],[-118.00510667842954,50.62969163596038],[-118.00765106052879,50.60906835212457],[-118.00091426662227,50.58435824771458],[-117.99433934038105,50.54810117950639],[-117.98477754828077,50.53852750340328],[-117.97942825920762,50.53873519252344],[-117.97792310520302,50.532845983397955],[-117.92610079443008,50.53061623455225],[-117.90180428485313,50.533191918293795],[-117.90286126546668,50.528231127739524],[-117.8569794045445,50.52785843628013],[-117.84988818072841,50.542387531810085],[-117.81836056353652,50.54100104757596],[-117.80510099975655,50.54730408687509],[-117.79320565424479,50.55057992318689],[-117.76293260670296,50.5509063075747],[-117.74684725257926,50.55521209255072],[-117.74067128107069,50.554376072431175],[-117.73020795456833,50.54988295711207],[-117.7032448435454,50.54772906714533],[-117.69425351564155,50.54513133855699],[-117.68922191272085,50.53943498815962],[-117.67646354364584,50.53821408649254],[-117.67376935041182,50.533430726906865],[-117.67110778747123,50.532434217190215],[-117.65608798367207,50.53482188807049],[-117.64873745316731,50.53223271971091],[-117.64472528175652,50.53540165050163],[-117.64478298303038,50.54194451249176],[-117.63769246994995,50.54860111148675],[-117.61585940082925,50.54370000341955],[-117.60808574135615,50.53191071117371],[-117.60543875633223,50.52343624491371],[-117.59772230502757,50.51922034190663],[-117.58527424598657,50.50422641804749],[-117.57684406273347,50.5025620435777],[-117.57097929999671,50.50485295053434],[-117.5588034159505,50.50231271244498],[-117.54941956930247,50.49694162789169],[-117.54548131619173,50.48974164086415],[-117.55022235284983,50.48419864609135],[-117.53701120172977,50.48010170300716],[-117.52332804276375,50.47314515517623],[-117.51089639349263,50.4611951473313],[-117.49973912666384,50.45714486959498],[-117.49555491930595,50.450429230569334],[-117.48905594766293,50.44810604271028],[-117.48770821641416,50.44548867873541],[-117.47485807078012,50.43645272056857],[-117.46700551168826,50.4344979891475],[-117.4663475347052,50.431309874267576],[-117.46246848684055,50.42869945422174],[-117.45413926035869,50.42542437361624],[-117.42929295129545,50.42161264182181],[-117.4201716293175,50.42115178283113],[-117.41595632627457,50.42204252741531],[-117.41455281404252,50.42515532053836],[-117.4126021754215,50.424832927654165],[-117.40299832955002,50.41942957020852],[-117.3958521150198,50.41932515806684],[-117.3796382051615,50.41119849128148],[-117.37716465525936,50.408078032245115],[-117.3648985059216,50.40689005603506],[-117.35895011250044,50.39632140940566],[-117.36020281671625,50.391979756908874],[-117.36604361817717,50.38852652560008],[-117.36926487629763,50.38233164725128],[-117.37459652591434,50.38012274137373],[-117.3743954461992,50.37600394143386],[-117.37657336112228,50.372859094639985],[-117.3744859411939,50.368911062018434],[-117.37475153696259,50.35947102038743],[-117.38137344573488,50.356400628672276],[-117.39436556368061,50.35590801357257],[-117.39962746634184,50.353800820908916],[-117.42795301409016,50.353209449750096],[-117.44276471988958,50.347961587978986],[-117.4487136873337,50.34183444916677],[-117.45445444417855,50.33116486585017],[-117.45742688065536,50.32094886109365],[-117.45444628815137,50.315630409265566],[-117.45471765442387,50.307979652930754],[-117.46150230772763,50.30111268493834],[-117.45845469555552,50.299517325275986],[-117.45669394179097,50.294633706266744],[-117.46446235747766,50.28945750479534],[-117.46427634472903,50.282527545455316],[-117.46670045626009,50.27693007579966],[-117.47806631019246,50.26753741656545],[-117.48501249875859,50.265350300564776],[-117.50032020523136,50.2651071147693],[-117.5063444184288,50.271319526417024],[-117.50354002603495,50.27746959077409],[-117.50566764324735,50.281244564973406],[-117.51492195251222,50.28051610389598],[-117.51812869581347,50.28092230581598],[-117.52274529703773,50.28423098731786],[-117.53356135686839,50.28444026080843],[-117.53361554488859,50.28750156167776],[-117.53543733800059,50.28922463227815],[-117.5386295414602,50.28920774141037],[-117.54330065779773,50.28383367635046],[-117.54853893678761,50.28410517654725],[-117.55582235354393,50.28125613377347],[-117.55666210454537,50.27633205964017],[-117.56515499350454,50.27489959622162],[-117.56829238314519,50.26823568706366],[-117.577450321084,50.266405960074515],[-117.58132333885413,50.263038720211476],[-117.5820954700989,50.257022714559625],[-117.60307642705739,50.254014869805125],[-117.63836217137955,50.2586030233858],[-117.66669277239822,50.24132939502702],[-117.67141768908769,50.2358255263192],[-117.6646637701664,50.22289338662993],[-117.66492712134162,50.21509372590754],[-117.66337196262714,50.21091336969113],[-117.65054969087433,50.20650506975558],[-117.64807717343155,50.19600613595383],[-117.64835993356998,50.1906841829349],[-117.64334004126961,50.18431168275603],[-117.66018311591002,50.18104178147723],[-117.6677753943017,50.17154092921354],[-117.67986813649004,50.171701531033015],[-117.68044693061411,50.16852776477406],[-117.6777157278691,50.168701163314815],[-117.67939045240615,50.15540326913376],[-117.67863133155161,50.14096312466519],[-117.673822279892,50.14095274232329],[-117.66978431050877,50.136523433129774],[-117.6542154300681,50.13511489025943],[-117.64789670085753,50.126728358516864],[-117.63605637776652,50.12250073578518],[-117.5995169781764,50.113964676284596],[-117.59176212929391,50.111117045425914],[-117.58981912741147,50.108921217228634],[-117.59626736327063,50.101322296451066],[-117.60720096086176,50.098976327430606],[-117.60787535198462,50.09371349589],[-117.60980471176642,50.09117566227524],[-117.61462037644934,50.0900469096383],[-117.61280174010815,50.08303095258827],[-117.62324091582339,50.0791080420553],[-117.62442989255186,50.077316987228464],[-117.62093662865887,50.06860053364467],[-117.61383290162267,50.06525879984577],[-117.61204457390227,50.05564267518762],[-117.60099694616632,50.051505516561896],[-117.59560204164583,50.045715824470086],[-117.58213917205228,50.04319695827023],[-117.58439625147174,50.04033347951926],[-117.58566194902498,50.03445983873836],[-117.58086412741449,50.03304033023922],[-117.57267330837513,50.027096535497144],[-117.56978916139553,50.018511036125304],[-117.57015200886666,50.009599363705],[-117.57716161212005,50.009723621550386],[-117.5805070473675,50.00698587108219],[-117.58012881540311,50.000407738521076],[-117.58329953929834,49.998097401937386],[-117.58750113308385,49.99113875483045],[-117.5872973988964,49.98837021465659],[-117.58301180919518,49.98348227265404],[-117.58236454234932,49.97837006603097],[-117.58333603802076,49.97451809493135],[-117.58648165255117,49.970991944859435],[-117.591950091573,49.96850777305505],[-117.58775036174349,49.959907980262464],[-117.60868054814765,49.95357829630473],[-117.62363750487903,49.95290235999971],[-117.63161925079682,49.9472300062881],[-117.6292695091939,49.9420191997245],[-117.63400784444735,49.934021692100934],[-117.63018229183986,49.929631351686254],[-117.63284025701881,49.9268533300369],[-117.63151818602205,49.920042413715585],[-117.63818554654559,49.91554234806702],[-117.657781491781,49.91312271727831],[-117.65978969460188,49.91604089856139],[-117.66530461324342,49.915208759597874],[-117.69436057660776,49.91973765417354],[-117.70949535646956,49.91218106403376],[-117.71168221319516,49.905174248233884],[-117.7080672174764,49.898955302834096],[-117.70520349082248,49.89749168600781],[-117.70398826886338,49.89242862126116],[-117.70826475613063,49.887779793476206],[-117.70677440315934,49.8846560099222],[-117.71029123140154,49.881219419181086],[-117.71173313489179,49.86682277481795],[-117.72535537240302,49.8642716591],[-117.73177430326466,49.866075295211736],[-117.74336274454677,49.86370049068606],[-117.74318972090624,49.85932570610753],[-117.74704776006647,49.85317392141316],[-117.74449439038109,49.84904040722925],[-117.74635802147664,49.845866839556805],[-117.74442421959543,49.83913853400832],[-117.74946957518793,49.83604679910455],[-117.74878744853388,49.830907695991776],[-117.74569450621343,49.82713587912524],[-117.7582354091403,49.81788743243606],[-117.775753604748,49.81347523058901],[-117.77897934788727,49.81476870628816],[-117.80075615996022,49.81239207446848],[-117.80196474505978,49.816864005754255],[-117.8088117344679,49.82416154471484],[-117.83283956702364,49.82392699831731],[-117.83797979192369,49.8264432204608],[-117.8383583332404,49.8326493075053],[-117.8492890119561,49.831832957913555],[-117.85777187554122,49.83757989367086],[-117.87275195513912,49.83608636227527],[-117.87258042792584,49.831151551470484],[-117.87915556840142,49.82529147246542],[-117.87856377918757,49.82167830021163],[-117.89305195701313,49.81624693563064],[-117.88610931398523,49.80411352023777],[-117.88612680781426,49.80073049037589],[-117.90197073873286,49.79801497567256],[-117.90964917362079,49.79867517293331],[-117.91344215885961,49.801314155071026],[-117.91984502339137,49.798030530667475],[-117.92955359857828,49.79889668596257],[-117.93198438074693,49.793481051079254],[-117.93159340232437,49.78949406643122],[-117.9274942327077,49.78521957901049],[-117.93048779901456,49.781714663539404],[-117.9344444503264,49.78013299594186],[-117.94624506180291,49.78023689024643],[-117.95307543817823,49.775266682012045],[-117.95613777121147,49.77478055228681],[-117.95397797320263,49.77048904186778],[-117.94585000249161,49.76690511293901],[-117.94456621294658,49.7586716608493],[-117.94921772485564,49.75511902823808],[-117.94686923653913,49.75102930257365],[-117.94714575896595,49.74833260199355],[-117.9500825020453,49.74610909058003],[-117.95622900515798,49.746436973086595],[-117.96309136342555,49.744241839201266],[-117.96515980022001,49.73810304826942],[-117.96912405444539,49.73343409139477],[-117.96603756113727,49.729700847977476],[-117.97579070766669,49.72658000583304],[-117.98924973566285,49.7150297193973],[-117.99583552799643,49.70644833115767],[-117.99243747360369,49.703096322710905],[-117.99174059112187,49.699801939564146],[-118.0034987180839,49.6921165959352],[-118.02120325283589,49.692225134774084],[-118.06694881652943,49.697544218134574],[-118.07856165597245,49.708344940157275],[-118.09064165510709,49.709543027319086],[-118.09971752521297,49.70269891268657],[-118.10725092890016,49.705033591631064],[-118.11408109640087,49.71308892611804],[-118.13629482457756,49.71884804074923],[-118.15539166014193,49.72640553009164],[-118.15986681822584,49.734509813176885],[-118.17573140129312,49.72761991011525],[-118.1832154857348,49.731168096214205],[-118.19065753622003,49.72776069972773],[-118.19452586599563,49.71148841135917],[-118.20119257876735,49.709098780368464],[-118.2121517205908,49.70946107210991],[-118.21840026522723,49.715187811279506],[-118.23059564368992,49.718298865580934],[-118.23067013508165,49.72431598790505],[-118.23678017914435,49.73461311341205],[-118.23766752990566,49.740558416324404],[-118.23524473666839,49.746888969909804],[-118.23715311051016,49.75448899416575],[-118.25569294088976,49.7622228758345],[-118.25725500560867,49.784775215784286],[-118.26672424273258,49.78711408836779],[-118.26368150712415,49.795843848954604],[-118.26463130055014,49.8044718379976],[-118.28622100655156,49.81988818099931],[-118.29736109883662,49.823937304711734],[-118.31208627310377,49.823523207094716],[-118.32458719864728,49.8306044092111],[-118.34612741270529,49.82460862952136],[-118.35837445996688,49.82485417234839],[-118.3664482916438,49.82335083491965],[-118.37440871409616,49.824580667233384],[-118.3814282567578,49.83849957400072],[-118.38171282978986,49.85012559836989],[-118.37859547458848,49.85911617605896],[-118.38051963897836,49.8674758967187],[-118.38448363697351,49.871152758459246],[-118.3684675791031,49.87463990831263],[-118.35933016609962,49.882621982736055],[-118.35987608730214,49.884085933979364],[-118.35388731483619,49.891782758861794],[-118.35358789491738,49.89456793021528],[-118.35890477697876,49.89466622229101],[-118.3753382607313,49.90754504168889],[-118.37738363988396,49.91363781277793],[-118.39139220586438,49.909865205728224],[-118.40693510077433,49.908329841733114],[-118.41870262547701,49.913602831773076],[-118.42019012861064,49.92259002550593],[-118.41739264867431,49.927128261922846],[-118.41843116252114,49.931158334548044],[-118.41535953743937,49.936291223157056],[-118.42252312307183,49.94970724295558],[-118.41893211260617,49.95398075948572],[-118.42062933886999,49.962150908805654],[-118.41377245977282,49.966953265520054],[-118.41588980335024,49.973044867765786],[-118.42423907560746,49.975117203614936],[-118.43204200316335,49.97948258636156],[-118.443752449306,49.973744434640295],[-118.44870153285318,49.973794737234485],[-118.4614184715906,49.97820389496223],[-118.47078098152538,49.98444698985038],[-118.47297788974936,49.98839140542892],[-118.47081392318238,49.99629023834334],[-118.47351338303967,49.999525281960096],[-118.44645750260592,50.006600109839994],[-118.43978181469299,50.00442470801024],[-118.43682451817635,50.005220620110826],[-118.43185882110608,50.00929506518927],[-118.43384119281991,50.01381771158231],[-118.4481108853737,50.022615702604405],[-118.46147221521453,50.0256665427527],[-118.47651564887572,50.02683127069497],[-118.49588721416555,50.03257964585683],[-118.49585480194114,50.03360775127853],[-118.39976004242244,50.03342332059362],[-118.39829617442892,50.07876123960512],[-118.38396293469636,50.07717480143227],[-118.38285572358149,50.08210112071311],[-118.3786759447475,50.08646398360061],[-118.3784290446845,50.08970401116564],[-118.34926152639886,50.09457067437183],[-118.3381718598264,50.10072266614614],[-118.3044331116732,50.095770691696806],[-118.29846031833817,50.09581235485091],[-118.29352351165284,50.09781528988682],[-118.29147506625215,50.102382968852986],[-118.2956956447956,50.111121942881866],[-118.29577763160563,50.115519579491725],[-118.29139485705082,50.131286614837286],[-118.29601394758315,50.13468284240519],[-118.28014902441485,50.143122978259264],[-118.27753161395583,50.14628987426669],[-118.278186839769,50.15605165428236],[-118.2523522532773,50.169099834003184],[-118.2637209125506,50.18142124470989],[-118.25984247587567,50.18305719201362],[-118.25247268566821,50.19023617786516],[-118.24320491854395,50.1931315052485],[-118.23912308673796,50.19629663858803],[-118.24072701899358,50.2010670755925],[-118.2394104801388,50.204922307096794],[-118.23692523489015,50.20616187880642],[-118.23871615484923,50.21085715594508],[-118.24838005093025,50.21845376596693],[-118.24847126539093,50.22189188305761],[-118.253382686717,50.22263110208056],[-118.25816890595281,50.22620915873847],[-118.26564971833714,50.2444876283736],[-118.2635713394353,50.24840169216024],[-118.27106218255209,50.25194709346145],[-118.26940608717548,50.25947436505515],[-118.27428677081933,50.268893600514005],[-118.2760624783555,50.27865560988019],[-118.26929240991483,50.29475021346956],[-118.26445920784276,50.29770198811452],[-118.26342735114582,50.3001238908761],[-118.2688618824726,50.3055227047197],[-118.26788630984517,50.30952840366224],[-118.26945496210179,50.31388530286977],[-118.26717815352961,50.318122528237836],[-118.25525122758047,50.32558935850669],[-118.26141571121838,50.328113562373424],[-118.26160726942811,50.33019230342772],[-118.2594878054049,50.33225165876172],[-118.26372122290057,50.33712384265782],[-118.27545786511003,50.33980316125279],[-118.28819346290094,50.337242558023235],[-118.30266622486982,50.337801974268416],[-118.30828464513249,50.33619764265921],[-118.32264886944583,50.34173256681178],[-118.32765012955348,50.3449864157098],[-118.32772892187863,50.348698067325],[-118.32689403383077,50.35199996256262],[-118.31739361479856,50.361465836081805],[-118.31074490263393,50.37113226640098],[-118.30221221473307,50.37658737545417],[-118.30137464631424,50.37988937874237],[-118.29167211837726,50.38607009533453],[-118.28580312103638,50.38784079015349],[-118.28208467380925,50.392415231635745],[-118.25650050953028,50.395531148293855],[-118.25474755293041,50.39722079613531],[-118.25583676288052,50.398780009407375],[-118.27697630642835,50.40133554740256],[-118.26991590700386,50.415845278785554],[-118.27294910599423,50.42139344004166],[-118.27011503890742,50.43085391365579],[-118.27256624038979,50.43496585082724],[-118.26758563208966,50.4362185443557],[-118.2628129851834,50.434734549806876],[-118.24160648633382,50.43514932068352],[-118.2298286683361,50.43372824588193],[-118.21205016050773,50.43941555704569],[-118.20447599973193,50.451303845488006],[-118.2043029379794,50.46433425603401],[-118.20768305204687,50.46412933092026],[-118.21960098105875,50.4694534045719],[-118.22063392055485,50.471145069703375],[-118.2180995361822,50.476341601175214],[-118.20827000995105,50.4791066663306],[-118.19216268742012,50.47464850199842],[-118.18942946844004,50.481073906282255],[-118.17606924484475,50.493116781032285],[-118.17753010168725,50.499826745421004],[-118.18560222987412,50.50066348359899],[-118.19563993404778,50.50893534544014],[-118.20207578321023,50.511803812176204],[-118.20487530536947,50.518498917940086],[-118.19516734729604,50.523613476399014],[-118.19661248995062,50.52668859071178],[-118.20575097224243,50.53365922728728],[-118.21530428590154,50.53806764299002],[-118.20869243780513,50.545108278406694],[-118.20942618853294,50.548006972400685],[-118.20486124315471,50.548703841762034],[-118.20388045500084,50.55160820460135],[-118.19843136491296,50.55218774915575],[-118.18784768035262,50.54931754053819],[-118.18250855819625,50.550887187583655],[-118.179663926882,50.55358263518927],[-118.17876006428024,50.557267902373624],[-118.17993935872028,50.560151179922464],[-118.17530430552002,50.56141326714035],[-118.16952404715308,50.56967632019862],[-118.17553328383822,50.57442291830752],[-118.17774269864681,50.58030472394179],[-118.16788620774545,50.58481659332963],[-118.16822994572564,50.58698436763459],[-118.16332232032703,50.58985435003417],[-118.16824638954998,50.59468618597858],[-118.16704074645621,50.59977023487755],[-118.16827631528251,50.60607106882451],[-118.16269415677496,50.6114659300227],[-118.17810614370352,50.62337678277018],[-118.18075994758037,50.63523544872548],[-118.18632253991538,50.635655632250554],[-118.19228295148119,50.63399396499243],[-118.19780556116325,50.6355200807934],[-118.20125884118151,50.64003411263353],[-118.19923683699264,50.64476398992046],[-118.1998030984517,50.647418441537035],[-118.20632628464186,50.65538566353998],[-118.18800684333222,50.659489761026606],[-118.18287283880265,50.66304349199276],[-118.17073750961963,50.66545012031926],[-118.1786168781428,50.67172587714809],[-118.19903584920077,50.67421413863871],[-118.2134797141821,50.68000907586596],[-118.21458551721828,50.68211148441359],[-118.2072802835446,50.69028161979596],[-118.18193726723423,50.68475476706204],[-118.16850181111101,50.68337668297873],[-118.145239122831,50.684159405277086],[-118.12869959573192,50.680932017473474]],[[-117.6934768164406,50.29731147295924],[-117.69484342478842,50.29667345062368],[-117.69428710886622,50.29520215443398],[-117.69206301655188,50.294712270125494],[-117.68259442950438,50.29650927002328],[-117.68285133392949,50.29904543028255],[-117.6934768164406,50.29731147295924]],[[-117.81971711608745,50.27347481112815],[-117.81246320764004,50.26659829828308],[-117.8195838048853,50.266760590733206],[-117.82293268965684,50.26528432671567],[-117.82104526272263,50.25556651968199],[-117.826479713133,50.249664372720204],[-117.82334111302598,50.24543255403322],[-117.81732433819121,50.2435399483602],[-117.81418161353734,50.23966395849184],[-117.80777755609293,50.236523860717554],[-117.79740655592443,50.23544824289674],[-117.79432816727999,50.233264752398064],[-117.7933402185027,50.228745457660466],[-117.78935312288316,50.2288071687983],[-117.78794141785178,50.232414363450026],[-117.77953404214277,50.231660612343404],[-117.77933775781534,50.229192117851866],[-117.7707544884571,50.235360231548775],[-117.7717640381894,50.23602118625881],[-117.76818805298367,50.243263303408256],[-117.7690790727258,50.243852557709886],[-117.77666336463733,50.246414891884235],[-117.7789002449726,50.246476493610494],[-117.77890697998177,50.24534182135521],[-117.7904009522537,50.24655313167532],[-117.79035998875969,50.245007004480044],[-117.7935576110918,50.24287050081284],[-117.80230938660726,50.24899668693795],[-117.80095533501341,50.25753946247152],[-117.79371431043322,50.26012959096643],[-117.79083776503745,50.262785763236586],[-117.79140108414617,50.266539319595324],[-117.80867334635438,50.26611928677534],[-117.81735027698858,50.27460953673835],[-117.81971711608745,50.27347481112815]]]},"bbox":[-118.49588721416555,49.6921165959352,-117.35895011250044,50.69325503426991]},{"id":"5903807","type":"Feature","properties":{},"geometry":{"type":"Polygon","coordinates":[[[-116.51083823441078,49.05842634410152],[-116.51215730856433,49.05798257265961],[-116.51142998125566,49.036973681354],[-116.51715446686761,49.03615949027196],[-116.52210403745872,49.04624895841805],[-116.52471552366072,49.048004954833345],[-116.53491520613119,49.0446281526489],[-116.54748740416595,49.046639165761846],[-116.54741023642698,49.04891365603482],[-116.54042530494897,49.057072857422135],[-116.53872353071665,49.06201345840394],[-116.54463182396113,49.06412416391364],[-116.5591695011875,49.064071452346695],[-116.56244757048462,49.06997583171007],[-116.5116796023252,49.0693507405423],[-116.51083823441078,49.05842634410152]]]},"bbox":[-116.56244757048462,49.03615949027196,-116.51083823441078,49.06997583171007]}],"bbox":[-118.49588721416555,49.000005607089896,-116.02481205206321,51.06606348286929]}