{"type":"FeatureCollection","features":[{"id":"5909009","type":"Feature","properties":{},"geometry":{"type":"Polygon","coordinates":[[[-121.43636580852153,49.429436665666856],[-121.43414677862295,49.429866990473315],[-121.43072580579228,49.42466340404671],[-121.43682118585113,49.424723296931774],[-121.43772115110228,49.418698831876],[-121.42614438817647,49.41756052157836],[-121.4189750089479,49.40783140187648],[-121.41987359329129,49.40499441519532],[-121.4295203119055,49.40042700842355],[-121.41235758481697,49.399519451707754],[-121.41285877864368,49.39759675840519],[-121.39073400814104,49.39637868045353],[-121.39143961141146,49.389298344628905],[-121.35548581480785,49.38921492529164],[-121.35188460174612,49.38119429062821],[-121.36233019298909,49.38003589247316],[-121.36914152634347,49.37734414435585],[-121.37108726288338,49.374895335386846],[-121.37966928037304,49.37506825085645],[-121.37980460768543,49.3693029112474],[-121.39004574101126,49.36932214044238],[-121.40153671172756,49.373036275731174],[-121.39908510614652,49.36983209450574],[-121.40200077032902,49.367823763852044],[-121.44742458710051,49.36673568017844],[-121.4465901847299,49.35823942895386],[-121.4568385394923,49.358144528291284],[-121.45638878626397,49.35379103408229],[-121.46555777119983,49.35347500621326],[-121.4654845343223,49.35012381950286],[-121.47025919247301,49.35013055566569],[-121.47116103150015,49.34844274670555],[-121.47319441514978,49.34832693055106],[-121.47629357878856,49.35363782806714],[-121.48387031587487,49.3540924615588],[-121.48358311867679,49.361657530094746],[-121.50251338004429,49.36143404608734],[-121.50295858137437,49.35358009730869],[-121.5747854239398,49.35275315559364],[-121.57319773184224,49.35718947188809],[-121.57567131433386,49.3596247938712],[-121.56415450440723,49.3643972971894],[-121.52863810639452,49.36712469360053],[-121.51825220189257,49.37123921224867],[-121.50317758066383,49.37418229886385],[-121.50333301896275,49.38221031727337],[-121.48101319691408,49.38249047502157],[-121.48084137493152,49.38810550190823],[-121.46982489151023,49.38840226178688],[-121.4698861603204,49.403080682217706],[-121.4588941888884,49.40341318220877],[-121.45874059781322,49.414164280500316],[-121.44885691426481,49.41463535932741],[-121.44700427047624,49.42986184873341],[-121.43821998021112,49.43060819177273],[-121.43636580852153,49.429436665666856]],[[-121.4540090194295,49.38607703910148],[-121.45366446740319,49.38612087140214],[-121.4535063920192,49.38668635546251],[-121.45450731473575,49.386682372383476],[-121.4540090194295,49.38607703910148]],[[-121.44377410062137,49.39799579349884],[-121.44338381229282,49.39700035985398],[-121.44089493337489,49.39801851593552],[-121.44090484115472,49.3980184385916],[-121.44377410062137,49.39799579349884]],[[-121.44700193360414,49.37405636203513],[-121.44616203245954,49.3753594556409],[-121.448671605352,49.377470156335],[-121.45046303374271,49.374400961196486],[-121.44700193360414,49.37405636203513]],[[-121.39403973136974,49.385259099097524],[-121.39688856336072,49.38351944737089],[-121.39662878348922,49.38209246836184],[-121.39172751239302,49.381529064150484],[-121.39241242753886,49.385784485935034],[-121.39403973136974,49.385259099097524]],[[-121.46093530345996,49.39186136058234],[-121.46114270347668,49.39000289303813],[-121.45173171410636,49.39234605695107],[-121.44476485949087,49.39723746267751],[-121.44892883894643,49.39743311819702],[-121.44900662805901,49.40040360726663],[-121.46118414479115,49.40052775329027],[-121.46093530345996,49.39186136058234]]]},"bbox":[-121.57567131433386,49.34832693055106,-121.35188460174612,49.43060819177273]},{"id":"5909014","type":"Feature","properties":{},"geometry":{"type":"Polygon","coordinates":[[[-122.1963245177965,50.11068022402902],[-122.17601602084264,50.1095927242595],[-122.17003270930385,50.11293080860213],[-122.15321760899877,50.11444164329044],[-122.150640737934,50.11123229594696],[-122.14586405309508,50.10965529417117],[-122.13111761637465,50.11228227742471],[-122.11636732123372,50.10731173026635],[-122.11423732627863,50.11312843683667],[-122.10647745053517,50.116296698341586],[-122.10322502291564,50.121882579409856],[-122.09907927497365,50.12430557647128],[-122.09592233927346,50.12474760064884],[-122.08375254133882,50.120949030038965],[-122.07006993804664,50.126370133391966],[-122.06609215471101,50.1225703510351],[-122.06736998678657,50.12124522549536],[-122.05631956346889,50.11474391561471],[-122.05696731483563,50.10941596835176],[-122.05213094157519,50.104246250013624],[-122.04217576005715,50.09881272026211],[-122.03978824899495,50.095240588179365],[-122.03148749981641,50.09392137037701],[-122.02363126977818,50.08584047213739],[-122.01039918986707,50.08419347918302],[-122.00558371117951,50.08548054155608],[-122.00468544662972,50.087579106412186],[-122.0011508281394,50.08754212088222],[-121.99765786460603,50.084335099331604],[-121.99231128933047,50.08436914095295],[-121.99031831613709,50.08187000376333],[-121.98117748953885,50.08007353425965],[-121.97239333727397,50.08341664824331],[-121.96447616338037,50.082567879070794],[-121.95939241884044,50.084691447886975],[-121.95631571852583,50.09080885346778],[-121.95343097701179,50.09070643543161],[-121.95060524796482,50.08833103115315],[-121.95219099115397,50.082699685174596],[-121.95065604426279,50.07959899977717],[-121.94803429246497,50.07835865692771],[-121.93958060111473,50.07888649371328],[-121.93574546803991,50.07729410934486],[-121.93486136142234,50.07412960652275],[-121.92793650624807,50.07422905909361],[-121.92474337697324,50.071974772749236],[-121.91990630845379,50.071762853275125],[-121.9126269644325,50.06319229820382],[-121.91036864213511,50.054773013129555],[-121.90867865958917,50.053526599305805],[-121.9038275952996,50.05211810844431],[-121.9004022059608,50.05309332060128],[-121.89580230533716,50.049649988449275],[-121.89208208799693,50.04937094941674],[-121.8727823988901,50.05150474180664],[-121.8629187380931,50.046711590998314],[-121.85845510172582,50.04637522400929],[-121.85562210514735,50.0504547408175],[-121.85091021271971,50.052749940317675],[-121.85579096687874,50.05744830359091],[-121.84850641389296,50.06238691009808],[-121.85284949007239,50.06876229895961],[-121.84852957721395,50.07302869257548],[-121.84939080264782,50.07529635678184],[-121.84800670574963,50.07620000054092],[-121.83650744013438,50.078766830992166],[-121.82925135248247,50.078442331272434],[-121.82286410708784,50.08098348309667],[-121.80815151254636,50.08332268601396],[-121.80119683960517,50.08514745475377],[-121.7936215133187,50.09002396627729],[-121.77779240753175,50.088297162733156],[-121.75346499687537,50.0923422476909],[-121.73714627118554,50.08791986261056],[-121.714578964683,50.08620817240359],[-121.7069143080334,50.081809736996426],[-121.70481682566428,50.07619556351931],[-121.70266746722618,50.07494715900457],[-121.68686775692615,50.075597708123304],[-121.6815915958284,50.07866413608823],[-121.67573142568344,50.078323910833944],[-121.6622227690513,50.080996359135504],[-121.65802731880916,50.07951389585596],[-121.65762433635498,50.075747514451905],[-121.65461446419563,50.07133118354843],[-121.66124885486332,50.064971888652245],[-121.65556720491621,50.06337428325406],[-121.65341048265478,50.06092892990788],[-121.64103070663792,50.05821374686712],[-121.63703841203426,50.05876292254479],[-121.63532668142571,50.05362503436355],[-121.62608457959922,50.05090707106629],[-121.60975134386621,50.04188198193913],[-121.59013256287236,50.04958859274904],[-121.5649791349343,50.05222773720743],[-121.31532813877023,50.05246633520528],[-121.31653526942544,50.05013193178714],[-121.32442467636966,50.04624017776745],[-121.32321719521576,50.04378516147446],[-121.328320740763,50.03779897011816],[-121.3251633796156,50.03312815421638],[-121.32126328775385,50.032286426230804],[-121.31810702915737,50.02821386967462],[-121.30367414262919,50.02065889871859],[-121.30200518941079,50.01700633190853],[-121.29050095337148,50.011128521009105],[-121.2879055704433,50.007774217083416],[-121.28827885740304,50.00466191509888],[-121.2923603554721,50.002149246661304],[-121.29254717731277,49.99999457336682],[-121.28383082057188,49.995316404643084],[-121.28114434518889,49.99184230452626],[-121.27331005039902,49.98860019573766],[-121.27303386129766,49.986744499767084],[-121.27794827610626,49.98441230223174],[-121.27767195977813,49.98255665803076],[-121.26887158134166,49.9756636496236],[-121.26887370922991,49.97386815010097],[-121.27146921252219,49.97273217790889],[-121.27138141806532,49.968422941619565],[-121.26777249592011,49.96375087426202],[-121.26916391416735,49.96225564849352],[-121.28361318734785,49.9596846786995],[-121.28454131394065,49.95759062399571],[-121.28269305196719,49.95190356250923],[-121.2883473844172,49.945143812419595],[-121.2865447837246,49.9404147024116],[-121.28655499564854,49.92695035512638],[-121.2895232223324,49.91821566094275],[-121.29387520358439,49.91366980162132],[-121.29988963048162,49.91127723996365],[-121.31283549177894,49.91276711631875],[-121.31579581448385,49.9118095102505],[-121.3154258248683,49.90684279610079],[-121.31954252352159,49.902595182674446],[-121.32379675462315,49.90091938912525],[-121.32425906733606,49.89942365823054],[-121.32013551515603,49.897708432282656],[-121.3166824439252,49.893393164773215],[-121.32136293033787,49.88675628273606],[-121.32003867773822,49.88427788003995],[-121.31781598003766,49.882777427669474],[-121.31190270398073,49.88261723383598],[-121.30125617869457,49.884130014529774],[-121.28603511061802,49.87226310447114],[-121.26551239168761,49.870744732733094],[-121.26324384398382,49.8713737105669],[-121.26044089871473,49.87627129107721],[-121.24043916021061,49.8795962320681],[-121.23538827007563,49.882671096558866],[-121.23063971954936,49.88226532897586],[-121.22622592394714,49.890440738069266],[-121.22278197418188,49.89341947039459],[-121.20817363046372,49.89411807553639],[-121.19610728546246,49.8867831012462],[-121.1815039695058,49.88310408013296],[-121.17136115620838,49.883037450849315],[-121.16789961944056,49.8857965649822],[-121.15762468636942,49.88744901589193],[-121.15750927322551,49.885606014646406],[-121.1642615400686,49.88125809625435],[-121.1715918527585,49.87338483691703],[-121.17375131421235,49.86611362490739],[-121.17262562867408,49.86204626755101],[-121.16977830688015,49.86101773649852],[-121.14705088104738,49.859830788347296],[-121.13111020059266,49.862342863447786],[-121.11905437353765,49.86743065865604],[-121.10778597536414,49.86709115994539],[-121.09804464020904,49.87333026285148],[-121.09321583691181,49.862860183199516],[-121.0888608269537,49.85948703103415],[-121.08662484078565,49.85471120588131],[-121.09196723551266,49.856496393966964],[-121.11733606355699,49.84613353904034],[-121.103247841749,49.83510180667425],[-121.10340929915408,49.833236153534116],[-121.10935315548743,49.82935007679105],[-121.1243508937039,49.8256406731012],[-121.14790454736904,49.82541338653058],[-121.15518228846778,49.821401631087625],[-121.16390653218144,49.82281390837834],[-121.18022667996847,49.82187052814644],[-121.18826639740482,49.81304948684967],[-121.1874628143249,49.809730882235684],[-121.18336129172081,49.805451118727376],[-121.18776105953258,49.79853328824385],[-121.20236269866518,49.79058747587606],[-121.20643862049953,49.78366883972276],[-121.21182554708803,49.77926963706569],[-121.21076778370453,49.770011526607874],[-121.20332870400975,49.76573305702889],[-121.20070012273308,49.75774812696057],[-121.19714658934114,49.75478486910373],[-121.19531507583484,49.74721276933172],[-121.19808763248398,49.743352358792514],[-121.19319396116435,49.7409267000813],[-121.19367362659798,49.73615538992377],[-121.1914017506287,49.73257450674446],[-121.1857033200072,49.726605805484404],[-121.17804373985607,49.72368758058647],[-121.17415796933375,49.72402641586666],[-121.17264039823407,49.72225603629018],[-121.16760900141553,49.72234740870421],[-121.16203453680201,49.71757201771673],[-121.15757603390306,49.717785785918274],[-121.15535755648041,49.716138766099924],[-121.15528484600675,49.70918794971638],[-121.15008293374446,49.706350052512896],[-121.14440262677415,49.70015953959388],[-121.40919562904881,49.70315184880792],[-121.70143846112069,49.7015879996273],[-121.69743692903819,49.70598958737661],[-121.6994750475672,49.71558146456387],[-121.71748205758969,49.727708443423616],[-121.73379572557569,49.73560660314262],[-121.70891913491847,49.74712054335454],[-121.71181594937393,49.75217314935194],[-121.71140105101139,49.75908543720352],[-121.71491211477387,49.764751780405206],[-121.71337956941458,49.770744590819646],[-121.70778465767795,49.771550125674224],[-121.70479602048938,49.77433170798144],[-121.70822878950156,49.780067315112355],[-121.70441954710327,49.78586284577243],[-121.70544692893677,49.79157321243541],[-121.70980232958166,49.793746760975274],[-121.72026060923389,49.792198895304765],[-121.72919688039762,49.79784422351763],[-121.73194387570155,49.80320573062651],[-121.73132101439228,49.81306293475535],[-121.72970870562287,49.81608022904223],[-121.71393879055908,49.82167903653506],[-121.7126860522232,49.8236338427981],[-121.72828959183163,49.837091656527384],[-121.72552743924189,49.841858664523784],[-121.72914051546715,49.848997355767935],[-121.74171198260423,49.851136096779754],[-121.75669403132194,49.850691640076576],[-121.75850511350339,49.852279305685144],[-121.75548299906386,49.86442527079752],[-121.76079546942374,49.871896429627064],[-121.76918233791112,49.87229424993978],[-121.77283658009058,49.870971598225324],[-121.7804472449075,49.86130843046776],[-121.77799525756838,49.85556031451117],[-121.78520928700787,49.85136644898234],[-121.78715876859879,49.84453503688333],[-121.79332897240023,49.84092617322225],[-121.80436698318825,49.844934985204354],[-121.81325524622847,49.85383631682569],[-121.81701207720361,49.85526839232221],[-121.82882200595643,49.85428966399007],[-121.84413971604398,49.85894940382117],[-121.84543419617997,49.860828242770864],[-121.83668589567178,49.86758983591567],[-121.83514759916808,49.87040115952226],[-121.85806001806294,49.88038748196832],[-121.86933480168584,49.87800381920456],[-121.87091228109729,49.87238176218823],[-121.87589890742987,49.87012855190304],[-121.88797112604739,49.8718498505334],[-121.89776721286478,49.8711645250549],[-121.90581019009508,49.87372903698426],[-121.90928596901531,49.87336988710137],[-121.91448270236214,49.87019424821834],[-121.92657594625322,49.86789590508254],[-121.92968148625074,49.865167552433036],[-121.93141251858195,49.860463335516116],[-121.9411607483829,49.856629535616854],[-121.94795982063134,49.85595794932703],[-121.96033333861497,49.86042478915933],[-121.96540048067827,49.858989163446296],[-121.97259680990287,49.849797881100784],[-121.96683335285462,49.8444135283103],[-121.96521204592375,49.84093944985987],[-121.96614951204191,49.838562543180615],[-121.96866204021366,49.836514377648925],[-121.98766737292094,49.83227685597319],[-121.99200675228732,49.82020044662822],[-122.01189525823929,49.81891414186385],[-122.01974078093195,49.8161268748947],[-122.0325434834195,49.81620451429876],[-122.03925626171309,49.81705534150683],[-122.04689555330543,49.82243047633103],[-122.04930379731309,49.829223700670894],[-122.04298838164213,49.83554708052906],[-122.05213053543561,49.837539157089175],[-122.06147326483119,49.83556806516264],[-122.06955062558757,49.83154571369164],[-122.07869026134921,49.837856556421194],[-122.09201855948382,49.84084633482961],[-122.09670332936298,49.84622356498476],[-122.10469559594989,49.848432159616266],[-122.13069093053241,49.873553788884976],[-122.13719804768712,49.88611754890118],[-122.14642676233278,49.89126245825136],[-122.15930999616505,49.90681882697476],[-122.16364634649848,49.90939290727169],[-122.1811998403044,49.908174711029396],[-122.20791517275487,49.912239827262184],[-122.22649597323979,49.920049414906124],[-122.23535301292104,49.92610895504656],[-122.2373897225728,49.93682346230812],[-122.240042692384,49.94081224590882],[-122.27129206827973,49.96310098318394],[-122.26495513833545,49.9749604439908],[-122.24938746504304,49.9796935125912],[-122.24961879898184,49.984612759993134],[-122.26139283860279,50.00305455584878],[-122.25799086071312,50.01037337221032],[-122.26104501046055,50.01697081653202],[-122.2563121220722,50.02401780145484],[-122.25533078881236,50.03529088907731],[-122.26061581834608,50.043288232109404],[-122.27260854257936,50.048569766627374],[-122.2888360977169,50.05152526367495],[-122.28918824065936,50.059717300121676],[-122.28832833858914,50.06243601563129],[-122.27939229515252,50.06905430090885],[-122.27903545442399,50.077625429287885],[-122.2746918417384,50.084055486059285],[-122.25451877163088,50.091840484096686],[-122.24458418774353,50.09391475205127],[-122.23887022014063,50.10243743620407],[-122.22991522873804,50.11051207047463],[-122.22219798854275,50.110818461909744],[-122.21089355994408,50.10870282106944],[-122.20451333526887,50.11067090558943],[-122.1963245177965,50.11068022402902]],[[-121.48762345850649,49.964533658391815],[-121.48774943770924,49.95972751443244],[-121.48248263111466,49.95967036623838],[-121.4824668098332,49.9648623005468],[-121.48762345850649,49.964533658391815]],[[-121.44821121669509,49.90842967105148],[-121.44786188097527,49.9071514200488],[-121.43945301548554,49.909408067304675],[-121.43941673171929,49.91241755528541],[-121.44529154413571,49.912526465183426],[-121.45246298156496,49.915338270733294],[-121.44821121669509,49.90842967105148]],[[-121.43366872601919,49.840889354388054],[-121.43699713000215,49.83861495469598],[-121.43635912368352,49.83471976806525],[-121.43172472945238,49.82964667375052],[-121.43069578867902,49.82268824018566],[-121.42674617588833,49.82259470563356],[-121.42678863702815,49.83430440602259],[-121.43162600671839,49.83472479723126],[-121.4296947823207,49.839111802362346],[-121.42777183876804,49.83978307539744],[-121.43366872601919,49.840889354388054]],[[-121.49561768188042,49.994298943189975],[-121.49516404557319,49.98655904488209],[-121.50340160680797,49.98755673771879],[-121.50195886374428,49.98584184969312],[-121.48425638076642,49.98455552136194],[-121.48468123304391,49.99408297533997],[-121.49561768188042,49.994298943189975]],[[-121.452079564292,49.859934644518766],[-121.45112969362718,49.86226569290517],[-121.45242311199301,49.86892348627311],[-121.45050656455832,49.86911509748963],[-121.45005188943743,49.866592081871545],[-121.44424155566585,49.878795695701506],[-121.45848264738781,49.8797373242092],[-121.45821169092726,49.85973464662348],[-121.452079564292,49.859934644518766]],[[-121.46245355784876,49.92922812587189],[-121.47234782372219,49.93838786308793],[-121.4781068156323,49.94760257126479],[-121.48452267689441,49.9541439711819],[-121.48342474698693,49.932114937117014],[-121.46245355784876,49.92922812587189]],[[-121.50499699985679,50.014634788593725],[-121.5050792748144,50.00922508373337],[-121.51983831910759,50.00953311321147],[-121.5162901229458,50.000499078222255],[-121.5099772168371,49.9939149612442],[-121.51059727595319,49.989322870977226],[-121.50349721291538,49.99007834285157],[-121.501874127059,50.00084106794946],[-121.50247148630233,50.01440851230247],[-121.50499699985679,50.014634788593725]]]},"bbox":[-122.28918824065936,49.70015953959388,-121.08662484078565,50.126370133391966]},{"id":"5909016","type":"Feature","properties":{},"geometry":{"type":"MultiPolygon","coordinates":[[[[-121.4535063920192,49.38668635546251],[-121.45366446740319,49.38612087140214],[-121.45449620366851,49.386015114383596],[-121.45450731473575,49.386682372383476],[-121.4535063920192,49.38668635546251]]],[[[-121.44184653448715,49.39726807271618],[-121.44386389703678,49.397016101571005],[-121.44377410062137,49.39799579349884],[-121.44089493337489,49.39801851593552],[-121.44184653448715,49.39726807271618]]],[[[-121.44665432577183,49.37416886965931],[-121.45037183552782,49.37422866440625],[-121.448671605352,49.377470156335],[-121.44635793895709,49.37573974857658],[-121.44665432577183,49.37416886965931]]],[[[-121.3924226066007,49.385481753587285],[-121.39172751239302,49.381529064150484],[-121.39662878348922,49.38209246836184],[-121.39688856336072,49.38351944737089],[-121.3924226066007,49.385481753587285]]],[[[-121.4085600883138,49.70310752282838],[-121.14405647404821,49.700157703089864],[-121.13437746162187,49.69361905637041],[-121.13489390626202,49.68882389815061],[-121.12568326358135,49.68044776001747],[-121.1187473459879,49.67774928914403],[-121.12992385360894,49.673048433970145],[-121.13332728044928,49.66683354163916],[-121.14849855158376,49.66112557606471],[-121.1560450602648,49.65488445840804],[-121.16998399706537,49.64982408774007],[-121.17078915707232,49.64836458055341],[-121.16570801393172,49.64142787218665],[-121.16931423009294,49.63531594645767],[-121.1629426762013,49.62607381752993],[-121.16168614184373,49.620863661463446],[-121.15737379481244,49.61788158033268],[-121.14164180505024,49.6199788337435],[-121.13514804022638,49.622524873914685],[-121.12672115655643,49.61898196327481],[-121.12523908977724,49.615987965099464],[-121.12573897306346,49.61093379132848],[-121.12177898689801,49.60979432938145],[-121.11141896069726,49.615821589589075],[-121.10680776862732,49.621271036242355],[-121.09953255273619,49.625395050209164],[-121.08980717343381,49.62725196788088],[-121.07624301245492,49.625007487510125],[-121.0654462202663,49.626132504500596],[-121.05912829087202,49.63206071903852],[-121.0523502309672,49.63088099207018],[-121.05187804862551,49.636902825274845],[-121.01882394322958,49.63699736070447],[-121.01869105369231,49.64414976462038],[-121.00755165347212,49.64442940417759],[-121.00714847226708,49.65851586187515],[-120.98531158616844,49.65846427631512],[-120.9850741646472,49.673268873311095],[-120.9586849143441,49.67353418056885],[-120.95707377488122,49.6701945486249],[-120.96126592670083,49.662267869803756],[-120.95931049908437,49.659038236386124],[-120.9639390712079,49.6508358747021],[-120.96031599154725,49.64648977905369],[-120.95950302262398,49.64220913251716],[-120.96789396267215,49.63569947628926],[-120.97063844099122,49.62844237802855],[-120.9631931982503,49.6206370306328],[-120.96267565593178,49.61380456954548],[-120.9703554234957,49.60827216951614],[-120.9835775023975,49.61196421862908],[-120.99367303019677,49.60280975719654],[-120.99010799156423,49.59772162275556],[-121.00205632516099,49.597044975865714],[-121.00639372122507,49.59445650378805],[-121.01863764311936,49.59305948746438],[-121.03788250336378,49.5869119545525],[-121.03658316881604,49.58274805419447],[-121.04299396943873,49.576552178027086],[-121.04014622586442,49.57233987473623],[-121.04092895521129,49.56870828704297],[-121.03522850081626,49.567378178704004],[-121.03901366468415,49.55460593548496],[-121.0358928816967,49.55091843264238],[-121.0378707250964,49.548867408255006],[-121.04733874171488,49.546711931266834],[-121.04938698102639,49.54431072048674],[-121.05052464195653,49.5389293462271],[-121.04771034397176,49.5318721868335],[-121.04881368102475,49.52955548140943],[-121.05438219164101,49.52559011653045],[-121.0699716848556,49.52507529023978],[-121.07918868753958,49.51993821880836],[-121.08205783058554,49.515962961951026],[-121.07323495046644,49.50318990693757],[-121.07343908071094,49.49547796899632],[-121.06495566375926,49.48979923396467],[-121.0593418378455,49.47904638601105],[-121.05092872232214,49.47367355777999],[-121.06573188134227,49.46574270492588],[-121.08141599493518,49.46517144100935],[-121.08013211621166,49.45837641677305],[-121.08893349894439,49.451170965178214],[-121.09061498782388,49.442339264856365],[-121.09414590490097,49.44044013301904],[-121.0992668283464,49.441087741506514],[-121.0980439308036,49.35390947318036],[-121.07525148695794,49.353130485851246],[-121.0769212676953,49.34989556773182],[-121.08794459256494,49.348016042076125],[-121.10177332569593,49.34859631844185],[-121.09404887310343,49.34228162523188],[-121.09272361780103,49.339424569760645],[-121.07837476283567,49.32862070358806],[-121.07220464614433,49.32907365129084],[-121.06285406143154,49.33349142355087],[-121.04965382168064,49.332596172786836],[-121.04524265468756,49.33073445542186],[-121.04086858223211,49.3233888443062],[-121.04296356824395,49.32041020280885],[-121.03581986079062,49.31669404973759],[-121.03331324613166,49.31093527793228],[-121.02431892117497,49.30409599351421],[-121.01143577063691,49.306478730287104],[-121.00414331699989,49.31273551749938],[-120.99741668471486,49.31367492716979],[-121.0001635200799,49.310047906051565],[-121.00141735548361,49.27824238939895],[-120.99678869381032,49.27804424627876],[-120.99670703302361,49.275252671722114],[-120.99228543892882,49.272903782421835],[-120.98121364245311,49.27150448534977],[-120.95601327995455,49.27534036828012],[-120.9443531346273,49.27064323496652],[-120.93612029114905,49.27597720098874],[-120.91729487028731,49.30089308742452],[-120.90578885427223,49.305675298538155],[-120.86985963575661,49.303319350721225],[-120.85546348182865,49.295227658399924],[-120.82397134184977,49.29497116472648],[-120.8194543964684,49.29356805028304],[-120.81206601532648,49.28443158204675],[-120.81271768997439,49.2796295240605],[-120.82062641399656,49.26912101830163],[-120.81678834965638,49.25830473062505],[-120.81800162484393,49.25124288505545],[-120.82338514432628,49.24622255751143],[-120.8457813923946,49.24076239460181],[-120.84841940138075,49.23402135493305],[-120.84738436674384,49.21970600933288],[-120.85773385117041,49.21195883409844],[-120.85958645260642,49.20824299023997],[-120.86445241721403,49.205550977457655],[-120.87359959212918,49.20451293196451],[-120.89526576379804,49.21451493385323],[-120.89127773005437,49.20617474017309],[-120.89384092217733,49.19686835360402],[-120.89404010463107,49.18921452578826],[-120.89096675226577,49.18426171812819],[-120.88111430586696,49.177430958605925],[-120.88253487479223,49.17609107452922],[-120.90318383184503,49.17513873668084],[-120.90543305536562,49.17370736198875],[-120.87842877300903,49.15710451873253],[-120.86608753311815,49.145725076793354],[-120.86397478724915,49.14355257078318],[-120.86424656530356,49.13911308360296],[-120.85850314682753,49.13549170566762],[-120.85964226910276,49.13077321718088],[-120.86796075186673,49.12277132038133],[-120.89706492223371,49.11273646543162],[-120.91431931173997,49.11710559638529],[-120.92982563594612,49.1085477918878],[-120.93519314532449,49.108653764089375],[-120.94421536260131,49.104187214233185],[-120.9655111369915,49.103779290500526],[-120.9656371159872,49.0992879968025],[-120.96311148240692,49.094835658185715],[-120.95413845640614,49.09272943244439],[-120.94882956061727,49.089152494942915],[-120.92663327000149,49.08600101045282],[-120.9121561543551,49.07851288040373],[-120.89382610655782,49.077700280574675],[-120.88725691712403,49.06949328305782],[-120.87317719092242,49.05812990661969],[-120.86866781750645,49.052710189564515],[-120.85221459073269,49.04440081926928],[-120.83688048172938,49.04472199320801],[-120.83239094276541,49.04225335288283],[-120.83028039961306,49.03415167713235],[-120.82569932221516,49.02546256797019],[-120.83925888193538,49.00842264105677],[-120.84656506126527,49.011118030016746],[-120.84815332744348,49.008848673277996],[-120.84840827411041,49.00007714724329],[-121.27292340072401,49.00002692102857],[-121.26950506952157,49.00660347643048],[-121.26889162368354,49.013638462373564],[-121.27450838573269,49.01708795731121],[-121.28793098721728,49.01519544534365],[-121.29731467816438,49.01815951521126],[-121.29661403532765,49.02908990105281],[-121.28515810089705,49.03129283157799],[-121.30135013901486,49.038161783668414],[-121.30928086053903,49.03965785340897],[-121.29967238573532,49.04786378628025],[-121.30034075298295,49.05301837218611],[-121.30623588917183,49.06006119185005],[-121.31359831438034,49.063201319572826],[-121.31900113193896,49.068167047733475],[-121.32403713951098,49.076792077934314],[-121.33145635803618,49.082395542452396],[-121.33343636450661,49.085772626839635],[-121.3314854166978,49.08987573846444],[-121.33214575959595,49.093655024467],[-121.33809203637136,49.09382287101064],[-121.34561188796108,49.09760970009325],[-121.35075312237454,49.09464538285959],[-121.35356893327388,49.08655088246321],[-121.3581402330203,49.08160868866436],[-121.36368125116022,49.07962641106809],[-121.38136569255187,49.07850447321826],[-121.38705422905392,49.075551609606144],[-121.39011507611556,49.075685782530826],[-121.3930089374047,49.07947783790325],[-121.39076157740197,49.086996797241255],[-121.39319659982552,49.09199572211124],[-121.39509717559307,49.093710089021684],[-121.40636114847668,49.09573398044027],[-121.40977918422075,49.099110497086514],[-121.40534443799767,49.11112520920594],[-121.40353639038273,49.12464443363147],[-121.40943839205062,49.13126807871063],[-121.4085467341975,49.13733351546743],[-121.41127319914408,49.14470911869277],[-121.42043799591482,49.14771441554435],[-121.43143562342806,49.15668746753228],[-121.44121720446596,49.15373449978083],[-121.45594181009733,49.152149042343964],[-121.4583802151988,49.148437872086475],[-121.47208166745918,49.141391467263134],[-121.47959064718971,49.139792478109264],[-121.48201745331109,49.1375499231052],[-121.48581207909562,49.142840855399],[-121.49865764975138,49.146925581267446],[-121.5003506103403,49.14881713850679],[-121.492422574136,49.1533819117407],[-121.48782838838525,49.1540998846612],[-121.48303177038072,49.16075573296823],[-121.48454663016959,49.16280268061094],[-121.48987261124256,49.16356966422286],[-121.49027663958519,49.16836460790725],[-121.49313266811454,49.17087235908901],[-121.50155314860739,49.17209954775031],[-121.50194626337498,49.29601774301433],[-121.65679749774797,49.2958849780013],[-121.65266662144626,49.29970324025643],[-121.64298888586313,49.30409895404732],[-121.65156244420368,49.30962656303755],[-121.65730073110116,49.308524156148216],[-121.66065692908849,49.30555756154304],[-121.65929876816539,49.2965371288819],[-121.6686392450256,49.296415942487805],[-121.67207030016615,49.304194488338716],[-121.66677349160148,49.3123068151285],[-121.65416014311657,49.318024855284705],[-121.63906072453622,49.315656705283935],[-121.62947041527961,49.31975830524136],[-121.61590348925697,49.34226369650042],[-121.60400911410835,49.35126749063773],[-121.60717430919665,49.35130049633544],[-121.60372134409927,49.353532062548375],[-121.60317280867368,49.35643030766368],[-121.60794947446838,49.3532344474862],[-121.6036540027945,49.356773047668426],[-121.61696919687134,49.3569215868887],[-121.61592622737884,49.358274669706894],[-121.61842953895557,49.3599068515774],[-121.61794953127894,49.36289463140032],[-121.68959725627157,49.36059666926973],[-121.69956920112831,49.382221643987194],[-121.71832634254032,49.39148597972722],[-121.7115508284211,49.40106200028527],[-121.69801961759404,49.40736956809728],[-121.69936039181378,49.415798292283334],[-121.69586432266568,49.42176988571522],[-121.68379431008836,49.42393846075917],[-121.67419460637835,49.43260754610809],[-121.6458095672543,49.452307842753804],[-121.64781925092649,49.4579902576084],[-121.65868306451542,49.46194418814621],[-121.66057980803303,49.468006262959115],[-121.64664289748393,49.47405010947417],[-121.62926665025536,49.48955904906196],[-121.625137604448,49.49654767167162],[-121.61873993845741,49.501747688743556],[-121.6008241912828,49.49586850980279],[-121.5931535953864,49.49012342239469],[-121.57219096238107,49.48649746989984],[-121.56935552661064,49.49639056217986],[-121.57107706306046,49.49820614880674],[-121.57014895865001,49.50007103262766],[-121.57198578036548,49.50637596823736],[-121.57634187447033,49.510471341351284],[-121.56302390711927,49.51376154778699],[-121.56108793493432,49.51621416369128],[-121.5607894521929,49.5230064447363],[-121.5547017112016,49.52812577450437],[-121.56044481811965,49.53418640588456],[-121.55951457205408,49.53725684044309],[-121.56145214698655,49.54283836267592],[-121.56279357682982,49.55807473438587],[-121.56699547702246,49.5621371222875],[-121.54065653235303,49.57205144029995],[-121.5394353719694,49.575433405417144],[-121.54614052045243,49.58256245130371],[-121.54852479784543,49.600351221735856],[-121.56234327159426,49.605548117379044],[-121.56388952322196,49.607373344171265],[-121.59377326512221,49.61108389843631],[-121.59739621686224,49.614388705605485],[-121.60760650124531,49.61696462623878],[-121.61829481109851,49.62322372150425],[-121.62561120348832,49.624285541215365],[-121.6359684339829,49.620398233411095],[-121.64415442398266,49.62428177702642],[-121.65859644226772,49.61764293786612],[-121.67140074457689,49.61604953379657],[-121.67784237908063,49.620069296660354],[-121.68056941251962,49.628682654972266],[-121.68590762676213,49.633324670309406],[-121.68475362792645,49.63548214664358],[-121.68696746530719,49.64569181632061],[-121.6941370352987,49.657274760577735],[-121.69864469109395,49.658242207247504],[-121.70250998131225,49.667993005041026],[-121.69394255587035,49.67644669741498],[-121.68408112271351,49.69280375668612],[-121.69246782808547,49.69454928962684],[-121.69589349088541,49.69878349684864],[-121.70143846112069,49.7015879996273],[-121.4085600883138,49.70310752282838]],[[-121.65322377686311,49.29882090709268],[-121.6514349740646,49.29974070579876],[-121.64805710473627,49.3007117968601],[-121.64575360766466,49.30174659724483],[-121.65493261892762,49.29727633581616],[-121.65322377686311,49.29882090709268]],[[-121.42488833987807,49.560961058303135],[-121.42147283095619,49.56142677584907],[-121.41978794111638,49.562204364342215],[-121.42568425950716,49.56313921095721],[-121.42677930640485,49.56065485939917],[-121.42488833987807,49.560961058303135]],[[-121.39264821006714,49.62642459213437],[-121.39041843969046,49.62894136020395],[-121.39143074116014,49.631796969294676],[-121.39836889867587,49.63597547387493],[-121.39861735175967,49.62993495871165],[-121.39543516567582,49.62991211744192],[-121.39542461889114,49.62661056055885],[-121.39264821006714,49.62642459213437]],[[-121.58882619999488,49.36508395115671],[-121.5915356617568,49.36754586731151],[-121.5915350348737,49.3658085432469],[-121.59413503225393,49.36586077572429],[-121.59384091527609,49.36200067418713],[-121.59703978789209,49.3619024067757],[-121.59682726135513,49.359333094768544],[-121.5829560940587,49.35961888817457],[-121.58882619999488,49.36508395115671]],[[-121.42022196955685,49.468482758435485],[-121.41882110860543,49.47340856398192],[-121.43153259614152,49.47365878277372],[-121.43202722473639,49.46820740902188],[-121.42022196955685,49.468482758435485]],[[-121.41506835936914,49.515404129078554],[-121.41492794128506,49.51835865087687],[-121.42078201992149,49.52833387515881],[-121.42543277390678,49.529799075068865],[-121.42512434313316,49.516500377880014],[-121.41506835936914,49.515404129078554]],[[-121.4175179342293,49.66611327428946],[-121.4216225124827,49.66435295744133],[-121.42204431975703,49.66202866020266],[-121.42484264257428,49.66028537017604],[-121.42418596225548,49.655794427761904],[-121.4030757087316,49.65512974108822],[-121.41057684542407,49.66478586379363],[-121.41385474105327,49.667134450581024],[-121.4175179342293,49.66611327428946]],[[-121.60545025066143,49.3469862443266],[-121.61401264074995,49.3401629633424],[-121.61873075113071,49.33213880204829],[-121.6109930532503,49.3321451486008],[-121.60655198089827,49.33389553519922],[-121.59859439734355,49.333349198723965],[-121.59429581650126,49.338338977278624],[-121.59445539377056,49.34010970179477],[-121.60545025066143,49.3469862443266]],[[-121.43835168950099,49.45762333691897],[-121.43826465832605,49.45547122727015],[-121.44071867616373,49.45558960414624],[-121.4418051492408,49.43236416958229],[-121.43623394205757,49.432931716872496],[-121.42725969411602,49.443019007008324],[-121.42742289463432,49.457559931194666],[-121.43835168950099,49.45762333691897]],[[-121.53227105440419,49.3682626651147],[-121.50498651704602,49.37557509867545],[-121.50567808611075,49.378425472635],[-121.52542516749119,49.380352938281405],[-121.5605699650088,49.380217722952466],[-121.56066956007672,49.37656383462511],[-121.56637399782107,49.37636156211091],[-121.56647307305904,49.37270771881503],[-121.5719774512983,49.3727711255861],[-121.57141063545147,49.36273332829461],[-121.56295014057355,49.36621896067123],[-121.53227105440419,49.3682626651147]],[[-121.44153217193629,49.43032686277776],[-121.44700427047624,49.42986184873341],[-121.44885691426481,49.41463535932741],[-121.45874059781322,49.414164280500316],[-121.4588941888884,49.40341318220877],[-121.4698861603204,49.403080682217706],[-121.46982489151023,49.38840226178688],[-121.48084137493152,49.38810550190823],[-121.48101319691408,49.38249047502157],[-121.50333301896275,49.38221031727337],[-121.50317758066383,49.37418229886385],[-121.51825220189257,49.37123921224867],[-121.52863810639452,49.36712469360053],[-121.56415450440723,49.3643972971894],[-121.57567131433386,49.3596247938712],[-121.57319773184224,49.35718947188809],[-121.5747854239398,49.35275315559364],[-121.50295858137437,49.35358009730869],[-121.50251338004429,49.36143404608734],[-121.48358311867679,49.361657530094746],[-121.48387031587487,49.3540924615588],[-121.47629357878856,49.35363782806714],[-121.47319441514978,49.34832693055106],[-121.47116103150015,49.34844274670555],[-121.47025919247301,49.35013055566569],[-121.4654845343223,49.35012381950286],[-121.46555777119983,49.35347500621326],[-121.45638878626397,49.35379103408229],[-121.4568385394923,49.358144528291284],[-121.4465901847299,49.35823942895386],[-121.44742458710051,49.36673568017844],[-121.40200077032902,49.367823763852044],[-121.39908510614652,49.36983209450574],[-121.40153671172756,49.373036275731174],[-121.39004574101126,49.36932214044238],[-121.37980460768543,49.3693029112474],[-121.37966928037304,49.37506825085645],[-121.37108726288338,49.374895335386846],[-121.36914152634347,49.37734414435585],[-121.36233019298909,49.38003589247316],[-121.35188460174612,49.38119429062821],[-121.35548581480785,49.38921492529164],[-121.39143961141146,49.389298344628905],[-121.39073400814104,49.39637868045353],[-121.41285877864368,49.39759675840519],[-121.41235758481697,49.399519451707754],[-121.4295203119055,49.40042700842355],[-121.41987359329129,49.40499441519532],[-121.41933360030305,49.40934821436851],[-121.42614438817647,49.41756052157836],[-121.43772115110228,49.418698831876],[-121.43682118585113,49.424723296931774],[-121.43072580579228,49.42466340404671],[-121.43414677862295,49.429866990473315],[-121.44153217193629,49.43032686277776]]]]},"bbox":[-121.71832634254032,49.00002692102857,-120.81206601532648,49.70310752282838]},{"id":"5909020","type":"Feature","properties":{},"geometry":{"type":"MultiPolygon","coordinates":[[[[-121.94818884915622,49.111294852014765],[-121.94816824444565,49.1102950698355],[-121.94980188036662,49.1102977750248],[-121.94985433410694,49.11129599410634],[-121.94818884915622,49.111294852014765]]],[[[-121.92043008899412,49.22454665851924],[-121.89203201206718,49.22335109702063],[-121.88063828309139,49.220837301921236],[-121.86265199016957,49.22085409990734],[-121.85416878059223,49.22248620088809],[-121.84510449096821,49.22870430680059],[-121.83996920348328,49.228502112655924],[-121.83105349920628,49.219751106363],[-121.82610830379659,49.2169318024964],[-121.80165889823635,49.21403718948598],[-121.7882962411659,49.20691396484816],[-121.79435583446569,49.20481216702569],[-121.78834967319362,49.20031362828813],[-121.78791390795458,49.187468742382244],[-121.78238830918967,49.18760850893694],[-121.7818338551652,49.1802885400637],[-121.77669694364657,49.18010002999948],[-121.77702751197927,49.17861918256432],[-121.78063183596282,49.17872293083921],[-121.78130128220069,49.174994084671575],[-121.78578710766745,49.17506519031017],[-121.78617947063191,49.161444882],[-121.79039232690731,49.161207514928456],[-121.79036848787801,49.15739323676721],[-121.78547045558554,49.157550933422215],[-121.78526979227956,49.15130199741748],[-121.79038097636284,49.15137868810566],[-121.78783000428346,49.12222976188438],[-121.79030770392454,49.110439227120914],[-121.79117119757149,49.09161750901609],[-121.81801299120667,49.09179117122667],[-121.81775424190359,49.08510630255207],[-121.830972717389,49.08498987646749],[-121.83129286362359,49.08074634479336],[-121.83696645856868,49.08077092910206],[-121.83686367018701,49.08838886625991],[-121.8637133168204,49.08760268721687],[-121.87698591204676,49.088821175756465],[-121.89652757331594,49.087532914538436],[-121.90050481171133,49.087911193869644],[-121.89979429479564,49.089853036095604],[-121.90471222133989,49.09190657756571],[-121.90802823607994,49.09193817363076],[-121.9077580980413,49.08853283203415],[-121.91497837289111,49.08849210088605],[-121.93006439956774,49.0892451071139],[-121.93030513815465,49.09036979441007],[-121.94084681473197,49.08984628714843],[-121.94126520829,49.09305511582484],[-121.97317039327459,49.09304676847171],[-121.97242669960627,49.08918568821569],[-121.97945535986081,49.08915934247299],[-121.98136433904789,49.08211614432521],[-121.98501571438494,49.082036126950406],[-121.98508827707657,49.07829234925671],[-122.00740054058518,49.07990477731456],[-122.0069277475832,49.08916028027099],[-122.02895791053089,49.08931799835859],[-122.02865142652905,49.04566296775117],[-122.07256046352194,49.045517630665806],[-122.07262749532694,49.05794200097702],[-122.07595997293912,49.05885701548342],[-122.07497141873695,49.06036249879506],[-122.0803496955985,49.060357889879924],[-122.08012302761769,49.10602546454083],[-122.09897141641281,49.12699439593965],[-122.09499678990541,49.13675309243845],[-122.09932260831575,49.13956159190617],[-122.12390480622578,49.141518309369125],[-122.1247912097502,49.14517159464516],[-122.11293699006256,49.148606808772016],[-122.09726428987449,49.15017769598458],[-122.06458068829578,49.149195738518955],[-122.05008361387095,49.15619209987106],[-122.02168599502095,49.18142631186955],[-122.00851540772871,49.18486151099603],[-121.99883018513388,49.18449861733715],[-121.9955478337807,49.185865705577044],[-121.98157229130446,49.19658271220275],[-121.98077279804681,49.2013965071704],[-121.97570021067678,49.205654901057656],[-121.95305999052906,49.21457051205118],[-121.93707240498674,49.21765248966324],[-121.93444829699708,49.224626609511205],[-121.92639057607573,49.22559339822223],[-121.92043008899412,49.22454665851924]],[[-121.99115055118938,49.151354204010204],[-121.99475357060834,49.15187203461571],[-121.99626300807401,49.14919040062581],[-121.9937522950845,49.1478504891747],[-121.98706788471829,49.14816815092055],[-121.98701904366447,49.14906622470884],[-121.98584280541294,49.15074277594274],[-121.99115055118938,49.151354204010204]],[[-121.93726404435891,49.142056568951304],[-121.94110184362745,49.1418953937895],[-121.94809599429813,49.13809870759754],[-121.95310997606175,49.13810100100401],[-121.95240231956059,49.13525424445637],[-121.94507931584387,49.13527657393658],[-121.942556996088,49.13303178883628],[-121.93383960396773,49.13120131447821],[-121.93205732734435,49.13479795098289],[-121.93522824937914,49.13534067278045],[-121.93475711650603,49.13765791230398],[-121.93726404435891,49.142056568951304]],[[-121.83885336422564,49.18392261599971],[-121.83865569031965,49.17587645976388],[-121.84172568095325,49.17587409686644],[-121.83608765461311,49.17440636563631],[-121.83022615935101,49.17058767193636],[-121.83041885926123,49.17603661485294],[-121.82717628183983,49.17597671432122],[-121.82722513194776,49.18388811790785],[-121.83885336422564,49.18392261599971]],[[-121.96209760978115,49.112626369674],[-121.96199207780704,49.111281614101614],[-121.95361590486114,49.11129716614472],[-121.95479036536487,49.109236922561664],[-121.946381870449,49.10947128907665],[-121.95501597782,49.10459175169208],[-121.95892907520918,49.105054318616766],[-121.95831078672899,49.10396589941078],[-121.9608048805924,49.102633648636605],[-121.9583808361461,49.10147690552743],[-121.94067412909482,49.10889360695346],[-121.929568439876,49.10888384050902],[-121.92945861925877,49.118489607457064],[-121.96232333415345,49.11840336791837],[-121.96209760978115,49.112626369674]],[[-121.96074525522945,49.19301086473144],[-121.9732632010302,49.18718393765682],[-121.97299658758588,49.18064909850482],[-121.97463479903284,49.18004188979925],[-121.99635572153235,49.17979840223167],[-122.00213006576595,49.17840598089332],[-122.00960762758936,49.17028116885904],[-122.00492091622486,49.166938355118724],[-122.00750566893998,49.15880178913139],[-121.99857450981621,49.159265711050885],[-121.99885627224805,49.16151090463578],[-121.99226068042347,49.16170800013139],[-121.99346350833027,49.15941940162042],[-121.99241290519046,49.158012284872704],[-121.9850289220305,49.159613101700295],[-121.98588390850747,49.155411701762475],[-121.98184810676952,49.15329529624701],[-121.9867416125866,49.14901269282688],[-121.98390389594512,49.14653878713825],[-121.98182099862754,49.1473307090264],[-121.98131258358053,49.14981450705034],[-121.97431540834835,49.150485300733806],[-121.97755475155647,49.15318426435942],[-121.97625131110019,49.15525935525941],[-121.97017480403127,49.15253049159765],[-121.96785218714453,49.157303321974226],[-121.97916588623734,49.15900819790404],[-121.97458602339711,49.16214396074178],[-121.97225141033037,49.16792290402537],[-121.98712216554361,49.167632512467364],[-121.9884105741524,49.171663725105525],[-121.96947956427317,49.17197078834434],[-121.96942970576582,49.17810939762778],[-121.96397179392812,49.17850409737021],[-121.96407067184799,49.179748241044685],[-121.95954419239673,49.18217680822436],[-121.95282333066756,49.18255515283513],[-121.96050001833838,49.185703262125806],[-121.95400463717189,49.18849606501316],[-121.95350972087695,49.19109247002503],[-121.95565872002427,49.19270325450798],[-121.96074525522945,49.19301086473144]]]]},"bbox":[-122.1247912097502,49.045517630665806,-121.77669694364657,49.22870430680059]},{"id":"5909027","type":"Feature","properties":{},"geometry":{"type":"Polygon","coordinates":[[[-121.79550172602211,49.313272471122],[-121.77140793849513,49.30936496307037],[-121.7707252115807,49.299213868368504],[-121.76656162993335,49.29913175476452],[-121.76602979467874,49.28043785537428],[-121.78862469423159,49.28068934985373],[-121.78890876968703,49.28477187294983],[-121.78366059206071,49.28483134032212],[-121.78384813465182,49.2886793862921],[-121.79507361964863,49.28886640379364],[-121.79701426047662,49.301882438579085],[-121.81377789160979,49.30200169580398],[-121.81393020176566,49.30412090825461],[-121.80852586707323,49.305762399763815],[-121.79917509751517,49.31389292637276],[-121.79550172602211,49.313272471122]]]},"bbox":[-121.81393020176566,49.28043785537428,-121.76602979467874,49.31389292637276]},{"id":"5909032","type":"Feature","properties":{},"geometry":{"type":"Polygon","coordinates":[[[-121.61700965206916,49.3584412647097],[-121.61592622737884,49.358274669706894],[-121.61696919687134,49.3569215868887],[-121.6134523087477,49.356521442090276],[-121.6179544508503,49.356332102791455],[-121.61770738945982,49.34773886014349],[-121.61423796093193,49.3459806807516],[-121.60717430919665,49.35130049633544],[-121.60400911410835,49.35126749063773],[-121.61590348925697,49.34226369650042],[-121.62947041527961,49.31975830524136],[-121.63906072453622,49.315656705283935],[-121.65416014311657,49.318024855284705],[-121.66227560438023,49.31525500617342],[-121.66783739948129,49.311221492208446],[-121.67207030016615,49.304194488338716],[-121.66856689538083,49.29743009578873],[-121.66892330900865,49.29421669233999],[-121.67547160341027,49.28901250801574],[-121.67730390688062,49.285691208629075],[-121.67922249549001,49.28083609557862],[-121.67921424711942,49.27219241296031],[-121.69439300767135,49.254794407462114],[-121.71019639841225,49.24370549512027],[-121.711243056434,49.23609642233429],[-121.7155103188134,49.227575154510156],[-121.73305630923198,49.214038396542136],[-121.77293399924014,49.204622402347695],[-121.78472480418611,49.20593411074521],[-121.80165889823635,49.21403718948598],[-121.82610830379659,49.2169318024964],[-121.83105349920628,49.219751106363],[-121.83996920348328,49.228502112655924],[-121.84299879590934,49.228742788886606],[-121.84950808182533,49.22631839206357],[-121.85416878059223,49.22248620088809],[-121.86265199016957,49.22085409990734],[-121.88063828309139,49.220837301921236],[-121.89203201206718,49.22335109702063],[-121.91660270438844,49.223874292027496],[-121.92639057607573,49.22559339822223],[-121.93444829699708,49.224626609511205],[-121.9356574961484,49.218777596534636],[-121.94490492334064,49.215589676321564],[-121.94359856585073,49.222914457961984],[-121.94740510006255,49.23181338824004],[-121.96216530155819,49.23434337286923],[-121.96625893990648,49.23824906127849],[-121.96244258178479,49.24210979799706],[-121.93621470230539,49.25231200139191],[-121.93226427856531,49.256446498344424],[-121.93012540426146,49.26235019993939],[-121.91968493283177,49.265073570133],[-121.91541476194674,49.26797513852722],[-121.9141038773399,49.27642646047112],[-121.91585741327657,49.27717476904764],[-121.90849549077045,49.283835843341095],[-121.87765029932024,49.295350213224616],[-121.84563387866282,49.299829299048945],[-121.83949327938609,49.298799598079924],[-121.81393020176566,49.30412090825461],[-121.81377789160979,49.30200169580398],[-121.79701426047662,49.301882438579085],[-121.79507361964863,49.28886640379364],[-121.78384813465182,49.2886793862921],[-121.78366059206071,49.28483134032212],[-121.78890876968703,49.28477187294983],[-121.78862469423159,49.28068934985373],[-121.76602979467874,49.28043785537428],[-121.76656162993335,49.29913175476452],[-121.7707252115807,49.299213868368504],[-121.77140793849513,49.30936496307037],[-121.79917509751517,49.31389292637276],[-121.76387362698466,49.333993584931775],[-121.7652376083164,49.3593683016487],[-121.61794953127894,49.36289463140032],[-121.61842953895557,49.3599068515774],[-121.61700965206916,49.3584412647097]],[[-121.93376671445546,49.23366690356449],[-121.95234220129733,49.23621599505142],[-121.95309336401111,49.234469058589085],[-121.947317723029,49.233626637311254],[-121.94167924574128,49.229302583718024],[-121.92644270067164,49.22917082789474],[-121.92153639036306,49.22985852979474],[-121.92090128826334,49.2312948005374],[-121.93376671445546,49.23366690356449]],[[-121.76605247626422,49.21221638318855],[-121.76191051424915,49.21422305562102],[-121.7605972224711,49.21457765666081],[-121.76267461935237,49.213321453212004],[-121.75358692763571,49.21375585782616],[-121.74666845864999,49.2191483914784],[-121.75282160350693,49.21880769031016],[-121.75279515395596,49.22237375624478],[-121.76557506590014,49.22233002242398],[-121.76605247626422,49.21221638318855]],[[-121.67595738684967,49.31285822014023],[-121.68087850778372,49.308138256817934],[-121.69441174900025,49.30361496148662],[-121.69798718548404,49.30041210422042],[-121.71008640019181,49.299946098972285],[-121.71636353737507,49.2979052697233],[-121.72012410676052,49.29313410356047],[-121.71942800450961,49.289105001277726],[-121.72364039231333,49.28144850413313],[-121.740378826824,49.273162881992576],[-121.7397262298486,49.27169847300133],[-121.73502032017154,49.27137656503803],[-121.73465939012743,49.269798311463305],[-121.73765775161687,49.26288196870493],[-121.74332942463002,49.25814566441291],[-121.74222252478727,49.256288465404815],[-121.72529632356618,49.24215069149866],[-121.71728856334822,49.246174665974905],[-121.71806142274701,49.24891675291979],[-121.71649031956379,49.25008745893479],[-121.71081145011806,49.24922295898752],[-121.70604714381112,49.25328905262646],[-121.701149534072,49.25347707148496],[-121.69898273742685,49.25486565274256],[-121.6973805156052,49.259876023564914],[-121.69712699928077,49.256049591312454],[-121.69499242442434,49.26131595776589],[-121.7013785471512,49.26935705545904],[-121.7019124359665,49.2741309631067],[-121.69879192805281,49.27782967121974],[-121.6831623429831,49.28443515224362],[-121.68263823463253,49.287055654690754],[-121.6850777305182,49.2909608682224],[-121.68137564838042,49.295730559251375],[-121.68102564633473,49.3005486684334],[-121.67555183113406,49.30411056265576],[-121.66915473551434,49.31286237405724],[-121.67595738684967,49.31285822014023]]]},"bbox":[-121.96625893990648,49.204622402347695,-121.60400911410835,49.36289463140032]},{"id":"5909034","type":"Feature","properties":{},"geometry":{"type":"Polygon","coordinates":[[[-121.6597975512002,49.29375556661805],[-121.65627050132218,49.29598440112536],[-121.50194626337498,49.29601774301433],[-121.50155314860739,49.17209954775031],[-121.50512320111207,49.175426402782335],[-121.51199966786326,49.17786626535009],[-121.52318950667413,49.18892533799334],[-121.51415737008296,49.19635993554646],[-121.51195992245967,49.200623894643535],[-121.51326045278553,49.20546973243503],[-121.51842717063394,49.207175165984516],[-121.55066187716511,49.20341321036033],[-121.55614628552686,49.19744008551926],[-121.5581141756626,49.18233031112015],[-121.56129647144897,49.18025527877697],[-121.5629183913915,49.176675450884176],[-121.5884401196141,49.157779295646094],[-121.61176307214821,49.16281029412258],[-121.61841048894229,49.16665911242811],[-121.61999328367492,49.17058370524592],[-121.63182843216208,49.16815996870071],[-121.63558018182553,49.16944216247411],[-121.64551892610068,49.16694830177611],[-121.65763163028738,49.17167837770131],[-121.6644000191756,49.17223973027096],[-121.66618739929302,49.17873743911557],[-121.67300618082773,49.17973495894932],[-121.68224695995669,49.18685275251334],[-121.69381448016419,49.18124040875184],[-121.70452588237771,49.16781623175578],[-121.70630926469966,49.16124863726996],[-121.71429898936115,49.15906001745818],[-121.73518607442283,49.160281504311655],[-121.74027331483012,49.158736521744316],[-121.74864339082507,49.151309632774534],[-121.74633416299858,49.14531499149636],[-121.7484363024515,49.140102210865905],[-121.76531881588822,49.12934859712682],[-121.76079444037899,49.118371251469],[-121.7619375030072,49.11067414229598],[-121.77096626246116,49.105656104919156],[-121.77993741274227,49.10434598373473],[-121.78703960403769,49.10753392477467],[-121.79030770392454,49.110439227120914],[-121.78783000428346,49.12222976188438],[-121.79038097636284,49.15137868810566],[-121.78526979227956,49.15130199741748],[-121.78547045558554,49.157550933422215],[-121.79036848787801,49.15739323676721],[-121.79039232690731,49.161207514928456],[-121.78617947063191,49.161444882],[-121.78578710766745,49.17506519031017],[-121.78130128220069,49.174994084671575],[-121.78063183596282,49.17872293083921],[-121.77702751197927,49.17861918256432],[-121.77669694364657,49.18010002999948],[-121.7818338551652,49.1802885400637],[-121.78238830918967,49.18760850893694],[-121.7773038012856,49.187697061087114],[-121.77800745804686,49.19084514541725],[-121.77521493939625,49.19135472021585],[-121.75963937565072,49.191544367508115],[-121.75889097511575,49.19420098928116],[-121.75391377121929,49.19595035084053],[-121.75439196495753,49.1978677213938],[-121.74959604332017,49.20091388244906],[-121.74879283059222,49.206642239821264],[-121.76347951826706,49.20525335610676],[-121.78241132037786,49.1985908619037],[-121.79146875337939,49.20203176424817],[-121.79403577435393,49.205468217548905],[-121.7882962411659,49.20691396484816],[-121.77293399924014,49.204622402347695],[-121.73208468538029,49.2144414591104],[-121.7155103188134,49.227575154510156],[-121.711243056434,49.23609642233429],[-121.71019639841225,49.24370549512027],[-121.69439300767135,49.254794407462114],[-121.67921424711942,49.27219241296031],[-121.67922249549001,49.28083609557862],[-121.67547160341027,49.28901250801574],[-121.66892330900865,49.29421669233999],[-121.6686392450256,49.296415942487805],[-121.65929876816539,49.2965371288819],[-121.6597975512002,49.29375556661805]],[[-121.7299872859149,49.20741323716008],[-121.72076110187169,49.20040249372763],[-121.7172832144142,49.20148772855177],[-121.71329718965362,49.20582201360137],[-121.70542174222668,49.207459025215385],[-121.71272436857758,49.2133197028646],[-121.72679634829721,49.211663765943065],[-121.73183445453384,49.20889441612436],[-121.73216028260555,49.20771619778304],[-121.7299872859149,49.20741323716008]]]},"bbox":[-121.79403577435393,49.10434598373473,-121.50155314860739,49.2965371288819]},{"id":"5909035","type":"Feature","properties":{},"geometry":{"type":"Polygon","coordinates":[[[-121.9852870146669,49.07829241691093],[-121.98501571438494,49.082036126950406],[-121.98136433904789,49.08211614432521],[-121.9811494840655,49.08570176642715],[-121.97944637330045,49.085681825076925],[-121.97945535986081,49.08915934247299],[-121.97232979454431,49.08918539552677],[-121.97343164431794,49.07496776414447],[-121.94124650563698,49.074348314515326],[-121.94255632977703,49.06141510738264],[-121.89774109395793,49.05966479183234],[-121.88981742423678,49.04702636881623],[-121.88021599320425,49.0422527620619],[-121.87787141229785,49.039577376483315],[-121.87772360996833,49.034848481689856],[-121.8651659652157,49.02476218225802],[-121.86372427241128,49.02196048054941],[-121.86513584239256,49.018281943615044],[-121.8725201606062,49.01544352967485],[-121.87260922403676,49.01425212449997],[-121.86498869602829,49.00615234675846],[-121.85410171661287,49.002545957801736],[-121.85405805008409,49.000955965414875],[-121.99586526332172,49.00000525335705],[-122.11677438369588,49.00223376953166],[-122.11697178376016,49.016367240283294],[-122.09432979542103,49.01659530027558],[-122.09442942307895,49.03844065609434],[-122.0835775474144,49.03827703577522],[-122.08343731199983,49.045634589739194],[-122.02865142652905,49.04566296775117],[-122.02895791053089,49.08931799835859],[-122.0069277475832,49.08916028027099],[-122.00740054058518,49.07990477731456],[-121.9852870146669,49.07829241691093]]]},"bbox":[-122.11697178376016,49.00000525335705,-121.85405805008409,49.08931799835859]},{"id":"5909036","type":"Feature","properties":{},"geometry":{"type":"Polygon","coordinates":[[[-121.68224695995669,49.18685275251334],[-121.67300618082773,49.17973495894932],[-121.66618739929302,49.17873743911557],[-121.6644000191756,49.17223973027096],[-121.65763163028738,49.17167837770131],[-121.64551892610068,49.16694830177611],[-121.63558018182553,49.16944216247411],[-121.63182843216208,49.16815996870071],[-121.61999328367492,49.17058370524592],[-121.61841048894229,49.16665911242811],[-121.61176307214821,49.16281029412258],[-121.5884401196141,49.157779295646094],[-121.5629183913915,49.176675450884176],[-121.56129647144897,49.18025527877697],[-121.5581141756626,49.18233031112015],[-121.55614628552686,49.19744008551926],[-121.55066187716511,49.20341321036033],[-121.51562075665824,49.206669491996394],[-121.51326045278553,49.20546973243503],[-121.51195992245967,49.200623894643535],[-121.51415737008296,49.19635993554646],[-121.52318950667413,49.18892533799334],[-121.51199966786326,49.17786626535009],[-121.50512320111207,49.175426402782335],[-121.50166446402244,49.17212189295809],[-121.49313266811454,49.17087235908901],[-121.49027663958519,49.16836460790725],[-121.48987261124256,49.16356966422286],[-121.48454663016959,49.16280268061094],[-121.48303177038072,49.16075573296823],[-121.48782838838525,49.1540998846612],[-121.49987539243746,49.14942349981454],[-121.49865764975138,49.146925581267446],[-121.48581207909562,49.142840855399],[-121.48201745331109,49.1375499231052],[-121.47959064718971,49.139792478109264],[-121.47208166745918,49.141391467263134],[-121.4583802151988,49.148437872086475],[-121.45594181009733,49.152149042343964],[-121.43031367290997,49.15644568838513],[-121.42043799591482,49.14771441554435],[-121.41127319914408,49.14470911869277],[-121.4085467341975,49.13733351546743],[-121.40943839205062,49.13126807871063],[-121.40353639038273,49.12464443363147],[-121.40534443799767,49.11112520920594],[-121.40977918422075,49.099110497086514],[-121.40636114847668,49.09573398044027],[-121.39509717559307,49.093710089021684],[-121.39319659982552,49.09199572211124],[-121.39076157740197,49.086996797241255],[-121.3930089374047,49.07947783790325],[-121.3923100012952,49.0771408826429],[-121.38705422905392,49.075551609606144],[-121.38136569255187,49.07850447321826],[-121.36368125116022,49.07962641106809],[-121.3581402330203,49.08160868866436],[-121.35356893327388,49.08655088246321],[-121.35075312237454,49.09464538285959],[-121.34561188796108,49.09760970009325],[-121.33809203637136,49.09382287101064],[-121.33214575959595,49.093655024467],[-121.3314854166978,49.08987573846444],[-121.33343636450661,49.085772626839635],[-121.33145635803618,49.082395542452396],[-121.32403713951098,49.076792077934314],[-121.31900113193896,49.068167047733475],[-121.31359831438034,49.063201319572826],[-121.30623588917183,49.06006119185005],[-121.30034075298295,49.05301837218611],[-121.29967238573532,49.04786378628025],[-121.30928086053903,49.03965785340897],[-121.30135013901486,49.038161783668414],[-121.28515810089705,49.03129283157799],[-121.29661403532765,49.02908990105281],[-121.29731467816438,49.01815951521126],[-121.28793098721728,49.01519544534365],[-121.27450838573269,49.01708795731121],[-121.26889162368354,49.013638462373564],[-121.26950506952157,49.00660347643048],[-121.27292340072401,49.00002692102857],[-121.85462725425255,49.000078677825634],[-121.85410171661287,49.002545957801736],[-121.86498869602829,49.00615234675846],[-121.87260922403676,49.01425212449997],[-121.8725201606062,49.01544352967485],[-121.86513584239256,49.018281943615044],[-121.86372427241128,49.02196048054941],[-121.8651659652157,49.02476218225802],[-121.87772360996833,49.034848481689856],[-121.87787141229785,49.039577376483315],[-121.88021599320425,49.0422527620619],[-121.88981742423678,49.04702636881623],[-121.89774109395793,49.05966479183234],[-121.94255632977703,49.06141510738264],[-121.94084681473197,49.08984628714843],[-121.9077580980413,49.08853283203415],[-121.90802823607994,49.09193817363076],[-121.90471222133989,49.09190657756571],[-121.89979429479564,49.089853036095604],[-121.90050481171133,49.087911193869644],[-121.89652757331594,49.087532914538436],[-121.87698591204676,49.088821175756465],[-121.8637133168204,49.08760268721687],[-121.83686367018701,49.08838886625991],[-121.83696645856868,49.08077092910206],[-121.83129286362359,49.08074634479336],[-121.830972717389,49.08498987646749],[-121.81775424190359,49.08510630255207],[-121.81801299120667,49.09179117122667],[-121.79117119757149,49.09161750901609],[-121.79030699933664,49.11043882755768],[-121.77993741274227,49.10434598373473],[-121.77096626246116,49.105656104919156],[-121.7619375030072,49.11067414229598],[-121.76079444037899,49.118371251469],[-121.76531881588822,49.12934859712682],[-121.7484363024515,49.140102210865905],[-121.74633416299858,49.14531499149636],[-121.74864339082507,49.151309632774534],[-121.74027331483012,49.158736521744316],[-121.73518607442283,49.160281504311655],[-121.71429898936115,49.15906001745818],[-121.70630926469966,49.16124863726996],[-121.70452588237771,49.16781623175578],[-121.69381448016419,49.18124040875184],[-121.68224695995669,49.18685275251334]]]},"bbox":[-121.94255632977703,49.00002692102857,-121.26889162368354,49.206669491996394]},{"id":"5909048","type":"Feature","properties":{},"geometry":{"type":"Polygon","coordinates":[[[-122.71365186005207,50.14880609056537],[-122.7075091234556,50.14578082505148],[-122.70104478793819,50.14477697346041],[-122.65991648437235,50.14314756285913],[-122.65843649857544,50.13493091665373],[-122.65175238998947,50.13123724226555],[-122.6379977556344,50.12780396320511],[-122.63822520971563,50.12326298707559],[-122.53207277371604,50.12380251807498],[-122.53287216446527,50.120319258230715],[-122.52678273251152,50.11926965971948],[-122.52216834085833,50.12383959676409],[-122.25844006318634,50.12344431071744],[-122.25593936494867,50.12179977150484],[-122.24313513061722,50.1264527621738],[-122.23610829335331,50.12518403252028],[-122.22709131626759,50.12683716242734],[-122.22124801903979,50.11913839805335],[-122.23887022014063,50.10243743620407],[-122.24227885199468,50.09601696279886],[-122.24458418774353,50.09391475205127],[-122.25451877163088,50.091840484096686],[-122.2746918417384,50.084055486059285],[-122.27903545442399,50.077625429287885],[-122.27939229515252,50.06905430090885],[-122.28832833858914,50.06243601563129],[-122.28918824065936,50.059717300121676],[-122.2888360977169,50.05152526367495],[-122.27260854257936,50.048569766627374],[-122.26061581834608,50.043288232109404],[-122.25533078881236,50.03529088907731],[-122.2563121220722,50.02401780145484],[-122.26104501046055,50.01697081653202],[-122.25799086071312,50.01037337221032],[-122.26139283860279,50.00305455584878],[-122.24961879898184,49.984612759993134],[-122.24938746504304,49.9796935125912],[-122.26495513833545,49.9749604439908],[-122.27129206827973,49.96310098318394],[-122.240042692384,49.94081224590882],[-122.2373897225728,49.93682346230812],[-122.23535301292104,49.92610895504656],[-122.22649597323979,49.920049414906124],[-122.20791517275487,49.912239827262184],[-122.1811998403044,49.908174711029396],[-122.16364634649848,49.90939290727169],[-122.15930999616505,49.90681882697476],[-122.14642676233278,49.89126245825136],[-122.1352748936704,49.88395784885338],[-122.13069093053241,49.873553788884976],[-122.12417014819552,49.86683891235286],[-122.1124534955048,49.85716821047358],[-122.10469559594989,49.848432159616266],[-122.09670332936298,49.84622356498476],[-122.09201855948382,49.84084633482961],[-122.07869026134921,49.837856556421194],[-122.06955062558757,49.83154571369164],[-122.06147326483119,49.83556806516264],[-122.05213053543561,49.837539157089175],[-122.04298838164213,49.83554708052906],[-122.04930379731309,49.829223700670894],[-122.04689555330543,49.82243047633103],[-122.03925626171309,49.81705534150683],[-122.01974078093195,49.8161268748947],[-122.01189525823929,49.81891414186385],[-121.99200675228732,49.82020044662822],[-121.98766737292094,49.83227685597319],[-121.96866204021366,49.836514377648925],[-121.96614951204191,49.838562543180615],[-121.96521204592375,49.84093944985987],[-121.96683335285462,49.8444135283103],[-121.97259680990287,49.849797881100784],[-121.96540048067827,49.858989163446296],[-121.96033333861497,49.86042478915933],[-121.94795982063134,49.85595794932703],[-121.9411607483829,49.856629535616854],[-121.93141251858195,49.860463335516116],[-121.92968148625074,49.865167552433036],[-121.92657594625322,49.86789590508254],[-121.91448270236214,49.87019424821834],[-121.90928596901531,49.87336988710137],[-121.90581019009508,49.87372903698426],[-121.89776721286478,49.8711645250549],[-121.88797112604739,49.8718498505334],[-121.87589890742987,49.87012855190304],[-121.87091228109729,49.87238176218823],[-121.86933480168584,49.87800381920456],[-121.85806001806294,49.88038748196832],[-121.83514759916808,49.87040115952226],[-121.83668589567178,49.86758983591567],[-121.84543419617997,49.860828242770864],[-121.84413971604398,49.85894940382117],[-121.82882200595643,49.85428966399007],[-121.81701207720361,49.85526839232221],[-121.81325524622847,49.85383631682569],[-121.80436698318825,49.844934985204354],[-121.79332897240023,49.84092617322225],[-121.78715876859879,49.84453503688333],[-121.78520928700787,49.85136644898234],[-121.77799525756838,49.85556031451117],[-121.7804472449075,49.86130843046776],[-121.77283658009058,49.870971598225324],[-121.76918233791112,49.87229424993978],[-121.76079546942374,49.871896429627064],[-121.75548299906386,49.86442527079752],[-121.75850511350339,49.852279305685144],[-121.75669403132194,49.850691640076576],[-121.74171198260423,49.851136096779754],[-121.72914051546715,49.848997355767935],[-121.72552743924189,49.841858664523784],[-121.72828959183163,49.837091656527384],[-121.7126860522232,49.8236338427981],[-121.71393879055908,49.82167903653506],[-121.72970870562287,49.81608022904223],[-121.73132101439228,49.81306293475535],[-121.73194387570155,49.80320573062651],[-121.72919688039762,49.79784422351763],[-121.72026060923389,49.792198895304765],[-121.70980232958166,49.793746760975274],[-121.70544692893677,49.79157321243541],[-121.70441954710327,49.78586284577243],[-121.70822878950156,49.780067315112355],[-121.70479602048938,49.77433170798144],[-121.70778465767795,49.771550125674224],[-121.71337956941458,49.770744590819646],[-121.71491211477387,49.764751780405206],[-121.71140105101139,49.75908543720352],[-121.71181594937393,49.75217314935194],[-121.70891913491847,49.74712054335454],[-121.73379572557569,49.73560660314262],[-121.71748205758969,49.727708443423616],[-121.6994750475672,49.71558146456387],[-121.69743692903819,49.70598958737661],[-121.70143846112069,49.7015879996273],[-121.69589349088541,49.69878349684864],[-121.69246782808547,49.69454928962684],[-121.68408112271351,49.69280375668612],[-121.69394255587035,49.67644669741498],[-121.70250998131225,49.667993005041026],[-121.69864469109395,49.658242207247504],[-121.6941370352987,49.657274760577735],[-121.68696746530719,49.64569181632061],[-121.68475362792645,49.63548214664358],[-121.68590762676213,49.633324670309406],[-121.68056941251962,49.628682654972266],[-121.67784237908063,49.620069296660354],[-121.67140074457689,49.61604953379657],[-121.65859644226772,49.61764293786612],[-121.64415442398266,49.62428177702642],[-121.6359684339829,49.620398233411095],[-121.62561120348832,49.624285541215365],[-121.61829481109851,49.62322372150425],[-121.60760650124531,49.61696462623878],[-121.59739621686224,49.614388705605485],[-121.59377326512221,49.61108389843631],[-121.56388952322196,49.607373344171265],[-121.56234327159426,49.605548117379044],[-121.54852479784543,49.600351221735856],[-121.54614052045243,49.58256245130371],[-121.5408779802461,49.57798282476625],[-121.53945057121071,49.57357146953312],[-121.55055643399643,49.56740064954948],[-121.56699547702246,49.5621371222875],[-121.56279357682982,49.55807473438587],[-121.56145214698655,49.54283836267592],[-121.55951457205408,49.53725684044309],[-121.56044481811965,49.53418640588456],[-121.5547017112016,49.52812577450437],[-121.5607894521929,49.5230064447363],[-121.56108793493432,49.51621416369128],[-121.56302390711927,49.51376154778699],[-121.57634187447033,49.510471341351284],[-121.57198578036548,49.50637596823736],[-121.57014895865001,49.50007103262766],[-121.57107706306046,49.49820614880674],[-121.56935552661064,49.49639056217986],[-121.57219096238107,49.48649746989984],[-121.5931535953864,49.49012342239469],[-121.6008241912828,49.49586850980279],[-121.61873993845741,49.501747688743556],[-121.625137604448,49.49654767167162],[-121.62926665025536,49.48955904906196],[-121.64664289748393,49.47405010947417],[-121.66057980803303,49.468006262959115],[-121.65868306451542,49.46194418814621],[-121.64781925092649,49.4579902576084],[-121.6458095672543,49.452307842753804],[-121.67419460637835,49.43260754610809],[-121.68379431008836,49.42393846075917],[-121.69586432266568,49.42176988571522],[-121.69936039181378,49.415798292283334],[-121.69801961759404,49.40736956809728],[-121.7115508284211,49.40106200028527],[-121.71832634254032,49.39148597972722],[-121.69956920112831,49.382221643987194],[-121.68960910647046,49.3606379083656],[-121.71069851833406,49.36149638483165],[-121.74563714981319,49.35907073771935],[-121.7652376083164,49.3593683016487],[-121.76387362698466,49.333993584931775],[-121.79917509751517,49.31389292637276],[-121.80852586707323,49.305762399763815],[-121.82955418094399,49.300256600274565],[-121.86551659761521,49.297507902389285],[-121.89259297289671,49.29043504623079],[-121.8856895709047,49.294114739276495],[-121.8883325213493,49.30305800720077],[-121.88117040977261,49.30932560368888],[-121.88814237562538,49.308290892299766],[-121.9278784028257,49.30950829219006],[-121.92802340243196,49.30418095470529],[-121.93120794927935,49.30100955820324],[-121.92831674235302,49.30180046269957],[-121.92824111801343,49.295067627664956],[-121.93700701959553,49.28042116381499],[-121.9233050262579,49.27638108352831],[-121.9141038773399,49.27642646047112],[-121.91541476194674,49.26797513852722],[-121.91968493283177,49.265073570133],[-121.93012540426146,49.26235019993939],[-121.93226427856531,49.256446498344424],[-121.93621470230539,49.25231200139191],[-121.96244258178479,49.24210979799706],[-121.96625893990648,49.23824906127849],[-121.96216530155819,49.23434337286923],[-121.94740510006255,49.23181338824004],[-121.94359856585073,49.222914457961984],[-121.94490492334064,49.215589676321564],[-121.95305999052906,49.21457051205118],[-121.96938986755156,49.20771060892184],[-122.00124650846625,49.20496419119632],[-122.0115925870628,49.209689709469075],[-122.01079539902182,49.21569303571211],[-122.01896179225099,49.21554643942471],[-122.01886196927148,49.211782259095656],[-122.02728868211118,49.211656344353315],[-122.02746299004805,49.20650026504587],[-122.03794546755108,49.206376528264336],[-122.03735547819664,49.19982522914813],[-122.05017147591768,49.197636694428475],[-122.06168032365237,49.19029159314268],[-122.0617142885904,49.19705764646013],[-122.12767482498194,49.19817258285636],[-122.11512937516534,49.20784317848068],[-122.10713471015575,49.219464817596666],[-122.09573118795691,49.22445991737069],[-122.09258106306613,49.228606407743385],[-122.08198931905359,49.22992785200936],[-122.06979200334537,49.23404764155285],[-122.0728011344451,49.2387809672014],[-122.06214939973964,49.2514408385259],[-122.06029877892779,49.25675150329228],[-122.05298844925663,49.25981648584122],[-122.03620674142562,49.262292288159344],[-122.02829301140362,49.26692565936114],[-122.01851095321064,49.26976707689984],[-122.01518730785341,49.274366023812554],[-122.00571375663917,49.27936671543857],[-122.01453076590178,49.27995641188745],[-122.0163648827416,49.28324606009118],[-122.03323040481305,49.29327126490853],[-122.0421981837855,49.30102200201262],[-122.05747331607044,49.306294888453714],[-122.06997438147881,49.31467825422675],[-122.0769890892302,49.31638691207141],[-122.08439651039158,49.32282606492198],[-122.08671459850197,49.33219653953705],[-122.09000333585861,49.33480114639115],[-122.10304513365945,49.33258531557467],[-122.11498502266491,49.3359728168645],[-122.12178968936318,49.33548062856904],[-122.12967920024165,49.32881656945843],[-122.13104962109209,49.31858447203092],[-122.13466009833118,49.313619391466155],[-122.14605981332956,49.313281236359],[-122.16123654770763,49.3214433831506],[-122.16688162641972,49.33316564550706],[-122.16558277666329,49.34007185147501],[-122.17108451610814,49.347032038332834],[-122.17084237961723,49.349614938701336],[-122.16710522415156,49.356239366082804],[-122.15282467518793,49.365861471561686],[-122.16731009216585,49.37248492528475],[-122.1838149801303,49.39727416582769],[-122.1817767582713,49.40342579004509],[-122.17311884225853,49.40937864711688],[-122.17104577090554,49.41550326921546],[-122.16550310629917,49.42249502947355],[-122.15879140655245,49.42626268097086],[-122.15036864678687,49.43669196070291],[-122.14283486219254,49.43915394900934],[-122.1399000615919,49.44497853690899],[-122.14715349123264,49.45821422771659],[-122.14526278207165,49.46457739635276],[-122.14682149681893,49.46887667173366],[-122.1387401848942,49.476809113453065],[-122.13939221328702,49.48225219721919],[-122.12701613199772,49.48732814384567],[-122.12677845920646,49.490686545085644],[-122.13447823383879,49.50050789281943],[-122.13102984088334,49.512641043948314],[-122.12743993333793,49.517399007339094],[-122.11228122206997,49.52998618788738],[-122.09331008927094,49.538452621747105],[-122.08048220545352,49.542221780766276],[-122.07799851847915,49.5466065238658],[-122.08125029694783,49.55984478179455],[-122.08001063186093,49.56422091752084],[-122.07216935282011,49.572627091371245],[-122.07061087616265,49.5766011949371],[-122.07173901426079,49.581202809775895],[-122.07376360919498,49.58337133449834],[-122.08778499512597,49.58884259930862],[-122.09201448194904,49.5926113262922],[-122.09430129318612,49.59550549269869],[-122.09110666989702,49.602363468812094],[-122.09399472799315,49.60780107360166],[-122.10297460480659,49.608961443234016],[-122.1310204561006,49.60167768627865],[-122.14034629431701,49.601394508859165],[-122.14734578129821,49.6031143561824],[-122.15503376945898,49.608469219311964],[-122.15814417660656,49.60844163722595],[-122.1648270643583,49.606600199473],[-122.19341846116085,49.5904425880712],[-122.22090530257451,49.58739063405902],[-122.24491067868857,49.58744210812117],[-122.25020300935647,49.59074903360578],[-122.2536795239257,49.59975565052249],[-122.27883330897116,49.60359290988097],[-122.2927400477547,49.610817066997775],[-122.29298666400575,49.61979342101322],[-122.28910578507751,49.63117537099527],[-122.28194325444801,49.64386211982467],[-122.28082746258409,49.650344519346184],[-122.28272192751531,49.65764809138316],[-122.28823534691784,49.66200374137263],[-122.29679954674499,49.663292689494476],[-122.31971031452515,49.66208705477519],[-122.3333550069314,49.663714462589326],[-122.34224564993802,49.66224914273171],[-122.34866573713236,49.65926912252358],[-122.35010399843443,49.656744038448494],[-122.34945486540117,49.652984911345236],[-122.34567920912255,49.64885248222962],[-122.34450107122899,49.6410902260012],[-122.34036378588306,49.63473456383304],[-122.34504012489285,49.62132649310293],[-122.36613075306707,49.62196296534867],[-122.3888253663818,49.62714011584074],[-122.39849691923241,49.63400897388222],[-122.4028981525521,49.64016041006177],[-122.41236907565155,49.64129894231535],[-122.44575898634918,49.63599261745497],[-122.45443796647213,49.64100242362253],[-122.4556919556346,49.643539757282575],[-122.45434133843611,49.6489007592502],[-122.4615517801939,49.65708179618606],[-122.46089173300369,49.66486539088664],[-122.46221148221024,49.667483130127636],[-122.47530019912897,49.67662079087002],[-122.4716189531717,49.67797271568563],[-122.46659598241753,49.6849788194199],[-122.47508162806935,49.69450259265718],[-122.46778590967811,49.70627822417485],[-122.45764890608126,49.713545123134864],[-122.45146079600934,49.71563735249821],[-122.42412417975935,49.71333317826584],[-122.42099947737537,49.714388381748215],[-122.41706814591664,49.72036418015027],[-122.41945484468529,49.72627238474888],[-122.42561335494305,49.72548236493815],[-122.43186679993082,49.73370049577698],[-122.43066296820707,49.74108060628435],[-122.4242321941658,49.742476434884956],[-122.42247443712635,49.74720210879403],[-122.4180822341061,49.7481675439408],[-122.42221735540939,49.75426148694052],[-122.43103137585825,49.757742417347075],[-122.44382211790005,49.75574483782927],[-122.44748534744056,49.74985402972829],[-122.45382414004769,49.74977747854156],[-122.47002709513033,49.76679042732009],[-122.48047121907601,49.77230468011898],[-122.48490052351656,49.777785643337324],[-122.50315048391111,49.779107108016206],[-122.50994321062171,49.78404697861652],[-122.51676943125402,49.78457987070092],[-122.52061272586252,49.780533695518216],[-122.5261083035532,49.77867199674858],[-122.54184856880082,49.780820650679495],[-122.5462736520159,49.78365318459448],[-122.55154072418978,49.78226119681266],[-122.58460664565688,49.782859951548645],[-122.60251670419474,49.77677636210906],[-122.61497182784139,49.77786320422579],[-122.63380020741727,49.77441567214838],[-122.63877177957704,49.775286127377996],[-122.64295161848017,49.78155038926698],[-122.6473711576889,49.78398843190297],[-122.64881567427909,49.787636088495645],[-122.64800208036709,49.795994568302916],[-122.63734601640667,49.80572940482265],[-122.64189311232069,49.81206760801955],[-122.65418260785397,49.81892703252491],[-122.66227764075646,49.8191300975315],[-122.6648434834113,49.823777453675405],[-122.6517606730797,49.836902100832276],[-122.63447054102905,49.83548460329215],[-122.63057563324492,49.83818767147606],[-122.62652515857276,49.83861021846578],[-122.62192662058689,49.83568545002763],[-122.61622139572457,49.83505920831439],[-122.61068228442635,49.838049309160525],[-122.6084686217215,49.84268528666007],[-122.6121297460626,49.84862525024534],[-122.61235668912117,49.85213961903506],[-122.60846877978092,49.86101968222509],[-122.59177346473717,49.86384655302928],[-122.57867220116422,49.87023982624114],[-122.5781562471979,49.872119833214064],[-122.58646198440435,49.87807286400704],[-122.5950373886186,49.87891276713463],[-122.60148860690302,49.87627491621516],[-122.61195296022197,49.875051120499045],[-122.62675705287576,49.876517569551574],[-122.63911883492662,49.872341186972314],[-122.64597411687976,49.87371995586008],[-122.66524211174237,49.872746319379274],[-122.67691478782427,49.87387883027733],[-122.69952856610577,49.879626551274434],[-122.7096754891119,49.888706385798464],[-122.71452618268313,49.8909507515886],[-122.71993336047011,49.89203336052995],[-122.73022586186482,49.89048713291903],[-122.74656861163135,49.89142215497216],[-122.74616208689055,49.89643214135452],[-122.7488284421463,49.90396539026474],[-122.74546982019932,49.90765906829256],[-122.75177915801488,49.91370472331858],[-122.75592578981107,49.924511503123945],[-122.75889366890925,49.9275197975049],[-122.76740431753407,49.93121367432447],[-122.76852376465008,49.935636338466864],[-122.76548706603077,49.9433783830555],[-122.7612281164249,49.94796672258339],[-122.75790128783925,49.949000521879476],[-122.73752309428647,49.9536743046872],[-122.72366454548339,49.95428024028573],[-122.68689469446316,49.97293451083738],[-122.6803038350647,49.981234150486635],[-122.68362283474345,49.99782519001227],[-122.68686414621205,50.00263201323944],[-122.68095432625923,50.00951916665356],[-122.6791746185605,50.015329766999464],[-122.6794528277033,50.02264473575369],[-122.68321644614927,50.02501959815859],[-122.69789445065945,50.02239511751279],[-122.72148995152561,50.02436875914138],[-122.7406061360409,50.01678237533292],[-122.74585271369564,50.01732692887973],[-122.76478426099983,50.02327022552509],[-122.76598806622535,50.0293753269251],[-122.77335061355356,50.0365891297084],[-122.7918417784247,50.04110298281554],[-122.79174971538099,50.04545432710563],[-122.79323447330898,50.04739551405966],[-122.80392133500808,50.05592268856709],[-122.8006197975203,50.05735117041807],[-122.80285281425215,50.066762089641244],[-122.80284158156142,50.07836844162932],[-122.80579703692905,50.087102183835285],[-122.80073869199936,50.09641309721583],[-122.79457357752317,50.10225515491595],[-122.79311757932263,50.10558870804859],[-122.78935746039684,50.12310115176648],[-122.78969215722019,50.13007286131928],[-122.78063202595364,50.13212985751417],[-122.7686274878366,50.13810463145477],[-122.76435774821844,50.13614868294824],[-122.7622799321068,50.13323673402735],[-122.74912408862198,50.14023454091718],[-122.7435290556875,50.137876226094875],[-122.74124412108955,50.1403467887187],[-122.74240155458375,50.144198567096595],[-122.73910317841712,50.14786056197265],[-122.73396217398353,50.15129607793523],[-122.72563947444993,50.15368275959854],[-122.71720561338846,50.15270739379332],[-122.71365186005207,50.14880609056537]],[[-122.22132549236798,49.7738959829526],[-122.22135937959303,49.7745361811495],[-122.22202347762946,49.77452592459192],[-122.22191665385876,49.77383259069657],[-122.22132549236798,49.7738959829526]],[[-122.54221234771971,50.04905744669902],[-122.53362598524097,50.048821771931394],[-122.53779913638225,50.05454924997445],[-122.54265717786146,50.05511991704824],[-122.54221234771971,50.04905744669902]],[[-122.45626184973777,49.98798008489948],[-122.45336759054857,49.98418140803589],[-122.4458162010916,49.98440164672753],[-122.44585485684475,49.98834688963943],[-122.45626184973777,49.98798008489948],[-122.45600222367315,49.99180238189041],[-122.45890517637152,49.99190599172519],[-122.45930845981478,49.99008911476315],[-122.45626184973777,49.98798008489948]],[[-122.00980183741322,49.23156025059557],[-121.99929162657557,49.23292465061471],[-121.99571599664114,49.242534098535565],[-121.98092135866858,49.244824001036825],[-121.98107034377772,49.24611610335789],[-122.00785460546786,49.246269711672994],[-122.00852236301954,49.23356538562061],[-122.01200385486058,49.23091723973566],[-122.00980183741322,49.23156025059557]],[[-122.41844326557111,49.942554202840796],[-122.41817865116245,49.93465908094003],[-122.40299982256174,49.93490512507567],[-122.40345391223943,49.95206643533363],[-122.42211305225341,49.95298464420837],[-122.41954432352775,49.94955085363619],[-122.42065964458938,49.9460658626463],[-122.41844326557111,49.942554202840796]],[[-122.20242073322547,49.75746576564869],[-122.20283372257066,49.75373005193634],[-122.1805308347457,49.75381897241737],[-122.18013184577576,49.750190070630836],[-122.15067143705886,49.75155908636372],[-122.14331905008498,49.754205619151485],[-122.14303032489728,49.76603195211915],[-122.14856388039375,49.76595552018442],[-122.14893702869266,49.77104795050747],[-122.16044883513618,49.77111595474157],[-122.15891923549749,49.76799266016863],[-122.15403851965785,49.76518695874145],[-122.1541935349551,49.76261627263177],[-122.15146204102732,49.76086876701399],[-122.1516499117879,49.75886485954944],[-122.16997142630821,49.758015008619566],[-122.16900223697463,49.754830639923455],[-122.17145001720985,49.75452229360442],[-122.17847083875203,49.75891314961027],[-122.18757686790454,49.76084790374392],[-122.19691405475645,49.7595361169982],[-122.20157243673086,49.76513716262315],[-122.20242073322547,49.75746576564869]]]},"bbox":[-122.80579703692905,49.19029159314268,-121.53945057121071,50.15368275959854]},{"id":"5909052","type":"Feature","properties":{},"geometry":{"type":"Polygon","coordinates":[[[-122.33862540375097,49.10391583179465],[-122.33841694801464,49.10905098835711],[-122.32723082330064,49.111525099186416],[-122.31546989831405,49.119805021634285],[-122.30713509519063,49.12243119606961],[-122.25957041270604,49.14519360235405],[-122.24969641344697,49.14318968876332],[-122.22416708794833,49.1323862098312],[-122.21248607918959,49.13074430211009],[-122.19658820048902,49.1316900040337],[-122.18150359416343,49.138232793934236],[-122.15904989413907,49.1411824165621],[-122.14997989732025,49.14390260779391],[-122.14970061768084,49.14073663917486],[-122.1594474487728,49.13856632654736],[-122.15939327698433,49.13575537640149],[-122.16494042037516,49.13553724068243],[-122.16500508410357,49.13436075364682],[-122.16967790928643,49.1341496252516],[-122.16977051452774,49.132169843076824],[-122.17361392669689,49.132022838725696],[-122.17352136764694,49.12505416248992],[-122.18531565335556,49.12481073362982],[-122.18489953607803,49.11925032292277],[-122.17375932696068,49.11934480517806],[-122.17425763923966,49.11354733073646],[-122.16174377710435,49.11352667929589],[-122.16184961750707,49.104168089500035],[-122.18441325068626,49.104161221756925],[-122.18481093517421,49.09655089599033],[-122.13073846872433,49.09749830565514],[-122.12355534968185,49.10521032125732],[-122.11576510273335,49.10778288292561],[-122.11540009176406,49.11828786774953],[-122.1121068778664,49.11833923913228],[-122.11185427649605,49.12197044309883],[-122.10600133053673,49.124145075842996],[-122.10532003490698,49.12993947277084],[-122.10018754017221,49.13138285116531],[-122.10011079846407,49.13281485870244],[-122.09552475220312,49.13293125419011],[-122.09897141641281,49.12699439593965],[-122.08012302761769,49.10602546454083],[-122.0803496955985,49.060357889879924],[-122.07497141873695,49.06036249879506],[-122.07595997293912,49.05885701548342],[-122.07262749532694,49.05794200097702],[-122.07255991326247,49.04548545646607],[-122.08343731199983,49.045634589739194],[-122.0835775474144,49.03827703577522],[-122.09442942307895,49.03844065609434],[-122.09432979542103,49.01659530027558],[-122.11697178376016,49.016367240283294],[-122.11677422775294,49.0022097790674],[-122.45915453465066,49.00225644718205],[-122.46147846408985,49.171327064088985],[-122.44134709826481,49.17130160272891],[-122.42580430065993,49.16883060544787],[-122.41983408510856,49.166378090941805],[-122.39506920815182,49.148336709524],[-122.38723035195129,49.138006610750985],[-122.35988229969182,49.119185486230506],[-122.35995373108405,49.10396133526123],[-122.33862540375097,49.10391583179465]],[[-122.19219952461422,49.04058745858349],[-122.18994054147733,49.04051691444812],[-122.19000815941756,49.045811351652496],[-122.18322190482822,49.04668400143897],[-122.18289554387007,49.05754769635015],[-122.19156351095629,49.05775100748259],[-122.19150424057327,49.06079573705431],[-122.20728056725774,49.060423825707225],[-122.20627251774599,49.05326144301736],[-122.19675771022611,49.04428741531731],[-122.19446824763243,49.04432217583402],[-122.19444546568265,49.04065052428234],[-122.19219952461422,49.04058745858349]]]},"bbox":[-122.46147846408985,49.0022097790674,-122.07255991326247,49.171327064088985]},{"id":"5909056","type":"Feature","properties":{},"geometry":{"type":"Polygon","coordinates":[[[-122.37593116000642,49.35321432663163],[-122.37125442086209,49.353261063860515],[-122.37372542773882,49.35858056631772],[-122.36394771375802,49.361000522522346],[-122.36050685547245,49.35342270645025],[-122.3009914658485,49.355822884382405],[-122.30242520204473,49.35392219231463],[-122.30216860850955,49.35032608831337],[-122.29872650620955,49.34477429253529],[-122.29441898521894,49.323950680186535],[-122.29835243383323,49.312710669870945],[-122.29403610358838,49.30387769755732],[-122.27748476898498,49.28974116581155],[-122.2731372908421,49.28311249219459],[-122.27436581509608,49.26400811781526],[-122.27103067720819,49.26380064234012],[-122.26996810520562,49.17664162163259],[-122.24890540660313,49.176358523839234],[-122.24779491367171,49.16971299560784],[-122.24333649286133,49.16222218848228],[-122.23502629934362,49.15555410889621],[-122.23341888952883,49.15053419007424],[-122.22568598210897,49.151552693207634],[-122.22559568400334,49.14566579136482],[-122.23599284995328,49.14305816977544],[-122.2438024072752,49.145675799770586],[-122.24969641344697,49.14318968876332],[-122.25751048016654,49.14525849336431],[-122.26187538447907,49.14473149869486],[-122.30713509519063,49.12243119606961],[-122.31546989831405,49.119805021634285],[-122.32723082330064,49.111525099186416],[-122.34189267738444,49.10907987811972],[-122.35587130796162,49.11614913446097],[-122.38723035195129,49.138006610750985],[-122.39506920815182,49.148336709524],[-122.4126051995644,49.15999480981439],[-122.41830331318118,49.16550079110838],[-122.42580430065993,49.16883060544787],[-122.4219239080968,49.17669163810926],[-122.42517548395017,49.17996215113963],[-122.42458299211971,49.1845026537569],[-122.41902861197714,49.18211688480979],[-122.41069870694996,49.18737381027621],[-122.41328172193224,49.191203549205284],[-122.42378878637564,49.19110276047288],[-122.42449880821263,49.220377009362146],[-122.4242856321778,49.26407878697531],[-122.4091434674736,49.26426971733578],[-122.4099647119883,49.35295039767514],[-122.37593116000642,49.35321432663163]]]},"bbox":[-122.42580430065993,49.10907987811972,-122.22559568400334,49.361000522522346]},{"id":"5909060","type":"Feature","properties":{},"geometry":{"type":"Polygon","coordinates":[[[-122.936482576421,49.91740801083938],[-122.93004520082405,49.91715878756779],[-122.91635487996783,49.91313602754262],[-122.90605022751738,49.904373165269384],[-122.90285300612808,49.89869210944745],[-122.89245115283623,49.8940030372044],[-122.86993473133543,49.90351494813057],[-122.8608732202335,49.91598618934375],[-122.85713999137701,49.918157602939125],[-122.82934152648569,49.91787858052032],[-122.82367432306667,49.91937334261908],[-122.8097437544055,49.91834998105263],[-122.80056069775067,49.92060048629594],[-122.79521308234497,49.930897159490044],[-122.79540779703957,49.93617978554629],[-122.7758236392669,49.931309472506115],[-122.77089292710697,49.93401686578706],[-122.75592578981107,49.924511503123945],[-122.75177915801488,49.91370472331858],[-122.74546982019932,49.90765906829256],[-122.7488284421463,49.90396539026474],[-122.74616208689055,49.89643214135452],[-122.74656861163135,49.89142215497216],[-122.73022586186482,49.89048713291903],[-122.71993336047011,49.89203336052995],[-122.71452618268313,49.8909507515886],[-122.7096754891119,49.888706385798464],[-122.69952856610577,49.879626551274434],[-122.69234324882106,49.87697449625728],[-122.66524211174237,49.872746319379274],[-122.64597411687976,49.87371995586008],[-122.63911883492662,49.872341186972314],[-122.62675705287576,49.876517569551574],[-122.61195296022197,49.875051120499045],[-122.60148860690302,49.87627491621516],[-122.5950373886186,49.87891276713463],[-122.58646198440435,49.87807286400704],[-122.5781562471979,49.872119833214064],[-122.57867220116422,49.87023982624114],[-122.59177346473717,49.86384655302928],[-122.60846877978092,49.86101968222509],[-122.61235668912117,49.85213961903506],[-122.6121297460626,49.84862525024534],[-122.6084686217215,49.84268528666007],[-122.61068228442635,49.838049309160525],[-122.61622139572457,49.83505920831439],[-122.62192662058689,49.83568545002763],[-122.62652515857276,49.83861021846578],[-122.63057563324492,49.83818767147606],[-122.63447054102905,49.83548460329215],[-122.6517606730797,49.836902100832276],[-122.6648434834113,49.823777453675405],[-122.66227764075646,49.8191300975315],[-122.65418260785397,49.81892703252491],[-122.64189311232069,49.81206760801955],[-122.63734601640667,49.80572940482265],[-122.64800208036709,49.795994568302916],[-122.64851390298624,49.785767714134],[-122.64295161848017,49.78155038926698],[-122.63877177957704,49.775286127377996],[-122.63380020741727,49.77441567214838],[-122.61497182784139,49.77786320422579],[-122.60251670419474,49.77677636210906],[-122.58460664565688,49.782859951548645],[-122.55154072418978,49.78226119681266],[-122.5462736520159,49.78365318459448],[-122.54184856880082,49.780820650679495],[-122.5261083035532,49.77867199674858],[-122.52061272586252,49.780533695518216],[-122.51676943125402,49.78457987070092],[-122.50994321062171,49.78404697861652],[-122.50315048391111,49.779107108016206],[-122.48490052351656,49.777785643337324],[-122.48047121907601,49.77230468011898],[-122.47002709513033,49.76679042732009],[-122.45382414004769,49.74977747854156],[-122.44748534744056,49.74985402972829],[-122.44382211790005,49.75574483782927],[-122.43103137585825,49.757742417347075],[-122.42221735540939,49.75426148694052],[-122.4180822341061,49.7481675439408],[-122.42247443712635,49.74720210879403],[-122.4242321941658,49.742476434884956],[-122.43066296820707,49.74108060628435],[-122.43186679993082,49.73370049577698],[-122.42561335494305,49.72548236493815],[-122.41945484468529,49.72627238474888],[-122.41706814591664,49.72036418015027],[-122.42099947737537,49.714388381748215],[-122.42412417975935,49.71333317826584],[-122.45146079600934,49.71563735249821],[-122.45764890608126,49.713545123134864],[-122.46778590967811,49.70627822417485],[-122.47508162806935,49.69450259265718],[-122.46659598241753,49.6849788194199],[-122.4716189531717,49.67797271568563],[-122.47530019912897,49.67662079087002],[-122.46221148221024,49.667483130127636],[-122.46089173300369,49.66486539088664],[-122.4615517801939,49.65708179618606],[-122.45434133843611,49.6489007592502],[-122.4556919556346,49.643539757282575],[-122.45443796647213,49.64100242362253],[-122.44575898634918,49.63599261745497],[-122.41236907565155,49.64129894231535],[-122.4028981525521,49.64016041006177],[-122.39849691923241,49.63400897388222],[-122.3888253663818,49.62714011584074],[-122.36613075306707,49.62196296534867],[-122.34504012489285,49.62132649310293],[-122.34036378588306,49.63473456383304],[-122.34450107122899,49.6410902260012],[-122.34567920912255,49.64885248222962],[-122.34945486540117,49.652984911345236],[-122.35010399843443,49.656744038448494],[-122.34866573713236,49.65926912252358],[-122.34224564993802,49.66224914273171],[-122.3333550069314,49.663714462589326],[-122.31971031452515,49.66208705477519],[-122.29679954674499,49.663292689494476],[-122.28823534691784,49.66200374137263],[-122.28272192751531,49.65764809138316],[-122.28082746258409,49.650344519346184],[-122.28194325444801,49.64386211982467],[-122.28910578507751,49.63117537099527],[-122.29298666400575,49.61979342101322],[-122.2927400477547,49.610817066997775],[-122.27883330897116,49.60359290988097],[-122.2536795239257,49.59975565052249],[-122.25020300935647,49.59074903360578],[-122.24491067868857,49.58744210812117],[-122.22090530257451,49.58739063405902],[-122.19341846116085,49.5904425880712],[-122.1648270643583,49.606600199473],[-122.15814417660656,49.60844163722595],[-122.15503376945898,49.608469219311964],[-122.14734578129821,49.6031143561824],[-122.14034629431701,49.601394508859165],[-122.1310204561006,49.60167768627865],[-122.10297460480659,49.608961443234016],[-122.09399472799315,49.60780107360166],[-122.09110666989702,49.602363468812094],[-122.09430129318612,49.59550549269869],[-122.09201448194904,49.5926113262922],[-122.08778499512597,49.58884259930862],[-122.07376360919498,49.58337133449834],[-122.07173901426079,49.581202809775895],[-122.07061087616265,49.5766011949371],[-122.07216935282011,49.572627091371245],[-122.08001063186093,49.56422091752084],[-122.08125029694783,49.55984478179455],[-122.07799851847915,49.5466065238658],[-122.08048220545352,49.542221780766276],[-122.09331008927094,49.538452621747105],[-122.11228122206997,49.52998618788738],[-122.12743993333793,49.517399007339094],[-122.13102984088334,49.512641043948314],[-122.13447823383879,49.50050789281943],[-122.12677845920646,49.490686545085644],[-122.12701613199772,49.48732814384567],[-122.13939221328702,49.48225219721919],[-122.1387401848942,49.476809113453065],[-122.14682149681893,49.46887667173366],[-122.14526278207165,49.46457739635276],[-122.14715349123264,49.45821422771659],[-122.1399000615919,49.44497853690899],[-122.14283486219254,49.43915394900934],[-122.15036864678687,49.43669196070291],[-122.15879140655245,49.42626268097086],[-122.16550310629917,49.42249502947355],[-122.17104577090554,49.41550326921546],[-122.17311884225853,49.40937864711688],[-122.1817767582713,49.40342579004509],[-122.1838149801303,49.39727416582769],[-122.16731009216585,49.37248492528475],[-122.15282467518793,49.365861471561686],[-122.16710522415156,49.356239366082804],[-122.16994210042984,49.35248020968764],[-122.17108451610814,49.347032038332834],[-122.16558277666329,49.34007185147501],[-122.16688162641972,49.33316564550706],[-122.16123654770763,49.3214433831506],[-122.14605981332956,49.313281236359],[-122.13466009833118,49.313619391466155],[-122.13104962109209,49.31858447203092],[-122.12967920024165,49.32881656945843],[-122.12178968936318,49.33548062856904],[-122.11498502266491,49.3359728168645],[-122.10304513365945,49.33258531557467],[-122.09000333585861,49.33480114639115],[-122.08671459850197,49.33219653953705],[-122.08439651039158,49.32282606492198],[-122.0769890892302,49.31638691207141],[-122.06997438147881,49.31467825422675],[-122.05747331607044,49.306294888453714],[-122.0421981837855,49.30102200201262],[-122.03323040481305,49.29327126490853],[-122.0163648827416,49.28324606009118],[-122.01453076590178,49.27995641188745],[-122.00571375663917,49.27936671543857],[-122.01518730785341,49.274366023812554],[-122.01851095321064,49.26976707689984],[-122.02829301140362,49.26692565936114],[-122.03620674142562,49.262292288159344],[-122.05298844925663,49.25981648584122],[-122.06029877892779,49.25675150329228],[-122.06214939973964,49.2514408385259],[-122.0728011344451,49.2387809672014],[-122.06979200334537,49.23404764155285],[-122.08198931905359,49.22992785200936],[-122.09258106306613,49.228606407743385],[-122.09573118795691,49.22445991737069],[-122.10713471015575,49.219464817596666],[-122.11512937516534,49.20784317848068],[-122.12767482498194,49.19817258285636],[-122.20242934014433,49.19857482905598],[-122.20308529522427,49.175161139260204],[-122.26996810520562,49.17664162163259],[-122.27103067720819,49.26380064234012],[-122.27436581509608,49.26400811781526],[-122.2731372908421,49.28311249219459],[-122.27748476898498,49.28974116581155],[-122.29403610358838,49.30387769755732],[-122.29835243383323,49.312710669870945],[-122.29441898521894,49.323950680186535],[-122.29872650620955,49.34477429253529],[-122.30216860850955,49.35032608831337],[-122.30242520204473,49.35392219231463],[-122.3009914658485,49.355822884382405],[-122.36050685547245,49.35342270645025],[-122.36394771375802,49.361000522522346],[-122.37372542773882,49.35858056631772],[-122.37125442086209,49.353261063860515],[-122.60329515725493,49.35312529567933],[-122.59050842333258,49.35910102773424],[-122.56314504856616,49.39143457245337],[-122.5554992066942,49.41594211172592],[-122.53519216491495,49.44348374584294],[-122.5271676893203,49.46021910227695],[-122.52785540499593,49.46653840091293],[-122.53295229550885,49.47252900060645],[-122.54023350437116,49.47631170572447],[-122.55856229562617,49.483055706496906],[-122.57285752320729,49.4858947054557],[-122.58168920978476,49.49057799038775],[-122.60229900576626,49.524465586418884],[-122.6045250018137,49.53760610408083],[-122.60802151156479,49.53980579055552],[-122.60814378638186,49.54170208228441],[-122.63878943484463,49.53923992496808],[-122.65542317509683,49.53964890066384],[-122.68314201081354,49.55347780402624],[-122.69272426355077,49.56884256264779],[-122.7000868000362,49.57355454417986],[-122.77988331522342,49.57427534039012],[-122.81608574806685,49.572353863624976],[-122.82706059050595,49.58705321526625],[-122.83228392085718,49.59014570293374],[-122.83155632464918,49.59438742414939],[-122.83557734266854,49.599656417475536],[-122.85208460361494,49.60804140636141],[-122.84939276376703,49.613648084534816],[-122.82772197971508,49.612804539180374],[-122.81136175970005,49.61923292785575],[-122.8090793050418,49.62575612607011],[-122.81574409611713,49.62777516079024],[-122.82098680426867,49.63197096977269],[-122.82121141647399,49.63579626005987],[-122.82833425371663,49.64304450213386],[-122.8258097939239,49.648391571315415],[-122.83004787286796,49.65203291806804],[-122.83122868351417,49.65808638491545],[-122.85383075326152,49.665959486885434],[-122.85242732989477,49.67150864582579],[-122.81528885867087,49.696308859497975],[-122.81567519069229,49.69813557730677],[-122.81352702693219,49.700648006800826],[-122.81420399154278,49.711243939298974],[-122.81693432599106,49.71408077417259],[-122.82497599704966,49.71586643851165],[-122.83094935206258,49.72262234531283],[-122.834662525462,49.72990417095436],[-122.85036910937828,49.74104318853531],[-122.85592039503236,49.74277358822271],[-122.85426455456506,49.75086079049399],[-122.85579437020331,49.75617960730734],[-122.87143619651583,49.77047192699967],[-122.86759044350512,49.77566322844498],[-122.88983007460037,49.798772148163685],[-122.88991258318164,49.80195424148229],[-122.87367107394464,49.81847795264064],[-122.87220760607973,49.82195657129369],[-122.880550753479,49.826994573518036],[-122.88772239784099,49.8273361400652],[-122.90194464374451,49.82465259808927],[-122.91623756316135,49.83035457174645],[-122.92490854979506,49.83198750517294],[-122.964654189162,49.834995112848674],[-122.9755158752436,49.84288106802794],[-122.98524343308058,49.857474555591494],[-122.98921405897879,49.85759998855933],[-122.99639464220603,49.8543351798216],[-123.00248067112459,49.85610723717962],[-122.9870268029775,49.87299638175625],[-122.98534427824464,49.87734247142466],[-122.98049756402047,49.88090103789534],[-122.97389329839301,49.882799464919735],[-122.96201255292094,49.90257664708366],[-122.95456731764851,49.904467591942094],[-122.95073365626526,49.911162766425605],[-122.94369984952446,49.91313458340594],[-122.936482576421,49.91740801083938]]]},"bbox":[-123.00248067112459,49.175161139260204,-122.00571375663917,49.93617978554629]},{"id":"5909062","type":"Feature","properties":{},"geometry":{"type":"MultiPolygon","coordinates":[[[[-122.07569146274126,49.18656543377362],[-122.07452145092961,49.18835131140829],[-122.07340098160293,49.187759766015965],[-122.07490739210535,49.18691439741358],[-122.07569146274126,49.18656543377362]]],[[[-122.14471960691458,49.198367811704614],[-122.0617142885904,49.19705764646013],[-122.06168032365237,49.19029159314268],[-122.05017147591768,49.197636694428475],[-122.02421625122624,49.20322525995952],[-122.01491221245797,49.2102564987888],[-122.00124650846625,49.20496419119632],[-121.96938986755156,49.20771060892184],[-121.97570021067678,49.205654901057656],[-121.98077279804681,49.2013965071704],[-121.98157229130446,49.19658271220275],[-121.9955478337807,49.185865705577044],[-121.99883018513388,49.18449861733715],[-122.00851540772871,49.18486151099603],[-122.02168599502095,49.18142631186955],[-122.04072879314685,49.1636745163075],[-122.05471779871574,49.15310158995236],[-122.06458068829578,49.149195738518955],[-122.09726428987449,49.15017769598458],[-122.11293699006256,49.148606808772016],[-122.1247912097502,49.14517159464516],[-122.12390480622578,49.141518309369125],[-122.09774301387807,49.139241194607656],[-122.09499678990541,49.13675309243845],[-122.0952793050904,49.133450408203004],[-122.10532003490698,49.12993947277084],[-122.10600133053673,49.124145075842996],[-122.11185427649605,49.12197044309883],[-122.1121068778664,49.11833923913228],[-122.11540009176406,49.11828786774953],[-122.11576510273335,49.10778288292561],[-122.12355534968185,49.10521032125732],[-122.12794737038132,49.0993733729875],[-122.13201709995023,49.09707648071605],[-122.18481093517421,49.09655089599033],[-122.18441325068626,49.104161221756925],[-122.16184961750707,49.104168089500035],[-122.16174377710435,49.11352667929589],[-122.17425763923966,49.11354733073646],[-122.17375932696068,49.11934480517806],[-122.18489953607803,49.11925032292277],[-122.18531565335556,49.12481073362982],[-122.17352136764694,49.12505416248992],[-122.17361392669689,49.132022838725696],[-122.16977051452774,49.132169843076824],[-122.16967790928643,49.1341496252516],[-122.16500508410357,49.13436075364682],[-122.16494042037516,49.13553724068243],[-122.15939327698433,49.13575537640149],[-122.1594474487728,49.13856632654736],[-122.14970061768084,49.14073663917486],[-122.14997989732025,49.14390260779391],[-122.15904989413907,49.1411824165621],[-122.18150359416343,49.138232793934236],[-122.20124130593652,49.13077848801031],[-122.22416708794833,49.1323862098312],[-122.24969641344697,49.14318968876332],[-122.24570349021108,49.14579678957423],[-122.23536111817496,49.143125054902264],[-122.22818758613725,49.144178902919435],[-122.22491900753676,49.14665280387148],[-122.22591119532566,49.151751599534066],[-122.23341888952883,49.15053419007424],[-122.23502629934362,49.15555410889621],[-122.24333649286133,49.16222218848228],[-122.24779491367171,49.16971299560784],[-122.24890540660313,49.176358523839234],[-122.20308529522427,49.175161139260204],[-122.20242934014433,49.19857482905598],[-122.14471960691458,49.198367811704614]],[[-122.08258708466073,49.18264146409568],[-122.07752720171905,49.180521339041945],[-122.06980090302223,49.186600104005436],[-122.0753497442217,49.18922810701272],[-122.08258708466073,49.18264146409568]],[[-122.07479798321448,49.17903229257665],[-122.08347378098465,49.17321550365923],[-122.09242363286248,49.17240939906063],[-122.09232079359131,49.1632999787788],[-122.08948559984425,49.16336181898219],[-122.08940422014372,49.16881927983501],[-122.08372149517373,49.16914631375893],[-122.0841288310155,49.17098075202881],[-122.0812691913729,49.170896192451615],[-122.08127400813417,49.17267515639679],[-122.07188052985691,49.17482615086917],[-122.07373959303987,49.179639014835],[-122.07479798321448,49.17903229257665]]]]},"bbox":[-122.24969641344697,49.09655089599033,-121.96938986755156,49.2102564987888]},{"id":"5909804","type":"Feature","properties":{},"geometry":{"type":"Polygon","coordinates":[[[-121.55251117956587,49.380427067915434],[-121.52542516749119,49.380352938281405],[-121.50567808611075,49.378425472635],[-121.50498651704602,49.37557509867545],[-121.53296384747802,49.36811026589059],[-121.56295014057355,49.36621896067123],[-121.57141063545147,49.36273332829461],[-121.5719774512983,49.3727711255861],[-121.56647307305904,49.37270771881503],[-121.56637399782107,49.37636156211091],[-121.56066956007672,49.37656383462511],[-121.5605699650088,49.380217722952466],[-121.55251117956587,49.380427067915434]]]},"bbox":[-121.5719774512983,49.36273332829461,-121.50498651704602,49.380427067915434]},{"id":"5909805","type":"Feature","properties":{},"geometry":{"type":"Polygon","coordinates":[[[-121.50247148630233,50.01440851230247],[-121.501874127059,50.00084106794946],[-121.50349721291538,49.99007834285157],[-121.51059727595319,49.989322870977226],[-121.5099772168371,49.9939149612442],[-121.5162901229458,50.000499078222255],[-121.51983831910759,50.00953311321147],[-121.5050792748144,50.00922508373337],[-121.50499699985679,50.014634788593725],[-121.50247148630233,50.01440851230247]]]},"bbox":[-121.51983831910759,49.989322870977226,-121.501874127059,50.014634788593725]},{"id":"5909806","type":"Feature","properties":{},"geometry":{"type":"Polygon","coordinates":[[[-121.44835274767088,49.87099576929525],[-121.45005188943743,49.866592081871545],[-121.45050656455832,49.86911509748963],[-121.45242311199301,49.86892348627311],[-121.4510607012898,49.85996482403232],[-121.45821169092726,49.85973464662348],[-121.45848264738781,49.8797373242092],[-121.44424155566585,49.878795695701506],[-121.44835274767088,49.87099576929525]]]},"bbox":[-121.45848264738781,49.85973464662348,-121.44424155566585,49.8797373242092]},{"id":"5909807","type":"Feature","properties":{},"geometry":{"type":"Polygon","coordinates":[[[-121.59429581650126,49.338338977278624],[-121.59859439734355,49.333349198723965],[-121.60655198089827,49.33389553519922],[-121.6109930532503,49.3321451486008],[-121.61873075113071,49.33213880204829],[-121.61401264074995,49.3401629633424],[-121.60554651666344,49.347051227945286],[-121.59445539377056,49.34010970179477],[-121.59429581650126,49.338338977278624]]]},"bbox":[-121.61873075113071,49.33213880204829,-121.59429581650126,49.347051227945286]},{"id":"5909808","type":"Feature","properties":{},"geometry":{"type":"Polygon","coordinates":[[[-121.4358264836263,49.45761067720722],[-121.42742289463432,49.457559931194666],[-121.42725969411602,49.443019007008324],[-121.43623394205757,49.432931716872496],[-121.4418051492408,49.43236416958229],[-121.44071867616373,49.45558960414624],[-121.43826465832605,49.45547122727015],[-121.43835168950099,49.45762333691897],[-121.4358264836263,49.45761067720722]]]},"bbox":[-121.4418051492408,49.43236416958229,-121.42725969411602,49.45762333691897]},{"id":"5909809","type":"Feature","properties":{},"geometry":{"type":"Polygon","coordinates":[[[-121.39235393744704,49.626511663624385],[-121.39542461889114,49.62661056055885],[-121.39543516567582,49.62991211744192],[-121.39861735175967,49.62993495871165],[-121.39836889867587,49.63597547387493],[-121.39143074116014,49.631796969294676],[-121.39041843969046,49.62894136020395],[-121.39235393744704,49.626511663624385]]]},"bbox":[-121.39861735175967,49.626511663624385,-121.39041843969046,49.63597547387493]},{"id":"5909810","type":"Feature","properties":{},"geometry":{"type":"Polygon","coordinates":[[[-121.61408132946758,49.346073460435434],[-121.61770738945982,49.34773886014349],[-121.6179544508503,49.356332102791455],[-121.6120902100996,49.35611839213276],[-121.60666205903367,49.3524424317122],[-121.61408132946758,49.346073460435434]]]},"bbox":[-121.6179544508503,49.346073460435434,-121.60666205903367,49.356332102791455]},{"id":"5909812","type":"Feature","properties":{},"geometry":{"type":"Polygon","coordinates":[[[-121.44476485949087,49.39723746267751],[-121.45129941410252,49.39250125442431],[-121.46114270347668,49.39000289303813],[-121.46118414479115,49.40052775329027],[-121.44900662805901,49.40040360726663],[-121.44892883894643,49.39743311819702],[-121.44476485949087,49.39723746267751]]]},"bbox":[-121.46118414479115,49.39000289303813,-121.44476485949087,49.40052775329027]},{"id":"5909814","type":"Feature","properties":{},"geometry":{"type":"Polygon","coordinates":[[[-121.5915356617568,49.36754586731151],[-121.58651087810188,49.36297989439724],[-121.5829560940587,49.35961888817457],[-121.59682726135513,49.359333094768544],[-121.59703978789209,49.3619024067757],[-121.59384091527609,49.36200067418713],[-121.59413503225393,49.36586077572429],[-121.5915350348737,49.3658085432469],[-121.5915356617568,49.36754586731151]]]},"bbox":[-121.59703978789209,49.359333094768544,-121.5829560940587,49.36754586731151]},{"id":"5909815","type":"Feature","properties":{},"geometry":{"type":"Polygon","coordinates":[[[-121.46235202219871,49.9293142793161],[-121.48342474698693,49.932114937117014],[-121.48452267689441,49.9541439711819],[-121.4781068156323,49.94760257126479],[-121.47234782372219,49.93838786308793],[-121.46235202219871,49.9293142793161]]]},"bbox":[-121.48452267689441,49.9293142793161,-121.46235202219871,49.9541439711819]},{"id":"5909816","type":"Feature","properties":{},"geometry":{"type":"Polygon","coordinates":[[[-121.4144219147344,49.66716856001483],[-121.40741131392018,49.66200865566993],[-121.4030757087316,49.65512974108822],[-121.42418596225548,49.655794427761904],[-121.42484264257428,49.66028537017604],[-121.42204431975703,49.66202866020266],[-121.4216225124827,49.66435295744133],[-121.4144219147344,49.66716856001483]]]},"bbox":[-121.42484264257428,49.65512974108822,-121.4030757087316,49.66716856001483]},{"id":"5909817","type":"Feature","properties":{},"geometry":{"type":"Polygon","coordinates":[[[-121.43333413886018,49.840966274139944],[-121.42777183876804,49.83978307539744],[-121.43144460727139,49.83563539553803],[-121.43025636752134,49.830969948247414],[-121.43278591622038,49.83081502759224],[-121.43635912368352,49.83471976806525],[-121.43699713000215,49.83861495469598],[-121.43333413886018,49.840966274139944]]]},"bbox":[-121.43699713000215,49.83081502759224,-121.42777183876804,49.840966274139944]},{"id":"5909818","type":"Feature","properties":{},"geometry":{"type":"Polygon","coordinates":[[[-121.41998490323903,49.56263623371078],[-121.42147283095619,49.56142677584907],[-121.42677930640485,49.56065485939917],[-121.42568425950716,49.56313921095721],[-121.41998490323903,49.56263623371078]]]},"bbox":[-121.42677930640485,49.56065485939917,-121.41998490323903,49.56313921095721]},{"id":"5909819","type":"Feature","properties":{},"geometry":{"type":"Polygon","coordinates":[[[-121.48231737382189,49.96336623047762],[-121.48248263111466,49.95967036623838],[-121.48774943770924,49.95972751443244],[-121.48761679657171,49.964856723255956],[-121.4824668098332,49.9648623005468],[-121.48231737382189,49.96336623047762]]]},"bbox":[-121.48774943770924,49.95967036623838,-121.48231737382189,49.9648623005468]},{"id":"5909821","type":"Feature","properties":{},"geometry":{"type":"Polygon","coordinates":[[[-121.97681233367007,49.15999624763651],[-121.98482738208077,49.15916572756218],[-121.9840301841502,49.16250544396741],[-121.98709761948056,49.16763374098163],[-121.97225141033037,49.16792290402537],[-121.97681233367007,49.15999624763651]]]},"bbox":[-121.98709761948056,49.15916572756218,-121.97225141033037,49.16792290402537]},{"id":"5909824","type":"Feature","properties":{},"geometry":{"type":"Polygon","coordinates":[[[-121.97472940095705,49.18003591850982],[-121.96771210262837,49.18004341037346],[-121.96476581634745,49.18164420610087],[-121.96397179392812,49.17850409737021],[-121.96942970576582,49.17810939762778],[-121.96947956427317,49.17197078834434],[-121.9884105741524,49.171663725105525],[-121.98499011813965,49.17624497963472],[-121.98727848705778,49.179062737411286],[-121.97472940095705,49.18003591850982]]]},"bbox":[-121.9884105741524,49.171663725105525,-121.96397179392812,49.18164420610087]},{"id":"5909825","type":"Feature","properties":{},"geometry":{"type":"Polygon","coordinates":[[[-121.95532514138839,49.19254430011178],[-121.95321744179216,49.18939765826842],[-121.96048742419522,49.18559646713334],[-121.95282333066756,49.18255515283513],[-121.95954419239673,49.18217680822436],[-121.96369288429149,49.17968730763764],[-121.965246203852,49.18170831065733],[-121.96832749777387,49.17994649875859],[-121.97299658758588,49.18064909850482],[-121.97291872503065,49.18741613023285],[-121.96038534444155,49.19316895950101],[-121.95532514138839,49.19254430011178]]]},"bbox":[-121.97299658758588,49.17968730763764,-121.95282333066756,49.19316895950101]},{"id":"5909826","type":"Feature","properties":{},"geometry":{"type":"Polygon","coordinates":[[[-121.98408197003661,49.16094735989703],[-121.99241290519046,49.158012284872704],[-121.99299715731355,49.163190191345215],[-122.00626155559046,49.165147146665625],[-122.00492091622486,49.166938355118724],[-122.00960762758936,49.17028116885904],[-122.00562678750119,49.17568061710532],[-122.00028439904086,49.179375182761184],[-121.98727848705778,49.179062737411286],[-121.98499011813965,49.17624497963472],[-121.98848445953598,49.171956450975514],[-121.98408197003661,49.16094735989703]]]},"bbox":[-122.00960762758936,49.158012284872704,-121.98408197003661,49.179375182761184]},{"id":"5909827","type":"Feature","properties":{},"geometry":{"type":"Polygon","coordinates":[[[-121.94124563428541,49.07435729585777],[-121.97343164431794,49.07496776414447],[-121.97317039327459,49.09304676847171],[-121.94126520829,49.09305511582484],[-121.94124563428541,49.07435729585777]]]},"bbox":[-121.97343164431794,49.07435729585777,-121.94124563428541,49.09305511582484]},{"id":"5909830","type":"Feature","properties":{},"geometry":{"type":"Polygon","coordinates":[[[-121.92946240510209,49.11819590928],[-121.929568439876,49.10888384050902],[-121.94067412909482,49.10889360695346],[-121.9583808361461,49.10147690552743],[-121.9608048805924,49.102633648636605],[-121.95831078672899,49.10396589941078],[-121.95892907520918,49.105054318616766],[-121.95501597782,49.10459175169208],[-121.946381870449,49.10947128907665],[-121.95479036536487,49.109236922561664],[-121.95361590486114,49.11129716614472],[-121.96199207780704,49.111281614101614],[-121.96232333415345,49.11840336791837],[-121.92946240510209,49.11819590928]],[[-121.94985433410694,49.11129599410634],[-121.94980188036662,49.1102977750248],[-121.94816824444565,49.1102950698355],[-121.94818884915622,49.111294852014765],[-121.94985433410694,49.11129599410634]]]},"bbox":[-121.96232333415345,49.10147690552743,-121.92946240510209,49.11840336791837]},{"id":"5909831","type":"Feature","properties":{},"geometry":{"type":"Polygon","coordinates":[[[-121.93522824937914,49.13534067278045],[-121.93205732734435,49.13479795098289],[-121.93383960396773,49.13120131447821],[-121.94060227773389,49.13238666978127],[-121.93914372252001,49.13616181961305],[-121.93522824937914,49.13534067278045]]]},"bbox":[-121.94060227773389,49.13120131447821,-121.93205732734435,49.13616181961305]},{"id":"5909832","type":"Feature","properties":{},"geometry":{"type":"Polygon","coordinates":[[[-121.67568778097305,49.31303599428656],[-121.66915473551434,49.31286237405724],[-121.67555183113406,49.30411056265576],[-121.68102564633473,49.3005486684334],[-121.68137564838042,49.295730559251375],[-121.6850777305182,49.2909608682224],[-121.68263823463253,49.287055654690754],[-121.6831623429831,49.28443515224362],[-121.69767493735804,49.278437746543595],[-121.70183853049848,49.27432744923882],[-121.7013785471512,49.26935705545904],[-121.69499242442434,49.26131595776589],[-121.69712699928077,49.256049591312454],[-121.6973805156052,49.259876023564914],[-121.69898273742685,49.25486565274256],[-121.701149534072,49.25347707148496],[-121.70604714381112,49.25328905262646],[-121.71081145011806,49.24922295898752],[-121.71649031956379,49.25008745893479],[-121.71806142274701,49.24891675291979],[-121.71728856334822,49.246174665974905],[-121.72529632356618,49.24215069149866],[-121.74222252478727,49.256288465404815],[-121.74332942463002,49.25814566441291],[-121.73765775161687,49.26288196870493],[-121.73465939012743,49.269798311463305],[-121.73502032017154,49.27137656503803],[-121.7397262298486,49.27169847300133],[-121.740378826824,49.273162881992576],[-121.72364039231333,49.28144850413313],[-121.71942800450961,49.289105001277726],[-121.72012410676052,49.29313410356047],[-121.71636353737507,49.2979052697233],[-121.71008640019181,49.299946098972285],[-121.69798718548404,49.30041210422042],[-121.69441174900025,49.30361496148662],[-121.68087850778372,49.308138256817934],[-121.67568778097305,49.31303599428656]]]},"bbox":[-121.74332942463002,49.24215069149866,-121.66915473551434,49.31303599428656]},{"id":"5909833","type":"Feature","properties":{},"geometry":{"type":"Polygon","coordinates":[[[-121.94594179012878,49.235318303196806],[-121.93376671445546,49.23366690356449],[-121.92090128826334,49.2312948005374],[-121.92153639036306,49.22985852979474],[-121.92644270067164,49.22917082789474],[-121.94167924574128,49.229302583718024],[-121.947317723029,49.233626637311254],[-121.95309336401111,49.234469058589085],[-121.95266130827079,49.23621114270292],[-121.94594179012878,49.235318303196806]]]},"bbox":[-121.95309336401111,49.22917082789474,-121.92090128826334,49.23621114270292]},{"id":"5909834","type":"Feature","properties":{},"geometry":{"type":"Polygon","coordinates":[[[-121.75282160350693,49.21880769031016],[-121.74666845864999,49.2191483914784],[-121.75358692763571,49.21375585782616],[-121.76267461935237,49.213321453212004],[-121.7605972224711,49.21457765666081],[-121.76607126924601,49.212088885688146],[-121.76557506590014,49.22233002242398],[-121.75279515395596,49.22237375624478],[-121.75282160350693,49.21880769031016]]]},"bbox":[-121.76607126924601,49.212088885688146,-121.74666845864999,49.22237375624478]},{"id":"5909835","type":"Feature","properties":{},"geometry":{"type":"Polygon","coordinates":[[[-121.9870800339094,49.14880497417671],[-121.9937522950845,49.1478504891747],[-121.99626300807401,49.14919040062581],[-121.99475357060834,49.15187203461571],[-121.98584280541294,49.15074277594274],[-121.9870800339094,49.14880497417671]]]},"bbox":[-121.99626300807401,49.1478504891747,-121.98584280541294,49.15187203461571]},{"id":"5909836","type":"Feature","properties":{},"geometry":{"type":"Polygon","coordinates":[[[-121.42678863702815,49.83430440602259],[-121.42674617588833,49.82259470563356],[-121.43069578867902,49.82268824018566],[-121.43278591622038,49.83081502759224],[-121.43025636752134,49.830969948247414],[-121.43169808859376,49.834226689091935],[-121.42678863702815,49.83430440602259]]]},"bbox":[-121.43278591622038,49.82259470563356,-121.42674617588833,49.83430440602259]},{"id":"5909837","type":"Feature","properties":{},"geometry":{"type":"Polygon","coordinates":[[[-121.78075722049562,49.19886006520242],[-121.76347951826706,49.20525335610676],[-121.74879283059222,49.206642239821264],[-121.74959604332017,49.20091388244906],[-121.75439196495753,49.1978677213938],[-121.75391377121929,49.19595035084053],[-121.75889097511575,49.19420098928116],[-121.75963937565072,49.191544367508115],[-121.77521493939625,49.19135472021585],[-121.77800745804686,49.19084514541725],[-121.7773038012856,49.187697061087114],[-121.78791390795458,49.187468742382244],[-121.78834967319362,49.20031362828813],[-121.78075722049562,49.19886006520242]]]},"bbox":[-121.78834967319362,49.187468742382244,-121.74879283059222,49.206642239821264]},{"id":"5909838","type":"Feature","properties":{},"geometry":{"type":"Polygon","coordinates":[[[-121.82722513194776,49.18388811790785],[-121.82717628183983,49.17597671432122],[-121.83041885926123,49.17603661485294],[-121.83022615935101,49.17058767193636],[-121.83608765461311,49.17440636563631],[-121.84172568095325,49.17587409686644],[-121.83865569031965,49.17587645976388],[-121.83885336422564,49.18392261599971],[-121.82722513194776,49.18388811790785]]]},"bbox":[-121.84172568095325,49.17058767193636,-121.82717628183983,49.18392261599971]},{"id":"5909839","type":"Feature","properties":{},"geometry":{"type":"Polygon","coordinates":[[[-121.91568720223475,49.30891101542609],[-121.88107939343458,49.308972813811124],[-121.8883325213493,49.30305800720077],[-121.8856895709047,49.294114739276495],[-121.90492675809473,49.28594455072649],[-121.91670245714732,49.27650515914109],[-121.9233050262579,49.27638108352831],[-121.93700701959553,49.28042116381499],[-121.92824111801343,49.295067627664956],[-121.92831674235302,49.30180046269957],[-121.93120794927935,49.30100955820324],[-121.92802340243196,49.30418095470529],[-121.9278784028257,49.30950829219006],[-121.91568720223475,49.30891101542609]]]},"bbox":[-121.93700701959553,49.27638108352831,-121.88107939343458,49.30950829219006]},{"id":"5909841","type":"Feature","properties":{},"geometry":{"type":"Polygon","coordinates":[[[-121.41948557844216,49.47032001672622],[-121.4200115156175,49.46849416042518],[-121.43202722473639,49.46820740902188],[-121.43153259614152,49.47365878277372],[-121.41882110860543,49.47340856398192],[-121.41948557844216,49.47032001672622]]]},"bbox":[-121.43202722473639,49.46820740902188,-121.41882110860543,49.47365878277372]},{"id":"5909842","type":"Feature","properties":{},"geometry":{"type":"Polygon","coordinates":[[[-122.1942361857864,49.75906281947608],[-122.18757686790454,49.76084790374392],[-122.17847083875203,49.75891314961027],[-122.17145001720985,49.75452229360442],[-122.16900223697463,49.754830639923455],[-122.16997142630821,49.758015008619566],[-122.15256204641761,49.75826057830442],[-122.15119183478585,49.75964396352923],[-122.1541935349551,49.76261627263177],[-122.15403851965785,49.76518695874145],[-122.15891923549749,49.76799266016863],[-122.16044883513618,49.77111595474157],[-122.14893702869266,49.77104795050747],[-122.14856388039375,49.76595552018442],[-122.14303032489728,49.76603195211915],[-122.14331905008498,49.754205619151485],[-122.15067143705886,49.75155908636372],[-122.18013184577576,49.750190070630836],[-122.1805308347457,49.75381897241737],[-122.20283372257066,49.75373005193634],[-122.20157243673086,49.76513716262315],[-122.19811806393858,49.76042211547048],[-122.1942361857864,49.75906281947608]]]},"bbox":[-122.20283372257066,49.750190070630836,-122.14303032489728,49.77111595474157]},{"id":"5909843","type":"Feature","properties":{},"geometry":{"type":"MultiPolygon","coordinates":[[[[-121.64607189302345,49.30155228690049],[-121.64805710473627,49.3007117968601],[-121.6523191952931,49.299367896441645],[-121.65493261892762,49.29727633581616],[-121.64607189302345,49.30155228690049]]],[[[-121.65924428028875,49.29436426305214],[-121.65669200744436,49.29557870060968],[-121.65968503516942,49.29355212289435],[-121.66090483878936,49.30448225336469],[-121.65801214200806,49.30816387046562],[-121.65126081859825,49.309586661940116],[-121.64298888586313,49.30409895404732],[-121.65266662144626,49.29970324025643],[-121.65924428028875,49.29436426305214]]]]},"bbox":[-121.66090483878936,49.29355212289435,-121.64298888586313,49.309586661940116]},{"id":"5909844","type":"Feature","properties":{},"geometry":{"type":"Polygon","coordinates":[[[-121.71755033087516,49.21186736574502],[-121.71272436857758,49.2133197028646],[-121.70542174222668,49.207459025215385],[-121.71329718965362,49.20582201360137],[-121.7172832144142,49.20148772855177],[-121.72076110187169,49.20040249372763],[-121.73216028260555,49.20771619778304],[-121.72613173804181,49.21186304606404],[-121.71755033087516,49.21186736574502]]]},"bbox":[-121.73216028260555,49.20040249372763,-121.70542174222668,49.2133197028646]},{"id":"5909845","type":"Feature","properties":{},"geometry":{"type":"Polygon","coordinates":[[[-122.4030118660589,49.93610532437735],[-122.40299982256174,49.93490512507567],[-122.41817865116245,49.93465908094003],[-122.41848083385254,49.94406766891024],[-122.42065964458938,49.9460658626463],[-122.41949022909718,49.949388464807534],[-122.42211305225341,49.95298464420837],[-122.40345391223943,49.95206643533363],[-122.4030118660589,49.93610532437735]]]},"bbox":[-122.42211305225341,49.93465908094003,-122.40299982256174,49.95298464420837]},{"id":"5909847","type":"Feature","properties":{},"geometry":{"type":"Polygon","coordinates":[[[-121.43941674879957,49.912417347893815],[-121.43945301548554,49.909408067304675],[-121.44786188097527,49.9071514200488],[-121.45246298156496,49.915338270733294],[-121.44529154413571,49.912526465183426],[-121.43941674879957,49.912417347893815]]]},"bbox":[-121.45246298156496,49.9071514200488,-121.43941674879957,49.915338270733294]},{"id":"5909848","type":"Feature","properties":{},"geometry":{"type":"Polygon","coordinates":[[[-122.22131521794836,49.77396007118172],[-122.22191665385876,49.77383259069657],[-122.22202347762946,49.77452592459192],[-122.22135937959303,49.7745361811495],[-122.22131521794836,49.77396007118172]]]},"bbox":[-122.22202347762946,49.77383259069657,-122.22131521794836,49.7745361811495]},{"id":"5909850","type":"Feature","properties":{},"geometry":{"type":"Polygon","coordinates":[[[-121.48468123304391,49.99408297533997],[-121.48425638076642,49.98455552136194],[-121.49805774743209,49.984685493926136],[-121.50340160680797,49.98755673771879],[-121.49516404557319,49.98655904488209],[-121.49561768188042,49.994298943189975],[-121.48468123304391,49.99408297533997]]]},"bbox":[-121.50340160680797,49.98455552136194,-121.48425638076642,49.994298943189975]},{"id":"5909851","type":"Feature","properties":{},"geometry":{"type":"Polygon","coordinates":[[[-121.60827087594157,49.35352338493921],[-121.60317280867368,49.35643030766368],[-121.60372134409927,49.353532062548375],[-121.60666205903367,49.3524424317122],[-121.61459081950574,49.356858325844684],[-121.6036540027945,49.356773047668426],[-121.60827087594157,49.35352338493921]]]},"bbox":[-121.61459081950574,49.3524424317122,-121.60317280867368,49.356858325844684]},{"id":"5909852","type":"Feature","properties":{},"geometry":{"type":"Polygon","coordinates":[[[-122.52556429024277,50.11995029427156],[-122.53287216446527,50.120319258230715],[-122.53207277371604,50.12380251807498],[-122.52216834085833,50.12383959676409],[-122.52556429024277,50.11995029427156]]]},"bbox":[-122.53287216446527,50.11995029427156,-122.52216834085833,50.12383959676409]},{"id":"5909856","type":"Feature","properties":{},"geometry":{"type":"Polygon","coordinates":[[[-122.41804537829034,49.182962917553],[-122.41902861197714,49.18211688480979],[-122.42458299211971,49.1845026537569],[-122.42378878637564,49.19110276047288],[-122.41328172193224,49.191203549205284],[-122.41069870694996,49.18737381027621],[-122.41804537829034,49.182962917553]]]},"bbox":[-122.42458299211971,49.18211688480979,-122.41069870694996,49.191203549205284]},{"id":"5909875","type":"Feature","properties":{},"geometry":{"type":"Polygon","coordinates":[[[-122.53366263177023,50.04887526018456],[-122.54221234771971,50.04905744669902],[-122.54265717786146,50.05511991704824],[-122.53779913638225,50.05454924997445],[-122.53366263177023,50.04887526018456]]]},"bbox":[-122.54265717786146,50.04887526018456,-122.53366263177023,50.05511991704824]},{"id":"5909876","type":"Feature","properties":{},"geometry":{"type":"Polygon","coordinates":[[[-121.41493885208241,49.51545326617586],[-121.42512434313316,49.516500377880014],[-121.42543277390678,49.529799075068865],[-121.42078201992149,49.52833387515881],[-121.41492794128506,49.51835865087687],[-121.41493885208241,49.51545326617586]]]},"bbox":[-121.42543277390678,49.51545326617586,-121.41492794128506,49.529799075068865]},{"id":"5909877","type":"Feature","properties":{},"geometry":{"type":"Polygon","coordinates":[[[-122.20131038416044,49.06072562295579],[-122.19150424057327,49.06079573705431],[-122.19156351095629,49.05775100748259],[-122.18289554387007,49.05754769635015],[-122.18322190482822,49.04668400143897],[-122.19000815941756,49.045811351652496],[-122.18994054147733,49.04051691444812],[-122.19444546568265,49.04065052428234],[-122.19446824763243,49.04432217583402],[-122.19675771022611,49.04428741531731],[-122.20627251774599,49.05326144301736],[-122.20728056725774,49.060423825707225],[-122.20131038416044,49.06072562295579]]]},"bbox":[-122.20728056725774,49.04051691444812,-122.18289554387007,49.06079573705431]},{"id":"5909878","type":"Feature","properties":{},"geometry":{"type":"Polygon","coordinates":[[[-122.33841694801464,49.10905098835711],[-122.33845178699312,49.10391549797135],[-122.35995373108405,49.10396133526123],[-122.35988229969182,49.119185486230506],[-122.34360628638517,49.10954178203531],[-122.33841694801464,49.10905098835711]]]},"bbox":[-122.35995373108405,49.10391549797135,-122.33841694801464,49.119185486230506]},{"id":"5909879","type":"Feature","properties":{},"geometry":{"type":"Polygon","coordinates":[[[-122.01079539902182,49.21569303571211],[-122.0115925870628,49.209689709469075],[-122.01682392119903,49.209760906842384],[-122.02369002163385,49.20345457116912],[-122.03735547819664,49.19982522914813],[-122.03794546755108,49.206376528264336],[-122.02746299004805,49.20650026504587],[-122.02728868211118,49.211656344353315],[-122.01886196927148,49.211782259095656],[-122.01896179225099,49.21554643942471],[-122.01079539902182,49.21569303571211]]]},"bbox":[-122.03794546755108,49.19982522914813,-122.01079539902182,49.21569303571211]},{"id":"5909880","type":"Feature","properties":{},"geometry":{"type":"Polygon","coordinates":[[[-122.07430968255167,49.188719774797136],[-122.06980090302223,49.186600104005436],[-122.07752720171905,49.180521339041945],[-122.08258708466073,49.18264146409568],[-122.0753497442217,49.18922810701272],[-122.07430968255167,49.188719774797136]],[[-122.07575963080484,49.186549165341695],[-122.07490739210535,49.18691439741358],[-122.07340098160293,49.187759766015965],[-122.07452145092961,49.18835131140829],[-122.07575963080484,49.186549165341695]]]},"bbox":[-122.08258708466073,49.180521339041945,-122.06980090302223,49.18922810701272]},{"id":"5909881","type":"Feature","properties":{},"geometry":{"type":"Polygon","coordinates":[[[-122.07345111649326,49.176659500057276],[-122.07188052985691,49.17482615086917],[-122.08127400813417,49.17267515639679],[-122.0812691913729,49.170896192451615],[-122.0841288310155,49.17098075202881],[-122.08372149517373,49.16914631375893],[-122.08940422014372,49.16881927983501],[-122.08948559984425,49.16336181898219],[-122.09232079359131,49.1632999787788],[-122.09242363286248,49.17240939906063],[-122.08347378098465,49.17321550365923],[-122.07373959303987,49.179639014835],[-122.07345111649326,49.176659500057276]]]},"bbox":[-122.09242363286248,49.1632999787788,-122.07188052985691,49.179639014835]},{"id":"5909882","type":"Feature","properties":{},"geometry":{"type":"Polygon","coordinates":[[[-121.98777790695222,49.246280622924154],[-121.98107034377772,49.24611610335789],[-121.98088684325192,49.244993072574246],[-121.99532668781836,49.242755577206616],[-121.99929162657557,49.23292465061471],[-122.01200385486058,49.23091723973566],[-122.00852236301954,49.23356538562061],[-122.00785460546786,49.246269711672994],[-121.98777790695222,49.246280622924154]]]},"bbox":[-122.01200385486058,49.23091723973566,-121.98088684325192,49.246280622924154]},{"id":"5909883","type":"Feature","properties":{},"geometry":{"type":"MultiPolygon","coordinates":[[[[-122.45626184973777,49.98798008489948],[-122.45930845981478,49.99008911476315],[-122.45890517637152,49.99190599172519],[-122.45600222367315,49.99180238189041],[-122.45626184973777,49.98798008489948]]],[[[-122.45626184973777,49.98798008489948],[-122.44585485684475,49.98834688963943],[-122.4458162010916,49.98440164672753],[-122.45336759054857,49.98418140803589],[-122.45626184973777,49.98798008489948]]]]},"bbox":[-122.45930845981478,49.98418140803589,-122.4458162010916,49.99190599172519]},{"id":"5909884","type":"Feature","properties":{},"geometry":{"type":"Polygon","coordinates":[[[-121.94847143840772,49.13810025960475],[-121.94207878696194,49.140241401098834],[-121.94110184362745,49.1418953937895],[-121.93726404435891,49.142056568951304],[-121.93475711650603,49.13765791230398],[-121.93522824937914,49.13534067278045],[-121.93914372252001,49.13616181961305],[-121.94060227773389,49.13238666978127],[-121.94507931584387,49.13527657393658],[-121.95240231956059,49.13525424445637],[-121.95310997606175,49.13810100100401],[-121.94847143840772,49.13810025960475]]]},"bbox":[-121.95310997606175,49.13238666978127,-121.93475711650603,49.142056568951304]},{"id":"5909885","type":"Feature","properties":{},"geometry":{"type":"MultiPolygon","coordinates":[[[[-121.99433180830796,49.163391500195864],[-121.99226068042347,49.16170800013139],[-121.99885627224805,49.16151090463578],[-121.99857450981621,49.159265711050885],[-122.00750566893998,49.15880178913139],[-122.00626155559046,49.165147146665625],[-121.99433180830796,49.163391500195864]]],[[[-121.9748994324728,49.158507000558565],[-121.96785218714453,49.157303321974226],[-121.96950248712265,49.15309589721895],[-121.97217470946707,49.15234250023728],[-121.97353241391585,49.15474946220907],[-121.97625131110019,49.15525935525941],[-121.97755475155647,49.15318426435942],[-121.97431540834835,49.150485300733806],[-121.98131258358053,49.14981450705034],[-121.98280338569305,49.146668407222144],[-121.9859871908427,49.147310793715825],[-121.98658300062125,49.149498286723016],[-121.98184810676952,49.15329529624701],[-121.98588390850747,49.155411701762475],[-121.98482738208077,49.15916572756218],[-121.9748994324728,49.158507000558565]]]]},"bbox":[-122.00750566893998,49.146668407222144,-121.96785218714453,49.165147146665625]}],"bbox":[-123.00248067112459,49.00000525335705,-120.81206601532648,50.15368275959854]}