{"type":"FeatureCollection","features":[{"id":"5917005","type":"Feature","properties":{},"geometry":{"type":"MultiPolygon","coordinates":[[[[-123.40791213847906,48.67381817536428],[-123.4081163220523,48.673808153504694],[-123.40826692756575,48.674006174002955],[-123.40807714590612,48.6740061632884],[-123.40791213847906,48.67381817536428]]],[[[-123.4004404424144,48.68394716501325],[-123.40065703828532,48.68396426888401],[-123.40065834894783,48.684189253036564],[-123.40048213580717,48.684199259628926],[-123.4004404424144,48.68394716501325]]],[[[-123.41306994085834,48.67004827116434],[-123.413260625559,48.670065359429],[-123.41322324879502,48.67046127021802],[-123.41308544540672,48.670390073633584],[-123.41306994085834,48.67004827116434]]],[[[-123.39776264874162,48.67873876604188],[-123.39750382955887,48.67873885791902],[-123.39750373970125,48.67860495988159],[-123.39780155083227,48.67847815421748],[-123.39776264874162,48.67873876604188]]],[[[-123.40021402646502,48.67440356462202],[-123.40032232469225,48.67432095880221],[-123.40108503457945,48.6745530731408],[-123.4009624569188,48.67461576495857],[-123.40021402646502,48.67440356462202]]],[[[-123.41036905932641,48.67363876609468],[-123.41082985257155,48.67361025394791],[-123.4111032373353,48.67375266800751],[-123.41081963689052,48.67382525847948],[-123.41036905932641,48.67363876609468]]],[[[-123.41390715522833,48.671008168958274],[-123.41413671375298,48.670917059982784],[-123.4142086462344,48.67144827065303],[-123.41397594239253,48.67135856818977],[-123.41390715522833,48.671008168958274]]],[[[-123.39945472416703,48.68492276345203],[-123.39983514990236,48.68488426909785],[-123.3997978242978,48.685280158176866],[-123.39955384084186,48.68527306120509],[-123.39945472416703,48.68492276345203]]],[[[-123.39991645525302,48.68664746399619],[-123.40015893435253,48.68629565166295],[-123.40030823413608,48.68635836025604],[-123.40015064666326,48.686853970943474],[-123.39991645525302,48.68664746399619]]],[[[-123.40760213043409,48.674215558860645],[-123.40807773645747,48.67423975439687],[-123.40835323420583,48.67454596171955],[-123.40779402556431,48.6744576598521],[-123.40760213043409,48.674215558860645]]],[[[-123.39749262929836,48.678936776259185],[-123.3979003261457,48.67891826183128],[-123.39798324681206,48.67923294764133],[-123.39756373020815,48.67930566526675],[-123.39749262929836,48.678936776259185]]],[[[-123.47937164363312,48.62628656442103],[-123.47946024592235,48.625620066973795],[-123.48057203034904,48.625534678201596],[-123.48050953466188,48.62596617835041],[-123.47937164363312,48.62628656442103]]],[[[-123.3984490457257,48.67969874724394],[-123.3995845457942,48.680594558405375],[-123.39896625749505,48.681550167190444],[-123.39859764597524,48.681218348076165],[-123.3984490457257,48.67969874724394]]],[[[-123.47790165099784,48.69480676851595],[-123.44051564033047,48.699193273639445],[-123.42626303781024,48.6948836531627],[-123.42371465322337,48.692194755457166],[-123.42164213736778,48.69311045923287],[-123.41916044559665,48.690411651871436],[-123.40807105342832,48.68843625720997],[-123.40739233471824,48.68691807595084],[-123.40210493646083,48.688322267691426],[-123.40093574518657,48.68491704834701],[-123.402991043598,48.685216166734115],[-123.40308294600013,48.68329915353184],[-123.40449203134592,48.684445671374284],[-123.40540563185142,48.68308406518616],[-123.39715072977488,48.676868855467596],[-123.39638623955271,48.67468546634852],[-123.39950092632274,48.67526945903623],[-123.40351421969474,48.674265355805005],[-123.40698911751802,48.67572806170896],[-123.41063245517039,48.67433085710165],[-123.41391293304,48.68184785581049],[-123.42496533839022,48.676247856646626],[-123.42241473106925,48.67493476934095],[-123.42270233138461,48.67690446189965],[-123.41831564257151,48.67708246578721],[-123.41596593394704,48.67880856665462],[-123.41562463366057,48.67674206967513],[-123.41342832264242,48.67558846283237],[-123.41652885129886,48.674353670069706],[-123.4203136500707,48.675356350863645],[-123.420557755623,48.67225296312407],[-123.4219004370148,48.67187835657076],[-123.41894413764317,48.67082734855975],[-123.41703353841845,48.67150096316156],[-123.4186035509167,48.67243957071721],[-123.41563234379021,48.67285536021409],[-123.41409963821357,48.6697748542393],[-123.41758256034059,48.66902233650761],[-123.41662099602073,48.64314548838126],[-123.41795369203761,48.638075536549216],[-123.417094159481,48.635388067309584],[-123.40514324856308,48.635407157970995],[-123.41028712245785,48.62831605403331],[-123.3984616157032,48.61214787130625],[-123.47824184293849,48.61267246054157],[-123.47118141558285,48.61897242059826],[-123.47141791645669,48.6158739598567],[-123.44371652671995,48.615799912892044],[-123.44414481946183,48.63001390586335],[-123.46735082540754,48.63086116325179],[-123.47293162320841,48.62824636450262],[-123.47574443777121,48.62863935332801],[-123.47809563938372,48.626156947289175],[-123.4799040246466,48.62810955637313],[-123.47743714758516,48.63415677236527],[-123.4781107401194,48.636340061187475],[-123.47393133136787,48.64101715202523],[-123.46261554343211,48.645957749491004],[-123.46066954512666,48.64840317320519],[-123.4460089606028,48.65320136714012],[-123.44723502237436,48.658486555824005],[-123.45111672518541,48.66256110092866],[-123.44412588877762,48.662668094358395],[-123.44404820508657,48.66618181408528],[-123.46269153164467,48.66622566749302],[-123.4705103534511,48.66416056654602],[-123.47337385163047,48.665443859344784],[-123.47189526283665,48.66721406581589],[-123.47283403449987,48.668712374799114],[-123.47842572549604,48.668391955809426],[-123.47786993469012,48.66981616869864],[-123.48253423587074,48.671847060211604],[-123.4811018480027,48.67269874894361],[-123.48211324003196,48.674736766385685],[-123.48884515618187,48.67702126826316],[-123.4810990356903,48.68084947757318],[-123.47817615523701,48.67934126360947],[-123.47403256020786,48.6805731625645],[-123.47585934197382,48.68289605966531],[-123.47310875717372,48.68511075931966],[-123.47452243056723,48.687929259227026],[-123.48521534357765,48.689306467780796],[-123.48341173543164,48.69262485867121],[-123.47790165099784,48.69480676851595]]]]},"bbox":[-123.48884515618187,48.61214787130625,-123.39638623955271,48.699193273639445]},{"id":"5917010","type":"Feature","properties":{},"geometry":{"type":"MultiPolygon","coordinates":[[[[-123.39533675133842,48.66204996960914],[-123.39560835617411,48.66201286020989],[-123.39562235217025,48.662219357589116],[-123.3954465526937,48.662310563952474],[-123.39533675133842,48.66204996960914]]],[[[-123.40467813354753,48.66876507499473],[-123.40488143213823,48.66869597308201],[-123.40495355676676,48.66903427037007],[-123.40473533846495,48.66897157447455],[-123.40467813354753,48.66876507499473]]],[[[-123.40838455606885,48.6700653669042],[-123.40860082276674,48.66989306073782],[-123.40858833030042,48.67025337273329],[-123.40841363032507,48.67025336229606],[-123.40838455606885,48.6700653669042]]],[[[-123.39342962738698,48.65600275763889],[-123.39346735279756,48.65574066809425],[-123.39373935817268,48.65565096244057],[-123.39372773918281,48.65593867418233],[-123.39342962738698,48.65600275763889]]],[[[-123.39309425604104,48.65492315765874],[-123.39327015164616,48.65488756778167],[-123.39346475760183,48.655317660517085],[-123.39308422227008,48.65527496495658],[-123.39309425604104,48.65492315765874]]],[[[-123.39341573399194,48.657874158799366],[-123.3936870353933,48.65790835669186],[-123.39379965940832,48.65833136470961],[-123.39351445144173,48.65835835580173],[-123.39341573399194,48.657874158799366]]],[[[-123.39152293026598,48.660714073615],[-123.39193393885617,48.66113557507614],[-123.39142032527438,48.661389062799444],[-123.39128132382817,48.66101166932126],[-123.39152293026598,48.660714073615]]],[[[-123.39119545160979,48.65875426457987],[-123.39172934289878,48.65932825374641],[-123.39118872889817,48.65963586939451],[-123.3909280400644,48.65922287062375],[-123.39119545160979,48.65875426457987]]],[[[-123.41145043267746,48.66811985050383],[-123.40889573014142,48.66964096611965],[-123.41179292428524,48.66668005912859],[-123.40901453726853,48.665673170192555],[-123.40404303950658,48.66747186328334],[-123.40415392588544,48.66945015943513],[-123.39693852652468,48.66721696070059],[-123.40364384874118,48.665016554754864],[-123.40373794476548,48.66326194717455],[-123.40034522895407,48.66016146688305],[-123.39247173333582,48.66204135155078],[-123.39712442351873,48.652903657799925],[-123.39506885534799,48.65048246858518],[-123.39360232773436,48.65213326322125],[-123.39361115592177,48.64617705905987],[-123.40514324856308,48.635407157970995],[-123.417094159481,48.635388067309584],[-123.41795369203761,48.638075536549216],[-123.41662099602073,48.64314548838126],[-123.41758256034059,48.66902233650761],[-123.41145043267746,48.66811985050383]]]]},"bbox":[-123.41795369203761,48.635388067309584,-123.3909280400644,48.67025337273329]},{"id":"5917015","type":"Feature","properties":{},"geometry":{"type":"MultiPolygon","coordinates":[[[[-123.47007141855167,48.579763181262294],[-123.47014504010698,48.57972347473664],[-123.47024733481759,48.57976927724238],[-123.47007141855167,48.579763181262294]]],[[[-123.47027844508493,48.579434368796655],[-123.47050792558515,48.57938025278193],[-123.47053633393146,48.579487070130334],[-123.47036224139755,48.579623764553254],[-123.47027844508493,48.579434368796655]]],[[[-123.46725792663888,48.573869970373224],[-123.46740712655237,48.57382445917644],[-123.46769422888596,48.57407506191847],[-123.4674094250328,48.57410216566413],[-123.46725792663888,48.573869970373224]]],[[[-123.4707975251432,48.57992716646212],[-123.47106913724099,48.57980034862546],[-123.4711917337129,48.579971349724836],[-123.47085682838812,48.58029607639587],[-123.4707975251432,48.57992716646212]]],[[[-123.39121415061572,48.59435865378002],[-123.390889021318,48.59404754249536],[-123.39239585420476,48.59390995687139],[-123.39139094607793,48.594384251841724],[-123.39121415061572,48.59435865378002]]],[[[-123.46813583869549,48.57212107591653],[-123.467595822334,48.5722577542984],[-123.46731053771185,48.57209686647351],[-123.46881274182788,48.57189315094674],[-123.46813583869549,48.57212107591653]]],[[[-123.37145262805927,48.594073871945255],[-123.37466998759811,48.594003086927735],[-123.37175311685237,48.5983008617704],[-123.36989595044119,48.5964892664441],[-123.37145262805927,48.594073871945255]]],[[[-123.47298247905664,48.61237069977535],[-123.3984616157032,48.61214787130625],[-123.39546504032482,48.60909787311382],[-123.39314545665692,48.600361760540316],[-123.38927754829017,48.60015806303529],[-123.38876211771284,48.598333655610745],[-123.39263455960251,48.59389932194313],[-123.40347075232488,48.59412546701483],[-123.40344455443825,48.5832778987027],[-123.3712528343487,48.582833151063646],[-123.36633064790858,48.572327569388946],[-123.367922429646,48.56736566852189],[-123.36720494546918,48.55999105540363],[-123.36201505071156,48.558226466028685],[-123.36534152596353,48.550344300714286],[-123.4298309418007,48.55048541331834],[-123.42982970577447,48.5544846436687],[-123.44416920138899,48.55449119846315],[-123.44418306852994,48.55810615660474],[-123.46385543528459,48.55894007687776],[-123.47459683671455,48.56273837105327],[-123.47387402693951,48.5680663698861],[-123.46911094247204,48.567492372105114],[-123.47100375586317,48.570021766581746],[-123.46581263561994,48.57156277335153],[-123.46174002751644,48.57087776350976],[-123.46603105905866,48.57597926489028],[-123.46524402231088,48.57736786337811],[-123.46986803018348,48.579755648194045],[-123.44120403036285,48.579714234772595],[-123.4412323761634,48.58135846223071],[-123.44435998304535,48.58142818282041],[-123.44370749020061,48.590712725243414],[-123.46588195510762,48.59050152707979],[-123.47160593292311,48.595227466514864],[-123.48056463159571,48.597510469589245],[-123.48057642348472,48.59867116329398],[-123.4747086356414,48.59929787589021],[-123.47925154754915,48.600610962833606],[-123.4808635229195,48.60332126632596],[-123.4798738414147,48.61060326895675],[-123.47824184293849,48.61267246054157],[-123.47298247905664,48.61237069977535]]]]},"bbox":[-123.4808635229195,48.550344300714286,-123.36201505071156,48.61267246054157]},{"id":"5917021","type":"Feature","properties":{},"geometry":{"type":"MultiPolygon","coordinates":[[[[-123.28956334749127,48.47292065096955],[-123.28965804384553,48.47288356374568],[-123.28994213605557,48.472937662028095],[-123.28980792402028,48.47300896570653],[-123.28956334749127,48.47292065096955]]],[[[-123.3025351400796,48.49033155158728],[-123.30263054150112,48.490681957587604],[-123.30242844613885,48.49070045396888],[-123.30238732584141,48.49058366920875],[-123.3025351400796,48.49033155158728]]],[[[-123.2886758328849,48.47136537687888],[-123.28885212101304,48.471321262419636],[-123.289325143189,48.471400948595],[-123.28908282776712,48.47163456180735],[-123.2886758328849,48.47136537687888]]],[[[-123.27872511871861,48.44811656031532],[-123.27907663228218,48.44798985180091],[-123.2794164431765,48.44814225948438],[-123.27924035240356,48.448277567300416],[-123.27872511871861,48.44811656031532]]],[[[-123.29011744834813,48.4728109547737],[-123.29016913742512,48.472477654200226],[-123.29064443941189,48.47251324768311],[-123.29053723999418,48.47263006627538],[-123.29011744834813,48.4728109547737]]],[[[-123.30857602288441,48.49580336011911],[-123.30876571908087,48.49586465981394],[-123.30875711189917,48.496539656797836],[-123.30843023893,48.49633465286914],[-123.30857602288441,48.49580336011911]]],[[[-123.28299224582396,48.45154326308605],[-123.28357262893705,48.45158597820798],[-123.28338762634668,48.45230657319405],[-123.28300684165526,48.45190216583004],[-123.28299224582396,48.45154326308605]]],[[[-123.27927534335213,48.44969036872664],[-123.2785559497514,48.44904376566875],[-123.27959464854366,48.448672054650245],[-123.27986932373959,48.44935566346451],[-123.27927534335213,48.44969036872664]]],[[[-123.4583276493624,48.55121394730831],[-123.45837630132043,48.55890774210662],[-123.45516955409319,48.55910096185689],[-123.44418306852994,48.55810615660474],[-123.44416920138899,48.55449119846315],[-123.42982970577447,48.5544846436687],[-123.4298309418007,48.55048541331834],[-123.36534152596353,48.550344300714286],[-123.36115985976664,48.542809467420525],[-123.36651401892799,48.53207796437998],[-123.36503743037467,48.5263783752354],[-123.36632054200267,48.51820616709013],[-123.36443813422592,48.51446905105364],[-123.33702074828211,48.49870027025057],[-123.3276158480642,48.49495886200821],[-123.31702564175869,48.49418695557219],[-123.31488184413519,48.49552425346315],[-123.31481712960297,48.497935476583876],[-123.31081892543756,48.495104066761385],[-123.30750433725227,48.495266475650794],[-123.30751194205172,48.49647135374048],[-123.30678052551609,48.49641005330927],[-123.30364293076964,48.49027457874317],[-123.30029155596101,48.488843260448725],[-123.30073533765135,48.48604467538996],[-123.3027839410008,48.48691205842694],[-123.30136532960869,48.480393462343926],[-123.30320814308325,48.478489268376684],[-123.30283082838977,48.476681963328154],[-123.29994773393445,48.476509673080145],[-123.29810315388556,48.473168461765276],[-123.2920678344206,48.473265266773566],[-123.28525862722061,48.46759546728774],[-123.28085584459735,48.46656296627821],[-123.28030073602135,48.46382136159676],[-123.27887264663181,48.46515584840633],[-123.27574044665373,48.46387685118686],[-123.26874552502326,48.45578736786953],[-123.26517303629196,48.455372964189095],[-123.26484995742506,48.45314265904997],[-123.26707374613713,48.45159874803392],[-123.26560746158921,48.45119607445067],[-123.2720264424265,48.44969745038187],[-123.27198214191469,48.451318153110996],[-123.280751625079,48.45018166913207],[-123.28397962777073,48.454212163443174],[-123.28707883006443,48.454628077241075],[-123.28844294757572,48.45909584673113],[-123.2936907399549,48.458793866904244],[-123.29872964108206,48.45592281936539],[-123.3205624534759,48.46721972213766],[-123.322355314695,48.43354195277671],[-123.32919280158156,48.43364399750271],[-123.32811768976603,48.43877081047077],[-123.33300868868864,48.43894521923438],[-123.33247528212024,48.448143817949905],[-123.3481440874818,48.448442509422385],[-123.34809267794414,48.45047752008015],[-123.37962471412393,48.446959298794546],[-123.38462981539081,48.44945018497589],[-123.39156929490585,48.44287287582247],[-123.40455002576469,48.44876036483239],[-123.41348643217545,48.449960962737215],[-123.41956901454947,48.45289905712096],[-123.42293443450306,48.45257145316165],[-123.42326001838057,48.45432466290882],[-123.42010186138789,48.45855466788029],[-123.41827144143834,48.4579863576278],[-123.41788882467834,48.45584576797023],[-123.41127723303623,48.45948745279203],[-123.41728853710029,48.46353227573462],[-123.42136091025446,48.46358062882653],[-123.41893454522703,48.46941375610331],[-123.42294232035594,48.469341206195644],[-123.42354733490501,48.467780594906436],[-123.42461333345226,48.469792446800184],[-123.42684049720441,48.46875810999149],[-123.4278594114424,48.470725339387826],[-123.43718678331405,48.46612200924314],[-123.4433502472551,48.46879402765279],[-123.44428190162836,48.46637461535452],[-123.44901268215315,48.46833565883434],[-123.45384834175279,48.464382455498075],[-123.45411184336382,48.46831326244372],[-123.45739328080626,48.4720247929818],[-123.45650320654619,48.49350598476098],[-123.45689418971567,48.4977021137354],[-123.45908446202955,48.49862927450207],[-123.45830096645545,48.51466961269553],[-123.46345562851094,48.514392723021956],[-123.4636117396659,48.523168437446486],[-123.47248001870425,48.522792214924166],[-123.47276555489496,48.53732551684354],[-123.47773746288189,48.53729836636278],[-123.47778643548985,48.54414406893729],[-123.46961720232947,48.54399740611353],[-123.46990336069571,48.54652209329218],[-123.47459937439336,48.54875902318678],[-123.47165737219392,48.551195964819954],[-123.47144125358305,48.557266137802436],[-123.4583276493624,48.55121394730831]]]]},"bbox":[-123.47778643548985,48.43354195277671,-123.26484995742506,48.55910096185689]},{"id":"5917027","type":"Feature","properties":{},"geometry":{"type":"MultiPolygon","coordinates":[[[[-123.46993833234154,48.88284656972321],[-123.47011594478758,48.88284656128747],[-123.47021342726384,48.88294476392203],[-123.4699663408748,48.88289205775246],[-123.46993833234154,48.88284656972321]]],[[[-123.58320294132972,48.8884650490996],[-123.58331182832579,48.888365360296504],[-123.58346213973057,48.888534876769945],[-123.58338063743942,48.88854475644826],[-123.58320294132972,48.8884650490996]]],[[[-123.60143092883253,48.93992597471409],[-123.60149822823038,48.939853376190676],[-123.60173561700697,48.94016806137585],[-123.60165324317563,48.9401680570011],[-123.60143092883253,48.93992597471409]]],[[[-123.426109045697,48.84696216558834],[-123.42634024374625,48.84692516902326],[-123.4263965502839,48.847041872890095],[-123.42617834097486,48.84707895822917],[-123.426109045697,48.84696216558834]]],[[[-123.42494041951826,48.84576015939239],[-123.42507603273437,48.845697459805486],[-123.42526705129346,48.845858353942404],[-123.42514624152226,48.84594805717931],[-123.42494041951826,48.84576015939239]]],[[[-123.4567300313216,48.83885556617531],[-123.4570308505094,48.83897235447077],[-123.45697682077075,48.83908916915529],[-123.45684073450748,48.83910765638963],[-123.4567300313216,48.83885556617531]]],[[[-123.4717054341716,48.84741365613197],[-123.4719100194096,48.84733246285756],[-123.47228022781012,48.84760016325148],[-123.47213094135928,48.84766425384657],[-123.4717054341716,48.84741365613197]]],[[[-123.4259096186429,48.84612615770459],[-123.426182822137,48.84615175971085],[-123.42632113668954,48.84643096155197],[-123.42602101974191,48.84637675521101],[-123.4259096186429,48.84612615770459]]],[[[-123.55496512462905,48.754025365818066],[-123.5551271225561,48.75382596680258],[-123.55537404250774,48.75405816187604],[-123.55506283733168,48.754186255791616],[-123.55496512462905,48.754025365818066]]],[[[-123.43064014105144,48.73000606567291],[-123.43106203725509,48.72991495643102],[-123.43127893281533,48.73002175322604],[-123.43111874279509,48.73015705870178],[-123.43064014105144,48.73000606567291]]],[[[-123.38552312295876,48.7535909545042],[-123.38553453111005,48.75331325082957],[-123.38609234314936,48.7532562685117],[-123.3859317244714,48.75343715588477],[-123.38552312295876,48.7535909545042]]],[[[-123.42621543704806,48.84522467321711],[-123.42629744343937,48.845153357689306],[-123.42686005119529,48.84553795689941],[-123.42613514719339,48.84538696854285],[-123.42621543704806,48.84522467321711]]],[[[-123.42397862488588,48.754482568812776],[-123.42425003258646,48.75445407558322],[-123.4246746435037,48.75466907008818],[-123.42447164622429,48.75475885963002],[-123.42397862488588,48.754482568812776]]],[[[-123.41892723382892,48.8438488592847],[-123.41909074282592,48.84382034883416],[-123.41959624657453,48.84402545227798],[-123.41894212712256,48.844127963448024],[-123.41892723382892,48.8438488592847]]],[[[-123.57443225193697,48.878955563671745],[-123.5748118238279,48.878890066799734],[-123.57528052606426,48.879203364981734],[-123.5749798525132,48.879221968306844],[-123.57443225193697,48.878955563671745]]],[[[-123.42823083620691,48.75377326448712],[-123.42868104191244,48.75379035209222],[-123.42887294379597,48.75397836518855],[-123.42841032050933,48.75404245832714],[-123.42823083620691,48.75377326448712]]],[[[-123.41375184352358,48.75662455211761],[-123.41424062346182,48.75658606509436],[-123.41425923055752,48.75699196578191],[-123.41383574241226,48.756902261036764],[-123.41375184352358,48.75662455211761]]],[[[-123.56295642302032,48.76916185734976],[-123.56341913109769,48.769052151618084],[-123.56360024778094,48.769365568283874],[-123.5630410190649,48.769432460676676],[-123.56295642302032,48.76916185734976]]],[[[-123.48682953318222,48.853882356016555],[-123.48733323311893,48.853762771382144],[-123.48755453721732,48.854113063117744],[-123.48725573608003,48.854222766011226],[-123.48682953318222,48.853882356016555]]],[[[-123.55507133760285,48.86971245697728],[-123.5553848320108,48.86967546661153],[-123.55623524616465,48.87016535774589],[-123.55538683122964,48.86999016781835],[-123.55507133760285,48.86971245697728]]],[[[-123.5527704191449,48.868850865657414],[-123.5537543270609,48.8690615750863],[-123.55400191615452,48.86929516046717],[-123.55355296077803,48.86929656620699],[-123.5527704191449,48.868850865657414]]],[[[-123.45563723532761,48.83848237511392],[-123.4559087230294,48.83838265385378],[-123.45649803881618,48.83871316050175],[-123.45588514088757,48.838849860123524],[-123.45563723532761,48.83848237511392]]],[[[-123.43155311695041,48.72849216381966],[-123.43223265610686,48.72847076745133],[-123.43227483073126,48.72879407480379],[-123.43169242961814,48.72897636877136],[-123.43155311695041,48.72849216381966]]],[[[-123.46719924796355,48.84497675630842],[-123.46744351710775,48.84489416405832],[-123.46833532886089,48.84549376266234],[-123.46744822671329,48.845425463946505],[-123.46719924796355,48.84497675630842]]],[[[-123.54301852238697,48.742584661444994],[-123.54335895698475,48.74255616725289],[-123.54471101947816,48.74311595761256],[-123.54375813382777,48.743048965068574],[-123.54301852238697,48.742584661444994]]],[[[-123.5813153452007,48.887435050027676],[-123.58199183896915,48.887535074666374],[-123.5829546468074,48.88817874974524],[-123.58221653006349,48.88805626134453],[-123.5813153452007,48.887435050027676]]],[[[-123.43028973867233,48.72867586537345],[-123.43098283573038,48.728645975037516],[-123.43120373831349,48.7291757574245],[-123.43048375409191,48.72925975745358],[-123.43028973867233,48.72867586537345]]],[[[-123.44044833585113,48.851612156520616],[-123.44115644326443,48.85173607425969],[-123.44229371983259,48.85228866718042],[-123.44136731956569,48.852311464956294],[-123.44044833585113,48.851612156520616]]],[[[-123.49272324705485,48.85137436298546],[-123.49369013803361,48.85130745313391],[-123.49421325484957,48.8518713618448],[-123.49350443989508,48.85186565071141],[-123.49272324705485,48.85137436298546]]],[[[-123.5947225343885,48.918901872169265],[-123.59493881982739,48.91879216449084],[-123.59624564908641,48.91962245025547],[-123.59541454647892,48.91966235203552],[-123.5947225343885,48.918901872169265]]],[[[-123.42706982222656,48.84622016407491],[-123.4259327424564,48.84553225048774],[-123.42872254420944,48.846601872937704],[-123.42832744668739,48.84663025363678],[-123.42706982222656,48.84622016407491]]],[[[-123.4620225381563,48.842253763807996],[-123.4611755445907,48.84208565775038],[-123.4603225469743,48.84118125972202],[-123.4617967496212,48.841580068663625],[-123.4620225381563,48.842253763807996]]],[[[-123.4687875404304,48.845807151186754],[-123.47034393248877,48.846006457580195],[-123.47084243811449,48.84698635429466],[-123.46940653019458,48.84645227869348],[-123.4687875404304,48.845807151186754]]],[[[-123.4529764306389,48.83676627682968],[-123.45427512159489,48.837112366672514],[-123.45521275282137,48.838339966557626],[-123.45340773175855,48.83767345058924],[-123.4529764306389,48.83676627682968]]],[[[-123.45406695371703,48.83972145913977],[-123.45727052069878,48.84136355474033],[-123.4574335625099,48.8427122664419],[-123.45497881946999,48.84113005912608],[-123.45406695371703,48.83972145913977]]],[[[-123.47786812913779,48.85040166162611],[-123.47501441936544,48.8485159621946],[-123.48465093749248,48.85253225684312],[-123.48378164745385,48.85304066531703],[-123.47786812913779,48.85040166162611]]],[[[-123.40801035513792,48.74987945994915],[-123.4027173368619,48.74979115967786],[-123.40077923636184,48.748898250421526],[-123.40699472145741,48.74873156923964],[-123.40942255494296,48.746284760415634],[-123.4127373200349,48.74732585507639],[-123.40801035513792,48.74987945994915]]],[[[-123.59486653067235,48.94483665312605],[-123.58957834001005,48.94340536853293],[-123.58501545351501,48.93980346931704],[-123.57813461813969,48.93874956184505],[-123.54713685562518,48.91871526436274],[-123.53037035452174,48.91445686344512],[-123.5186479442937,48.90668356222998],[-123.50328092049129,48.892880057892384],[-123.49627842276125,48.88980666112664],[-123.49537422940583,48.8908990787625],[-123.50382925017594,48.895828164079454],[-123.49232115338921,48.89249556606505],[-123.49392421796937,48.88756776012133],[-123.47597103008825,48.87882736401174],[-123.46336802995008,48.86986486894955],[-123.42205006064803,48.849081365052506],[-123.41943363191729,48.84245167677722],[-123.42613993410109,48.84753756725143],[-123.44304482987056,48.85557005274288],[-123.44329042655232,48.85701705955495],[-123.45553034722558,48.86128825892671],[-123.4620390455557,48.860425170604906],[-123.46948631641723,48.86519915863908],[-123.47621312351244,48.86699796666438],[-123.48135184345132,48.866939556284635],[-123.48197362204776,48.86767585937215],[-123.48272522403589,48.86787946699552],[-123.48025163073096,48.8657759530199],[-123.47614391993493,48.86401985766795],[-123.47504113480927,48.864195075451995],[-123.47559362586533,48.86642397183496],[-123.470808639026,48.86502256949751],[-123.46803055242485,48.862605655409226],[-123.46800523326735,48.85981706377714],[-123.45428962757939,48.856695155980624],[-123.4422980491779,48.84958127200371],[-123.43041062731854,48.84480447185856],[-123.42504554087085,48.840462049565026],[-123.4388326454785,48.846094753279374],[-123.44544544809902,48.85094566713136],[-123.4490445270152,48.849501560788354],[-123.44239363934042,48.843499855724296],[-123.46656153414607,48.84971085406593],[-123.48925862618951,48.85964757311045],[-123.4845800294987,48.855205456636035],[-123.48834113586524,48.85634055652269],[-123.48992044773024,48.8548949490461],[-123.4985782303218,48.85903085855047],[-123.50165873027896,48.8576508759313],[-123.5000679408212,48.85398775174978],[-123.49489494332526,48.85200385015387],[-123.49632904525566,48.850864472796744],[-123.49731521810766,48.85269456199711],[-123.4997802482726,48.85111946930765],[-123.49602033056254,48.84716866710469],[-123.48380974073055,48.84175947670649],[-123.47958242735618,48.84151596995274],[-123.48534255665852,48.84511777101514],[-123.47342194179687,48.84009315756186],[-123.47003742344762,48.83376546730494],[-123.45593433170423,48.82782075208969],[-123.43414544430063,48.81329666650239],[-123.42516472773026,48.81109915696485],[-123.42559774090633,48.80920776062473],[-123.42236061721022,48.80658435672382],[-123.4237419238891,48.80542796911211],[-123.41967304865356,48.802545369734524],[-123.4053735326421,48.797594766578435],[-123.39165833270131,48.79713905385054],[-123.39300683974525,48.79540717322424],[-123.39040855649803,48.79395876301855],[-123.38878176342406,48.789798666747686],[-123.38763232608103,48.79058485435805],[-123.3850502305163,48.78762537686413],[-123.3781083457706,48.78599317322012],[-123.37752333255708,48.78062387297966],[-123.37342853741077,48.7792067768775],[-123.37608293373515,48.7774350510172],[-123.37120965091434,48.77744225797476],[-123.37261741398162,48.776321356275886],[-123.37151423151919,48.774391562410685],[-123.36654134044174,48.775451150630055],[-123.36687484174425,48.77095205132744],[-123.37209584292717,48.76656265140193],[-123.37904462942693,48.76950087538368],[-123.37810253939512,48.765320761620906],[-123.38071585113171,48.76724626313892],[-123.38036072822129,48.765447551080634],[-123.38177624982428,48.765353568017154],[-123.37993692777036,48.76315456917986],[-123.38154911761559,48.76219605869713],[-123.38030852774887,48.76202085773862],[-123.38064784191796,48.75998567191622],[-123.38428155807848,48.758265266264],[-123.38381252616999,48.7556660672694],[-123.38662594624135,48.753525447923586],[-123.38930153521412,48.754649152488305],[-123.3928295490292,48.75352266408164],[-123.3950690347299,48.756348250745944],[-123.3971910422267,48.756160254127366],[-123.39790125684306,48.7584888598824],[-123.40306151864445,48.75549226016827],[-123.40655994470421,48.755741554734016],[-123.40964213749504,48.75975216318271],[-123.41058063050276,48.75808435738488],[-123.41190813944091,48.75914966571426],[-123.41148704064307,48.75744206803594],[-123.4143126205169,48.758565756655315],[-123.41536144212488,48.757167172320074],[-123.42590234770434,48.75502377044265],[-123.43049323300514,48.75579846715234],[-123.44040793177498,48.76317307734745],[-123.44501884250082,48.76910204911091],[-123.44816402382146,48.76779466746789],[-123.45077603574981,48.7692060535786],[-123.45029823531806,48.77044077156663],[-123.46139294046627,48.77233926920146],[-123.46107345506107,48.77003776360312],[-123.44840194213202,48.75627845718537],[-123.43419732424685,48.74665366387001],[-123.42552793838313,48.73327326038509],[-123.43718233573757,48.73001747009183],[-123.4370159392721,48.728128960234145],[-123.44186494482356,48.72587016865157],[-123.44693235094384,48.72693975085109],[-123.45565744299637,48.725015662030195],[-123.45944322714266,48.721204465121964],[-123.47370844097122,48.715587362744806],[-123.4869026381447,48.71359775663921],[-123.5007648457436,48.71598616207688],[-123.52458964455305,48.73491536868732],[-123.55151006107026,48.74787846966085],[-123.54808643525885,48.7483185735736],[-123.5486867407843,48.75101457057796],[-123.5538394358489,48.75308536386163],[-123.55481273360854,48.75624717493942],[-123.56300363951249,48.76111935400288],[-123.56191854344443,48.7639136749041],[-123.56296972578319,48.76667946943564],[-123.55319533518865,48.77243897375713],[-123.54731782663708,48.77272807118873],[-123.54718751837697,48.77705625910984],[-123.54417412881426,48.77900457059538],[-123.5476641629314,48.78443086554817],[-123.55093374510396,48.78472985557985],[-123.55405724016413,48.787737867825676],[-123.54400194240576,48.7920674561509],[-123.51932755361571,48.78774636825457],[-123.51744444923014,48.788563867220866],[-123.51751494872933,48.79023737037405],[-123.52197163569704,48.79464237139088],[-123.5338886375571,48.79873557155132],[-123.53422144064827,48.80058707159464],[-123.54703214578561,48.80651887336874],[-123.54702724972405,48.808542669318605],[-123.55386504228844,48.813610051537296],[-123.56165542212831,48.81715346464514],[-123.56701552887624,48.817693271292576],[-123.57104225987156,48.82088486494169],[-123.572464735966,48.826168676875085],[-123.56999302048483,48.83032735839537],[-123.5699040362975,48.84411795154302],[-123.5716456524533,48.847610166669355],[-123.57016364158589,48.85032466974835],[-123.56274293914296,48.8522772552448],[-123.56106352373065,48.85431817133532],[-123.56261002978563,48.85729765592886],[-123.54908554888024,48.8660351645975],[-123.52635603443636,48.861040477978975],[-123.54658992476394,48.86599245559553],[-123.55038212179326,48.868574564998404],[-123.57241282422636,48.877750668391776],[-123.57392501408428,48.87880465990917],[-123.5705174443594,48.87785035957046],[-123.57004592170401,48.879435556192384],[-123.58104664427897,48.887251552535865],[-123.57326362447186,48.88653526515865],[-123.59074572421527,48.89656736126317],[-123.59276093402715,48.89954397874762],[-123.58832675233252,48.900744557476365],[-123.59156743290215,48.90823166646428],[-123.58937593618393,48.90771177541645],[-123.59203583635872,48.90980255707251],[-123.59071662928343,48.9101785606066],[-123.59231422637157,48.91264386125786],[-123.5862183298777,48.917614356722986],[-123.58734712740973,48.920847260183685],[-123.59445143577089,48.92717935422652],[-123.5918980427023,48.92712946575649],[-123.59867655757327,48.93331906559506],[-123.59552473342563,48.9359182757037],[-123.59745824536014,48.94219616579491],[-123.59221483309783,48.94112517531112],[-123.59655942608106,48.945879168395095],[-123.59486653067235,48.94483665312605]]]]},"bbox":[-123.60173561700697,48.71359775663921,-123.36654134044174,48.945879168395095]},{"id":"5917029","type":"Feature","properties":{},"geometry":{"type":"MultiPolygon","coordinates":[[[[-123.30457224524926,48.76441355961555],[-123.30461284278734,48.76435086888217],[-123.30484315959293,48.764412163933585],[-123.30466715552892,48.764503265108075],[-123.30457224524926,48.76441355961555]]],[[[-123.31338174245161,48.78490936093694],[-123.31353034836074,48.78491787206596],[-123.31359904536578,48.78505315633509],[-123.31351854456578,48.78508025687964],[-123.31338174245161,48.78490936093694]]],[[[-123.28492393324025,48.87304366128752],[-123.28510191844906,48.87301666332942],[-123.2852252344695,48.87315196718208],[-123.28504754314667,48.87313344958553],[-123.28492393324025,48.87304366128752]]],[[[-123.43814455014939,48.903150051177846],[-123.43823945888927,48.90311306970644],[-123.43841673323841,48.903238364892],[-123.43826884617367,48.90329245146552],[-123.43814455014939,48.903150051177846]]],[[[-123.3262544296418,48.80505195784734],[-123.32632073866799,48.804970757308666],[-123.32654022943537,48.805077551475044],[-123.32647272063116,48.80512315632727],[-123.3262544296418,48.80505195784734]]],[[[-123.36592464524394,48.7206219590778],[-123.36606002927469,48.7205222676211],[-123.36622352355178,48.7205493621569],[-123.36596672735783,48.72069457363623],[-123.36592464524394,48.7206219590778]]],[[[-123.55833802501549,48.94510867145561],[-123.55837915395449,48.94506317115233],[-123.5587079433528,48.945205568771655],[-123.55855702088287,48.945261055170015],[-123.55833802501549,48.94510867145561]]],[[[-123.37688175511992,48.73491816529398],[-123.37717994226414,48.734835565677805],[-123.37724791894001,48.7348711617339],[-123.37703043219781,48.7349708653009],[-123.37688175511992,48.73491816529398]]],[[[-123.28667045021683,48.87327445132844],[-123.28679393762371,48.87321037342494],[-123.28694465596897,48.87339975958782],[-123.28680825750078,48.87339976599425],[-123.28667045021683,48.87327445132844]]],[[[-123.32520913044581,48.88993055952135],[-123.32545523481723,48.88998466601284],[-123.32555155427649,48.890118562332574],[-123.32540101827841,48.89010145807032],[-123.32520913044581,48.88993055952135]]],[[[-123.26502983792014,48.775378573850944],[-123.26520732331595,48.77540415794383],[-123.2652364346339,48.775566577872766],[-123.26509863895343,48.77553947162194],[-123.26502983792014,48.775378573850944]]],[[[-123.37855592705971,48.71530967354457],[-123.37889483148707,48.71518285471295],[-123.37893624625318,48.715245554925296],[-123.37863832902616,48.715372360633644],[-123.37855592705971,48.71530967354457]]],[[[-123.62663203807847,48.980812154893314],[-123.62674054391256,48.98073954887045],[-123.6269488429581,48.980973164145865],[-123.62686803642076,48.98098166100311],[-123.62663203807847,48.980812154893314]]],[[[-123.57072463874725,49.01097696051471],[-123.57084883230958,49.01096835630661],[-123.57102643210635,49.011110876546304],[-123.57090452184954,49.01116496818819],[-123.57072463874725,49.01097696051471]]],[[[-123.3578566287044,48.81625755282597],[-123.35805265583484,48.816283267363666],[-123.35814764101083,48.8164185680696],[-123.35782102135849,48.816347365608664],[-123.3578566287044,48.81625755282597]]],[[[-123.23113063625442,48.73812695376261],[-123.23137674663003,48.73808985403979],[-123.23141804820683,48.73815256353501],[-123.23125372633996,48.73827927033483],[-123.23113063625442,48.73812695376261]]],[[[-123.32712395331036,48.8864440600255],[-123.32715111731811,48.88636285545902],[-123.32753304000991,48.88654236663637],[-123.32747995280094,48.886559468469684],[-123.32712395331036,48.8864440600255]]],[[[-123.40369904031542,48.83486205451474],[-123.40379422486568,48.834797971571284],[-123.40398615252,48.834987370989396],[-123.40382343468815,48.83501447144629],[-123.40369904031542,48.83486205451474]]],[[[-123.34857331497557,48.86190355892643],[-123.34871004003222,48.86185795989568],[-123.34888792856076,48.862018856733904],[-123.34873833426175,48.86206445855067],[-123.34857331497557,48.86190355892643]]],[[[-123.37302672899682,48.84059736940015],[-123.37316272839755,48.84056036826945],[-123.37340882947734,48.840704178739095],[-123.37327164864692,48.840758265215534],[-123.37302672899682,48.84059736940015]]],[[[-123.35200054909107,48.82539676077481],[-123.35220371822784,48.825378261849316],[-123.3522864448401,48.82555765234155],[-123.35206953228285,48.82551356408431],[-123.35200054909107,48.82539676077481]]],[[[-123.38555103715188,48.79974105868718],[-123.38568603426047,48.799686960060946],[-123.38587685387907,48.79980226436977],[-123.3857549439892,48.79987494921461],[-123.38555103715188,48.79974105868718]]],[[[-123.60914845907776,48.97365556633711],[-123.60927055310883,48.973574364495256],[-123.60946144224857,48.973635565636535],[-123.60938083071365,48.9737623574634],[-123.60914845907776,48.97365556633711]]],[[[-123.33831513375074,48.63565446919959],[-123.33851542825433,48.63565645221306],[-123.33854382923523,48.63581885120168],[-123.33834123411744,48.635800374346616],[-123.33831513375074,48.63565446919959]]],[[[-123.37449883035418,48.677791660020816],[-123.37472783733405,48.67770905059755],[-123.37487951879953,48.67785296502027],[-123.37467464097115,48.677852975258446],[-123.37449883035418,48.677791660020816]]],[[[-123.23408244613628,48.74104514778412],[-123.23424584040507,48.741016671441486],[-123.23447844881724,48.7411960617204],[-123.23412403801917,48.74115195861729],[-123.23408244613628,48.74104514778412]]],[[[-123.3855312232716,48.80066826016054],[-123.38573363898237,48.80063975757588],[-123.38592585320599,48.80082775699733],[-123.38581795302647,48.80086476723046],[-123.3855312232716,48.80066826016054]]],[[[-123.2299956310738,48.84065576831788],[-123.23043052908251,48.840745453990245],[-123.23051382929792,48.84087077406509],[-123.23033702860863,48.840862275511824],[-123.2299956310738,48.84065576831788]]],[[[-123.33952064570802,48.66187756475138],[-123.33972413027662,48.661876175144265],[-123.33984635781536,48.66207416077821],[-123.33961542433576,48.66202996490562],[-123.33952064570802,48.66187756475138]]],[[[-123.30847985458627,48.76717366548452],[-123.30856253057428,48.76714657285331],[-123.3091758410276,48.7674869732113],[-123.30903962138773,48.76746846721243],[-123.30847985458627,48.76717366548452]]],[[[-123.30480455586768,48.76458086599115],[-123.30497982901795,48.764511864823426],[-123.30527993011981,48.76467277855092],[-123.30500935098694,48.76469986022722],[-123.30480455586768,48.76458086599115]]],[[[-123.33957131487483,48.67959046034881],[-123.33981564133623,48.67952636807978],[-123.33993795261479,48.67970586939688],[-123.33966594749893,48.67969876347349],[-123.33957131487483,48.67959046034881]]],[[[-123.60855095094516,48.970663258472975],[-123.6087021304697,48.97062627077965],[-123.60885251800214,48.97072455836158],[-123.60864894309071,48.97088827598181],[-123.60855095094516,48.970663258472975]]],[[[-123.2852014370517,48.87370024912246],[-123.2853776263886,48.87362766234913],[-123.28576123052413,48.87378857443312],[-123.28535054174942,48.873798569791845],[-123.2852014370517,48.87370024912246]]],[[[-123.32892374247542,48.892484173739255],[-123.32912764259899,48.89243855880581],[-123.32936112575125,48.892635167199316],[-123.32916932832272,48.8926635520271],[-123.32892374247542,48.892484173739255]]],[[[-123.31102082391158,48.66490837175153],[-123.31121154756714,48.66494396073001],[-123.31121223510125,48.665187461890206],[-123.31104961376435,48.66513335680456],[-123.31102082391158,48.66490837175153]]],[[[-123.57149024031054,49.012107749610635],[-123.57169491901082,49.01206076389113],[-123.57191633940181,49.01232136567547],[-123.57175224083751,49.01230426920722],[-123.57149024031054,49.012107749610635]]],[[[-123.37144584163667,48.80947554865945],[-123.3717744515913,48.80952826854074],[-123.37177482397992,48.80965495335394],[-123.37143313448021,48.80958375936965],[-123.37144584163667,48.80947554865945]]],[[[-123.32448475523921,48.678555061403074],[-123.32473013504108,48.678589266085915],[-123.32501635622597,48.6787687670267],[-123.32455434524321,48.67868046966264],[-123.32448475523921,48.678555061403074]]],[[[-123.24241104120975,48.84627995495218],[-123.24264272503142,48.84636965874316],[-123.24271264213107,48.84661176887111],[-123.24256234087325,48.84657615525277],[-123.24241104120975,48.84627995495218]]],[[[-123.35471002407928,48.81553836725298],[-123.35498122613895,48.81546577008743],[-123.35510424087194,48.81565374738725],[-123.35484643614535,48.81568074906238],[-123.35471002407928,48.81553836725298]]],[[[-123.2556436455045,48.85689317131549],[-123.25587672170882,48.85681196258269],[-123.25606704736768,48.85701845449252],[-123.25593184675677,48.85707256407978],[-123.2556436455045,48.85689317131549]]],[[[-123.30789054852082,48.79552115670857],[-123.30821735025208,48.795475572327966],[-123.30824551755963,48.795654955674635],[-123.30797382717029,48.79566496508811],[-123.30789054852082,48.79552115670857]]],[[[-123.32772904751114,48.88704505888726],[-123.3277812546367,48.886999559494825],[-123.32831494082227,48.88725014851491],[-123.32790554924553,48.88719746719332],[-123.32772904751114,48.88704505888726]]],[[[-123.16997684818789,48.74462986923697],[-123.1701529413177,48.74453865592673],[-123.17060331365705,48.74465545872285],[-123.17049405580224,48.744709665095286],[-123.16997684818789,48.74462986923697]]],[[[-123.37466415806144,48.73481706459665],[-123.37448651442361,48.73473585675673],[-123.37434955123565,48.734610558072866],[-123.37489332204854,48.73473446315606],[-123.37466415806144,48.73481706459665]]],[[[-123.62750765047291,48.981824770329276],[-123.62780533354743,48.98173226656708],[-123.62795962806749,48.982011375569805],[-123.62787884120841,48.982019953675504],[-123.62750765047291,48.981824770329276]]],[[[-123.38830664377903,48.68737946044047],[-123.3885357261835,48.68720006611575],[-123.38859285712125,48.68751476278428],[-123.38851174251403,48.6875318639317],[-123.38830664377903,48.68737946044047]]],[[[-123.35390144128328,48.820812261413685],[-123.3536160268469,48.82083076831002],[-123.35359984568478,48.8205701518605],[-123.3539292414127,48.82070396573396],[-123.35390144128328,48.820812261413685]]],[[[-123.5711271307021,49.011515266120355],[-123.571443521471,49.01161215883749],[-123.57148694468206,49.011845750070734],[-123.571405747257,49.011847150403526],[-123.5711271307021,49.011515266120355]]],[[[-123.27108851892118,48.57545745540966],[-123.27145313105021,48.575388176896595],[-123.27153624360187,48.5755405549698],[-123.27122332253978,48.57558615770583],[-123.27108851892118,48.57545745540966]]],[[[-123.32186383839452,48.810812860032414],[-123.32216314238656,48.810811473769554],[-123.32220666346929,48.81100936790486],[-123.32190675180651,48.81101937001921],[-123.32186383839452,48.810812860032414]]],[[[-123.3870640203927,48.68666455512646],[-123.38725383243265,48.68664606487158],[-123.38737982616853,48.68694226699553],[-123.38701143636628,48.68678135942432],[-123.3870640203927,48.68666455512646]]],[[[-123.57846073334544,48.95507525306408],[-123.57881714492585,48.955146549717156],[-123.57914682722192,48.955360156400246],[-123.57892715006649,48.95533456617765],[-123.57846073334544,48.95507525306408]]],[[[-123.3574254237411,48.72415686850234],[-123.35764302622526,48.72409415321892],[-123.3579970510231,48.72428076342403],[-123.35764424058841,48.724282169572604],[-123.3574254237411,48.72415686850234]]],[[[-123.23003764053429,48.84095336922735],[-123.23050152864141,48.84104166416947],[-123.23066602612687,48.84120266075265],[-123.23046123599808,48.841231168136176],[-123.23003764053429,48.84095336922735]]],[[[-123.102013845693,48.802364455010085],[-123.1022306614928,48.80231886808292],[-123.10269454209394,48.802435673861844],[-123.10239432599212,48.80253535443727],[-123.102013845693,48.802364455010085]]],[[[-123.32420024482445,48.65546157154546],[-123.32450053517233,48.65545296049653],[-123.3245695283511,48.65566805362807],[-123.3243389265657,48.65566806122838],[-123.32420024482445,48.65546157154546]]],[[[-123.33867254668296,48.67929567069137],[-123.33883554277861,48.67924157126927],[-123.33912274699027,48.679475168833626],[-123.33874165219396,48.6794665687958],[-123.33867254668296,48.67929567069137]]],[[[-123.33264112385838,48.73098736579457],[-123.33285924207667,48.73098736172353],[-123.33263053435444,48.73126646246006],[-123.33247864253704,48.731141174200076],[-123.33264112385838,48.73098736579457]]],[[[-123.57630743554887,48.98620035010081],[-123.57657971717435,48.986236964619124],[-123.5767623330821,48.98659587093684],[-123.57645753695557,48.98641786718136],[-123.57630743554887,48.98620035010081]]],[[[-123.28854431989076,48.58404595994029],[-123.28876125761784,48.58395486895074],[-123.28888451919431,48.58421546055267],[-123.28862754463916,48.58429807345473],[-123.28854431989076,48.58404595994029]]],[[[-123.30467062402458,48.59157865583791],[-123.30495411728721,48.59152446128989],[-123.30492845251013,48.591749560818556],[-123.30461754852632,48.59179504951106],[-123.30467062402458,48.59157865583791]]],[[[-123.33627865534851,48.63597836216268],[-123.33665873015292,48.63597696262605],[-123.33682204609597,48.63606665739532],[-123.33645592128462,48.636166356408935],[-123.33627865534851,48.63597836216268]]],[[[-123.32407384867793,48.67813356220001],[-123.3244407236596,48.67815915937415],[-123.32483652601489,48.678391273030634],[-123.32448473545139,48.67834717036541],[-123.32407384867793,48.67813356220001]]],[[[-123.33035865406069,48.66271286626914],[-123.33069923914083,48.66283894860691],[-123.33101373014472,48.663143768955365],[-123.33075413574345,48.66310807450271],[-123.33035865406069,48.66271286626914]]],[[[-123.11719734493752,48.80210807037751],[-123.11749623402824,48.80204397308952],[-123.11774244806682,48.802152258757765],[-123.1175506530017,48.80227755756638],[-123.11719734493752,48.80210807037751]]],[[[-123.37580272478532,48.66859275298439],[-123.37610023744521,48.66855575073232],[-123.37618343245148,48.66865395655435],[-123.3757907291779,48.66879925231077],[-123.37580272478532,48.66859275298439]]],[[[-123.36010793578797,48.72671326465373],[-123.36029775398212,48.72665775966074],[-123.3608445419149,48.726962564160566],[-123.36042274591912,48.72696397104327],[-123.36010793578797,48.72671326465373]]],[[[-123.32896033264406,48.83353466964711],[-123.32927202781086,48.833470561874265],[-123.32939754358381,48.83374836806937],[-123.32889203418624,48.833705550171665],[-123.32896033264406,48.83353466964711]]],[[[-123.40075325026804,48.87563285344743],[-123.40090215049467,48.87557737092998],[-123.40149382322102,48.87611566760302],[-123.4013428332197,48.87610717229357],[-123.40075325026804,48.87563285344743]]],[[[-123.32702344436665,48.88564367053875],[-123.32739074306029,48.88561515152585],[-123.3277074440189,48.8858402650251],[-123.32711933933783,48.88575194823037],[-123.32702344436665,48.88564367053875]]],[[[-123.2733737440127,48.6622877733171],[-123.27356205087084,48.66222366238714],[-123.273983635427,48.66238455770623],[-123.27365882777637,48.66245727172899],[-123.2733737440127,48.6622877733171]]],[[[-123.61138233036331,48.96756275853615],[-123.61157255340858,48.96752576365893],[-123.61212392281074,48.967846166692404],[-123.61174235120139,48.96783056692467],[-123.61138233036331,48.96756275853615]]],[[[-123.35778024589462,48.51525525599215],[-123.35803764224697,48.51524525154888],[-123.35805442716844,48.51557707200108],[-123.35785152828743,48.515622666844294],[-123.35778024589462,48.51525525599215]]],[[[-123.27098723914568,48.80722817349237],[-123.27132653422173,48.807191058787616],[-123.27139472953964,48.80726375673375],[-123.27098773143226,48.80747027717808],[-123.27098723914568,48.80722817349237]]],[[[-123.27736585077866,48.81070315779511],[-123.27763852623472,48.81063906853124],[-123.27792473397716,48.81081007166534],[-123.27746213213264,48.81093676132319],[-123.27736585077866,48.81070315779511]]],[[[-123.3867409441876,48.8678723483128],[-123.38702663423429,48.8677897649743],[-123.38734292787638,48.868094569801904],[-123.38719394459719,48.868131556106015],[-123.3867409441876,48.8678723483128]]],[[[-123.44994563951076,48.90445317081114],[-123.45035436164203,48.90444326844768],[-123.45069904652215,48.90478365462291],[-123.45052183862009,48.904775066302655],[-123.44994563951076,48.90445317081114]]],[[[-123.5681826328007,48.979838078077265],[-123.56851174786229,48.97993485645102],[-123.56878925167459,48.98034786697571],[-123.568473551532,48.98019697010031],[-123.5681826328007,48.979838078077265]]],[[[-123.29173582610076,48.52359115828553],[-123.29215335807504,48.523472968265],[-123.29221004196576,48.523725073540824],[-123.291857839876,48.52381616084325],[-123.29173582610076,48.52359115828553]]],[[[-123.2918133321006,48.82400816583348],[-123.29254802813215,48.82399816120639],[-123.29271215577303,48.82420466835032],[-123.2925347368913,48.824204661641005],[-123.2918133321006,48.82400816583348]]],[[[-123.60838051240512,48.97018755760413],[-123.6087209121527,48.97006935866874],[-123.60884832468834,48.97041836894213],[-123.60849191707865,48.97033146005721],[-123.60838051240512,48.97018755760413]]],[[[-123.36954903393467,48.667893475613944],[-123.36995713920831,48.66782937628193],[-123.37012104544164,48.66798176058868],[-123.36965935989774,48.66812706515248],[-123.36954903393467,48.667893475613944]]],[[[-123.60728755972252,48.96452636424189],[-123.60757193434375,48.96435406832575],[-123.60782353808384,48.96466735995433],[-123.60767425936638,48.964758466728746],[-123.60728755972252,48.96452636424189]]],[[[-123.28858594509347,48.586592459499364],[-123.28881504576064,48.58659104559575],[-123.28879125694833,48.58704105950907],[-123.28857373835676,48.586978461871986],[-123.28858594509347,48.586592459499364]]],[[[-123.59576672664491,48.96187877114266],[-123.59646482443932,48.96202825353612],[-123.59667125440467,48.962214871027555],[-123.59630303906253,48.96221775368769],[-123.59576672664491,48.96187877114266]]],[[[-123.58560332820211,48.95373516041857],[-123.58606733109632,48.95379636118673],[-123.58613924943499,48.954101172227006],[-123.58587904594874,48.95403985457411],[-123.58560332820211,48.95373516041857]]],[[[-123.2971317567899,48.63786686850778],[-123.29749774052256,48.638019261051454],[-123.297309333467,48.638261359491054],[-123.29699703255241,48.638046258983145],[-123.2971317567899,48.63786686850778]]],[[[-123.38788103401295,48.82111706319751],[-123.3882483258464,48.82106145994979],[-123.38845344342484,48.821295068861694],[-123.38816943274288,48.82143885475064],[-123.38788103401295,48.82111706319751]]],[[[-123.3110964476,48.66423326647435],[-123.31142443840676,48.66429586458901],[-123.31135895476204,48.664745962238996],[-123.31109942724697,48.66452095555964],[-123.3110964476,48.66423326647435]]],[[[-123.24363891750046,48.74818606326346],[-123.24331123008564,48.748177550581005],[-123.24283432779146,48.74782716019181],[-123.24369315941865,48.748077866841385],[-123.24363891750046,48.74818606326346]]],[[[-123.35254523047757,48.826137273321535],[-123.35308115239523,48.82626556173747],[-123.35323443128279,48.82651766828717],[-123.35260646209858,48.82633106778421],[-123.35254523047757,48.826137273321535]]],[[[-123.38883513468508,48.82130337592638],[-123.38908303872516,48.82162546815516],[-123.38855225138367,48.82162686636423],[-123.3885911470168,48.82142035730972],[-123.38883513468508,48.82130337592638]]],[[[-123.59393434467995,48.96068245532283],[-123.5942911227389,48.96065395912852],[-123.59493534442943,48.96100147135321],[-123.59436093050266,48.960958765221896],[-123.59393434467995,48.96068245532283]]],[[[-123.39698541199098,48.68169265701191],[-123.39721554735668,48.68166416205328],[-123.39735372422683,48.68207715623477],[-123.39694583072877,48.6820700560405],[-123.39698541199098,48.68169265701191]]],[[[-123.2014592444548,48.73236175826791],[-123.20194712912712,48.73210966047257],[-123.20231624297274,48.73226205222965],[-123.20192164652441,48.732424368263885],[-123.2014592444548,48.73236175826791]]],[[[-123.31253593010386,48.78466007907686],[-123.31231654244819,48.784336858056484],[-123.31291545841738,48.78434396247917],[-123.31283464805917,48.78470427135961],[-123.31253593010386,48.78466007907686]]],[[[-123.55768836181743,48.94326716514037],[-123.55793492756582,48.94323015406408],[-123.5584184421059,48.94368735229328],[-123.55800655409105,48.94358046921837],[-123.55768836181743,48.94326716514037]]],[[[-123.3774727394856,48.73570717287707],[-123.3779357442708,48.7358139592755],[-123.377747836179,48.73622846363783],[-123.37771753465665,48.73590376838692],[-123.3774727394856,48.73570717287707]]],[[[-123.40240715981115,48.835314862870554],[-123.40268082329497,48.835342058528475],[-123.40339373703067,48.8357991530396],[-123.40292833752632,48.83572797488331],[-123.40240715981115,48.835314862870554]]],[[[-123.32280682238785,48.81127715925013],[-123.32307974760128,48.81123155506502],[-123.32354494216145,48.811571973884554],[-123.32301433183162,48.81159195141586],[-123.32280682238785,48.81127715925013]]],[[[-123.1953418209422,48.81374106784798],[-123.19577812999476,48.8137495665636],[-123.19642084703557,48.81423385172401],[-123.1954384190783,48.81383925889823],[-123.1953418209422,48.81374106784798]]],[[[-123.27383544366202,48.8077436641771],[-123.27418875127856,48.80774225899127],[-123.2744623272825,48.80788605707581],[-123.2739326403536,48.8080840529195],[-123.27383544366202,48.8077436641771]]],[[[-123.56937043972142,48.97967997350342],[-123.56969903220167,48.979785358367415],[-123.56999232728924,48.98029665983747],[-123.56956502731718,48.98002885958031],[-123.56937043972142,48.97967997350342]]],[[[-123.33882824334297,48.635763259987215],[-123.33963105098861,48.63582456502853],[-123.33967233276043,48.635968365595765],[-123.33915591879152,48.63604095432699],[-123.33882824334297,48.635763259987215]]],[[[-123.58329071483409,48.95586145907518],[-123.58383772307306,48.95590276828686],[-123.58400484176454,48.95612775146051],[-123.58374613426435,48.95620897419058],[-123.58329071483409,48.95586145907518]]],[[[-123.33994561628532,48.73322475539427],[-123.34034093201181,48.73334017757934],[-123.34030273700702,48.73366347565662],[-123.3399084418102,48.73360216573907],[-123.33994561628532,48.73322475539427]]],[[[-123.33053903637173,48.66327046939417],[-123.33128806291305,48.66343996641413],[-123.33161394453961,48.66373617061476],[-123.33145164012643,48.6637632625961],[-123.33053903637173,48.66327046939417]]],[[[-123.33341602827008,48.73091327499057],[-123.33367404727392,48.73085916512581],[-123.33409813807924,48.731208067116306],[-123.33370322330526,48.73126367207429],[-123.33341602827008,48.73091327499057]]],[[[-123.32326262598154,48.65538316416178],[-123.32395694744315,48.655598258803984],[-123.3240397428541,48.65586745096791],[-123.32345463284224,48.65565377042146],[-123.32326262598154,48.65538316416178]]],[[[-123.45781053729034,48.90646415132833],[-123.45806772726357,48.90637445350986],[-123.45864632653443,48.906794565995895],[-123.45796314139399,48.90671626986159],[-123.45781053729034,48.90646415132833]]],[[[-123.36839315403273,48.71602606152912],[-123.36886641472795,48.715853657622326],[-123.36918033616679,48.715889275304214],[-123.36865172278807,48.71627666691233],[-123.36839315403273,48.71602606152912]]],[[[-123.58157694740632,48.955320251821405],[-123.58187703565505,48.95521205802634],[-123.58259173310145,48.95562216986761],[-123.58207163907151,48.95557945110689],[-123.58157694740632,48.955320251821405]]],[[[-123.21076994536877,48.83875355068405],[-123.21092134981018,48.83872165490989],[-123.21219095231021,48.839466554430494],[-123.21119511867946,48.8390634606515],[-123.21076994536877,48.83875355068405]]],[[[-123.3633846296654,48.67571236281558],[-123.36367013277726,48.67557705927626],[-123.36392803079612,48.67580917443482],[-123.36354952265671,48.67607127000252],[-123.3633846296654,48.67571236281558]]],[[[-123.36774463634171,48.71670257679237],[-123.36768945670616,48.71638776017938],[-123.36824503074301,48.716278172775915],[-123.36828854579046,48.71655725606314],[-123.36774463634171,48.71670257679237]]],[[[-123.59978932362671,48.96477276777699],[-123.6003372475354,48.964751363318925],[-123.60061303388741,48.96508327363823],[-123.59983444960561,48.964960770102046],[-123.59978932362671,48.96477276777699]]],[[[-123.20698104116698,48.81218296574743],[-123.20736311372224,48.812172960954975],[-123.20784184355003,48.81260456407934],[-123.20706472606314,48.81240797329216],[-123.20698104116698,48.81218296574743]]],[[[-123.42542991916893,48.702290966371436],[-123.42601294486032,48.702100154182446],[-123.42623055014633,48.70224256346703],[-123.4256342366273,48.70247896382658],[-123.42542991916893,48.702290966371436]]],[[[-123.26413144196387,48.564690969600754],[-123.26468633600629,48.564562765766546],[-123.26491752708111,48.564896074075754],[-123.2644849569729,48.56489606701233],[-123.26413144196387,48.564690969600754]]],[[[-123.43839594536028,48.897661157064775],[-123.43917412712382,48.89772096404873],[-123.4393545475435,48.898052870371025],[-123.4388358514935,48.89795595533384],[-123.43839594536028,48.897661157064775]]],[[[-123.35969824447,48.724564163632145],[-123.35988933615084,48.724510068835386],[-123.36061174423317,48.724794847680215],[-123.3602044362861,48.72493167585322],[-123.35969824447,48.724564163632145]]],[[[-123.27647445790407,48.67077176235329],[-123.27707322840234,48.670976868644324],[-123.27710295056978,48.6713186511565],[-123.27676183115177,48.671230364854445],[-123.27647445790407,48.67077176235329]]],[[[-123.3540557391842,48.8156565754161],[-123.35416215425869,48.81517947034406],[-123.3546539278647,48.815403060923956],[-123.35450694585413,48.81578195344971],[-123.3540557391842,48.8156565754161]]],[[[-123.2096993490406,48.81380657268888],[-123.20924863616129,48.81359145054143],[-123.20898983506486,48.81336646840509],[-123.21017544828496,48.81361576523661],[-123.2096993490406,48.81380657268888]]],[[[-123.36390863875404,48.7333572683995],[-123.36353931491225,48.73306245744459],[-123.3646005408037,48.733049548264326],[-123.36412675170664,48.733375752328946],[-123.36390863875404,48.7333572683995]]],[[[-123.18933864343356,48.81111476227043],[-123.18958363675898,48.81108775955873],[-123.19043063114331,48.8115363615909],[-123.18996642503909,48.81154635813353],[-123.18933864343356,48.81111476227043]]],[[[-123.38378675737327,48.677337362165005],[-123.38325583383669,48.67715937183861],[-123.38434424924387,48.67748836977624],[-123.38397764162936,48.67752537433132],[-123.38378675737327,48.677337362165005]]],[[[-123.31919182389505,48.81034286058226],[-123.3197503417456,48.81038707525981],[-123.32014705407575,48.810565064962],[-123.3196020245353,48.81073737136241],[-123.31919182389505,48.81034286058226]]],[[[-123.33313382213821,48.66329895647292],[-123.33361023126585,48.663432853634944],[-123.33381501510877,48.66383725749704],[-123.33303951383982,48.66347985832535],[-123.33313382213821,48.66329895647292]]],[[[-123.32311021501047,48.65490755858363],[-123.32395402903697,48.655139670463704],[-123.32403833134087,48.65541736128159],[-123.3232626269617,48.65516817256153],[-123.32311021501047,48.65490755858363]]],[[[-123.31296585115005,48.67631056738159],[-123.31247311322642,48.67588895756581],[-123.31253924117955,48.675663947991964],[-123.3133987562646,48.67611116355866],[-123.31296585115005,48.67631056738159]]],[[[-123.08317023420925,48.77970955113565],[-123.08284212923934,48.77963836327703],[-123.08408054762155,48.7798348579391],[-123.08367293815478,48.77992607541727],[-123.08317023420925,48.77970955113565]]],[[[-123.21643634002007,48.83481645596847],[-123.2172691204938,48.83495896517472],[-123.21758352745607,48.83532776355629],[-123.21721466072094,48.83529216413879],[-123.21643634002007,48.83481645596847]]],[[[-123.23435201404078,48.83407165822567],[-123.23501914279122,48.83405164911626],[-123.23517134363208,48.83440206108939],[-123.2350368383729,48.83455585827348],[-123.23435201404078,48.83407165822567]]],[[[-123.61233015088136,48.967952961158055],[-123.61265901730647,48.967943063211614],[-123.61367813883933,48.96859386965787],[-123.61293582185118,48.96834606601893],[-123.61233015088136,48.967952961158055]]],[[[-123.28133701967377,48.58269585641751],[-123.28166142604586,48.58272286760897],[-123.28174794083208,48.58347776755538],[-123.28135383797564,48.58347055305418],[-123.28133701967377,48.58269585641751]]],[[[-123.23797263789926,48.75230916465246],[-123.2374689355862,48.75224656081297],[-123.23716865195294,48.75209416961555],[-123.23840495998857,48.75205566392409],[-123.23797263789926,48.75230916465246]]],[[[-123.36072143427816,48.72893225056012],[-123.36116935138244,48.728841070193255],[-123.36172024531216,48.72954175564249],[-123.36125643989439,48.72939937090851],[-123.36072143427816,48.72893225056012]]],[[[-123.33460964987955,48.63196065951684],[-123.3346180351679,48.63128697330898],[-123.33470053522092,48.63125994904099],[-123.33520883963651,48.63223835579026],[-123.33460964987955,48.63196065951684]]],[[[-123.2392398493893,48.75282756976816],[-123.23885922779594,48.752891667745565],[-123.23858592269568,48.752666655743255],[-123.23925113000712,48.752350451594495],[-123.2392398493893,48.75282756976816]]],[[[-123.579655422432,48.95559086286796],[-123.57998263805227,48.955572365016366],[-123.58116584328567,48.95630296793762],[-123.57995954099918,48.95586856353622],[-123.579655422432,48.95559086286796]]],[[[-123.38029102144431,48.800981559491646],[-123.3810517490911,48.800925951148734],[-123.38134294992102,48.80143725573448],[-123.38042831674946,48.80124216044305],[-123.38029102144431,48.800981559491646]]],[[[-123.36295943567906,48.67157457338937],[-123.36355975836312,48.6716818608519],[-123.36388662375019,48.67195106092835],[-123.36312673197207,48.67198947645466],[-123.36295943567906,48.67157457338937]]],[[[-123.45919493291547,48.90708946993771],[-123.45964404979647,48.90702385534255],[-123.46027501857627,48.907462561494434],[-123.45944252268555,48.90740276862976],[-123.45919493291547,48.90708946993771]]],[[[-123.20767145843291,48.837207765121065],[-123.2083382184396,48.83734155947632],[-123.20881765839242,48.83797116675594],[-123.20799993370068,48.83763077730584],[-123.20767145843291,48.837207765121065]]],[[[-123.40526463068718,48.70122996185725],[-123.40567392748254,48.70121996174999],[-123.40608522921517,48.701721265461586],[-123.40567774676693,48.7017953603074],[-123.40526463068718,48.70122996185725]]],[[[-123.36956752675827,48.839114752675144],[-123.37037255094597,48.83929135392438],[-123.37053834353456,48.83948075734619],[-123.36962524782872,48.839510668476514],[-123.36956752675827,48.839114752675144]]],[[[-123.56311695076408,48.94621816841015],[-123.562994828271,48.94641756699364],[-123.5620324361665,48.94576525699405],[-123.56263453466912,48.94583507791784],[-123.56387233889117,48.946700961362424],[-123.56311695076408,48.94621816841015]]],[[[-123.39727212807692,48.68369645737438],[-123.3978820186296,48.68355975940894],[-123.3978991522347,48.68405536864846],[-123.39701732672319,48.68405826818707],[-123.39727212807692,48.68369645737438]]],[[[-123.26215172990538,48.760874356786644],[-123.26287253045462,48.76084587354585],[-123.26321384016441,48.76119625631426],[-123.2626160387542,48.76131445701451],[-123.26215172990538,48.760874356786644]]],[[[-123.23534813798673,48.834410573097784],[-123.23594964017408,48.83450035987505],[-123.23653803555557,48.835001663593026],[-123.2353083247594,48.83466267327547],[-123.23534813798673,48.834410573097784]]],[[[-123.28921585524331,48.58284825855859],[-123.28986692736434,48.582953574610904],[-123.2900181514326,48.58339515411193],[-123.28949064112555,48.58347625825934],[-123.28921585524331,48.58284825855859]]],[[[-123.33922341709588,48.67843975591854],[-123.3386371454752,48.67808227029679],[-123.33992985343416,48.67848246495273],[-123.33978284425007,48.678590657950146],[-123.33922341709588,48.67843975591854]]],[[[-123.43492252724758,48.706077976595125],[-123.4357890207183,48.70588566859146],[-123.43603593061317,48.7061007788491],[-123.43519593921233,48.706374150148605],[-123.43492252724758,48.706077976595125]]],[[[-123.28031663479655,48.6310263519405],[-123.28126733549205,48.631239970252345],[-123.28132153963189,48.63148356916859],[-123.28057582303755,48.631539053217026],[-123.28031663479655,48.6310263519405]]],[[[-123.2407872281631,48.753330366626734],[-123.24125563731207,48.75325487221152],[-123.241718943041,48.753703469360765],[-123.2408893386499,48.75373335246237],[-123.2407872281631,48.753330366626734]]],[[[-123.32620862936614,48.80435977392904],[-123.32675202215894,48.804321366470525],[-123.32765453314008,48.80472435907231],[-123.32671533320257,48.80474425462912],[-123.32620862936614,48.80435977392904]]],[[[-123.6167474281116,48.973436755066196],[-123.61745513597032,48.97363847724241],[-123.61825712909953,48.974309267061],[-123.61685505024526,48.9737324699244],[-123.6167474281116,48.973436755066196]]],[[[-123.32305153650644,48.67946657566534],[-123.32358145964689,48.679608967372985],[-123.32461863243033,48.68038947868919],[-123.32490843456743,48.68091925085017],[-123.32305153650644,48.67946657566534]]],[[[-123.60942732383236,48.966359361226154],[-123.61018245638617,48.96663416662953],[-123.61124433902978,48.96750005300469],[-123.60998144630855,48.966923274370146],[-123.60942732383236,48.966359361226154]]],[[[-123.20655992802813,48.805751256461974],[-123.20704943104529,48.80574975504278],[-123.20815694418069,48.80634226715571],[-123.20705232955581,48.80632655668417],[-123.20655992802813,48.805751256461974]]],[[[-123.6173772345068,48.97496157509968],[-123.61814144315412,48.975002870662045],[-123.61924342594104,48.97565365617947],[-123.61822983411203,48.97545147111043],[-123.6173772345068,48.97496157509968]]],[[[-123.5557151530585,48.939013057628614],[-123.55609883488326,48.93900167468191],[-123.55814724362038,48.94037746235827],[-123.55666563969119,48.939746551648554],[-123.5557151530585,48.939013057628614]]],[[[-123.35921213327474,48.72508685462351],[-123.35971753512989,48.72522075433205],[-123.3598828368634,48.725498472516314],[-123.3589731564712,48.72577186118101],[-123.35921213327474,48.72508685462351]]],[[[-123.3518251410709,48.820080152349554],[-123.3525200248826,48.81997056025393],[-123.35327214590065,48.820481862175576],[-123.35248305909931,48.82053736372392],[-123.3518251410709,48.820080152349554]]],[[[-123.35720493596732,48.670545759530214],[-123.3579149271662,48.670683460334594],[-123.35861364642545,48.671293058778005],[-123.35708855446688,48.67078456833284],[-123.35720493596732,48.670545759530214]]],[[[-123.32613952928088,48.65707655062067],[-123.3251585330859,48.65664647758558],[-123.32529104465284,48.65604405168911],[-123.32667973878472,48.656714858928844],[-123.32613952928088,48.65707655062067]]],[[[-123.33480134947662,48.9004824598788],[-123.33404885898344,48.900152065839364],[-123.33644112235476,48.90060356380993],[-123.3350751253373,48.900545171623826],[-123.33480134947662,48.9004824598788]]],[[[-123.09367494621962,48.80024946086874],[-123.09526883250942,48.80031926682326],[-123.09719093506352,48.80096585938785],[-123.09686313306231,48.801019952462205],[-123.09367494621962,48.80024946086874]]],[[[-123.27009022641343,48.57407795634456],[-123.27095834032181,48.57426445829585],[-123.271180750186,48.574966657404204],[-123.27052843720395,48.57500366832295],[-123.27009022641343,48.57407795634456]]],[[[-123.19815133538077,48.83185417550157],[-123.19921542479679,48.832284271589955],[-123.2000356225924,48.832993465333935],[-123.19854805002313,48.83235686773517],[-123.19815133538077,48.83185417550157]]],[[[-123.22870165229095,48.82279335566714],[-123.2293000354861,48.82287305939561],[-123.23087261562189,48.82406515802852],[-123.23023092531126,48.82389566097308],[-123.22870165229095,48.82279335566714]]],[[[-123.20074504678338,48.833333860401034],[-123.20165944405748,48.83359305245514],[-123.2023293412682,48.834248246450855],[-123.20099264762483,48.83385515977222],[-123.20074504678338,48.833333860401034]]],[[[-123.35675504557237,48.67164905221328],[-123.35725394838147,48.67128736057286],[-123.35845634235078,48.67231844975639],[-123.35764163602266,48.67215047560059],[-123.35675504557237,48.67164905221328]]],[[[-123.26774301841218,48.80686636176317],[-123.26997711977474,48.80713126734465],[-123.27045605002526,48.807346359405386],[-123.26946162300496,48.807510167134296],[-123.26774301841218,48.80686636176317]]],[[[-123.38164213773251,48.80136467305648],[-123.38230702606994,48.80109265878605],[-123.38296754880162,48.80213375481284],[-123.38201244810398,48.80193005943798],[-123.38164213773251,48.80136467305648]]],[[[-123.39510744623897,48.68152734655627],[-123.39529272814619,48.6806899624428],[-123.396271335061,48.68077687726346],[-123.39610153401753,48.6816954553231],[-123.39510744623897,48.68152734655627]]],[[[-123.20562313701055,48.80638216797499],[-123.20484552653555,48.80630236749019],[-123.20465323894278,48.80577257225254],[-123.20579733698436,48.8056529695369],[-123.20562313701055,48.80638216797499]]],[[[-123.04087113261808,48.78844135235864],[-123.04204132604544,48.787514252914065],[-123.04239403622518,48.7876580554313],[-123.0412241541278,48.78894416110888],[-123.04087113261808,48.78844135235864]]],[[[-123.57276834280815,49.012748665044455],[-123.57376173218631,49.01338246970353],[-123.57394815516702,49.014164370098506],[-123.57300043104615,49.01373705275339],[-123.57276834280815,49.012748665044455]]],[[[-123.1140670342539,48.76072916791843],[-123.1133314475007,48.760649362474766],[-123.11260961921846,48.76035316571516],[-123.11534362965217,48.76035885351993],[-123.1140670342539,48.76072916791843]]],[[[-123.20469483286482,48.79581457506778],[-123.20601393103819,48.795586653106255],[-123.20654785709107,48.79602676277558],[-123.2061685408838,48.79635996783747],[-123.20469483286482,48.79581457506778]]],[[[-123.37666923742138,48.670002674292114],[-123.3774518588387,48.66944156529901],[-123.37823053438281,48.67005116682387],[-123.3778135441364,48.67067354590118],[-123.37666923742138,48.670002674292114]]],[[[-123.37199962892805,48.841067562524636],[-123.37194863708419,48.84063576325996],[-123.37066163470465,48.83980406301331],[-123.37287614242733,48.840678561406584],[-123.37199962892805,48.841067562524636]]],[[[-123.35660594616238,48.72464765608009],[-123.35666412435906,48.72420386314383],[-123.35883282075758,48.72509685581814],[-123.35811353678237,48.725395875381885],[-123.35660594616238,48.72464765608009]]],[[[-123.1076693463813,48.75967374836881],[-123.11030954626123,48.75966234816052],[-123.1112616476606,48.760138054989866],[-123.10787281391413,48.759836157139794],[-123.1076693463813,48.75967374836881]]],[[[-123.29032983362492,48.585759260389544],[-123.28983545106784,48.58482507080058],[-123.2904299337495,48.58425675813426],[-123.29083084558205,48.585542855009265],[-123.29032983362492,48.585759260389544]]],[[[-123.33246752562816,48.694131652057955],[-123.33344273310102,48.69389386122241],[-123.33404344719102,48.694063250060054],[-123.33301685025008,48.69496626939918],[-123.33246752562816,48.694131652057955]]],[[[-123.56644063684426,48.95023296652048],[-123.56246352083801,48.94765235790353],[-123.56232353019597,48.94743726856628],[-123.56672145855724,48.949827064254976],[-123.56644063684426,48.95023296652048]]],[[[-123.35759464642055,48.817085047224516],[-123.3555855488095,48.81621065115659],[-123.35514702832295,48.815752075862136],[-123.35820524442312,48.81676887471073],[-123.35759464642055,48.817085047224516]]],[[[-123.32904972906938,48.68270665842149],[-123.32966073892729,48.68279497652666],[-123.32991654196849,48.68458376865453],[-123.3289761243193,48.68399276645241],[-123.32904972906938,48.68270665842149]]],[[[-123.43211795600578,48.89589517060598],[-123.4305573511428,48.895261355368255],[-123.4298852331106,48.894778554007225],[-123.43290664527561,48.8955319688864],[-123.43211795600578,48.89589517060598]]],[[[-123.37154304310303,48.7155218589725],[-123.37329061976614,48.714751360726495],[-123.37383863957031,48.715262666788846],[-123.37195492958449,48.71601465949382],[-123.37154304310303,48.7155218589725]]],[[[-123.33021333167474,48.62582947543195],[-123.33260681790563,48.626703858001406],[-123.33282805040044,48.627378956466224],[-123.33155084503072,48.62706706438836],[-123.33021333167474,48.62582947543195]]],[[[-123.38276234723479,48.79870346468961],[-123.38519505428974,48.79967985624753],[-123.38566591448239,48.80050585799501],[-123.38428794952289,48.80010565381139],[-123.38276234723479,48.79870346468961]]],[[[-123.36693656158464,48.71948546593158],[-123.36594495103792,48.71974036343957],[-123.36801095113852,48.717853258980355],[-123.3679560461707,48.7195366708029],[-123.36693656158464,48.71948546593158]]],[[[-123.20614204080289,48.83002256121197],[-123.20910312960561,48.831043766004534],[-123.21154822054397,48.832388160134784],[-123.20817663807088,48.831179064580574],[-123.20614204080289,48.83002256121197]]],[[[-123.3723610476412,48.80964355911312],[-123.37456942492682,48.81005945632248],[-123.3750409517707,48.811064968858815],[-123.37307512989938,48.81039696796274],[-123.3723610476412,48.80964355911312]]],[[[-123.40040552948334,48.82693916680164],[-123.3990639426545,48.82616156744469],[-123.39891263064347,48.82590946460328],[-123.401981529088,48.82633955340928],[-123.40040552948334,48.82693916680164]]],[[[-123.16950162530199,48.74464835684152],[-123.16652134463718,48.74437346956928],[-123.16638384873045,48.74392346676578],[-123.17012473304081,48.74409005351431],[-123.16950162530199,48.74464835684152]]],[[[-123.3267113481083,48.657379956195854],[-123.3283367170966,48.65674616020125],[-123.32936422637091,48.65816467267563],[-123.32789864462627,48.65820456389278],[-123.3267113481083,48.657379956195854]]],[[[-123.27409934684003,48.620921554415425],[-123.2708231465962,48.61986765734618],[-123.27054912264043,48.6192737546568],[-123.27570373514038,48.6213844565291],[-123.27409934684003,48.620921554415425]]],[[[-123.38862123831787,48.69829175793912],[-123.39051151981441,48.70012906012364],[-123.3898689370001,48.70152615215179],[-123.38838962830222,48.6999737702087],[-123.38862123831787,48.69829175793912]]],[[[-123.31232043880414,48.66640795806914],[-123.31160484470422,48.66497957061864],[-123.31199293769073,48.66399686331555],[-123.31391642743446,48.66545807019883],[-123.31232043880414,48.66640795806914]]],[[[-123.39499633189891,48.873745876823264],[-123.39776432952989,48.87530955125422],[-123.39755573054177,48.876498869616604],[-123.39562034488968,48.87511024577538],[-123.39499633189891,48.873745876823264]]],[[[-123.50278173719119,48.93966106134718],[-123.50522914927026,48.940118257160485],[-123.50614434201418,48.94139145928062],[-123.50260944567313,48.94035465365966],[-123.50278173719119,48.93966106134718]]],[[[-123.48438924966581,48.591746657817595],[-123.48600383129812,48.59057025177047],[-123.48737934401579,48.59256135904143],[-123.48629613339263,48.59279917506909],[-123.48438924966581,48.591746657817595]]],[[[-123.3760752580773,48.736323869200426],[-123.37458162669915,48.73656165875348],[-123.37363883599006,48.73602614859982],[-123.37694644694861,48.73470165327291],[-123.3760752580773,48.736323869200426]]],[[[-123.18037735089833,48.82254545896752],[-123.18577983785616,48.82498374925532],[-123.18894913731621,48.827065975786134],[-123.18238362913131,48.8239725623475],[-123.18037735089833,48.82254545896752]]],[[[-123.32619045189938,48.675410462767736],[-123.32913403983825,48.67494324892054],[-123.32952661924486,48.676740661175316],[-123.32698104509201,48.67601006426352],[-123.32619045189938,48.675410462767736]]],[[[-123.20953895674528,48.82773246121182],[-123.21492872898767,48.8294756723663],[-123.2158318416471,48.83035584995544],[-123.21274874112798,48.82962386532034],[-123.20953895674528,48.82773246121182]]],[[[-123.43263713753976,48.900642064735365],[-123.4351768169618,48.90087555800629],[-123.43781424760375,48.90284527166184],[-123.43596753765388,48.90243797288594],[-123.43263713753976,48.900642064735365]]],[[[-123.08597691873817,48.79752925618559],[-123.08758372758851,48.79740246665709],[-123.08934392670382,48.79932515885234],[-123.08552891859014,48.7989591549449],[-123.08597691873817,48.79752925618559]]],[[[-123.37274611970469,48.67050116310666],[-123.37071824107841,48.669985656535786],[-123.37592704402704,48.669051370818174],[-123.37394293342346,48.670694853295394],[-123.37274611970469,48.67050116310666]]],[[[-123.38242483759554,48.81476506890325],[-123.38031893638993,48.81390056464032],[-123.37740445384128,48.81205615974767],[-123.3822625532631,48.81328246579602],[-123.38354103946114,48.81482487103977],[-123.38242483759554,48.81476506890325]]],[[[-123.60903022055274,48.97294625899825],[-123.60730302382919,48.97248765812622],[-123.6061594410095,48.971799748881345],[-123.60919904362734,48.97114605619493],[-123.610947820159,48.973340761055695],[-123.60903022055274,48.97294625899825]]],[[[-123.38629303039137,48.72085265750568],[-123.38540503619872,48.720253074095396],[-123.38565104310788,48.716995956745656],[-123.38799651842304,48.71956096442189],[-123.38629303039137,48.72085265750568]]],[[[-123.30063384233057,48.67018075463316],[-123.29641085830735,48.670344561102645],[-123.29459865002332,48.66931487026547],[-123.29787104759677,48.66890175761882],[-123.30063384233057,48.67018075463316]]],[[[-123.27833632922517,48.66348975397665],[-123.27695304473549,48.663736148221155],[-123.2755458585222,48.66237176888446],[-123.27972652653567,48.66195736890694],[-123.27833632922517,48.66348975397665]]],[[[-123.22161223321626,48.81897355653595],[-123.22435414090762,48.81970705373183],[-123.22841344021938,48.82244297379037],[-123.22236644639453,48.82006165163581],[-123.22161223321626,48.81897355653595]]],[[[-123.39698685890154,48.8252600674395],[-123.39295684338343,48.823842960798615],[-123.38915305198567,48.821759363556616],[-123.39265991969839,48.82252125787939],[-123.39698685890154,48.8252600674395]]],[[[-123.39340551787168,48.68095775909071],[-123.3928877252476,48.680842356748904],[-123.3913620542335,48.67849096809877],[-123.39514131889173,48.67876586427791],[-123.39455036171185,48.681457668520835],[-123.39340551787168,48.68095775909071]]],[[[-123.23330104789088,48.842386156463675],[-123.23750244047322,48.84302416867024],[-123.24164143924239,48.84530155765864],[-123.23763124626316,48.84459797067739],[-123.23330104789088,48.842386156463675]]],[[[-123.58675724110215,48.9531625605455],[-123.58538383259393,48.952648453769775],[-123.58737613420608,48.95241347293182],[-123.5859760489516,48.95071006416625],[-123.59103344095138,48.9555338687662],[-123.58675724110215,48.9531625605455]]],[[[-123.28228922694325,48.631930756129435],[-123.28599666036833,48.632487564871916],[-123.29134732953867,48.63531746014227],[-123.28909302408618,48.635125266270634],[-123.28228922694325,48.631930756129435]]],[[[-123.26731523576389,48.56975686426472],[-123.26576653750513,48.57159556706406],[-123.26396382547193,48.56891087219665],[-123.2646330496584,48.567586357435985],[-123.2667253457718,48.56817456575229],[-123.26963176002683,48.57200146839207],[-123.26731523576389,48.56975686426472]]],[[[-123.4498725287929,48.904013153252244],[-123.44134392556187,48.9008698641991],[-123.44099922439965,48.89893726281536],[-123.44537532230795,48.90011795799376],[-123.4498725287929,48.904013153252244]]],[[[-123.62506042825156,48.980686852280535],[-123.61778393628553,48.97798225630177],[-123.61677192497449,48.97583746042455],[-123.62713565057336,48.98161975331088],[-123.62506042825156,48.980686852280535]]],[[[-123.3986339498626,48.70139656294858],[-123.3945846534896,48.70131256415517],[-123.39840214519602,48.699399868669786],[-123.39519424351651,48.69768366545694],[-123.39574203085796,48.69643176306306],[-123.39953293144107,48.69645456300749],[-123.40066283087366,48.70000505575101],[-123.3986339498626,48.70139656294858]]],[[[-123.3937509342335,48.68684827431588],[-123.39105813043945,48.68663316413859],[-123.39140714127296,48.68431036808907],[-123.38962632855916,48.682364877921636],[-123.39516683811013,48.6838118708408],[-123.3959861251983,48.687902156134065],[-123.3937509342335,48.68684827431588]]],[[[-123.6061926582222,48.9857171619426],[-123.6007775344524,48.98333445713874],[-123.60214093556796,48.98068257738196],[-123.60017013827503,48.98055724963968],[-123.60014252405686,48.979271157664584],[-123.60741964999288,48.98323617340396],[-123.60824863176094,48.986155869392654],[-123.6061926582222,48.9857171619426]]],[[[-123.32100443805659,48.68030976240773],[-123.31514885802453,48.677995364028384],[-123.31580202740804,48.67590605582357],[-123.32280745832733,48.6775695618848],[-123.32374202782911,48.67932125339204],[-123.32204575620503,48.67937116368396],[-123.32220315421517,48.680782557136254],[-123.32100443805659,48.68030976240773]]],[[[-123.33848432710391,48.66529856761783],[-123.33628234476062,48.66497236354511],[-123.33750294564256,48.66492396881338],[-123.3287208310206,48.65922715574811],[-123.33080314763869,48.658033647176396],[-123.33649325149548,48.6622635537183],[-123.34116064943292,48.66363505206115],[-123.34120434319813,48.66590234820199],[-123.33848432710391,48.66529856761783]]],[[[-123.58570943232155,48.96167795056949],[-123.57793502617281,48.95808326321517],[-123.57760553931156,48.95558376761227],[-123.58855511814937,48.95865865818108],[-123.58834392831385,48.96040466229336],[-123.58570943232155,48.96167795056949]]],[[[-123.24276262243623,48.83448605675885],[-123.23841211742689,48.833856562709435],[-123.23989733993122,48.830803064383],[-123.23449745256875,48.82716136933092],[-123.2374488173185,48.82607615984659],[-123.24425302726137,48.829975556753986],[-123.24161793156429,48.83156506187788],[-123.24276262243623,48.83448605675885]]],[[[-123.3243002404196,48.675118465350714],[-123.31934132607708,48.67293655578026],[-123.31439245055692,48.665700161335515],[-123.3254222427416,48.67211054577412],[-123.32646743735147,48.674320872839665],[-123.3243002404196,48.675118465350714]]],[[[-123.32605562446277,48.89402087334493],[-123.32268723086952,48.89433705859436],[-123.31272444024073,48.887302850304316],[-123.31873643229468,48.88873427039894],[-123.3167572382148,48.88646404933882],[-123.3217843246371,48.8877814556309],[-123.326764255282,48.891941569991445],[-123.3258435307518,48.89296976238363],[-123.3272300218426,48.89419746054092],[-123.32605562446277,48.89402087334493]]],[[[-123.29764433203216,48.665250160480596],[-123.29266932784476,48.66447965905501],[-123.28911884846002,48.665667452583236],[-123.28162163303472,48.66339157054377],[-123.28049884332754,48.66171235120682],[-123.30091223235861,48.66213825793617],[-123.29764433203216,48.665250160480596]]],[[[-123.60493092485103,48.970718865704114],[-123.59194443535338,48.96569416947765],[-123.58895824839094,48.963748765590594],[-123.58890325070932,48.96037477142626],[-123.59234844743231,48.95943055367833],[-123.59305374470458,48.961316153652376],[-123.60490634439579,48.96864087405813],[-123.60493092485103,48.970718865704114]]],[[[-123.28190821800936,48.57086496215607],[-123.2783339344126,48.5716111502198],[-123.27242182907827,48.56880126822552],[-123.2719249364299,48.56739836446448],[-123.27382193425856,48.56696255022881],[-123.27351412721528,48.562689963205834],[-123.2718290353025,48.562027669807506],[-123.27766283847424,48.56041265333772],[-123.2816799359951,48.56143666359966],[-123.28109645466266,48.56384075974972],[-123.28503604768298,48.56533325125458],[-123.28666403698001,48.56818167650698],[-123.28478215005805,48.57099306783637],[-123.28190821800936,48.57086496215607]]],[[[-123.57347475092519,48.95631435907988],[-123.54799085650032,48.94313475955499],[-123.54494454722732,48.93921676958974],[-123.53538524517687,48.934152273932064],[-123.53480102494633,48.93305846123862],[-123.54004332504118,48.93432886201894],[-123.5350428413496,48.931527459543354],[-123.5573167287053,48.94296386007203],[-123.54993663985626,48.94002996957942],[-123.57212213245991,48.95395586662208],[-123.57347475092519,48.95631435907988]]],[[[-123.4170369383342,48.70971536048491],[-123.4122359356382,48.7094817590425],[-123.41139682570439,48.70650665660834],[-123.40714243743764,48.70320247576327],[-123.4088908417399,48.700758458336175],[-123.41196913896786,48.70154756068892],[-123.41889994511116,48.69987695709247],[-123.42505033231407,48.702436254403686],[-123.42392633064726,48.70772145447941],[-123.4195572440883,48.71024655210237],[-123.4170369383342,48.70971536048491]]],[[[-123.08830132899543,48.795791754216765],[-123.07221813793943,48.79362545045284],[-123.07207263998353,48.79604526254858],[-123.0760092509745,48.797734366047315],[-123.06128926048291,48.7978055650885],[-123.06323552652988,48.79611357668767],[-123.06117543751986,48.793676760306745],[-123.05108724270937,48.79355574750049],[-123.05941522236417,48.79034836941381],[-123.07004884328128,48.790415366012795],[-123.09442754971207,48.79503975726421],[-123.10220915134792,48.798154460184165],[-123.08830132899543,48.795791754216765]]],[[[-123.37373952035654,48.68907426319019],[-123.36461172886038,48.68561347362169],[-123.37125774525133,48.682191068434165],[-123.37336423564305,48.67885556660533],[-123.37780972205502,48.679201658667516],[-123.37871792337151,48.68059315624062],[-123.38637933602966,48.67886696060429],[-123.38578815266588,48.6814875633464],[-123.38769771510471,48.6858983566666],[-123.38126354839545,48.686782754135415],[-123.38832294875286,48.6911949513861],[-123.37373952035654,48.68907426319019]]],[[[-123.4283265298449,48.893927277011564],[-123.4229118481287,48.89471445128313],[-123.41665781643523,48.892254860603096],[-123.41555772977956,48.89303245592712],[-123.42022713740245,48.89667705977836],[-123.413299939169,48.89370617697086],[-123.40948643124,48.891245069111505],[-123.41377745142428,48.89224626565391],[-123.41443553510032,48.89089475097352],[-123.40075475433316,48.88249616698812],[-123.39701715443465,48.87756126657627],[-123.40053823393797,48.876082955641664],[-123.4033617483069,48.87938426241458],[-123.40549003296493,48.87786465314464],[-123.41145896114655,48.8804524657246],[-123.42507301535255,48.89034355603437],[-123.42618433188514,48.89275045231562],[-123.42792692636363,48.89232175885571],[-123.4283265298449,48.893927277011564]]],[[[-123.2252963295721,48.83221875644034],[-123.21003532704377,48.82566166799487],[-123.20807722669709,48.82344416255921],[-123.18918685449292,48.814363459218164],[-123.19571615605923,48.81542306200466],[-123.19927552899685,48.81283526152652],[-123.20352952094707,48.814032956188484],[-123.20885345069375,48.81665065680436],[-123.20549954565126,48.81619775229888],[-123.20364212797452,48.81823447515394],[-123.20882145706122,48.82220086561923],[-123.21352153382468,48.82215665136139],[-123.21446482259812,48.82003177020751],[-123.2162231438272,48.82005456777134],[-123.2237128203173,48.82262246095375],[-123.2336738168897,48.82884615665983],[-123.23129892794488,48.83063216373365],[-123.23339443995603,48.83338945015338],[-123.2252963295721,48.83221875644034]]],[[[-123.36775184315772,48.73442535040858],[-123.36586633962892,48.734952348476035],[-123.36622063852202,48.73341417355726],[-123.36134122995801,48.729920662762666],[-123.36325373877044,48.729123076674675],[-123.36025383187425,48.726226273588246],[-123.36501913975336,48.72332367385911],[-123.36631934864974,48.720782858967354],[-123.37051822096021,48.72051796805471],[-123.37207953442959,48.718290570086616],[-123.37120432472327,48.71750156246919],[-123.38083964173245,48.718972761054005],[-123.38683034391718,48.72520507413204],[-123.37434301878996,48.73193016320223],[-123.37400554059508,48.734126364355355],[-123.36964655679125,48.733240462665265],[-123.3712142304693,48.73556616194973],[-123.36775184315772,48.73442535040858]]],[[[-123.34396522606102,48.60334607240208],[-123.34459775482249,48.60582496862579],[-123.34620021866431,48.606035760097036],[-123.33974563186037,48.60644166238171],[-123.33711764541303,48.6051627544211],[-123.33373964191883,48.60078325108618],[-123.33392362827125,48.59574446140375],[-123.34799771976223,48.58930695988866],[-123.35121104643146,48.59116846658537],[-123.35252022526834,48.59033666829904],[-123.35342721374192,48.59389575898457],[-123.35715783841644,48.59593527465348],[-123.35641053564733,48.597961952005654],[-123.35458184568418,48.59802175895755],[-123.35608573827626,48.59591246773299],[-123.35301794026292,48.595489455104676],[-123.3525905356538,48.59266675216806],[-123.35050813379262,48.59169116517451],[-123.35583683016358,48.604873676723955],[-123.36504063496766,48.61151046983137],[-123.37839401795189,48.61738676053386],[-123.35800863534874,48.6167771741067],[-123.34396522606102,48.60334607240208]]],[[[-123.32823345228478,48.73078366247241],[-123.32285175296191,48.731213761301674],[-123.3231960488302,48.72964716825971],[-123.3191695392169,48.731717971279],[-123.31077793990775,48.73139896527096],[-123.3049797509183,48.72609806330136],[-123.30584054070644,48.72227265685869],[-123.3036894277613,48.72189095641211],[-123.30295043567429,48.72319836060472],[-123.2999193232255,48.721200166951014],[-123.30190404850374,48.718999766779774],[-123.29507682027509,48.71841446302021],[-123.29137732936353,48.71594055646399],[-123.29038102920912,48.71276745296183],[-123.29345975529849,48.70949457053978],[-123.29536431968086,48.709615654976794],[-123.2960297435982,48.704737765395066],[-123.30132825653216,48.702295264968924],[-123.29819763480025,48.69906517550816],[-123.31084912852101,48.70323235123635],[-123.32068541470214,48.70925105946821],[-123.32506003450563,48.71518435797541],[-123.33285753529788,48.718284862431396],[-123.33281173894683,48.721865263992285],[-123.32486922973982,48.72769885160669],[-123.32633953430916,48.72801926400895],[-123.32599593290615,48.7294506755268],[-123.33104761731519,48.730461858100796],[-123.32823345228478,48.73078366247241]]],[[[-123.40412883712096,48.84945165196434],[-123.39378842922198,48.846492178323416],[-123.37762725059325,48.838134862678835],[-123.37128733658164,48.83770615311141],[-123.36192255245275,48.83181566072075],[-123.3548755461934,48.831406947800986],[-123.3510434473396,48.82704596171955],[-123.35635633868242,48.828720869916125],[-123.35284792034517,48.82588956261672],[-123.35290585194477,48.82453936626074],[-123.35638854261595,48.82380027563856],[-123.35427082915193,48.82096315354534],[-123.36377564306063,48.825918057486234],[-123.3662389308076,48.82557767296862],[-123.36515523301297,48.82265657306717],[-123.35937435508158,48.81831276311354],[-123.36024484223194,48.816348764836356],[-123.36752273662911,48.82043627501721],[-123.36977335548984,48.819124560689616],[-123.37721954042138,48.82184477524946],[-123.37558715977772,48.820285263332735],[-123.37860954078272,48.820058849327246],[-123.36418513122298,48.80921066681961],[-123.37188152016131,48.81125576520279],[-123.38776872558542,48.82065846112486],[-123.38188374042323,48.819076165649626],[-123.38451011876413,48.82214386692028],[-123.40058622360799,48.82917806335199],[-123.39105733750812,48.82673697250388],[-123.38361123860759,48.82225495133776],[-123.38065054388913,48.82156276480434],[-123.37925762816835,48.822925775546466],[-123.38040253391442,48.824802856824085],[-123.39891742391998,48.82998416122793],[-123.40370573381242,48.834124376423894],[-123.40327632691053,48.834998774266964],[-123.40374645451003,48.835599768529995],[-123.39361743977045,48.83185556446937],[-123.39913622721936,48.835075671789305],[-123.40138343053195,48.83847816865998],[-123.40641234142151,48.84016017462119],[-123.40597463563454,48.84159145574862],[-123.40808205050513,48.84280775652514],[-123.39452525417823,48.83975136245284],[-123.40521102581768,48.84996015576896],[-123.40412883712096,48.84945165196434]]],[[[-123.31459873709512,48.62885154780791],[-123.3132639393775,48.6236104641574],[-123.30851753751723,48.61742377389268],[-123.30049814605728,48.61434974677001],[-123.29801213619575,48.61479746471343],[-123.29718584904913,48.61722005646437],[-123.29360032490814,48.61654495329459],[-123.2687483627731,48.60202376598898],[-123.26838805324651,48.60094427006673],[-123.27143465169681,48.599876064116835],[-123.27070252211652,48.5973495565031],[-123.27246981755518,48.5955549643257],[-123.26934845460725,48.59269236682707],[-123.26959272984125,48.59019145792054],[-123.28475896176556,48.593338966379456],[-123.2911147559398,48.58771906205105],[-123.29537944135164,48.588859750317766],[-123.29614022882824,48.593931361350016],[-123.30909782875734,48.601643452120406],[-123.31273034300928,48.61216845344805],[-123.32448635735075,48.62166216434985],[-123.33456043206372,48.6244764645352],[-123.33681301785691,48.62665546058663],[-123.34114653555403,48.63311145740698],[-123.34118863899117,48.63761906686481],[-123.33540265390506,48.63703226876112],[-123.33871584141347,48.63702377183548],[-123.33809805614403,48.635999662138765],[-123.34058894603861,48.637178951274684],[-123.34000812998478,48.63551686007242],[-123.33455344518941,48.635694973191995],[-123.33784994467683,48.63337346477667],[-123.33715135638886,48.632403562642146],[-123.33483772528443,48.633561471025736],[-123.33751275298688,48.63184525689341],[-123.33704104279504,48.63016326637508],[-123.3396352447352,48.634672363158835],[-123.34065383910075,48.634588347459086],[-123.33877903688148,48.63021316945146],[-123.3370260462252,48.62996675303059],[-123.33247054363893,48.62444657110581],[-123.32759662128255,48.624217255889796],[-123.32788054233369,48.6345441617578],[-123.33019362982228,48.63527627324353],[-123.33046164146751,48.6411766747162],[-123.34662174376707,48.65399316833639],[-123.3370809615507,48.648290667659104],[-123.31459873709512,48.62885154780791]]],[[[-123.25690444911285,48.76754256741823],[-123.24578343250919,48.76661397032231],[-123.23098882195582,48.760535466220865],[-123.2102017542284,48.7579305700166],[-123.19720251739608,48.753140961217106],[-123.19039704137793,48.75260396971128],[-123.1892043204513,48.75004186552133],[-123.1733507497697,48.744588556607056],[-123.18735274256039,48.745861751483154],[-123.18886681350939,48.743322459247075],[-123.18123753137962,48.740392870066195],[-123.18444634301142,48.7395511726427],[-123.18354683797428,48.73580975955286],[-123.18768875425495,48.734013761585416],[-123.19154053162285,48.734979353847585],[-123.207835625301,48.73211675304955],[-123.20820261668888,48.7351830632674],[-123.21159223135808,48.73600485301358],[-123.21405364851621,48.73911385799473],[-123.22976104818896,48.74473237274866],[-123.22725673106949,48.74757087922969],[-123.2292064152561,48.74843105714571],[-123.2302727165306,48.752746458096894],[-123.24250994948508,48.75390006755542],[-123.25462514485665,48.76044147063095],[-123.25667624496951,48.76240685955226],[-123.25446064681016,48.76293377064908],[-123.2577130407825,48.7658947685684],[-123.25576064245703,48.76721217437855],[-123.25853692549228,48.76743997457664],[-123.25690444911285,48.76754256741823]]],[[[-123.34517673694546,48.857605249004564],[-123.31764431643698,48.85415726341011],[-123.31316102763776,48.85019366465836],[-123.3105627388694,48.851073858909515],[-123.3107637380725,48.85273737695097],[-123.30154891843046,48.85062945758523],[-123.29769763413553,48.85373426803404],[-123.29698933466729,48.858558051802156],[-123.30363653374177,48.862111454425715],[-123.30470715896952,48.86534726552342],[-123.301700229697,48.868701277333756],[-123.29677724891265,48.87095435259901],[-123.29118764249131,48.871373046498434],[-123.29259934375744,48.87250395399729],[-123.29162442291705,48.87375575544603],[-123.28496382316584,48.87280156269563],[-123.27695675643103,48.86732406820873],[-123.27782353540142,48.866530757466805],[-123.27623504293305,48.8651222720197],[-123.27416658171711,48.8660807728835],[-123.26468342442267,48.862243953959286],[-123.26343563426552,48.863370467861074],[-123.24609733009751,48.856095560953314],[-123.24686845051109,48.85495196597737],[-123.25511203144318,48.85692166708523],[-123.26263223311648,48.86074565352849],[-123.2705125427968,48.86107894964521],[-123.27322823142367,48.85868767561693],[-123.24396775071945,48.846825464321775],[-123.24898494296858,48.847434959369444],[-123.25132081883915,48.845594859240144],[-123.2486399321208,48.838062264936816],[-123.24523314027844,48.83560546473109],[-123.24716323985321,48.83435936606624],[-123.24638392493361,48.83097826980154],[-123.25471343780407,48.82922366059119],[-123.24612742303056,48.82608467145719],[-123.24351254461321,48.823545266232806],[-123.23922872695681,48.82512756079571],[-123.23083913092798,48.82287875203768],[-123.23021613949585,48.82057726238972],[-123.23280523967173,48.81789116123071],[-123.22773584779853,48.814473072462036],[-123.24022492430946,48.816948360404005],[-123.24229703782295,48.82005737058224],[-123.24505625786755,48.81856766673513],[-123.25816651200434,48.81987935707201],[-123.26640243682806,48.823610750282775],[-123.27812964269158,48.82552636731396],[-123.27966892921388,48.82336447045355],[-123.28561446458355,48.826578856891786],[-123.29918564358735,48.826742649246015],[-123.31375475874704,48.83181286534199],[-123.3153403528534,48.83053107208685],[-123.32747072972396,48.832872458367554],[-123.32663714482602,48.834880555619975],[-123.31970693496972,48.833650069252805],[-123.31855773152338,48.834832172920265],[-123.33253283227675,48.84013586252163],[-123.33409973511681,48.84202017383111],[-123.3217472241746,48.84132656580954],[-123.32095134054624,48.84275926436641],[-123.32427414037329,48.84427036685846],[-123.32740691346903,48.84831945704968],[-123.34521953044455,48.855921860482646],[-123.34517673694546,48.857605249004564]]],[[[-123.3225892536988,48.82181206180336],[-123.30685294227885,48.82161266510293],[-123.30011634377709,48.81618787242975],[-123.29556664882195,48.81826007174439],[-123.28900883920254,48.81742117086829],[-123.27664225737583,48.8080242624382],[-123.2792049315711,48.80605746744642],[-123.27585414618297,48.80337567125965],[-123.27787452741124,48.80184176731873],[-123.27792304416923,48.80044607392337],[-123.27451584349645,48.802676359769954],[-123.27170871796577,48.80220635538321],[-123.25598512606221,48.792598661496356],[-123.25044782981006,48.779719551622776],[-123.24464901479448,48.77717735924734],[-123.24459002634578,48.77335476403211],[-123.2396896330791,48.770134560763076],[-123.25254304961732,48.77139356289055],[-123.26027452807378,48.774354576562054],[-123.26202564686025,48.77349575932915],[-123.26636363049656,48.77783955885601],[-123.27119405808459,48.77749636808422],[-123.27335613352412,48.77950585563267],[-123.2730882441736,48.77790506025806],[-123.27620353316308,48.77753766955177],[-123.27361093584422,48.77633846908306],[-123.2752542201294,48.773132561118565],[-123.25969523176161,48.767555352535695],[-123.26017404065094,48.76557426553579],[-123.25694324149691,48.764349473581326],[-123.25792813250676,48.76278135732981],[-123.26794763206023,48.76081597688399],[-123.26436802968942,48.755723056595144],[-123.24003754948765,48.74622356107101],[-123.23929923723408,48.745252251975536],[-123.241373256378,48.74397185974118],[-123.23108204842285,48.739377360725285],[-123.2340909318664,48.73972206447295],[-123.23582344147118,48.73815255567669],[-123.2332243258574,48.737816451533796],[-123.23147581819377,48.736209967005415],[-123.23601991500735,48.73633525741881],[-123.23699764839468,48.7387891550716],[-123.24815732432268,48.74049396790893],[-123.27153302921606,48.749436579359354],[-123.27833922547018,48.7552672608202],[-123.30100071540356,48.76357755990477],[-123.3022344478912,48.76512996512882],[-123.30138543468617,48.766346163932404],[-123.30406474399123,48.76605134674293],[-123.31404884411096,48.769920961972005],[-123.31382604606415,48.7711984544506],[-123.3115578491862,48.76975575465119],[-123.31102264026029,48.77109876724377],[-123.31701461272904,48.7739158579913],[-123.31974144366043,48.77693946501684],[-123.31932933595648,48.778470459446154],[-123.31456342405438,48.77798916868256],[-123.31295093787885,48.77925236710369],[-123.31404793615577,48.780625369619074],[-123.31144984808543,48.78096566320178],[-123.30943384960105,48.778397867016224],[-123.3076971271142,48.77944607494],[-123.31196514881456,48.78494067132924],[-123.31785672346405,48.78879316921455],[-123.31502643461144,48.78905236364211],[-123.31707873682996,48.79044956491581],[-123.31471942888342,48.79230956653692],[-123.30967813896794,48.79390606644685],[-123.31411304808303,48.79548696426196],[-123.30605953673044,48.79433906510109],[-123.30220632166177,48.796463968379065],[-123.30603505048785,48.79935936419989],[-123.31075292544105,48.80029076423808],[-123.31116722233219,48.798967757242046],[-123.32089512477819,48.8018189631427],[-123.32613192984094,48.80522285882284],[-123.32729422319372,48.80808976385054],[-123.31818522479732,48.80836746202062],[-123.31851031534087,48.812440757661875],[-123.32467375179706,48.815599670251785],[-123.3239246142822,48.81773305831636],[-123.327349253317,48.81866876039096],[-123.3225892536988,48.82181206180336]]],[[[-123.20291155608142,48.810777267802465],[-123.1985656361205,48.80894994892732],[-123.19984183037313,48.808155270063004],[-123.19891254433145,48.807501567542495],[-123.19199352938925,48.80745886566394],[-123.18851854110287,48.81035146860137],[-123.18894084858421,48.81389626657502],[-123.13013463394952,48.79681287617465],[-123.10896592183576,48.79331787150736],[-123.10897624125911,48.791725669975],[-123.09930442824701,48.78883736414206],[-123.06474252465998,48.78346376870706],[-123.04962063742003,48.78389387540646],[-123.04533284565672,48.78574105090475],[-123.044392138996,48.78438236628611],[-123.04764392598328,48.781340262997865],[-123.05533274670866,48.77975365978746],[-123.08389363660423,48.78094147258001],[-123.08546782923861,48.77829676337807],[-123.09341531371578,48.777605960254384],[-123.1120519419592,48.77899315488964],[-123.10636883020977,48.77510367126938],[-123.0996554241105,48.77377775528697],[-123.09997073508264,48.774820267710155],[-123.09768291390921,48.77469635990689],[-123.09036993697131,48.772390566137354],[-123.09352824676347,48.77221815413873],[-123.08889594827183,48.77002636761081],[-123.08915211057021,48.76801965685144],[-123.09290454233715,48.76623505738924],[-123.09360805772012,48.76426546468713],[-123.12555341774632,48.76707685609652],[-123.13125172235415,48.766208067877294],[-123.13277274079479,48.76461296977718],[-123.13138163528487,48.76392216128552],[-123.13457815033766,48.762829858226745],[-123.16313203417499,48.76452035570576],[-123.18033294624337,48.76845255536669],[-123.18691822694265,48.772094252033725],[-123.20247232883834,48.77481166092267],[-123.20021075518865,48.7774706611709],[-123.20253344007935,48.77972376693478],[-123.20170230726141,48.783161834137964],[-123.2081344288993,48.78447355415033],[-123.21175443337864,48.787659467815665],[-123.21441302489218,48.79179255868751],[-123.2136135392016,48.79567207481626],[-123.20179174724935,48.795224867715824],[-123.20076513432481,48.78701436900784],[-123.19541043350898,48.79301455972609],[-123.20037283393258,48.79467085084252],[-123.20136284972115,48.79802485836533],[-123.17759103785666,48.79405136430384],[-123.17541942077212,48.79590705914928],[-123.1720681518736,48.795427171171625],[-123.20200753053415,48.804976477766665],[-123.20377604318735,48.80750155990129],[-123.20185444104806,48.80734346074089],[-123.20149614296287,48.80947557320032],[-123.20530251710628,48.81151925753851],[-123.20291155608142,48.810777267802465]]],[[[-123.58351832944523,49.01165055658569],[-123.58223555530435,49.010730569712756],[-123.58027252769978,49.01236987488305],[-123.57784441701997,49.010582460204056],[-123.57597372460667,49.013173065860826],[-123.57205464230118,49.010098248070214],[-123.56998231860545,49.01063936535732],[-123.55379884821893,48.992754162291995],[-123.53800873413857,48.979892151128425],[-123.53207242584385,48.976888459194676],[-123.51378875063862,48.962434152319005],[-123.50704195553952,48.95853326205146],[-123.49428232446631,48.954343253224025],[-123.48919834958089,48.950027862816754],[-123.46649063777976,48.94620957397783],[-123.41485834605975,48.9254189596454],[-123.40634113548653,48.918945963861155],[-123.3979553403282,48.91822815090866],[-123.38178261878565,48.9115628586525],[-123.3628565220085,48.90804366675293],[-123.36168234842289,48.90623916799402],[-123.3543709467914,48.90661375972421],[-123.34480594237768,48.90477075519881],[-123.34386263740296,48.902426575251894],[-123.3407811317003,48.901013777762884],[-123.34196243491127,48.90000256857396],[-123.33885672171922,48.89894156969561],[-123.33863691552774,48.89650465942009],[-123.33542333569589,48.89537957732518],[-123.33676843675119,48.894468071683704],[-123.3344953408698,48.89321476674184],[-123.34186773093927,48.892086767114925],[-123.33155383583943,48.88809617756014],[-123.32457113692422,48.879758857514794],[-123.32293444523019,48.879708948427904],[-123.32627924265532,48.884629670671615],[-123.32505435864573,48.88705226686861],[-123.31205041578957,48.879963958785645],[-123.3134225464735,48.8789612498334],[-123.31230933547326,48.87768667509803],[-123.3159393366648,48.87811816010987],[-123.31904085497534,48.87657147016127],[-123.31051805134919,48.87248396874331],[-123.31468305182989,48.871320370060346],[-123.31111854445474,48.868235565461354],[-123.31427864472846,48.86762455607084],[-123.31347982486506,48.86208585903748],[-123.32863763127071,48.861323866345415],[-123.33386793513363,48.86486157048825],[-123.34681134424537,48.867071969403646],[-123.34969254844435,48.8657859528638],[-123.35049202405692,48.861349453188474],[-123.35414414423938,48.85917905166849],[-123.3716959518536,48.86169706946077],[-123.38382364346093,48.865975346736136],[-123.39222474133585,48.87157815973195],[-123.38689914681714,48.872405649436686],[-123.38726034924369,48.875067456131156],[-123.38900654947413,48.878561052267315],[-123.3959424501436,48.88292625040733],[-123.3991129366881,48.88727016193988],[-123.390676848403,48.88454556621298],[-123.38791535071664,48.88912585513398],[-123.38919093423434,48.89175637503092],[-123.3999079353664,48.89781927124147],[-123.40591633059769,48.896718363789454],[-123.40727914729959,48.89827076486716],[-123.40339481995737,48.893677659769175],[-123.40913264650156,48.89456635711199],[-123.41036123846446,48.896496168929716],[-123.40704053435977,48.90094255605034],[-123.41511875637269,48.90574496290756],[-123.45566845077421,48.92298076869618],[-123.46954254523865,48.926595366986106],[-123.499720127076,48.93804607099974],[-123.50153632605975,48.93946885253821],[-123.50043304454077,48.939760762754425],[-123.5014631227107,48.94169916339067],[-123.5096061331129,48.94348087439573],[-123.51216172045874,48.94227306192891],[-123.52086515254967,48.94522977160324],[-123.55397203825136,48.96528977056884],[-123.56644134913014,48.97579895350728],[-123.56872144440308,48.97921426758608],[-123.56741724981602,48.97869867146105],[-123.5687679394017,48.98079796269862],[-123.57077174074041,48.98041055595953],[-123.57035115007703,48.97940505509141],[-123.57197552887845,48.98050317726317],[-123.57578144381189,48.984684663838095],[-123.57389033640315,48.98408216257924],[-123.57487662885985,48.985624559773846],[-123.57378614248103,48.98588236534279],[-123.57615952889321,48.98659876097661],[-123.57833306077553,48.99006096614719],[-123.58197552978392,48.99074467749313],[-123.58421443584945,48.99512265769566],[-123.58870063991549,48.99875155770121],[-123.5892607380557,49.002185257573814],[-123.58242268107722,49.00257809048724],[-123.58351832944523,49.01165055658569]]]]},"bbox":[-123.62795962806749,48.51524525154888,-123.04087113261808,49.014164370098506]},{"id":"5917030","type":"Feature","properties":{},"geometry":{"type":"MultiPolygon","coordinates":[[[[-123.30576262727342,48.4059443526892],[-123.30591084303309,48.40592576446014],[-123.30599331672597,48.40597135877403],[-123.30583014465398,48.40610666463811],[-123.30576262727342,48.4059443526892]]],[[[-123.30185704314371,48.410380764884444],[-123.30207382868613,48.41036225552275],[-123.30211476203526,48.410551665797065],[-123.30197882970018,48.41056015694468],[-123.30185704314371,48.410380764884444]]],[[[-123.30389204966114,48.42526516435801],[-123.30406734595832,48.425273671008],[-123.30381112811635,48.42553437611121],[-123.3037447430601,48.425490157812376],[-123.30389204966114,48.42526516435801]]],[[[-123.29623695176316,48.45260716228742],[-123.29637364452564,48.452615665764874],[-123.29629385128995,48.45294896505037],[-123.29617193437937,48.45286777784336],[-123.29623695176316,48.45260716228742]]],[[[-123.3264790240638,48.41040355943669],[-123.32661682798901,48.41067724980503],[-123.3263450337828,48.41068265872862],[-123.32630354816654,48.41057447231149],[-123.3264790240638,48.41040355943669]]],[[[-123.29467283796748,48.413602267848574],[-123.29498243074775,48.41352114983822],[-123.29502451863797,48.41364646086667],[-123.29482262134131,48.41378175693987],[-123.29467283796748,48.413602267848574]]],[[[-123.30772062414137,48.410275368665644],[-123.30796423152991,48.4102112571667],[-123.30804653355833,48.41031946588447],[-123.30777764448933,48.41053594953781],[-123.30772062414137,48.410275368665644]]],[[[-123.29164311790935,48.446203859946884],[-123.29185905581888,48.446249457360736],[-123.29163194238924,48.446555648801485],[-123.29150942436829,48.44643886473333],[-123.29164311790935,48.446203859946884]]],[[[-123.29811761603835,48.41094896018666],[-123.29835952260085,48.41093906738407],[-123.29853774708366,48.411154065276335],[-123.29832194405108,48.411218160821356],[-123.29811761603835,48.41094896018666]]],[[[-123.3078578381119,48.41062566627941],[-123.3080874315774,48.41062566911065],[-123.30810484686563,48.41103016379119],[-123.30795433264522,48.41097607279087],[-123.3078578381119,48.41062566627941]]],[[[-123.31526684230688,48.41128936075223],[-123.3155108456406,48.41127936944499],[-123.31562042331969,48.411585665883905],[-123.31539053518914,48.41162265445068],[-123.31526684230688,48.41128936075223]]],[[[-123.30499403184757,48.40611666480631],[-123.30542412982543,48.40595425063206],[-123.30547971893021,48.40599845486356],[-123.30523014315524,48.40632177238563],[-123.30499403184757,48.40611666480631]]],[[[-123.29169722756737,48.44132876368604],[-123.29194033900802,48.44139006336861],[-123.29151054935454,48.44181446257458],[-123.29144181768119,48.44169765906425],[-123.29169722756737,48.44132876368604]]],[[[-123.29161014172271,48.447418754669286],[-123.29175812184582,48.44730195659606],[-123.29217813979214,48.447606751896195],[-123.29193495208375,48.44770635652196],[-123.29161014172271,48.447418754669286]]],[[[-123.30306384960178,48.40213746918369],[-123.30355252332616,48.40222565337596],[-123.30379634059635,48.40256606503429],[-123.30314745445307,48.40237096286453],[-123.30306384960178,48.40213746918369]]],[[[-123.298385148408,48.410534569826154],[-123.29877692113493,48.41056875824811],[-123.29922622099289,48.41099025660034],[-123.29890314066176,48.4111711602151],[-123.298385148408,48.410534569826154]]],[[[-123.29458302237548,48.414429760990046],[-123.29500184020435,48.4143927528909],[-123.29546424511032,48.41500376311192],[-123.29507382507175,48.41507636058063],[-123.29458302237548,48.414429760990046]]],[[[-123.29016884441454,48.44394075160835],[-123.2898345273941,48.44445497105916],[-123.28935773073238,48.44394366111283],[-123.29004454026307,48.44337395635958],[-123.29075323701078,48.444389454045236],[-123.29016884441454,48.44394075160835]]],[[[-123.30518776029446,48.40529416490664],[-123.30454354978197,48.40555125196365],[-123.30271273080814,48.40422526141726],[-123.30446265123258,48.40311446981661],[-123.3074760465244,48.40535467148903],[-123.30518776029446,48.40529416490664]]],[[[-123.29776581871147,48.42698985971396],[-123.29929253077398,48.42717495191319],[-123.300072217438,48.428649059492976],[-123.29878933425351,48.42875017190519],[-123.29776581871147,48.42698985971396]]],[[[-123.30440235081139,48.40209756245385],[-123.30348172908047,48.397169755021494],[-123.30488252918606,48.39445807621585],[-123.30780435248101,48.39704156830508],[-123.30572625367022,48.39980026235204],[-123.30642373365798,48.40144385711089],[-123.30440235081139,48.40209756245385]]],[[[-123.2970878299718,48.4522624646946],[-123.2955442186438,48.45212286378952],[-123.29505812430516,48.449919672261196],[-123.29188571463528,48.4506303605267],[-123.29126275542035,48.44838285829592],[-123.29335254804482,48.44727057105378],[-123.29047443945913,48.4427886470656],[-123.29346563815912,48.441125162233895],[-123.29157034525086,48.43819836688667],[-123.2952799320785,48.43682117760065],[-123.29777593124936,48.43818126641547],[-123.30001563777645,48.43738377387585],[-123.30759214241502,48.427090947997144],[-123.30621201836121,48.424403459281535],[-123.30012983806957,48.42477946324614],[-123.30181005110128,48.422976465043405],[-123.296789147609,48.41947146626559],[-123.29614932790575,48.41415636465031],[-123.29372922703936,48.41156285533398],[-123.29843524949656,48.412054150978946],[-123.30351455975723,48.40950346476839],[-123.30719464825833,48.410312372530655],[-123.30934492293159,48.412996965729945],[-123.31423601670141,48.41286735573525],[-123.31748112485927,48.41077096488808],[-123.31616905655254,48.40842675823983],[-123.32269214115212,48.405907254837444],[-123.32536794563924,48.407986672412555],[-123.32415162749096,48.40997905792479],[-123.32742509506602,48.413226688985375],[-123.32348218817769,48.41317840085292],[-123.32316148385398,48.41557919528333],[-123.3205624534759,48.46721972213766],[-123.29872964108206,48.45592281936539],[-123.29934042984947,48.453454553025225],[-123.2970878299718,48.4522624646946]]]]},"bbox":[-123.32742509506602,48.39445807621585,-123.28935773073238,48.46721972213766]},{"id":"5917034","type":"Feature","properties":{},"geometry":{"type":"MultiPolygon","coordinates":[[[[-123.39094585068638,48.42931987082798],[-123.39110874409396,48.429382555632884],[-123.39090641933863,48.42950075504363],[-123.39095914615893,48.42939246163152],[-123.39094585068638,48.42931987082798]]],[[[-123.38878285017418,48.42766345313204],[-123.38902623211807,48.427662062911494],[-123.38906893614858,48.42772477129539],[-123.3887981260429,48.42778026695881],[-123.38878285017418,48.42766345313204]]],[[[-123.38406434040401,48.42563685420698],[-123.3843213355149,48.42558275533715],[-123.38437533469387,48.42568105994252],[-123.38410633840562,48.42584336296409],[-123.38406434040401,48.42563685420698]]],[[[-123.38115044048833,48.439124175179415],[-123.38136534153624,48.43893327513843],[-123.38156954820487,48.43905005038566],[-123.38130154456508,48.439276569676686],[-123.38115044048833,48.439124175179415]]],[[[-123.38826773453043,48.42730457712652],[-123.387887061151,48.42694716659369],[-123.38870822163332,48.42669215436534],[-123.38890153016533,48.42703257649789],[-123.38826773453043,48.42730457712652]]],[[[-123.38575094349551,48.437812454201534],[-123.38105624573069,48.43726976488061],[-123.37272782538771,48.4279868538771],[-123.37593914372077,48.42555566479555],[-123.38032392314756,48.426108269477034],[-123.38467053521464,48.428945276061896],[-123.389662731174,48.42757947277262],[-123.39180335080965,48.43017156242899],[-123.3942306910321,48.42869278879249],[-123.39282271268421,48.441931991256645],[-123.38575094349551,48.437812454201534]]],[[[-123.36401708133705,48.448713748602565],[-123.34809267794414,48.45047752008015],[-123.3481440874818,48.448442509422385],[-123.33247528212024,48.448143817949905],[-123.33300868868864,48.43894521923438],[-123.32811768976603,48.43877081047077],[-123.32919280158156,48.43364399750271],[-123.322355314695,48.43354195277671],[-123.32348218817769,48.41317840085292],[-123.32742509506602,48.413226688985375],[-123.32667491471177,48.41124637928942],[-123.33006352555056,48.411131251870664],[-123.32967154023852,48.40912597496166],[-123.33192362702975,48.40813046558296],[-123.3386133441005,48.410332369752894],[-123.34407562372111,48.40898497089835],[-123.34916435159319,48.406045459778504],[-123.34891314857782,48.40289796469718],[-123.35564412705024,48.40707796933743],[-123.36465161909892,48.406392963451694],[-123.36656853137522,48.40800657043623],[-123.3765360455745,48.40926126370107],[-123.38395643289675,48.41497666516771],[-123.39148175204683,48.41460016551584],[-123.38816992557675,48.41627575626389],[-123.39139042609251,48.41679565705121],[-123.38813483164608,48.41698665701934],[-123.38614903313682,48.418856155669985],[-123.38907794000046,48.42022206938367],[-123.38668242640092,48.42162486331505],[-123.38753674015985,48.42358316488181],[-123.37933514950016,48.42227855607912],[-123.37614775317915,48.42437645906467],[-123.36918853554977,48.42099817105947],[-123.36883471540627,48.42253775806615],[-123.37129853439983,48.42309745241269],[-123.37008275246258,48.42311036426978],[-123.37182484014535,48.43412516223695],[-123.36856694256801,48.43395565144929],[-123.37102584478883,48.43569315700801],[-123.37743642411948,48.43417925660716],[-123.37835531305593,48.43788215688477],[-123.37464032030037,48.43827245531923],[-123.3793891315893,48.43853595966771],[-123.3813256243534,48.440814668692944],[-123.37990471794448,48.44249235540744],[-123.38757234982297,48.440676552735695],[-123.39156929490585,48.44287287582247],[-123.38462981539081,48.44945018497589],[-123.37962471412393,48.446959298794546],[-123.36401708133705,48.448713748602565]]]]},"bbox":[-123.3942306910321,48.40289796469718,-123.322355314695,48.45047752008015]},{"id":"5917040","type":"Feature","properties":{},"geometry":{"type":"MultiPolygon","coordinates":[[[[-123.40296304961782,48.41892454985823],[-123.40309763083535,48.418914568421826],[-123.40315255537956,48.419139668564874],[-123.40299012328326,48.41913105688076],[-123.40296304961782,48.41892454985823]]],[[[-123.39437403062361,48.42338947485233],[-123.39468422326861,48.42330686808191],[-123.39475211861982,48.42333395941588],[-123.39437512500913,48.423479162179746],[-123.39437403062361,48.42338947485233]]],[[[-123.43320505326724,48.43899305804746],[-123.4333786343689,48.43883926424096],[-123.43302566323075,48.43916690426905],[-123.43307071462897,48.43911985631742],[-123.43320505326724,48.43899305804746]]],[[[-123.43072246243243,48.42673066588977],[-123.43086932414603,48.42664095386074],[-123.43104712640677,48.42676625756429],[-123.4308307278741,48.42683887315767],[-123.43072246243243,48.42673066588977]]],[[[-123.4152402545867,48.41952846554075],[-123.41535972623404,48.41938315298411],[-123.41564405994204,48.41931906731065],[-123.41560272887173,48.41943725487193],[-123.4152402545867,48.41952846554075]]],[[[-123.40115873382746,48.41972215505694],[-123.40149423855331,48.419585372162054],[-123.40156372008626,48.41973776077011],[-123.40142963006642,48.419801859808594],[-123.40115873382746,48.41972215505694]]],[[[-123.43859704740284,48.42612534899492],[-123.43884052710101,48.42607977050826],[-123.43899103117054,48.426240765991444],[-123.43873453547418,48.42630485573332],[-123.43859704740284,48.42612534899492]]],[[[-123.434255238435,48.425908854753466],[-123.43456692262819,48.42579066217378],[-123.43469022074213,48.425987265331194],[-123.43445953371067,48.42605125200563],[-123.434255238435,48.425908854753466]]],[[[-123.41565815386313,48.41954405538446],[-123.41591382678897,48.41946286403803],[-123.41588963172269,48.419804770533894],[-123.41567434320852,48.41978767237462],[-123.41565815386313,48.41954405538446]]],[[[-123.42975113680076,48.42551155549659],[-123.43003425816282,48.425401865843064],[-123.4301195500181,48.42576215046803],[-123.42994353035799,48.42576217226757],[-123.42975113680076,48.42551155549659]]],[[[-123.43151113086908,48.42750255192028],[-123.43168774872245,48.42736584966341],[-123.43183791838248,48.427582361368934],[-123.4315132253272,48.42774466977975],[-123.43151113086908,48.42750255192028]]],[[[-123.41037884185835,48.41681955780557],[-123.41062194338127,48.416701373360304],[-123.41087912517314,48.416764070640106],[-123.41059625474185,48.417016166852456],[-123.41037884185835,48.41681955780557]]],[[[-123.40240494850278,48.41844885884805],[-123.40209385602476,48.4185585568557],[-123.40194534231063,48.418504452457114],[-123.40272874145536,48.41835775746531],[-123.40240494850278,48.41844885884805]]],[[[-123.39301513378736,48.424085853176614],[-123.39352794830832,48.423976266820034],[-123.39361085697591,48.42433656789684],[-123.39296494056971,48.42462566065384],[-123.39301513378736,48.424085853176614]]],[[[-123.4020867237495,48.41756015791742],[-123.40258695007034,48.41754874996641],[-123.40273594113576,48.41768265310058],[-123.40194342834637,48.418108456120066],[-123.4020867237495,48.41756015791742]]],[[[-123.42989283677927,48.42346354811863],[-123.42959663241766,48.4232712772732],[-123.43093243398108,48.42292516204757],[-123.4303075309344,48.42398906593842],[-123.42989283677927,48.42346354811863]]],[[[-123.43491684886068,48.425618366146324],[-123.43387424392827,48.425595573051545],[-123.4334104402232,48.42502016872093],[-123.435095728101,48.424564456941724],[-123.43491684886068,48.425618366146324]]],[[[-123.42038064568857,48.451177145204696],[-123.40974553037444,48.44902946700195],[-123.40779394535618,48.446688060412086],[-123.4000809380621,48.446238058467806],[-123.39838415860287,48.443517863237545],[-123.3922523684514,48.44234554149986],[-123.39399954654097,48.43980386243534],[-123.39413371382689,48.42861417126118],[-123.3981780243529,48.42755955604038],[-123.39452915699124,48.425988662249104],[-123.39579323308097,48.425065763349046],[-123.3940400326068,48.423849452557164],[-123.3981234487725,48.423960549970914],[-123.39636812122038,48.420781766926936],[-123.39714073692994,48.41931337149727],[-123.39927183455038,48.42042996947243],[-123.40337144566963,48.419479964755176],[-123.40376452480878,48.41790486226488],[-123.40988002387384,48.41683956897703],[-123.41357824756571,48.41967794925134],[-123.41172134417309,48.41901854559924],[-123.41124763516494,48.42075757460216],[-123.41447412651208,48.42003406892272],[-123.41489604841398,48.422255765531375],[-123.42016453189558,48.42194816047716],[-123.41809694988608,48.423547571977025],[-123.41968685390849,48.424523169298155],[-123.41918644236286,48.426143846609826],[-123.42438163613981,48.42518116836359],[-123.43212714288013,48.428210459391345],[-123.43321135747199,48.42693716102908],[-123.43741003639315,48.4280110654338],[-123.43746804881921,48.429999247417925],[-123.43940864286348,48.430809559506436],[-123.4385459361368,48.43276505472792],[-123.43398884773313,48.432567051268805],[-123.43411863533443,48.433636649794835],[-123.4337937238166,48.432027260496135],[-123.43250583860588,48.43303986555273],[-123.43000965901936,48.432104161694454],[-123.43186171484311,48.43211555667262],[-123.43006523196506,48.43061165618066],[-123.4251880486827,48.43268096180831],[-123.42651742150609,48.433934258649984],[-123.42041524829345,48.432572749816885],[-123.4203455360133,48.43393147216181],[-123.42392031617956,48.434700561862655],[-123.42286124185497,48.43572167447529],[-123.42871363610364,48.435375551950166],[-123.42714024114863,48.43656054646601],[-123.43203353142802,48.437909269151575],[-123.43154668287248,48.43939523502162],[-123.41235505389318,48.44659132124216],[-123.4247505347353,48.45103194745211],[-123.42038064568857,48.451177145204696]]]]},"bbox":[-123.43940864286348,48.416701373360304,-123.3922523684514,48.451177145204696]},{"id":"5917041","type":"Feature","properties":{},"geometry":{"type":"MultiPolygon","coordinates":[[[[-123.44912634075614,48.43056605557891],[-123.44923264311606,48.430483464235095],[-123.44936843736967,48.4305190572003],[-123.449181140879,48.43065575350153],[-123.44912634075614,48.43056605557891]]],[[[-123.46259623742795,48.428298767753105],[-123.46271796144174,48.42828876762239],[-123.4628004478007,48.42847815107601],[-123.46270524586923,48.42846105765734],[-123.46259623742795,48.428298767753105]]],[[[-123.44935046372038,48.4483059659729],[-123.44945784371477,48.44830595656843],[-123.44963445403582,48.448429968051656],[-123.44937731362174,48.44845835690963],[-123.44935046372038,48.4483059659729]]],[[[-123.45188824567695,48.453962953284005],[-123.45195664469819,48.454106761481974],[-123.45172732905094,48.454179471827054],[-123.45176773257423,48.45406267152298],[-123.45188824567695,48.453962953284005]]],[[[-123.45827582969937,48.430313958138306],[-123.45854595084911,48.43020425013341],[-123.4584952428058,48.430717062433786],[-123.4583335313192,48.43068146673287],[-123.45827582969937,48.430313958138306]]],[[[-123.45775674403679,48.431179851689635],[-123.45737732800991,48.431189854724025],[-123.45833684409536,48.43105025166458],[-123.45825814521984,48.43127675048899],[-123.45775674403679,48.431179851689635]]],[[[-123.44837482775115,48.44665397529442],[-123.44879446184315,48.446633964254474],[-123.44882312987819,48.446948757129974],[-123.44828422112585,48.44711396086815],[-123.44837482775115,48.44665397529442]]],[[[-123.44881472158112,48.44748846476218],[-123.44917872151522,48.44729905887114],[-123.44950933454408,48.448052457986925],[-123.44868524177022,48.44807385369387],[-123.44881472158112,48.44748846476218]]],[[[-123.45107064434325,48.45315686176926],[-123.45169463036376,48.4533790728035],[-123.45140184499863,48.45406405642111],[-123.4508877307376,48.45402135175971],[-123.45107064434325,48.45315686176926]]],[[[-123.49506184431172,48.4446403977739],[-123.49143997953567,48.446049600088884],[-123.4871261902372,48.444554832817836],[-123.4865592406967,48.44621721458768],[-123.48073491462789,48.445267968293564],[-123.47971024663248,48.44742574494719],[-123.47720035197995,48.44619676865164],[-123.47003173016788,48.447350359323025],[-123.46808607984445,48.4491508663389],[-123.4684810685339,48.44755478635974],[-123.45601902073122,48.45387892812229],[-123.4532747399891,48.45025146182069],[-123.44991194309567,48.44921176693752],[-123.45123752436128,48.44615685259369],[-123.44965614934614,48.44461585001765],[-123.45119603796516,48.443116172469225],[-123.44716601874387,48.441404861429994],[-123.45100093548592,48.442344269831615],[-123.4509223612557,48.441137966094495],[-123.4465398574561,48.43938315814531],[-123.44670975517914,48.4370518650216],[-123.44956842496839,48.43471046749259],[-123.44871566019327,48.43154736633462],[-123.44704635231417,48.4308708627188],[-123.44784761941652,48.429787056483804],[-123.44888691839265,48.43119555882124],[-123.4569705537575,48.431055965459265],[-123.45867344531432,48.43257845411841],[-123.47272142590167,48.4297955651345],[-123.47487064719225,48.426925759546734],[-123.47120376339977,48.42211056719556],[-123.47259263404091,48.41740776321644],[-123.46163002659034,48.427502562394885],[-123.45741164064778,48.4304335592434],[-123.45467063087506,48.43090357375339],[-123.46998634532527,48.4189658493603],[-123.48580665800726,48.40034864821527],[-123.49843424959715,48.39829948295715],[-123.5180279062024,48.40275550167053],[-123.51119736740426,48.41459533462663],[-123.51384017977739,48.41772414218627],[-123.51570486706095,48.41754104825826],[-123.51138435697119,48.42867393914196],[-123.51758812636429,48.43018632549719],[-123.51382753045193,48.43647487918759],[-123.50204326837944,48.43826495402162],[-123.50201269720371,48.440777410333176],[-123.49506184431172,48.4446403977739]]]]},"bbox":[-123.5180279062024,48.39829948295715,-123.4465398574561,48.454179471827054]},{"id":"5917042","type":"Feature","properties":{},"geometry":{"type":"MultiPolygon","coordinates":[[[[-123.5155078360533,48.38833687389486],[-123.51570905402639,48.38828986416291],[-123.51584464973776,48.38834395231841],[-123.51571153972233,48.3884065472006],[-123.5155078360533,48.38833687389486]]],[[[-123.5471678377282,48.31645987538837],[-123.54726252919194,48.316404265520546],[-123.54739853074474,48.316449851389],[-123.54706203116015,48.31662216401354],[-123.5471678377282,48.31645987538837]]],[[[-123.50465264045647,48.3847050477929],[-123.50474473072863,48.384551258172785],[-123.50485202931777,48.38453275221076],[-123.5047078549952,48.38489306392072],[-123.50465264045647,48.3847050477929]]],[[[-123.50468875066507,48.38300455417785],[-123.50491975960308,48.382994563028525],[-123.5049070461558,48.38317407022207],[-123.50469174974056,48.38317546089386],[-123.50468875066507,48.38300455417785]]],[[[-123.50426574510483,48.38655087122416],[-123.50448073222435,48.38643267044363],[-123.50461693964988,48.38652236120949],[-123.50442914828969,48.3866491604107],[-123.50426574510483,48.38655087122416]]],[[[-123.50358294371235,48.387120572559496],[-123.50382354463872,48.38706494831575],[-123.50389303721134,48.38721735412554],[-123.5037854546794,48.387317069519035],[-123.50358294371235,48.387120572559496]]],[[[-123.59194224522135,48.31346617380304],[-123.59209025401489,48.31340346606118],[-123.59234724644504,48.31342905529124],[-123.59193084270042,48.313609972426974],[-123.59194224522135,48.31346617380304]]],[[[-123.55194075746567,48.33991796976724],[-123.552142662738,48.339818266820316],[-123.55233193997516,48.33997067614095],[-123.55218444895961,48.34004326683232],[-123.55194075746567,48.33991796976724]]],[[[-123.50714361802419,48.38258015575674],[-123.50734663201077,48.38261435069858],[-123.50726702989468,48.382849351007906],[-123.50703655872434,48.382759666729335],[-123.50714361802419,48.38258015575674]]],[[[-123.55493023542863,48.31200486302318],[-123.55509072613059,48.31191375303214],[-123.55552385069792,48.311974962034284],[-123.55526815816157,48.312111760635624],[-123.55493023542863,48.31200486302318]]],[[[-123.56697445642246,48.312080359873406],[-123.5672015334404,48.31192656786346],[-123.56741983942298,48.31197066433171],[-123.56719405644833,48.312286863580226],[-123.56697445642246,48.312080359873406]]],[[[-123.54978164679329,48.314827664618086],[-123.55005263092727,48.314898866521254],[-123.5496247205792,48.315314755657354],[-123.5496109377206,48.31525065236528],[-123.54978164679329,48.314827664618086]]],[[[-123.50172864895602,48.385441970217215],[-123.50205193121639,48.385481250684876],[-123.50155645183945,48.385870061415844],[-123.50154143859916,48.385672147990384],[-123.50172864895602,48.385441970217215]]],[[[-123.54708464844204,48.317493761043124],[-123.54710783932687,48.31714345678703],[-123.5479839500649,48.31704085987781],[-123.54795834993945,48.31715766377152],[-123.54708464844204,48.317493761043124]]],[[[-123.50243734671099,48.38541867331576],[-123.50256865138603,48.385793161518656],[-123.5021556451962,48.38629025315552],[-123.5020034566656,48.385850167766925],[-123.50243734671099,48.38541867331576]]],[[[-123.47986373872573,48.38422656661923],[-123.48044513707357,48.38439455473308],[-123.48022132757193,48.384908770800294],[-123.4798287171506,48.38474785804987],[-123.47986373872573,48.38422656661923]]],[[[-123.58784595577525,48.30785615598777],[-123.58887627435732,48.307928496432176],[-123.58890022052775,48.30809256184524],[-123.58762212779658,48.30835175242914],[-123.58784595577525,48.30785615598777]]],[[[-123.54941645828848,48.31354305960937],[-123.55030284806328,48.31323255505769],[-123.54894453326902,48.31486755385611],[-123.5489281300852,48.31458837307899],[-123.54941645828848,48.31354305960937]]],[[[-123.50367234749824,48.383898963245244],[-123.50451062724129,48.384012962763364],[-123.50399212248445,48.38485175688998],[-123.50353093773705,48.3846466722228],[-123.50367234749824,48.383898963245244]]],[[[-123.56766292519315,48.31204196925913],[-123.56945333907603,48.311862469423225],[-123.5696468536181,48.31215727047711],[-123.56842223463144,48.312442159943984],[-123.56766292519315,48.31204196925913]]],[[[-123.58370633542835,48.310242772351785],[-123.58276144853119,48.31032004956574],[-123.58491152164314,48.30956235572987],[-123.58455134412493,48.30993266006982],[-123.58370633542835,48.310242772351785]]],[[[-123.54257644903008,48.317164770423716],[-123.54024334797953,48.31837255782038],[-123.53741265449352,48.31739556491207],[-123.54132442031045,48.314813458228066],[-123.53804884660853,48.31504557352859],[-123.53766744091438,48.31340917455566],[-123.53944054515758,48.312627256638585],[-123.5422097350933,48.31431496740469],[-123.54446743838608,48.309841573638394],[-123.54894953655322,48.310224664632734],[-123.54681761937759,48.311476563354965],[-123.5468880453681,48.31416685172348],[-123.54119632479834,48.31539026407541],[-123.54257644903008,48.317164770423716]]],[[[-123.59311756017601,48.42481212265697],[-123.57523324371446,48.42597008915053],[-123.56474901667436,48.422858512893896],[-123.56637702267967,48.42042380811713],[-123.56331443404231,48.419456452759924],[-123.56439162710814,48.41774106086797],[-123.5608541311428,48.41685947496305],[-123.55641745033846,48.41067402375091],[-123.54548508839383,48.40809114022557],[-123.54490298530845,48.40940391068757],[-123.54016621333191,48.409190429427284],[-123.53355381413822,48.406538751167865],[-123.5289206689517,48.40700154776857],[-123.52521723633772,48.404572076098226],[-123.49843424959715,48.39829948295715],[-123.48580665800726,48.40034864821527],[-123.48889204068885,48.3933457482445],[-123.48299394651825,48.38964706043413],[-123.47953175495213,48.390659656829534],[-123.47727523336508,48.387574857599226],[-123.48362053600607,48.38446155797874],[-123.50432934388881,48.38761186911871],[-123.50643432747482,48.38317687053741],[-123.5106546504679,48.3867117574954],[-123.51535672985538,48.38951607657803],[-123.51832043786943,48.38745096378395],[-123.52224894471057,48.3884863579723],[-123.52091744030771,48.386431256645395],[-123.51085134174056,48.386089452928594],[-123.5205875581706,48.379127862464934],[-123.52451114937442,48.37328006142249],[-123.53009194126045,48.369844851418975],[-123.53499363098217,48.36077127280833],[-123.54381163058507,48.356007265261134],[-123.54445205054348,48.35398916616377],[-123.54500992608298,48.35063946263278],[-123.53990973397377,48.34688515098454],[-123.54098254933702,48.342390367436664],[-123.53924273886935,48.341273847993904],[-123.54001533772606,48.340254047651094],[-123.53681174626523,48.341041645403195],[-123.5365833340986,48.33986527521568],[-123.53141104426086,48.3433346663033],[-123.52702033142056,48.34303127525939],[-123.52752983537697,48.34136355612594],[-123.53333693661708,48.33925854860086],[-123.53466522695395,48.33724615750428],[-123.53933502719565,48.33842965553304],[-123.54162905327262,48.337340157868496],[-123.54661753944198,48.34066287277774],[-123.55276583000276,48.34011166300933],[-123.55606642771089,48.343442851685964],[-123.56999221425923,48.34813425694139],[-123.5736022520832,48.351039658707215],[-123.57486002363959,48.35120485374858],[-123.57100143216554,48.347705575368984],[-123.57901014945384,48.34948296130234],[-123.55970315152435,48.34278636306615],[-123.55972934694144,48.340239854880465],[-123.5543427548688,48.33744986156052],[-123.55319173441292,48.33341647673951],[-123.55084125416765,48.33315726663503],[-123.5511901483875,48.33169034863912],[-123.54771484654401,48.33213755139864],[-123.54787053984768,48.33045557165833],[-123.5448819194682,48.32969496368586],[-123.53982555441006,48.324923868826254],[-123.54155354596315,48.321272262316526],[-123.54042293029234,48.320171260006155],[-123.54776813776445,48.318301376553464],[-123.548959343273,48.31611795620257],[-123.55098323197082,48.31623475080245],[-123.5551547514369,48.31291216555962],[-123.55755943480176,48.31311716902832],[-123.56068193684102,48.308927164536755],[-123.56411014815392,48.30903685911468],[-123.56524532680375,48.31185536331935],[-123.56424051634195,48.313534455549224],[-123.57648082716224,48.31302315509715],[-123.57819074835777,48.31518377236258],[-123.5823676468366,48.31113186707711],[-123.58665385799088,48.309885665356695],[-123.5893289355579,48.31134835781915],[-123.58877913326451,48.31288077773659],[-123.59057234290275,48.31271846138595],[-123.59086225507674,48.31574776584425],[-123.59700793324532,48.31648117047328],[-123.59870254491942,48.31600406891513],[-123.59848392538771,48.31470097087444],[-123.60125064137178,48.3148219711934],[-123.60152102209086,48.31590865536604],[-123.59886874909147,48.316364354107066],[-123.60083421970354,48.317207564687656],[-123.60121542726642,48.31983377208106],[-123.60346633126012,48.31973127464194],[-123.59856662655152,48.321682368455676],[-123.59952542448968,48.32285595914105],[-123.59483233091589,48.325435164196456],[-123.59488154031679,48.32725246477901],[-123.59167624136437,48.32783637393597],[-123.5929828422047,48.33113055104576],[-123.59154064591338,48.33468255555149],[-123.58911263980237,48.33591877300996],[-123.58973954505142,48.33875015405239],[-123.5875220538874,48.34085795355685],[-123.5887054156155,48.3424267984106],[-123.5749553402327,48.33804001975823],[-123.57248355248858,48.34114921602556],[-123.59643568817874,48.349384546266144],[-123.60426439687802,48.34233166105037],[-123.61328471539937,48.34597240500552],[-123.59754155904464,48.36645041918046],[-123.60982381224856,48.37082239312042],[-123.59682977739318,48.38725017151383],[-123.61563624234284,48.3943363398077],[-123.61336751904507,48.39711339695134],[-123.64460093966615,48.410682715249415],[-123.64559248164322,48.42435512887711],[-123.59311756017601,48.42481212265697]]]]},"bbox":[-123.64559248164322,48.30785615598777,-123.47727523336508,48.42597008915053]},{"id":"5917044","type":"Feature","properties":{},"geometry":{"type":"Polygon","coordinates":[[[-123.55402694489841,48.50789063408528],[-123.54787359548773,48.50823939082086],[-123.55182864329032,48.50682244950876],[-123.55113724822439,48.504415568428115],[-123.55396043432984,48.49996635764469],[-123.55219673381089,48.493343760511166],[-123.55365682976907,48.4896037622847],[-123.5516333456372,48.485133150326696],[-123.54897663361643,48.48592937391874],[-123.546380334081,48.483550811788824],[-123.54457864631185,48.48706061009717],[-123.548339079737,48.487108809051676],[-123.55054632787903,48.489790355199396],[-123.5472992531845,48.497241462138916],[-123.53360620144512,48.498774038795105],[-123.53129674883523,48.48594575306297],[-123.53465541039547,48.485941382064276],[-123.53432919866573,48.47872413395684],[-123.52468373786151,48.47870107382483],[-123.52437823946295,48.47486896755926],[-123.50937749104966,48.475465613490975],[-123.51047983418694,48.47709244146506],[-123.50329228708739,48.477450097448724],[-123.50353571584628,48.475581633724836],[-123.48286353901145,48.47463716884881],[-123.48429451593404,48.47290075688031],[-123.48325226738027,48.471184904750785],[-123.48421061897228,48.465450466356025],[-123.46804795554436,48.449601965638145],[-123.47021944660955,48.447304750021196],[-123.4774316390921,48.446186751680315],[-123.47971024663248,48.44742574494719],[-123.48073491462789,48.445267968293564],[-123.4865592406967,48.44621721458768],[-123.4871261902372,48.444554832817836],[-123.49173220732759,48.44601229463371],[-123.4998397982204,48.44256825956843],[-123.50239531265115,48.440227267316686],[-123.50204326837944,48.43826495402162],[-123.51382753045193,48.43647487918759],[-123.51758812636429,48.43018632549719],[-123.51138435697119,48.42867393914196],[-123.51570486706095,48.41754104825826],[-123.51384017977739,48.41772414218627],[-123.51119736740426,48.41459533462663],[-123.5180279062024,48.40275550167053],[-123.5289206689517,48.40700154776857],[-123.53355381413822,48.406538751167865],[-123.54016621333191,48.409190429427284],[-123.54490298530845,48.40940391068757],[-123.54548508839383,48.40809114022557],[-123.55641745033846,48.41067402375091],[-123.5608541311428,48.41685947496305],[-123.56439162710814,48.41774106086797],[-123.56331443404231,48.419456452759924],[-123.56637702267967,48.42042380811713],[-123.56474901667436,48.422858512893896],[-123.57483070147246,48.42590420185601],[-123.56939037507544,48.43235900947933],[-123.57117380134099,48.432280523576125],[-123.57145144939274,48.43862685580488],[-123.56561069838777,48.43919769932431],[-123.56163167408351,48.445416457823555],[-123.56291902245773,48.44589118253533],[-123.55820536913762,48.45565312476015],[-123.56349603960437,48.45879388518854],[-123.57201165437428,48.45957937977365],[-123.57377572964664,48.46164058158349],[-123.57223152833834,48.463446692526055],[-123.55811592976593,48.46660197603195],[-123.55779394943674,48.47162368615307],[-123.55437782778269,48.47399179569216],[-123.55295825224286,48.47786618279584],[-123.55814285558316,48.483783185785754],[-123.55949885550031,48.49411298731655],[-123.55712986031772,48.497527580110365],[-123.55688854871012,48.504464313207336],[-123.55516158793517,48.50443529436887],[-123.55708422895586,48.50783365706352],[-123.55402694489841,48.50789063408528]]]},"bbox":[-123.57483070147246,48.40275550167053,-123.46804795554436,48.50823939082086]},{"id":"5917047","type":"Feature","properties":{},"geometry":{"type":"MultiPolygon","coordinates":[[[[-123.43892384462642,48.442003850990986],[-123.43907223745035,48.44194836595978],[-123.43917893233198,48.44195685968082],[-123.43887075015995,48.4421021720176],[-123.43892384462642,48.442003850990986]]],[[[-123.4387462531241,48.44179736395537],[-123.43892172983226,48.441768855155225],[-123.43898933262895,48.44189566963883],[-123.43880093826736,48.4419055666112],[-123.4387462531241,48.44179736395537]]],[[[-123.43485303060653,48.44513996797688],[-123.43508233081513,48.445023156437635],[-123.43520454129893,48.445085865578676],[-123.43500242009391,48.44518556687155],[-123.43485303060653,48.44513996797688]]],[[[-123.43294935042066,48.439246556139146],[-123.43302566323075,48.43916690426905],[-123.43332471898258,48.43907140122121],[-123.43307234494245,48.439326353518716],[-123.43294935042066,48.439246556139146]]],[[[-123.43588033055337,48.44818635178332],[-123.43593293703013,48.448033950917974],[-123.4361769272412,48.44813087093672],[-123.43598822904545,48.44824045848185],[-123.43588033055337,48.44818635178332]]],[[[-123.43479593412121,48.4400940739595],[-123.43503655758695,48.43984046137855],[-123.43519953370183,48.43985905851499],[-123.43487742334618,48.44013815375516],[-123.43479593412121,48.4400940739595]]],[[[-123.43419695274379,48.43954716913255],[-123.43434383073216,48.439457367113725],[-123.43458853955795,48.43950155924539],[-123.4342796570136,48.439655359644505],[-123.43419695274379,48.43954716913255]]],[[[-123.44388405166653,48.45119716494595],[-123.44414065057403,48.45107034969827],[-123.44422364433345,48.45140227162042],[-123.44388504847434,48.45136805381279],[-123.44388405166653,48.45119716494595]]],[[[-123.44228113281551,48.4504565505016],[-123.44255145723363,48.450346867285496],[-123.44281062553829,48.45061606005993],[-123.44232564730416,48.45074425035642],[-123.44228113281551,48.4504565505016]]],[[[-123.43998073802543,48.442458149126125],[-123.43936084930125,48.442703164513595],[-123.44043693628663,48.44187995939581],[-123.44038662035196,48.442465363926594],[-123.43998073802543,48.442458149126125]]],[[[-123.43489563463856,48.44855946445781],[-123.43437703953403,48.448102349412345],[-123.43542954369198,48.447774757261534],[-123.4355686224886,48.44830456743299],[-123.43489563463856,48.44855946445781]]],[[[-123.43816253858054,48.44320307560725],[-123.43659962651347,48.44379415434668],[-123.436173450571,48.443120470885475],[-123.43895432914285,48.442425457553526],[-123.43816253858054,48.44320307560725]]],[[[-123.4748683230007,48.49776512584151],[-123.47079170857735,48.495093780145645],[-123.45650320654619,48.49350598476098],[-123.45739328080626,48.4720247929818],[-123.45411184336382,48.46831326244372],[-123.45384834175279,48.464382455498075],[-123.44901268215315,48.46833565883434],[-123.44428190162836,48.46637461535452],[-123.4433502472551,48.46879402765279],[-123.43718678331405,48.46612200924314],[-123.4278594114424,48.470725339387826],[-123.42684049720441,48.46875810999149],[-123.42461333345226,48.469792446800184],[-123.42354733490501,48.467780594906436],[-123.42294232035594,48.469341206195644],[-123.41893454522703,48.46941375610331],[-123.42132886380554,48.46359414688253],[-123.42808194633595,48.46171915097681],[-123.42711842247182,48.45804336501305],[-123.43084213488878,48.460233758439095],[-123.42881854731078,48.45763315442656],[-123.42942553288245,48.45586717303077],[-123.43282492159673,48.456367064350154],[-123.43031342584204,48.45525186547729],[-123.42968634515401,48.4531397613919],[-123.42477372703509,48.45753916291897],[-123.42323502254077,48.46110826522245],[-123.42170232984354,48.46061825503195],[-123.42622521941911,48.45481746040345],[-123.42355710154366,48.45181432627994],[-123.42660349817542,48.446552800155224],[-123.43485838979113,48.44650823787332],[-123.43253705255975,48.44783036075817],[-123.43374514490152,48.44997655691571],[-123.43952154082616,48.44879306343305],[-123.4398516287879,48.450888077092436],[-123.44430691647041,48.45162725634042],[-123.44322042108833,48.45407835689539],[-123.4475632362065,48.452639854914885],[-123.44936264519079,48.45580875367432],[-123.45476893504097,48.45853187326944],[-123.45600483535905,48.45612496366065],[-123.46376104595079,48.45665185217953],[-123.46466245760244,48.45459676485147],[-123.46286312918345,48.45621467550541],[-123.45937453591097,48.45618326301543],[-123.45601902073122,48.45387892812229],[-123.4684810685339,48.44755478635974],[-123.46902810222548,48.450976433361795],[-123.48421061897228,48.465450466356025],[-123.48325226738027,48.471184904750785],[-123.48429451593404,48.47290075688031],[-123.48286353901145,48.47463716884881],[-123.49751250425098,48.475499699201784],[-123.49721029663799,48.48967849025186],[-123.49079949357782,48.48841717300265],[-123.48272341714153,48.48972434823596],[-123.4813315937126,48.496144191509366],[-123.4748683230007,48.49776512584151]]]]},"bbox":[-123.49751250425098,48.43907140122121,-123.41893454522703,48.49776512584151]},{"id":"5917049","type":"Feature","properties":{},"geometry":{"type":"MultiPolygon","coordinates":[[[[-123.54649214335439,48.502998466441625],[-123.54660942618894,48.502467270960494],[-123.54793364051258,48.502226558736815],[-123.54743642916326,48.5039555695341],[-123.54649214335439,48.502998466441625]]],[[[-123.53378701627929,48.54740105853098],[-123.50738985685241,48.552503969877556],[-123.5051279411844,48.55410626755321],[-123.50571693171399,48.55732495714522],[-123.50376465644051,48.55852884972826],[-123.49378189132942,48.5580390163758],[-123.49333489224581,48.55021035367128],[-123.48850077433558,48.55022338362593],[-123.48856214623567,48.54402993209991],[-123.47778643548985,48.54414406893729],[-123.47773746288189,48.53729836636278],[-123.47276555489496,48.53732551684354],[-123.47248001870425,48.522792214924166],[-123.4636117396659,48.523168437446486],[-123.46345562851094,48.514392723021956],[-123.45830096645545,48.51466961269553],[-123.45908446202955,48.49862927450207],[-123.45689418971567,48.4977021137354],[-123.45650320654619,48.49350598476098],[-123.47079170857735,48.495093780145645],[-123.4748683230007,48.49776512584151],[-123.4813315937126,48.496144191509366],[-123.48272341714153,48.48972434823596],[-123.49079949357782,48.48841717300265],[-123.49721029663799,48.48967849025186],[-123.49751250425098,48.475499699201784],[-123.50353571584628,48.475581633724836],[-123.50329228708739,48.477450097448724],[-123.51047983418694,48.47709244146506],[-123.50937749104966,48.475465613490975],[-123.52437823946295,48.47486896755926],[-123.52468373786151,48.47870107382483],[-123.53432919866573,48.47872413395684],[-123.53465541039547,48.485941382064276],[-123.53129674883523,48.48594575306297],[-123.53360620144512,48.498774038795105],[-123.5472992531845,48.497241462138916],[-123.54806954274072,48.49856346704105],[-123.53550383570916,48.514826562361186],[-123.53443414226511,48.52519476665368],[-123.53897733177116,48.53855106220708],[-123.53780881470028,48.54074285730271],[-123.53862315143972,48.54476056149467],[-123.53702184937046,48.546953848813295],[-123.53378701627929,48.54740105853098]]]]},"bbox":[-123.54806954274072,48.47486896755926,-123.45650320654619,48.55852884972826]},{"id":"5917052","type":"Feature","properties":{},"geometry":{"type":"MultiPolygon","coordinates":[[[[-123.7165164538344,48.362743771125714],[-123.71677233800749,48.36267967044421],[-123.71684164936266,48.36277795056518],[-123.71654574766306,48.36289614663709],[-123.7165164538344,48.362743771125714]]],[[[-123.7127882322587,48.34323496426609],[-123.71306996300824,48.34307116726427],[-123.7132606524406,48.34317797052404],[-123.7130046285008,48.34332327547985],[-123.7127882322587,48.34323496426609]]],[[[-123.7127150370919,48.342830470989014],[-123.7133061328255,48.34266527282812],[-123.71340174758203,48.34275496035389],[-123.7129993275228,48.34294586983325],[-123.7127150370919,48.342830470989014]]],[[[-123.65763802668546,48.38986926288685],[-123.6570994235481,48.389917661418444],[-123.65859441866495,48.38969265575631],[-123.65858283619336,48.389837958240626],[-123.65763802668546,48.38986926288685]]],[[[-123.7073875144756,48.3557663003988],[-123.70455543971877,48.35596300203007],[-123.70239848460382,48.352379670928535],[-123.7052527320649,48.35052788852714],[-123.70522654638937,48.34158056011705],[-123.708896886304,48.33866128772421],[-123.71414025896841,48.33862906163797],[-123.71101103327673,48.34254426234562],[-123.71822394297358,48.34778104714601],[-123.71557014338482,48.34910127121192],[-123.71513605745966,48.35380116383543],[-123.71284103950481,48.353778365187644],[-123.70970864533852,48.35661395972197],[-123.7073875144756,48.3557663003988]]],[[[-123.73928283597861,48.474168059873314],[-123.73822342964046,48.45642921204439],[-123.73353337865663,48.45323618076987],[-123.73333870665091,48.44983144754608],[-123.71794120183847,48.44094347143942],[-123.7119170953037,48.42839911632209],[-123.64569094557618,48.428252484199646],[-123.64460093966615,48.410682715249415],[-123.61336751904507,48.39711339695134],[-123.61563624234284,48.3943363398077],[-123.59682977739318,48.38725017151383],[-123.61459121864675,48.365438710802195],[-123.60198638561104,48.360904153660925],[-123.60307392259867,48.35947884832723],[-123.6097911900641,48.36157009362626],[-123.61544104716052,48.35997110325301],[-123.61925875889125,48.353224081662525],[-123.62242679846158,48.35429210701262],[-123.62385664198521,48.35757085694236],[-123.62634974032358,48.35571382775036],[-123.62310870029913,48.35840404996337],[-123.62629587665512,48.358614425737926],[-123.6275263360547,48.37018761506075],[-123.6235801397223,48.370608259710366],[-123.63306116745052,48.37332008009644],[-123.6332674797361,48.37546576817411],[-123.63560212887046,48.37574732655788],[-123.63373313774771,48.378244855897094],[-123.63835432925855,48.38155755373173],[-123.63502443834568,48.38327656622718],[-123.635285052249,48.38672886891832],[-123.63259082942353,48.388453558776675],[-123.63275294855401,48.38954166178396],[-123.63868543389057,48.38970686793656],[-123.64361963822412,48.38574756344997],[-123.64794411888869,48.38588575728748],[-123.65217613931196,48.389396474759884],[-123.65339323726266,48.391683658014955],[-123.65237344603459,48.39328164702361],[-123.65492803348268,48.39450935471324],[-123.65873643527134,48.39019686769672],[-123.6622858295441,48.388862352193186],[-123.66056481975548,48.387478056400894],[-123.65485474693091,48.390812063405846],[-123.65575025700926,48.38900766652248],[-123.6531310576932,48.38921126369876],[-123.6541590464515,48.38710915568262],[-123.66039354330077,48.38661495502672],[-123.66422673642977,48.38954456957375],[-123.68181063442816,48.38829836553423],[-123.68504892805935,48.38701086373729],[-123.6873166260676,48.38392886115689],[-123.68654074406324,48.38254886838913],[-123.69149692470266,48.377480054776505],[-123.69647671689542,48.38337296845766],[-123.69293239036233,48.38435024987915],[-123.69457641888762,48.38627683692144],[-123.68893480685354,48.388394545759674],[-123.68963189014752,48.389725458299736],[-123.70253661808955,48.38626781854489],[-123.69827733838518,48.38443026366336],[-123.70691943715187,48.3824519656027],[-123.72621132833814,48.371355964763765],[-123.73197003049171,48.36434746049856],[-123.7304050582338,48.361496167190396],[-123.72559344432405,48.36024857256257],[-123.7263017254523,48.35678066710342],[-123.7163876310977,48.36024426373249],[-123.71126891772914,48.35820625812439],[-123.71787923504307,48.358777356841046],[-123.73408912628771,48.353888056962724],[-123.7406456401184,48.35454747015082],[-123.75277166332654,48.35887534236245],[-123.73997880895762,48.36278107657916],[-123.7412058357601,48.3662496177627],[-123.75484679354258,48.36340408590213],[-123.75923335181693,48.36822836385153],[-123.76443765312868,48.37042455959369],[-123.76004664949465,48.3701923692118],[-123.76204993483957,48.37146565302671],[-123.77876883865665,48.36894337308726],[-123.78364350202703,48.366485851441745],[-123.78484717015574,48.37381605699146],[-123.77520272800896,48.37557958967048],[-123.78017894733159,48.381208522105375],[-123.78257804030353,48.38663273553115],[-123.77272440654681,48.39040774237557],[-123.76940003003503,48.38474189530477],[-123.77403740011592,48.3833003024168],[-123.76973864284673,48.37689697892573],[-123.75491497490425,48.38070024888535],[-123.76357453103562,48.39284177380275],[-123.74808542768932,48.39757043701525],[-123.74806107829005,48.401591619778394],[-123.73969652946838,48.39908815575432],[-123.72799530833116,48.40271067400132],[-123.72828128106664,48.412988952784225],[-123.71744406819016,48.41300407847508],[-123.71811914310099,48.42861393364194],[-123.72370520546862,48.4274378463754],[-123.72387728490017,48.431038172157955],[-123.72693060652452,48.4310478393469],[-123.72709816529888,48.43837631345491],[-123.7285655564464,48.43842686712358],[-123.72872636470369,48.44188885427067],[-123.74160828086609,48.44253244626196],[-123.7425087820363,48.45733646624232],[-123.74677632340428,48.457431041132246],[-123.74684282468502,48.46019379201314],[-123.74984005220281,48.46017534848147],[-123.7502721060957,48.466822542614544],[-123.74489883697645,48.466797277446496],[-123.7461813911852,48.474016850897755],[-123.73928283597861,48.474168059873314]]]]},"bbox":[-123.78484717015574,48.33862906163797,-123.59682977739318,48.474168059873314]},{"id":"5917054","type":"Feature","properties":{},"geometry":{"type":"MultiPolygon","coordinates":[[[[-123.32751882396184,48.41034656195024],[-123.32765373247105,48.41027397511644],[-123.32772133178507,48.41031945627571],[-123.32746421864073,48.410490358105534],[-123.32751882396184,48.41034656195024]]],[[[-123.2797245253142,48.42538045786943],[-123.27979145085703,48.42534346219246],[-123.2799398415036,48.425397551637886],[-123.2797114508395,48.425541461348836],[-123.2797245253142,48.42538045786943]]],[[[-123.60436974446841,48.32767976543269],[-123.60453114262515,48.32765266006305],[-123.60448034246343,48.32788627080491],[-123.60439893274334,48.327886263209415],[-123.60436974446841,48.32767976543269]]],[[[-123.3827494138843,48.412480058651724],[-123.38291052280468,48.412442954627565],[-123.38268393978353,48.41270505421396],[-123.38266773867548,48.41252416111708],[-123.3827494138843,48.412480058651724]]],[[[-123.60061933827576,48.313817975865845],[-123.60083435155767,48.3138164595455],[-123.60087743901535,48.313933256346765],[-123.60064805587987,48.313970257820216],[-123.60061933827576,48.313817975865845]]],[[[-123.6041638503821,48.32849016013941],[-123.60431303757107,48.32849866278101],[-123.60436954127474,48.32866955199261],[-123.60415303035046,48.32870655706598],[-123.6041638503821,48.32849016013941]]],[[[-123.52994915548233,48.29693046713962],[-123.5302132440076,48.29680857271247],[-123.53026785036519,48.2968541547206],[-123.53010762098559,48.297025058872926],[-123.52994915548233,48.29693046713962]]],[[[-123.98806522880975,48.4002090535449],[-123.98815804636286,48.40007374743886],[-123.98831053836321,48.4003158687883],[-123.98817615580518,48.40034436657617],[-123.98806522880975,48.4002090535449]]],[[[-123.98652732222546,48.39619526661193],[-123.98667613994579,48.39607455361999],[-123.98674563434064,48.396199866710475],[-123.98658704141722,48.39634514896165],[-123.98652732222546,48.39619526661193]]],[[[-123.62454582001807,48.33034296160422],[-123.62466544436687,48.330251848961986],[-123.62489593747618,48.330323053870416],[-123.62470833074306,48.3304498657086],[-123.62454582001807,48.33034296160422]]],[[[-123.37427811887278,48.40724465411399],[-123.37441312250965,48.40715346333968],[-123.37454803363956,48.407216175190186],[-123.37422503607601,48.40741555057669],[-123.37427811887278,48.40724465411399]]],[[[-123.50681355179499,48.380556363688584],[-123.50714973485762,48.380483761658176],[-123.50728553595653,48.3805449770187],[-123.50701622297353,48.380646066186074],[-123.50681355179499,48.380556363688584]]],[[[-123.251492957862,48.434864363847794],[-123.25166884889025,48.43479166635003],[-123.25183062437347,48.4349981698758],[-123.25169544754702,48.435089366028876],[-123.251492957862,48.434864363847794]]],[[[-123.50557204121758,48.379463969195314],[-123.50578873955114,48.379445466376666],[-123.50556094283635,48.379743162933956],[-123.50546575219215,48.37959075631135],[-123.50557204121758,48.379463969195314]]],[[[-123.59361963610593,48.332540552035496],[-123.59385055406713,48.33251206287103],[-123.59381255399971,48.332745669197855],[-123.59364962685018,48.332764169538684],[-123.59361963610593,48.332540552035496]]],[[[-123.60461795992609,48.32569016573182],[-123.604792436547,48.32562605467082],[-123.60490134362617,48.32570727003396],[-123.60449793394359,48.32586246177534],[-123.60461795992609,48.32569016573182]]],[[[-123.5964983356606,48.32591226087256],[-123.59671272249966,48.325875255050505],[-123.59670235535525,48.326145867051245],[-123.59645964186755,48.32612875819497],[-123.5964983356606,48.32591226087256]]],[[[-123.22388992741739,48.42349626661664],[-123.22394243206485,48.42327975006672],[-123.22402414220993,48.42326127051252],[-123.2240259258261,48.42368425736372],[-123.22388992741739,48.42349626661664]]],[[[-123.25117713756944,48.4285493663325],[-123.25142063860348,48.42852226509866],[-123.25143553826905,48.42875585401869],[-123.251123738663,48.42872024886772],[-123.25117713756944,48.4285493663325]]],[[[-123.59402955765708,48.32939875860524],[-123.59428604742466,48.32937025448278],[-123.59443563563669,48.32949556048301],[-123.59395105566914,48.32956965554935],[-123.59402955765708,48.32939875860524]]],[[[-123.28385503049161,48.429301368147776],[-123.2840982374743,48.42931845294979],[-123.28407184852736,48.42953495783491],[-123.28372023924587,48.42947225053804],[-123.28385503049161,48.429301368147776]]],[[[-123.59712262740514,48.33783005691357],[-123.59733802927197,48.33770336768867],[-123.59751346079806,48.337810165629165],[-123.59719133715303,48.33799105921441],[-123.59712262740514,48.33783005691357]]],[[[-123.58874528345657,48.30791253963886],[-123.5879442964476,48.30781572807757],[-123.58791866821852,48.307812463023815],[-123.58851712736792,48.3075727580041],[-123.58874528345657,48.30791253963886]]],[[[-123.24093293765522,48.440455750701716],[-123.24132401922812,48.44041875845288],[-123.24144654774702,48.44049136012763],[-123.24127094192713,48.44064376543701],[-123.24093293765522,48.440455750701716]]],[[[-123.26396911825827,48.419029960681684],[-123.26428063961453,48.41910967376645],[-123.26425523925353,48.419353256550394],[-123.26407922579334,48.41935327074707],[-123.26396911825827,48.419029960681684]]],[[[-123.29312995662367,48.42730746924111],[-123.29340034525607,48.42719065057055],[-123.29346904197385,48.42742424709904],[-123.29319863088159,48.42751536251432],[-123.29312995662367,48.42730746924111]]],[[[-123.59951373773032,48.336854469804024],[-123.59957774409897,48.3365397517188],[-123.59983423924209,48.33652977558758],[-123.59984934060964,48.33670926148973],[-123.59951373773032,48.336854469804024]]],[[[-123.23182054549453,48.42300345348429],[-123.23221282314313,48.42287675981449],[-123.23222835097398,48.42320007027819],[-123.2320932601867,48.42327266352536],[-123.23182054549453,48.42300345348429]]],[[[-123.60504842169846,48.315333256309245],[-123.60527632721802,48.31533186121518],[-123.60525282954809,48.315646567575556],[-123.60498375901014,48.3156124675438],[-123.60504842169846,48.315333256309245]]],[[[-123.26396273441125,48.42016365593164],[-123.26412455507678,48.42013655842265],[-123.26426094649426,48.42049546340967],[-123.26401843142072,48.420495452296315],[-123.26396273441125,48.42016365593164]]],[[[-123.65938032908853,48.31760775991197],[-123.65974352915282,48.31750665178789],[-123.65997464137932,48.3176390582158],[-123.65931303912103,48.317697466736945],[-123.65938032908853,48.31760775991197]]],[[[-123.59396483457238,48.33777457776722],[-123.59413746144232,48.337647764472855],[-123.59434174226985,48.33766485382149],[-123.59406164933861,48.33807076140673],[-123.59396483457238,48.33777457776722]]],[[[-123.60688902762338,48.32617296977668],[-123.60710304143896,48.32603766071175],[-123.60733284756539,48.326098864488024],[-123.60709274016062,48.32633386943487],[-123.60688902762338,48.32617296977668]]],[[[-123.59281562012625,48.33187835819018],[-123.59299083263224,48.33182417121375],[-123.59304815859632,48.332147466638524],[-123.59269875226416,48.33218455616189],[-123.59281562012625,48.33187835819018]]],[[[-123.28952425120391,48.42327835338165],[-123.28991723232546,48.42315017705743],[-123.28999754133558,48.42333106253967],[-123.28953973956907,48.42343076230623],[-123.28952425120391,48.42327835338165]]],[[[-123.265058136333,48.42047555631053],[-123.26541083162667,48.42037587242378],[-123.26547833592734,48.42053815082244],[-123.26512754750263,48.42068207006976],[-123.265058136333,48.42047555631053]]],[[[-123.60569645820094,48.325702960831315],[-123.6058974275283,48.32565595239912],[-123.60527105361668,48.32618146287062],[-123.60524273516192,48.326127372837696],[-123.60569645820094,48.325702960831315]]],[[[-123.2634966351222,48.45033836722304],[-123.26390164894549,48.45023005645444],[-123.26400943251596,48.45028426352315],[-123.26375573203995,48.450580469016046],[-123.2634966351222,48.45033836722304]]],[[[-123.59943205277827,48.31376096228869],[-123.59984743122543,48.31365125686962],[-123.60005263225209,48.31375807137745],[-123.59971723553633,48.31388487422906],[-123.59943205277827,48.31376096228869]]],[[[-123.23322581706452,48.42259615988032],[-123.233496035474,48.42245086753109],[-123.23363102913508,48.42275717336326],[-123.23344372749992,48.42283826010831],[-123.23322581706452,48.42259615988032]]],[[[-123.26640584380227,48.42237115847512],[-123.2666899334458,48.42227147572654],[-123.26682795148402,48.42259475733692],[-123.26663892143942,48.42261326202923],[-123.26640584380227,48.42237115847512]]],[[[-123.25204652615821,48.43502526120005],[-123.25229053737631,48.43503376273294],[-123.25271305613036,48.435428265207975],[-123.25250844579686,48.43541125243371],[-123.25204652615821,48.43502526120005]]],[[[-123.70422974779598,48.339094755226604],[-123.70451006358195,48.33898516515822],[-123.7046735627964,48.3390207650281],[-123.70444735461632,48.339328362931234],[-123.70422974779598,48.339094755226604]]],[[[-123.28958145472336,48.4735230654398],[-123.28989083150567,48.47336925941649],[-123.29024502743243,48.47359285243916],[-123.2896898493061,48.47361276767702],[-123.28958145472336,48.4735230654398]]],[[[-123.60380045227346,48.312585953281385],[-123.60398886212684,48.3124506639203],[-123.60459554676486,48.31251906237331],[-123.60447586202658,48.312610168081605],[-123.60380045227346,48.312585953281385]]],[[[-123.61003584997579,48.32648056770912],[-123.61030813364,48.32662296027617],[-123.60997514308137,48.32703886780029],[-123.60992044232395,48.326993258048546],[-123.61003584997579,48.32648056770912]]],[[[-123.53090325213218,48.30364336162887],[-123.5316453537081,48.30358636025326],[-123.5317004444777,48.30369315973011],[-123.53109304934877,48.30376865662987],[-123.53090325213218,48.30364336162887]]],[[[-123.53524412836828,48.299637072084884],[-123.53477145369807,48.299639869737284],[-123.53457043229247,48.299595767466926],[-123.53562073115373,48.29956447389527],[-123.53524412836828,48.299637072084884]]],[[[-123.98615543145806,48.395070472275144],[-123.98673764924237,48.39505767277731],[-123.98674044692811,48.39527276387173],[-123.98619934992384,48.395232847382644],[-123.98615543145806,48.395070472275144]]],[[[-123.64538181935882,48.364955564514595],[-123.64572074888355,48.36494415702263],[-123.64563084252681,48.365304471417424],[-123.64530494910446,48.3652347522142],[-123.64538181935882,48.364955564514595]]],[[[-123.60156063438062,48.321712266105095],[-123.60169455538305,48.32162965711621],[-123.60222224200545,48.32167245968792],[-123.60204993618305,48.32187186247864],[-123.60156063438062,48.321712266105095]]],[[[-123.24173365429549,48.438439059990166],[-123.2421390485942,48.43829386863523],[-123.24227602166835,48.43835646790642],[-123.24196574132574,48.43872674765072],[-123.24173365429549,48.438439059990166]]],[[[-123.27293152976634,48.41934186127724],[-123.27323024308083,48.41930485767989],[-123.2734075421103,48.41973636973369],[-123.27313723236466,48.41971076584082],[-123.27293152976634,48.41934186127724]]],[[[-123.59412706007215,48.3308186658629],[-123.59419244770665,48.33071046031737],[-123.5946234365209,48.33063637112597],[-123.59433123858656,48.330989572576975],[-123.59412706007215,48.3308186658629]]],[[[-123.26507095264662,48.41739926246613],[-123.26562411534051,48.41737075802166],[-123.26580043802457,48.41763995884504],[-123.2651244261916,48.41751605618186],[-123.26507095264662,48.41739926246613]]],[[[-123.25868331688291,48.437178659530815],[-123.25893945949555,48.43707896718116],[-123.25911704098765,48.43739376022209],[-123.25884713154417,48.43752047620688],[-123.25868331688291,48.437178659530815]]],[[[-123.26621983192331,48.42278557419557],[-123.26667963654597,48.4227300598811],[-123.26695054745889,48.422980651839104],[-123.26632964123787,48.42295645996647],[-123.26621983192331,48.42278557419557]]],[[[-123.26494242298509,48.41868526378779],[-123.26540065424162,48.41863976596575],[-123.265550117424,48.418954454774386],[-123.26513111527218,48.41891885967083],[-123.26494242298509,48.41868526378779]]],[[[-123.25114902425572,48.44217905765108],[-123.2511885587293,48.44193686454581],[-123.25183853779664,48.44179164766126],[-123.25136762486672,48.44224175987118],[-123.25114902425572,48.44217905765108]]],[[[-123.593671446042,48.33001116974159],[-123.59368303485122,48.32978616649812],[-123.59431614225203,48.32972914974411],[-123.59399703839703,48.33005535530284],[-123.593671446042,48.33001116974159]]],[[[-123.70089774941059,48.33819756274213],[-123.70131373028285,48.33806077140043],[-123.70158503582192,48.338176152050075],[-123.70099524093747,48.33843106709933],[-123.70089774941059,48.33819756274213]]],[[[-123.25804353037748,48.43649646551078],[-123.25857073130754,48.43643237754701],[-123.25880282027934,48.43672005945796],[-123.25853364691883,48.43686386157891],[-123.25804353037748,48.43649646551078]]],[[[-123.2293753454306,48.43303065363399],[-123.22958184739818,48.43294874894789],[-123.2299340312324,48.43311966865131],[-123.22917835167421,48.43322935393448],[-123.2293753454306,48.43303065363399]]],[[[-123.6503231408756,48.373302854360446],[-123.65078013189152,48.37316616335142],[-123.65109243648648,48.37334414818712],[-123.65064894916684,48.3734908519266],[-123.6503231408756,48.373302854360446]]],[[[-123.26525422567995,48.450190257115004],[-123.26569933332026,48.45009055647794],[-123.2657019479578,48.45051355516057],[-123.26545842000898,48.45063176140917],[-123.26525422567995,48.450190257115004]]],[[[-123.3265806972858,48.41034124759306],[-123.3268558390605,48.410204156348755],[-123.32716784500683,48.410410666993606],[-123.32661682798901,48.41067724980503],[-123.3265806972858,48.41034124759306]]],[[[-123.26728855584463,48.42156985686112],[-123.26762105453923,48.421801470375094],[-123.26731104072262,48.422036467425336],[-123.26705293733121,48.42181145102256],[-123.26728855584463,48.42156985686112]]],[[[-123.24754603001487,48.43530436465095],[-123.2470066230483,48.43537846214948],[-123.24680324275914,48.43518046994632],[-123.24760032968204,48.435106472394494],[-123.24754603001487,48.43530436465095]]],[[[-123.23766515069536,48.432789271165234],[-123.23804424586481,48.432823470699816],[-123.23808584861668,48.43321935650476],[-123.23776351976215,48.43325635907199],[-123.23766515069536,48.432789271165234]]],[[[-123.26546635494779,48.41824376215258],[-123.26595213510433,48.418144055899994],[-123.26586125027733,48.41864826287806],[-123.26553534958484,48.41851295194392],[-123.26546635494779,48.41824376215258]]],[[[-123.68082433451801,48.37305506768801],[-123.6812126267159,48.37289986232707],[-123.6813771314043,48.373015157040605],[-123.6807755549969,48.37345955532788],[-123.68082433451801,48.37305506768801]]],[[[-123.5932866387914,48.33278416058287],[-123.59283864783174,48.332597567602356],[-123.59348204560645,48.33228846090086],[-123.59340652461955,48.332784066781244],[-123.5932866387914,48.33278416058287]]],[[[-123.64797472302335,48.37235436307595],[-123.64823004800563,48.3722987646072],[-123.6488961490613,48.37260925078346],[-123.64830192842571,48.372657663216266],[-123.64797472302335,48.37235436307595]]],[[[-123.2524526237603,48.440467153336655],[-123.25285813477656,48.44039455545765],[-123.25292645010842,48.4406907575813],[-123.25242754834775,48.44092575948123],[-123.2524526237603,48.440467153336655]]],[[[-123.23784113086657,48.418132658728595],[-123.23802792792395,48.41772827362353],[-123.23848851953286,48.41776236453256],[-123.23813925827686,48.41834775979525],[-123.23784113086657,48.418132658728595]]],[[[-123.61029955794416,48.3270188644648],[-123.610691127001,48.32701606778859],[-123.61070884659993,48.327421969431896],[-123.61014184446499,48.32738775421713],[-123.61029955794416,48.3270188644648]]],[[[-123.59461501834585,48.32984455472605],[-123.59492582372374,48.33000546974358],[-123.59412384095569,48.33053107503212],[-123.59418842654962,48.33025185913733],[-123.59461501834585,48.32984455472605]]],[[[-123.25015831883371,48.424629959605454],[-123.25063276071023,48.42482646556654],[-123.25017436134355,48.42519676618151],[-123.24994392252447,48.42499026371934],[-123.25015831883371,48.424629959605454]]],[[[-123.50472004794398,48.37935147325572],[-123.50480125369297,48.3792603579803],[-123.50539704547661,48.37941127214064],[-123.50480804615299,48.37992684474312],[-123.50472004794398,48.37935147325572]]],[[[-123.2526503535362,48.427385754416086],[-123.25302383801045,48.427231955593605],[-123.25296993693175,48.42767346997889],[-123.25268753583418,48.427646474507476],[-123.2526503535362,48.427385754416086]]],[[[-123.2719303560823,48.42405886376214],[-123.27240413665139,48.424147172884446],[-123.27206982783679,48.424715358368076],[-123.27182481384276,48.424544457719215],[-123.2719303560823,48.42405886376214]]],[[[-123.53813156226674,48.2997951667322],[-123.538626152713,48.29947755748284],[-123.5388707407689,48.29962994825092],[-123.53824371682963,48.30013695670784],[-123.53813156226674,48.2997951667322]]],[[[-123.62059125155594,48.33026606948918],[-123.62110212478453,48.33001115800117],[-123.62133393240228,48.33035156954456],[-123.62093302129404,48.330623563281264],[-123.62059125155594,48.33026606948918]]],[[[-123.50601745136798,48.379454058541555],[-123.50625954899427,48.37934435248737],[-123.50666882106755,48.37963065515576],[-123.50615794579518,48.37992117028571],[-123.50601745136798,48.379454058541555]]],[[[-123.24698824443124,48.423187258213744],[-123.24783974302416,48.423275568340095],[-123.24815315403178,48.423679959433926],[-123.24792374512259,48.423734151772926],[-123.24698824443124,48.423187258213744]]],[[[-123.60027505219058,48.31319835412021],[-123.60078732588923,48.313124365813096],[-123.60089802947707,48.31344765082969],[-123.60019955036948,48.313631367321],[-123.60027505219058,48.31319835412021]]],[[[-123.60158925428453,48.32064125832709],[-123.60196583803535,48.320594252006345],[-123.60264693706436,48.321004453079425],[-123.60162143563542,48.32100016003749],[-123.60158925428453,48.32064125832709]]],[[[-123.25921312700355,48.43759167411787],[-123.25956423287064,48.437527563189406],[-123.25986412225085,48.43795915571986],[-123.25921534112176,48.4381314508326],[-123.25921312700355,48.43759167411787]]],[[[-123.22859294494786,48.429271464006064],[-123.22925564493403,48.42935976329929],[-123.22917642866564,48.42990947304578],[-123.22868841972281,48.42981975914299],[-123.22859294494786,48.429271464006064]]],[[[-123.24124882535612,48.441706263312795],[-123.24100715084613,48.4417959658088],[-123.24015363456199,48.44171755552601],[-123.2419927329384,48.441569471972436],[-123.24124882535612,48.441706263312795]]],[[[-123.2647433227334,48.42232986792517],[-123.2652960401882,48.42207637289421],[-123.26546343268583,48.42271436228172],[-123.2646908233971,48.422590465625895],[-123.2647433227334,48.42232986792517]]],[[[-123.2655156549352,48.45117006717015],[-123.26494944852682,48.4513879604034],[-123.2645432612747,48.45130826630668],[-123.26585462665402,48.45083584781891],[-123.2655156549352,48.45117006717015]]],[[[-123.25137732945619,48.427946952638365],[-123.25107923221653,48.42790274912791],[-123.25041852635437,48.428146352792275],[-123.25096933584872,48.427444157221956],[-123.25137732945619,48.427946952638365]]],[[[-123.59964005490828,48.324564966412],[-123.60038161823826,48.324542157323904],[-123.59928592770362,48.32543095628037],[-123.5995063456775,48.32479005189408],[-123.59964005490828,48.324564966412]]],[[[-123.59813053625591,48.32482417404645],[-123.59873303928522,48.32435425022229],[-123.59911314738599,48.32451377044712],[-123.59847385513402,48.32523726932818],[-123.59813053625591,48.32482417404645]]],[[[-123.23997333886685,48.434825863030966],[-123.24098433993818,48.4341222608108],[-123.24137683528468,48.43428325025215],[-123.24021843165461,48.43518616459181],[-123.23997333886685,48.434825863030966]]],[[[-123.65786875308663,48.31750806128758],[-123.65891375581475,48.31699816361126],[-123.65961752502938,48.31712065954944],[-123.6590422420557,48.317500973277276],[-123.65786875308663,48.31750806128758]]],[[[-123.60032753926568,48.32576705312449],[-123.59953274790924,48.32588804930657],[-123.59936954309947,48.32578984923656],[-123.60081994023054,48.325151774426395],[-123.60032753926568,48.32576705312449]]],[[[-123.6474219359304,48.37250105925755],[-123.6464768266912,48.372496756274],[-123.64625753043434,48.37222896537641],[-123.64742903081746,48.37192565316966],[-123.6474219359304,48.37250105925755]]],[[[-123.60664406067136,48.31582746304661],[-123.60723582433711,48.315690754323775],[-123.60764893257304,48.31633595870122],[-123.60677815026806,48.31674464958541],[-123.60664406067136,48.31582746304661]]],[[[-123.24105574922208,48.432079964448185],[-123.24217993856915,48.43250015283605],[-123.24173924247803,48.43392296143031],[-123.24154584617565,48.43292454849046],[-123.24105574922208,48.432079964448185]]],[[[-123.22972653952613,48.434936972717935],[-123.22834243564304,48.43403965918146],[-123.22901662081111,48.43342726012628],[-123.23058912247693,48.4341977610797],[-123.22972653952613,48.434936972717935]]],[[[-123.53164563333563,48.298556072950696],[-123.53032554868358,48.298697057541126],[-123.53270213284266,48.29775135646995],[-123.53221544131385,48.298778258789525],[-123.53164563333563,48.298556072950696]]],[[[-123.27302044617782,48.44564695059857],[-123.27199205333746,48.44571256684158],[-123.27236225747345,48.44400206966096],[-123.27363573236255,48.444457768801676],[-123.27302044617782,48.44564695059857]]],[[[-123.23859415422193,48.43195896352689],[-123.24000424517882,48.43253145661183],[-123.23915754240095,48.43399124603724],[-123.23849003980874,48.432831947038146],[-123.23859415422193,48.43195896352689]]],[[[-123.70715112583567,48.33372405882157],[-123.70639844250077,48.33293796142949],[-123.70837015121518,48.332160270331684],[-123.70827002141642,48.333645766710966],[-123.70715112583567,48.33372405882157]]],[[[-123.27392442857456,48.42032025990346],[-123.27597593623167,48.41964947414313],[-123.27695741509869,48.42136565995221],[-123.27436273267037,48.421416955636204],[-123.27392442857456,48.42032025990346]]],[[[-123.23628945228587,48.43524635778969],[-123.2336619474143,48.43535136357873],[-123.23211914264472,48.43471615506388],[-123.23653192221444,48.433357458527446],[-123.2379311363426,48.43467776631313],[-123.23628945228587,48.43524635778969]]],[[[-123.25335841809655,48.443218756707346],[-123.25200704310586,48.44312185509724],[-123.25315582655011,48.44040307007361],[-123.25652324118279,48.44033186780871],[-123.25335841809655,48.443218756707346]]],[[[-123.54457864631185,48.48706061009717],[-123.546380334081,48.483550811788824],[-123.5477903824237,48.48380023106989],[-123.548339079737,48.487108809051676],[-123.54457864631185,48.48706061009717]]],[[[-123.6355640585502,48.375742741532584],[-123.6332674797361,48.37546576817411],[-123.63306116745052,48.37332008009644],[-123.63089334719878,48.37239564874858],[-123.63667102677904,48.37341536143457],[-123.6355640585502,48.375742741532584]]],[[[-123.60476435308593,48.32798306058076],[-123.60605104061943,48.3259977663509],[-123.60953123401157,48.32713146252625],[-123.60739892264439,48.32931046400505],[-123.60476435308593,48.32798306058076]]],[[[-123.6261164238067,48.33407726140675],[-123.62632012517938,48.331970862334124],[-123.62414752775993,48.33200075549816],[-123.62389854744087,48.330372971048384],[-123.62868855315571,48.33143675758851],[-123.62785663972025,48.33415706088766],[-123.6261164238067,48.33407726140675]]],[[[-123.2540167396548,48.43963687417037],[-123.25171963297905,48.43981204906192],[-123.25450234411714,48.436728560520656],[-123.25166144115896,48.43352417047943],[-123.25378093424672,48.43036097179105],[-123.25620853730788,48.43180516110949],[-123.257746617657,48.430927756788414],[-123.26026682929614,48.437453551154924],[-123.25734784998892,48.43517626553505],[-123.25836314522617,48.43822255042753],[-123.25492265500647,48.43690806531521],[-123.25583894829586,48.43898455923126],[-123.2540167396548,48.43963687417037]]],[[[-123.24544083470367,48.441408564147395],[-123.24246824249369,48.44206364897523],[-123.24189383711034,48.44072355832851],[-123.24586525940717,48.439987165314456],[-123.24620314517074,48.43705335040614],[-123.24949855051264,48.43367227126527],[-123.24616282433327,48.43421915977503],[-123.24500873099502,48.43876527006234],[-123.24232821947982,48.43824965912266],[-123.24273945664031,48.43661036544905],[-123.24051292024956,48.4373438584322],[-123.24120512733987,48.43501246856791],[-123.24675872523201,48.431518860351595],[-123.24979334411853,48.43293445352299],[-123.25115213551788,48.43705186311957],[-123.24778665476356,48.44004556625586],[-123.24875153731575,48.44103257561191],[-123.24544083470367,48.441408564147395]]],[[[-123.59958674161408,48.363939504564655],[-123.60198638561104,48.360904153660925],[-123.61459121864675,48.365438710802195],[-123.60982381224856,48.37082239312042],[-123.59754155904464,48.36645041918046],[-123.59958674161408,48.363939504564655]]],[[[-123.24569383180219,48.42975856708016],[-123.24108152116176,48.4290036604182],[-123.24134304488929,48.42695997211118],[-123.23807242909449,48.42742567622864],[-123.23683914703841,48.42947935625112],[-123.23106473266476,48.42924017488841],[-123.22727323357321,48.42774464930829],[-123.22464933043132,48.42421407294244],[-123.22746462031328,48.42196806426624],[-123.23099934770846,48.4234464496875],[-123.23671922464777,48.423893657213725],[-123.2367921302878,48.42246227849303],[-123.23916792106165,48.42181006625538],[-123.23730573684918,48.41959105612179],[-123.24214444631461,48.41946434870644],[-123.24439862855023,48.42154656178928],[-123.24263454312566,48.4227741633229],[-123.249629439162,48.424252561962945],[-123.24826871848998,48.428079360138796],[-123.24569383180219,48.42975856708016]]],[[[-123.48290733419724,48.575838278159694],[-123.47700354283454,48.575080565188514],[-123.47362093411384,48.57297987709208],[-123.47662223282624,48.566391449641515],[-123.47544004098737,48.560197567237815],[-123.46624475237529,48.55793166526234],[-123.45837630132043,48.55890774210662],[-123.45776218158693,48.551218545072246],[-123.46056877160893,48.551161443382924],[-123.47144125358305,48.557266137802436],[-123.47165737219392,48.551195964819954],[-123.47459937439336,48.54875902318678],[-123.46990336069571,48.54652209329218],[-123.46961720232947,48.54399740611353],[-123.48856214623567,48.54402993209991],[-123.48850077433558,48.55022338362593],[-123.49333489224581,48.55021035367128],[-123.49378189132942,48.5580390163758],[-123.50376465644051,48.55852884972826],[-123.49470891833542,48.5654685602473],[-123.49134512953664,48.570719657576326],[-123.4916529230981,48.573119463216194],[-123.48882555044993,48.573707651764714],[-123.48764204859881,48.57763555844276],[-123.48290733419724,48.575838278159694]]],[[[-123.70101953417138,48.37470574971689],[-123.6911794490293,48.37405486497988],[-123.68535533290857,48.37674376018402],[-123.68230014624154,48.37643754861258],[-123.68160672409323,48.3690017592041],[-123.66299661769952,48.36349715509301],[-123.65615671942881,48.36807885573596],[-123.6518912275931,48.36508946721754],[-123.66219823417181,48.36126116118855],[-123.65879583998209,48.35913905883937],[-123.6542290554702,48.360002164440466],[-123.65241922636692,48.357763352309405],[-123.65289911913811,48.3635726604242],[-123.65007291672308,48.36541415672197],[-123.6480677384009,48.365831474737746],[-123.64467385257437,48.36333056924201],[-123.63829262781007,48.36486016447447],[-123.63546163866314,48.36293176436595],[-123.63430455197602,48.36771565202502],[-123.63705756107481,48.369617064778325],[-123.63668165523029,48.37200255676607],[-123.635107219076,48.37247115854952],[-123.6275263360547,48.37018761506075],[-123.62629587665512,48.358614425737926],[-123.62310870029913,48.35840404996337],[-123.62634974032358,48.35571382775036],[-123.62385664198521,48.35757085694236],[-123.62242679846158,48.35429210701262],[-123.61925875889125,48.353224081662525],[-123.61544104716052,48.35997110325301],[-123.6097911900641,48.36157009362626],[-123.60307392259867,48.35947884832723],[-123.62163256830704,48.33718276655189],[-123.62611464815225,48.33512977239366],[-123.6272999539385,48.33706666215577],[-123.6283268284579,48.33505426065161],[-123.63239324068816,48.33434935513739],[-123.63498423797013,48.32781217605106],[-123.6293622417124,48.32588096733059],[-123.63550983778255,48.324498070743516],[-123.63785625946556,48.31682016735964],[-123.64250084493278,48.317180446106185],[-123.64659293300369,48.314485874644504],[-123.65431454129731,48.313812256584804],[-123.65273195253799,48.31555825567641],[-123.65434035950423,48.31688996062241],[-123.6676557370902,48.320258171200905],[-123.66647704925776,48.3218931477808],[-123.66852804655203,48.32199005259949],[-123.66869634216805,48.32346405687358],[-123.67069784546591,48.321806258894384],[-123.66963812644164,48.32331457016924],[-123.67191414972942,48.32408365108243],[-123.66975995124396,48.32540095934326],[-123.67866524140838,48.33051395055215],[-123.68154844022341,48.330315971511006],[-123.68581923998073,48.33578777401591],[-123.69137415384603,48.335475854114165],[-123.69624434276415,48.33845106783617],[-123.70477703555822,48.3396858498482],[-123.70703195079909,48.33872736039274],[-123.70680295362283,48.33685736216782],[-123.70862483376078,48.33690006877557],[-123.708896886304,48.33866128772421],[-123.70522654638937,48.34158056011705],[-123.7052527320649,48.35052788852714],[-123.70239848460382,48.352379670928535],[-123.70455543971877,48.35596300203007],[-123.70927997383642,48.35664677999558],[-123.70330032456664,48.35797696879451],[-123.70386784465607,48.36191345410312],[-123.71243623990314,48.36445995788689],[-123.716388344903,48.36320376153673],[-123.71712723183063,48.36577165660314],[-123.71343754535589,48.36552525048054],[-123.70749484659967,48.37231876148012],[-123.70597474423916,48.37174335323981],[-123.70101953417138,48.37470574971689]]],[[[-124.02569355588301,48.43003238445452],[-124.01483730713154,48.430014888830776],[-124.01510139120735,48.41889569655742],[-124.00335193214097,48.41888842694554],[-124.00347960718214,48.41679682208615],[-123.98167513641667,48.41666375639802],[-123.98182120467258,48.40746713018534],[-123.97146500014716,48.40767795571334],[-123.97134071709944,48.403975325134994],[-123.94993620437667,48.403682479162256],[-123.94992787972276,48.40511392557919],[-123.94008365893569,48.40612831633752],[-123.93633101317354,48.405959906238444],[-123.93645096490847,48.4043837698089],[-123.92336300352784,48.404230799917684],[-123.92328615231352,48.40239669693432],[-123.91227448067134,48.402366507091806],[-123.91223397970323,48.405167601068854],[-123.88942420810041,48.40262757339179],[-123.86562097942165,48.40293689805168],[-123.86626191809495,48.389823068619975],[-123.85782459715008,48.38808980846782],[-123.83737541153762,48.38793386032336],[-123.78519634759037,48.406565314620025],[-123.74494370523759,48.41893861561646],[-123.74496042315461,48.421371673361094],[-123.74637314543116,48.42139452887964],[-123.74599197451982,48.43370128882462],[-123.75008497334053,48.43373753999978],[-123.75005996416033,48.43572238853842],[-123.74754792315483,48.435787361047936],[-123.74744676197636,48.43856195986568],[-123.74176436849312,48.43855440481206],[-123.74160828086609,48.44253244626196],[-123.72872636470369,48.44188885427067],[-123.7285655564464,48.43842686712358],[-123.72709816529888,48.43837631345491],[-123.72693060652452,48.4310478393469],[-123.72387728490017,48.431038172157955],[-123.72370520546862,48.4274378463754],[-123.71811914310099,48.42861393364194],[-123.71744406819016,48.41300407847508],[-123.72828128106664,48.412988952784225],[-123.72799530833116,48.40271067400132],[-123.73969652946838,48.39908815575432],[-123.74806107829005,48.401591619778394],[-123.74808542768932,48.39757043701525],[-123.76357453103562,48.39284177380275],[-123.75491497490425,48.38070024888535],[-123.76973864284673,48.37689697892573],[-123.77403740011592,48.3833003024168],[-123.76940003003503,48.38474189530477],[-123.77272440654681,48.39040774237557],[-123.78257804030353,48.38663273553115],[-123.78017894733159,48.381208522105375],[-123.77520272800896,48.37557958967048],[-123.78484717015574,48.37381605699146],[-123.78427622390053,48.365387164590274],[-123.79759815204517,48.36417226936621],[-123.82211922674631,48.35692726501982],[-123.83703335822211,48.370710764922045],[-123.84829044504225,48.37286847489026],[-123.86089113695883,48.3786678520055],[-123.86670832515385,48.379280264724116],[-123.86484034753039,48.38060904913281],[-123.86593102670032,48.381211458022086],[-123.86913613428538,48.37901967043444],[-123.87556034417938,48.381138871593144],[-123.89717085816002,48.382078862959276],[-123.89616672553743,48.38174556558532],[-123.90533175005686,48.37918196675428],[-123.91140533613914,48.37971897008317],[-123.91581395541829,48.37706566132018],[-123.92111194994115,48.37656426688664],[-123.94092104586171,48.3852291528855],[-123.94140973697004,48.38751076719016],[-123.9488255526193,48.3955205707338],[-123.95690452667115,48.39627107297775],[-123.96654841751048,48.39400515789471],[-123.97121222011369,48.39494656060773],[-123.9764090549787,48.39253536708351],[-123.9821564315557,48.39573556293401],[-123.98643404282245,48.3954735753373],[-123.98535733972834,48.39772234869745],[-123.99345245976642,48.40695546901393],[-124.01123093255451,48.41075957914662],[-124.02024981697042,48.41576285940859],[-124.0306972526197,48.417199862786404],[-124.0381686540516,48.42099106264096],[-124.04680705660351,48.419833256487124],[-124.0552818537044,48.421079370282705],[-124.05220848437791,48.42528500270155],[-124.05146033273382,48.43069028496761],[-124.02569355588301,48.43003238445452]]],[[[-123.71047739629154,48.50050759910904],[-123.63622650335952,48.5009071473201],[-123.63571825440016,48.514729122120414],[-123.64129368778136,48.51485552699928],[-123.64035622078207,48.52595408607485],[-123.61710085779963,48.525597931363755],[-123.61683217848882,48.52912497324224],[-123.60882900853582,48.52901792301171],[-123.60866236647053,48.521706828995455],[-123.58643615551819,48.521211529606994],[-123.58624579201931,48.525088253395374],[-123.58097677539256,48.52472310655335],[-123.58111928658474,48.53176005922929],[-123.57919553532342,48.53169826908463],[-123.57926329906981,48.535676640010266],[-123.55547527731107,48.53602312978141],[-123.54464764568559,48.526685964906726],[-123.545427146207,48.52360534618041],[-123.54247914622756,48.51888695836563],[-123.54387095609842,48.51470546061626],[-123.54953443969279,48.51264606881033],[-123.54786372783994,48.50824526243381],[-123.55708422895586,48.50783365706352],[-123.55516158793517,48.50443529436887],[-123.55688854871012,48.504464313207336],[-123.55712986031772,48.497527580110365],[-123.55949885550031,48.49411298731655],[-123.55824265675575,48.484146594679444],[-123.55294714403468,48.477629686164],[-123.55448444449179,48.47377649701794],[-123.55779394943674,48.47162368615307],[-123.55744711852297,48.46726197952452],[-123.57223152833834,48.463446692526055],[-123.57374695084602,48.4618672837099],[-123.57201165437428,48.45957937977365],[-123.56349603960437,48.45879388518854],[-123.55820536913762,48.45565312476015],[-123.56291902245773,48.44589118253533],[-123.56163167408351,48.445416457823555],[-123.56561069838777,48.43919769932431],[-123.57145144939274,48.43862685580488],[-123.57117380134099,48.432280523576125],[-123.56939037507544,48.43235900947933],[-123.57483070147246,48.42590420185601],[-123.58054577750612,48.42489982331856],[-123.64559248164322,48.42435512887711],[-123.64569094557618,48.428252484199646],[-123.7119170953037,48.42839911632209],[-123.71794120183847,48.44094347143942],[-123.73333870665091,48.44983144754608],[-123.73353337865663,48.45323618076987],[-123.73822342964046,48.45642921204439],[-123.73928283597861,48.474168059873314],[-123.75212008295723,48.47394103177132],[-123.75221314773917,48.47985382494515],[-123.74923952670576,48.47987920096473],[-123.7492744217384,48.487695223726995],[-123.74474568567378,48.48775083264642],[-123.74618842872388,48.4887335210453],[-123.74607023460293,48.493263481719325],[-123.7489879345186,48.494133145952176],[-123.74902960557893,48.49684691934154],[-123.75038469249935,48.49682823732687],[-123.75065812541415,48.500806077709086],[-123.71047739629154,48.50050759910904]]]]},"bbox":[-124.0552818537044,48.29680857271247,-123.22388992741739,48.57763555844276]},{"id":"5917056","type":"Feature","properties":{},"geometry":{"type":"MultiPolygon","coordinates":[[[[-124.45962665454171,48.537198052168584],[-124.45961245016312,48.53713535480833],[-124.4599237551407,48.53713255566213],[-124.45980485748707,48.5372407700581],[-124.45962665454171,48.537198052168584]]],[[[-124.49611423958153,48.541453573738075],[-124.49622095942888,48.541443562289345],[-124.49645545633479,48.54159316569677],[-124.49622525542307,48.541604562515914],[-124.49611423958153,48.541453573738075]]],[[[-124.46130485509315,48.53479395969375],[-124.46142405863684,48.53469286449647],[-124.46152082327734,48.534754055207245],[-124.46136443830724,48.5349634713718],[-124.46130485509315,48.53479395969375]]],[[[-124.49194244490778,48.54475486766202],[-124.49218662878606,48.54476057182961],[-124.49204502845288,48.54497845405583],[-124.49184012332918,48.54493716073801],[-124.49194244490778,48.54475486766202]]],[[[-124.45850013671031,48.53759116262272],[-124.45863114528275,48.53747286561842],[-124.45894496295944,48.537477165319515],[-124.45875904993804,48.537650961615626],[-124.45850013671031,48.53759116262272]]],[[[-124.49323184201089,48.543461648096105],[-124.49363744981113,48.543428963086185],[-124.493670254226,48.543581358476466],[-124.493345543861,48.543604158374364],[-124.49323184201089,48.543461648096105]]],[[[-124.45896535674756,48.536775059334474],[-124.45911035262979,48.53667395869608],[-124.45935536218818,48.536689569684306],[-124.45911873093006,48.53693457517251],[-124.45896535674756,48.536775059334474]]],[[[-124.4937574417355,48.543337753509356],[-124.49427512561428,48.54343897019645],[-124.49430434424066,48.543528654762895],[-124.4940222317733,48.543621273090224],[-124.4937574417355,48.543337753509356]]],[[[-124.4595846566396,48.536668265967386],[-124.45980953052471,48.536512956786915],[-124.45995374916829,48.53678076851449],[-124.45965784774627,48.53687477425107],[-124.4595846566396,48.536668265967386]]],[[[-124.47199924391046,48.55695036984188],[-124.4723746363636,48.55678375130129],[-124.47254164190643,48.556934768453786],[-124.47246293995639,48.55704437390079],[-124.47199924391046,48.55695036984188]]],[[[-124.45966455624452,48.53565116484904],[-124.4597950449635,48.53596465382379],[-124.45944354225911,48.536004571865504],[-124.45949044769435,48.535779564789344],[-124.45966455624452,48.53565116484904]]],[[[-124.45908723770687,48.53725075510568],[-124.45935654978516,48.53721935876225],[-124.45948285689084,48.53738886951218],[-124.45910671895668,48.53745725892174],[-124.45908723770687,48.53725075510568]]],[[[-124.49465714467875,48.54171566710965],[-124.49597674262729,48.54143785891381],[-124.4963004243279,48.541792567712776],[-124.49485313200063,48.54191076064101],[-124.49465714467875,48.54171566710965]]],[[[-124.45941642622438,48.53220756729341],[-124.45994153865483,48.531166473958464],[-124.46086103548528,48.53111097135469],[-124.45989724715024,48.53248105585873],[-124.45941642622438,48.53220756729341]]],[[[-124.35685530255574,48.680749672146675],[-124.2808315699144,48.68074476515535],[-124.28005455363149,48.72120522577255],[-124.20030293466834,48.65608942992038],[-124.17479765961663,48.65593120993228],[-124.17488006862376,48.651260798788684],[-124.16171361973583,48.651005242847695],[-124.16172983646199,48.647780909900376],[-124.155200260205,48.647598994595064],[-124.15510422158236,48.64050271617683],[-124.1424861602609,48.64066018144104],[-124.14217261927524,48.63572586978266],[-124.11376346192492,48.63592815995538],[-124.11365974336984,48.64981610592781],[-124.02310177148269,48.64907419642722],[-124.02264589140925,48.64424255740289],[-123.94642074763473,48.64436476383365],[-123.94606729333074,48.63849530907861],[-123.93181618917458,48.638510645151655],[-123.91680970293197,48.6428028395217],[-123.91538159029683,48.644285791284744],[-123.91510161435342,48.650215405957525],[-123.90617175253094,48.652270397703745],[-123.90603272526116,48.64532717923926],[-123.90214243887166,48.6452576652228],[-123.90193783753817,48.638940002114474],[-123.89802693813061,48.63903265031979],[-123.89633532074582,48.63679693782417],[-123.88894415116955,48.63892131309797],[-123.88519690057163,48.63734687076006],[-123.8781958402771,48.63782247858307],[-123.87401000662281,48.64018663667308],[-123.85320326013021,48.63956733778814],[-123.85360056835623,48.603294385926226],[-123.84882580732665,48.60316809028839],[-123.84839575746345,48.605767031005705],[-123.83105870810826,48.60572320869375],[-123.83114430783543,48.59911725260678],[-123.82655527869534,48.59921326730008],[-123.82639811150291,48.59747795140463],[-123.8144731672635,48.59745568531024],[-123.8145710397923,48.5991339180372],[-123.8096639394849,48.59914986144805],[-123.80982854959927,48.59777030175517],[-123.80709580651337,48.597727659406694],[-123.80712322181138,48.59603998764788],[-123.80436384913551,48.59580926583226],[-123.80451854892794,48.59399340528922],[-123.80115200524877,48.59392846960502],[-123.80112001873172,48.588395023868486],[-123.82079635234437,48.58840091383021],[-123.82103809664557,48.57498021055792],[-123.7794894788811,48.57464299405964],[-123.77970759620716,48.581832691545976],[-123.78523287647945,48.581853266162994],[-123.78512960641594,48.5887952244515],[-123.79055856803195,48.5888617414299],[-123.79028655004021,48.5936496460113],[-123.77132082276468,48.59379756472823],[-123.77114544127734,48.601045255732046],[-123.76578915592229,48.60088470635654],[-123.76573577060036,48.6046065147168],[-123.74444040140986,48.60555938666176],[-123.74566667654729,48.62288968464423],[-123.72261050653357,48.62279550810986],[-123.7222896262418,48.61930892589012],[-123.71506684600176,48.61928376586012],[-123.7145930951562,48.61310551870635],[-123.70095564839379,48.612939246083904],[-123.70102036731605,48.61642793343208],[-123.69289178946146,48.61645396043419],[-123.69320339136772,48.62215435794448],[-123.6883750877236,48.622132442917575],[-123.68820876571542,48.602820961686525],[-123.66882758388756,48.60247400805809],[-123.66896038418389,48.59881436192668],[-123.66116998311252,48.598953940667414],[-123.66138131207845,48.60676095466879],[-123.66697626347533,48.60680537177347],[-123.66685074326755,48.60845843199084],[-123.65826588434034,48.608365017366204],[-123.6583019819223,48.60205311888942],[-123.65287214128352,48.60189246713214],[-123.65296400450642,48.596699906667],[-123.6475739108784,48.59665326746397],[-123.64807713994122,48.580488664318864],[-123.64011371420018,48.580368537080034],[-123.64013829146708,48.57287225848002],[-123.64339023398188,48.573116663702194],[-123.64361869488059,48.570038690924726],[-123.64557141821959,48.56998714798772],[-123.64568074022529,48.56196971747134],[-123.63461904761208,48.56180109612046],[-123.63507601048379,48.54710374791271],[-123.62832751654744,48.54702912540527],[-123.62747427730058,48.53237050537657],[-123.61709649525461,48.531958341622754],[-123.61710085779963,48.525597931363755],[-123.64035622078207,48.52595408607485],[-123.64129368778136,48.51485552699928],[-123.63571825440016,48.514729122120414],[-123.63622650335952,48.5009071473201],[-123.75065812541415,48.500806077709086],[-123.75038469249935,48.49682823732687],[-123.74902960557893,48.49684691934154],[-123.7489879345186,48.494133145952176],[-123.74607023460293,48.493263481719325],[-123.74618842872388,48.4887335210453],[-123.74472121864387,48.48865383693507],[-123.7492744217384,48.487695223726995],[-123.74923952670576,48.47987920096473],[-123.75221314773917,48.47985382494515],[-123.75212008295723,48.47394103177132],[-123.7461813911852,48.474016850897755],[-123.74600201580441,48.47049976737295],[-123.74485247390876,48.470494157557624],[-123.74489883697645,48.466797277446496],[-123.7502721060957,48.466822542614544],[-123.74984005220281,48.46017534848147],[-123.74684282468502,48.46019379201314],[-123.74677632340428,48.457431041132246],[-123.7425087820363,48.45733646624232],[-123.74272836027447,48.45076187375354],[-123.74150504820476,48.45072986472824],[-123.74176436849312,48.43855440481206],[-123.74744676197636,48.43856195986568],[-123.74754792315483,48.435787361047936],[-123.75005996416033,48.43572238853842],[-123.75008497334053,48.43373753999978],[-123.74599197451982,48.43370128882462],[-123.74637314543116,48.42139452887964],[-123.74496042315461,48.421371673361094],[-123.74494370523759,48.41893861561646],[-123.78519634759037,48.406565314620025],[-123.83737541153762,48.38793386032336],[-123.85782459715008,48.38808980846782],[-123.86626191809495,48.389823068619975],[-123.86562097942165,48.40293689805168],[-123.88942420810041,48.40262757339179],[-123.91223397970323,48.405167601068854],[-123.91227448067134,48.402366507091806],[-123.92328615231352,48.40239669693432],[-123.92336300352784,48.404230799917684],[-123.93645096490847,48.4043837698089],[-123.93633101317354,48.405959906238444],[-123.94008365893569,48.40612831633752],[-123.94992787972276,48.40511392557919],[-123.94993620437667,48.403682479162256],[-123.97134071709944,48.403975325134994],[-123.97146500014716,48.40767795571334],[-123.98182120467258,48.40746713018534],[-123.98167513641667,48.41666375639802],[-124.00347960718214,48.41679682208615],[-124.00335193214097,48.41888842694554],[-124.01510139120735,48.41889569655742],[-124.01483730713154,48.430014888830776],[-124.05146033273382,48.43069028496761],[-124.05220848437791,48.42528500270155],[-124.05516947249252,48.42188978084559],[-124.06967143821312,48.42281697306062],[-124.08883995766652,48.430509065195025],[-124.09567793296407,48.43536566321433],[-124.10688644658399,48.43228935249829],[-124.1076719463602,48.43364096802431],[-124.11128762629349,48.433875960051076],[-124.11131083332634,48.435566472663616],[-124.11612534349439,48.439353453520155],[-124.14119582875887,48.44360615319964],[-124.14778983331051,48.44640037987636],[-124.15100363100076,48.44564846436983],[-124.16562604329864,48.45108037111005],[-124.20677873506597,48.45733125769343],[-124.21784685430316,48.461982654058254],[-124.25086404452468,48.47070594651456],[-124.27307052721106,48.4806198548679],[-124.29231285858003,48.48483125912276],[-124.2941321315711,48.48830206645683],[-124.29161962825229,48.491154766860205],[-124.29748725831907,48.49457146908402],[-124.2994372405663,48.49883975791501],[-124.3041556267043,48.502350463848735],[-124.30947162896359,48.50426036829132],[-124.36496292257019,48.50866256009624],[-124.3938815328727,48.51598016775666],[-124.39794073991358,48.51780315135786],[-124.40006872392308,48.52132096158995],[-124.40246212947058,48.51879156565793],[-124.40602942531186,48.51843265881251],[-124.4122271246712,48.51972436781226],[-124.41888783192712,48.523519977424804],[-124.43363982631844,48.52317527011879],[-124.43516452204975,48.52492846283382],[-124.44632733786071,48.52543697463932],[-124.44685543889153,48.52733824962116],[-124.45852643258411,48.531445678198764],[-124.4564721560458,48.53393655620028],[-124.4577802476022,48.535638573456225],[-124.44765773336692,48.54364686919583],[-124.44221302312774,48.54561366309772],[-124.44226794924263,48.547062069029636],[-124.43873033696413,48.54651236161569],[-124.4366274512293,48.54837375792002],[-124.43017333190033,48.54967836299929],[-124.42632431531183,48.55393675827958],[-124.4213466495211,48.55480697021026],[-124.42108503711337,48.5532175698393],[-124.41479053751897,48.556390661336515],[-124.4077487349962,48.556071661495324],[-124.40546513923856,48.55829487021667],[-124.39879302348378,48.55909666709882],[-124.3992030947376,48.56069326204348],[-124.4019338502802,48.56142387188583],[-124.40186842588297,48.566782429860055],[-124.40063101074254,48.566686501369745],[-124.40159906472468,48.58498437072344],[-124.41249280679047,48.58478965711122],[-124.41260039252332,48.578875510879186],[-124.4168317583374,48.57505206737513],[-124.43618004850072,48.56991784649029],[-124.44549634874838,48.56479925913884],[-124.46619684150767,48.561073474998196],[-124.47241094997645,48.55855547112881],[-124.47589235856513,48.55380576138971],[-124.48989064658879,48.547778468133444],[-124.4960152570806,48.54315546388273],[-124.500614597818,48.543949112172726],[-124.50035560415053,48.55959354132443],[-124.49825579400323,48.559704411334636],[-124.49858288919114,48.5921203086061],[-124.48799283976265,48.59220130043973],[-124.49018407120738,48.63414158801781],[-124.44727141850994,48.63490763915904],[-124.44731101286808,48.62652472812558],[-124.42878312354225,48.62724527388036],[-124.42648775951943,48.62469431084093],[-124.42134383329044,48.626293400867965],[-124.42247801621963,48.627897534637036],[-124.42101468078835,48.62817949754475],[-124.4217753382491,48.633245303900026],[-124.41928974092737,48.633195725509616],[-124.41865525466162,48.63684629486148],[-124.41268437457718,48.63685733634234],[-124.41369576311614,48.665685754200794],[-124.38281753159524,48.66433749188186],[-124.38186423939393,48.665477968703776],[-124.37793253321637,48.67370276796956],[-124.37945474428956,48.67719356939457],[-124.37998027092738,48.69526752002294],[-124.35683778082937,48.69519237742241],[-124.35685530255574,48.680749672146675]]]]},"bbox":[-124.500614597818,48.38793386032336,-123.61709649525461,48.72120522577255]},{"id":"5917801","type":"Feature","properties":{},"geometry":{"type":"Polygon","coordinates":[[[-123.46477628391114,48.63006890184955],[-123.44414481946183,48.63001390586335],[-123.44371652671995,48.615799912892044],[-123.47141791645669,48.6158739598567],[-123.4710312350195,48.61959135536786],[-123.46526084403416,48.626460372044626],[-123.46477628391114,48.63006890184955]]]},"bbox":[-123.47141791645669,48.615799912892044,-123.44371652671995,48.63006890184955]},{"id":"5917802","type":"Feature","properties":{},"geometry":{"type":"Polygon","coordinates":[[[-123.44404820508657,48.66618181408528],[-123.44412588877762,48.662668094358395],[-123.45111672518541,48.66256110092866],[-123.45813415047765,48.666310501492795],[-123.44404820508657,48.66618181408528]]]},"bbox":[-123.45813415047765,48.66256110092866,-123.44404820508657,48.666310501492795]},{"id":"5917803","type":"Feature","properties":{},"geometry":{"type":"Polygon","coordinates":[[[-123.39310293037937,48.59390768463876],[-123.3947018195962,48.59285325518585],[-123.390889021318,48.59404754249536],[-123.37292233202575,48.589255750358184],[-123.37440654748185,48.59204006552639],[-123.37754954795844,48.59151596044602],[-123.37466998759811,48.594003086927735],[-123.37148049213792,48.59404321494267],[-123.3726110272839,48.59119976823559],[-123.36979352641302,48.58813206401293],[-123.3712528343487,48.582833151063646],[-123.40344455443825,48.5832778987027],[-123.40347075232488,48.59412546701483],[-123.39310293037937,48.59390768463876]]]},"bbox":[-123.40347075232488,48.582833151063646,-123.36979352641302,48.59412546701483]},{"id":"5917804","type":"Feature","properties":{},"geometry":{"type":"Polygon","coordinates":[[[-123.46338826115168,48.590678937403204],[-123.44370749020061,48.590712725243414],[-123.44435998304535,48.58142818282041],[-123.4412323761634,48.58135846223071],[-123.44120403036285,48.579714234772595],[-123.47024733481759,48.57976927724238],[-123.4702298270283,48.581557857794635],[-123.46593021789252,48.5828083567531],[-123.46686385154827,48.58689725546409],[-123.46464135159974,48.59019995667649],[-123.46588195510762,48.59050152707979],[-123.46338826115168,48.590678937403204]]]},"bbox":[-123.47024733481759,48.579714234772595,-123.44120403036285,48.590712725243414]},{"id":"5917805","type":"Feature","properties":{},"geometry":{"type":"Polygon","coordinates":[[[-123.58416000889036,49.011230893335004],[-123.58242268107722,49.00257809048724],[-123.58832059307387,49.00220151564825],[-123.58687353992472,49.00493255215612],[-123.5850226286158,49.00450965630282],[-123.58772902128837,49.00910266765604],[-123.58470394904708,49.00765996181064],[-123.58596693060613,49.01283557255774],[-123.58416000889036,49.011230893335004]]]},"bbox":[-123.58832059307387,49.00220151564825,-123.58242268107722,49.01283557255774]},{"id":"5917809","type":"Feature","properties":{},"geometry":{"type":"Polygon","coordinates":[[[-123.61227583813447,48.34591663542943],[-123.60426439687802,48.34233166105037],[-123.59643568817874,48.349384546266144],[-123.57248355248858,48.34114921602556],[-123.5749553402327,48.33804001975823],[-123.5910626215761,48.34245875715623],[-123.59145433207392,48.34015297697773],[-123.59423882448871,48.33807937021773],[-123.59556504597049,48.33965596983411],[-123.60039435155875,48.337147869719644],[-123.60336032554926,48.33814765354889],[-123.60386283021546,48.33493325537489],[-123.60859886304515,48.33385656599576],[-123.61431283156703,48.336669372751544],[-123.62270279529764,48.33637097003419],[-123.61227583813447,48.34591663542943]]]},"bbox":[-123.62270279529764,48.33385656599576,-123.57248355248858,48.349384546266144]},{"id":"5917811","type":"Feature","properties":{},"geometry":{"type":"Polygon","coordinates":[[[-123.4341869933188,48.44646488413919],[-123.42660349817542,48.446552800155224],[-123.42660940329276,48.44167615891788],[-123.43158692295417,48.44195401302313],[-123.43096492850182,48.44437236401605],[-123.43598485457998,48.446189666689236],[-123.4341869933188,48.44646488413919]]]},"bbox":[-123.43598485457998,48.44167615891788,-123.42660349817542,48.446552800155224]},{"id":"5917812","type":"Feature","properties":{},"geometry":{"type":"Polygon","coordinates":[[[-123.41267660840991,48.44674291152984],[-123.43053830558073,48.439563067729495],[-123.43681895753855,48.44110236054874],[-123.43399454682343,48.44276017188774],[-123.42660940329276,48.44167615891788],[-123.42680273389406,48.4462402643693],[-123.4247505347353,48.45103194745211],[-123.41267660840991,48.44674291152984]]]},"bbox":[-123.43681895753855,48.439563067729495,-123.41267660840991,48.45103194745211]},{"id":"5917815","type":"Feature","properties":{},"geometry":{"type":"Polygon","coordinates":[[[-124.40101956486873,48.5676128746704],[-124.40186842588297,48.566782429860055],[-124.40945502568782,48.57455785743655],[-124.41463487202336,48.5763675345291],[-124.41260039252332,48.578875510879186],[-124.41249280679047,48.58478965711122],[-124.40159906472468,48.58498437072344],[-124.40101956486873,48.5676128746704]]]},"bbox":[-124.41463487202336,48.566782429860055,-124.40101956486873,48.58498437072344]},{"id":"5917819","type":"Feature","properties":{},"geometry":{"type":"MultiPolygon","coordinates":[[[[-123.68963189014752,48.389725458299736],[-123.68893480685354,48.388394545759674],[-123.69457641888762,48.38627683692144],[-123.69293239036233,48.38435024987915],[-123.69647671689542,48.38337296845766],[-123.70253661808955,48.38626781854489],[-123.68963189014752,48.389725458299736]]],[[[-123.7412058357601,48.3662496177627],[-123.73997880895762,48.36278107657916],[-123.75375525954962,48.359294368134975],[-123.75386767545245,48.36401095663729],[-123.7412058357601,48.3662496177627]]]]},"bbox":[-123.75386767545245,48.359294368134975,-123.68893480685354,48.389725458299736]}],"bbox":[-124.500614597818,48.29680857271247,-123.04087113261808,49.014164370098506]}