{"type":"FeatureCollection","features":[{"id":"5919008","type":"Feature","properties":{},"geometry":{"type":"MultiPolygon","coordinates":[[[[-123.60167591915784,48.799921964797676],[-123.6019201278868,48.79985785260197],[-123.60200145087924,48.79989345342713],[-123.60189381770854,48.799983158695994],[-123.60167591915784,48.799921964797676]]],[[[-123.6917876362661,48.907062377625465],[-123.69204694065331,48.907086559082394],[-123.69227192042567,48.9074995630401],[-123.69199662722787,48.90739277636089],[-123.6917876362661,48.907062377625465]]],[[[-123.6302182624118,48.75973646539067],[-123.63078328999016,48.75970753414941],[-123.63103835465701,48.75997577058986],[-123.63084982994398,48.760048355131055],[-123.6302182624118,48.75973646539067]]],[[[-123.71793163129846,48.93057766062838],[-123.71825703026366,48.930577470202984],[-123.7185673602482,48.93125826360831],[-123.71832232233214,48.93119706165986],[-123.71793163129846,48.93057766062838]]],[[[-123.64338047413538,48.88384148466306],[-123.64318260494626,48.883661074354954],[-123.64437554493696,48.88349736061741],[-123.6439009312682,48.883733758406926],[-123.64338047413538,48.88384148466306]]],[[[-123.69245623535151,48.90699547305521],[-123.69308543501037,48.90708947163495],[-123.69335103122528,48.907690453027755],[-123.69286004328188,48.90771175593956],[-123.69245623535151,48.90699547305521]]],[[[-123.69194495643798,48.90566665878303],[-123.6923863250309,48.90591587264887],[-123.69234192851428,48.90666215207166],[-123.69156023267254,48.90637876334206],[-123.69194495643798,48.90566665878303]]],[[[-123.650434743222,48.88580177233454],[-123.65104885659561,48.88580746036468],[-123.6521268446543,48.88688985248724],[-123.65160805241187,48.886838554647916],[-123.650434743222,48.88580177233454]]],[[[-123.64136174143925,48.75945727240153],[-123.6411712006123,48.75943803207564],[-123.64400692027132,48.759381411036536],[-123.64362613722408,48.76016656428387],[-123.64136174143925,48.75945727240153]]],[[[-123.59965781954705,48.79406705765139],[-123.60102994368606,48.793663949863614],[-123.60151526101802,48.79439886582931],[-123.60009952433289,48.79447006589795],[-123.59965781954705,48.79406705765139]]],[[[-123.63665653939373,48.759578358208984],[-123.63349492804227,48.76051125773389],[-123.63284854197485,48.76034594868728],[-123.63322017881023,48.759624649488394],[-123.63665653939373,48.759578358208984]]],[[[-123.64540344975603,48.777774853870575],[-123.64965974298615,48.7774309964005],[-123.64970837495318,48.77820429249856],[-123.6482522271999,48.7778304693876],[-123.64540344975603,48.777774853870575]]],[[[-123.66515754851403,48.88821865861419],[-123.66416732831497,48.888611755001854],[-123.6648389385084,48.887788563276196],[-123.66233873654407,48.887542176155414],[-123.66646304484753,48.887888255677716],[-123.66515754851403,48.88821865861419]]],[[[-123.65948952395097,48.8845997633856],[-123.65928685212113,48.88260295932676],[-123.66201781828528,48.882812362925954],[-123.66177123171511,48.883695371480336],[-123.65948952395097,48.8845997633856]]],[[[-123.66222994225737,48.886472568147745],[-123.66103434842631,48.886929770737204],[-123.66206223600548,48.886230470586455],[-123.66080225723144,48.88473646969375],[-123.66427312876691,48.88622756355914],[-123.66222994225737,48.886472568147745]]],[[[-123.59941125389112,48.75845327075436],[-123.59706744385201,48.759247975261275],[-123.59660313268546,48.75793627084227],[-123.60160985960569,48.755850667880985],[-123.60239743827306,48.76322578264715],[-123.5989277964931,48.763163920843226],[-123.60047773120876,48.76111936317654],[-123.59941125389112,48.75845327075436]]],[[[-123.6851694248688,48.77228796022956],[-123.68488392686533,48.769651901154155],[-123.69873051689991,48.769610729748145],[-123.69874301830237,48.771963259381394],[-123.6851694248688,48.77228796022956]]],[[[-123.64018430010076,48.76619345402965],[-123.63235140842067,48.76606540340876],[-123.63180723787367,48.76276857035222],[-123.63726445574062,48.76007826420412],[-123.64588113249006,48.76098514277605],[-123.64375318419295,48.7661894479108],[-123.64018430010076,48.76619345402965]]],[[[-123.62919695824057,48.76980148207685],[-123.6158130186776,48.770036418227086],[-123.61577327761216,48.76674552553745],[-123.60964711316036,48.766750618442536],[-123.61032745107507,48.75826006596247],[-123.6182706344245,48.76395776581277],[-123.62182153805932,48.763974875369684],[-123.62492654265974,48.76645015312649],[-123.6292191543623,48.76364735767212],[-123.62908415000487,48.76149816084723],[-123.63188585285367,48.761117963597414],[-123.63091343284458,48.76529226764276],[-123.63203941381748,48.76609426275166],[-123.62876311266963,48.76680224098448],[-123.62919695824057,48.76980148207685]]],[[[-123.73763162509742,48.93612610176926],[-123.73699038104347,48.93706199212834],[-123.73144803735126,48.93538846103691],[-123.72382364383273,48.93214416983736],[-123.7224770474594,48.92963325960977],[-123.71597214081393,48.928288770669354],[-123.71009654744543,48.91828516473656],[-123.70356274546103,48.918612647379476],[-123.70652034396521,48.92704255909298],[-123.70621853612295,48.92980557715295],[-123.70438805674836,48.92867476880739],[-123.7023747244885,48.9195384613952],[-123.69754721499757,48.91689505902252],[-123.69703004776326,48.91217526246167],[-123.69909724462461,48.9135852550084],[-123.6927990260154,48.90624625522014],[-123.69202614460497,48.904550052980625],[-123.6938392324512,48.905501477458486],[-123.69252273701639,48.90398035625275],[-123.69074334316346,48.903595851593394],[-123.69163862905398,48.90523655786091],[-123.69058604993337,48.9060070674633],[-123.68718365337735,48.90365276125178],[-123.68691263051285,48.904931766172766],[-123.6841160297059,48.90495736790658],[-123.67894213808944,48.90269427709257],[-123.67878963746729,48.89860255660325],[-123.6803140550307,48.89718116271386],[-123.6785921392848,48.89802716079134],[-123.67750852510707,48.90168596535659],[-123.676605641317,48.899541048100566],[-123.67163312501144,48.898058454105765],[-123.6740583249356,48.89477007309792],[-123.67836123646055,48.89613017078038],[-123.67287854336662,48.891196666249975],[-123.66975484475942,48.89222205124961],[-123.66626431401802,48.891388958513964],[-123.66945733623324,48.891423166671856],[-123.6717417554431,48.88990776584239],[-123.67103303093151,48.88891365701634],[-123.6700734490442,48.888586067099354],[-123.67137035343951,48.88967706214923],[-123.66660594036486,48.89046036645911],[-123.669343022814,48.88904046925939],[-123.67101683979983,48.88662927727047],[-123.67219864461205,48.88732427361665],[-123.67430361808802,48.88660076514248],[-123.6743697311472,48.887463851523584],[-123.67503814905476,48.88744245371485],[-123.67451974587898,48.886491047693696],[-123.67108283666244,48.88644835518923],[-123.66687012942383,48.8897211639982],[-123.6680254321815,48.886340053095864],[-123.66576143223962,48.88736986911919],[-123.66494463818609,48.8854770569865],[-123.66544233192329,48.886022564844446],[-123.66582666029623,48.88610086617711],[-123.67849380842439,48.88498512489746],[-123.6772078852952,48.88170372313293],[-123.67215553345412,48.88204325543188],[-123.67360323939039,48.88120726232724],[-123.67374924456377,48.880901051449776],[-123.6718140506429,48.88192786767032],[-123.6721578385284,48.88224126763246],[-123.67314897527834,48.88224394203925],[-123.67324309938591,48.88479130033144],[-123.66560634546956,48.88598545997068],[-123.66415594833948,48.884662353482206],[-123.66220401945787,48.88452996519904],[-123.6633757599142,48.88332646894131],[-123.66221983680943,48.88370244935572],[-123.66299883340409,48.88274397218768],[-123.6660816305516,48.88283376320981],[-123.66713813031643,48.882244077492544],[-123.65984172834283,48.88218717557033],[-123.6621356258978,48.88041966639158],[-123.66273573507911,48.88041537312075],[-123.66301932727241,48.881268460066366],[-123.66381392626761,48.881470767149615],[-123.66499084704276,48.8806731623469],[-123.65995903721145,48.87975746374709],[-123.66341372877953,48.878001355670996],[-123.66062323895646,48.878475665689436],[-123.65883823588584,48.880707368252466],[-123.65114122428015,48.88140806920928],[-123.65042403920015,48.88490307641311],[-123.64773893425193,48.883010260143244],[-123.64509655051955,48.88334926764443],[-123.64669883654838,48.88280946834853],[-123.64318892777304,48.87819647103623],[-123.64418154543496,48.87358486444009],[-123.64113962921472,48.87151555737],[-123.64066893735558,48.869790751052584],[-123.64206393170704,48.86904455898805],[-123.6392092299326,48.86440155377227],[-123.63607213743936,48.86431045720464],[-123.63593054721483,48.86181946440179],[-123.63371473521968,48.8613010602051],[-123.63075263866479,48.86307996675312],[-123.62033874108334,48.861246961517864],[-123.61784274893245,48.85893115049064],[-123.61720363257729,48.855686850216095],[-123.61455284298488,48.85400055935119],[-123.5923710480519,48.84821547007499],[-123.591654331158,48.84400977175911],[-123.58725605245965,48.8396060595309],[-123.5905492393013,48.83689867335026],[-123.59028834545116,48.83554145012045],[-123.58501133607145,48.828273676032325],[-123.5842157322432,48.824364252837654],[-123.58844004777019,48.82081656039537],[-123.59534436155569,48.82289446481851],[-123.60107822389445,48.82172226569486],[-123.60378843727041,48.820466163082855],[-123.6050230488212,48.817734558781396],[-123.60921895594859,48.816777464299285],[-123.60972183599247,48.81327535852616],[-123.60610664403954,48.80943425023077],[-123.60446202508845,48.802777456142394],[-123.60223864113448,48.80137605861453],[-123.60338151787113,48.79794225738206],[-123.60172744969447,48.79519925727211],[-123.60253872625316,48.79349446824533],[-123.59909372932698,48.78776345348328],[-123.59754321733699,48.79021876424531],[-123.59915713454247,48.79309856379164],[-123.59852374358563,48.79714047403178],[-123.59592002659251,48.800239564945294],[-123.59743823064825,48.800888960877394],[-123.59401983101928,48.8055219703566],[-123.58868182639011,48.80553906931754],[-123.58877143452035,48.808579671631584],[-123.57335433700852,48.80143445966328],[-123.56261274612368,48.799120046323104],[-123.56199004650931,48.79591274804728],[-123.56405133987502,48.79399437688349],[-123.56535653088716,48.78774495296694],[-123.56212875816746,48.787527067538136],[-123.55942504253042,48.784472148599185],[-123.55798004294344,48.78179036338684],[-123.55887182938733,48.77989616709594],[-123.56613184212443,48.78031055722571],[-123.56632574204114,48.778249760361334],[-123.5725367500439,48.77359925507672],[-123.58841070353775,48.7734824512093],[-123.58829357847154,48.7668422438518],[-123.59685097758586,48.76666746965407],[-123.59802084192319,48.76846395428319],[-123.60161810902243,48.766515062861565],[-123.60303939700385,48.77371640680752],[-123.62922281025895,48.773742545472814],[-123.62949420483194,48.77723609785245],[-123.63846846208192,48.77712546977629],[-123.63848459553404,48.77009671159429],[-123.64067939790758,48.76976147942509],[-123.64054828254473,48.777161437704876],[-123.64355714011612,48.77724301792635],[-123.64376346408541,48.78035822071715],[-123.70779880273975,48.780312838850605],[-123.71066365118622,48.78847107785334],[-123.71957284819376,48.78808840882744],[-123.71844564183135,48.777528100168325],[-123.75441218540291,48.776996957363245],[-123.75440769337297,48.771006204295894],[-123.7678057416661,48.77000797245599],[-123.76765052648669,48.76317526810018],[-123.77267108803329,48.760549594489525],[-123.77848028926029,48.76245799535885],[-123.78293087217597,48.76210368516969],[-123.78332598620092,48.93628634547664],[-123.73763162509742,48.93612610176926]],[[-123.69533034634887,48.899588544390035],[-123.68813009217891,48.89969362150443],[-123.69193156105767,48.90347576093658],[-123.70081993858079,48.90329926392319],[-123.70089950580036,48.89985120323382],[-123.69533034634887,48.899588544390035]],[[-123.6939880022468,48.870840385766925],[-123.68577211863663,48.87090195651127],[-123.68548312331895,48.876100002854514],[-123.68731462066717,48.881465353862424],[-123.69963188322671,48.88184828524353],[-123.70057058680496,48.87083541843025],[-123.6939880022468,48.870840385766925]]]]},"bbox":[-123.78332598620092,48.755850667880985,-123.55798004294344,48.93706199212834]},{"id":"5919012","type":"Feature","properties":{},"geometry":{"type":"Polygon","coordinates":[[[-123.70844339257103,48.78253590699611],[-123.70710089802536,48.7802461045132],[-123.6849403836016,48.780516606615336],[-123.68470505583025,48.772483031259654],[-123.69874301830237,48.771963259381394],[-123.69875568849531,48.776800699539606],[-123.71254303782148,48.7765559781157],[-123.71242657045764,48.77854473773191],[-123.71479592094532,48.77950550929735],[-123.71504249346192,48.78018922046374],[-123.71899449641755,48.78025662696041],[-123.71957284819376,48.78808840882744],[-123.71066365118622,48.78847107785334],[-123.70844339257103,48.78253590699611]],[[-123.71363863816285,48.77924930247222],[-123.71247575394474,48.778766342361635],[-123.71242931531108,48.78022074808863],[-123.71480709683185,48.7802261559155],[-123.71363863816285,48.77924930247222]]]},"bbox":[-123.71957284819376,48.771963259381394,-123.68470505583025,48.78847107785334]},{"id":"5919013","type":"Feature","properties":{},"geometry":{"type":"MultiPolygon","coordinates":[[[[-123.59369041761482,48.75793336115454],[-123.59397683396193,48.7579048532854],[-123.59412824400867,48.7580401673638],[-123.59384044196175,48.75801457253696],[-123.59369041761482,48.75793336115454]]],[[[-123.63248575824248,48.88276246533989],[-123.63264863681418,48.88270836719107],[-123.63301894793486,48.88289495505934],[-123.63265092117769,48.882833655520265],[-123.63248575824248,48.88276246533989]]],[[[-123.68502233151217,48.914298764553145],[-123.68515705515969,48.91424466633256],[-123.68547674935007,48.914620666196754],[-123.68523062770008,48.91455795425811],[-123.68502233151217,48.914298764553145]]],[[[-123.63400173725256,48.753257776311436],[-123.63366266106674,48.75332176530034],[-123.63353922339871,48.75325056553455],[-123.63410933847199,48.753103872693906],[-123.63400173725256,48.753257776311436]]],[[[-123.68025524576856,48.908002356901946],[-123.68076064196018,48.90808925728928],[-123.6809855323247,48.90850225450965],[-123.68062793464401,48.90836125965161],[-123.68025524576856,48.908002356901946]]],[[[-123.6421963190289,48.88476916519881],[-123.64259104784898,48.884703659918955],[-123.64292334675727,48.88507117161143],[-123.64232274930241,48.88501136435093],[-123.6421963190289,48.88476916519881]]],[[[-123.64748284110188,48.74780295990098],[-123.64818631701598,48.747619260521574],[-123.64918072179101,48.74759505652689],[-123.64838065158935,48.747770268012104],[-123.64748284110188,48.74780295990098]]],[[[-123.62923613937794,48.879200553481716],[-123.63004414443333,48.87951955048858],[-123.63033663995276,48.879968176934725],[-123.63011894617463,48.87995105019494],[-123.62923613937794,48.879200553481716]]],[[[-123.62968343726992,48.75933486258897],[-123.63003694447949,48.75926075939244],[-123.63078328999016,48.75970753414941],[-123.63020297977725,48.75972727027579],[-123.62968343726992,48.75933486258897]]],[[[-123.68581183573251,48.91510346061488],[-123.68619514580664,48.915191766071736],[-123.6871791456316,48.91639094771479],[-123.68698874543209,48.91640946506831],[-123.68581183573251,48.91510346061488]]],[[[-123.67794103955312,48.905407476873606],[-123.67880993247142,48.90601415360832],[-123.67890962716208,48.906345954685094],[-123.677956734675,48.90562387177877],[-123.67794103955312,48.905407476873606]]],[[[-123.62954225635352,48.8818424657211],[-123.63010174740222,48.881795457286806],[-123.63084224198889,48.8822141726145],[-123.62998291550434,48.88213725769567],[-123.62954225635352,48.8818424657211]]],[[[-123.63816573959554,48.74684735431967],[-123.63884923230982,48.747068050546034],[-123.63911452775913,48.74764205817379],[-123.63847183860355,48.747402775109194],[-123.63816573959554,48.74684735431967]]],[[[-123.63659411877653,48.750289060268265],[-123.63754644693194,48.75067416431552],[-123.6385780266607,48.75151307496342],[-123.63821112822792,48.751497358781016],[-123.63659411877653,48.750289060268265]]],[[[-123.64652322563083,48.88808195427992],[-123.64746524177632,48.88828416596831],[-123.64743645303865,48.88915715947239],[-123.64650005386926,48.888469264016884],[-123.64652322563083,48.88808195427992]]],[[[-123.63711302258693,48.746528369867974],[-123.63774024849884,48.7475865642417],[-123.63879363928618,48.748130576080854],[-123.6370439364784,48.74750106812379],[-123.63711302258693,48.746528369867974]]],[[[-123.64861543902154,48.889590175212426],[-123.6491615400126,48.88959726273678],[-123.65002294190577,48.89090466908378],[-123.64852893104992,48.89022967660883],[-123.64861543902154,48.889590175212426]]],[[[-123.65283824208608,48.88762627006312],[-123.6536383375566,48.887735862469],[-123.65485604036542,48.88906036146399],[-123.6538294300029,48.888778351523186],[-123.65283824208608,48.88762627006312]]],[[[-123.68189684477312,48.910286770182154],[-123.68420725196623,48.91257685263329],[-123.68499215041915,48.91409225116385],[-123.68341862049016,48.91282476580101],[-123.68189684477312,48.910286770182154]]],[[[-123.65491425085942,48.88923977171433],[-123.65598014499848,48.88949475777556],[-123.65932492597922,48.89275907155854],[-123.65715361933071,48.89157546198608],[-123.65491425085942,48.88923977171433]]],[[[-123.67560994448397,48.90865037021417],[-123.67638702829939,48.90862895555759],[-123.67831763875452,48.911064367417744],[-123.67572885598716,48.91028816564399],[-123.67560994448397,48.90865037021417]]],[[[-123.64089473714466,48.748010964797786],[-123.6398098361688,48.747076665762556],[-123.6429172417245,48.747270371464566],[-123.64253353567796,48.74619787618397],[-123.64481803706717,48.747934072685354],[-123.64089473714466,48.748010964797786]]],[[[-123.63885392585681,48.88574057437045],[-123.64019443626849,48.884941563032235],[-123.63778445789121,48.88318266187231],[-123.63560545425135,48.88351016978735],[-123.63028584358979,48.88020175031543],[-123.63448534339204,48.880151957358656],[-123.63999385295367,48.88423225368768],[-123.63919782613789,48.88286075963402],[-123.64338047413538,48.88384148466306],[-123.6402300563183,48.88455556289904],[-123.64132004146458,48.88663635439077],[-123.63885392585681,48.88574057437045]]],[[[-123.67427144213393,48.90746255319989],[-123.67056592492737,48.906989771433985],[-123.65731155506279,48.89529835990468],[-123.66393554238819,48.89690775729479],[-123.67108022473674,48.901579161584266],[-123.6638323300496,48.895153153186946],[-123.67335423933694,48.90128716920351],[-123.67454832490553,48.902728466917],[-123.67146095141537,48.90254907009224],[-123.67427144213393,48.90746255319989]]],[[[-123.67107807992492,48.762650302858894],[-123.67126299109707,48.75873450752441],[-123.68302849455779,48.75897994159675],[-123.69713996635203,48.7660018240908],[-123.68441409374361,48.76582569839862],[-123.68423880571824,48.76246322216896],[-123.67107807992492,48.762650302858894]]],[[[-123.65011499348074,48.755171169197155],[-123.65142520281859,48.75673861492034],[-123.65077253270883,48.75914657156816],[-123.63322017881023,48.759624649488394],[-123.63971394358167,48.75624856728897],[-123.63607803051572,48.75614316376762],[-123.63697233121498,48.75478875411489],[-123.63477422820158,48.752938655952086],[-123.63564083324343,48.75165545604141],[-123.625856853768,48.75038647034944],[-123.62422943133278,48.74855217353187],[-123.63601793336572,48.75134785387769],[-123.63844284993029,48.75269225438046],[-123.64394683998025,48.7510701713866],[-123.64775662264701,48.75319936001444],[-123.64820253515038,48.75510346854668],[-123.64985093275101,48.755318565926814],[-123.64794171838432,48.75286465866466],[-123.64410524591055,48.75073687310644],[-123.64123334509156,48.75062576095625],[-123.6401773570087,48.74890536190354],[-123.65109803016976,48.7475209640837],[-123.65602214356959,48.74966154986326],[-123.65197783020966,48.747327378806105],[-123.64512784559699,48.747770259242394],[-123.64393213948047,48.746716371822],[-123.64504342480927,48.74636737115629],[-123.63700982955787,48.744182195530136],[-123.64385693956167,48.74421074540221],[-123.64378289400241,48.74077151667144],[-123.6300143591781,48.740956733221275],[-123.63003263215994,48.74383377774082],[-123.62308684177205,48.74085717102116],[-123.61561364972412,48.74068131792615],[-123.61575070714686,48.73741284560261],[-123.60188472964929,48.73763276551361],[-123.59031263424849,48.7355775791739],[-123.56083174095093,48.71916717079518],[-123.61619951291893,48.718356803773624],[-123.63173655744687,48.72057172597375],[-123.64057195805547,48.72985862330246],[-123.67131034858666,48.750509542499636],[-123.67142124055738,48.75540242827569],[-123.65011499348074,48.755171169197155]]]]},"bbox":[-123.69713996635203,48.718356803773624,-123.56083174095093,48.91640946506831]},{"id":"5919015","type":"Feature","properties":{},"geometry":{"type":"MultiPolygon","coordinates":[[[[-123.69289955892954,49.013979168195675],[-123.69300884661928,49.01400487006471],[-123.69301063272539,49.014140157228574],[-123.69295632254018,49.01414015881541],[-123.69289955892954,49.013979168195675]]],[[[-123.61573675101896,48.98930906341942],[-123.6158177364535,48.989273451518024],[-123.61581983575148,48.9894343629207],[-123.61573664624294,48.989408762231676],[-123.61573675101896,48.98930906341942]]],[[[-123.69266774993618,49.01409735682222],[-123.69280523318838,49.01412307916803],[-123.69280656049162,49.01429396374559],[-123.69276523541673,49.01429395008719],[-123.69266774993618,49.01409735682222]]],[[[-123.63679341724742,49.00487416416773],[-123.63693025763523,49.0048742705131],[-123.63705452487442,49.00502657400456],[-123.63686435782986,49.005036567166705],[-123.63679341724742,49.00487416416773]]],[[[-123.64191284181112,49.006339752447666],[-123.64199273320114,49.00622147700767],[-123.64213235418757,49.006373860596774],[-123.64203703125676,49.00641947064341],[-123.64191284181112,49.006339752447666]]],[[[-123.71586632753996,49.12586075724353],[-123.71600244857515,49.12579666179253],[-123.71615402260558,49.12589496737631],[-123.71597665027166,49.125986154966604],[-123.71586632753996,49.12586075724353]]],[[[-123.69217302981845,49.014873553025836],[-123.69219732090718,49.01471125890887],[-123.69236652725625,49.015061561494186],[-123.69225593228788,49.01500745591371],[-123.69217302981845,49.014873553025836]]],[[[-123.68429414321666,49.06768895114466],[-123.68437513201619,49.067572151988436],[-123.6845426591341,49.067795768428944],[-123.6844470426146,49.067795756717715],[-123.68429414321666,49.06768895114466]]],[[[-123.71766975307403,49.054254369773204],[-123.71776244002703,49.05405496769596],[-123.71801201976957,49.05426006005276],[-123.71775312876446,49.05430707452226],[-123.71766975307403,49.054254369773204]]],[[[-123.69192354764812,48.97426795556972],[-123.6919622371369,48.97406146839014],[-123.69210563444376,48.97448296020891],[-123.69200884999998,48.974492967681236],[-123.69192354764812,48.97426795556972]]],[[[-123.69457022665162,49.07516607077096],[-123.69473502661641,49.07517455678896],[-123.6951090350127,49.07546797642634],[-123.69468234563178,49.07534555393402],[-123.69457022665162,49.07516607077096]]],[[[-123.7185658232171,49.08582226737137],[-123.71849376389306,49.08570666736134],[-123.71900644220109,49.08615245897697],[-123.71892425232134,49.08614385998999],[-123.7185658232171,49.08582226737137]]],[[[-123.63434585422912,48.93272376552024],[-123.63455073936423,48.93274085006668],[-123.6349523231247,48.93312535658413],[-123.6346222407228,48.93299296424998],[-123.63434585422912,48.93272376552024]]],[[[-123.61508042423341,48.989348855274685],[-123.61520204423806,48.989249156018914],[-123.615408724945,48.98937455661556],[-123.61523342353664,48.98959955671521],[-123.61508042423341,48.989348855274685]]],[[[-123.66443605859696,48.98392126317291],[-123.66548523068907,48.98371617781093],[-123.66552795477548,48.983778859150675],[-123.66456023825066,48.98397395168675],[-123.66443605859696,48.98392126317291]]],[[[-123.66876625260117,49.10927726638705],[-123.6688201346754,49.109150576383826],[-123.6692347566702,49.10950807076306],[-123.66903062439071,49.10958066624035],[-123.66876625260117,49.10927726638705]]],[[[-123.61961884442151,48.922126272136616],[-123.6198366608079,48.92209776375235],[-123.62026473995492,48.922492251407895],[-123.62012794393422,48.92251926299165],[-123.61961884442151,48.922126272136616]]],[[[-123.62200985390476,48.92011666536117],[-123.62224276037368,48.920088165351736],[-123.62265682191264,48.92049976018579],[-123.62250753962165,48.92051827584115],[-123.62200985390476,48.92011666536117]]],[[[-123.6376249225017,49.005787155355776],[-123.63816034191514,49.0058654760121],[-123.63825785937313,49.006080563508625],[-123.63809404160374,49.00613606382584],[-123.6376249225017,49.005787155355776]]],[[[-123.59691454187843,49.01122337168489],[-123.59739672777934,49.01134586538903],[-123.59765994729226,49.01165915710765],[-123.59745533122307,49.01167906461577],[-123.59691454187843,49.01122337168489]]],[[[-123.65768245214738,48.98484126397871],[-123.6583911279132,48.98472027442442],[-123.65956686040495,48.9846675688193],[-123.6594573368168,48.984723062292844],[-123.65768245214738,48.98484126397871]]],[[[-123.70276856164125,49.08265456615075],[-123.70301452178884,49.082661660163204],[-123.7036400406448,49.08318865270977],[-123.70340533255742,49.08314596847278],[-123.70276856164125,49.08265456615075]]],[[[-123.66255533347362,48.984291567076525],[-123.66368554598026,48.98405084885774],[-123.66391794588709,48.98408506586959],[-123.66326373817961,48.9842516561116],[-123.66255533347362,48.984291567076525]]],[[[-123.71631173236305,49.12628097008208],[-123.71654263630813,49.126206859299614],[-123.71698631889073,49.12661846110029],[-123.71672835797874,49.126655467659745],[-123.71631173236305,49.12628097008208]]],[[[-123.66086993876493,48.93961835408481],[-123.66139123830845,48.93979637527944],[-123.66181943390953,48.94015387542456],[-123.66122925647994,48.93996726954806],[-123.66086993876493,48.93961835408481]]],[[[-123.66206903659386,48.94044015383942],[-123.6623575196562,48.940474358540136],[-123.66339075759298,48.94120636820831],[-123.66317272772326,48.9411892543715],[-123.66206903659386,48.94044015383942]]],[[[-123.65057354157892,48.99202356840361],[-123.65087413118337,48.992067755014304],[-123.65186753898438,48.99278975550359],[-123.6514005433994,48.992621770833935],[-123.65057354157892,48.99202356840361]]],[[[-123.6926730261114,48.97307736203963],[-123.69294624840617,48.97309296582864],[-123.69328142381005,48.973612868576296],[-123.69295503218736,48.97364125985906],[-123.6926730261114,48.97307736203963]]],[[[-123.70398083128323,48.977506571019774],[-123.70382864877169,48.97727306263925],[-123.70437203594632,48.97701807846318],[-123.70424102949875,48.97752227686181],[-123.70398083128323,48.977506571019774]]],[[[-123.68746045077987,49.12046586900297],[-123.68774793322196,49.120445967342725],[-123.68821852217346,49.120766363150516],[-123.68754732675244,49.12089597046746],[-123.68746045077987,49.12046586900297]]],[[[-123.7142280347904,49.05379006566883],[-123.71455451908548,49.053634855745614],[-123.71535974383954,49.05435835904846],[-123.71475503785535,49.05418177445241],[-123.7142280347904,49.05379006566883]]],[[[-123.71653114420423,49.08633897282254],[-123.71730084696263,49.0866409672859],[-123.71748523634737,49.087016861670605],[-123.71727953377132,49.0870539764884],[-123.71653114420423,49.08633897282254]]],[[[-123.59284703815374,49.02446706973353],[-123.59337095778805,49.0247347628261],[-123.59380522827001,49.02565916421537],[-123.59364111977487,49.02564205699047],[-123.59284703815374,49.02446706973353]]],[[[-123.6044214206324,49.041719658340604],[-123.60513885404458,49.04210735688922],[-123.60528312118376,49.042574455770854],[-123.60510334150653,49.042538872308626],[-123.6044214206324,49.041719658340604]]],[[[-123.69114122765001,48.97297766403912],[-123.69175531992249,48.97283945823509],[-123.69178964377046,48.97339635399665],[-123.69150122264864,48.973380654697735],[-123.69114122765001,48.97297766403912]]],[[[-123.71707641883648,49.08617376320663],[-123.71809565126489,49.08666226710164],[-123.71857014830856,49.08719916329546],[-123.71837704685431,49.08719064687615],[-123.71707641883648,49.08617376320663]]],[[[-123.69246995449618,48.97517375674049],[-123.69296173375098,48.97522506087454],[-123.6929434526011,48.97589017284967],[-123.6926835334066,48.97582035169357],[-123.69246995449618,48.97517375674049]]],[[[-123.62635101912161,49.06517525920404],[-123.626721239314,49.06522795111699],[-123.6275008266378,49.06617646574646],[-123.62708714168707,49.06598137238087],[-123.62635101912161,49.06517525920404]]],[[[-123.69211304012053,48.9740058713817],[-123.69194335881302,48.973638461292865],[-123.69216903548424,48.97315135095334],[-123.69271143613646,48.973876270329015],[-123.69211304012053,48.9740058713817]]],[[[-123.62271444183796,48.92071487627453],[-123.62315002676911,48.920703463277334],[-123.6234974171125,48.92110646207045],[-123.62315752198162,48.921288766895664],[-123.62271444183796,48.92071487627453]]],[[[-123.67052093774885,48.96991554895423],[-123.6702449236439,48.96976317169078],[-123.67036034491522,48.96918776258247],[-123.6709000461864,48.96957946690607],[-123.67052093774885,48.96991554895423]]],[[[-123.66936915147612,49.10932717142405],[-123.67010123424558,49.10975446756326],[-123.67024653559821,49.11034685091151],[-123.6700673465898,49.11029417263818],[-123.66936915147612,49.10932717142405]]],[[[-123.58682984403993,49.02581477304107],[-123.58720372159212,49.02609775693667],[-123.58756802618133,49.026842665196064],[-123.5869081227967,49.02661196934317],[-123.58682984403993,49.02581477304107]]],[[[-123.67268414154545,49.111188561504065],[-123.67226333033486,49.11049787931219],[-123.67355022516386,49.111443554259544],[-123.67320482567624,49.11125695949969],[-123.67268414154545,49.111188561504065]]],[[[-123.62622833271492,48.91358945382511],[-123.62716455900492,48.9141420679467],[-123.62745523406356,48.914572270836295],[-123.62703312748818,48.91457507705185],[-123.62622833271492,48.91358945382511]]],[[[-123.60002075911883,49.03520706730034],[-123.60087692557096,49.03593196118138],[-123.60093733164474,49.0362552594522],[-123.60015404234602,49.03596184812799],[-123.60002075911883,49.03520706730034]]],[[[-123.64645183727069,49.01057815594065],[-123.64704122941684,49.010610967593514],[-123.64705014421425,49.01131304629691],[-123.64645965683503,49.011109362176114],[-123.64645183727069,49.01057815594065]]],[[[-123.67433934410431,48.96626815554118],[-123.6756102496176,48.967276460760175],[-123.67637212184889,48.968172363848474],[-123.6756302196697,48.9678618552863],[-123.67433934410431,48.96626815554118]]],[[[-123.60739993884205,49.045711958225056],[-123.60837002314814,49.04668616679138],[-123.60943703923198,49.04882246290274],[-123.60858681732536,49.04767455899044],[-123.60739993884205,49.045711958225056]]],[[[-123.61573874523602,48.989569673716744],[-123.61630115129209,48.98973776714591],[-123.61635215988808,48.99049396926255],[-123.61552622925295,48.99002116101238],[-123.61573874523602,48.989569673716744]]],[[[-123.5937589471714,49.02583956574409],[-123.5939591510318,49.02590126611499],[-123.59523714828227,49.02764876432804],[-123.59449544978034,49.02732825930126],[-123.5937589471714,49.02583956574409]]],[[[-123.70906222563445,49.03704425475768],[-123.71005403998046,49.03741597343246],[-123.71068913540137,49.03791586143667],[-123.7089192570731,49.03757546780551],[-123.70906222563445,49.03704425475768]]],[[[-123.68469793930507,49.06917155005323],[-123.68609523058858,49.0692071771939],[-123.68674252187054,49.06950906190134],[-123.68530592856133,49.069635863866154],[-123.68469793930507,49.06917155005323]]],[[[-123.58804002408169,49.02750485880204],[-123.58918704489896,49.02836366606197],[-123.58934464580723,49.029028756289364],[-123.58842203431296,49.028583062393295],[-123.58804002408169,49.02750485880204]]],[[[-123.7347129436007,48.93639257210098],[-123.73634366617424,48.9361014886219],[-123.73661973131092,48.93694659350995],[-123.73512433262485,48.936489351337116],[-123.7347129436007,48.93639257210098]]],[[[-123.68405925711018,48.96874396552324],[-123.68370424345476,48.967786367010376],[-123.68313861518185,48.967267961488645],[-123.68443102884568,48.96793596079799],[-123.68405925711018,48.96874396552324]]],[[[-123.64324714880185,49.00707035785261],[-123.6441589406622,49.00764996045978],[-123.64463982584269,49.00898736040766],[-123.6441191325569,49.00891755473575],[-123.64324714880185,49.00707035785261]]],[[[-123.69765005088044,49.061321352339974],[-123.69746055494134,49.06058506376245],[-123.69899504001785,49.06063916622305],[-123.6987999612836,49.061305664193426],[-123.69765005088044,49.061321352339974]]],[[[-123.69652595216404,49.026965163294314],[-123.69562942996448,49.02650225701906],[-123.69513443377762,49.025308775612544],[-123.69746395293369,49.027489265898474],[-123.69652595216404,49.026965163294314]]],[[[-123.66534713003529,49.10768647607167],[-123.66618795426669,49.10800545934283],[-123.66762953376853,49.11029985951109],[-123.66673086222276,49.109801467933316],[-123.66534713003529,49.10768647607167]]],[[[-123.64817163681326,48.991263052007994],[-123.64878804377966,48.99141255041753],[-123.65032776027657,48.99316726815273],[-123.64787821426046,48.991903958302196],[-123.64817163681326,48.991263052007994]]],[[[-123.67526382730757,48.95879536298453],[-123.67728076031442,48.95953876607087],[-123.67898082202866,48.960914557871305],[-123.67540794497356,48.9594063473726],[-123.67526382730757,48.95879536298453]]],[[[-123.64127244638937,48.98210825445131],[-123.6398118447531,48.982135269056066],[-123.63870642611936,48.98128646303518],[-123.64002834113161,48.98091046503026],[-123.64127244638937,48.98210825445131]]],[[[-123.6894015228411,49.122189167041846],[-123.69211085127914,49.123711658998715],[-123.69348754735775,49.12525125693123],[-123.69197132500317,49.12465737130859],[-123.6894015228411,49.122189167041846]]],[[[-123.69319645284631,49.07484136384393],[-123.69258413041914,49.07510627646508],[-123.6910038214009,49.0737389555398],[-123.69331163932073,49.07321207167742],[-123.69319645284631,49.07484136384393]]],[[[-123.69404473052904,48.97643277654677],[-123.69401622536776,48.97237515380653],[-123.69271525030418,48.97221286430164],[-123.69578085139682,48.971465071044406],[-123.69661184847054,48.972350969977796],[-123.69404473052904,48.97643277654677]]],[[[-123.69081443817153,48.974985751306306],[-123.68721004962003,48.97426935128522],[-123.68593955460761,48.97223555888168],[-123.68886313814396,48.97027446127424],[-123.69204144903976,48.97084986276379],[-123.69071615083371,48.97280105311189],[-123.69081443817153,48.974985751306306]]],[[[-123.68044136016067,48.96594346411663],[-123.67672062881414,48.96452635935236],[-123.67416913977328,48.9617348637374],[-123.67807822538146,48.9618915613613],[-123.68299253991736,48.96664846175041],[-123.68044136016067,48.96594346411663]]],[[[-123.63184143255714,48.93111015519303],[-123.62583665338839,48.927085358937454],[-123.6241994455552,48.92160636295911],[-123.63048326046425,48.92522526857917],[-123.62977282003182,48.92846675912147],[-123.63296473823624,48.92933126938544],[-123.63184143255714,48.93111015519303]]],[[[-123.63811755807646,48.94226246655449],[-123.64013631917034,48.94294803775814],[-123.64810064073052,48.94834398102377],[-123.64413784850099,48.95065244311859],[-123.63457277122788,48.94480549840842],[-123.63811755807646,48.94226246655449]]],[[[-123.69663024668496,49.069719861529556],[-123.68526892968919,49.068879556505834],[-123.68413694278654,49.06517095723962],[-123.69236993232624,49.06263016598855],[-123.69805834279873,49.068056370666035],[-123.69663024668496,49.069719861529556]]],[[[-123.71512492461905,49.085753667471025],[-123.71031695887659,49.08276136524389],[-123.70960323649999,49.08458297668741],[-123.70384792133119,49.0815593650552],[-123.70432015452958,49.08288816076055],[-123.69527483098406,49.076556054131224],[-123.69601763753379,49.07093906418242],[-123.7036197225288,49.073059659174106],[-123.7077202332472,49.07737077191117],[-123.70690934422898,49.07917527283201],[-123.70870593913112,49.07838196510372],[-123.71128743500162,49.07978767340945],[-123.71045332839118,49.078893261338955],[-123.71582054380772,49.08263746447872],[-123.71189481917608,49.08115056601896],[-123.71600815196548,49.08625207134985],[-123.71512492461905,49.085753667471025]]],[[[-123.63087233669549,49.005995065881315],[-123.62763141635628,49.00595946283842],[-123.61907004300447,49.001292358615736],[-123.61726943693473,48.99943946810718],[-123.61808523266384,48.996861575439134],[-123.61667383844046,48.99769765424054],[-123.61426953754452,48.993490462245546],[-123.61725154935564,48.99131575242295],[-123.61946463443904,48.99562255514587],[-123.62292622675203,48.998194673113744],[-123.63159613706007,48.99935256784465],[-123.63483653029307,49.003751971396035],[-123.63087233669549,49.005995065881315]]],[[[-123.71418885350364,49.1274729719713],[-123.70868632622418,49.12514017553604],[-123.70666403084816,49.12556736741272],[-123.70747723519453,49.12679367031169],[-123.70102884436069,49.124494957078696],[-123.7040106569267,49.12783186822904],[-123.70051824961978,49.12802415364848],[-123.68761903863444,49.118115965532496],[-123.68493844234162,49.118537549302836],[-123.67357096377637,49.11063358813831],[-123.70718778398422,49.11042786890852],[-123.70859514002996,49.11382475704054],[-123.70654122571173,49.11595116163914],[-123.71624563931897,49.124661649620805],[-123.71418885350364,49.1274729719713]]],[[[-123.78489264125483,48.97025456105941],[-123.77538892190191,48.966199767036365],[-123.77355772660466,48.961749166645305],[-123.77250422515422,48.962539553212245],[-123.77437052096003,48.96405636439123],[-123.76995553158916,48.963888357232285],[-123.75587984897116,48.95821426482464],[-123.74932144723144,48.95348016966845],[-123.74405423755549,48.9437357589933],[-123.74148462822716,48.94272736689984],[-123.73673812061865,48.93610901817905],[-123.77290075779379,48.93622972176906],[-123.77317983140037,48.93938853116283],[-123.77035277813454,48.93948099181005],[-123.77109497694349,48.94435587806467],[-123.77687949939816,48.949456609844674],[-123.77871115671235,48.95463956597677],[-123.78095648028152,48.95467927415058],[-123.77889626266126,48.95541803000712],[-123.77997909382553,48.959803416495156],[-123.78291281419554,48.96038401121272],[-123.78306017744325,48.96203970682603],[-123.78045190768185,48.96086716214179],[-123.78125028090048,48.962123188024115],[-123.78504801223212,48.96515549930797],[-123.78434488362866,48.961363319367145],[-123.7854676134521,48.96154235899239],[-123.78642711884962,48.965984525596205],[-123.78879682539707,48.96752632308729],[-123.78804199034867,48.97191098488719],[-123.78489264125483,48.97025456105941]]],[[[-123.708367252683,49.01981275530391],[-123.6997100278569,49.01695145976491],[-123.69490143267248,49.01142987391509],[-123.69403703202552,49.013279865615154],[-123.69212303126194,49.012247363519734],[-123.69151372946295,49.01465285914261],[-123.68996554665344,49.01351064962577],[-123.68769494663883,49.01443204729404],[-123.68950153368083,49.01656266159558],[-123.68837125093198,49.016903060538546],[-123.68399772333719,49.01019076312951],[-123.67796344824394,49.0048741599602],[-123.69006152963655,49.020409462941764],[-123.68811333813234,49.0209521733006],[-123.68999444559982,49.02247886427871],[-123.68030423469928,49.01910917268903],[-123.67273643414886,49.01366585004757],[-123.67332663803568,49.011791560400766],[-123.67102984649925,49.008836349831476],[-123.66159653844869,49.003890071625214],[-123.6531895384758,48.994473260128494],[-123.65419745198967,48.99220155793385],[-123.65210694318962,48.990089474242346],[-123.65263252669801,48.98853997351357],[-123.65634804424633,48.98835626672939],[-123.65809542940335,48.986197153793476],[-123.6614588572103,48.985097668791234],[-123.6599793344046,48.985970671118665],[-123.66142113950873,48.98645637536739],[-123.66199705329498,48.98443826890137],[-123.66894421996933,48.984767255502376],[-123.66800522397793,48.98300975392349],[-123.66713565231142,48.98347265651587],[-123.66585335640966,48.98370616273525],[-123.66857185520112,48.982583868030915],[-123.67302643912437,48.984490958654526],[-123.67621352854285,48.983644977632856],[-123.66925942562543,48.976669166279976],[-123.66802781696084,48.96945266380934],[-123.66996862375663,48.97043115927173],[-123.67443672635605,48.96948687310809],[-123.67546782463407,48.970938161755605],[-123.67333934526543,48.972130146201316],[-123.67845235051522,48.98138325324574],[-123.68752612949028,48.980403467107145],[-123.69141053270796,48.981531465285244],[-123.69524651374856,48.99113346003764],[-123.70117845250051,48.997925462253654],[-123.70609404427876,49.01099264976427],[-123.70550193760361,49.01354195094059],[-123.70959853245195,49.01798836432954],[-123.70977461518399,49.01978565924485],[-123.708367252683,49.01981275530391]]],[[[-123.63647874362,49.071371953222545],[-123.62396013059855,49.062184363279],[-123.62425715652581,49.058583966024244],[-123.61852034706645,49.057409059908196],[-123.61768394852437,49.056181372963266],[-123.61893572803488,49.05552765427026],[-123.60701931375283,49.04252035973984],[-123.608775338146,49.04296897120018],[-123.6087197191457,49.04177266629771],[-123.60202494562235,49.03808397510164],[-123.60181012910213,49.03388395362331],[-123.59605552142192,49.02965976645639],[-123.5952593531087,49.028215556554734],[-123.59663972942344,49.02827117793791],[-123.59189322925776,49.02005485387661],[-123.5919736180419,49.017743360405504],[-123.59529333571496,49.01852665696013],[-123.5937613248941,49.016159654170025],[-123.59707872366303,49.017924267811765],[-123.60046103473005,49.012724466986725],[-123.60583783838506,49.016178159549895],[-123.6099388244241,49.016084157118854],[-123.60960231653097,49.01870325829345],[-123.62577032662578,49.03310916498791],[-123.6294786339852,49.03857665330281],[-123.63752586242803,49.04474551644678],[-123.64390278178378,49.044742069496884],[-123.64790135195584,49.04641696779738],[-123.65701524096261,49.05572136320882],[-123.65448174386263,49.064938853392896],[-123.6556214482324,49.068413858985494],[-123.66455450434586,49.07469546972998],[-123.64436509536463,49.07637507833872],[-123.63647874362,49.071371953222545]]],[[[-124.37645684699085,48.99965877657539],[-124.34471505783706,48.99975763200494],[-124.3437758166844,48.99827564999378],[-124.3356007961251,48.99750227368127],[-124.33316875082734,48.995933285953924],[-124.33299008986822,48.99769468901523],[-124.32897408690059,48.99760001444962],[-124.32866179557466,49.00091581670521],[-124.32404118745228,49.00094102717032],[-124.32244058688555,49.00755635444187],[-124.31698631786142,49.0074414504015],[-124.31690787846875,49.00424396606713],[-124.31374446210968,49.00409312926428],[-124.31378862226407,48.99974836196025],[-124.30509308966876,48.99976595853244],[-124.30493891536892,48.99723390419463],[-124.29209043609056,48.99723464174867],[-124.29219590429997,49.00425629638656],[-124.29435068732093,49.004439721661],[-124.29456462362678,49.01327260243884],[-124.28242449334998,49.01311105624928],[-124.2822217395466,49.00520827330575],[-124.27767605225023,49.005097321649885],[-124.27782374096103,49.00109705293076],[-124.28266745185071,49.00118298322997],[-124.28272621070762,48.9964093711288],[-124.27708724926761,48.9963193343123],[-124.2771646676862,48.99977028410876],[-124.24955568392373,48.9997779454405],[-124.24881523333411,48.989535546728455],[-124.24341390264948,48.98948998924779],[-124.24333196455402,48.99389682594377],[-124.23412272605134,48.994093786265765],[-124.23440148937789,48.99903432227934],[-124.2380403871783,48.9990961167628],[-124.23815929578576,49.00392601577463],[-124.23328437646026,49.00388885435498],[-124.2335283402639,49.007146956405926],[-124.22683107515427,49.0069813284801],[-124.22677813834483,49.0043755973828],[-124.20458775805382,49.00444120014665],[-124.20436687819114,49.008904114732765],[-124.17293757838252,49.00891355908796],[-124.17283353428834,49.001523808408486],[-124.13633827000776,49.00220416531296],[-124.13388553831697,48.999813131142034],[-124.10254772433547,48.9981631453226],[-124.10227428309292,48.986423363080604],[-124.10108116250112,48.983489125305326],[-124.09858717986872,48.98333927569164],[-124.098585603091,48.98126711054502],[-124.08719188967758,48.98204697040654],[-124.08381065641805,48.982857615665914],[-124.0838528447232,48.984747796889245],[-124.08074807070712,48.98473744805879],[-124.08070866425555,48.989367502983455],[-124.08330035290945,48.9893951717943],[-124.08324913929177,48.99140419379691],[-124.08498968000153,48.991488529704775],[-124.08491505779115,48.99392962682523],[-124.08027059130892,48.99393030716975],[-124.08032533844222,48.99966951870273],[-124.08481129295866,48.9998104905281],[-124.084662039428,49.00469280877301],[-124.0807679255756,49.004606469737325],[-124.08076622388354,49.00318550827422],[-124.06985079541883,49.00297994023225],[-124.06356859353906,49.00456960068939],[-124.06223726041816,49.001910353856374],[-124.05741654830092,49.00162736789926],[-124.05736207998208,48.99996587959354],[-124.05493565549946,48.999894701857116],[-124.05460283871504,49.00593412016094],[-124.0656074200348,49.0071931986377],[-124.06580827452923,49.00895251478225],[-124.06194420526626,49.01006913744282],[-124.04071660772286,49.00488194474972],[-124.03666002912003,49.00317477992253],[-124.03777956927338,48.99972098343272],[-124.02910720168296,48.99974873847213],[-124.02784463713517,48.99748159625143],[-124.02138787745884,48.99736059570135],[-124.02130657383977,48.99535451730162],[-124.0145249675875,48.99556504321857],[-124.01338939636771,48.99715461689931],[-124.01017223278777,48.997272789956774],[-124.01036182143186,48.9995897377458],[-124.00493661444357,48.99953500991316],[-124.00453510882376,48.98615901964591],[-123.98481692332132,48.985858246376026],[-123.98467746952521,48.989968160565645],[-123.97705351840952,48.989848629228675],[-123.97688901228693,48.99514821245808],[-123.97417189769115,48.995078508185124],[-123.97431555947423,48.99160874213641],[-123.9713242643433,48.9914870810735],[-123.97109892390071,48.99519519046838],[-123.96905886329644,48.995105356404856],[-123.96939703615703,48.991869400194425],[-123.9659148428503,48.99185200666315],[-123.96569441145469,48.99501817366945],[-123.95965744598082,48.99537832709898],[-123.95955063286868,48.99050832658536],[-123.95601973421006,48.99043201744042],[-123.95603437707767,48.98708533071161],[-123.94878524916726,48.98928197240661],[-123.93225514533029,48.989840271362624],[-123.92775373640855,48.98814827134752],[-123.9136063290538,48.9933979577996],[-123.9103653332134,48.997822972380845],[-123.905950948104,49.00007037233714],[-123.90248697288733,48.99767008402996],[-123.90517291746465,48.99683671357486],[-123.90403593524935,48.99561096832615],[-123.89727485321376,48.99608927528947],[-123.88639110100402,48.991596140522425],[-123.8836138830442,48.99279224415594],[-123.86521491509356,48.99201991003854],[-123.85409120156366,48.99321391198966],[-123.85448643515113,48.990328565760805],[-123.85921894766646,48.990837080361366],[-123.86061730866966,48.9891296383683],[-123.85824792874627,48.98925293280867],[-123.85673751596244,48.9842964976456],[-123.85109520620554,48.98406470366909],[-123.84885978279904,48.981816069554455],[-123.8494274022295,48.97917953143647],[-123.82802521619963,48.97939693571904],[-123.82607398829333,48.97755736866259],[-123.81109194791951,48.97406660886286],[-123.81128535876547,48.9686127097284],[-123.8000227806315,48.96831606739211],[-123.80017426926042,48.96124084078705],[-123.79500606882343,48.96124527382791],[-123.79274972188801,48.95220240051391],[-123.78851731328571,48.94652810893931],[-123.79066378854066,48.93636421786358],[-123.78332593257143,48.93627997870037],[-123.78310326357146,48.90008516367012],[-123.78729755892115,48.90011063130592],[-123.78738074710681,48.901898329377715],[-123.79015366444968,48.901898301525975],[-123.79007245381636,48.895975245680646],[-123.79238001736057,48.89591237045569],[-123.79272563628507,48.89427823881428],[-123.79950972346067,48.89458459128891],[-123.79997478721795,48.8962035912364],[-123.80208851597044,48.896410597011915],[-123.80231371634997,48.89943758445019],[-123.7995829827485,48.899691817977526],[-123.80009441398235,48.904829930387486],[-123.7934277254675,48.90558271105182],[-123.80122051467912,48.9102067986001],[-123.84893890065388,48.9086238200762],[-123.84991891384317,48.916172864534545],[-123.87605932838761,48.915667418631664],[-123.87628383903858,48.91245126346005],[-123.89267039363823,48.91227068846563],[-123.89278826208385,48.91544495594877],[-123.89855392520217,48.91538403634418],[-123.89868341556047,48.91873556145374],[-123.94184849658639,48.91850184741794],[-123.94207782975397,48.92082115668962],[-123.96815479985976,48.920186453596955],[-123.96835917743566,48.930903268140696],[-123.97500794930657,48.93106105525125],[-123.9751040407883,48.93714767655253],[-124.02082428441695,48.93672956442766],[-124.01959378826223,48.947826047714656],[-124.03180165107035,48.947096920352536],[-124.0319910978889,48.94442973938434],[-124.03661752173993,48.94413857740787],[-124.03748675524872,48.946085414922884],[-124.0462648123525,48.946204370502215],[-124.0466954510092,48.948432876859584],[-124.05320610804009,48.950316782454195],[-124.0552795969439,48.95308442459888],[-124.06456078373206,48.95270911825584],[-124.06821922065876,48.956211837890315],[-124.06797898309827,48.960318178176244],[-124.06986197111019,48.9602048317152],[-124.06891946254073,48.96532326736723],[-124.07135228623147,48.965496094810575],[-124.0714574112945,48.96739392944817],[-124.07693290351037,48.96803298383864],[-124.07780600056573,48.95884987205352],[-124.08851572556182,48.9594366477323],[-124.09035584886931,48.962513860701485],[-124.09594817820418,48.96245933691808],[-124.09733143307244,48.95873616652348],[-124.10053558941097,48.95865212644344],[-124.09941423937673,48.95241011747425],[-124.10643446549088,48.95178914541345],[-124.10624856990015,48.9503514460634],[-124.12979906993918,48.94814902578954],[-124.12958599904243,48.94591045946873],[-124.14208152794112,48.94685442892342],[-124.14114493722133,48.94195901385449],[-124.14984005952104,48.94186361563797],[-124.14966458904196,48.93954550751414],[-124.15602791202274,48.93915064272357],[-124.16168459407058,48.93971804424939],[-124.16227729664456,48.94599261854901],[-124.16402412558672,48.9469745703183],[-124.169296055399,48.94707206634528],[-124.17323924642487,48.94964350039503],[-124.17951813191327,48.94902338358111],[-124.17835582196234,48.95492483222358],[-124.18898366602465,48.95450618204981],[-124.1887595643829,48.957825750967594],[-124.19599272027936,48.95835352492945],[-124.19591148217351,48.96120883582371],[-124.20281894546763,48.96156161685813],[-124.2032379375715,48.95647306561694],[-124.19978370928727,48.9560925559524],[-124.19827226832487,48.95429390101668],[-124.19828958504291,48.95187550901464],[-124.20006612482157,48.95143444340997],[-124.19786307729446,48.95097147851455],[-124.19725537345816,48.94396218058015],[-124.2013015036824,48.94140474156686],[-124.20743114748703,48.94131026153896],[-124.22488682904546,48.93697648541746],[-124.21433684850543,48.943883512356216],[-124.21464785520402,48.946470581633726],[-124.21057960158073,48.948841927744176],[-124.21167795968158,48.95225585296162],[-124.21000136263667,48.955316444076],[-124.23507843837271,48.95676955908088],[-124.262651935744,48.967676510161354],[-124.2715486467077,48.97004777823975],[-124.27763795680728,48.96921720437129],[-124.29486572322162,48.97381297179425],[-124.29888355237911,48.979273340420704],[-124.30393049860275,48.98247307865031],[-124.31079685271665,48.982237235116024],[-124.31087783659625,48.9799109586849],[-124.31294852781957,48.97855875518128],[-124.31835487553539,48.977447865602066],[-124.31644940928898,48.973203819806756],[-124.31899098226839,48.967143871389844],[-124.33262047759996,48.96529300018535],[-124.3374453141294,48.969278971348054],[-124.3410111441905,48.97567070710669],[-124.35256707728412,48.97946860629791],[-124.35668179048929,48.97589077686581],[-124.36457092697422,48.98218582347196],[-124.36617354857182,48.98812204505828],[-124.36998672849646,48.988064009521466],[-124.36996596300813,48.986570314655445],[-124.37457345746505,48.9874014082516],[-124.37466653314844,48.98869010701941],[-124.38195274713816,48.987560187313825],[-124.38381435483883,48.99092178753098],[-124.38741579383839,48.99075602953051],[-124.38667874959327,48.99380657534881],[-124.38293855560076,48.99357097065666],[-124.38097769918393,48.9955644201925],[-124.37928043891054,48.99446921958963],[-124.37609070750712,48.99620103618106],[-124.37645684699085,48.99965877657539]]]]},"bbox":[-124.38741579383839,48.89427823881428,-123.58682984403993,49.12802415364848]},{"id":"5919016","type":"Feature","properties":{},"geometry":{"type":"MultiPolygon","coordinates":[[[[-124.0142279072855,48.818596349858005],[-124.0141068116469,48.81645240250431],[-124.00502969170014,48.812805509770385],[-124.00502081319101,48.810809694250764],[-124.00708249237091,48.81074359552489],[-124.00618550707131,48.80932229604782],[-124.00763750642875,48.80922269670078],[-124.00939354063841,48.81350864564242],[-124.01639499968529,48.81321326265625],[-124.01648621677586,48.81526206500973],[-124.02024333464365,48.814988541181705],[-124.02027185079194,48.81247494556037],[-124.02444728057299,48.81245005724316],[-124.02457972861018,48.8153090680206],[-124.02894484443713,48.81677783680416],[-124.0286126819052,48.82376669340789],[-124.01610371087067,48.82332159885172],[-124.01275871300541,48.82136740754234],[-124.0142279072855,48.818596349858005]]],[[[-124.07255315385494,48.82247391804655],[-124.06918358985979,48.82166005928837],[-124.06936968993591,48.826611696095185],[-124.06571231490442,48.82662940588561],[-124.06361716470128,48.83046378190999],[-124.05460660361479,48.83039189292417],[-124.05478777376136,48.84168166738004],[-124.04873488792634,48.841863552805016],[-124.04849718883257,48.83418538014013],[-124.04716559123823,48.83360682473518],[-124.04279209493419,48.83358989687577],[-124.04252281479734,48.837104750699226],[-124.03137155634107,48.83725381956922],[-124.03142298100494,48.83353602007691],[-124.03440409674293,48.83374675877984],[-124.03409248983365,48.83225523167991],[-124.03688190192773,48.83013603307523],[-124.03623247063467,48.828938439409406],[-124.03195593228916,48.831264478636434],[-124.02779493266318,48.8277489558198],[-124.03021541509821,48.823287105305404],[-124.03540121119751,48.82329400393574],[-124.03230043183383,48.818838254041616],[-124.03338632727052,48.81754284243457],[-124.03760601585944,48.81816715369523],[-124.03751392021816,48.81468130672318],[-124.04130998402597,48.81461931106305],[-124.0417022663768,48.818862219611255],[-124.05791435157461,48.8194064041331],[-124.05819686826818,48.81641976960259],[-124.08404082571765,48.817067476359],[-124.08385005739622,48.81125316514522],[-124.090994966733,48.81120714368774],[-124.09118443592834,48.815701448465305],[-124.11315596657825,48.81803934271633],[-124.11156822265947,48.82725445297228],[-124.09676757617021,48.82787349326247],[-124.07255315385494,48.82247391804655]]]]},"bbox":[-124.11315596657825,48.80922269670078,-124.00502081319101,48.841863552805016]},{"id":"5919017","type":"Feature","properties":{},"geometry":{"type":"MultiPolygon","coordinates":[[[[-123.78885175704887,49.02112986169907],[-123.7888938612661,49.02110736923005],[-123.78903356310998,49.02129536867102],[-123.78893844313056,49.021313871381196],[-123.78885175704887,49.02112986169907]]],[[[-123.77060402939462,49.02893197621173],[-123.77064322630767,49.02887787211683],[-123.77101521905898,49.02902736623734],[-123.77094704491776,49.029082952530125],[-123.77060402939462,49.02893197621173]]],[[[-123.788842129831,48.99101666986359],[-123.7890588489121,48.990971053859454],[-123.78919992933953,48.991140564633405],[-123.7890493574966,48.99116906331701],[-123.788842129831,48.99101666986359]]],[[[-123.75334912382777,49.04775715762712],[-123.75372135055704,49.047879666371195],[-123.75380603733251,49.047987874806815],[-123.75372301831004,49.048023464067825],[-123.75334912382777,49.04775715762712]]],[[[-123.75480143906671,49.0486828764117],[-123.75525412903838,49.048778361370545],[-123.75540732384079,49.048957767434246],[-123.75529873077956,49.04895776852865],[-123.75480143906671,49.0486828764117]]],[[[-123.82068941195354,49.010510834831344],[-123.82046973074065,49.01079466620726],[-123.82013964492148,49.01076360285358],[-123.82038914707279,49.01064268421562],[-123.82068941195354,49.010510834831344]]],[[[-123.7596099176641,49.053626461561585],[-123.75977395541571,49.05353515965578],[-123.76006413544212,49.05370325920457],[-123.75969653898767,49.053804366953194],[-123.7596099176641,49.053626461561585]]],[[[-123.78759304871453,48.99071047179077],[-123.78770122389047,48.99063785595615],[-123.78834574706306,48.990822963079076],[-123.78812732162136,48.99085996282471],[-123.78759304871453,48.99071047179077]]],[[[-123.78345753204079,49.01982275709137],[-123.78390043758681,49.02019725343919],[-123.78382044795212,49.020324057104],[-123.78362855064452,49.02027135712031],[-123.78345753204079,49.01982275709137]]],[[[-123.78852944194728,49.024986875857394],[-123.78863854391369,49.02495125635394],[-123.78906983826765,49.025315865140655],[-123.78853575333821,49.02528456576161],[-123.78852944194728,49.024986875857394]]],[[[-123.85590855519611,49.02155597000793],[-123.85604524283166,49.021474758422634],[-123.85641203600535,49.022191152605856],[-123.8561650541323,49.02208576310244],[-123.85590855519611,49.02155597000793]]],[[[-123.78920485199156,49.02260846779273],[-123.7894420247276,49.022947458323756],[-123.78925751829668,49.02339885765225],[-123.78919994422269,49.02327356435375],[-123.78920485199156,49.02260846779273]]],[[[-123.78179543682255,49.02897326060329],[-123.78158662832028,49.02885785855526],[-123.78254252592079,49.02876107440366],[-123.78232782969519,49.02896897053568],[-123.78179543682255,49.02897326060329]]],[[[-123.75174892191734,49.04410546818524],[-123.75228035167284,49.044002958095334],[-123.75247645206751,49.04432626636004],[-123.75231343955052,49.04435325604566],[-123.75174892191734,49.04410546818524]]],[[[-123.84380353857281,49.01748986384175],[-123.84493245655824,49.017931362131286],[-123.8450219254972,49.01839846648974],[-123.84481655077796,49.018381466057164],[-123.84380353857281,49.01748986384175]]],[[[-123.75299945719796,48.98549926201772],[-123.75376345194515,48.98539525694469],[-123.75460693659211,48.98615437555665],[-123.75357995526633,48.98598206948189],[-123.75299945719796,48.98549926201772]]],[[[-123.78413495024625,48.989898668542494],[-123.78595445863925,48.98991286014088],[-123.78742974544573,48.99078447295267],[-123.7858264223191,48.99052526495292],[-123.78413495024625,48.989898668542494]]],[[[-123.79396735059213,48.99619936232702],[-123.79253154989607,48.99528356309751],[-123.79182454558237,48.99460426866045],[-123.79439552532651,48.995531370829994],[-123.79396735059213,48.99619936232702]]],[[[-123.79173432065065,48.99240955741211],[-123.78943042617708,48.9911206550109],[-123.79550675485405,48.99318426711479],[-123.79342242999688,48.99289237207675],[-123.79173432065065,48.99240955741211]]],[[[-123.78746090277339,48.99555429422739],[-123.78812378944117,48.99450508633593],[-123.79551496602191,48.99884432794325],[-123.79585428045887,49.0005826363769],[-123.78816862801395,49.00085629317617],[-123.78746090277339,48.99555429422739]]],[[[-123.76952751308856,48.99160510345003],[-123.76045339382063,48.991545369189645],[-123.7612570393434,48.98923216746721],[-123.75731106092921,48.98678532014949],[-123.77232232611999,48.98890735955314],[-123.77301113220669,48.9874276621303],[-123.76925594155763,48.9859236660554],[-123.77110834687171,48.98374326361399],[-123.76839584523752,48.98145736336183],[-123.7699922419303,48.98136616932898],[-123.77347502937455,48.982971261579],[-123.77791593424368,48.988105569759576],[-123.77683812553657,48.99009096142885],[-123.77819604392285,48.9914451542931],[-123.76952751308856,48.99160510345003]]],[[[-124.03475052577457,49.02618176344542],[-124.02287736090074,49.02551386953348],[-124.01569332397068,49.030138259203895],[-123.99445065947026,49.03231156748496],[-123.98652815467517,49.02747637114001],[-123.96457513639605,49.02335337639072],[-123.95246710639717,49.01932469205957],[-123.95441825323748,49.0208737692695],[-123.95278884316521,49.022874754418574],[-123.95319336382686,49.03142752813552],[-123.93518555424804,49.02951543351349],[-123.93044265487346,49.032118826251036],[-123.92708592590103,49.0294964500496],[-123.9209413666742,49.03224319081481],[-123.90721276027271,49.029696979217825],[-123.89335130072851,49.024926224262146],[-123.88530511079186,49.02414078600481],[-123.88553364706961,49.03717849350761],[-123.8656530957829,49.03644078888727],[-123.86465124997325,49.03794834037517],[-123.86478673147285,49.042762939380985],[-123.86759951220562,49.04295574373391],[-123.86738091038978,49.05009928855068],[-123.86479776190883,49.0500684971531],[-123.86445159617199,49.057333871346174],[-123.7671024463303,49.05738097969671],[-123.76067843743077,49.05441955476087],[-123.76021944754976,49.05306374818301],[-123.75597703125491,49.04952886832445],[-123.76044991292805,49.04939215775956],[-123.75488784851123,49.04448146041386],[-123.74707254425152,49.041608872025584],[-123.74652693571927,49.038112372527486],[-123.75454349829184,49.03579253670195],[-123.80106998854943,49.035780168249694],[-123.80097594548914,49.01597697250979],[-123.8175432019719,49.016282646229],[-123.81796387651706,49.011426689848605],[-123.82038503721184,49.01224307190663],[-123.82122704015204,49.01111225140216],[-123.8349086298269,49.01720356133674],[-123.84513623369666,49.02505387026124],[-123.84991343057644,49.025361452403736],[-123.85123823840509,49.02354276685446],[-123.85121772755856,49.02876955544244],[-123.85497175151255,49.025926856220856],[-123.86377685013748,49.027846952414244],[-123.8638597186562,49.01254774020846],[-123.84641317815485,49.01301889447196],[-123.84394844683034,49.01554574951112],[-123.83049164865866,49.007358061896326],[-123.83441569714986,49.0067007907588],[-123.83059794814768,49.001891465434724],[-123.8340616024093,49.00246660079974],[-123.83628195040536,49.00006594491922],[-123.84724136479976,49.00162968557167],[-123.84543547966194,48.998128413034976],[-123.84499166561,48.99143712089955],[-123.84018789900222,48.99148340349407],[-123.83582393864158,48.98715355763109],[-123.83588589163932,48.979267229961735],[-123.8494274022295,48.97917953143647],[-123.84885978279904,48.981816069554455],[-123.85109520620554,48.98406470366909],[-123.85673751596244,48.9842964976456],[-123.85824792874627,48.98925293280867],[-123.86061730866966,48.9891296383683],[-123.85921894766646,48.990837080361366],[-123.85448643515113,48.990328565760805],[-123.85409120156366,48.99321391198966],[-123.86521491509356,48.99201991003854],[-123.8836138830442,48.99279224415594],[-123.88639110100402,48.991596140522425],[-123.89727485321376,48.99608927528947],[-123.90403593524935,48.99561096832615],[-123.90517291746465,48.99683671357486],[-123.90248697288733,48.99767008402996],[-123.905950948104,49.00007037233714],[-123.9103653332134,48.997822972380845],[-123.9136063290538,48.9933979577996],[-123.92775373640855,48.98814827134752],[-123.93225514533029,48.989840271362624],[-123.94878524916726,48.98928197240661],[-123.95603437707767,48.98708533071161],[-123.95601973421006,48.99043201744042],[-123.95955063286868,48.99050832658536],[-123.95965744598082,48.99537832709898],[-123.96569441145469,48.99501817366945],[-123.9659148428503,48.99185200666315],[-123.96939703615703,48.991869400194425],[-123.96905886329644,48.995105356404856],[-123.97109892390071,48.99519519046838],[-123.9713242643433,48.9914870810735],[-123.97431555947423,48.99160874213641],[-123.97417189769115,48.995078508185124],[-123.97688901228693,48.99514821245808],[-123.97705351840952,48.989848629228675],[-123.98467746952521,48.989968160565645],[-123.98481692332132,48.985858246376026],[-124.00453510882376,48.98615901964591],[-124.00493661444357,48.99953500991316],[-124.01376456062421,48.99969307174892],[-124.01522508161054,49.006198972417515],[-124.01927937376675,49.00538898612916],[-124.02173710038262,49.00807160175379],[-124.01959968628954,49.0119202447511],[-124.02970717962224,49.012345132057824],[-124.02989459524774,49.01839134698611],[-124.0355230230002,49.01824009894847],[-124.03594849235002,49.02574451675576],[-124.03475052577457,49.02618176344542]]]]},"bbox":[-124.03594849235002,48.97917953143647,-123.74652693571927,49.05738097969671]},{"id":"5919021","type":"Feature","properties":{},"geometry":{"type":"MultiPolygon","coordinates":[[[[-123.81316702586999,48.998980868386816],[-123.8141437554857,48.99850656716203],[-123.81447252129668,48.998620455077734],[-123.81303273588037,48.99916165077671],[-123.81316702586999,48.998980868386816]]],[[[-123.80425785710193,48.996439664215316],[-123.80753494112484,48.99821886783079],[-123.80919341457825,49.00017855776716],[-123.8082696258848,48.99961746403816],[-123.80425785710193,48.996439664215316]]],[[[-123.80677392100843,48.99931265516649],[-123.8199132585058,49.00938606425303],[-123.82069387453481,49.01050913381863],[-123.81933274183052,49.01071205273998],[-123.80677392100843,48.99931265516649]]],[[[-123.82527973686388,49.00471466333639],[-123.82258063629737,49.002773477927484],[-123.82365504801112,49.00165835681163],[-123.81975185320938,49.00205565658278],[-123.81531554012318,48.99571797278961],[-123.81188694626952,48.99425816701922],[-123.8075866310348,48.995438864376666],[-123.80852023048068,48.989018462018905],[-123.80343515025959,48.98307245455571],[-123.80434522766771,48.98100585906645],[-123.79917704633814,48.97909036272771],[-123.79879363564433,48.97655525170665],[-123.7942286449905,48.973078764263455],[-123.78804199034867,48.97191098488719],[-123.78879682539707,48.96752632308729],[-123.78642711884962,48.965984525596205],[-123.7854676134521,48.96154235899239],[-123.78434488362866,48.961363319367145],[-123.78504801223212,48.96515549930797],[-123.78045190768185,48.96086716214179],[-123.78306017744325,48.96203970682603],[-123.78291281419554,48.96038401121272],[-123.77997909382553,48.959803416495156],[-123.77889626266126,48.95541803000712],[-123.78095648028152,48.95467927415058],[-123.77871115671235,48.95463956597677],[-123.77687949939816,48.949456609844674],[-123.77109497694349,48.94435587806467],[-123.77035277813454,48.93948099181005],[-123.77317983140037,48.93938853116283],[-123.77290075779379,48.93622972176906],[-123.79066378854066,48.93636421786358],[-123.78851731328571,48.94652810893931],[-123.79274972188801,48.95220240051391],[-123.79500606882343,48.96124527382791],[-123.80017426926042,48.96124084078705],[-123.8000227806315,48.96831606739211],[-123.81128535876547,48.9686127097284],[-123.81109194791951,48.97406660886286],[-123.82607398829333,48.97755736866259],[-123.82802521619963,48.97939693571904],[-123.83588589163932,48.979267229961735],[-123.83582393864158,48.98715355763109],[-123.84018789900222,48.99148340349407],[-123.84499166561,48.99143712089955],[-123.84543547966194,48.998128413034976],[-123.84724136479976,49.00162968557167],[-123.83628195040536,49.00006594491922],[-123.8340616024093,49.00246660079974],[-123.83059794814768,49.001891465434724],[-123.83441569714986,49.0067007907588],[-123.83040847390913,49.006950818152184],[-123.82527973686388,49.00471466333639]]]]},"bbox":[-123.84724136479976,48.93622972176906,-123.77035277813454,49.01071205273998]},{"id":"5919033","type":"Feature","properties":{},"geometry":{"type":"MultiPolygon","coordinates":[[[[-124.80534753353965,48.65064766525811],[-124.80554673656265,48.65050956964915],[-124.8057813503965,48.650623460270765],[-124.80547403076254,48.65075456085647],[-124.80534753353965,48.65064766525811]]],[[[-124.80186134655118,48.645422260139604],[-124.80256813589044,48.64541087821876],[-124.80283126409898,48.64555896890952],[-124.8022422327849,48.64579395846985],[-124.80186134655118,48.645422260139604]]],[[[-124.8145287353683,48.65068327493183],[-124.8150288427613,48.65064055015612],[-124.81588205120573,48.65130146411939],[-124.8147676359701,48.65132847557401],[-124.8145287353683,48.65068327493183]]],[[[-124.54047941996942,48.93390527945524],[-124.53934333171472,48.93439426179342],[-124.51745625935531,48.91584351748129],[-124.50111576049385,48.91540342746264],[-124.50108501692233,48.91233122873254],[-124.45718646066008,48.91118299134508],[-124.45722155043465,48.90989452614405],[-124.44087905362927,48.909574335787184],[-124.44107291586717,48.90695194658792],[-124.41595003181298,48.90669273436674],[-124.41553496524585,48.91667294236372],[-124.37450020302204,48.90809338484313],[-124.37392644530213,48.90380451686074],[-124.33215307183131,48.89981581449318],[-124.33505750603123,48.896020405248386],[-124.3182775624789,48.895399275234],[-124.32118828692946,48.89048940502028],[-124.31390374082257,48.88825791011309],[-124.29783249885334,48.883555700900764],[-124.23832846157941,48.87127681641208],[-124.23948829873802,48.868997513020005],[-124.21748071037042,48.86508762258228],[-124.21899050372646,48.86349879733902],[-124.20380809594013,48.85702120740481],[-124.1824701790342,48.83557913375224],[-124.17715219117007,48.82822939758016],[-124.17810538509067,48.82716842763278],[-124.1743794040739,48.82713960935569],[-124.17495674145215,48.82590761748772],[-124.15567248753894,48.827488546753806],[-124.1118087412861,48.8258583282233],[-124.11315596657825,48.81803934271633],[-124.09118443592834,48.815701448465305],[-124.090994966733,48.81120714368774],[-124.08385005739622,48.81125316514522],[-124.08404082571765,48.817067476359],[-124.05819686826818,48.81641976960259],[-124.05791435157461,48.8194064041331],[-124.0417022663768,48.818862219611255],[-124.04130998402597,48.81461931106305],[-124.03751392021816,48.81468130672318],[-124.03760601585944,48.81816715369523],[-124.03338632727052,48.81754284243457],[-124.03230043183383,48.818838254041616],[-124.03540121119751,48.82329400393574],[-124.03021541509821,48.823287105305404],[-124.0297332326894,48.825946357789526],[-124.02793695533782,48.82596784612471],[-124.02779493266318,48.8277489558198],[-124.0315303238224,48.83112496606399],[-124.03623247063467,48.828938439409406],[-124.03688190192773,48.83013603307523],[-124.03409248983365,48.83225523167991],[-124.03440409674293,48.83374675877984],[-124.03142298100494,48.83353602007691],[-124.03137155634107,48.83725381956922],[-124.04252281479734,48.837104750699226],[-124.04279209493419,48.83358989687577],[-124.04716559123823,48.83360682473518],[-124.04849718883257,48.83418538014013],[-124.04873488792634,48.841863552805016],[-124.05478777376136,48.84168166738004],[-124.05472084464095,48.84488424187357],[-124.06673685035942,48.84337648977917],[-124.06683395981574,48.84665959043086],[-124.07236981627425,48.8467893091716],[-124.07185824539698,48.86080405163819],[-124.05436568495311,48.86094702928848],[-124.05390526357523,48.875896862131505],[-124.03439718106537,48.87626050134085],[-124.03440673688019,48.87063141454727],[-124.02596039873889,48.87086794244429],[-124.02586201781423,48.872663086827835],[-124.0235369857327,48.8727472083111],[-124.02316094206478,48.880745480718744],[-124.02487095573802,48.8808554636224],[-124.02484915431138,48.88428169837647],[-124.01981354188227,48.88418889445112],[-124.01985626499736,48.887792616283676],[-124.01559824847786,48.887871891020346],[-124.01528934068969,48.890981191576685],[-124.0201198935316,48.89514021661705],[-124.02639309892363,48.89564300357598],[-124.02908409455846,48.899206416069305],[-124.03191190518756,48.898552605665415],[-124.06010037668281,48.91172519741456],[-124.05830369538485,48.931657322415084],[-124.04847372457866,48.93090447788627],[-124.04779083322882,48.92787333800142],[-124.03474149370687,48.92748567550665],[-124.03432850199924,48.9308871453041],[-124.02110833895759,48.93197973893034],[-124.02082428441695,48.93672956442766],[-123.9751040407883,48.93714767655253],[-123.97500794930657,48.93106105525125],[-123.96835917743566,48.930903268140696],[-123.96815479985976,48.920186453596955],[-123.94207782975397,48.92082115668962],[-123.94184849658639,48.91850184741794],[-123.89868341556047,48.91873556145374],[-123.89855392520217,48.91538403634418],[-123.89278826208385,48.91544495594877],[-123.89267039363823,48.91227068846563],[-123.87628383903858,48.91245126346005],[-123.87605932838761,48.915667418631664],[-123.84991891384317,48.916172864534545],[-123.84893890065388,48.9086238200762],[-123.82121472215135,48.90958700302842],[-123.82166411282837,48.89489490339081],[-123.82651477606022,48.89208024360413],[-123.82623580095184,48.88758140331406],[-123.82151095523197,48.88751410031531],[-123.82156365953489,48.879752644875765],[-123.82606108699996,48.87934288662573],[-123.82699852076962,48.875814113090875],[-123.83048056018839,48.87699986445049],[-123.83361520548691,48.87312694061004],[-123.83729016364224,48.87347022931992],[-123.8425821988285,48.8684251656683],[-123.84760890117721,48.8686031130027],[-123.84800042423173,48.86352056726928],[-123.84807359414623,48.85724359176873],[-123.84299982404865,48.85718721450428],[-123.84290043060781,48.8500344163737],[-123.82684191285134,48.85000418948034],[-123.827523612543,48.84722111323441],[-123.8238490867472,48.84491661491581],[-123.82411980178237,48.79165246287555],[-123.82663076141831,48.79159237990406],[-123.82667452390409,48.78451703110969],[-123.83771455337217,48.78458353186332],[-123.83800652641096,48.75784254410602],[-123.84372717955866,48.75786989555386],[-123.85177600464104,48.7620578092389],[-123.86009238353748,48.76102240176232],[-123.85956460190317,48.7646641114957],[-123.8629240177199,48.76673490348077],[-123.86339161302675,48.76971180618953],[-123.87245139215132,48.77027840473008],[-123.87561180373953,48.76609551020342],[-123.8838710956639,48.765332099524095],[-123.88982861193148,48.76674060849127],[-123.89028589857375,48.76997640734948],[-123.89279489527657,48.77042943583772],[-123.89316384673113,48.71448078592049],[-123.8902283695423,48.71444269160335],[-123.88969600558885,48.689114423935564],[-123.89866220628174,48.68898007931345],[-123.898278574637,48.667498944058444],[-123.87629404856698,48.667602810030054],[-123.87606533286987,48.63901679060522],[-123.8781958402771,48.63782247858307],[-123.88519690057163,48.63734687076006],[-123.88894415116955,48.63892131309797],[-123.89633532074582,48.63679693782417],[-123.89802693813061,48.63903265031979],[-123.90193783753817,48.638940002114474],[-123.90214243887166,48.6452576652228],[-123.90603272526116,48.64532717923926],[-123.90617175253094,48.652270397703745],[-123.9106522271876,48.652242390746004],[-123.91510161435342,48.650215405957525],[-123.91538159029683,48.644285791284744],[-123.91680970293197,48.6428028395217],[-123.93181618917458,48.638510645151655],[-123.94606729333074,48.63849530907861],[-123.94642074763473,48.64436476383365],[-124.02264589140925,48.64424255740289],[-124.02310177148269,48.64907419642722],[-124.11365974336984,48.64981610592781],[-124.11376346192492,48.63592815995538],[-124.14217261927524,48.63572586978266],[-124.1424861602609,48.64066018144104],[-124.15510422158236,48.64050271617683],[-124.155200260205,48.647598994595064],[-124.16172983646199,48.647780909900376],[-124.16171361973583,48.651005242847695],[-124.17488006862376,48.651260798788684],[-124.17479765961663,48.65593120993228],[-124.20030293466834,48.65608942992038],[-124.28005455363149,48.72120522577255],[-124.2808315699144,48.68074476515535],[-124.35685530255574,48.680749672146675],[-124.35683778082937,48.69519237742241],[-124.37998027092738,48.69526752002294],[-124.37945474428956,48.67719356939457],[-124.37793253321637,48.67370276796956],[-124.38186423939393,48.665477968703776],[-124.38281753159524,48.66433749188186],[-124.41369576311614,48.665685754200794],[-124.41268437457718,48.63685733634234],[-124.41865525466162,48.63684629486148],[-124.41928974092737,48.633195725509616],[-124.4217753382491,48.633245303900026],[-124.42101468078835,48.62817949754475],[-124.42247801621963,48.627897534637036],[-124.42134383329044,48.626293400867965],[-124.42648775951943,48.62469431084093],[-124.42878312354225,48.62724527388036],[-124.44731101286808,48.62652472812558],[-124.44727141850994,48.63490763915904],[-124.49018407120738,48.63414158801781],[-124.48799283976265,48.59220130043973],[-124.49858288919114,48.5921203086061],[-124.49825579400323,48.559704411334636],[-124.50035560415053,48.55959354132443],[-124.500614597818,48.543949112172726],[-124.55031523982429,48.554986356828095],[-124.54973335120067,48.558566867719016],[-124.55457713361355,48.55607166704011],[-124.58250564702705,48.56121585771206],[-124.59011733576176,48.56406147365896],[-124.59508223459136,48.563290952911295],[-124.5975837335865,48.56399456243693],[-124.59822525817623,48.5658474650777],[-124.60074545406795,48.56363567096219],[-124.60375666107434,48.56412416456234],[-124.61712293745018,48.5680036745008],[-124.61634024763958,48.57111845251085],[-124.62329286456527,48.5685292653371],[-124.62818093191413,48.57087065567004],[-124.64423654506788,48.57308094790321],[-124.65625535898023,48.57956546330082],[-124.65258153281394,48.582462275332546],[-124.65673714889698,48.58683746395028],[-124.65283244852814,48.58848665275441],[-124.65286903281839,48.589627475006225],[-124.65516682517823,48.59186205749966],[-124.66003712975828,48.593150957669245],[-124.65503046208902,48.591468963829165],[-124.65354163931751,48.58906917409524],[-124.65728063986559,48.586820374417336],[-124.65324462030573,48.58202926020573],[-124.65850304997078,48.57947996654132],[-124.6677603489535,48.5826573640504],[-124.6779938402531,48.58373125565],[-124.69022513810363,48.59027265310932],[-124.6985109226873,48.58985386586909],[-124.71474435316046,48.59347285718821],[-124.7253481497769,48.598560066351844],[-124.72836853865252,48.605189775373525],[-124.73725895526721,48.61203737238353],[-124.7445302522116,48.61357416638096],[-124.75150845852865,48.61094926005631],[-124.75675925300044,48.61369515007065],[-124.7577798362456,48.616557857677314],[-124.76260283586957,48.61789655930234],[-124.76593433075492,48.62703146131138],[-124.77162974476815,48.62999384901448],[-124.77601084457584,48.63031287717451],[-124.7764547261019,48.632501858987006],[-124.78272944905147,48.637982149372434],[-124.79472015067134,48.640027366748505],[-124.79593003987281,48.64313075472818],[-124.80330584813237,48.64860256144193],[-124.8043152465088,48.6525447613929],[-124.81554502699997,48.661977264014645],[-124.80957903802634,48.663024059912445],[-124.80474685555956,48.664989453457494],[-124.80311033892976,48.6625312689049],[-124.80136563763222,48.66157845171036],[-124.79996991627725,48.66165395918415],[-124.79870792616134,48.662061362089474],[-124.79714962680936,48.663731956409116],[-124.80065034790013,48.66173375784086],[-124.80437314925543,48.6652016486907],[-124.81027464314282,48.66310386600102],[-124.81907913709236,48.66318926745266],[-124.81975204214724,48.66074966654596],[-124.82401195197971,48.661779358383384],[-124.82722673957143,48.65900356879492],[-124.83574872744349,48.66181775983003],[-124.84454384587669,48.66730096451103],[-124.84983983580287,48.667215560843786],[-124.84938692469868,48.66933756046995],[-124.85211711529548,48.6710921936734],[-124.85250268231096,48.67719209485947],[-124.85498120336935,48.682635385453224],[-124.84974627938765,48.68743209600069],[-124.8385851001646,48.68653749201921],[-124.81977551577882,48.689417404459675],[-124.8019684941662,48.69657550267161],[-124.78801021054386,48.71700579765102],[-124.77344368998146,48.731685205656966],[-124.75688360540379,48.74059788432994],[-124.74160758808667,48.74484490942812],[-124.73662388627498,48.750500393451446],[-124.73568611159192,48.75381878913559],[-124.73846678662264,48.758894696176945],[-124.73087178334254,48.7707212981233],[-124.72039838163916,48.779639702742465],[-124.70793470726872,48.78608139989169],[-124.69364540115444,48.79608789431138],[-124.68923129158419,48.804583311540696],[-124.68341710774003,48.811030694781394],[-124.67896300581984,48.813426205765474],[-124.68185631959088,48.82231330317129],[-124.67924689021675,48.82498509155537],[-124.6695157952415,48.828675205861636],[-124.67272457968028,48.833912897703286],[-124.66963298513753,48.84084080202621],[-124.66618008007346,48.84147319602793],[-124.65903681410855,48.83703109480377],[-124.64930799219927,48.84349840592693],[-124.64945719100528,48.84723271309551],[-124.65495550348426,48.85449049668006],[-124.64994560923049,48.859344204424175],[-124.65408089588016,48.86238059946018],[-124.65284608730319,48.86735110800881],[-124.65051701215964,48.86854029512002],[-124.64406408548486,48.86717449298388],[-124.64051000295511,48.86550238916438],[-124.64019021655702,48.8619804035209],[-124.63886068005644,48.86170119533132],[-124.62149240428384,48.87465730599865],[-124.61636329288967,48.876822110778264],[-124.60998719673869,48.876071493800886],[-124.60447978808484,48.87989550304397],[-124.58887589577797,48.87901111233696],[-124.58771757381828,48.880332695237286],[-124.58948820567818,48.88195208796048],[-124.5889753911067,48.88397440699935],[-124.58301278641116,48.88826130716044],[-124.57886810116077,48.88982219727449],[-124.5751763065907,48.8883082993434],[-124.57211469685643,48.889231215375865],[-124.57053800020223,48.89838739864493],[-124.55881380603427,48.89493089231853],[-124.55026501380006,48.900468205223625],[-124.55104088117668,48.90768749213311],[-124.54521930918729,48.910461900848],[-124.54585071300603,48.92075319205825],[-124.54776079440799,48.92490619769533],[-124.55020861777142,48.926064105573026],[-124.5457167959522,48.927586594583616],[-124.54968949171632,48.930348091478145],[-124.5497838934776,48.93209699257525],[-124.54047941996942,48.93390527945524]],[[-124.66635242697647,48.81367266602975],[-124.67000124344393,48.81074166061624],[-124.67629860562768,48.80846007441425],[-124.67173764334713,48.804273302679874],[-124.66326330074659,48.80411482952931],[-124.66635242697647,48.81367266602975]],[[-124.02457972861018,48.8153090680206],[-124.02444728057299,48.81245005724316],[-124.02027185079194,48.81247494556037],[-124.02024333464365,48.814988541181705],[-124.01648621677586,48.81526206500973],[-124.01639499968529,48.81321326265625],[-124.00939354063841,48.81350864564242],[-124.00763750642875,48.80922269670078],[-124.00618550707131,48.80932229604782],[-124.00682820658224,48.81096771516141],[-124.00502081319101,48.810809694250764],[-124.00502969170014,48.812805509770385],[-124.01426291761466,48.81661929827559],[-124.01275871300541,48.82136740754234],[-124.01640548679367,48.82342359994012],[-124.0286126819052,48.82376669340789],[-124.02894484443713,48.81677783680416],[-124.02457972861018,48.8153090680206]]]]},"bbox":[-124.85498120336935,48.543949112172726,-123.82121472215135,48.93714767655253]},{"id":"5919035","type":"Feature","properties":{},"geometry":{"type":"Polygon","coordinates":[[[-124.5718648346906,49.14871792242606],[-124.56708763852225,49.14880351254122],[-124.56503055795626,49.1436439252266],[-124.54987176421449,49.141713437964874],[-124.54956398661312,49.1375760950438],[-124.55230227652228,49.135768816733595],[-124.55242606624977,49.13348367552324],[-124.54820893761159,49.12809981540528],[-124.5361357737399,49.1279387091482],[-124.53533318771474,49.12599230527464],[-124.53275502752571,49.12595821572603],[-124.53250811188434,49.12418643475681],[-124.52821518931866,49.124178777222866],[-124.52938727909813,49.117912356788494],[-124.53258139597483,49.11800681496051],[-124.53263973348147,49.116198307768514],[-124.53502383539765,49.116191217256734],[-124.53502083212587,49.11385843309614],[-124.5371831853418,49.11378742710405],[-124.53722436252275,49.10917721527216],[-124.53149037228869,49.10896711317576],[-124.53131378153991,49.10462021892317],[-124.52994630739097,49.10457968942414],[-124.53027522877304,49.09745679830999],[-124.53185417270414,49.09741923581368],[-124.53287179351364,49.09109891903631],[-124.52776218864452,49.09109577767906],[-124.52723887898848,49.08013248988647],[-124.5237866156891,49.07998949769386],[-124.52377128287915,49.071440299398645],[-124.51654885667821,49.06855632683137],[-124.51576559243908,49.05105693521054],[-124.51185739774232,49.050944163871776],[-124.5030460080008,49.04714777053309],[-124.50308820407531,49.0489430225184],[-124.50545066266751,49.04891096041123],[-124.50576064366574,49.05328990863045],[-124.50369648926177,49.05489855483505],[-124.49550703533701,49.05412894199431],[-124.49554016503963,49.05529279309107],[-124.49050021302128,49.05519722667645],[-124.49045916881506,49.056328205497735],[-124.48262557291277,49.05624025243637],[-124.48139055067011,49.054585616038324],[-124.47529831285705,49.05454675613778],[-124.4751368084249,49.058646854463404],[-124.47180274227365,49.058612974515206],[-124.47154974177373,49.06051561352],[-124.46107807951422,49.05916928909629],[-124.46098449098919,49.05552432687276],[-124.46317075268611,49.05555997926561],[-124.46328844931827,49.05017866051049],[-124.45602519531464,49.04903509366837],[-124.45643935305735,49.04351514567644],[-124.46993417660929,49.042534721691],[-124.4773606798925,49.044189905031644],[-124.48840691701274,49.04230331316761],[-124.4884958570707,49.03871168528801],[-124.48526240573075,49.03855163722947],[-124.4870489852322,49.031663921939426],[-124.4937579687981,49.03106039263336],[-124.49390660864638,49.03429188857751],[-124.50196762940868,49.03417725454156],[-124.50164201538954,49.030813863557114],[-124.49998490090222,49.02972547920237],[-124.50354020291228,49.02969565557396],[-124.50339580088769,49.0279477491954],[-124.49527665020973,49.02701682815569],[-124.49530861822763,49.02449117055254],[-124.47981300050718,49.025144055564475],[-124.47972308694457,49.02395027569754],[-124.48277793764495,49.02382912131851],[-124.48271462734809,49.02220989423783],[-124.47212457752208,49.02151976284208],[-124.47015383474059,49.019993317830114],[-124.4630659778362,49.01993241368685],[-124.46306457184373,49.021422859005256],[-124.46677129215809,49.02367215544229],[-124.466626843651,49.026076420666705],[-124.46340874468676,49.02704371484931],[-124.46337911079843,49.028715670270174],[-124.46891158482165,49.02935959968384],[-124.46898742012021,49.03086015651189],[-124.46319017854871,49.03244467252757],[-124.4577992603317,49.032372744604004],[-124.45644616859397,49.027932688443755],[-124.4549319110774,49.02782130679699],[-124.45481075807437,49.023794964205095],[-124.45226796725304,49.02329308229143],[-124.43565626974139,49.024992934747544],[-124.42712217443456,49.02321762319433],[-124.4171324194196,49.02546385870367],[-124.41039010392339,49.01594065148431],[-124.40324196489102,49.01464098660864],[-124.4005315664927,49.01247030552463],[-124.39910539715153,49.00833345169154],[-124.40025913288792,49.00334943570178],[-124.39289259891805,48.99430620518265],[-124.39286112452659,48.99076750546758],[-124.38493180806206,48.98205762407524],[-124.36457092697422,48.98218582347196],[-124.35668179048929,48.97589077686581],[-124.35256707728412,48.97946860629791],[-124.3475338010206,48.977971673537255],[-124.3410111441905,48.97567070710669],[-124.3374453141294,48.969278971348054],[-124.33262047759996,48.96529300018535],[-124.31899098226839,48.967143871389844],[-124.31644940928898,48.973203819806756],[-124.31835487553539,48.977447865602066],[-124.31294852781957,48.97855875518128],[-124.31087783659625,48.9799109586849],[-124.31079685271665,48.982237235116024],[-124.30393049860275,48.98247307865031],[-124.29888355237911,48.979273340420704],[-124.29486572322162,48.97381297179425],[-124.27763795680728,48.96921720437129],[-124.2715486467077,48.97004777823975],[-124.262651935744,48.967676510161354],[-124.23507843837271,48.95676955908088],[-124.21000136263667,48.955316444076],[-124.21167795968158,48.95225585296162],[-124.21057960158073,48.948841927744176],[-124.21464785520402,48.946470581633726],[-124.21433684850543,48.943883512356216],[-124.22488682904546,48.93697648541746],[-124.20743114748703,48.94131026153896],[-124.2013015036824,48.94140474156686],[-124.19725537345816,48.94396218058015],[-124.19786307729446,48.95097147851455],[-124.20006612482157,48.95143444340997],[-124.19828958504291,48.95187550901464],[-124.19827226832487,48.95429390101668],[-124.19978370928727,48.9560925559524],[-124.2032379375715,48.95647306561694],[-124.20281894546763,48.96156161685813],[-124.19591148217351,48.96120883582371],[-124.19599272027936,48.95835352492945],[-124.1887595643829,48.957825750967594],[-124.18898366602465,48.95450618204981],[-124.17835582196234,48.95492483222358],[-124.17951813191327,48.94902338358111],[-124.17323924642487,48.94964350039503],[-124.169296055399,48.94707206634528],[-124.16402412558672,48.9469745703183],[-124.16227729664456,48.94599261854901],[-124.16168459407058,48.93971804424939],[-124.15602791202274,48.93915064272357],[-124.14966458904196,48.93954550751414],[-124.14984005952104,48.94186361563797],[-124.14114493722133,48.94195901385449],[-124.14208152794112,48.94685442892342],[-124.12958599904243,48.94591045946873],[-124.12979906993918,48.94814902578954],[-124.10624856990015,48.9503514460634],[-124.10643446549088,48.95178914541345],[-124.09941423937673,48.95241011747425],[-124.10053558941097,48.95865212644344],[-124.09733143307244,48.95873616652348],[-124.09594817820418,48.96245933691808],[-124.09035584886931,48.962513860701485],[-124.08851572556182,48.9594366477323],[-124.07780600056573,48.95884987205352],[-124.07719365261121,48.968044749829936],[-124.0714574112945,48.96739392944817],[-124.07135228623147,48.965496094810575],[-124.06891946254073,48.96532326736723],[-124.06986197111019,48.9602048317152],[-124.06797898309827,48.960318178176244],[-124.06821922065876,48.956211837890315],[-124.06437350486041,48.95262294993749],[-124.0552795969439,48.95308442459888],[-124.05320610804009,48.950316782454195],[-124.0466954510092,48.948432876859584],[-124.0462648123525,48.946204370502215],[-124.03748675524872,48.946085414922884],[-124.03661752173993,48.94413857740787],[-124.0319910978889,48.94442973938434],[-124.03180165107035,48.947096920352536],[-124.01945281532225,48.94772172198617],[-124.02110833895759,48.93197973893034],[-124.03432850199924,48.9308871453041],[-124.03474149370687,48.92748567550665],[-124.04779083322882,48.92787333800142],[-124.04847372457866,48.93090447788627],[-124.05830369538485,48.931657322415084],[-124.05935548226176,48.91404925957584],[-124.06066571700458,48.91246859791478],[-124.03191190518756,48.898552605665415],[-124.02908409455846,48.899206416069305],[-124.02639309892363,48.89564300357598],[-124.0201198935316,48.89514021661705],[-124.01528934068969,48.890981191576685],[-124.01559824847786,48.887871891020346],[-124.01985626499736,48.887792616283676],[-124.01981354188227,48.88418889445112],[-124.02484915431138,48.88428169837647],[-124.02487095573802,48.8808554636224],[-124.02316094206478,48.880745480718744],[-124.0235369857327,48.8727472083111],[-124.02586201781423,48.872663086827835],[-124.02596039873889,48.87086794244429],[-124.03440673688019,48.87063141454727],[-124.03439718106537,48.87626050134085],[-124.05390526357523,48.875896862131505],[-124.05436568495311,48.86094702928848],[-124.07185824539698,48.86080405163819],[-124.07236981627425,48.8467893091716],[-124.06683395981574,48.84665959043086],[-124.06673685035942,48.84337648977917],[-124.05472084464095,48.84488424187357],[-124.05460660361479,48.83039189292417],[-124.06361716470128,48.83046378190999],[-124.06571231490442,48.82662940588561],[-124.06936968993591,48.826611696095185],[-124.06977492089524,48.831843919585644],[-124.0764041015032,48.832025830427916],[-124.07599275769152,48.82427677091895],[-124.06959017394153,48.82375153918637],[-124.06918358985979,48.82166005928837],[-124.09676757617021,48.82787349326247],[-124.11156822265947,48.82725445297228],[-124.1118087412861,48.8258583282233],[-124.15567248753894,48.827488546753806],[-124.17495674145215,48.82590761748772],[-124.1743794040739,48.82713960935569],[-124.17810538509067,48.82716842763278],[-124.17715219117007,48.82822939758016],[-124.1824701790342,48.83557913375224],[-124.20380809594013,48.85702120740481],[-124.21899050372646,48.86349879733902],[-124.21748071037042,48.86508762258228],[-124.23948829873802,48.868997513020005],[-124.23832846157941,48.87127681641208],[-124.29783249885334,48.883555700900764],[-124.31390374082257,48.88825791011309],[-124.32118828692946,48.89048940502028],[-124.3182775624789,48.895399275234],[-124.33505750603123,48.896020405248386],[-124.33215307183131,48.89981581449318],[-124.37392644530213,48.90380451686074],[-124.37450020302204,48.90809338484313],[-124.41553496524585,48.91667294236372],[-124.41595003181298,48.90669273436674],[-124.44107291586717,48.90695194658792],[-124.44087905362927,48.909574335787184],[-124.45722155043465,48.90989452614405],[-124.45718646066008,48.91118299134508],[-124.50108501692233,48.91233122873254],[-124.50111576049385,48.91540342746264],[-124.51745625935531,48.91584351748129],[-124.63825076655104,49.01432138327921],[-124.63339781402226,49.01395843801892],[-124.62584424136989,49.01599412712213],[-124.6258246441225,49.01413901423936],[-124.61932321833486,49.01508954794072],[-124.61875461024154,49.01237039321462],[-124.61606745613325,49.01024123677491],[-124.60684158897709,49.010166072130716],[-124.60561976738936,49.01096593864188],[-124.60734706298038,49.014046044719414],[-124.6017393023754,49.014568688992675],[-124.60170078916286,49.01735348687525],[-124.60520736681481,49.01752031446215],[-124.60503624296534,49.01992158679948],[-124.60259776525868,49.019917393820236],[-124.60341580084574,49.02576015247478],[-124.60608930502684,49.026107509713356],[-124.60580789397936,49.0349572113385],[-124.61113836743198,49.03509509960807],[-124.61141500570933,49.037633323675024],[-124.6138934487131,49.0374467748875],[-124.61558189050014,49.04811959621105],[-124.62445689178921,49.04884340618332],[-124.62469772983187,49.0515685446262],[-124.63040182610249,49.051523675071216],[-124.63005218390695,49.059448766761676],[-124.62819361827371,49.05966231135603],[-124.62796983468688,49.061391011704806],[-124.630025688742,49.06140583607909],[-124.6332050802893,49.0700171397746],[-124.63889809101701,49.07188640478516],[-124.6386931522123,49.075559937928745],[-124.63577157521563,49.07538929000792],[-124.635375162528,49.08619818564936],[-124.62983003734838,49.086047974190876],[-124.62904539902773,49.09717364485903],[-124.62027988897465,49.09961931412408],[-124.61629009497545,49.104114350531766],[-124.60738090623069,49.10340733201173],[-124.60868890072209,49.090696625728604],[-124.61120593724503,49.090324449769405],[-124.61179452723333,49.08126138234073],[-124.60649235699081,49.08102352703393],[-124.60591917609399,49.07937450783128],[-124.60332076015015,49.079127968958545],[-124.60280224136356,49.0756402614214],[-124.59733161148944,49.07559564528538],[-124.59702138428796,49.07909405520979],[-124.59990922389699,49.08695567782582],[-124.59512073223753,49.09819141143989],[-124.59902101674314,49.104073181574215],[-124.59898104271862,49.10634367743562],[-124.597641820178,49.106415274032926],[-124.59859102966514,49.10900097166542],[-124.58868764923247,49.11525493943126],[-124.58431854062754,49.11271554870538],[-124.59046740248714,49.10742017626985],[-124.58862511960866,49.10598263642382],[-124.582165921821,49.103733800536425],[-124.5773887940475,49.10775623912765],[-124.5800860947689,49.114248275633365],[-124.57743067464222,49.1240239551689],[-124.5785042326168,49.13146500379121],[-124.58089993105462,49.131789225185365],[-124.58104276035537,49.135244519580446],[-124.58248466069236,49.13522940302275],[-124.58239521971461,49.14499169085535],[-124.5805426871515,49.14506639733831],[-124.58059828987506,49.14857498359544],[-124.5718648346906,49.14871792242606]]]},"bbox":[-124.63889809101701,48.82166005928837,-124.01528934068969,49.14880351254122]},{"id":"5919043","type":"Feature","properties":{},"geometry":{"type":"MultiPolygon","coordinates":[[[[-123.52538233162664,48.628145153090266],[-123.52523143541424,48.62792156462839],[-123.52556894171566,48.62789305381616],[-123.52558423029389,48.62802696914494],[-123.52538233162664,48.628145153090266]]],[[[-123.56026439460081,48.67925539026744],[-123.53245863475803,48.67927005955973],[-123.53140365346835,48.670345966280806],[-123.53508434244387,48.66391425164937],[-123.53387563613455,48.660078869493375],[-123.53933434792155,48.654853347941966],[-123.5468501410705,48.65555555821413],[-123.5541563539465,48.65933535892044],[-123.55666023665546,48.658549256389875],[-123.55552814956762,48.657016750600086],[-123.55954723308798,48.65564805811231],[-123.55470655898165,48.65620216647583],[-123.55083903378669,48.646558775081104],[-123.54557564125874,48.644496575564176],[-123.53701343815479,48.636674640549764],[-123.53716651210135,48.61076843405132],[-123.51835512950947,48.610559737887456],[-123.52188734899299,48.60627355087428],[-123.52132783321908,48.60214625192775],[-123.52329622673528,48.59834077467396],[-123.52118322793399,48.590614453916025],[-123.52167001706339,48.58260465549178],[-123.51478285128836,48.5720028719009],[-123.51460473834179,48.56781147277382],[-123.51925843194894,48.56550565036207],[-123.52095643825841,48.56075585207463],[-123.52906344749354,48.56215016494125],[-123.5387407639885,48.55841586624148],[-123.54810034969272,48.55784196567204],[-123.55439905672192,48.55377155942862],[-123.55783544195198,48.54969836225754],[-123.55866253412182,48.543531464880026],[-123.55547527731107,48.53602312978141],[-123.57926329906981,48.535676640010266],[-123.57920637972249,48.55820172914877],[-123.57632137813658,48.5582920544604],[-123.58437537009307,48.56204528712269],[-123.58430986463553,48.56790713158379],[-123.58155910286578,48.56782824689986],[-123.58112481750699,48.573475333214574],[-123.56393530592781,48.574877133396406],[-123.56444397241575,48.60015206867897],[-123.54840880068127,48.600327018830754],[-123.54848297167355,48.61103520035722],[-123.55904212045819,48.611182840394775],[-123.55932897810457,48.61888684925444],[-123.58921461420739,48.61887900463955],[-123.58890592520505,48.67248261116392],[-123.5747721839824,48.672526741971424],[-123.57493229824775,48.68018733484488],[-123.56026439460081,48.67925539026744]]]]},"bbox":[-123.58921461420739,48.535676640010266,-123.51460473834179,48.68018733484488]},{"id":"5919046","type":"Feature","properties":{},"geometry":{"type":"Polygon","coordinates":[[[-123.81246953945892,48.719706843916995],[-123.6577181031189,48.719191103846015],[-123.65812488621063,48.72378982895009],[-123.64371669647056,48.716152895095505],[-123.64359910136524,48.71910339444752],[-123.63664021813307,48.7191382641631],[-123.63721266420174,48.72250585341252],[-123.61619951291893,48.718356803773624],[-123.61631088343943,48.67895592159303],[-123.57499670067854,48.67964079148701],[-123.5747721839824,48.672526741971424],[-123.58890592520505,48.67248261116392],[-123.58921461420739,48.61887900463955],[-123.55932897810457,48.61888684925444],[-123.55904212045819,48.611182840394775],[-123.54848297167355,48.61103520035722],[-123.54840880068127,48.600327018830754],[-123.56444397241575,48.60015206867897],[-123.56393530592781,48.574877133396406],[-123.58112481750699,48.573475333214574],[-123.58155910286578,48.56782824689986],[-123.58430986463553,48.56790713158379],[-123.58437537009307,48.56204528712269],[-123.57632137813658,48.5582920544604],[-123.57920637972249,48.55820172914877],[-123.57919553532342,48.53169826908463],[-123.58111928658474,48.53176005922929],[-123.58097677539256,48.52472310655335],[-123.58624579201931,48.525088253395374],[-123.58643615551819,48.521211529606994],[-123.60866236647053,48.521706828995455],[-123.60882900853582,48.52901792301171],[-123.61683217848882,48.52912497324224],[-123.61709649525461,48.531958341622754],[-123.62747427730058,48.53237050537657],[-123.62832751654744,48.54702912540527],[-123.63507601048379,48.54710374791271],[-123.63461904761208,48.56180109612046],[-123.64568074022529,48.56196971747134],[-123.64557141821959,48.56998714798772],[-123.64361869488059,48.570038690924726],[-123.64339023398188,48.573116663702194],[-123.64013829146708,48.57287225848002],[-123.64011371420018,48.580368537080034],[-123.64807713994122,48.580488664318864],[-123.6475739108784,48.59665326746397],[-123.65296400450642,48.596699906667],[-123.65287214128352,48.60189246713214],[-123.6583019819223,48.60205311888942],[-123.65826588434034,48.608365017366204],[-123.66685074326755,48.60845843199084],[-123.66697626347533,48.60680537177347],[-123.66138131207845,48.60676095466879],[-123.66116998311252,48.598953940667414],[-123.66896038418389,48.59881436192668],[-123.66882758388756,48.60247400805809],[-123.68820876571542,48.602820961686525],[-123.6883750877236,48.622132442917575],[-123.69320339136772,48.62215435794448],[-123.69289178946146,48.61645396043419],[-123.70102036731605,48.61642793343208],[-123.70095564839379,48.612939246083904],[-123.7145930951562,48.61310551870635],[-123.71506684600176,48.61928376586012],[-123.7222896262418,48.61930892589012],[-123.72261050653357,48.62279550810986],[-123.74566667654729,48.62288968464423],[-123.74444040140986,48.60555938666176],[-123.76573577060036,48.6046065147168],[-123.76578915592229,48.60088470635654],[-123.77114544127734,48.601045255732046],[-123.77132082276468,48.59379756472823],[-123.79028655004021,48.5936496460113],[-123.79055856803195,48.5888617414299],[-123.78512960641594,48.5887952244515],[-123.78523287647945,48.581853266162994],[-123.77970759620716,48.581832691545976],[-123.7794894788811,48.57464299405964],[-123.82103809664557,48.57498021055792],[-123.82079635234437,48.58840091383021],[-123.80112001873172,48.588395023868486],[-123.80115200524877,48.59392846960502],[-123.80451854892794,48.59399340528922],[-123.80436384913551,48.59580926583226],[-123.80712322181138,48.59603998764788],[-123.80709580651337,48.597727659406694],[-123.80982854959927,48.59777030175517],[-123.8096639394849,48.59914986144805],[-123.8145710397923,48.5991339180372],[-123.8144731672635,48.59745568531024],[-123.82639811150291,48.59747795140463],[-123.82655527869534,48.59921326730008],[-123.83114430783543,48.59911725260678],[-123.83105870810826,48.60572320869375],[-123.84839575746345,48.605767031005705],[-123.84882580732665,48.60316809028839],[-123.85360056835623,48.603294385926226],[-123.85320326013021,48.63956733778814],[-123.87401000662281,48.64018663667308],[-123.87606533286987,48.63901679060522],[-123.87629404856698,48.667602810030054],[-123.898278574637,48.667498944058444],[-123.89866220628174,48.68898007931345],[-123.88969600558885,48.689114423935564],[-123.8902283695423,48.71444269160335],[-123.89316384673113,48.71448078592049],[-123.89300760036994,48.71985272758991],[-123.81246953945892,48.719706843916995]]]},"bbox":[-123.89866220628174,48.521211529606994,-123.54840880068127,48.72378982895009]},{"id":"5919049","type":"Feature","properties":{},"geometry":{"type":"Polygon","coordinates":[[[-123.60291129120777,48.71906580671789],[-123.56083174095093,48.71916717079518],[-123.55633604723685,48.71669395906923],[-123.55504534818184,48.715601658347325],[-123.55667092695477,48.70770436971626],[-123.55504934103158,48.70476196107184],[-123.5349136469764,48.693908067986726],[-123.53541753714741,48.68776255921636],[-123.53416345560451,48.683531269033935],[-123.5320035236917,48.68224516154705],[-123.53245863475803,48.67927005955973],[-123.57493229824775,48.68018733484488],[-123.61631088343943,48.67895592159303],[-123.61621751353034,48.71223435680212],[-123.60206548279328,48.71209015142428],[-123.60311358286346,48.715729297784236],[-123.61148477836687,48.71571856104188],[-123.61139765274335,48.71349095837886],[-123.61615005429046,48.713459514114255],[-123.61622978861179,48.71908817724469],[-123.60291129120777,48.71906580671789]]]},"bbox":[-123.61631088343943,48.67895592159303,-123.5320035236917,48.71916717079518]},{"id":"5919051","type":"Feature","properties":{},"geometry":{"type":"Polygon","coordinates":[[[-123.79580442051659,48.90697620751702],[-123.793620176496,48.90496861220855],[-123.80009441398235,48.904829930387486],[-123.7995829827485,48.899691817977526],[-123.80231371634997,48.89943758445019],[-123.80208851597044,48.896410597011915],[-123.79997478721795,48.8962035912364],[-123.79950972346067,48.89458459128891],[-123.79272563628507,48.89427823881428],[-123.79238001736057,48.89591237045569],[-123.79007245381636,48.895975245680646],[-123.79015366444968,48.901898301525975],[-123.78738074710681,48.901898329377715],[-123.78729755892115,48.90011063130592],[-123.78310326357146,48.90008516367012],[-123.78293087217597,48.76210368516969],[-123.77848028926029,48.76245799535885],[-123.77314970149611,48.760395792226085],[-123.76765052648669,48.76317526810018],[-123.76772712553733,48.759752164413165],[-123.71273929330613,48.758935887938975],[-123.71260802902526,48.769485969492685],[-123.69845856540115,48.76960985915735],[-123.69802299818193,48.76592603783253],[-123.68302849455779,48.75897994159675],[-123.6984256777669,48.75902224582068],[-123.69875472071232,48.751452238221965],[-123.67796566734992,48.75361554481871],[-123.67786969034378,48.74497719831286],[-123.67664787765867,48.74441699843984],[-123.67162564957145,48.74439232187954],[-123.67131034858666,48.750509542499636],[-123.64057195805547,48.72985862330246],[-123.63371501912786,48.72190896954636],[-123.63721266420174,48.72250585341252],[-123.63664021813307,48.7191382641631],[-123.64359910136524,48.71910339444752],[-123.64371669647056,48.716152895095505],[-123.65812488621063,48.72378982895009],[-123.6577181031189,48.719191103846015],[-123.68521032132251,48.71867681077717],[-123.89300489112985,48.71985271827817],[-123.89279489527657,48.77042943583772],[-123.89028589857375,48.76997640734948],[-123.88982861193148,48.76674060849127],[-123.8838710956639,48.765332099524095],[-123.87561180373953,48.76609551020342],[-123.87245139215132,48.77027840473008],[-123.86339161302675,48.76971180618953],[-123.8629240177199,48.76673490348077],[-123.85956460190317,48.7646641114957],[-123.86009238353748,48.76102240176232],[-123.85177600464104,48.7620578092389],[-123.84372717955866,48.75786989555386],[-123.83800652641096,48.75784254410602],[-123.83771455337217,48.78458353186332],[-123.82667452390409,48.78451703110969],[-123.82663076141831,48.79159237990406],[-123.82411980178237,48.79165246287555],[-123.8238490867472,48.84491661491581],[-123.827523612543,48.84722111323441],[-123.82684191285134,48.85000418948034],[-123.84290043060781,48.8500344163737],[-123.84299982404865,48.85718721450428],[-123.84807359414623,48.85724359176873],[-123.84760890117721,48.8686031130027],[-123.8425821988285,48.8684251656683],[-123.83729016364224,48.87347022931992],[-123.83361520548691,48.87312694061004],[-123.83048056018839,48.87699986445049],[-123.82699852076962,48.875814113090875],[-123.82606108699996,48.87934288662573],[-123.82156365953489,48.879752644875765],[-123.82151095523197,48.88751410031531],[-123.82623580095184,48.88758140331406],[-123.82651477606022,48.89208024360413],[-123.82166411282837,48.89489490339081],[-123.82121571546672,48.90955288576895],[-123.80122051467912,48.9102067986001],[-123.79580442051659,48.90697620751702]],[[-123.83098382029213,48.7608027043678],[-123.83095445536988,48.75758989927319],[-123.82691236968822,48.75897529053939],[-123.82706136780335,48.76090356660517],[-123.83098382029213,48.7608027043678]]]},"bbox":[-123.89300489112985,48.716152895095505,-123.63371501912786,48.9102067986001]},{"id":"5919801","type":"Feature","properties":{},"geometry":{"type":"Polygon","coordinates":[[[-123.68548312331895,48.876100002854514],[-123.68577211863663,48.87090195651127],[-123.70057058680496,48.87083541843025],[-123.69963188322671,48.88184828524353],[-123.68731462066717,48.881465353862424],[-123.68548312331895,48.876100002854514]]]},"bbox":[-123.70057058680496,48.87083541843025,-123.68548312331895,48.88184828524353]},{"id":"5919802","type":"Feature","properties":{},"geometry":{"type":"Polygon","coordinates":[[[-123.6881847756239,48.89971052809147],[-123.70089950580036,48.89985120323382],[-123.70081993858079,48.90329926392319],[-123.69193156105767,48.90347576093658],[-123.6881847756239,48.89971052809147]]]},"bbox":[-123.70089950580036,48.89971052809147,-123.6881847756239,48.90347576093658]},{"id":"5919803","type":"Feature","properties":{},"geometry":{"type":"MultiPolygon","coordinates":[[[[-123.67324309938591,48.88479130033144],[-123.67314897527834,48.88224394203925],[-123.67337194348777,48.882242665567965],[-123.6740670287859,48.88415535830155],[-123.67324309938591,48.88479130033144]]],[[[-123.67325446885239,48.884960239731114],[-123.67437661990631,48.88394605733192],[-123.67387774718756,48.88229395009369],[-123.67313925330679,48.88198079773214],[-123.6772078852952,48.88170372313293],[-123.67889032138953,48.88459074563821],[-123.67325446885239,48.884960239731114]]]]},"bbox":[-123.67889032138953,48.88170372313293,-123.67313925330679,48.884960239731114]},{"id":"5919804","type":"Feature","properties":{},"geometry":{"type":"Polygon","coordinates":[[[-123.77332547304071,49.03561172183222],[-123.75454349829184,49.03579253670195],[-123.75377485328485,49.03507026634936],[-123.75663242373253,49.03493356309831],[-123.75556953399558,49.0334295575689],[-123.75890113180475,49.03394807338328],[-123.75827682992306,49.031622254534],[-123.76477435075878,49.0288350657515],[-123.76373303364784,49.02787947853751],[-123.76734892943658,49.029061554529406],[-123.76673923543187,49.0312334534653],[-123.76852554186259,49.028954761981076],[-123.78205154827776,49.02969955487083],[-123.7884505517375,49.02605785827689],[-123.78783064089872,49.02831095599705],[-123.79007444810428,49.02834945132648],[-123.79185794315799,49.022571463195156],[-123.78662495154133,49.018632062865024],[-123.78355781871119,49.019362658456075],[-123.78176743879271,49.01766647545327],[-123.77294711522042,49.015971661037334],[-123.76403604746096,49.00915827147182],[-123.76092786360427,49.004482565899096],[-123.7612825456998,48.999982072723355],[-123.75822782807188,48.994172671909986],[-123.76045339382063,48.991545369189645],[-123.77819604392285,48.9914451542931],[-123.782189656235,48.99313155853941],[-123.78697102965879,48.99206486143719],[-123.78820075504655,48.992802662612235],[-123.78816862801395,49.00085629317617],[-123.79585428045887,49.0005826363769],[-123.79646342355456,48.99662376822496],[-123.81796387651706,49.011426689848605],[-123.8175432019719,49.016282646229],[-123.80097594548914,49.01597697250979],[-123.80106998854943,49.035780168249694],[-123.77332547304071,49.03561172183222]]]},"bbox":[-123.81796387651706,48.9914451542931,-123.75377485328485,49.03579253670195]},{"id":"5919808","type":"Feature","properties":{},"geometry":{"type":"Polygon","coordinates":[[[-123.61296172213835,48.74038005451049],[-123.61120485774244,48.74029177025101],[-123.6021652426543,48.73764042259244],[-123.61575070714686,48.73741284560261],[-123.61561364972412,48.74068131792615],[-123.61296172213835,48.74038005451049]]]},"bbox":[-123.61575070714686,48.73741284560261,-123.6021652426543,48.74068131792615]},{"id":"5919809","type":"Feature","properties":{},"geometry":{"type":"Polygon","coordinates":[[[-123.66757883933263,48.982804669414506],[-123.66344364322639,48.98026526870718],[-123.6608486511557,48.98043336435249],[-123.65972244465472,48.98408216350645],[-123.6384364551693,48.97827425885917],[-123.63740785719979,48.98223786355109],[-123.63570413390067,48.982598126686455],[-123.63763135342244,48.97724455566225],[-123.63097232763359,48.967367671103744],[-123.62849263756314,48.95477765753398],[-123.62914404164681,48.94791016799232],[-123.62779252434771,48.94248386006521],[-123.63083213602016,48.93444415804951],[-123.63959633643752,48.9376344697453],[-123.63724264942508,48.93924806375213],[-123.63809342050104,48.9423383259963],[-123.63457277122788,48.94480549840842],[-123.64413784850099,48.95065244311859],[-123.64810064073052,48.94834398102377],[-123.64013631917034,48.94294803775814],[-123.64186645785819,48.94206516407937],[-123.65241542349361,48.94461445663528],[-123.65696452455336,48.948996756271534],[-123.66207694840256,48.95746936559438],[-123.65891132410073,48.95994325520824],[-123.66119825266894,48.96548915569598],[-123.65633664521313,48.96767526021794],[-123.66124024217243,48.97076865122394],[-123.66348845824795,48.97530766311512],[-123.66885954799235,48.979487670034146],[-123.66757883933263,48.982804669414506]]]},"bbox":[-123.66885954799235,48.93444415804951,-123.62779252434771,48.98408216350645]},{"id":"5919811","type":"Feature","properties":{},"geometry":{"type":"Polygon","coordinates":[[[-123.62991091984368,49.03864892964998],[-123.63508485626676,49.03821356607202],[-123.64055294873263,49.041070473835056],[-123.64394074159134,49.04070016441052],[-123.64390278178378,49.044742069496884],[-123.63752586242803,49.04474551644678],[-123.62991091984368,49.03864892964998]]]},"bbox":[-123.64394074159134,49.03821356607202,-123.62991091984368,49.04474551644678]},{"id":"5919812","type":"Feature","properties":{},"geometry":{"type":"Polygon","coordinates":[[[-124.06933071110078,48.82736079210426],[-124.06959017394153,48.82375153918637],[-124.07599275769152,48.82427677091895],[-124.0764041015032,48.832025830427916],[-124.06977492089524,48.831843919585644],[-124.06933071110078,48.82736079210426]]]},"bbox":[-124.0764041015032,48.82375153918637,-124.06933071110078,48.832025830427916]},{"id":"5919813","type":"Feature","properties":{},"geometry":{"type":"Polygon","coordinates":[[[-123.67323462530759,49.11032975805915],[-123.66879135773965,49.104040463607426],[-123.66965982693173,49.10240837432476],[-123.66717964808919,49.101280360174876],[-123.6684712395748,49.10050847000418],[-123.66730464918408,49.09836505325247],[-123.67062624971157,49.09785086573451],[-123.66922343504845,49.095385568856045],[-123.67050576057154,49.093938569679665],[-123.66553673875023,49.09222237703129],[-123.64436509536463,49.07637507833872],[-123.6653218464694,49.07504215939324],[-123.69610143749692,49.09751047746506],[-123.70718778398422,49.11042786890852],[-123.67323462530759,49.11032975805915]]]},"bbox":[-123.70718778398422,49.07504215939324,-123.64436509536463,49.11042786890852]},{"id":"5919814","type":"Feature","properties":{},"geometry":{"type":"Polygon","coordinates":[[[-124.66613867701516,48.813808370329866],[-124.66326330074659,48.80411482952931],[-124.67173764334713,48.804273302679874],[-124.67629860562768,48.80846007441425],[-124.66613867701516,48.813808370329866]]]},"bbox":[-124.67629860562768,48.80411482952931,-124.66326330074659,48.813808370329866]},{"id":"5919815","type":"Feature","properties":{},"geometry":{"type":"Polygon","coordinates":[[[-123.52899995503593,48.631493559952176],[-123.53003464753293,48.63044527356248],[-123.52762981394702,48.626236757429744],[-123.51854252573911,48.61489715200682],[-123.51835512950947,48.610559737887456],[-123.53716651210135,48.61076843405132],[-123.53701343815479,48.636674640549764],[-123.52899995503593,48.631493559952176]]]},"bbox":[-123.53716651210135,48.610559737887456,-123.51835512950947,48.636674640549764]},{"id":"5919816","type":"Feature","properties":{},"geometry":{"type":"Polygon","coordinates":[[[-123.85638925787431,49.024089619831244],[-123.86022603838025,49.02122695498182],[-123.8552543474334,49.02003204689777],[-123.85760643113817,49.01919607208257],[-123.8558248351039,49.0174642756238],[-123.85127295013119,49.01917046075691],[-123.84696204874116,49.01743006931663],[-123.8456111415628,49.01838565792429],[-123.84813092506376,49.01457876213844],[-123.84610239365783,49.013128674633464],[-123.8638597186562,49.01254774020846],[-123.86377685013748,49.027846952414244],[-123.85718221569608,49.026640288266414],[-123.85638925787431,49.024089619831244]]]},"bbox":[-123.8638597186562,49.01254774020846,-123.8456111415628,49.027846952414244]},{"id":"5919817","type":"Feature","properties":{},"geometry":{"type":"Polygon","coordinates":[[[-123.5980573062112,49.01552651047897],[-123.59722520104799,49.017571581236524],[-123.59621284304467,49.01538205798711],[-123.5980573062112,49.01552651047897]]]},"bbox":[-123.5980573062112,49.01538205798711,-123.59621284304467,49.017571581236524]},{"id":"5919818","type":"Feature","properties":{},"geometry":{"type":"Polygon","coordinates":[[[-123.6328821245859,48.743214166256124],[-123.63014480429615,48.743831493448305],[-123.6300143591781,48.740956733221275],[-123.64378289400241,48.74077151667144],[-123.64385693956167,48.74421074540221],[-123.6328821245859,48.743214166256124]]]},"bbox":[-123.64385693956167,48.74077151667144,-123.6300143591781,48.74421074540221]},{"id":"5919820","type":"Feature","properties":{},"geometry":{"type":"Polygon","coordinates":[[[-123.61039933496377,48.71572791690459],[-123.60223036789556,48.71548135901743],[-123.60206548279328,48.71209015142428],[-123.61621751353034,48.71223435680212],[-123.61615005429046,48.713459514114255],[-123.61111363968743,48.71365476374765],[-123.61149182882926,48.715702776638715],[-123.61039933496377,48.71572791690459]]]},"bbox":[-123.61621751353034,48.71209015142428,-123.60206548279328,48.71572791690459]},{"id":"5919821","type":"Feature","properties":{},"geometry":{"type":"Polygon","coordinates":[[[-123.82705087069613,48.760702416676004],[-123.82691236968822,48.75897529053939],[-123.83095445536988,48.75758989927319],[-123.83098382029213,48.7608027043678],[-123.82705087069613,48.760702416676004]]]},"bbox":[-123.83098382029213,48.75758989927319,-123.82691236968822,48.7608027043678]},{"id":"5919822","type":"Feature","properties":{},"geometry":{"type":"MultiPolygon","coordinates":[[[[-123.5866667372543,48.75302277681452],[-123.58708843211512,48.75298426129656],[-123.58718735167265,48.753244861015084],[-123.58702513124558,48.75329047729863],[-123.5866667372543,48.75302277681452]]],[[[-123.71243965522694,48.778855741073336],[-123.71442506067656,48.77957338008719],[-123.71480709683185,48.7802261559155],[-123.71242931531108,48.78022074808863],[-123.71243965522694,48.778855741073336]]],[[[-123.58841070353775,48.7734824512093],[-123.5725367500439,48.77359925507672],[-123.5734685504514,48.77187216162498],[-123.57660475303564,48.772522956297856],[-123.57710203030335,48.769515066273904],[-123.57923464676144,48.770295573686376],[-123.58058252961209,48.7669158768761],[-123.57780114902606,48.759273552522735],[-123.5713377472313,48.753377357427226],[-123.56953903146103,48.74945505668509],[-123.57076821822254,48.74502296523896],[-123.56984392820823,48.74276986904892],[-123.57393262320102,48.7457635683959],[-123.57724205896628,48.74618796737379],[-123.5810738497582,48.75172815041739],[-123.58037275380596,48.753477059357344],[-123.58633974961852,48.75290735259978],[-123.59030373060882,48.756880865269856],[-123.59234963859097,48.76195256034983],[-123.5973539460484,48.76508434552818],[-123.59685097758586,48.76666746965407],[-123.58829357847154,48.7668422438518],[-123.58841070353775,48.7734824512093]]],[[[-123.74023682286942,48.77727514436671],[-123.71844564183135,48.777528100168325],[-123.71899449641755,48.78025662696041],[-123.71504249346192,48.78018922046374],[-123.71479592094532,48.77950550929735],[-123.71242657045764,48.77854473773191],[-123.7122667758388,48.776495502846004],[-123.69875568849531,48.776800699539606],[-123.69873051689991,48.769610729748145],[-123.71260802902526,48.769485969492685],[-123.71273929330613,48.758935887938975],[-123.76772712553733,48.759752164413165],[-123.7678057416661,48.77000797245599],[-123.75517769674566,48.77055749048234],[-123.75391201264651,48.77167129010896],[-123.75441218540291,48.776996957363245],[-123.74023682286942,48.77727514436671]]],[[[-123.67166990779793,48.78065780936094],[-123.64376346408541,48.78035822071715],[-123.64355714011612,48.77724301792635],[-123.64054828254473,48.777161437704876],[-123.64067939790758,48.76976147942509],[-123.63848459553404,48.77009671159429],[-123.63846846208192,48.77712546977629],[-123.62949420483194,48.77723609785245],[-123.62922281025895,48.773742545472814],[-123.60303939700385,48.77371640680752],[-123.6024553895943,48.766575999439084],[-123.59973976779267,48.76655409286378],[-123.59867362128956,48.76398056767032],[-123.60239743827306,48.76322578264715],[-123.60160985960569,48.755850667880985],[-123.60531041941162,48.75559765973084],[-123.61032745107507,48.75826006596247],[-123.60964711316036,48.766750618442536],[-123.61577327761216,48.76674552553745],[-123.6158130186776,48.770036418227086],[-123.62919695824057,48.76980148207685],[-123.62876311266963,48.76680224098448],[-123.63203941381748,48.76609426275166],[-123.63247333566653,48.768082363289935],[-123.63551564641338,48.77089936629103],[-123.63235140842067,48.76606540340876],[-123.64375318419295,48.7661894479108],[-123.6441386702562,48.762909416572754],[-123.64588537774279,48.76161108335712],[-123.64381904000858,48.7610957702861],[-123.64521763093407,48.75976776898364],[-123.6440340839541,48.75913339907885],[-123.65077253270883,48.75914657156816],[-123.65142520281859,48.75673861492034],[-123.64981101538395,48.75500225884266],[-123.67142124055738,48.75540242827569],[-123.67162564957145,48.74439232187954],[-123.67780739955796,48.744863114897846],[-123.67796566734992,48.75361554481871],[-123.69875472071232,48.751452238221965],[-123.6984256777669,48.75902224582068],[-123.67126299109707,48.75873450752441],[-123.67107807992492,48.762650302858894],[-123.68423880571824,48.76246322216896],[-123.68441409374361,48.76582569839862],[-123.69802299818193,48.76592603783253],[-123.69845856540115,48.76960985915735],[-123.68469016376288,48.76971380827225],[-123.6849403836016,48.780516606615336],[-123.67166990779793,48.78065780936094]],[[-123.64592671784587,48.77731627917723],[-123.64540344975603,48.777774853870575],[-123.64970837495318,48.77820429249856],[-123.64965974298615,48.7774309964005],[-123.64592671784587,48.77731627917723]]]]},"bbox":[-123.7678057416661,48.74276986904892,-123.56953903146103,48.78065780936094]}],"bbox":[-124.85498120336935,48.521211529606994,-123.51460473834179,49.14880351254122]}