{"type":"FeatureCollection","features":[{"id":"5921007","type":"Feature","properties":{},"geometry":{"type":"MultiPolygon","coordinates":[[[[-123.96290372425663,49.23699467254223],[-123.96313875756877,49.236991863613284],[-123.96319344434751,49.23705457168272],[-123.96300103574552,49.23708297219124],[-123.96290372425663,49.23699467254223]]],[[[-123.95034332681689,49.229605868447074],[-123.95043922787481,49.229523262489785],[-123.95061782208545,49.229630162083794],[-123.95059262751809,49.229675661790026],[-123.95034332681689,49.229605868447074]]],[[[-123.91785683124277,49.170146561022214],[-123.91785483591718,49.170048352044965],[-123.91802082096244,49.17011806778855],[-123.91799644743047,49.17023635016429],[-123.91785683124277,49.170146561022214]]],[[[-123.9412981637768,49.22536274050102],[-123.94143015236371,49.22531476929176],[-123.94154183312374,49.22540447492185],[-123.94137763455025,49.22546855260441],[-123.9412981637768,49.22536274050102]]],[[[-123.94987723430474,49.22960875301062],[-123.95005503534692,49.229598779546336],[-123.95013862730349,49.22971556015753],[-123.95001642578285,49.229751163549224],[-123.94987723430474,49.22960875301062]]],[[[-123.9639242308831,49.237121480471956],[-123.96415492308257,49.23704735972659],[-123.96421145765959,49.237154166776115],[-123.96404951293384,49.23721825895308],[-123.9639242308831,49.237121480471956]]],[[[-123.97034033689549,49.23650047232718],[-123.97044932755189,49.23641786018805],[-123.97072334714348,49.23647055216003],[-123.97061514731672,49.23655176206054],[-123.97034033689549,49.23650047232718]]],[[[-123.92317852869101,49.19298947016737],[-123.92327332826426,49.19291686138915],[-123.92361943416135,49.19303935846832],[-123.92348413118184,49.19312196885882],[-123.92317852869101,49.19298947016737]]],[[[-123.97084983521333,49.23583966221821],[-123.9709439485076,49.23574856465373],[-123.97130163872409,49.23579977247334],[-123.971110448007,49.23590087259857],[-123.97084983521333,49.23583966221821]]],[[[-123.93818044388534,49.2135247528431],[-123.93829592590306,49.21350235968345],[-123.93858852960759,49.21378865459996],[-123.93839763476691,49.213798576648536],[-123.93818044388534,49.2135247528431]]],[[[-123.9530511475114,49.22823295705629],[-123.95328284109715,49.22820445698332],[-123.95356152029771,49.22838245733724],[-123.95328736027801,49.2284209663972],[-123.9530511475114,49.22823295705629]]],[[[-123.9370890574591,49.21438536914615],[-123.93739123097261,49.2143554588189],[-123.93752045533451,49.21460616847911],[-123.93735425694014,49.2146345583862],[-123.9370890574591,49.21438536914615]]],[[[-123.95319973738181,49.228898071647805],[-123.95280135622485,49.22886535883713],[-123.95270265117529,49.22867735413376],[-123.95300284872717,49.2285761522397],[-123.95319973738181,49.228898071647805]]],[[[-123.89356352570135,49.14207397240985],[-123.89393293865291,49.14204405483452],[-123.89414296160933,49.14231186425785],[-123.89384225636685,49.14233176940192],[-123.89356352570135,49.14207397240985]]],[[[-123.92097114637134,49.16273646387622],[-123.9212570442356,49.16264525552391],[-123.92130533052347,49.163012774796854],[-123.92100324334787,49.1629528675919],[-123.92097114637134,49.16273646387622]]],[[[-123.9621528476176,49.23651475643083],[-123.96289474009028,49.23649055574896],[-123.96291303067342,49.236761153443894],[-123.96266573000852,49.236762552867326],[-123.9621528476176,49.23651475643083]]],[[[-123.96317485931469,49.2367767654261],[-123.9636265419809,49.23673696128272],[-123.96397282816841,49.23686796255683],[-123.96345592168258,49.23708866000965],[-123.96317485931469,49.2367767654261]]],[[[-123.91870931407075,49.186503660322124],[-123.91813102503184,49.18648936968589],[-123.9181099559524,49.186013659705715],[-123.91875905214823,49.18624156895506],[-123.91870931407075,49.186503660322124]]],[[[-123.95255812319681,49.20833107166757],[-123.95347692489226,49.20824277398788],[-123.95401655248189,49.20848056568074],[-123.95377062712632,49.20851907040492],[-123.95255812319681,49.20833107166757]]],[[[-123.9200997414227,49.171973852719866],[-123.9206346301254,49.17193255949361],[-123.9200435348595,49.172611850138495],[-123.91993085182852,49.17250506997449],[-123.9200997414227,49.171973852719866]]],[[[-123.88646413574224,49.13919566316768],[-123.88693354616146,49.13931817524182],[-123.88681903952434,49.13985936044904],[-123.88650083430034,49.13976246836591],[-123.88646413574224,49.13919566316768]]],[[[-123.89401413496674,49.14126937519051],[-123.89472013995173,49.14156126553318],[-123.8947949508264,49.14193866402219],[-123.89417652625255,49.14188027060589],[-123.89401413496674,49.14126937519051]]],[[[-123.91800883055396,49.136070956916306],[-123.91787994219779,49.13577474763439],[-123.91891295015799,49.135244965837515],[-123.9187013152062,49.135741958887046],[-123.91800883055396,49.136070956916306]]],[[[-123.89777894774649,49.14088906773447],[-123.89851112059671,49.14127076344076],[-123.89814683354977,49.142244863313316],[-123.89755616282619,49.1414217669951],[-123.89777894774649,49.14088906773447]]],[[[-123.92036092957451,49.1742824653454],[-123.9207748276253,49.17360456312673],[-123.9216958444942,49.17445194918822],[-123.92139684124193,49.174590177321214],[-123.92036092957451,49.1742824653454]]],[[[-123.90126245856156,49.141662365175314],[-123.90023932042814,49.14199426872323],[-123.89906955046942,49.14104996394267],[-123.9013497509402,49.14127506633362],[-123.90181234788817,49.14184757079397],[-123.90126245856156,49.141662365175314]]],[[[-123.92328521930331,49.19345666726572],[-123.92404203352366,49.19362035658595],[-123.92391694621055,49.1950075517484],[-123.9226101412754,49.19489224870939],[-123.92328521930331,49.19345666726572]]],[[[-123.95435522983975,49.230336571468285],[-123.95275674171221,49.23008014834483],[-123.95499063463359,49.229882175716796],[-123.95378654854628,49.228677370956106],[-123.95613503949575,49.22932395564337],[-123.95601844569612,49.23111416816499],[-123.95435522983975,49.230336571468285]]],[[[-123.95956522432321,49.20719315861652],[-123.9565090603364,49.20748796977483],[-123.95277684620193,49.20680005222522],[-123.96131083488669,49.20657647639455],[-123.95956522432321,49.20719315861652]]],[[[-123.91521344845327,49.13906175438033],[-123.91812972161166,49.13961436271066],[-123.91818014079512,49.14092746941709],[-123.91567371507398,49.14023676051082],[-123.91521344845327,49.13906175438033]]],[[[-123.9173636364676,49.13754215353109],[-123.91617153087559,49.13752508102307],[-123.91340974383174,49.134991369147556],[-123.91901173595568,49.137690263657355],[-123.9173636364676,49.13754215353109]]],[[[-123.89577654506732,49.14083357094868],[-123.89396189301891,49.140219433285026],[-123.89625204393613,49.13906606530608],[-123.89760373159207,49.142618062426564],[-123.89577654506732,49.14083357094868]]],[[[-123.9485876377914,49.20846846266569],[-123.94312593259147,49.208318260124216],[-123.94247232790232,49.207865359548094],[-123.9462211311309,49.20715896874542],[-123.9485876377914,49.20846846266569]]],[[[-123.91214644939195,49.135586756383596],[-123.91176813896968,49.13666057478527],[-123.91103855000563,49.13493015196125],[-123.91407512898053,49.13616495510235],[-123.91446586194887,49.13802356731721],[-123.91216193026749,49.13716906342877],[-123.91214644939195,49.135586756383596]]],[[[-123.91512075571116,49.13784836851623],[-123.91928254306474,49.138255672777646],[-123.92039632513766,49.1414046590202],[-123.91862874414485,49.14146306186025],[-123.91853885504409,49.13946626248302],[-123.91512075571116,49.13784836851623]]],[[[-123.91335632411773,49.141055669448626],[-123.91078033286455,49.13964575777523],[-123.91161423781872,49.13727297473966],[-123.9147413390302,49.1387327775049],[-123.9153626552945,49.140552956292396],[-123.91335632411773,49.141055669448626]]],[[[-123.88895184288852,49.14333295426064],[-123.88892394638165,49.13950047358743],[-123.89388862216683,49.13964286337299],[-123.89266283118097,49.1423502779765],[-123.88895184288852,49.14333295426064]]],[[[-123.92247263698867,49.18206416599832],[-123.92061515398149,49.18349285603204],[-123.91591954323975,49.18336755445479],[-123.91430614963856,49.18145627318241],[-123.91544542188852,49.18069995877504],[-123.91381954306011,49.18031687257914],[-123.91628985114806,49.17742855548581],[-123.91519604728465,49.17317305338657],[-123.91792993751717,49.170434273766915],[-123.91938982967285,49.17062936393347],[-123.91851624083147,49.1731374556405],[-123.92111014958545,49.176183768580174],[-123.92231933109674,49.17407887892421],[-123.92159794521223,49.17731316961206],[-123.92454814943116,49.17587757290798],[-123.92652491320577,49.177318858503305],[-123.92394433836738,49.18028126444371],[-123.92378802883202,49.18292746054726],[-123.92247263698867,49.18206416599832]]],[[[-123.94409051915869,49.20270685831274],[-123.92457104293358,49.1984028509073],[-123.92398224004366,49.1955729571805],[-123.92739892966384,49.194007758638875],[-123.92476845721117,49.193524967415236],[-123.92120933861364,49.189668266358616],[-123.92256163160346,49.18558215165046],[-123.92425553402272,49.185882654827765],[-123.92379274925882,49.184609456986344],[-123.92733205149156,49.18019155903958],[-123.93516551735955,49.183771960904714],[-123.93385953415077,49.17926576491929],[-123.93596485082905,49.176668065339136],[-123.93598192325122,49.17826886154685],[-123.93692313188849,49.1772804654129],[-123.9416889527073,49.18254005629083],[-123.94613173290676,49.191012671556834],[-123.94530315679236,49.1943481676773],[-123.94746334390899,49.19464586008542],[-123.94510634012978,49.19769647626337],[-123.94625492993441,49.2010248695533],[-123.94409051915869,49.20270685831274]]],[[[-124.03577512795715,49.24914607738747],[-124.024997150864,49.24360306284251],[-124.01906494627454,49.24314157281576],[-124.00766734852695,49.238680949661926],[-123.98115772485471,49.23893735719483],[-123.9697563398052,49.234768671923504],[-123.96980242891398,49.236396563945995],[-123.96443432217363,49.236550357168106],[-123.96207413835553,49.23319636420776],[-123.96424052346266,49.23296277034237],[-123.9647623193405,49.23015995869985],[-123.95734653649188,49.22665925112608],[-123.95245294467792,49.22715917385138],[-123.94861173399894,49.22307025168784],[-123.94818072796244,49.22634015780163],[-123.95297603430538,49.22791967016631],[-123.94825584167306,49.22889377273925],[-123.94663663940187,49.22177415221921],[-123.94023293513345,49.21290275150837],[-123.9515594430328,49.209904876751445],[-123.95752035607043,49.21071806173417],[-123.96686451983875,49.20767165690157],[-123.96584003140858,49.206475372543785],[-123.96936623143931,49.206347171826124],[-123.9696317527742,49.201721267315605],[-123.96604143734601,49.19779336449421],[-123.95616361895705,49.192342864768456],[-123.95517712386358,49.19320596422125],[-123.95255293531659,49.19163507172982],[-123.94847863665296,49.1931261537992],[-123.94863554849292,49.18699926496786],[-123.94077473004198,49.17635895295064],[-123.94144283480637,49.17172035055013],[-123.94403364295312,49.172374052889346],[-123.94217552812209,49.171354365704005],[-123.93758985872036,49.172597669226114],[-123.9349202472239,49.1663040545539],[-123.93318632585796,49.16608476231708],[-123.93390314296289,49.16770697670363],[-123.93248204469552,49.168041566735155],[-123.92942062021554,49.16563755947463],[-123.92902101668636,49.16334736288247],[-123.9234411495124,49.16204286296249],[-123.921336860311,49.15810066612836],[-123.92550092746623,49.15705096532154],[-123.92576273448573,49.155574076340805],[-123.93036367638626,49.15528069991894],[-123.930909637891,49.14684663100336],[-123.9272219340478,49.1462969548766],[-123.92654535789589,49.14388276017832],[-123.9216256358406,49.14040487414841],[-123.91836943092635,49.1340984614367],[-123.91479812197097,49.13071735903563],[-123.91778973551763,49.13386917237117],[-123.917459329304,49.135966956606396],[-123.90148104492143,49.13028155993689],[-123.89559832989397,49.13021035717704],[-123.90808373072295,49.133064460979064],[-123.91133204922487,49.1367987594771],[-123.90782245074028,49.134541372259136],[-123.90559345632917,49.13484616076379],[-123.90265444361508,49.13603815616778],[-123.90129715848657,49.139134464515934],[-123.8984101509275,49.13492016470374],[-123.9019450566432,49.140812165969244],[-123.90077033707503,49.14103717208667],[-123.8965959592834,49.13846076823548],[-123.89172923265048,49.1383810645791],[-123.88811423711233,49.13945346008023],[-123.88711751934385,49.14200705586114],[-123.8873010447349,49.139189956795256],[-123.88637963125157,49.1375236606503],[-123.88920574370789,49.13535176310654],[-123.88476665487137,49.137824172563036],[-123.88535344632953,49.14077795090041],[-123.88132554418547,49.137057971002115],[-123.87387113912682,49.134074169583094],[-123.88075644852795,49.138133170860094],[-123.88708524254292,49.1463152651587],[-123.8953247428502,49.162984269831874],[-123.8944987254788,49.16665156651843],[-123.88912693754618,49.157022460720434],[-123.88702875917345,49.156183668528996],[-123.88667422424486,49.15245365897709],[-123.8786386226282,49.14946566176951],[-123.87187793625945,49.14240157899894],[-123.86231845364108,49.13910026012064],[-123.85719452056729,49.14016416237875],[-123.85141224382757,49.138721361413616],[-123.84672862506517,49.14061846565545],[-123.84483443079318,49.14053296705602],[-123.84656112261419,49.13887526453889],[-123.8312991239341,49.13465816977555],[-123.83251894092464,49.136160663588754],[-123.81909243270752,49.135996867923],[-123.80938948368035,49.12688786929218],[-123.85056067677914,49.12680616744628],[-123.85093523895027,49.1299804146269],[-123.86465124391793,49.129738222776695],[-123.86373164004823,49.12674892816262],[-123.87810860859597,49.126501898121475],[-123.87855235781373,49.13339838927176],[-123.89356689044621,49.13291646128008],[-123.88566545042869,49.12310593677596],[-123.88872158222482,49.12689657802991],[-123.88896087872271,49.12543075046523],[-123.89057956975974,49.12555169974862],[-123.88921502385304,49.12425238169585],[-123.88887454551757,49.109783491524176],[-123.91914399568523,49.11001166939017],[-123.91994778436793,49.1020109726864],[-123.92437993211732,49.101129222991844],[-123.92433462168759,49.09704432293075],[-123.93314070096923,49.09722707559357],[-123.93341738747351,49.101579943156544],[-123.93817588260798,49.10157605415658],[-123.93824544290054,49.10477904183117],[-123.93299022093022,49.10480472014362],[-123.93291522977707,49.123108158591],[-123.92383064833943,49.12347212441425],[-123.92785368040182,49.130382296644115],[-123.93320324358456,49.13047714428776],[-123.93318556842095,49.13366470128212],[-123.96898116355615,49.13324409449066],[-123.97531948728954,49.130780340831244],[-123.97470969878401,49.13426516372739],[-123.9783973210951,49.13513569232238],[-123.97460633952693,49.13498589121417],[-123.97447338802093,49.136892859006544],[-123.98109083841447,49.13767623843665],[-123.97839408648863,49.137639006878445],[-123.97630715743692,49.141042057255994],[-123.98047165807122,49.141057648611806],[-123.98047072271103,49.148177889248736],[-123.98634968581104,49.14833233300116],[-123.98636852592458,49.15198104743546],[-124.00129855033398,49.1523683453815],[-124.00135258903121,49.15614126904934],[-124.01386574638231,49.1562690246904],[-124.01389666791087,49.1596232645034],[-124.0189186357818,49.15970023527103],[-124.02242444451431,49.1629518079044],[-124.02234407204232,49.17430318701825],[-124.01971486760546,49.174326924090536],[-124.0196789408413,49.175675766650166],[-124.01687356803872,49.174641447497194],[-124.01670254803523,49.17745103589199],[-124.00815097763443,49.1774552953205],[-124.00483361604843,49.18014669199394],[-123.99661873456598,49.18142237965543],[-123.99946154074696,49.182668321563874],[-123.99932683828332,49.18698694929414],[-124.00223364669314,49.18661565335131],[-124.00742262790843,49.18999220462669],[-124.01041015268567,49.18896345702699],[-124.01460405203088,49.19190722542693],[-124.0246521127888,49.19445742035684],[-124.02731126603248,49.19614704350006],[-124.02740887426835,49.19921927944504],[-124.04029054072383,49.19960329212213],[-124.04078798538264,49.20280506317374],[-124.05442669399353,49.20283019060615],[-124.05404539435482,49.222587444318776],[-124.05746000667644,49.222619318789405],[-124.05802839594632,49.22800581972267],[-124.06474455817246,49.2281270428727],[-124.06461098861581,49.23463882112879],[-124.0539572322504,49.23448454367874],[-124.05536012351999,49.23734414794761],[-124.06033318762877,49.24093609154273],[-124.05701219794865,49.24175142935698],[-124.0571550495765,49.24919713709588],[-124.05254302456683,49.248032367282576],[-124.03577512795715,49.24914607738747]]]]},"bbox":[-124.06474455817246,49.09704432293075,-123.80938948368035,49.24919713709588]},{"id":"5921008","type":"Feature","properties":{},"geometry":{"type":"Polygon","coordinates":[[[-124.14384760071918,49.25140940141648],[-124.13205168945439,49.252507302095516],[-124.13168296856658,49.24891072624267],[-124.11292780520722,49.248816077059764],[-124.11279299520666,49.253671702487665],[-124.12285310190204,49.252450682625486],[-124.1221332312553,49.2539453191542],[-124.11218813929518,49.25587546948688],[-124.09142393733347,49.25409375487358],[-124.08301473539672,49.25724125886646],[-124.07555525810191,49.25293877146561],[-124.06305245429323,49.25178656632514],[-124.0571550495765,49.24919713709588],[-124.05701219794865,49.24175142935698],[-124.06033318762877,49.24093609154273],[-124.05536012351999,49.23734414794761],[-124.0539572322504,49.23448454367874],[-124.06461098861581,49.23463882112879],[-124.06461513260997,49.22976470377974],[-124.0728589594403,49.228585247739716],[-124.07403153345169,49.211799226002455],[-124.08173223469399,49.21144583342578],[-124.0819589326125,49.199205874366214],[-124.13526388556305,49.20018815579516],[-124.13540407471065,49.202904171914355],[-124.12789195145636,49.202883544130906],[-124.1272819096809,49.213234137507804],[-124.12175363862434,49.21306884503064],[-124.12166539959375,49.221136690707986],[-124.13240094547454,49.221605431895696],[-124.13230773964594,49.22851547762313],[-124.13513798210238,49.22866153830654],[-124.13503001098024,49.23138809629674],[-124.13722959871227,49.23153835777627],[-124.13694928960196,49.24516555961974],[-124.14850953487769,49.246418322633],[-124.1487527760385,49.25184475655853],[-124.14384760071918,49.25140940141648]]]},"bbox":[-124.1487527760385,49.199205874366214,-124.0539572322504,49.25724125886646]},{"id":"5921010","type":"Feature","properties":{},"geometry":{"type":"MultiPolygon","coordinates":[[[[-123.78876274024914,49.086425864355824],[-123.78876253361051,49.08631765040293],[-123.78917804370012,49.08672065127746],[-123.78908282686724,49.08673916855918],[-123.78876274024914,49.086425864355824]]],[[[-123.78946243432097,49.087303150919205],[-123.78951573678906,49.087239058366116],[-123.78982534879775,49.08771476429424],[-123.78965825961525,49.08765206867926],[-123.78946243432097,49.087303150919205]]],[[[-123.7820076202453,49.07400386595256],[-123.78223933496199,49.07396686955139],[-123.78243514284107,49.074171972605185],[-123.7821334525337,49.074174862300836],[-123.7820076202453,49.07400386595256]]],[[[-123.79015194675426,49.085957255515815],[-123.79004184305896,49.08585907338958],[-123.7907333600306,49.08627776530321],[-123.79047234720942,49.08618085740662],[-123.79015194675426,49.085957255515815]]],[[[-123.79535104029992,49.11468925205799],[-123.79562334658866,49.114669364642786],[-123.79596154272478,49.1151806662969],[-123.7958515784577,49.11518029419794],[-123.79535104029992,49.11468925205799]]],[[[-123.78841283947328,49.08424255152661],[-123.7887583423642,49.08440204860885],[-123.78934453983487,49.08511707474265],[-123.7889042418304,49.08488626865409],[-123.78841283947328,49.08424255152661]]],[[[-123.79471334329973,49.117744253887885],[-123.79413903313012,49.11606507539657],[-123.79664123769065,49.11737107197898],[-123.79580025223873,49.11795216839121],[-123.79471334329973,49.117744253887885]]],[[[-123.86515164266577,49.11921170157351],[-123.86404479046571,49.119378200042306],[-123.86365574956183,49.12650220092532],[-123.86465124391793,49.129738222776695],[-123.85093523895027,49.1299804146269],[-123.85056067677914,49.12680616744628],[-123.80853421896815,49.12654446096023],[-123.80450744301281,49.1199061716574],[-123.80591194518368,49.113555666518415],[-123.80180813264374,49.10387817380637],[-123.80333575329409,49.10254506541351],[-123.80056722469159,49.10082745678758],[-123.80047484471999,49.09927224908761],[-123.80235734062462,49.098800848791974],[-123.80043442319068,49.096762760674736],[-123.8026811387775,49.09760167144484],[-123.80309683571541,49.09545817462128],[-123.80502525227791,49.095218964926644],[-123.8004448451139,49.091419150254325],[-123.80956672058316,49.094026866699096],[-123.79788932734735,49.09006896700921],[-123.79676174175721,49.09065295154312],[-123.7981349611588,49.09180366766823],[-123.79564625257967,49.09122686375107],[-123.79397004463658,49.08910766426997],[-123.79378255819023,49.09026836255048],[-123.79103822884287,49.08656407179331],[-123.79341552275487,49.08781585962099],[-123.7840957319654,49.077876369556726],[-123.78508504334495,49.07632255109871],[-123.78192681997419,49.07314086182867],[-123.7850798501876,49.073461268190385],[-123.77772883366896,49.069984773870345],[-123.77497182386526,49.066153654491806],[-123.77763993519564,49.06699965050915],[-123.77546865051931,49.064692454563904],[-123.77408304857154,49.065367451895206],[-123.76811715719673,49.06203486627921],[-123.76745792048472,49.060113560815175],[-123.77074822920852,49.059615156589324],[-123.7671024463303,49.05738097969671],[-123.86445159617199,49.057333871346174],[-123.86479776190883,49.0500684971531],[-123.86738091038978,49.05009928855068],[-123.86759951220562,49.04295574373391],[-123.86478673147285,49.042762939380985],[-123.86465124997325,49.03794834037517],[-123.8656530957829,49.03644078888727],[-123.8777253375701,49.037032684875136],[-123.87837622430858,49.043063225304955],[-123.88395347328736,49.04294340488543],[-123.8839054141158,49.04676161406251],[-123.8923022367347,49.0473344462821],[-123.89246288500297,49.082554311186335],[-123.90931181210958,49.082673988158305],[-123.9094338146145,49.09404240999412],[-123.91265357126237,49.09412227769473],[-123.91268742994615,49.097209687360994],[-123.92009256562189,49.097800738159854],[-123.91914399568523,49.11001166939017],[-123.88887454551757,49.109783491524176],[-123.88918374155638,49.11470739596225],[-123.87934869394721,49.11379590271429],[-123.88062970697231,49.11525888630946],[-123.87952901163011,49.11924238769101],[-123.88435438596424,49.120547002561224],[-123.88643556297612,49.1231391417576],[-123.87798163505482,49.12294817464602],[-123.87788978998658,49.11959473706066],[-123.86515164266577,49.11921170157351]]]]},"bbox":[-123.92009256562189,49.03644078888727,-123.7671024463303,49.1299804146269]},{"id":"5921014","type":"Feature","properties":{},"geometry":{"type":"MultiPolygon","coordinates":[[[[-123.86546053950963,49.184835871513016],[-123.86548692196723,49.18480026724102],[-123.86567963604571,49.18488856558068],[-123.86557002807257,49.184917070486854],[-123.86546053950963,49.184835871513016]]],[[[-123.8657870222715,49.184734767986505],[-123.86587002996147,49.18469916017398],[-123.86616053868838,49.18488575847796],[-123.86588524384261,49.184824461831106],[-123.8657870222715,49.184734767986505]]],[[[-123.67589162657862,49.145523474182575],[-123.67592884988237,49.14537957370101],[-123.67609523751958,49.14545936066964],[-123.67602932596756,49.145611758398935],[-123.67589162657862,49.145523474182575]]],[[[-123.67690184230513,49.14626406004347],[-123.67712234435193,49.146379373352715],[-123.67683705325473,49.146534664127906],[-123.67679553818523,49.1464534659813],[-123.67690184230513,49.14626406004347]]],[[[-123.67906914443107,49.14338146416135],[-123.67931673005262,49.143308778137694],[-123.67949735153942,49.14354946013665],[-123.67911254969795,49.14355235267023],[-123.67906914443107,49.14338146416135]]],[[[-123.86717953074012,49.175675373256254],[-123.86749564277817,49.17571807014205],[-123.86752593537395,49.175906064768235],[-123.86723814778979,49.17592606673837],[-123.86717953074012,49.175675373256254]]],[[[-123.69248343207732,49.15248636930757],[-123.69264964266662,49.152655864770715],[-123.69232292919972,49.1527840536928],[-123.692266234331,49.152729971585444],[-123.69248343207732,49.15248636930757]]],[[[-123.81811475550361,49.19390666590185],[-123.81845513207149,49.19376135854835],[-123.81875874432725,49.1938853690612],[-123.81847234559484,49.193949350568204],[-123.81811475550361,49.19390666590185]]],[[[-123.77949893975489,49.13241076075952],[-123.7796894399146,49.13234667492588],[-123.780241033694,49.13255885794285],[-123.77996834350883,49.13261435985479],[-123.77949893975489,49.13241076075952]]],[[[-123.65901561979096,49.14178916217852],[-123.65891561825627,49.14148296653394],[-123.6592303285583,49.141445952226185],[-123.65930273039619,49.14164245406695],[-123.65901561979096,49.14178916217852]]],[[[-123.67732485972097,49.15814476498014],[-123.67753244416097,49.15828717367194],[-123.67697291827461,49.15855065873124],[-123.67698492076603,49.158443856138334],[-123.67732485972097,49.15814476498014]]],[[[-123.6494032241433,49.14900277103915],[-123.6496394544391,49.149217864980905],[-123.64913511724947,49.149410060619076],[-123.64911804123092,49.14929334845853],[-123.6494032241433,49.14900277103915]]],[[[-123.75889653586258,49.11178675240059],[-123.75952844368082,49.11190927168143],[-123.75986242883806,49.11231086929497],[-123.75962924249293,49.112276658681026],[-123.75889653586258,49.11178675240059]]],[[[-123.81939655000012,49.19339395901903],[-123.8199160314163,49.19334555197287],[-123.82008802831024,49.19374856909635],[-123.81949515183896,49.193627567125944],[-123.81939655000012,49.19339395901903]]],[[[-123.69007244326629,49.140887666849274],[-123.69018702737388,49.140229659423625],[-123.690475139138,49.14017406513875],[-123.69046801855967,49.14063266435265],[-123.69007244326629,49.140887666849274]]],[[[-123.86272673806171,49.183903074929944],[-123.86308216081206,49.18388306552594],[-123.86457424168651,49.184419970208374],[-123.86418894814776,49.184395767106736],[-123.86272673806171,49.183903074929944]]],[[[-123.76799274500691,49.12147846381891],[-123.76810264988079,49.12141446438364],[-123.76876214427472,49.12152697475104],[-123.76839853059843,49.12194276020739],[-123.76799274500691,49.12147846381891]]],[[[-123.81394893992739,49.19935145921928],[-123.81394055765158,49.1989284708325],[-123.81479162012864,49.198860063293886],[-123.81415512850464,49.199431156798916],[-123.81394893992739,49.19935145921928]]],[[[-123.77350674334701,49.12345675449602],[-123.77415205688482,49.123505166439344],[-123.77481923749943,49.12419447788878],[-123.77454653560358,49.124222954410826],[-123.77350674334701,49.12345675449602]]],[[[-123.65139552072023,49.14192155938111],[-123.65211143819354,49.14223205644122],[-123.65144686204694,49.14282166806283],[-123.6513776332306,49.14275907375894],[-123.65139552072023,49.14192155938111]]],[[[-123.69622815195493,49.15936386904029],[-123.69705933434997,49.15900787048193],[-123.69752683855427,49.159121762287924],[-123.69694403804561,49.159574676125885],[-123.69622815195493,49.15936386904029]]],[[[-123.79751384703773,49.12905955276289],[-123.79652114498809,49.12878755297621],[-123.79582874302258,49.128243475434054],[-123.7961821463946,49.1281409529494],[-123.79751384703773,49.12905955276289]]],[[[-123.71330832696172,49.13199347359696],[-123.71395523628657,49.13209735021649],[-123.7146811493916,49.13304596375004],[-123.71393732126829,49.13278106951614],[-123.71330832696172,49.13199347359696]]],[[[-123.73400754409305,49.09938044850588],[-123.73311374436389,49.099198168666824],[-123.73310523980174,49.09858576816749],[-123.73452693012189,49.099431763799025],[-123.73400754409305,49.09938044850588]]],[[[-123.76506913241846,49.12284627478828],[-123.76663623431024,49.12328586244071],[-123.76659054141693,49.12379857454116],[-123.76521132594709,49.12330435791707],[-123.76506913241846,49.12284627478828]]],[[[-123.69013804551282,49.13167586609812],[-123.69034593191668,49.13094525914522],[-123.69101794311254,49.13096945088972],[-123.69072152580965,49.132283974253475],[-123.69013804551282,49.13167586609812]]],[[[-123.73345363590151,49.09998715732495],[-123.73340584254633,49.100428667184346],[-123.73195552563158,49.09969945351588],[-123.7337786416098,49.09965246015431],[-123.73484321901147,49.100437264851166],[-123.73345363590151,49.09998715732495]]],[[[-123.71587002098036,49.13181546479953],[-123.71763583288558,49.132632954428225],[-123.71841412845576,49.13425645915467],[-123.71763881952036,49.13375665804813],[-123.71587002098036,49.13181546479953]]],[[[-123.76516673492456,49.12126345354084],[-123.76421513756742,49.120864656115394],[-123.76336923432653,49.11934935520081],[-123.76600654523021,49.12150845436168],[-123.76516673492456,49.12126345354084]]],[[[-123.86394461971169,49.183687966024245],[-123.86708875300738,49.1845453656174],[-123.87014152448943,49.18653776219317],[-123.86605655657443,49.18439156956874],[-123.86394461971169,49.183687966024245]]],[[[-123.81090712485057,49.20894486373141],[-123.80858344530766,49.20959005157713],[-123.80733064206105,49.20937357624669],[-123.81040154181035,49.208228565063166],[-123.81090712485057,49.20894486373141]]],[[[-123.68857745159494,49.159561855983306],[-123.68815365133311,49.15970006313321],[-123.68600334068864,49.158893858893826],[-123.68831334437581,49.15735004992268],[-123.69008215138204,49.159309753704754],[-123.68857745159494,49.159561855983306]]],[[[-123.67457285419329,49.14738345750168],[-123.67315182563875,49.14788617515635],[-123.67344682880152,49.14524005957664],[-123.67609135142202,49.14711426627266],[-123.67457285419329,49.14738345750168]]],[[[-123.69661344519005,49.155547075207565],[-123.69721935422577,49.15474236238189],[-123.70141012129544,49.157280268906675],[-123.69853785610063,49.15693846621497],[-123.69661344519005,49.155547075207565]]],[[[-123.67901503196525,49.14632386235953],[-123.67676255479536,49.14510475670307],[-123.67596474547885,49.14290426993329],[-123.6783784424423,49.14397955796217],[-123.67901503196525,49.14632386235953]]],[[[-123.74537703455762,49.107539775385646],[-123.74564543894112,49.10813937159465],[-123.73967854170651,49.10402197618678],[-123.74139283126827,49.104145852886425],[-123.74615265775233,49.10811946578712],[-123.74537703455762,49.107539775385646]]],[[[-123.68364511906142,49.15795396572754],[-123.68383024479472,49.156541166063384],[-123.68119073389822,49.156133759175255],[-123.68549873880113,49.15424675523493],[-123.68629233705249,49.157039550369156],[-123.68364511906142,49.15795396572754]]],[[[-123.69425532792205,49.15852077652097],[-123.69239103006241,49.15771326188667],[-123.69382194647426,49.156093870598355],[-123.69070032323488,49.1564100655262],[-123.69009685102395,49.154407668505435],[-123.69366064138298,49.154242453312484],[-123.69676892112342,49.15687726662095],[-123.69425532792205,49.15852077652097]]],[[[-123.6924775504761,49.15213605949522],[-123.68882025058262,49.152328262472444],[-123.68742062509628,49.150429858190655],[-123.68979782018373,49.148750657688765],[-123.6924775504761,49.15213605949522]]],[[[-123.6930447558266,49.14943285883117],[-123.6902751195247,49.148586862751344],[-123.68962754166563,49.14538817568604],[-123.68782814327615,49.14505627538494],[-123.68874334700699,49.14386426257689],[-123.69302324873537,49.14600625147787],[-123.69452664673236,49.148507158024344],[-123.6930447558266,49.14943285883117]]],[[[-123.7631434361964,49.118749752995754],[-123.76320343565547,49.11840646703303],[-123.75630395077731,49.11341465840015],[-123.75958843056597,49.11232226654314],[-123.76824544229645,49.1191285662943],[-123.7693096172764,49.12158675686806],[-123.7631434361964,49.118749752995754]]],[[[-123.6826725400461,49.138649273630634],[-123.68093454252725,49.1393580519282],[-123.67958273256097,49.13683857498094],[-123.68367633466897,49.131399555721806],[-123.68204145932268,49.126065864449465],[-123.68420344683526,49.128760455784054],[-123.68585263062432,49.136046763203055],[-123.68504296351436,49.138066268522955],[-123.6826725400461,49.138649273630634]]],[[[-123.7566936384809,49.11199046941501],[-123.7543172364008,49.11251877569102],[-123.74223993155924,49.10304357086888],[-123.72759004586607,49.09523887062805],[-123.73041932883046,49.09958415264719],[-123.72372553972907,49.09697216316071],[-123.71976924680159,49.09243605089486],[-123.72569762518494,49.09419775389392],[-123.72616993989332,49.09276504796155],[-123.7298482287137,49.09326347748848],[-123.7340055313663,49.0908807624311],[-123.73603112100972,49.09175805692664],[-123.75729533073815,49.10751555659129],[-123.759127951683,49.11088526817257],[-123.7566936384809,49.11199046941501]]],[[[-123.81341965152761,49.13693547064302],[-123.78589574632991,49.13461687128222],[-123.77098855139202,49.12820505527116],[-123.76698473456919,49.1236076539531],[-123.76852575570112,49.122166364314545],[-123.77117463880016,49.122526755644486],[-123.77499365001253,49.12480407194741],[-123.77994332491821,49.124860962920756],[-123.7899006546997,49.12875196175553],[-123.81195113196158,49.1326200613136],[-123.81684883983469,49.13533747056023],[-123.81692394054137,49.13657797759461],[-123.81341965152761,49.13693547064302]]],[[[-123.86300863505552,49.19851827635023],[-123.85350133596805,49.19967757479095],[-123.85844363491444,49.194909364481],[-123.85676695121983,49.19398646475834],[-123.84860945617103,49.197807570572294],[-123.83169873058459,49.201106068816486],[-123.83080223209235,49.19921325076819],[-123.82460474655676,49.20211017090773],[-123.81869362842812,49.20243055779726],[-123.81812395167958,49.19620106893738],[-123.82075593330771,49.193465168874695],[-123.81839293001549,49.19246535310686],[-123.8218312467244,49.19045296482855],[-123.81934471839044,49.18612626436372],[-123.81309924350403,49.18432606509316],[-123.80971703444501,49.18562775162028],[-123.80063842324124,49.18093216808749],[-123.79513513020777,49.18005337949889],[-123.77596914950092,49.17146687136071],[-123.7721244312344,49.16774107245801],[-123.75967814791598,49.164765950393736],[-123.71413423441915,49.1598381787348],[-123.7126018349419,49.15824735733257],[-123.71185532783299,49.159754155675955],[-123.70737913181048,49.158512266627206],[-123.7066850350754,49.15981256309621],[-123.70422513366256,49.15944936461098],[-123.70294804959168,49.15844105846911],[-123.70464912689705,49.15739567005156],[-123.69714432391228,49.153330967426974],[-123.69904264387029,49.151798464165154],[-123.70281643454817,49.152900861798074],[-123.69855824275547,49.14949836072548],[-123.69977723144525,49.14852856338298],[-123.69565192233703,49.14768106834578],[-123.69434252780069,49.14428006628704],[-123.69039472825045,49.14332305625077],[-123.69187104873468,49.13420236822078],[-123.69284333981706,49.13301746953257],[-123.69563432928189,49.1336212537352],[-123.69601025973452,49.131083370481264],[-123.69976263798657,49.13185106395358],[-123.70124095448638,49.12973747108097],[-123.70434183182164,49.12988987563563],[-123.71274255518716,49.13458836608944],[-123.71092854434617,49.13529186351322],[-123.7100871211184,49.138661559821585],[-123.72111933989545,49.13655086789481],[-123.71810902837657,49.13222417865428],[-123.71975704136295,49.13148646311196],[-123.71760001272355,49.13114885952266],[-123.71742593279619,49.12944977974005],[-123.73214233516633,49.1271625733571],[-123.74394294111018,49.129029676064306],[-123.74724341744864,49.12782045920283],[-123.75492994450211,49.13042397135471],[-123.76335414962931,49.12999097342692],[-123.78315622992706,49.135723460355926],[-123.78749852558045,49.13975106489067],[-123.83309452795615,49.147725269129936],[-123.85197044242543,49.15373117133508],[-123.86481993573858,49.159896572822],[-123.86858333473278,49.16336735435622],[-123.87147312700797,49.16938176278705],[-123.87002973332717,49.17626495208556],[-123.86377724658288,49.173335363059245],[-123.85937613691154,49.17750545326076],[-123.85634124496099,49.177321762580256],[-123.86171214264816,49.17917897653357],[-123.85938482500394,49.179574865468474],[-123.86071223721386,49.18014875275058],[-123.86402963831702,49.179935161646945],[-123.86267856343913,49.18040516575141],[-123.86550506254135,49.18189486548798],[-123.86089292988487,49.183467256663874],[-123.8735854589069,49.19033476972683],[-123.87031925389111,49.19034186436716],[-123.87291453875388,49.192085074340106],[-123.86027583007792,49.1928897601182],[-123.86020573344321,49.19442937800341],[-123.86729364451482,49.19630077542085],[-123.86300863505552,49.19851827635023]]]]},"bbox":[-123.8735854589069,49.0908807624311,-123.64911804123092,49.20959005157713]},{"id":"5921016","type":"Feature","properties":{},"geometry":{"type":"MultiPolygon","coordinates":[[[[-123.91657374179498,49.22994057642469],[-123.91684752150044,49.22981235692276],[-123.9170541478787,49.22989216451309],[-123.91670063022167,49.23012857392108],[-123.91657374179498,49.22994057642469]]],[[[-123.92831053405199,49.226546658046736],[-123.92847065106314,49.22629315374469],[-123.92884273673099,49.22636155477072],[-123.9286810417517,49.22663357358087],[-123.92831053405199,49.226546658046736]]],[[[-123.92524083264986,49.226246152060945],[-123.92487325119222,49.225646558135836],[-123.92594853204619,49.22589017153276],[-123.92592435157138,49.226043965968366],[-123.92524083264986,49.226246152060945]]],[[[-123.92762655217356,49.22379936241661],[-123.92724355615908,49.22386496271775],[-123.92691544307134,49.223292348440694],[-123.92822252672838,49.22408137166291],[-123.92762655217356,49.22379936241661]]],[[[-123.9237666414583,49.22449587268937],[-123.92334365055952,49.224625465328394],[-123.92316505748097,49.22386206933625],[-123.92413803171608,49.223755267833496],[-123.9237666414583,49.22449587268937]]],[[[-123.88911874173665,49.213955376044645],[-123.88975546023792,49.21428276421769],[-123.88900753395261,49.21621415891986],[-123.88887324940414,49.21558465200882],[-123.88911874173665,49.213955376044645]]],[[[-123.9172000513669,49.23181626911214],[-123.91536063923617,49.23188467588563],[-123.9149113347127,49.23132205834204],[-123.91646002554664,49.23040915520876],[-123.9172000513669,49.23181626911214]]],[[[-123.89024302888132,49.21464735661207],[-123.89131624786103,49.21400937042108],[-123.89059153157419,49.217999954630216],[-123.89003354888146,49.217447373151195],[-123.89024302888132,49.21464735661207]]],[[[-124.63752697615304,49.28484143221172],[-124.6374189429478,49.28129270288034],[-124.6450731383434,49.28124113001657],[-124.64511773121411,49.27768726826007],[-124.6429271575934,49.27756918667082],[-124.64315522997082,49.272036795134255],[-124.6204194389751,49.27357927076745],[-124.62042037280546,49.27197331208787],[-124.61735764626636,49.271804758871475],[-124.61715558693508,49.267974265215116],[-124.60272636364047,49.26784432648215],[-124.60533827521579,49.28406883825183],[-124.59549438102394,49.2838027106157],[-124.59524388808558,49.2812922350246],[-124.58897962246424,49.28117766397003],[-124.58892027405474,49.27291337491625],[-124.57004582800153,49.27270528815464],[-124.5700779684525,49.262352802719676],[-124.55952606294908,49.262291805974755],[-124.55925437264067,49.25701476955962],[-124.5210422330108,49.25697646994198],[-124.5229813299604,49.2528266155783],[-124.52949424628122,49.25262510186126],[-124.52937139212985,49.25010567743081],[-124.53191417912747,49.2501467959232],[-124.53158069225401,49.245560331318],[-124.53407583795845,49.24554720067106],[-124.53410332416692,49.24112354331782],[-124.52524005742565,49.24114590403611],[-124.49712778483139,49.234739602007906],[-124.4928607573249,49.23074532719306],[-124.48136880796878,49.23097491113959],[-124.4656404556998,49.225109687655326],[-124.44701613628911,49.22311487090035],[-124.44777412503406,49.23633988061681],[-124.4208231956996,49.236200777529746],[-124.42059736330533,49.23268330980821],[-124.38909324661721,49.23243656426067],[-124.38885986337701,49.23058284680131],[-124.32675469778542,49.230205260538774],[-124.3268123606252,49.22623435562569],[-124.3194139408883,49.22604474774679],[-124.31955049121711,49.218919626302466],[-124.31437519841143,49.21894746403855],[-124.31421491377033,49.21286527039888],[-124.30717337921295,49.21267656319905],[-124.30720703708838,49.208580115271225],[-124.28612475941023,49.208752165172044],[-124.28590475777641,49.21004696080933],[-124.28607855764717,49.21172462310703],[-124.29173855634286,49.21195298473967],[-124.29216658255568,49.218948251963795],[-124.2981013974788,49.219129438662335],[-124.29855196773663,49.22263912412274],[-124.30712960583136,49.222715550761066],[-124.3071531034587,49.226344083444076],[-124.24590975631052,49.22632820147059],[-124.2458754392322,49.23141973698191],[-124.24025474659332,49.23135144709224],[-124.24043338821424,49.24129770770767],[-124.24985860034197,49.24150653868221],[-124.2499360418571,49.24885339713552],[-124.24284520927071,49.24882758545675],[-124.24285657373224,49.252680880413806],[-124.23442103908256,49.252857530728136],[-124.234236956643,49.247126464213075],[-124.22495540532194,49.24697196026125],[-124.22514957086172,49.23884290558146],[-124.21969048193134,49.238720065804486],[-124.21982313884001,49.231353099280575],[-124.22666740118518,49.231444677888824],[-124.22690660692109,49.224090213441016],[-124.21311893896319,49.223676880597225],[-124.21288181009214,49.23312059303835],[-124.20379017672947,49.23324771523843],[-124.20347410756993,49.22507301310438],[-124.1965251124816,49.224451261370106],[-124.1965285333465,49.218095514084936],[-124.1914781476183,49.21794276252044],[-124.19145736761836,49.213669960688414],[-124.18455481542614,49.2135297542537],[-124.18449198419363,49.20566569191284],[-124.18079658187325,49.205794313572525],[-124.17769266933132,49.200384043269885],[-124.15885577355971,49.2003690822598],[-124.15842360845987,49.20296742857366],[-124.13540407471065,49.202904171914355],[-124.13526388556305,49.20018815579516],[-124.0819589326125,49.199205874366214],[-124.08173223469399,49.21144583342578],[-124.07403153345169,49.211799226002455],[-124.0728589594403,49.228585247739716],[-124.06461513260997,49.22976470377974],[-124.06474455817246,49.2281270428727],[-124.05802839594632,49.22800581972267],[-124.05746000667644,49.222619318789405],[-124.05404539435482,49.222587444318776],[-124.05442669399353,49.20283019060615],[-124.04078798538264,49.20280506317374],[-124.04029054072383,49.19960329212213],[-124.02740887426835,49.19921927944504],[-124.02731126603248,49.19614704350006],[-124.0246521127888,49.19445742035684],[-124.01460405203088,49.19190722542693],[-124.01041015268567,49.18896345702699],[-124.00742262790843,49.18999220462669],[-124.00223364669314,49.18661565335131],[-123.99932683828332,49.18698694929414],[-123.99946154074696,49.182668321563874],[-123.99661873456598,49.18142237965543],[-124.00483361604843,49.18014669199394],[-124.00815097763443,49.1774552953205],[-124.01670254803523,49.17745103589199],[-124.01687356803872,49.174641447497194],[-124.0196789408413,49.175675766650166],[-124.01971486760546,49.174326924090536],[-124.02234407204232,49.17430318701825],[-124.02242444451431,49.1629518079044],[-124.0189186357818,49.15970023527103],[-124.01389666791087,49.1596232645034],[-124.01386574638231,49.1562690246904],[-124.00135258903121,49.15614126904934],[-124.00129855033398,49.1523683453815],[-123.98636852592458,49.15198104743546],[-123.98634968581104,49.14833233300116],[-123.98047072271103,49.148177889248736],[-123.98047165807122,49.141057648611806],[-123.97630715743692,49.141042057255994],[-123.97839408648863,49.137639006878445],[-123.98109083841447,49.13767623843665],[-123.97447338802093,49.136892859006544],[-123.97460633952693,49.13498589121417],[-123.9783973210951,49.13513569232238],[-123.97470969878401,49.13426516372739],[-123.97531948728954,49.130780340831244],[-123.96898116355615,49.13324409449066],[-123.93318556842095,49.13366470128212],[-123.93320324358456,49.13047714428776],[-123.92785368040182,49.130382296644115],[-123.92383064833943,49.12347212441425],[-123.93291522977707,49.123108158591],[-123.93299022093022,49.10480472014362],[-123.93824544290054,49.10477904183117],[-123.93817588260798,49.10157605415658],[-123.93341738747351,49.101579943156544],[-123.93314070096923,49.09722707559357],[-123.92433462168759,49.09704432293075],[-123.92437993211732,49.101129222991844],[-123.91994778436793,49.1020109726864],[-123.92009256562189,49.097800738159854],[-123.91268742994615,49.097209687360994],[-123.91265357126237,49.09412227769473],[-123.9094338146145,49.09404240999412],[-123.90931181210958,49.082673988158305],[-123.89246288500297,49.082554311186335],[-123.8923022367347,49.0473344462821],[-123.8839054141158,49.04676161406251],[-123.88395347328736,49.04294340488543],[-123.87837622430858,49.043063225304955],[-123.8777253375701,49.037032684875136],[-123.88553364706961,49.03717849350761],[-123.88530511079186,49.02414078600481],[-123.89335130072851,49.024926224262146],[-123.90721276027271,49.029696979217825],[-123.9209413666742,49.03224319081481],[-123.92708592590103,49.0294964500496],[-123.93044265487346,49.032118826251036],[-123.93518555424804,49.02951543351349],[-123.95319336382686,49.03142752813552],[-123.95278884316521,49.022874754418574],[-123.95441825323748,49.0208737692695],[-123.95246710639717,49.01932469205957],[-123.96457513639605,49.02335337639072],[-123.98652815467517,49.02747637114001],[-123.99445065947026,49.03231156748496],[-124.01569332397068,49.030138259203895],[-124.02287736090074,49.02551386953348],[-124.03475052577457,49.02618176344542],[-124.03594849235002,49.02574451675576],[-124.0355230230002,49.01824009894847],[-124.02989459524774,49.01839134698611],[-124.02970717962224,49.012345132057824],[-124.01959968628954,49.0119202447511],[-124.02167373135798,49.008966682923884],[-124.02084324753592,49.00648191130021],[-124.01927937376675,49.00538898612916],[-124.01522508161054,49.006198972417515],[-124.01376456062421,48.99969307174892],[-124.0103658262636,48.999651230886464],[-124.01017223278777,48.997272789956774],[-124.02130657383977,48.99535451730162],[-124.02138787745884,48.99736059570135],[-124.02784463713517,48.99748159625143],[-124.02910720168296,48.99974873847213],[-124.03777956927338,48.99972098343272],[-124.03666002912003,49.00317477992253],[-124.04071660772286,49.00488194474972],[-124.06194420526626,49.01006913744282],[-124.06580827452923,49.00895251478225],[-124.0656074200348,49.0071931986377],[-124.05460283871504,49.00593412016094],[-124.05493565549946,48.999894701857116],[-124.05736207998208,48.99996587959354],[-124.05741654830092,49.00162736789926],[-124.06223726041816,49.001910353856374],[-124.06356859353906,49.00456960068939],[-124.06985079541883,49.00297994023225],[-124.08076622388354,49.00318550827422],[-124.0807679255756,49.004606469737325],[-124.084662039428,49.00469280877301],[-124.08481129295866,48.9998104905281],[-124.08032533844222,48.99966951870273],[-124.08027059130892,48.99393030716975],[-124.08491505779115,48.99392962682523],[-124.08498968000153,48.991488529704775],[-124.08324913929177,48.99140419379691],[-124.08330035290945,48.9893951717943],[-124.08070866425555,48.989367502983455],[-124.08074807070712,48.98473744805879],[-124.09271314108966,48.98133520864379],[-124.098585603091,48.98126711054502],[-124.09858717986872,48.98333927569164],[-124.10108116250112,48.983489125305326],[-124.10337758543207,48.99206597549905],[-124.10254772433547,48.9981631453226],[-124.13388553831697,48.999813131142034],[-124.13633827000776,49.00220416531296],[-124.17283353428834,49.001523808408486],[-124.17293757838252,49.00891355908796],[-124.20436687819114,49.008904114732765],[-124.20458775805382,49.00444120014665],[-124.22677813834483,49.0043755973828],[-124.22683107515427,49.0069813284801],[-124.2335283402639,49.007146956405926],[-124.23328437646026,49.00388885435498],[-124.23815929578576,49.00392601577463],[-124.2380403871783,48.9990961167628],[-124.23440148937789,48.99903432227934],[-124.23412272605134,48.994093786265765],[-124.24333196455402,48.99389682594377],[-124.24341390264948,48.98948998924779],[-124.24881523333411,48.989535546728455],[-124.24955568392373,48.9997779454405],[-124.2771646676862,48.99977028410876],[-124.27708724926761,48.9963193343123],[-124.28272621070762,48.9964093711288],[-124.28266745185071,49.00118298322997],[-124.27782374096103,49.00109705293076],[-124.27767605225023,49.005097321649885],[-124.2822217395466,49.00520827330575],[-124.28242449334998,49.01311105624928],[-124.29456462362678,49.01327260243884],[-124.29435068732093,49.004439721661],[-124.29219590429997,49.00425629638656],[-124.29209043609056,48.99723464174867],[-124.30493891536892,48.99723390419463],[-124.30509308966876,48.99976595853244],[-124.31378862226407,48.99974836196025],[-124.31374446210968,49.00409312926428],[-124.31690787846875,49.00424396606713],[-124.31698631786142,49.0074414504015],[-124.32244058688555,49.00755635444187],[-124.32404118745228,49.00094102717032],[-124.32866179557466,49.00091581670521],[-124.32897408690059,48.99760001444962],[-124.33299008986822,48.99769468901523],[-124.33316875082734,48.995933285953924],[-124.3356007961251,48.99750227368127],[-124.3437758166844,48.99827564999378],[-124.34471505783706,48.99975763200494],[-124.37645684699085,48.99965877657539],[-124.37609070750712,48.99620103618106],[-124.37928043891054,48.99446921958963],[-124.38097769918393,48.9955644201925],[-124.38293855560076,48.99357097065666],[-124.38667874959327,48.99380657534881],[-124.38741579383839,48.99075602953051],[-124.38381435483883,48.99092178753098],[-124.38195274713816,48.987560187313825],[-124.37466653314844,48.98869010701941],[-124.37457345746505,48.9874014082516],[-124.36996596300813,48.986570314655445],[-124.36998672849646,48.988064009521466],[-124.36617354857182,48.98812204505828],[-124.36448476504856,48.98218636736104],[-124.38493180806206,48.98205762407524],[-124.39286112452659,48.99076750546758],[-124.39289259891805,48.99430620518265],[-124.40025913288792,49.00334943570178],[-124.39910539715153,49.00833345169154],[-124.4005315664927,49.01247030552463],[-124.40324196489102,49.01464098660864],[-124.41039010392339,49.01594065148431],[-124.4171324194196,49.02546385870367],[-124.42712217443456,49.02321762319433],[-124.43565626974139,49.024992934747544],[-124.45226796725304,49.02329308229143],[-124.45481075807437,49.023794964205095],[-124.4549319110774,49.02782130679699],[-124.45644616859397,49.027932688443755],[-124.4577992603317,49.032372744604004],[-124.46319017854871,49.03244467252757],[-124.46898742012021,49.03086015651189],[-124.46891158482165,49.02935959968384],[-124.46337911079843,49.028715670270174],[-124.46340874468676,49.02704371484931],[-124.466626843651,49.026076420666705],[-124.46677129215809,49.02367215544229],[-124.46306457184373,49.021422859005256],[-124.4630659778362,49.01993241368685],[-124.47015383474059,49.019993317830114],[-124.47212457752208,49.02151976284208],[-124.48271462734809,49.02220989423783],[-124.48277793764495,49.02382912131851],[-124.47972308694457,49.02395027569754],[-124.47981300050718,49.025144055564475],[-124.49530861822763,49.02449117055254],[-124.49527665020973,49.02701682815569],[-124.50339580088769,49.0279477491954],[-124.50354020291228,49.02969565557396],[-124.49998490090222,49.02972547920237],[-124.50164201538954,49.030813863557114],[-124.50196762940868,49.03417725454156],[-124.49390660864638,49.03429188857751],[-124.4937579687981,49.03106039263336],[-124.4870489852322,49.031663921939426],[-124.48526240573075,49.03855163722947],[-124.4884958570707,49.03871168528801],[-124.48840691701274,49.04230331316761],[-124.4773606798925,49.044189905031644],[-124.46993417660929,49.042534721691],[-124.45643935305735,49.04351514567644],[-124.45602519531464,49.04903509366837],[-124.46328844931827,49.05017866051049],[-124.46317075268611,49.05555997926561],[-124.46098449098919,49.05552432687276],[-124.46107807951422,49.05916928909629],[-124.47154974177373,49.06051561352],[-124.47180274227365,49.058612974515206],[-124.4751368084249,49.058646854463404],[-124.47529831285705,49.05454675613778],[-124.48139055067011,49.054585616038324],[-124.48262557291277,49.05624025243637],[-124.49045916881506,49.056328205497735],[-124.49050021302128,49.05519722667645],[-124.49554016503963,49.05529279309107],[-124.49550703533701,49.05412894199431],[-124.50369648926177,49.05489855483505],[-124.50576064366574,49.05328990863045],[-124.50545066266751,49.04891096041123],[-124.50308820407531,49.0489430225184],[-124.5030460080008,49.04714777053309],[-124.51185739774232,49.050944163871776],[-124.51576559243908,49.05105693521054],[-124.51654885667821,49.06855632683137],[-124.52377128287915,49.071440299398645],[-124.5237866156891,49.07998949769386],[-124.52723887898848,49.08013248988647],[-124.52776218864452,49.09109577767906],[-124.53287179351364,49.09109891903631],[-124.53185417270414,49.09741923581368],[-124.53027522877304,49.09745679830999],[-124.52994630739097,49.10457968942414],[-124.53131378153991,49.10462021892317],[-124.53149037228869,49.10896711317576],[-124.53722436252275,49.10917721527216],[-124.5371831853418,49.11378742710405],[-124.53502083212587,49.11385843309614],[-124.53502383539765,49.116191217256734],[-124.53263973348147,49.116198307768514],[-124.53258139597483,49.11800681496051],[-124.52938727909813,49.117912356788494],[-124.52821518931866,49.124178777222866],[-124.53250811188434,49.12418643475681],[-124.53275502752571,49.12595821572603],[-124.53533318771474,49.12599230527464],[-124.5361357737399,49.1279387091482],[-124.54820893761159,49.12809981540528],[-124.55242606624977,49.13348367552324],[-124.55230227652228,49.135768816733595],[-124.54956398661312,49.1375760950438],[-124.54987176421449,49.141713437964874],[-124.56503055795626,49.1436439252266],[-124.56708763852225,49.14880351254122],[-124.58059828987506,49.14857498359544],[-124.58250524452916,49.14005575020472],[-124.5899334377817,49.14179815593782],[-124.58991419108523,49.14694818260388],[-124.59545983388975,49.14805534068892],[-124.59554017051815,49.152178177580545],[-124.59013603189979,49.15209295638867],[-124.59046684459273,49.15966509404222],[-124.61332215351831,49.15991116402152],[-124.61345451963405,49.158111952680166],[-124.62927253242682,49.158245224150114],[-124.62958646262341,49.16221144082038],[-124.63491188439932,49.162495431194074],[-124.63497725767827,49.16567470259542],[-124.64046882715253,49.16592831404685],[-124.6406439381409,49.17189392867389],[-124.6468814745042,49.172121755941944],[-124.64692434108916,49.17383350283453],[-124.65648974763613,49.17386133914962],[-124.65371765482878,49.17913187988448],[-124.66532313468396,49.18107207187136],[-124.67011977424285,49.17312561680762],[-124.67266717664405,49.17284250606677],[-124.67258653734423,49.171584012780365],[-124.68829217974731,49.171556279480455],[-124.68860960575307,49.174800514347886],[-124.69878683151471,49.17503878213675],[-124.69773859544907,49.17603782561486],[-124.69924484425393,49.178772448382794],[-124.69458237582363,49.18076022602095],[-124.69806025253932,49.1883467664793],[-124.69731781610781,49.1912869694914],[-124.68958810392427,49.197332237614084],[-124.68324924233596,49.20006851806296],[-124.68030288632895,49.205602103627434],[-124.68838579500895,49.201076216608584],[-124.69294877041595,49.20547395251028],[-124.6819022784074,49.2158057164969],[-124.67740558273657,49.21532170111352],[-124.67473648171554,49.2205562021982],[-124.67979897976137,49.220886803607705],[-124.67965575740881,49.22767804554139],[-124.67414039989718,49.22747834057155],[-124.6741751630865,49.22416832581024],[-124.66307492143348,49.22402305292916],[-124.66312495806726,49.22739468348416],[-124.66828723258901,49.22762398710017],[-124.6684050391577,49.2313462137459],[-124.67392748421788,49.231251134567536],[-124.67423772858078,49.23389255114323],[-124.65763506335222,49.23408724861546],[-124.65839773089291,49.24726822506249],[-124.65463917289692,49.243127859224295],[-124.65427598943906,49.23843465446213],[-124.65594577095048,49.235684866842035],[-124.65070899362885,49.22914190896446],[-124.65088298675023,49.226728534681605],[-124.64807972255825,49.224548695246874],[-124.64414771491766,49.224340437582825],[-124.63961754417133,49.2196194426773],[-124.63063617278544,49.2195085575402],[-124.63410206322642,49.22804106454692],[-124.63344612132093,49.23622607616547],[-124.64212154567413,49.24121117326014],[-124.64536119670767,49.24497662137815],[-124.64685194205813,49.248291509565014],[-124.64467758936752,49.249926973225094],[-124.66221790741247,49.28142903747614],[-124.65682979473088,49.28492180667236],[-124.63752697615304,49.28484143221172]]]]},"bbox":[-124.69924484425393,48.98126711054502,-123.8777253375701,49.28492180667236]},{"id":"5921018","type":"Feature","properties":{},"geometry":{"type":"MultiPolygon","coordinates":[[[[-124.29615004493569,49.32824237685659],[-124.29647132964391,49.32841895686639],[-124.29618861614779,49.32866535813282],[-124.29593584944253,49.32844316488577],[-124.29615004493569,49.32824237685659]]],[[[-124.29148996146395,49.325871067531416],[-124.29513163686725,49.327130054591386],[-124.29582165766634,49.32776956221511],[-124.2916513590568,49.327726761422554],[-124.29148996146395,49.325871067531416]]],[[[-124.34520584444041,49.34198456924221],[-124.32991332565031,49.33439926274722],[-124.31958053255728,49.32326337890629],[-124.31353072465775,49.32346696436558],[-124.30643733216498,49.328433267141556],[-124.29671823670441,49.329378850779186],[-124.29793692809213,49.32759296895161],[-124.3020794295468,49.32656607332254],[-124.29880296349818,49.32650346837464],[-124.29672242524087,49.3279575700628],[-124.29485542098165,49.3266016662377],[-124.2923226493335,49.326027771904556],[-124.29241140765319,49.32321910857336],[-124.28823659096419,49.321981498186034],[-124.28497131704282,49.31825580139729],[-124.28495788005822,49.314786599410084],[-124.28781043587263,49.31436363094818],[-124.28774459971383,49.308479211011246],[-124.27553630010215,49.309395993826776],[-124.27504942108142,49.328053402423386],[-124.26408645270212,49.32515186118269],[-124.26303995431455,49.32301406545565],[-124.26402685498131,49.3185050661531],[-124.26158134566235,49.31164177333266],[-124.25316205987299,49.30571566555887],[-124.24842580701042,49.30456591526883],[-124.24840968556744,49.303100201639175],[-124.24408686555702,49.303280670792766],[-124.24410584136473,49.29865731372897],[-124.26727350507487,49.29792872346331],[-124.26725188997882,49.29936221105142],[-124.27390879090724,49.3002352017102],[-124.28153079761988,49.30404210024489],[-124.28397859472943,49.307503754828296],[-124.29165418865296,49.30688581251926],[-124.29214759682031,49.30860230665349],[-124.29993552593757,49.308752370516224],[-124.29985582437335,49.31391147292835],[-124.30709827722002,49.31488308556045],[-124.3070853072915,49.308953223792756],[-124.30168071163463,49.3089305195243],[-124.3014967620336,49.30519620404565],[-124.32433304002151,49.30710767596222],[-124.32347583020423,49.309300202800046],[-124.32812277616786,49.30918926060573],[-124.33759459624547,49.312177248798996],[-124.34690118744824,49.31165027474866],[-124.34688895987343,49.318841174106026],[-124.34337658340687,49.318973768680124],[-124.34341008414205,49.32194076772773],[-124.34561283663074,49.322170278281426],[-124.3486211073483,49.32535889634518],[-124.34494663283242,49.32826105160293],[-124.34866198011213,49.331290316929035],[-124.34864041097144,49.333539689440755],[-124.34678429640616,49.333607501666926],[-124.3488984749921,49.33786621064373],[-124.35335938154081,49.33981441063796],[-124.34520584444041,49.34198456924221]]]]},"bbox":[-124.35335938154081,49.29792872346331,-124.24408686555702,49.34198456924221]},{"id":"5921023","type":"Feature","properties":{},"geometry":{"type":"Polygon","coordinates":[[[-124.47803261489544,49.36077295065744],[-124.47591237048577,49.36048299401924],[-124.47586031511904,49.36320650688029],[-124.46292853547612,49.355496053849926],[-124.45729733871232,49.35414587064569],[-124.41675523590926,49.360308476891],[-124.38566073302775,49.35497336489751],[-124.38180193012798,49.352040654158735],[-124.38131443972657,49.34725084174027],[-124.38775327659698,49.34689086209085],[-124.38780385321553,49.340866325056155],[-124.3834185588801,49.340190219138755],[-124.38792731493055,49.34037709506339],[-124.38764572674623,49.33549807070165],[-124.37890724620732,49.33599837342613],[-124.38488975540852,49.332475160364275],[-124.39879500321324,49.33246209311709],[-124.39922851327226,49.339139397184695],[-124.41001970306074,49.3393444777921],[-124.41005133558689,49.33553835544597],[-124.41449670579657,49.33554903894942],[-124.41438405337568,49.333874994145084],[-124.41000308389353,49.333688338620526],[-124.40995189634438,49.32591513935694],[-124.43982105374313,49.32601653378657],[-124.44440960149454,49.33751341295336],[-124.44315986344873,49.33927623093201],[-124.45087876788418,49.339392957896095],[-124.45617813822878,49.34122934210398],[-124.47341710247584,49.34131202595965],[-124.47603968531934,49.34273517498762],[-124.47630521706704,49.345257479101676],[-124.48243941832942,49.34532221866763],[-124.4830422304368,49.35159875363444],[-124.47756881835743,49.3533921754576],[-124.47854345826669,49.35569081403411],[-124.48685621709451,49.35580578584366],[-124.48685415722343,49.35913283901256],[-124.48153897328257,49.35923115118627],[-124.48155133173024,49.36138134089032],[-124.47803261489544,49.36077295065744]]]},"bbox":[-124.48685621709451,49.32591513935694,-124.37890724620732,49.36320650688029]},{"id":"5921030","type":"Feature","properties":{},"geometry":{"type":"MultiPolygon","coordinates":[[[[-124.098880825697,49.27545117218596],[-124.09900234435177,49.27537715189555],[-124.0991014387599,49.275466877196465],[-124.0989632451253,49.27550386149691],[-124.098880825697,49.27545117218596]]],[[[-124.07879703026735,49.26992815953428],[-124.0789046496569,49.26985545383966],[-124.07903104355324,49.269935267405586],[-124.07897721549634,49.26998936066811],[-124.07879703026735,49.26992815953428]]],[[[-124.10674344207764,49.276067868843434],[-124.10692311850005,49.27603086134346],[-124.1069924421801,49.276083570789375],[-124.10686984033234,49.27614767369954],[-124.10674344207764,49.276067868843434]]],[[[-124.15892414768423,49.3425186596121],[-124.1590600382703,49.3424459779968],[-124.15918603500533,49.342551363690056],[-124.15905152555659,49.342625456643596],[-124.15892414768423,49.3425186596121]]],[[[-124.09960084150777,49.27506665087937],[-124.09980561886262,49.27501965822585],[-124.09993143696131,49.275116559256915],[-124.09982153814123,49.27515356439289],[-124.09960084150777,49.27506665087937]]],[[[-124.11485375241251,49.27535147007721],[-124.11507122390735,49.27527746877704],[-124.11522614037362,49.27539285410231],[-124.11500632686025,49.275431257731405],[-124.11485375241251,49.27535147007721]]],[[[-124.08130074009094,49.271856454165345],[-124.08148986129927,49.27174686843447],[-124.08168323649177,49.27180807497932],[-124.08150713981456,49.27191775683389],[-124.08130074009094,49.271856454165345]]],[[[-124.10131091666925,49.27657066025903],[-124.101599647464,49.276557854341455],[-124.10178113956428,49.27670027763816],[-124.10161702871616,49.27672876540885],[-124.10131091666925,49.27657066025903]]],[[[-124.15472652761002,49.34078825486624],[-124.15491701294717,49.340759758911254],[-124.15504593297634,49.34094776643975],[-124.15482702052994,49.34097626233342],[-124.15472652761002,49.34078825486624]]],[[[-124.10731945757887,49.276549265263554],[-124.10708504291989,49.276550650079265],[-124.10701534220259,49.27647095642807],[-124.10745423084074,49.2764310559883],[-124.10731945757887,49.276549265263554]]],[[[-124.12799633528277,49.258474664626846],[-124.12829822834266,49.25841766987733],[-124.1284381614193,49.258524463499306],[-124.12817813125488,49.258608479446906],[-124.12799633528277,49.258474664626846]]],[[[-124.1081712410017,49.27712465277961],[-124.10818175276745,49.27706197170285],[-124.10859394332074,49.27699505474435],[-124.10839315064104,49.277221471754636],[-124.1081712410017,49.27712465277961]]],[[[-124.1011553200561,49.276985064102966],[-124.10127593928219,49.27687686419693],[-124.10158345666706,49.27707196432197],[-124.10119885466479,49.27712035577825],[-124.1011553200561,49.276985064102966]]],[[[-124.14240375204908,49.33775326700431],[-124.1427897212881,49.337758958866345],[-124.14284604774164,49.33787576446477],[-124.14248873633062,49.33790566231527],[-124.14240375204908,49.33775326700431]]],[[[-124.0887522457479,49.28813094885032],[-124.0889742530099,49.288227755638275],[-124.08871713430251,49.28840155490106],[-124.0886597643546,49.28826766679112],[-124.0887522457479,49.28813094885032]]],[[[-124.07812835476813,49.26952076847169],[-124.07854154800461,49.26957915009444],[-124.07887545535826,49.269765768932736],[-124.07840705939778,49.26968886950335],[-124.07812835476813,49.26952076847169]]],[[[-124.06631754870287,49.28850265131328],[-124.0666624342821,49.288562455522055],[-124.06665142981525,49.28873336188285],[-124.06627884927528,49.28869206957775],[-124.06631754870287,49.28850265131328]]],[[[-124.08805832833413,49.288479875201574],[-124.08787442914114,49.2882662614061],[-124.0884253565203,49.288304658456084],[-124.08839922899111,49.288360260767725],[-124.08805832833413,49.288479875201574]]],[[[-124.13314014451984,49.28865786553427],[-124.13333143023452,49.28858387774025],[-124.13372072741218,49.28874197083899],[-124.13344835850977,49.28884446710488],[-124.13314014451984,49.28865786553427]]],[[[-124.11137522038817,49.273541361752436],[-124.11195635495257,49.27364386193846],[-124.11210934884485,49.27375064855685],[-124.11182314347813,49.27387035973049],[-124.11137522038817,49.273541361752436]]],[[[-124.08640575043732,49.28529245144011],[-124.0866105423496,49.28520985662122],[-124.08684694838232,49.28528825705981],[-124.08653742958491,49.285632864744194],[-124.08640575043732,49.28529245144011]]],[[[-124.08599852836399,49.27113725494889],[-124.08642503080047,49.27111596213091],[-124.0866214458949,49.271266875276964],[-124.08623804005262,49.271396457947155],[-124.08599852836399,49.27113725494889]]],[[[-124.0991601475587,49.27568195442405],[-124.09941954044248,49.275634952401106],[-124.10014414365942,49.2759966493941],[-124.09989894620068,49.27608926583358],[-124.0991601475587,49.27568195442405]]],[[[-124.13764652558255,49.30574986218951],[-124.13840092748131,49.30568857414043],[-124.13861122430416,49.305831070719954],[-124.13820305159074,49.30604176925905],[-124.13764652558255,49.30574986218951]]],[[[-124.19832816063622,49.30748456444059],[-124.19855935455885,49.30732926562706],[-124.19883623213961,49.308001456655205],[-124.19839333308666,49.30792457989737],[-124.19832816063622,49.30748456444059]]],[[[-124.09051133406928,49.28307785485766],[-124.09026663845748,49.28262925926382],[-124.09102604482644,49.28271325770638],[-124.09105423133411,49.28279296871459],[-124.09051133406928,49.28307785485766]]],[[[-124.12649373289915,49.30590945599579],[-124.12713582505589,49.30574556599698],[-124.1274016334317,49.305922160847466],[-124.12717514622281,49.306239762683944],[-124.12649373289915,49.30590945599579]]],[[[-124.09177232901892,49.28418016180478],[-124.09251123207306,49.28400356125444],[-124.09269205105419,49.28412745425231],[-124.09238893999965,49.284687167723824],[-124.09177232901892,49.28418016180478]]],[[[-124.12570124088734,49.25849747174875],[-124.12643823751469,49.2581926606759],[-124.12631410258355,49.25637466809927],[-124.12681214147909,49.25834215735597],[-124.12570124088734,49.25849747174875]]],[[[-124.21913941561495,49.32682246143812],[-124.22037803502651,49.3268551662086],[-124.22052332357586,49.32718566507886],[-124.21977235518521,49.32735656720731],[-124.21913941561495,49.32682246143812]]],[[[-124.11350754461598,49.27540986085293],[-124.11272193323842,49.27534586093218],[-124.1123994407756,49.27500687253512],[-124.11310444124372,49.27464937046769],[-124.11350754461598,49.27540986085293]]],[[[-124.13177995469066,49.298265356124126],[-124.13324243427478,49.29843506335341],[-124.13348294223,49.29880117447079],[-124.13204022185849,49.298815369716586],[-124.13177995469066,49.298265356124126]]],[[[-124.09763564694427,49.28498915336284],[-124.09851664744971,49.28503466947076],[-124.09917114055096,49.285469053452196],[-124.09764594010076,49.28551897013863],[-124.09763564694427,49.28498915336284]]],[[[-124.15503483356457,49.34163985417264],[-124.15507583639047,49.34107306541012],[-124.15636614556539,49.342031557557],[-124.15545585715654,49.34197745927602],[-124.15503483356457,49.34163985417264]]],[[[-124.15272443644334,49.3105294638957],[-124.15349004854762,49.31088267096742],[-124.15308614273694,49.3118397556005],[-124.15236395766149,49.31099236531869],[-124.15272443644334,49.3105294638957]]],[[[-124.09093593023434,49.2886593752437],[-124.091148623223,49.28766806091329],[-124.09264905446278,49.28773507085659],[-124.09146042273275,49.28807825838879],[-124.09093593023434,49.2886593752437]]],[[[-124.11234565201752,49.28179885575322],[-124.11392294082106,49.28165785739606],[-124.11429061927616,49.282149257958736],[-124.1137202264778,49.282432674925886],[-124.11234565201752,49.28179885575322]]],[[[-124.08529514933345,49.292265462149835],[-124.08643765200313,49.29107615420708],[-124.08719854119141,49.29127705668121],[-124.08699402876388,49.292627171741685],[-124.08529514933345,49.292265462149835]]],[[[-124.08145943886714,49.29295905264462],[-124.08042051947595,49.29199626332099],[-124.08346453636754,49.29279527256414],[-124.08264465011672,49.29312706506679],[-124.08145943886714,49.29295905264462]]],[[[-124.1296754574198,49.30606176522447],[-124.13066562047224,49.30553045752285],[-124.13361075817461,49.306716870211496],[-124.1305290308706,49.30672827282457],[-124.1296754574198,49.30606176522447]]],[[[-124.08454973354101,49.29219136831664],[-124.08230324268969,49.291987657357],[-124.08191675581534,49.29120867096097],[-124.08448395814789,49.29105916769368],[-124.08454973354101,49.29219136831664]]],[[[-124.10890272922846,49.27174825913363],[-124.10631293302107,49.27151187210726],[-124.10500462811376,49.27077835543096],[-124.10766164737404,49.270348274735326],[-124.10890272922846,49.27174825913363]]],[[[-124.090131940469,49.2877221548304],[-124.08762514508753,49.28757545684219],[-124.08704792907294,49.285701253630116],[-124.09030693320828,49.28629087115359],[-124.090131940469,49.2877221548304]]],[[[-124.1358754266098,49.30595636673576],[-124.13310864534033,49.30583957166524],[-124.13214992368627,49.304787064025184],[-124.1372367327672,49.30524998102258],[-124.1358754266098,49.30595636673576]]],[[[-124.09584395849119,49.28604877012203],[-124.09350734757605,49.28615275056353],[-124.09269024832145,49.28466725508623],[-124.09663003994469,49.28559157671832],[-124.09584395849119,49.28604877012203]]],[[[-124.150327249941,49.30207967189288],[-124.15346554122125,49.30278606836654],[-124.15504024161731,49.304245875893194],[-124.15188694388269,49.30348674996035],[-124.150327249941,49.30207967189288]]],[[[-124.10474733867079,49.277130354233336],[-124.10142794468412,49.27625444922864],[-124.10083555313847,49.27493706237945],[-124.1058784567243,49.276688858748145],[-124.10474733867079,49.277130354233336]]],[[[-124.08487743196102,49.295056773753934],[-124.08235203629306,49.29354435530928],[-124.08742442144035,49.29344186734686],[-124.08815024708572,49.29511816852403],[-124.08487743196102,49.295056773753934]]],[[[-124.08349463309996,49.27166566495119],[-124.07908303888063,49.27109455318394],[-124.07745444612152,49.27013884730974],[-124.08524073908958,49.27105465541815],[-124.08349463309996,49.27166566495119]]],[[[-124.07888263236701,49.29148065258916],[-124.07654493596476,49.29147497252503],[-124.0720843327299,49.288160878045495],[-124.07520314088973,49.28795295682684],[-124.07977314695383,49.29196635770878],[-124.07888263236701,49.29148065258916]]],[[[-124.1654060260571,49.312660065362884],[-124.16078732840484,49.31289656962526],[-124.15914415521114,49.309656471695355],[-124.16237732964989,49.30973195544881],[-124.1654060260571,49.312660065362884]]],[[[-124.21965874940594,49.32614305181504],[-124.21796892516093,49.32232905570074],[-124.21470592912134,49.32119395592114],[-124.21511482974834,49.31992076917676],[-124.21882264460895,49.32074535664199],[-124.22124502279338,49.32351685839232],[-124.21965874940594,49.32614305181504]]],[[[-124.15388033450681,49.339925176930485],[-124.15250072425113,49.34043356738203],[-124.14940242214395,49.33798116350124],[-124.1457255299927,49.3402840629538],[-124.14267725140589,49.33830016425326],[-124.14454565236542,49.33569956120412],[-124.14840644529579,49.336021347034844],[-124.1478442516695,49.33494755570636],[-124.14933524000288,49.33456307139377],[-124.1552919272477,49.337283263700925],[-124.1558518559078,49.33886986657279],[-124.15388033450681,49.339925176930485]]],[[[-124.16142975447839,49.350687866079525],[-124.15370352705094,49.34770707093803],[-124.15278293304485,49.3442718743012],[-124.15545923681245,49.34444277190955],[-124.15682783863211,49.34235055488929],[-124.16088273843603,49.343290562243496],[-124.16369383088092,49.346311369884],[-124.16196364580394,49.34650925412301],[-124.16254644641889,49.35078476873031],[-124.16142975447839,49.350687866079525]]],[[[-124.24211764548234,49.312913553168244],[-124.22658863761642,49.30431845637287],[-124.22339703068394,49.30034925587912],[-124.21964182606176,49.300910365843684],[-124.21890004355193,49.303203368514026],[-124.21353063472856,49.30190165989016],[-124.21245674797304,49.29961855433074],[-124.20738503612726,49.297522159989114],[-124.20975784791035,49.29559095839339],[-124.20463353782058,49.29358425213697],[-124.19835023734107,49.295385873187904],[-124.19894894174672,49.30187455369891],[-124.20243834644971,49.302287557594795],[-124.20526673315268,49.30656735688609],[-124.21440751730597,49.312426559104566],[-124.21425234678821,49.31501856813171],[-124.21011234501843,49.31455857593792],[-124.20117264903627,49.30961376157095],[-124.19764305553892,49.30530547206637],[-124.19369104564997,49.303996650307006],[-124.18928792408694,49.30801006092576],[-124.18630041857877,49.30729366633953],[-124.18972413210791,49.31178275956134],[-124.18572702066832,49.312624463297674],[-124.18473242688384,49.31022466901421],[-124.1795497320023,49.309216369380195],[-124.17790955072425,49.30733496504107],[-124.17987452906631,49.30726097568416],[-124.17966424411802,49.30597625334757],[-124.17456382784924,49.304319967188476],[-124.1728120350901,49.301215169267],[-124.16961462431962,49.30155405808278],[-124.16625855397102,49.2940584700921],[-124.1619842502798,49.29415535610787],[-124.15653421669958,49.290459558637544],[-124.15035284188977,49.29318407265222],[-124.14549535535657,49.29307006021835],[-124.14103953101235,49.29010066318099],[-124.13584363150859,49.29073585885332],[-124.13407612634354,49.288639358797205],[-124.13826506142593,49.2866112697063],[-124.1332106221506,49.285671359085505],[-124.1332546385155,49.28764106362627],[-124.13294771416051,49.28563715830423],[-124.12967214089241,49.28370025565765],[-124.13065613088834,49.282790161121916],[-124.12512683532046,49.27974947524163],[-124.12016454212127,49.27917696471832],[-124.12057144263457,49.2765193585308],[-124.11729152543646,49.27618326433673],[-124.11835722490736,49.27161155707932],[-124.10918735149829,49.2709720612486],[-124.1101198474171,49.26964047348159],[-124.12078735885527,49.26846686828869],[-124.12218745225685,49.265926061356126],[-124.13777413005208,49.26467565340178],[-124.13879404220947,49.2659702740098],[-124.14588824364243,49.26546745559581],[-124.1561440391677,49.269063675098266],[-124.16394031555984,49.2697486626303],[-124.17339073109187,49.27347726439117],[-124.17329325227664,49.271094570194734],[-124.17496804904495,49.26982697372232],[-124.19332752004091,49.268486858425334],[-124.19112161865864,49.26474116155723],[-124.18912373678748,49.265157075741776],[-124.18884635445855,49.26158935521086],[-124.17959382289511,49.25633115574322],[-124.16917344395014,49.25330616269671],[-124.14887963066579,49.25342015309691],[-124.1432209180179,49.25206321716679],[-124.1487527760385,49.25184475655853],[-124.14850953487769,49.246418322633],[-124.13694928960196,49.24516555961974],[-124.13722959871227,49.23153835777627],[-124.13503001098024,49.23138809629674],[-124.13513798210238,49.22866153830654],[-124.13230773964594,49.22851547762313],[-124.13240094547454,49.221605431895696],[-124.12166539959375,49.221136690707986],[-124.12175363862434,49.21306884503064],[-124.1272819096809,49.213234137507804],[-124.12789195145636,49.202883544130906],[-124.15842360845987,49.20296742857366],[-124.15885577355971,49.2003690822598],[-124.17769266933132,49.200384043269885],[-124.18079658187325,49.205794313572525],[-124.18449198419363,49.20566569191284],[-124.18455481542614,49.2135297542537],[-124.19145736761836,49.213669960688414],[-124.1914781476183,49.21794276252044],[-124.1965285333465,49.218095514084936],[-124.1965251124816,49.224451261370106],[-124.20347410756993,49.22507301310438],[-124.20379017672947,49.23324771523843],[-124.21288181009214,49.23312059303835],[-124.21311893896319,49.223676880597225],[-124.22690660692109,49.224090213441016],[-124.22666740118518,49.231444677888824],[-124.21982313884001,49.231353099280575],[-124.21969048193134,49.238720065804486],[-124.22514957086172,49.23884290558146],[-124.22495540532194,49.24697196026125],[-124.234236956643,49.247126464213075],[-124.23442103908256,49.252857530728136],[-124.23627129994156,49.252820008741324],[-124.2363847203355,49.2598628193146],[-124.25387756559539,49.2600530971388],[-124.25123841214952,49.26555560264007],[-124.25464555703789,49.26784888392894],[-124.2665066692541,49.2677289956873],[-124.26690934380083,49.273148634093104],[-124.26194365768121,49.27317840412162],[-124.2618653346843,49.27673204319747],[-124.27125959822216,49.27676480708143],[-124.27128755600617,49.28699916683731],[-124.26138370433068,49.28719987624207],[-124.26130239875582,49.28957113111322],[-124.25380871330005,49.289726598896195],[-124.25527358906048,49.29299381528188],[-124.23411649145315,49.29342270449077],[-124.23374339392828,49.29571669732675],[-124.24514934921636,49.29568090428783],[-124.24408686555702,49.303280670792766],[-124.2485536207106,49.30321779878888],[-124.24842580701042,49.30456591526883],[-124.24040163413292,49.30547496901764],[-124.23857291394451,49.303831459311816],[-124.24079802857935,49.30698177711519],[-124.23756821711666,49.30817665863683],[-124.24211764548234,49.312913553168244]]]]},"bbox":[-124.27128755600617,49.2003690822598,-124.06627884927528,49.35078476873031]},{"id":"5921032","type":"Feature","properties":{},"geometry":{"type":"Polygon","coordinates":[[[-124.66569708045279,49.299732042154794],[-124.65611724739276,49.30141481760032],[-124.65588952403654,49.315477900403906],[-124.66123789079704,49.315864693096145],[-124.66129405945725,49.32130090409525],[-124.65566647029299,49.32143736638982],[-124.65556058098524,49.325040004278854],[-124.65020341934708,49.3250547915626],[-124.6498903597202,49.33049651447557],[-124.63871334465738,49.330546127329924],[-124.63835053356382,49.3360852484043],[-124.63574666335094,49.336124127941844],[-124.63547683075913,49.33970777332662],[-124.63117654346665,49.33969823996244],[-124.63113712591739,49.33807702042471],[-124.62020781736419,49.33800534773783],[-124.620095500945,49.32705855454567],[-124.61470859515936,49.32685398629357],[-124.61493535998991,49.31988235451476],[-124.60952891628084,49.31951522202837],[-124.60986365332995,49.31234190079761],[-124.58359214050641,49.31145899510311],[-124.5832120951754,49.31833841172118],[-124.572158197872,49.31883042884144],[-124.57207433266275,49.32641196518604],[-124.5670377911145,49.326545727713764],[-124.56709655878426,49.330179928100954],[-124.5654808485037,49.331985780475726],[-124.56701408873103,49.334161311855816],[-124.57227345789984,49.334608223060485],[-124.57204454661579,49.3528014780726],[-124.56670352175773,49.351916688364916],[-124.56603189211988,49.346263892133734],[-124.54436472403576,49.34409145564747],[-124.54476182690507,49.34251826458486],[-124.54175183613268,49.342150240548214],[-124.54002497442187,49.325854901004476],[-124.53700741063601,49.32620006723859],[-124.53054184569486,49.333194003382616],[-124.46512156839323,49.33394060555682],[-124.46481286657419,49.33057898242327],[-124.4761544432734,49.32960042113727],[-124.47613598286667,49.32319222682879],[-124.45354931601051,49.322181130788714],[-124.4535999633224,49.3172116784672],[-124.41861868990924,49.31826164142995],[-124.38838596365665,49.31716510783233],[-124.38774533155907,49.32645205142094],[-124.37690287133893,49.3261462843529],[-124.37684564974673,49.32253237279603],[-124.3794864658678,49.32202250778084],[-124.3797475559369,49.31401107763626],[-124.35691571257418,49.31438250921124],[-124.35745630555685,49.3126236924589],[-124.33759459624547,49.312177248798996],[-124.32812277616786,49.30918926060573],[-124.32347583020423,49.309300202800046],[-124.32433304002151,49.30710767596222],[-124.3014967620336,49.30519620404565],[-124.30121699881857,49.296830006168136],[-124.2745685751197,49.2966762727229],[-124.27467854624956,49.29336555094561],[-124.27983471919067,49.293322920410716],[-124.27978415347867,49.29164890349768],[-124.28667055449914,49.29061142013802],[-124.29625472011695,49.29053267453332],[-124.29622228285164,49.28753487781121],[-124.30713165540452,49.288262445117745],[-124.30741725097957,49.281879646584635],[-124.30354928665531,49.28362039485784],[-124.3001068095753,49.280716389390186],[-124.29517690071847,49.27933208549731],[-124.29764243227673,49.27766156403987],[-124.29195063744304,49.271141013950924],[-124.26920405664595,49.27097718029451],[-124.2688364994516,49.26759482184249],[-124.25464555703789,49.26784888392894],[-124.25123841214952,49.26555560264007],[-124.25387756559539,49.2600530971388],[-124.2363847203355,49.2598628193146],[-124.23627129994156,49.252820008741324],[-124.24285657373224,49.252680880413806],[-124.24284520927071,49.24882758545675],[-124.2499360418571,49.24885339713552],[-124.24985860034197,49.24150653868221],[-124.24043338821424,49.24129770770767],[-124.24025474659332,49.23135144709224],[-124.2458754392322,49.23141973698191],[-124.24590975631052,49.22632820147059],[-124.3071531034587,49.226344083444076],[-124.30712960583136,49.222715550761066],[-124.29855196773663,49.22263912412274],[-124.2981013974788,49.219129438662335],[-124.29216658255568,49.218948251963795],[-124.29173855634286,49.21195298473967],[-124.28607855764717,49.21172462310703],[-124.28590475777641,49.21004696080933],[-124.28612475941023,49.208752165172044],[-124.30720703708838,49.208580115271225],[-124.30717337921295,49.21267656319905],[-124.31421491377033,49.21286527039888],[-124.31437519841143,49.21894746403855],[-124.31955049121711,49.218919626302466],[-124.3194139408883,49.22604474774679],[-124.3268123606252,49.22623435562569],[-124.32675469778542,49.230205260538774],[-124.38885986337701,49.23058284680131],[-124.38909324661721,49.23243656426067],[-124.42059736330533,49.23268330980821],[-124.4208231956996,49.236200777529746],[-124.44777412503406,49.23633988061681],[-124.44701613628911,49.22311487090035],[-124.4656404556998,49.225109687655326],[-124.48136880796878,49.23097491113959],[-124.4928607573249,49.23074532719306],[-124.49712778483139,49.234739602007906],[-124.52524005742565,49.24114590403611],[-124.53410332416692,49.24112354331782],[-124.53407583795845,49.24554720067106],[-124.53158069225401,49.245560331318],[-124.53191417912747,49.2501467959232],[-124.52937139212985,49.25010567743081],[-124.52949424628122,49.25262510186126],[-124.5229813299604,49.2528266155783],[-124.5210422330108,49.25697646994198],[-124.55925437264067,49.25701476955962],[-124.55952606294908,49.262291805974755],[-124.5700779684525,49.262352802719676],[-124.57004582800153,49.27270528815464],[-124.58892027405474,49.27291337491625],[-124.58897962246424,49.28117766397003],[-124.59524388808558,49.2812922350246],[-124.59549438102394,49.2838027106157],[-124.60533827521579,49.28406883825183],[-124.60272636364047,49.26784432648215],[-124.61715558693508,49.267974265215116],[-124.61735764626636,49.271804758871475],[-124.62042037280546,49.27197331208787],[-124.6204194389751,49.27357927076745],[-124.64315522997082,49.272036795134255],[-124.6429271575934,49.27756918667082],[-124.64511773121411,49.27768726826007],[-124.6450731383434,49.28124113001657],[-124.6374189429478,49.28129270288034],[-124.63752697615304,49.28484143221172],[-124.65682979473088,49.28492180667236],[-124.66221790741247,49.28142903747614],[-124.64467758936752,49.249926973225094],[-124.64685194205813,49.248291509565014],[-124.64536119670767,49.24497662137815],[-124.64212154567413,49.24121117326014],[-124.63344612132093,49.23622607616547],[-124.63410206322642,49.22804106454692],[-124.63063617278544,49.2195085575402],[-124.63961754417133,49.2196194426773],[-124.64414771491766,49.224340437582825],[-124.64807972255825,49.224548695246874],[-124.65088298675023,49.226728534681605],[-124.65070899362885,49.22914190896446],[-124.65594577095048,49.235684866842035],[-124.65427598943906,49.23843465446213],[-124.65463917289692,49.243127859224295],[-124.65839773089291,49.24726822506249],[-124.65763506335222,49.23408724861546],[-124.67423772858078,49.23389255114323],[-124.67434791261599,49.2471568746893],[-124.67707409677826,49.249796772597854],[-124.67719766262054,49.25764016265335],[-124.68782031943996,49.25764585513795],[-124.68737863016574,49.28430101215386],[-124.68214876064225,49.284859465438565],[-124.68176096328678,49.299893712232574],[-124.6891390387422,49.30003864296995],[-124.68912310940222,49.30719945104115],[-124.69453745897661,49.30731451912557],[-124.69440712263868,49.321610505471924],[-124.68887481448563,49.32155687094075],[-124.68894709302755,49.31806626810936],[-124.68376830019537,49.31797096362816],[-124.68377150806519,49.3133729859128],[-124.67229329168242,49.313277917482814],[-124.67257727457265,49.299817867262824],[-124.66569708045279,49.299732042154794]]]},"bbox":[-124.69453745897661,49.208580115271225,-124.23627129994156,49.3528014780726]},{"id":"5921034","type":"Feature","properties":{},"geometry":{"type":"MultiPolygon","coordinates":[[[[-124.29156744072904,49.328222450642144],[-124.29358943023365,49.3281811624769],[-124.29468683701691,49.32905987192226],[-124.29226803201537,49.3292036698239],[-124.29156744072904,49.328222450642144]]],[[[-124.2915759248969,49.33119046299801],[-124.28484424900351,49.33169747008126],[-124.27504942108142,49.328053402423386],[-124.27553630010215,49.309395993826776],[-124.28774459971383,49.308479211011246],[-124.28781043587263,49.31436363094818],[-124.28495788005822,49.314786599410084],[-124.28497131704282,49.31825580139729],[-124.29265639491967,49.3243628011564],[-124.29057774696163,49.32670424994584],[-124.29135153386079,49.329430165341044],[-124.28901382622722,49.329501362513774],[-124.28672655078158,49.326774061433674],[-124.28653153827636,49.330958373459666],[-124.29253483843272,49.33046847535296],[-124.2915759248969,49.33119046299801]]],[[[-124.28577808745538,49.30691230970647],[-124.28397859472943,49.307503754828296],[-124.28153079761988,49.30404210024489],[-124.27390879090724,49.3002352017102],[-124.26725188997882,49.29936221105142],[-124.26727350507487,49.29792872346331],[-124.24431434794377,49.2986575570555],[-124.24514934921636,49.29568090428783],[-124.23374339392828,49.29571669732675],[-124.23411649145315,49.29342270449077],[-124.25527358906048,49.29299381528188],[-124.25380871330005,49.289726598896195],[-124.26130239875582,49.28957113111322],[-124.26138370433068,49.28719987624207],[-124.27157284915046,49.28686421290125],[-124.27125959822216,49.27676480708143],[-124.2618653346843,49.27673204319747],[-124.26194365768121,49.27317840412162],[-124.26690934380083,49.273148634093104],[-124.2665066692541,49.2677289956873],[-124.2688364994516,49.26759482184249],[-124.26920405664595,49.27097718029451],[-124.29195063744304,49.271141013950924],[-124.29764243227673,49.27766156403987],[-124.29517690071847,49.27933208549731],[-124.3001068095753,49.280716389390186],[-124.30354928665531,49.28362039485784],[-124.30741725097957,49.281879646584635],[-124.30713165540452,49.288262445117745],[-124.29622228285164,49.28753487781121],[-124.29625472011695,49.29053267453332],[-124.27978415347867,49.29164890349768],[-124.27983471919067,49.293322920410716],[-124.27467854624956,49.29336555094561],[-124.2745685751197,49.2966762727229],[-124.3016198064294,49.29702368286937],[-124.30153956204437,49.3087689788369],[-124.3070853072915,49.308953223792756],[-124.30709827722002,49.31488308556045],[-124.29985582437335,49.31391147292835],[-124.29993552593757,49.308752370516224],[-124.28577808745538,49.30691230970647]]],[[[-124.49580313176526,49.3647006546188],[-124.49473915913707,49.36501116281268],[-124.4996607452877,49.36653086581854],[-124.48616934113224,49.36906166775572],[-124.47586031511904,49.36320650688029],[-124.47591237048577,49.36048299401924],[-124.48155133173024,49.36138134089032],[-124.48153897328257,49.35923115118627],[-124.48685415722343,49.35913283901256],[-124.48685621709451,49.35580578584366],[-124.47854345826669,49.35569081403411],[-124.47756881835743,49.3533921754576],[-124.4830422304368,49.35159875363444],[-124.48243941832942,49.34532221866763],[-124.47630521706704,49.345257479101676],[-124.47603968531934,49.34273517498762],[-124.47341710247584,49.34131202595965],[-124.45617813822878,49.34122934210398],[-124.45087876788418,49.339392957896095],[-124.44315986344873,49.33927623093201],[-124.44440960149454,49.33751341295336],[-124.43982105374313,49.32601653378657],[-124.40995189634438,49.32591513935694],[-124.41000308389353,49.333688338620526],[-124.41438405337568,49.333874994145084],[-124.41449670579657,49.33554903894942],[-124.41005133558689,49.33553835544597],[-124.41001970306074,49.3393444777921],[-124.39922851327226,49.339139397184695],[-124.39879500321324,49.33246209311709],[-124.38196154089775,49.3335546715337],[-124.37890724620732,49.33599837342613],[-124.38764572674623,49.33549807070165],[-124.38792731493055,49.34037709506339],[-124.3834185588801,49.340190219138755],[-124.38780385321553,49.340866325056155],[-124.38775327659698,49.34689086209085],[-124.38131443972657,49.34725084174027],[-124.38180193012798,49.352040654158735],[-124.38437330879378,49.3530785273557],[-124.38438210021808,49.35459238016724],[-124.36425074240142,49.35362605816033],[-124.3605089490667,49.35224026238235],[-124.36056204625504,49.35021505099648],[-124.36358583026609,49.349037258729],[-124.36123083181958,49.34852596576383],[-124.35924665736533,49.349403262463575],[-124.35823084303749,49.350566859729554],[-124.35718772971217,49.35069646146852],[-124.35700104926921,49.35139147354841],[-124.35580144853442,49.35184577422077],[-124.35919714893267,49.34863987065525],[-124.35634303193815,49.348484661209135],[-124.35602642066074,49.35101546710484],[-124.35332503889138,49.34792635681417],[-124.35745105511297,49.34771556345403],[-124.35724273460902,49.34564906905936],[-124.3469609574582,49.3424626606779],[-124.34694261832448,49.34121914493366],[-124.35335938154081,49.33981441063796],[-124.3488984749921,49.33786621064373],[-124.34678429640616,49.333607501666926],[-124.34864041097144,49.333539689440755],[-124.34866198011213,49.331290316929035],[-124.34494663283242,49.32826105160293],[-124.3486211073483,49.32535889634518],[-124.34561283663074,49.322170278281426],[-124.34341008414205,49.32194076772773],[-124.34337658340687,49.318973768680124],[-124.34688895987343,49.318841174106026],[-124.34703173649869,49.31267613256128],[-124.35745630555685,49.3126236924589],[-124.35691571257418,49.31438250921124],[-124.3797475559369,49.31401107763626],[-124.3794864658678,49.32202250778084],[-124.37684564974673,49.32253237279603],[-124.37690287133893,49.3261462843529],[-124.38774533155907,49.32645205142094],[-124.38838596365665,49.31716510783233],[-124.41861868990924,49.31826164142995],[-124.4535999633224,49.3172116784672],[-124.45354931601051,49.322181130788714],[-124.47613598286667,49.32319222682879],[-124.4761544432734,49.32960042113727],[-124.46481286657419,49.33057898242327],[-124.46512156839323,49.33394060555682],[-124.53054184569486,49.333194003382616],[-124.53700741063601,49.32620006723859],[-124.54002497442187,49.325854901004476],[-124.54175183613268,49.342150240548214],[-124.53596077399904,49.34446370964501],[-124.5354888432408,49.35041571377088],[-124.53065771926434,49.35335940488385],[-124.53055682673407,49.35916718700315],[-124.53556968593603,49.35901761055519],[-124.53586104383223,49.375474340516604],[-124.52546554549586,49.37337986787662],[-124.51194113926184,49.36722436850954],[-124.49580313176526,49.3647006546188]]]]},"bbox":[-124.54175183613268,49.26759482184249,-124.23374339392828,49.375474340516604]},{"id":"5921036","type":"Feature","properties":{},"geometry":{"type":"MultiPolygon","coordinates":[[[[-124.74968915917971,49.45342186465801],[-124.74991063219588,49.4534090749133],[-124.75034495362429,49.453618362004754],[-124.74982764244035,49.45378787368312],[-124.74968915917971,49.45342186465801]]],[[[-124.74777052391049,49.45373796995607],[-124.7481954416196,49.45370525772474],[-124.74785442723494,49.4541695559464],[-124.74764432552789,49.4540826578435],[-124.74777052391049,49.45373796995607]]],[[[-124.74583984908139,49.45264276376655],[-124.74633954377542,49.452708267668115],[-124.74627422997688,49.4531939639713],[-124.7461509648435,49.453223868724756],[-124.74583984908139,49.45264276376655]]],[[[-124.61088113406404,49.398353361304885],[-124.61040893660132,49.39783775951168],[-124.61194311288759,49.3979182418575],[-124.6117360323392,49.39795455402138],[-124.61088113406404,49.398353361304885]]],[[[-124.92005022338559,49.429347569152505],[-124.91238544855257,49.42795379754952],[-124.90335082395848,49.432402787069776],[-124.85934462108436,49.43308701386847],[-124.85929180087766,49.42591180793625],[-124.85673494197896,49.42582020949678],[-124.85656044375148,49.41962318919049],[-124.82324564727782,49.4194306201303],[-124.8231406602879,49.404898154327185],[-124.73357320262915,49.404744250981516],[-124.7334542461927,49.439579452519],[-124.75675572734568,49.44062403605695],[-124.75666170281154,49.45566334136058],[-124.7507783385301,49.454925762699595],[-124.74978036168494,49.454400264826184],[-124.750663850738,49.45323666309066],[-124.74936074654245,49.45193357361419],[-124.74588563496835,49.45157177588941],[-124.74469784725707,49.455854348741504],[-124.73570724028627,49.45641266775821],[-124.72468444684989,49.465563267579626],[-124.7274574451123,49.46707855168056],[-124.73421332693255,49.4653310636204],[-124.73599762117432,49.46621266156611],[-124.72513004327492,49.46758987363104],[-124.72288925308455,49.4667139590035],[-124.71955935445355,49.459081662780484],[-124.70908454717298,49.45670037237712],[-124.7061053590354,49.45398296979626],[-124.69718784731302,49.45066885719737],[-124.68531933157033,49.44855817730033],[-124.67220652079598,49.43744076008175],[-124.665334649772,49.43536286095449],[-124.654571845001,49.425847775635276],[-124.64117932248858,49.42204365868699],[-124.63305463879138,49.40662375386003],[-124.62580073859395,49.402785471418255],[-124.61986599376841,49.402833722900624],[-124.62031598850773,49.39434735542312],[-124.60338113213105,49.39420037816612],[-124.57350323847707,49.38031006904992],[-124.53674134649144,49.37625386377983],[-124.53556968593603,49.35901761055519],[-124.53055682673407,49.35916718700315],[-124.53065771926434,49.35335940488385],[-124.5354888432408,49.35041571377088],[-124.53596077399904,49.34446370964501],[-124.54176585010964,49.342148618684185],[-124.54476182690507,49.34251826458486],[-124.54436472403576,49.34409145564747],[-124.56603189211988,49.346263892133734],[-124.56670352175773,49.351916688364916],[-124.57204454661579,49.3528014780726],[-124.57227345789984,49.334608223060485],[-124.56701408873103,49.334161311855816],[-124.5654808485037,49.331985780475726],[-124.56709655878426,49.330179928100954],[-124.5670377911145,49.326545727713764],[-124.57207433266275,49.32641196518604],[-124.572158197872,49.31883042884144],[-124.5832120951754,49.31833841172118],[-124.58359214050641,49.31145899510311],[-124.60986365332995,49.31234190079761],[-124.60952891628084,49.31951522202837],[-124.61493535998991,49.31988235451476],[-124.61470859515936,49.32685398629357],[-124.620095500945,49.32705855454567],[-124.62020781736419,49.33800534773783],[-124.63113712591739,49.33807702042471],[-124.63117654346665,49.33969823996244],[-124.63547683075913,49.33970777332662],[-124.63574666335094,49.336124127941844],[-124.63835053356382,49.3360852484043],[-124.63871334465738,49.330546127329924],[-124.6498903597202,49.33049651447557],[-124.65020341934708,49.3250547915626],[-124.65556058098524,49.325040004278854],[-124.65566647029299,49.32143736638982],[-124.66129405945725,49.32130090409525],[-124.66123789079704,49.315864693096145],[-124.65588952403654,49.315477900403906],[-124.65611724739276,49.30141481760032],[-124.66157383529404,49.30144246599621],[-124.6616428466812,49.299686951354694],[-124.67257727457265,49.299817867262824],[-124.67229329168242,49.313277917482814],[-124.68377150806519,49.3133729859128],[-124.68376830019537,49.31797096362816],[-124.68894709302755,49.31806626810936],[-124.68887481448563,49.32155687094075],[-124.69440712263868,49.321610505471924],[-124.69453745897661,49.30731451912557],[-124.68912310940222,49.30719945104115],[-124.6891390387422,49.30003864296995],[-124.68176096328678,49.299893712232574],[-124.68214876064225,49.284859465438565],[-124.68737863016574,49.28430101215386],[-124.68771813284371,49.26780692505944],[-124.69308871103947,49.26794491799702],[-124.69308274568054,49.274822440134756],[-124.69844012232159,49.2750161272721],[-124.69835469762636,49.28216950547606],[-124.70529235106473,49.282174080910664],[-124.70545371091238,49.27885108125204],[-124.71473399198884,49.27882297627639],[-124.715015561792,49.27516096759798],[-124.74749300814203,49.27551340617727],[-124.74726258232747,49.289697724300105],[-124.75334548509092,49.289710306796955],[-124.75322533528998,49.300957438759404],[-124.75914445149081,49.30098638223365],[-124.75912088165299,49.294035657963306],[-124.76495218573416,49.29387983544045],[-124.76504393292095,49.290425133650075],[-124.7707016054659,49.29044929090505],[-124.77181615339416,49.29831104430702],[-124.77428372782423,49.29868704786406],[-124.77406874438341,49.31642940745763],[-124.78372888027874,49.31645138089411],[-124.78389194447914,49.32545619879216],[-124.79461905061478,49.325438309624616],[-124.79480778667593,49.322157239305525],[-124.80059060661154,49.32212358230431],[-124.80167258386165,49.32718037025579],[-124.80932973154357,49.32794850204591],[-124.81006883940823,49.33026035847824],[-124.81491935954611,49.33025520087356],[-124.81586796951137,49.333947291093466],[-124.82142169811719,49.334695117006106],[-124.82207782856624,49.33965446796165],[-124.82593905936977,49.340618016050534],[-124.82777017012437,49.34486819056182],[-124.83485738275097,49.34681746310491],[-124.83752951954745,49.35022558321296],[-124.86354238143178,49.35939171564692],[-124.86940806658893,49.36774539540068],[-124.86938204021088,49.37361982866535],[-124.87271494501582,49.37782683650294],[-124.89991918423262,49.37953775770661],[-124.90054631777623,49.3871614638044],[-124.90384343797288,49.389327564556744],[-124.9095861574621,49.38909322020774],[-124.9232229272483,49.39442323570922],[-124.92416437066532,49.3990031741265],[-124.92947107102086,49.4012224142095],[-124.92766939254638,49.404270214494645],[-124.92954694791794,49.40959690563736],[-124.94110236674894,49.41605907196518],[-124.9420744733422,49.419715169987875],[-124.94738253671679,49.42065576819866],[-124.95339618846727,49.427178942903595],[-124.96588025305049,49.42671767650562],[-124.96799534344709,49.428485346867404],[-124.96813235801513,49.43338667857148],[-124.94846486245513,49.433345497483835],[-124.9466833128538,49.43130979327654],[-124.92005022338559,49.429347569152505]]]]},"bbox":[-124.96813235801513,49.26780692505944,-124.53055682673407,49.46758987363104]},{"id":"5921804","type":"Feature","properties":{},"geometry":{"type":"Polygon","coordinates":[[[-123.92739142998407,49.15539035467773],[-123.92830234461468,49.15132564941252],[-123.92649945451707,49.14656306960172],[-123.930909637891,49.14684663100336],[-123.93036367638626,49.15528069991894],[-123.92739142998407,49.15539035467773]]]},"bbox":[-123.930909637891,49.14656306960172,-123.92649945451707,49.15539035467773]},{"id":"5921805","type":"Feature","properties":{},"geometry":{"type":"Polygon","coordinates":[[[-124.125426545607,49.2542717568836],[-124.1221332312553,49.2539453191542],[-124.12285310190204,49.252450682625486],[-124.11279299520666,49.253671702487665],[-124.11292780520722,49.248816077059764],[-124.13168296856658,49.24891072624267],[-124.13205168945439,49.252507302095516],[-124.12939501718122,49.254737462473464],[-124.12599834081009,49.253969852211675],[-124.12631410258355,49.25637466809927],[-124.125426545607,49.2542717568836]]]},"bbox":[-124.13205168945439,49.248816077059764,-124.11279299520666,49.25637466809927]},{"id":"5921806","type":"Feature","properties":{},"geometry":{"type":"Polygon","coordinates":[[[-124.61043165338617,49.39857555606776],[-124.61194311288759,49.3979182418575],[-124.60616903775113,49.398031478054804],[-124.60338113213105,49.39420037816612],[-124.62031598850773,49.39434735542312],[-124.61986599376841,49.402833722900624],[-124.6113795629287,49.401405470672],[-124.61043165338617,49.39857555606776]]]},"bbox":[-124.62031598850773,49.39420037816612,-124.60338113213105,49.402833722900624]},{"id":"5921807","type":"Feature","properties":{},"geometry":{"type":"MultiPolygon","coordinates":[[[[-123.8887005176565,49.12687355616744],[-123.88494901513609,49.120967193688585],[-123.87952901163011,49.11924238769101],[-123.88062970697231,49.11525888630946],[-123.87934869394721,49.11379590271429],[-123.88918374155638,49.11470739596225],[-123.88921502385304,49.12425238169585],[-123.89076911606456,49.12439619371865],[-123.8887005176565,49.12687355616744]]],[[[-123.89356689044621,49.13291646128008],[-123.87855235781373,49.13339838927176],[-123.87810860859597,49.126501898121475],[-123.86373164004823,49.12674892816262],[-123.86404479046571,49.119378200042306],[-123.87788978998658,49.11959473706066],[-123.87798163505482,49.12294817464602],[-123.88566545042869,49.12310593677596],[-123.89356689044621,49.13291646128008]]]]},"bbox":[-123.89356689044621,49.11379590271429,-123.86373164004823,49.13339838927176]}],"bbox":[-124.96813235801513,48.98126711054502,-123.64911804123092,49.46758987363104]}