{"type":"FeatureCollection","features":[{"id":"5923008","type":"Feature","properties":{},"geometry":{"type":"Polygon","coordinates":[[[-124.83938451583305,49.273354510950796],[-124.82822071208605,49.2732251948985],[-124.82844569872871,49.27079075308667],[-124.8269279724018,49.26949389283589],[-124.82833567763645,49.26945670601879],[-124.82852602187266,49.260999091279174],[-124.82261384993069,49.26017539256941],[-124.82266876161962,49.26939967223012],[-124.82560120663199,49.26946492184258],[-124.82568573240903,49.27363622046975],[-124.82267019624847,49.27364839190694],[-124.82266985536462,49.27512430628339],[-124.82001877587042,49.275235159632786],[-124.81981517779023,49.27209801181625],[-124.81717821112268,49.272110674798505],[-124.8171249389632,49.270597982169434],[-124.81373980410343,49.26914262408163],[-124.80098639009198,49.26960356662105],[-124.80172614979588,49.271088856260526],[-124.79995027464027,49.27445513931016],[-124.7863385838519,49.27339678779812],[-124.78608217102469,49.27092169466065],[-124.78290057955415,49.27068144982312],[-124.78297194899952,49.268452916234],[-124.7790716079092,49.269001475865345],[-124.78086150320524,49.2660715367701],[-124.7829071199889,49.266131823961835],[-124.78360575590406,49.258419308421665],[-124.77787421827904,49.25892639961029],[-124.77707861363635,49.26541257004688],[-124.77657037354663,49.258152812809534],[-124.7737913971368,49.259202655732885],[-124.78130743386176,49.25043616014858],[-124.78065292293824,49.24536276105604],[-124.76130054943876,49.24571833488805],[-124.76222068915605,49.23825102917891],[-124.78311570104161,49.23826723712641],[-124.78279214439611,49.23497760032658],[-124.78060189872153,49.23433862763326],[-124.782870405736,49.23428692954793],[-124.78346490024637,49.215434845835404],[-124.79311338218211,49.215355243226384],[-124.79306408798695,49.21086943436295],[-124.8051247328831,49.21093276843237],[-124.80480431821957,49.218268950026825],[-124.81575795045651,49.21825628923879],[-124.81642995494508,49.21849277142379],[-124.81231254013842,49.22231825813879],[-124.81409092055301,49.224332065416505],[-124.81231803384375,49.227320075561074],[-124.81292832360405,49.231997164063564],[-124.81643486098828,49.23508197071925],[-124.81288733759892,49.23534405705826],[-124.81198213163565,49.236906372831925],[-124.81550115277147,49.23699465903492],[-124.81546852310203,49.23946856347023],[-124.81196025293119,49.24117906960426],[-124.81238813969263,49.24423106507283],[-124.80940134474787,49.24446756052539],[-124.81897135496415,49.24579206386629],[-124.81248115155657,49.250000062658536],[-124.8197164616102,49.24884836795931],[-124.8186550459943,49.248019454582625],[-124.8217518644108,49.24621316577885],[-124.8194071126798,49.24939402717747],[-124.8262839744165,49.25128223879474],[-124.82396444761383,49.2511826656795],[-124.82374383639417,49.25301276788779],[-124.83404361004598,49.255915641744885],[-124.83161027394225,49.2610629707591],[-124.84962181099948,49.26806800713014],[-124.85280109734586,49.267951288664534],[-124.85311892167417,49.269248107666286],[-124.85035347890326,49.269195695413764],[-124.85032398773117,49.27370940977447],[-124.83938451583305,49.273354510950796]]]},"bbox":[-124.85311892167417,49.21086943436295,-124.76130054943876,49.275235159632786]},{"id":"5923019","type":"Feature","properties":{},"geometry":{"type":"MultiPolygon","coordinates":[[[[-125.54482804650866,48.92397347073347],[-125.54516085532917,48.923795366597595],[-125.54545104767423,48.92386944996339],[-125.54491473786443,48.92458295674766],[-125.54482804650866,48.92397347073347]]],[[[-125.59415154237726,48.95546975805343],[-125.5929538365591,48.955811658012756],[-125.59234245914345,48.95537576734509],[-125.59256493828912,48.955172173336805],[-125.59415154237726,48.95546975805343]]],[[[-125.59036323843495,48.95328797749908],[-125.5913851346381,48.95351725690137],[-125.59182804475094,48.95412816582029],[-125.58992384822245,48.95401715862281],[-125.59036323843495,48.95328797749908]]],[[[-125.54520845833764,48.92687166090683],[-125.545583338014,48.928095062083415],[-125.54424094790568,48.92825177759682],[-125.54472525189908,48.92731315285748],[-125.54520845833764,48.92687166090683]]],[[[-125.5340907446043,48.92330976607231],[-125.53297045974836,48.923550471302484],[-125.53239613691244,48.92247516632935],[-125.53381875557528,48.92250646256458],[-125.5340907446043,48.92330976607231]]],[[[-125.52486263771746,48.923855256093404],[-125.5235512458783,48.92410877394235],[-125.52241705947814,48.92275715664376],[-125.52610663679336,48.92226156471612],[-125.52486263771746,48.923855256093404]]],[[[-125.58353035753001,48.96156976311018],[-125.57151814584617,48.95872985450298],[-125.56605824203308,48.95406555388796],[-125.572306437985,48.950947972592964],[-125.5764186479338,48.95124275847248],[-125.57301203796138,48.94769367944753],[-125.57000915065818,48.948516862495715],[-125.56971255134165,48.950439447873315],[-125.56269315990232,48.94729346793615],[-125.56343814730623,48.95035406758524],[-125.56079772926256,48.95084396195147],[-125.5552721472899,48.949347152503016],[-125.55719035237757,48.94842287578889],[-125.55623944085367,48.947158176630204],[-125.55533962776289,48.94829326549828],[-125.551921238724,48.94738886177492],[-125.55586523511784,48.94677927206621],[-125.55495543371856,48.94502745695822],[-125.54929403333279,48.94677216267847],[-125.53727943893101,48.93827385348024],[-125.53542722589056,48.93461656292893],[-125.5289782389878,48.9326269781666],[-125.5270043616867,48.9289894596075],[-125.52844345725227,48.92827455877481],[-125.53427374842839,48.93096347037539],[-125.53551385971953,48.93413796600422],[-125.5377587458804,48.93292887111738],[-125.53432874712323,48.930160167863086],[-125.53673903675688,48.92924446754615],[-125.53578514313509,48.92790705761821],[-125.53191235369934,48.92856797320324],[-125.53057253920775,48.92581635595893],[-125.5256924380361,48.92597726642138],[-125.52874113315193,48.92441775928066],[-125.52860094967342,48.922188862520976],[-125.53414765799988,48.92442487037832],[-125.53778586067617,48.921340072349324],[-125.54189614920429,48.92079887684003],[-125.54322745831179,48.92201226507479],[-125.54200474052581,48.92319865887261],[-125.54365055741003,48.924988861064534],[-125.54329334114267,48.927335975894074],[-125.53894264135587,48.92880856839557],[-125.54327454965058,48.92993656235105],[-125.54140065240969,48.93148894845084],[-125.54110813114092,48.934582372252585],[-125.54907325163661,48.9325072645653],[-125.54856184044408,48.9310702717737],[-125.5508820394107,48.930524776879],[-125.5508493574373,48.93361956393886],[-125.55355974754185,48.9332094586741],[-125.55251825315415,48.937145951759554],[-125.55958733318687,48.936799863871784],[-125.56247703754225,48.93934497117901],[-125.569410942946,48.93820987839859],[-125.57304095056534,48.94027067227596],[-125.57161283217609,48.941175068918525],[-125.57421286082264,48.94181026045069],[-125.57358522483469,48.943443758709336],[-125.57659295380462,48.9450673586238],[-125.5765879243561,48.946569960206524],[-125.58472244037296,48.947242167889044],[-125.58400092726859,48.95070436126492],[-125.58635163479956,48.94887005662504],[-125.58795253011421,48.949751571680736],[-125.58707943376494,48.95186795460353],[-125.5887771572136,48.9564097557312],[-125.59503024072434,48.958751748220116],[-125.58991460175103,48.961796987233946],[-125.59143092796579,48.96239470746523],[-125.59028237878633,48.96358203939193],[-125.58353035753001,48.96156976311018]]]]},"bbox":[-125.59503024072434,48.92079887684003,-125.52241705947814,48.96358203939193]},{"id":"5923025","type":"Feature","properties":{},"geometry":{"type":"MultiPolygon","coordinates":[[[[-125.9056727592622,49.1221777578019],[-125.90576674694665,49.12213075666121],[-125.90587492968476,49.12211086254971],[-125.90586894278796,49.122227664992735],[-125.9056727592622,49.1221777578019]]],[[[-125.8747554882384,49.15422560137108],[-125.8750085285992,49.15438206069292],[-125.8750802179203,49.1545884393329],[-125.8747554882384,49.15422560137108]]],[[[-125.90237643709293,49.15960887453228],[-125.90249604626177,49.15953335602198],[-125.90285443582084,49.15956896187676],[-125.90274874268181,49.159634468657885],[-125.90237643709293,49.15960887453228]]],[[[-125.8549430341279,49.11553666673545],[-125.85510515661689,49.115496863664596],[-125.855156845028,49.115711859159966],[-125.8549417268928,49.11576176536526],[-125.8549430341279,49.11553666673545]]],[[[-125.90023532148827,49.12225185972611],[-125.90038102962848,49.12216786403902],[-125.90059595234294,49.122333053744846],[-125.90032704603833,49.12239425535329],[-125.90023532148827,49.12225185972611]]],[[[-125.87831033594769,49.10667345342993],[-125.87851834266331,49.10658417394121],[-125.87874126245426,49.10663256749994],[-125.8786694423343,49.10679635109606],[-125.87831033594769,49.10667345342993]]],[[[-125.89775434118933,49.122268961356234],[-125.89807863723468,49.12217205939849],[-125.89823714530128,49.12230317469791],[-125.8979011620159,49.122409972386016],[-125.89775434118933,49.122268961356234]]],[[[-125.85361772467988,49.11539856396498],[-125.85377995543094,49.11535015101699],[-125.85393562745469,49.11568766762891],[-125.85360583512582,49.11566916381781],[-125.85361772467988,49.11539856396498]]],[[[-125.87623112844956,49.107064067345185],[-125.87573674765257,49.10703984941407],[-125.87563144526051,49.10666385883203],[-125.87628412428282,49.10681055908629],[-125.87623112844956,49.107064067345185]]],[[[-125.90617115023588,49.12319187569615],[-125.90662645342577,49.12322456289177],[-125.90674072918917,49.12354646726425],[-125.90620405359077,49.123532264756825],[-125.90617115023588,49.12319187569615]]],[[[-125.90502834055562,49.12285995186272],[-125.90515534684334,49.12247975635178],[-125.90615773562098,49.12248966576485],[-125.90542885345182,49.122939749842004],[-125.90502834055562,49.12285995186272]]],[[[-125.90494884176556,49.126451860322014],[-125.90590364999196,49.12634785994898],[-125.90614425492419,49.12647605106821],[-125.905048862323,49.12675517209658],[-125.90494884176556,49.126451860322014]]],[[[-125.89317865516175,49.15290226098605],[-125.89389506197828,49.15248926636192],[-125.8943430456992,49.152882355085936],[-125.89339434585722,49.15330245726945],[-125.89317865516175,49.15290226098605]]],[[[-125.90296623107608,49.12795016875108],[-125.90424912399631,49.12688336163922],[-125.90499016024245,49.12712546683448],[-125.90382813278106,49.12812677090792],[-125.90296623107608,49.12795016875108]]],[[[-125.89854486303662,49.15786846042964],[-125.89956235298911,49.157681859044466],[-125.90042443658336,49.158821269515926],[-125.89900334915397,49.158675971302245],[-125.89854486303662,49.15786846042964]]],[[[-125.88389864199358,49.15229835854022],[-125.88592076688278,49.15240946704637],[-125.88749565271605,49.15470956874491],[-125.88644323813206,49.154997255892006],[-125.88389864199358,49.15229835854022]]],[[[-125.89911734579547,49.161336454187854],[-125.90080483708198,49.16016005432434],[-125.90227874542884,49.16215677786531],[-125.89990474982389,49.162612548473454],[-125.89911734579547,49.161336454187854]]],[[[-125.8850404267508,49.15589596840646],[-125.88892454902104,49.156652150764494],[-125.8898287488967,49.15945506065802],[-125.88601413666512,49.15826435844109],[-125.8850404267508,49.15589596840646]]],[[[-125.89730305555798,49.16505365158245],[-125.89353124317147,49.1629429781373],[-125.89205312606009,49.16019986099606],[-125.89431853971726,49.159271369805694],[-125.89741904706865,49.161145555970315],[-125.89857584259896,49.163338851730714],[-125.89730305555798,49.16505365158245]]],[[[-125.92129243489212,49.15539747421561],[-125.9179443396888,49.15442045972323],[-125.91752395829202,49.151956572299994],[-125.92311895646466,49.151697368199954],[-125.92368524065004,49.15339358127666],[-125.92129243489212,49.15539747421561]]],[[[-125.88054065941535,49.160137260508534],[-125.87701615764769,49.15684305574501],[-125.87815452604093,49.15377245902729],[-125.88190675502581,49.155065661235575],[-125.88206062027469,49.15889386089558],[-125.88054065941535,49.160137260508534]]],[[[-125.91120115035967,49.15326155396282],[-125.90664106253716,49.154642659561155],[-125.89615295247553,49.150525252213484],[-125.88977323424709,49.150495357332744],[-125.89087072133655,49.147642664026584],[-125.88933765295118,49.14627826967984],[-125.88700993733848,49.135504164125386],[-125.88962255894769,49.13421515783291],[-125.88711606710021,49.13002236953358],[-125.88467095672311,49.13066745636472],[-125.88355244828473,49.12720525451846],[-125.88470223785463,49.123406879952555],[-125.88774004212878,49.12450067247248],[-125.88772905160174,49.123096360073056],[-125.88570773995468,49.118504773190665],[-125.88234055723102,49.11835526355478],[-125.8775836387116,49.114334664478775],[-125.87912246532329,49.11319956505221],[-125.873943333726,49.11254586560506],[-125.8744704561154,49.114287667554194],[-125.86738934640326,49.114625160797274],[-125.86711492953735,49.115793061484],[-125.87537233081873,49.12086896799122],[-125.87044073319578,49.12092877446698],[-125.87164314436941,49.12324596099624],[-125.86363395095037,49.124831074999555],[-125.86162094190405,49.12323455378672],[-125.85363295544154,49.12352225803471],[-125.85282674340932,49.11998875891475],[-125.84970483401287,49.11958005953584],[-125.84964974597861,49.11814157714137],[-125.8535453531069,49.11602096876129],[-125.85856415187561,49.11653506417703],[-125.86180253823116,49.11517777795897],[-125.86165665585123,49.111681370975624],[-125.86314684161285,49.11138367148678],[-125.86061453910911,49.11025006563594],[-125.86204734066983,49.10683197064257],[-125.85290084271422,49.10146126875801],[-125.8566769546154,49.10088306346027],[-125.8577895428734,49.10235707585887],[-125.85952154163746,49.10125326692863],[-125.85474576013793,49.10016516539994],[-125.85683375432536,49.09884497400609],[-125.85280202546565,49.099035861956516],[-125.85383053372408,49.09737235857726],[-125.84825218186621,49.096591978318756],[-125.84836675320574,49.09377754917868],[-125.85543494768498,49.09391866412034],[-125.85544100074613,49.09547540306613],[-125.85894385106548,49.095517996264704],[-125.85897070360527,49.09742353773793],[-125.87352537869182,49.098169575873094],[-125.87225025351201,49.10292535047579],[-125.87394683986408,49.106661071897236],[-125.87572444668274,49.10752555019118],[-125.88086093052297,49.1067863672297],[-125.87890953303892,49.10881446357562],[-125.88319815639656,49.110245760260256],[-125.88222865390114,49.111466368895705],[-125.88328233116597,49.11214137014118],[-125.8918861670864,49.11281646439012],[-125.89344275798074,49.11859876855508],[-125.89647813687274,49.12247256217831],[-125.90552895815011,49.12368456936059],[-125.90648414768935,49.125019075900994],[-125.90256772419589,49.12674665868089],[-125.90158043164676,49.13015710167322],[-125.8959942464657,49.12878734048975],[-125.89457412571944,49.13204099442135],[-125.90294906583246,49.132033656011316],[-125.90601344969627,49.13478346197963],[-125.90959214301306,49.13338067684489],[-125.90869774788817,49.13683006242921],[-125.91098124992747,49.13814885339062],[-125.91312385392722,49.137258753146895],[-125.91501925398173,49.13919855565275],[-125.9148337533609,49.142803175023154],[-125.91278344397962,49.14409636869802],[-125.91545734946838,49.147591352409],[-125.91046653708614,49.149696356041375],[-125.91054293171486,49.1519437701363],[-125.91334866924554,49.15278116948628],[-125.91120115035967,49.15326155396282]]]]},"bbox":[-125.92368524065004,49.09377754917868,-125.84825218186621,49.16505365158245]},{"id":"5923033","type":"Feature","properties":{},"geometry":{"type":"Polygon","coordinates":[[[-124.96812333164165,49.43117868992188],[-124.96799534344709,49.428485346867404],[-124.96588025305049,49.42671767650562],[-124.95339618846727,49.427178942903595],[-124.94738253671679,49.42065576819866],[-124.9420744733422,49.419715169987875],[-124.94110236674894,49.41605907196518],[-124.92954694791794,49.40959690563736],[-124.92766939254638,49.404270214494645],[-124.92947107102086,49.4012224142095],[-124.92416437066532,49.3990031741265],[-124.9232229272483,49.39442323570922],[-124.9095861574621,49.38909322020774],[-124.90384343797288,49.389327564556744],[-124.90054631777623,49.3871614638044],[-124.89991918423262,49.37953775770661],[-124.87271494501582,49.37782683650294],[-124.86938204021088,49.37361982866535],[-124.86940806658893,49.36774539540068],[-124.86354238143178,49.35939171564692],[-124.83752951954745,49.35022558321296],[-124.83485738275097,49.34681746310491],[-124.82777017012437,49.34486819056182],[-124.82593905936977,49.340618016050534],[-124.82207782856624,49.33965446796165],[-124.82142169811719,49.334695117006106],[-124.81586796951137,49.333947291093466],[-124.81491935954611,49.33025520087356],[-124.81006883940823,49.33026035847824],[-124.80932973154357,49.32794850204591],[-124.80167258386165,49.32718037025579],[-124.80059060661154,49.32212358230431],[-124.79480778667593,49.322157239305525],[-124.79461905061478,49.325438309624616],[-124.78389194447914,49.32545619879216],[-124.78372888027874,49.31645138089411],[-124.77406874438341,49.31642940745763],[-124.77428372782423,49.29868704786406],[-124.80011592420608,49.30790370995381],[-124.80022420289333,49.30057120977475],[-124.80568790306401,49.300587698368616],[-124.80568677087527,49.298250473437],[-124.81158223597733,49.296769121923745],[-124.811158813388,49.29271469003932],[-124.8001818754096,49.294208953802375],[-124.80260599325264,49.29292974173074],[-124.80249952664273,49.28351984040378],[-124.82354953764222,49.283918121735965],[-124.82785346860942,49.289000213512175],[-124.8295534410832,49.288902562192604],[-124.83003456849296,49.29672928716398],[-124.83518228245204,49.29628249255299],[-124.83543322757338,49.302935769958275],[-124.84425242464958,49.30305040860132],[-124.84469292575066,49.31153363898165],[-124.85784014661745,49.31144397252508],[-124.85845612646203,49.32212577848755],[-124.88256576205536,49.322443778802985],[-124.88339173786922,49.3323368592499],[-124.90909450017537,49.33279681725979],[-124.90882213607183,49.32866118247356],[-124.91342645617149,49.32886301694484],[-124.92411280837104,49.33510129092944],[-124.92682930233923,49.34000768712385],[-124.93414449634633,49.33736580205641],[-124.93572569504413,49.339430887296736],[-124.93384938199499,49.34178800400917],[-124.93466449660448,49.343357386348146],[-124.94214661543133,49.34557489482261],[-124.94614888094073,49.348823597983824],[-124.95271890416419,49.34938749977194],[-124.95283601406773,49.35661109129666],[-124.94965109301704,49.359513713358595],[-124.9511432065751,49.360993390195794],[-124.9636734148151,49.361310997757315],[-124.97111651547822,49.366272997234326],[-124.97783850190798,49.36214379673492],[-124.98134889440684,49.362289610332006],[-124.97954928281705,49.36906730047147],[-124.99289660983979,49.372377092537796],[-124.99239290770036,49.37724369779568],[-124.98589060071365,49.38368818546002],[-124.99615931744609,49.38569780518139],[-124.99983851023728,49.3837194906441],[-125.00542014854294,49.385196934235886],[-125.00521547060902,49.403200782839505],[-125.00024512501571,49.40338678219788],[-125.00013904284121,49.42399382030504],[-124.98213391720373,49.42560364905762],[-124.98133465689338,49.43370841995044],[-124.96813191748545,49.43341163808211],[-124.96812333164165,49.43117868992188]]]},"bbox":[-125.00542014854294,49.28351984040378,-124.77406874438341,49.43370841995044]},{"id":"5923035","type":"Feature","properties":{},"geometry":{"type":"MultiPolygon","coordinates":[[[[-124.82498004425243,49.228389675261916],[-124.82515005474987,49.22817026991414],[-124.82533182311445,49.22822156286492],[-124.82507882094319,49.22847796445307],[-124.82498004425243,49.228389675261916]]],[[[-124.82611565357962,49.24166756506908],[-124.82649683890983,49.241949556955966],[-124.82599572874724,49.24212756396379],[-124.82592053915427,49.24196666464053],[-124.82611565357962,49.24166756506908]]],[[[-124.82546565304091,49.2277971700302],[-124.82614936137506,49.227668967435434],[-124.82645194291852,49.22806066783008],[-124.8256669258385,49.22802785693802],[-124.82546565304091,49.2277971700302]]],[[[-124.82553563309806,49.240848677807385],[-124.8257027409125,49.240162152596625],[-124.82545803788592,49.239833154691915],[-124.8262086373636,49.24045977133931],[-124.82553563309806,49.240848677807385]]],[[[-124.83412884828147,49.23732084686358],[-124.83329842962046,49.23752305817761],[-124.83277803578825,49.23717127021437],[-124.83369364392517,49.23667136638768],[-124.83412884828147,49.23732084686358]]],[[[-124.83542425902652,49.250362365350114],[-124.8262839744165,49.25128223879474],[-124.8194071126798,49.24939402717747],[-124.82333853532269,49.24534488025443],[-124.82626583528423,49.24536195888258],[-124.82792703816736,49.248708851097625],[-124.83631075502512,49.243547457709816],[-124.83722075176416,49.246232157170304],[-124.83469294568303,49.2466137548332],[-124.83456495414681,49.248315761763315],[-124.83697062377959,49.24726186113743],[-124.83809804115641,49.248754378574496],[-124.83542425902652,49.250362365350114]]],[[[-125.33101111514507,49.567382857310136],[-125.23395370704515,49.49103256523671],[-125.21998234897104,49.49047762373183],[-125.19836037127371,49.49450898347424],[-125.18731745379955,49.49019883258373],[-125.17664455141313,49.491909766995434],[-125.16884152355286,49.49052773888394],[-125.1666151485446,49.4917152017087],[-125.16651427024298,49.49721049245839],[-125.170886866038,49.49737565568965],[-125.17103903269154,49.500490363800814],[-125.17346804334414,49.50052349512123],[-125.17319892026508,49.51015106277166],[-125.16174429648935,49.50984474908656],[-125.16162554957663,49.508108937874],[-125.14103277035305,49.50493871878798],[-125.14106606354373,49.50337700441853],[-125.1341791899151,49.50335402277612],[-125.13412585323296,49.51034150102693],[-125.12877300894083,49.51037189324654],[-125.12860063549392,49.51197503578593],[-125.1411649070873,49.511690748322],[-125.14175125168839,49.521761770102465],[-125.14905438689883,49.52165626004937],[-125.1491473315735,49.52879320831695],[-125.14322536123082,49.52890472754412],[-125.14053833932269,49.5288742501917],[-125.14045729921722,49.52539146212669],[-125.13682911750351,49.52509154114783],[-125.13653320646289,49.521936790193934],[-125.13099602811452,49.52202601285208],[-125.13089010594223,49.51853633857817],[-125.12625267413108,49.518575025831005],[-125.12631342124783,49.51516149839931],[-125.10850948901076,49.514790351669774],[-125.10717847794298,49.504011542598796],[-125.10230915456351,49.5039707327209],[-125.1021169706757,49.50230738835149],[-125.09279889077011,49.502213015727015],[-125.0931589300419,49.49343108540499],[-125.08280287717315,49.491540406060075],[-125.08274048656978,49.48808172539378],[-125.07795217552774,49.48799840194569],[-125.07772936368387,49.48459999473389],[-125.07457410220616,49.48418189327798],[-125.07457193457843,49.48115367163372],[-125.07185541935513,49.480989068793605],[-125.07201964613968,49.47911719994947],[-125.06893533877711,49.47902104245011],[-125.06905560579196,49.47758345839169],[-125.0527218565619,49.477617656549256],[-125.05264977235771,49.481513710391184],[-125.0457728272349,49.48181747655945],[-125.04563827359263,49.483594672390254],[-125.04278143512128,49.48374110188677],[-125.04254275287903,49.48528046611422],[-125.03705844244251,49.48534917157805],[-125.0368656779477,49.48694054030355],[-125.03491868538217,49.48703035804839],[-125.03501686715121,49.49051732351251],[-125.03696025871476,49.49064993206004],[-125.03674738733672,49.493906894992904],[-125.02568402339503,49.49393801044428],[-125.02572276343784,49.492516520398105],[-125.02250708065392,49.49237605604244],[-125.02213381568579,49.486819533800166],[-125.01998975385499,49.486563206361446],[-125.01987274572986,49.4815432582666],[-125.02463059626591,49.481338282615454],[-125.02434003875088,49.47624306370623],[-125.02201319561654,49.47626360508548],[-125.02175226792276,49.47242338844674],[-125.01607354702519,49.47238889869767],[-125.01612236937328,49.47061224223112],[-125.0132887624433,49.47054052676508],[-125.01315766272974,49.46721428775188],[-125.01574186587902,49.46685918562334],[-125.01572008219773,49.46475755033706],[-125.01033442962562,49.46310369826589],[-125.00985553510844,49.459135330995984],[-124.99518864310018,49.457097203171216],[-124.99515828235056,49.45530021913764],[-125.00061929209656,49.45324642160383],[-124.99152559450738,49.45323134906148],[-124.99125682018598,49.45191654044433],[-124.98242082040288,49.45321002011092],[-124.98215138447954,49.445624671507844],[-124.97532993170513,49.445651798674625],[-124.97533163735392,49.44250317266124],[-124.97094173034489,49.44249817642293],[-124.97083560759907,49.43351325947914],[-124.98133465689338,49.43370841995044],[-124.98213391720373,49.42560364905762],[-125.00013904284121,49.42399382030504],[-125.00024512501571,49.40338678219788],[-125.00521547060902,49.403200782839505],[-125.00542014854294,49.385196934235886],[-124.99983851023728,49.3837194906441],[-124.99615931744609,49.38569780518139],[-124.98589060071365,49.38368818546002],[-124.99239290770036,49.37724369779568],[-124.99289660983979,49.372377092537796],[-124.97954928281705,49.36906730047147],[-124.98134889440684,49.362289610332006],[-124.97783850190798,49.36214379673492],[-124.97111651547822,49.366272997234326],[-124.96438292153061,49.36150330247125],[-124.95023521918365,49.360540502662175],[-124.94983980449038,49.359033711264885],[-124.95283601406773,49.35661109129666],[-124.95271890416419,49.34938749977194],[-124.94614888094073,49.348823597983824],[-124.94214661543133,49.34557489482261],[-124.93466449660448,49.343357386348146],[-124.93384938199499,49.34178800400917],[-124.93572569504413,49.339430887296736],[-124.93414449634633,49.33736580205641],[-124.92682930233923,49.34000768712385],[-124.92411280837104,49.33510129092944],[-124.91473349903308,49.33065351038766],[-124.91046163979023,49.32662953804128],[-124.91215682542555,49.32500420874085],[-124.9040845027072,49.32059253580813],[-124.89741869388516,49.312767020311604],[-124.89396439360316,49.31140630629856],[-124.8941124118519,49.30893149909227],[-124.89896352389317,49.30944130218457],[-124.90053040863322,49.30799568534161],[-124.894696809789,49.30389690488632],[-124.8926759166704,49.298887906836],[-124.8891289560928,49.29753172927242],[-124.90562697684625,49.297335726441354],[-124.90521011684748,49.29011946032094],[-124.89269892147435,49.28939990582985],[-124.89182419112618,49.29190929342018],[-124.88926560188123,49.29062178922271],[-124.88366449791312,49.29118300108633],[-124.88213320636358,49.29371090694662],[-124.87330438195224,49.29613069293079],[-124.87021008819163,49.29399291181642],[-124.86655579197746,49.283707307547886],[-124.85544118750617,49.2791355900217],[-124.86991203166967,49.278717402550086],[-124.86838593447014,49.28291120887558],[-124.87770557512026,49.282879190487044],[-124.87727725745141,49.27789713209161],[-124.88724463788976,49.278098119834105],[-124.88730917867409,49.26471166330954],[-124.85899645393953,49.26430064918723],[-124.85592769853578,49.26292728611],[-124.84254970590442,49.26308114472127],[-124.84290912111557,49.264526098963316],[-124.84111060293745,49.264376777972316],[-124.83161027394225,49.2610629707591],[-124.83404361004598,49.255915641744885],[-124.82661277572747,49.25404927306223],[-124.83848775661612,49.252220971424194],[-124.8398234293814,49.24785426189704],[-124.83686812236793,49.237826462874736],[-124.83929484290704,49.23361367471028],[-124.838167545687,49.228801259327746],[-124.82817913720123,49.215689969988524],[-124.82664784306994,49.19837867006358],[-124.82331795602039,49.18958847099364],[-124.82439616235365,49.18752056538955],[-124.8230737633026,49.18477036779882],[-124.83005415825357,49.18352706753763],[-124.83247374141386,49.17623797382427],[-124.829233829019,49.17393216380544],[-124.8283190244663,49.1677567594852],[-124.81435295721874,49.16098746992052],[-124.80855142658359,49.15569936110615],[-124.81222226455371,49.1462109472855],[-124.82007812139193,49.146092746545186],[-124.82552035959411,49.15262701947135],[-124.84104838418362,49.15254323825568],[-124.84105683885929,49.14535312261791],[-124.890303808539,49.14562819805743],[-124.89017934553092,49.132608932913655],[-124.90032251288365,49.13285444673922],[-124.90182508636227,49.152408991397685],[-124.91821012273971,49.15224757475438],[-124.91825023158175,49.149417340525176],[-124.92830927544763,49.14925308188761],[-124.9954013961328,49.15027424643513],[-125.00001202957408,49.153507197867974],[-124.9999790483055,49.146539999111674],[-125.04477960785967,49.171851958332155],[-125.04170126218611,49.16555282118464],[-125.04140771816196,49.14264832479292],[-125.06047334140199,49.145081504173646],[-125.06914460100705,49.1439281892371],[-125.07274372503032,49.145144339050326],[-125.07278382585125,49.15285299870865],[-125.07945803339939,49.16260298360831],[-125.08738361051248,49.16612505525227],[-125.1057312253729,49.16995252056309],[-125.1212294352929,49.183039006127295],[-125.13112748279686,49.18748239006886],[-125.14426992429458,49.19009218435759],[-125.14898306941024,49.19467668083182],[-125.15649463963356,49.19744491062259],[-125.16467338751313,49.195713915049794],[-125.16451648691468,49.1921317833599],[-125.16804497285433,49.18669921115925],[-125.17246682126724,49.1841141028476],[-125.190137024924,49.18818838365696],[-125.19586919661184,49.188139564596646],[-125.20055319204326,49.184542630688995],[-125.20330528589302,49.18425764326453],[-125.20685103561485,49.18776712018875],[-125.21738623904224,49.193177713319],[-125.22727625973441,49.1929649859454],[-125.2469663833582,49.198399792857145],[-125.2609776168867,49.19504848199892],[-125.27212621112645,49.195342751272925],[-125.27608443744924,49.197948959936575],[-125.27605834411992,49.20617624575887],[-125.2793411973806,49.209606537818956],[-125.28667008878135,49.212207262064105],[-125.28646847915307,49.21440915446043],[-125.28062962051621,49.22072848843403],[-125.2914479803999,49.22625758925818],[-125.29259798751836,49.23021472735799],[-125.29010302217182,49.23300147507001],[-125.29558042720718,49.24070285645534],[-125.30731335374175,49.246027322888075],[-125.3215974201376,49.249812266601644],[-125.3284223833078,49.263323279403515],[-125.33203674188306,49.266744821740566],[-125.33665030177991,49.26953182641581],[-125.34786852737358,49.27027408795975],[-125.34786834850003,49.27909569683274],[-125.35053042403332,49.281751070504434],[-125.35396240475254,49.280323326765895],[-125.35463200787265,49.28533075607703],[-125.38357572977534,49.29268954570832],[-125.38855787643935,49.29518330316858],[-125.386608485,49.30064063307892],[-125.43069903426407,49.30740341279505],[-125.45088455549703,49.30626501992113],[-125.46209447919193,49.30364518807009],[-125.46939619357373,49.30447264254057],[-125.49334863565153,49.31189773129906],[-125.50155949893126,49.3172477103895],[-125.51597976742872,49.31868404772816],[-125.52585273170234,49.32211401267677],[-125.53017682703954,49.32520829526667],[-125.54945345796031,49.32838283875726],[-125.55534192920142,49.331026546827665],[-125.55756519764404,49.33348489893539],[-125.55668017202422,49.33829548245987],[-125.55483443432205,49.34207196789727],[-125.54554391350868,49.349248702683774],[-125.5414979766734,49.360653420619286],[-125.54552815820797,49.3666408088485],[-125.5466034483266,49.372970258188744],[-125.54889267667768,49.374447659520456],[-125.56141882747833,49.37575561424022],[-125.5693221994768,49.38026094170525],[-125.5725009953957,49.387044511706904],[-125.57114978825126,49.39821575296953],[-125.57601523220947,49.40310247578738],[-125.57804647720056,49.40765983052348],[-125.58056191680947,49.41046413241816],[-125.5977587417651,49.412646569759076],[-125.5995350911733,49.41839921938301],[-125.59240385593603,49.42501701932091],[-125.57726542006138,49.433238606393644],[-125.55924075058778,49.437980661668114],[-125.55512000142411,49.44094495127797],[-125.56896784652342,49.45071524789291],[-125.58750724543398,49.45774575710382],[-125.58932118543969,49.460034898886846],[-125.58932974996415,49.463011041249615],[-125.56602392673237,49.47618832589189],[-125.56293740567747,49.48111784220297],[-125.56703415823382,49.498249741920105],[-125.55299250940776,49.498685151769145],[-125.5511416851017,49.497187050686215],[-125.55317802172746,49.49069483330978],[-125.55120190621399,49.488918221869596],[-125.51610880216865,49.48053761254476],[-125.49981186641095,49.478169080700994],[-125.49479617980995,49.4840695215704],[-125.49091711684042,49.49525241020994],[-125.49333960671068,49.50031306144891],[-125.49263570682064,49.504260114820056],[-125.48994921953376,49.507577614944665],[-125.483450716195,49.509803454200345],[-125.48311997238027,49.51613852639041],[-125.46881735522922,49.52821696729308],[-125.45457678094135,49.53128838738374],[-125.446153889041,49.534926694310315],[-125.44209493698982,49.53829900968802],[-125.44198156093535,49.54133103073523],[-125.43427355835013,49.55367010981189],[-125.43008095599835,49.55571063854035],[-125.41178069598767,49.5455343490345],[-125.40360011360704,49.544697754778916],[-125.39519420462317,49.5471717173844],[-125.3901237511995,49.54585334345437],[-125.3875698980566,49.5421974017321],[-125.38158793454076,49.540714507873126],[-125.37957398929773,49.547902581315455],[-125.3916661262164,49.57582618611334],[-125.39588724463155,49.59401900691649],[-125.4049914753802,49.60677059804512],[-125.42424552618553,49.62632617703047],[-125.42734861491442,49.633135243054724],[-125.42652104134005,49.64266561877555],[-125.33101111514507,49.567382857310136]]]]},"bbox":[-125.5995350911733,49.132608932913655,-124.80855142658359,49.64266561877555]},{"id":"5923037","type":"Feature","properties":{},"geometry":{"type":"Polygon","coordinates":[[[-124.90909450017537,49.33279681725979],[-124.88339173786922,49.3323368592499],[-124.88256576205536,49.322443778802985],[-124.85845612646203,49.32212577848755],[-124.85784014661745,49.31144397252508],[-124.84469292575066,49.31153363898165],[-124.84425242464958,49.30305040860132],[-124.83543322757338,49.302935769958275],[-124.83518228245204,49.29628249255299],[-124.83003456849296,49.29672928716398],[-124.8295534410832,49.288902562192604],[-124.82785346860942,49.289000213512175],[-124.82354953764222,49.283918121735965],[-124.80249952664273,49.28351984040378],[-124.8024511174762,49.27642589460656],[-124.79965852162643,49.274702060715136],[-124.80160884761318,49.27163007343571],[-124.80098639009198,49.26960356662105],[-124.8149128166548,49.269340001483485],[-124.81717821112268,49.272110674798505],[-124.81981517779023,49.27209801181625],[-124.82001877587042,49.275235159632786],[-124.82568573240903,49.27363622046975],[-124.82560120663199,49.26946492184258],[-124.82844569872871,49.27079075308667],[-124.82822071208605,49.2732251948985],[-124.85032398773117,49.27370940977447],[-124.85035347890326,49.269195695413764],[-124.85311892167417,49.269248107666286],[-124.85388241230325,49.27149470594021],[-124.85729391617794,49.27349710502081],[-124.85521381254465,49.27745640025514],[-124.8560217061871,49.2801539063803],[-124.86655579197746,49.283707307547886],[-124.8710005893224,49.29500841370697],[-124.87473680939287,49.29613918554684],[-124.88353958738071,49.29390749923144],[-124.88334027936187,49.296812693100904],[-124.8926759166704,49.298887906836],[-124.894696809789,49.30389690488632],[-124.90006699446438,49.30718820328412],[-124.90028289599738,49.30905959040796],[-124.89446558885048,49.30882611342141],[-124.893306019866,49.310771716087075],[-124.89741869388516,49.312767020311604],[-124.9040845027072,49.32059253580813],[-124.91215682542555,49.32500420874085],[-124.91046163979023,49.32662953804128],[-124.91342645617149,49.32886301694484],[-124.90882213607183,49.32866118247356],[-124.90909450017537,49.33279681725979]]]},"bbox":[-124.91342645617149,49.269195695413764,-124.79965852162643,49.33279681725979]},{"id":"5923039","type":"Feature","properties":{},"geometry":{"type":"Polygon","coordinates":[[[-124.79028025037755,49.30460187800643],[-124.77181615339416,49.29831104430702],[-124.7707016054659,49.29044929090505],[-124.76504393292095,49.290425133650075],[-124.76495218573416,49.29387983544045],[-124.75912088165299,49.294035657963306],[-124.75914445149081,49.30098638223365],[-124.75322533528998,49.300957438759404],[-124.75334548509092,49.289710306796955],[-124.74726258232747,49.289697724300105],[-124.74749300814203,49.27551340617727],[-124.715015561792,49.27516096759798],[-124.71473399198884,49.27882297627639],[-124.70545371091238,49.27885108125204],[-124.70529235106473,49.282174080910664],[-124.69835469762636,49.28216950547606],[-124.69844012232159,49.2750161272721],[-124.69308274568054,49.274822440134756],[-124.69308871103947,49.26794491799702],[-124.68771813284371,49.26780692505944],[-124.68782031943996,49.25764585513795],[-124.67719766262054,49.25764016265335],[-124.67707409677826,49.249796772597854],[-124.67434791261599,49.2471568746893],[-124.67392748421788,49.231251134567536],[-124.6684050391577,49.2313462137459],[-124.66828723258901,49.22762398710017],[-124.66312495806726,49.22739468348416],[-124.66307492143348,49.22402305292916],[-124.6741751630865,49.22416832581024],[-124.67414039989718,49.22747834057155],[-124.67965575740881,49.22767804554139],[-124.67979897976137,49.220886803607705],[-124.67473648171554,49.2205562021982],[-124.67740558273657,49.21532170111352],[-124.6819022784074,49.2158057164969],[-124.69294877041595,49.20547395251028],[-124.68838579500895,49.201076216608584],[-124.68030288632895,49.205602103627434],[-124.68324924233596,49.20006851806296],[-124.68958810392427,49.197332237614084],[-124.69731781610781,49.1912869694914],[-124.69806025253932,49.1883467664793],[-124.69458237582363,49.18076022602095],[-124.69924484425393,49.178772448382794],[-124.69773859544907,49.17603782561486],[-124.69878683151471,49.17503878213675],[-124.68860960575307,49.174800514347886],[-124.68829217974731,49.171556279480455],[-124.67258653734423,49.171584012780365],[-124.67266717664405,49.17284250606677],[-124.67011977424285,49.17312561680762],[-124.66532313468396,49.18107207187136],[-124.65371765482878,49.17913187988448],[-124.65648974763613,49.17386133914962],[-124.64692434108916,49.17383350283453],[-124.6468814745042,49.172121755941944],[-124.6406439381409,49.17189392867389],[-124.64046882715253,49.16592831404685],[-124.63497725767827,49.16567470259542],[-124.63491188439932,49.162495431194074],[-124.62958646262341,49.16221144082038],[-124.62927253242682,49.158245224150114],[-124.61345451963405,49.158111952680166],[-124.61332215351831,49.15991116402152],[-124.59046684459273,49.15966509404222],[-124.59013603189979,49.15209295638867],[-124.59554017051815,49.152178177580545],[-124.59545983388975,49.14805534068892],[-124.58991419108523,49.14694818260388],[-124.5899334377817,49.14179815593782],[-124.5825550844419,49.14005755499264],[-124.58089993105462,49.131789225185365],[-124.5785042326168,49.13146500379121],[-124.57743067464222,49.1240239551689],[-124.5800860947689,49.114248275633365],[-124.5773887940475,49.10775623912765],[-124.582165921821,49.103733800536425],[-124.58862511960866,49.10598263642382],[-124.59046740248714,49.10742017626985],[-124.58431854062754,49.11271554870538],[-124.58868764923247,49.11525493943126],[-124.59859102966514,49.10900097166542],[-124.597641820178,49.106415274032926],[-124.59898104271862,49.10634367743562],[-124.59902101674314,49.104073181574215],[-124.59512073223753,49.09819141143989],[-124.59990922389699,49.08695567782582],[-124.59702138428796,49.07909405520979],[-124.59733161148944,49.07559564528538],[-124.60280224136356,49.0756402614214],[-124.60332076015015,49.079127968958545],[-124.60591917609399,49.07937450783128],[-124.60649235699081,49.08102352703393],[-124.61179452723333,49.08126138234073],[-124.61120593724503,49.090324449769405],[-124.60868890072209,49.090696625728604],[-124.60738090623069,49.10340733201173],[-124.61629009497545,49.104114350531766],[-124.62027988897465,49.09961931412408],[-124.62904539902773,49.09717364485903],[-124.62917338506833,49.095344884565264],[-124.63408843358839,49.09862708928127],[-124.63438298755595,49.10313213552471],[-124.62718351862857,49.108527384610234],[-124.62950783450343,49.116863659521954],[-124.64437362879062,49.11507793910168],[-124.64625630986072,49.12129844394636],[-124.65797172043649,49.11943134146653],[-124.66090740660901,49.12551051878748],[-124.66927121726295,49.12422643731946],[-124.67051113016782,49.12809337836424],[-124.679847201387,49.12697523391695],[-124.68201437929939,49.13343734915367],[-124.71541244105843,49.12953369144903],[-124.71490678575108,49.12641003622319],[-124.72563053376837,49.12547378725621],[-124.7284845700954,49.13861138298995],[-124.74495747958203,49.13692097102878],[-124.74253826954502,49.12476499098086],[-124.74068277653255,49.124932993879746],[-124.73923683629002,49.12002648594053],[-124.74759470233849,49.11927778561691],[-124.74668164223552,49.115597030316536],[-124.76150865134407,49.114584186511756],[-124.79376373985399,49.140660535565154],[-124.79213464890441,49.14282165204578],[-124.78741953359646,49.14209397608865],[-124.79101782851724,49.15024186735379],[-124.79728324383599,49.152879469813705],[-124.79744904390694,49.1547665487733],[-124.7971826333323,49.15346626214452],[-124.79050366044524,49.15275986655973],[-124.79576113025837,49.154775073232074],[-124.7919180336851,49.15736147361035],[-124.79238155578463,49.159577563648085],[-124.80827643137395,49.16966515294909],[-124.81646183544179,49.184119462214234],[-124.81168315634633,49.19153535961806],[-124.81247353387761,49.20117587111364],[-124.81045585909654,49.20606517051623],[-124.81717845561707,49.21606166299844],[-124.81575795045651,49.21825628923879],[-124.81135598470706,49.218363131107665],[-124.81572833456634,49.21566345401934],[-124.81286410130127,49.21105167996652],[-124.79306408798695,49.21086943436295],[-124.79311338218211,49.215355243226384],[-124.78346490024637,49.215434845835404],[-124.782870405736,49.23428692954793],[-124.78060189872153,49.23433862763326],[-124.78279214439611,49.23497760032658],[-124.78311570104161,49.23826723712641],[-124.76222068915605,49.23825102917891],[-124.76130054943876,49.24571833488805],[-124.78065292293824,49.24536276105604],[-124.78130743386176,49.25043616014858],[-124.7737913971368,49.259202655732885],[-124.77657037354663,49.258152812809534],[-124.77707861363635,49.26541257004688],[-124.77787421827904,49.25892639961029],[-124.78360575590406,49.258419308421665],[-124.7829071199889,49.266131823961835],[-124.78086150320524,49.2660715367701],[-124.7790716079092,49.269001475865345],[-124.78297194899952,49.268452916234],[-124.78290057955415,49.27068144982312],[-124.78608217102469,49.27092169466065],[-124.7863385838519,49.27339678779812],[-124.79995027464027,49.27445513931016],[-124.8024511174762,49.27642589460656],[-124.80263405373825,49.28861138762609],[-124.80260599325264,49.29292974173074],[-124.8001818754096,49.294208953802375],[-124.811158813388,49.29271469003932],[-124.81158223597733,49.296769121923745],[-124.80568677087527,49.298250473437],[-124.80568790306401,49.300587698368616],[-124.80022420289333,49.30057120977475],[-124.80011592420608,49.30790370995381],[-124.79028025037755,49.30460187800643]]]},"bbox":[-124.81717845561707,49.07559564528538,-124.5773887940475,49.30790370995381]},{"id":"5923047","type":"Feature","properties":{},"geometry":{"type":"MultiPolygon","coordinates":[[[[-125.14503574258141,48.886681952940314],[-125.14516873578776,48.8866078542286],[-125.14531942787434,48.886613561163294],[-125.14523032985461,48.88675886482425],[-125.14503574258141,48.886681952940314]]],[[[-125.08020072151629,48.947004258401044],[-125.08037633123504,48.946911765147114],[-125.08048815332869,48.94699005802701],[-125.08034074772925,48.94708264864571],[-125.08020072151629,48.947004258401044]]],[[[-124.91085922304022,48.679957956180566],[-124.91110084774944,48.67989095292285],[-124.9112257287185,48.67997786397962],[-124.91109304100456,48.68003485724025],[-124.91085922304022,48.679957956180566]]],[[[-125.20626274196873,48.84079537780209],[-125.20640915496456,48.840728356946116],[-125.20663345068077,48.84088646882422],[-125.20654014132225,48.84091495690458],[-125.20626274196873,48.84079537780209]]],[[[-124.93899244359665,48.691938365034574],[-124.939237440517,48.6919440620799],[-124.9392397581974,48.692006759363615],[-124.93902644569772,48.6921007681524],[-124.93899244359665,48.691938365034574]]],[[[-125.20640376089746,48.840945466104515],[-125.20664433093705,48.84110297280574],[-125.20667415539651,48.841164166277366],[-125.2063997536681,48.84110726721919],[-125.20640376089746,48.840945466104515]]],[[[-125.20430034281988,48.83861915277416],[-125.20447624274735,48.83859776476785],[-125.20445884006679,48.83882277219314],[-125.20432042700537,48.83879856729949],[-125.20430034281988,48.83861915277416]]],[[[-125.2039114396215,48.77788086958766],[-125.20405553533176,48.777778379482605],[-125.2041965430564,48.77786517076562],[-125.20409265134865,48.77799336814107],[-125.2039114396215,48.77788086958766]]],[[[-125.01631505317147,48.71025936910832],[-125.01654363577573,48.71019246433675],[-125.01664223911635,48.71028076714613],[-125.01652293248438,48.71036477606179],[-125.01631505317147,48.71025936910832]]],[[[-125.03915014644994,48.96725085237926],[-125.03929633813803,48.96717685212154],[-125.03945133576785,48.96726365348505],[-125.03930552919128,48.967393267076815],[-125.03915014644994,48.96725085237926]]],[[[-125.0256211465356,48.71328956384463],[-125.02582943512816,48.713250266883854],[-125.02587676389724,48.713448265900595],[-125.0255495330172,48.7133912722243],[-125.0256211465356,48.71328956384463]]],[[[-124.99145703885736,48.704713167233386],[-124.99158326354319,48.70467086740843],[-124.99176512533934,48.70477616858651],[-124.99140073853866,48.7048545686899],[-124.99145703885736,48.704713167233386]]],[[[-125.23865424771157,48.829337552507084],[-125.23888645655965,48.82936036154851],[-125.23885413760364,48.8295326676817],[-125.23861923617693,48.82948285323369],[-125.23865424771157,48.829337552507084]]],[[[-125.10761584727543,48.91332745918629],[-125.10788513889608,48.9132419638948],[-125.10801445563597,48.91335597175895],[-125.10778415232592,48.91344136643375],[-125.10761584727543,48.91332745918629]]],[[[-125.13077054619313,48.75766426699795],[-125.13083214146319,48.757518956931214],[-125.13105022750358,48.757523260263795],[-125.13095132502136,48.757741159883366],[-125.13077054619313,48.75766426699795]]],[[[-124.85509234912331,48.66860696330503],[-124.85528933767236,48.66843325121443],[-124.85548182574664,48.66848306441374],[-124.85531144597721,48.66863977407637],[-124.85509234912331,48.66860696330503]]],[[[-124.90460835159291,48.67924297243035],[-124.90479623820838,48.67914046794032],[-124.90496072447243,48.67921025657398],[-124.9048571454169,48.67935544727169],[-124.90460835159291,48.67924297243035]]],[[[-125.19951474552045,48.82832775369457],[-125.19968963841458,48.82825226885527],[-125.19987753720001,48.828501552249946],[-125.19972673829308,48.82850435264991],[-125.19951474552045,48.82832775369457]]],[[[-124.86176893551338,48.670271878731306],[-124.86194473447826,48.67027755966735],[-124.86201992946549,48.67047415655316],[-124.86174795352122,48.670478367679856],[-124.86176893551338,48.670271878731306]]],[[[-125.07136756502697,48.885384468050205],[-125.0717360404478,48.88539585988091],[-125.07181015110692,48.88551125543748],[-125.07157823385305,48.88551545662706],[-125.07136756502697,48.885384468050205]]],[[[-125.14466994749723,48.88323395540918],[-125.14488303289194,48.88309576646539],[-125.14495425193263,48.88319256504503],[-125.14477262510162,48.88338486743923],[-125.14466994749723,48.88323395540918]]],[[[-124.88576793143342,48.67457726193721],[-124.88592726167947,48.67450316747029],[-124.8860598403154,48.67475246544567],[-124.88581294813729,48.67471115861724],[-124.88576793143342,48.67457726193721]]],[[[-125.03549212789437,48.973073068948004],[-125.03581814198931,48.973031771309856],[-125.03590635349586,48.97317415429495],[-125.03557892687712,48.97318985532551],[-125.03549212789437,48.973073068948004]]],[[[-124.94930375064065,48.69781897480431],[-124.94939273314459,48.69765656568765],[-124.94961384222964,48.69773346892882],[-124.94947044150727,48.697924375195406],[-124.94930375064065,48.69781897480431]]],[[[-125.06602333890898,48.72038267674573],[-125.0663337436809,48.720339955697376],[-125.06633983977194,48.72051086690203],[-125.06609863388681,48.7205692643579],[-125.06602333890898,48.72038267674573]]],[[[-125.0961283448841,48.9528877594437],[-125.09636094647436,48.95291906668027],[-125.09612564129155,48.95316687395901],[-125.09599805274372,48.953061450365304],[-125.0961283448841,48.9528877594437]]],[[[-124.90190945713981,48.67790135998909],[-124.90216102345843,48.67772615638767],[-124.90235316242297,48.67780457011851],[-124.90212852241916,48.67796975650173],[-124.90190945713981,48.67790135998909]]],[[[-124.94863965895658,48.696436064143754],[-124.94884135510561,48.69637905538899],[-124.94894734231598,48.69667387564721],[-124.94867263908772,48.69658846000814],[-124.94863965895658,48.696436064143754]]],[[[-125.11659354044008,48.73374177051203],[-125.11682213097886,48.73367487255554],[-125.1169905275433,48.73377025902132],[-125.11662693049509,48.733902657730404],[-125.11659354044008,48.73374177051203]]],[[[-125.01414524476253,48.89975896575061],[-125.01409111105242,48.89975451937933],[-125.01489902769883,48.899511157817386],[-125.01467423686844,48.89968635199724],[-125.01414524476253,48.89975896575061]]],[[[-125.16700734064231,48.770329771815895],[-125.16658754911535,48.770346766227775],[-125.16639172928106,48.770261373690495],[-125.16664692117168,48.77015735947324],[-125.16700734064231,48.770329771815895]]],[[[-125.1232408527714,48.88264147075344],[-125.12349704448646,48.882555972904086],[-125.12358115013663,48.8826086552995],[-125.12318364157541,48.882867853905026],[-125.1232408527714,48.88264147075344]]],[[[-125.0835233287131,48.72040836276787],[-125.08374973467136,48.72030577037741],[-125.08395934135741,48.720428256966365],[-125.08372045571744,48.72055787047616],[-125.0835233287131,48.72040836276787]]],[[[-124.86120943864736,48.67011977151285],[-124.86146384351845,48.67010527406743],[-124.86159032719884,48.67024767107561],[-124.8612529524592,48.670316054744525],[-124.86120943864736,48.67011977151285]]],[[[-125.20312093335481,48.77786807065279],[-125.20342893783534,48.77775416967026],[-125.20356913997374,48.777842455255296],[-125.20338735460211,48.778034654769854],[-125.20312093335481,48.77786807065279]]],[[[-125.08392193833107,48.966135778129406],[-125.0842154384958,48.96596907497749],[-125.08444003524875,48.96610015252151],[-125.08418314910028,48.96620265523687],[-125.08392193833107,48.966135778129406]]],[[[-125.03109366209821,48.98655606327117],[-125.03125725553163,48.98652615396834],[-125.03139804396567,48.98663155088382],[-125.03104904794371,48.986808168045904],[-125.03109366209821,48.98655606327117]]],[[[-125.00708635259173,48.70686695052629],[-125.00741103438943,48.70682567174147],[-125.00747265093621,48.70704067103066],[-125.00727172668019,48.70708056721246],[-125.00708635259173,48.70686695052629]]],[[[-125.158206941017,48.85797985325683],[-125.15845143899487,48.85798405258348],[-125.15795795075633,48.85824474944299],[-125.15803172204126,48.85806385849332],[-125.158206941017,48.85797985325683]]],[[[-125.08861133712509,48.71786046178498],[-125.08874195034629,48.717723650255444],[-125.08891015754085,48.7178191638527],[-125.08871512161846,48.71807406062871],[-125.08861133712509,48.71786046178498]]],[[[-125.02526445514187,48.95877825620154],[-125.02560166336686,48.958655763862446],[-125.0257704273031,48.95876117258589],[-125.02548874240131,48.95890926351746],[-125.02526445514187,48.95877825620154]]],[[[-124.99652144841032,48.70610645486836],[-124.99677602920913,48.70603946273477],[-124.99690392551052,48.70618046129883],[-124.99655493379998,48.70628587567986],[-124.99652144841032,48.70610645486836]]],[[[-125.20475353381345,48.83528216446827],[-125.20506843844564,48.83535627760911],[-125.20512263190021,48.83561686400955],[-125.20490174299931,48.83555705402446],[-125.20475353381345,48.83528216446827]]],[[[-124.92360006556696,48.686710067833694],[-124.92389093931902,48.686821166449306],[-124.92381555349209,48.68696645008469],[-124.92347384002122,48.686936551216306],[-124.92360006556696,48.686710067833694]]],[[[-124.86045416357591,48.67000416295801],[-124.86070904392717,48.66990155751638],[-124.86101073428883,48.669968576457194],[-124.86086523303072,48.6701152750648],[-124.86045416357591,48.67000416295801]]],[[[-124.92160403558282,48.68647646416194],[-124.92185384930671,48.686476553625766],[-124.92200915088723,48.68667307100383],[-124.92172586103403,48.68672146690274],[-124.92160403558282,48.68647646416194]]],[[[-125.1091870435062,48.72704945646482],[-125.10947673061493,48.72715195601366],[-125.10941793784157,48.727386970466085],[-125.10920084547652,48.72738126358239],[-125.1091870435062,48.72704945646482]]],[[[-125.11166453624867,48.72841665471455],[-125.11207153182438,48.7283910622582],[-125.11213185119458,48.72854197226211],[-125.11175275240038,48.72857615560192],[-125.11166453624867,48.72841665471455]]],[[[-125.2267639516857,48.82054447430425],[-125.22700556253947,48.82047756236818],[-125.22703453108329,48.82080086808007],[-125.22664863377267,48.82071826630788],[-125.2267639516857,48.82054447430425]]],[[[-124.90277222566327,48.6780936557965],[-124.90289044085223,48.6779925575264],[-124.90315083742026,48.6780523682408],[-124.90276824865634,48.678328674828926],[-124.90277222566327,48.6780936557965]]],[[[-125.24239383278888,48.83131576896624],[-125.24274933840853,48.83131866011072],[-125.24280065684113,48.83156076830157],[-125.24251522331579,48.831556463415076],[-125.24239383278888,48.83131576896624]]],[[[-125.18783654198162,48.78233437746246],[-125.18811685463184,48.782211854235825],[-125.18818303013279,48.78248106930126],[-125.18795444766106,48.782547970903956],[-125.18783654198162,48.78233437746246]]],[[[-124.8993426322209,48.676433276134496],[-124.89959486187598,48.67634756792322],[-124.89982873981056,48.6764244562411],[-124.89957854030426,48.676616750443856],[-124.8993426322209,48.676433276134496]]],[[[-125.11698375443152,48.731248371070365],[-125.11733064902081,48.731191052013],[-125.11742983502636,48.73130635894196],[-125.11721933856244,48.731463052426044],[-125.11698375443152,48.731248371070365]]],[[[-125.11700984377819,48.73326607534142],[-125.1172612564935,48.733109458467794],[-125.1174697521535,48.733230467631024],[-125.1172880336024,48.73340566272235],[-125.11700984377819,48.73326607534142]]],[[[-125.05369702954775,48.9667780620745],[-125.05401004557736,48.966780859532136],[-125.05399304911036,48.9670058512291],[-125.05372062331926,48.96702016429615],[-125.05369702954775,48.9667780620745]]],[[[-124.93962443417882,48.692107865274416],[-124.93995253775142,48.692139160308145],[-124.93992212968492,48.69239126836768],[-124.93973103955628,48.69238557286898],[-124.93962443417882,48.692107865274416]]],[[[-125.2055633568873,48.837271859819005],[-125.20605012028484,48.837227662256616],[-125.20627513750343,48.83738436263059],[-125.20558045112917,48.83738865207823],[-125.2055633568873,48.837271859819005]]],[[[-125.09914114491242,48.94558155753036],[-125.09926963623904,48.945399258784846],[-125.09946304782592,48.94545907284695],[-125.09933012663035,48.94583076671189],[-125.09914114491242,48.94558155753036]]],[[[-125.05510745983928,48.899710559083665],[-125.05528223333062,48.89964366039172],[-125.05555913164861,48.899720563222616],[-125.05539216062952,48.899965567098015],[-125.05510745983928,48.899710559083665]]],[[[-124.93338944041207,48.69094895366002],[-124.93392815798808,48.69094427114355],[-124.93400165820832,48.69110527115072],[-124.9336220310662,48.691120865882944],[-124.93338944041207,48.69094895366002]]],[[[-125.02492463313601,48.71340126899175],[-125.02513884296123,48.713352767997506],[-125.02519364632444,48.713667549776524],[-125.02490914071329,48.713725955479596],[-125.02492463313601,48.71340126899175]]],[[[-124.8747011436223,48.6751577641874],[-124.87491712766642,48.67505156840342],[-124.87538504041548,48.67519676629362],[-124.87481665310851,48.67526945045962],[-124.8747011436223,48.6751577641874]]],[[[-125.14256383852796,48.88344467917736],[-125.142969834647,48.88334645341701],[-125.14308605105296,48.883524470987524],[-125.14276342026783,48.88365685813584],[-125.14256383852796,48.88344467917736]]],[[[-125.02939223627615,48.889775264603706],[-125.02965021910988,48.889706957703176],[-125.02986666331749,48.8900273673344],[-125.02931853180162,48.88994767735793],[-125.02939223627615,48.889775264603706]]],[[[-125.06178036019016,48.99052816402019],[-125.06206774498942,48.99052247650672],[-125.06222894218978,48.99077166891821],[-125.06180331789287,48.9907517603225],[-125.06178036019016,48.99052816402019]]],[[[-125.13347233743188,48.91727825578807],[-125.13384242372858,48.91727106496827],[-125.1340960443849,48.917456276703476],[-125.13353612681817,48.917457660313886],[-125.13347233743188,48.91727825578807]]],[[[-125.10967256526062,48.727273667188385],[-125.10983404306472,48.72721745688191],[-125.110134839119,48.7275891697828],[-125.10978002883925,48.727550764405954],[-125.10967256526062,48.727273667188385]]],[[[-125.12027183274377,48.78463165843637],[-125.1204439570455,48.78449345967211],[-125.12079965342748,48.78455897100074],[-125.12055265784122,48.78481537028389],[-125.12027183274377,48.78463165843637]]],[[[-124.87347275162973,48.67494046722851],[-124.87379605003628,48.674835053120454],[-124.8739647257076,48.67496746713786],[-124.87357804716464,48.67517256356409],[-124.87347275162973,48.67494046722851]]],[[[-125.16882365364349,48.772968762113315],[-125.16903633382144,48.772883367000816],[-125.16942676207319,48.77306416286454],[-125.16898311788354,48.77318095997797],[-125.16882365364349,48.772968762113315]]],[[[-125.16142465086651,48.774061153570564],[-125.16185803071623,48.77400706124443],[-125.1619991515789,48.77414946406969],[-125.16163783573884,48.77428187445198],[-125.16142465086651,48.774061153570564]]],[[[-125.0257738467787,48.89138607124365],[-125.02611355834534,48.89133486302547],[-125.02551134116273,48.891650971810506],[-125.02548086226334,48.89157126973458],[-125.0257738467787,48.89138607124365]]],[[[-125.01699792047755,48.71201976198431],[-125.01734542622562,48.71189725548785],[-125.01748156697249,48.712209167164396],[-125.01733465896032,48.71228466462968],[-125.01699792047755,48.71201976198431]]],[[[-125.16330054875345,48.774619457690086],[-125.16369323245313,48.77457667518145],[-125.16387434130802,48.77468926983183],[-125.16348643309867,48.774858657256424],[-125.16330054875345,48.774619457690086]]],[[[-125.02260003301987,48.96279306280484],[-125.02199442827401,48.96301097065801],[-125.02192444746728,48.96298396265718],[-125.02280976250152,48.96260937123236],[-125.02304905596051,48.962748964164525],[-125.02260003301987,48.96279306280484]]],[[[-125.07887264863804,48.95612357546777],[-125.07925312376808,48.9560451591344],[-125.07945435400445,48.95627596808104],[-125.0790330465926,48.95633716795582],[-125.07887264863804,48.95612357546777]]],[[[-125.1655777305448,48.84680265478078],[-125.16577423150255,48.846618955098755],[-125.16615853719253,48.84669297267431],[-125.16575103409589,48.84701487404024],[-125.1655777305448,48.84680265478078]]],[[[-125.03162012109608,48.97092956358608],[-125.03189043665189,48.97084277029069],[-125.03222396135592,48.9709808655717],[-125.03201322067875,48.97117456399722],[-125.03162012109608,48.97092956358608]]],[[[-125.15504243292216,48.82682095448114],[-125.155717622933,48.82670845965438],[-125.15591214363587,48.826776871540254],[-125.15542875885795,48.82697476134227],[-125.15504243292216,48.82682095448114]]],[[[-125.11786234389658,48.83182845540362],[-125.11811715379238,48.83169746918626],[-125.11760373479028,48.832174571879484],[-125.11758782500767,48.83211196433071],[-125.11786234389658,48.83182845540362]]],[[[-125.1035883276812,48.936036471756466],[-125.10399294558304,48.93592114963742],[-125.10439323559099,48.93599515528422],[-125.10398864353242,48.93615466417375],[-125.1035883276812,48.936036471756466]]],[[[-124.86049624417734,48.66853716659672],[-124.86084426620663,48.66844176757831],[-124.8610328509694,48.668718074404616],[-124.86062774314884,48.66878787240373],[-124.86049624417734,48.66853716659672]]],[[[-125.02045644765903,48.98411636690426],[-125.02082233268767,48.98407365501358],[-125.02037942960338,48.98459347537139],[-125.02028692527851,48.9843342697464],[-125.02045644765903,48.98411636690426]]],[[[-125.15750785266839,48.76999505282072],[-125.15788493578908,48.76992527544036],[-125.15820564048606,48.770098955798446],[-125.15789864639451,48.770222877437185],[-125.15750785266839,48.76999505282072]]],[[[-125.11248153385716,48.913815457507596],[-125.11279524866639,48.91378175479824],[-125.11309494729211,48.91408227024501],[-125.11287873963818,48.9141577613561],[-125.11248153385716,48.913815457507596]]],[[[-124.92604352414945,48.68766715535159],[-124.92638051831736,48.68760735893336],[-124.92643524589745,48.68798337026635],[-124.92615425323648,48.68807877384961],[-124.92604352414945,48.68766715535159]]],[[[-124.93082283586578,48.69115796668414],[-124.93106463420015,48.691055375444215],[-124.93187044720912,48.691194968512534],[-124.93129082906214,48.6912761636304],[-124.93082283586578,48.69115796668414]]],[[[-124.92256135189248,48.68652785819044],[-124.92300404813415,48.686385365536864],[-124.92328423645559,48.68657055139546],[-124.92294775336121,48.68668445574465],[-124.92256135189248,48.68652785819044]]],[[[-125.14893744291798,48.77586845416414],[-125.14872384056522,48.77562065073006],[-125.14931704073324,48.775510964282354],[-125.14905802915118,48.775821468710376],[-125.14893744291798,48.77586845416414]]],[[[-125.11067312532712,48.72809195665772],[-125.11088472812735,48.727980859779436],[-125.111260939782,48.728190158161425],[-125.1107908488776,48.72832406349934],[-125.11067312532712,48.72809195665772]]],[[[-125.03205766186778,48.97028306400852],[-125.0323831398547,48.97018615922092],[-125.03256225944145,48.97026447070895],[-125.03213952881664,48.97057786429018],[-125.03205766186778,48.97028306400852]]],[[[-125.02867546032515,48.98558186891033],[-125.02890115178428,48.98541664896219],[-125.02929343715805,48.985643066632576],[-125.028682930731,48.985761365335065],[-125.02867546032515,48.98558186891033]]],[[[-125.01952792936126,48.94088585798247],[-125.01977245075332,48.94081045956893],[-125.02010914444396,48.94103826743015],[-125.01941542146007,48.941122357821634],[-125.01952792936126,48.94088585798247]]],[[[-125.21838495050481,48.78289265964437],[-125.21869004317755,48.78271606143468],[-125.2189435541852,48.78292686783876],[-125.21858364435927,48.78310487484685],[-125.21838495050481,48.78289265964437]]],[[[-125.08284773389957,48.97545715594695],[-125.08270374192298,48.975289054095995],[-125.0837148347182,48.97528905930449],[-125.08305412785059,48.97547286137974],[-125.08284773389957,48.97545715594695]]],[[[-125.06540985134477,48.986027652572545],[-125.06488093697901,48.98612736402673],[-125.06472655678215,48.986039072589385],[-125.06508413186637,48.98578977177278],[-125.06540985134477,48.986027652572545]]],[[[-125.0829330485906,48.719942574001415],[-125.08316454171485,48.719929751481814],[-125.08250623569141,48.72047237211884],[-125.08247454429315,48.72036415885549],[-125.0829330485906,48.719942574001415]]],[[[-125.18213205834459,48.85131306980168],[-125.18258515443243,48.85111515576751],[-125.18276493034396,48.85117496578592],[-125.18261724246194,48.851501071541286],[-125.18213205834459,48.85131306980168]]],[[[-125.13275874262895,48.77358947327632],[-125.13320034414414,48.77358827322674],[-125.13331815176072,48.7737933737051],[-125.13270843881472,48.77382186590117],[-125.13275874262895,48.77358947327632]]],[[[-124.8533626429644,48.668094271913404],[-124.85371084131835,48.66796326538086],[-124.8538962383778,48.66822957441196],[-124.85349312691041,48.66833495468319],[-124.8533626429644,48.668094271913404]]],[[[-125.16642645579681,48.85509007398685],[-125.1667106322261,48.85504877029713],[-125.16674194989939,48.855480358791425],[-125.16631515117986,48.855380662371324],[-125.16642645579681,48.85509007398685]]],[[[-125.21166193183326,48.79594126909322],[-125.21198315188026,48.7958187683975],[-125.21235365697135,48.79590136049573],[-125.21205173232772,48.79613217394529],[-125.21166193183326,48.79594126909322]]],[[[-124.94090483563426,48.692508172987246],[-124.94111682567673,48.69238846122442],[-124.94139224791199,48.692456753910285],[-124.94080843960208,48.692817172867514],[-124.94090483563426,48.692508172987246]]],[[[-125.18369026146377,48.78276306357212],[-125.18399962483481,48.78269465852172],[-125.18413903262774,48.783052153594504],[-125.18373282826175,48.78313196914127],[-125.18369026146377,48.78276306357212]]],[[[-125.12100844293369,48.73944036410963],[-125.12129403477644,48.73939587444728],[-125.12207484001257,48.73955255267926],[-125.12152152808679,48.73966076317051],[-125.12100844293369,48.73944036410963]]],[[[-125.185540425879,48.83378536730234],[-125.18589156065008,48.83372416591499],[-125.18589594924065,48.83415706809458],[-125.18555452181394,48.834144262099684],[-125.185540425879,48.83378536730234]]],[[[-124.87400314321887,48.67564256114556],[-124.8741358526111,48.67558565560832],[-124.8745606354184,48.67566827174036],[-124.87391943413729,48.67596727776054],[-124.87400314321887,48.67564256114556]]],[[[-124.8965499386135,48.6777475598301],[-124.89688825449971,48.67770485205279],[-124.8970607581107,48.67796405864747],[-124.89648044668314,48.678062253468156],[-124.8965499386135,48.6777475598301]]],[[[-125.08018575895714,48.959087264743545],[-125.08042784927007,48.959020362891565],[-125.08054655606045,48.9592510658103],[-125.07992285531321,48.959362162931285],[-125.08018575895714,48.959087264743545]]],[[[-125.2000186440164,48.77930827287547],[-125.20030985769456,48.77928945466804],[-125.20052724459919,48.77958276038249],[-125.19994365102255,48.779602754529414],[-125.2000186440164,48.77930827287547]]],[[[-125.09783376423371,48.72086836650725],[-125.09840112984206,48.72078576353749],[-125.09873546066916,48.720960963134594],[-125.09823685101891,48.72106774732868],[-125.09783376423371,48.72086836650725]]],[[[-124.88282893896464,49.061769962135784],[-124.8831908350036,49.061566255382296],[-124.88397492407506,49.06168025780004],[-124.88330882311251,49.06180696426947],[-124.88282893896464,49.061769962135784]]],[[[-125.20172923642703,48.777184460945946],[-125.20220404173874,48.77712176735055],[-125.20220294970149,48.7773994696725],[-125.20184093465822,48.77753337516815],[-125.20172923642703,48.777184460945946]]],[[[-125.11104583718728,48.92379117245114],[-125.11153024584557,48.92362025503807],[-125.11194443224355,48.92368425672397],[-125.1114758462346,48.923926474846624],[-125.11104583718728,48.92379117245114]]],[[[-125.20599012999804,48.77936066233123],[-125.20631005062228,48.77919256465334],[-125.20665282985539,48.779258070796764],[-125.20639425568685,48.77956857128641],[-125.20599012999804,48.77936066233123]]],[[[-125.08124705648281,48.90089696066404],[-125.08168933502532,48.90099666826224],[-125.08093644884096,48.90127155559008],[-125.08094456110857,48.90113626422092],[-125.08124705648281,48.90089696066404]]],[[[-125.15122646209812,48.77560076813784],[-125.15159114663268,48.775513864270536],[-125.15188695103143,48.77574167319187],[-125.15151203010944,48.77591116462365],[-125.15122646209812,48.77560076813784]]],[[[-125.16625125897795,48.874436567129614],[-125.16657405047407,48.87429556896627],[-125.1670927391733,48.874618852351354],[-125.16658882474466,48.874645962773904],[-125.16625125897795,48.874436567129614]]],[[[-125.11945022782103,48.931077364885944],[-125.11999574196176,48.93103037452059],[-125.12022005664589,48.931161371211694],[-125.11982044607076,48.93142065475817],[-125.11945022782103,48.931077364885944]]],[[[-124.81423134332397,49.102821367594096],[-124.81453336297723,49.102834165028895],[-124.81490315922026,49.10354766408614],[-124.81455334927799,49.10336546396875],[-124.81423134332397,49.102821367594096]]],[[[-125.03552086721116,48.97245206758565],[-125.03596023643524,48.97246207795936],[-125.03603804132666,48.97270417930946],[-125.03521734313898,48.97270137163971],[-125.03552086721116,48.97245206758565]]],[[[-125.09302895254437,48.950631761895615],[-125.0936152373218,48.95063035667179],[-125.0938269342333,48.95079695320242],[-125.09323465303173,48.95097076462485],[-125.09302895254437,48.950631761895615]]],[[[-125.0962535531106,48.943799852036065],[-125.09680882622501,48.943698765881436],[-125.09723925631755,48.94389806528077],[-125.09651996528883,48.94397356846429],[-125.0962535531106,48.943799852036065]]],[[[-125.15177546299779,48.817066567667865],[-125.15220322381981,48.817183362235724],[-125.15164404289489,48.81750946787882],[-125.15160893990281,48.81729446092089],[-125.15177546299779,48.817066567667865]]],[[[-125.1628743581079,48.773890271325165],[-125.16329373740135,48.77384607677972],[-125.16356505315798,48.774155173782574],[-125.16324552342294,48.77430606203936],[-125.1628743581079,48.773890271325165]]],[[[-125.24388536199767,48.82886056626717],[-125.24442024004146,48.829099773623874],[-125.24464913412437,48.82933755819764],[-125.2439766382495,48.82921645230879],[-125.24388536199767,48.82886056626717]]],[[[-125.06198754504827,48.719149352507536],[-125.06241555029261,48.71925894897562],[-125.06230756068975,48.7196392654162],[-125.06194033172808,48.71962786430963],[-125.06198754504827,48.719149352507536]]],[[[-125.03526826121777,48.91025686531422],[-125.03554053486498,48.91012437368177],[-125.03595684441319,48.91065706903957],[-125.0356043344034,48.910699777737015],[-125.03526826121777,48.91025686531422]]],[[[-125.2127178563797,48.79239356439982],[-125.21314343492402,48.792169973567425],[-125.21349373060666,48.79239786644404],[-125.21297253789439,48.792614366998905],[-125.2127178563797,48.79239356439982]]],[[[-125.14837424131376,48.77415226038729],[-125.14898533221343,48.77410527185105],[-125.14921003819266,48.77424487728773],[-125.1487135326664,48.77445135410589],[-125.14837424131376,48.77415226038729]]],[[[-125.07405744249917,48.722000558271844],[-125.07448722322076,48.72184965751295],[-125.074681348179,48.7219450668355],[-125.0741680450657,48.722403661305954],[-125.07405744249917,48.722000558271844]]],[[[-125.17774945597641,48.81407716996505],[-125.17796563607217,48.8140372634255],[-125.17870103954117,48.814373357585815],[-125.1779271362043,48.81442467424336],[-125.17774945597641,48.81407716996505]]],[[[-125.15985473755049,48.86807037958613],[-125.16030465104886,48.86777417110033],[-125.16074633355571,48.86788235701637],[-125.16052675346988,48.868157254805304],[-125.15985473755049,48.86807037958613]]],[[[-124.91979444960211,48.68588155805556],[-124.92004725640047,48.685778668265336],[-124.92064113501625,48.68605635203763],[-124.92003543388903,48.68619317254011],[-124.91979444960211,48.68588155805556]]],[[[-125.07868685682463,48.946384772008734],[-125.07939734396545,48.94608427675813],[-125.07978833361689,48.94624805312423],[-125.07901952709162,48.94649585708915],[-125.07868685682463,48.946384772008734]]],[[[-125.09370185392741,48.720574966186994],[-125.09409211898524,48.720496659388786],[-125.09404493676037,48.72101935197126],[-125.093609222493,48.72099085731505],[-125.09370185392741,48.720574966186994]]],[[[-124.99150224443257,48.94254366624948],[-124.9921092623372,48.942371366833164],[-124.99234795190081,48.94251946247313],[-124.99177343264243,48.94284415440195],[-124.99150224443257,48.94254366624948]]],[[[-124.89775733522738,48.67549587506207],[-124.89845146298347,48.67552006104496],[-124.89858454102051,48.67582344993158],[-124.89823244466004,48.67588326907247],[-124.89775733522738,48.67549587506207]]],[[[-125.16507944185696,48.865254677923325],[-125.16526633204276,48.86518916743182],[-125.16571195088869,48.86542275638262],[-125.16483665534845,48.865664862647236],[-125.16507944185696,48.865254677923325]]],[[[-125.18297892955351,48.85326716267785],[-125.18346005566175,48.853338372967215],[-125.18335814890315,48.853808375315154],[-125.18282634276918,48.85352207125449],[-125.18297892955351,48.85326716267785]]],[[[-124.89581183966477,48.67831726541746],[-124.89645073729415,48.6783243791322],[-124.89651653976875,48.6786205780662],[-124.89581104703599,48.67864056217953],[-124.89581183966477,48.67831726541746]]],[[[-125.19921002295563,48.77496556032506],[-125.1997632538265,48.77484587333632],[-125.19989715637996,48.77511365615551],[-125.19924043782267,48.77533297308785],[-125.19921002295563,48.77496556032506]]],[[[-124.88685956044823,48.67543176374423],[-124.88745605930079,48.675421864186184],[-124.88772542592541,48.67569665533558],[-124.88717434286409,48.67583196761871],[-124.88685956044823,48.67543176374423]]],[[[-125.08476224331132,48.72026987557424],[-125.08500844000027,48.72017475558681],[-125.08561836136997,48.720767264756745],[-125.08528172802866,48.720854066697406],[-125.08476224331132,48.72026987557424]]],[[[-125.01187565590575,48.90066195325255],[-125.01279847188626,48.90021981835659],[-125.01293094011692,48.9004454662954],[-125.01242662598474,48.90074885503454],[-125.01187565590575,48.90066195325255]]],[[[-125.16625094111075,48.873456667666474],[-125.16697073713343,48.873406858736026],[-125.16714573538209,48.87366466173954],[-125.1663324378505,48.87375155810751],[-125.16625094111075,48.873456667666474]]],[[[-125.21325974277843,48.78182167314886],[-125.21362582697313,48.78179606252894],[-125.21380454230332,48.78244117115111],[-125.21339544623662,48.782458248575665],[-125.21325974277843,48.78182167314886]]],[[[-125.18617474322234,48.78322876010895],[-125.18678022443743,48.78305646322284],[-125.18712352074634,48.78314905872781],[-125.18667723026968,48.78352645383899],[-125.18617474322234,48.78322876010895]]],[[[-125.14834393555084,48.77309977392853],[-125.14873072140747,48.77294025878615],[-125.14921474382471,48.77339886487131],[-125.14871295614326,48.77347157163781],[-125.14834393555084,48.77309977392853]]],[[[-124.90549674457273,48.679749973911406],[-124.90591812737028,48.67973286335664],[-124.9066644373508,48.680396563458075],[-124.90628434856832,48.680420770755404],[-124.90549674457273,48.679749973911406]]],[[[-125.03619154807622,48.96874346291537],[-125.03623633530543,48.96853546010755],[-125.037290941628,48.96827346907359],[-125.03658035925179,48.96891576403298],[-125.03619154807622,48.96874346291537]]],[[[-125.09137264060601,48.71961006285096],[-125.09186314720543,48.71951966957515],[-125.09223584516538,48.71964777506575],[-125.09124193568944,48.719962562102005],[-125.09137264060601,48.71961006285096]]],[[[-125.07682844302464,48.90687866418842],[-125.07747466543617,48.90697406854668],[-125.07727653123494,48.90744547137939],[-125.0767032473443,48.90715065903753],[-125.07682844302464,48.90687866418842]]],[[[-125.09242073617638,48.71988707620526],[-125.09313724549345,48.71945125220686],[-125.09338795601981,48.71960935924799],[-125.09286693311178,48.720122075296814],[-125.09242073617638,48.71988707620526]]],[[[-125.11866154890278,48.90370545231284],[-125.11942233857091,48.903628573546754],[-125.11968835322578,48.90375815407468],[-125.11915474115403,48.904092867707796],[-125.11866154890278,48.90370545231284]]],[[[-124.91478524892665,48.682824857362895],[-124.91549225179152,48.68282207035233],[-124.91583294456652,48.683230771040826],[-124.91505586654968,48.6831453681941],[-124.91478524892665,48.682824857362895]]],[[[-125.1639437435849,48.8747337518454],[-125.16469823018173,48.874762766265405],[-125.16488634394959,48.87502046983953],[-125.16417982448246,48.87510596777802],[-125.1639437435849,48.8747337518454]]],[[[-125.09027884725326,48.87762105359016],[-125.08962924643214,48.87770514964311],[-125.0910545321284,48.877219463248906],[-125.0905759316016,48.87754416186401],[-125.09027884725326,48.87762105359016]]],[[[-124.88080615613006,48.67520676871731],[-124.8815390291744,48.67516835967328],[-124.88179314956457,48.67547876863609],[-124.88128382928228,48.67561266160553],[-124.88080615613006,48.67520676871731]]],[[[-125.05715975689975,48.90122166071658],[-125.05775753270062,48.90108497356401],[-125.0582902331218,48.901093464596],[-125.05746222469206,48.901539259527944],[-125.05715975689975,48.90122166071658]]],[[[-125.21221335534828,48.782785853060524],[-125.2127649389525,48.78264915686679],[-125.21296713670024,48.782906856657526],[-125.21226105445095,48.783261559227405],[-125.21221335534828,48.782785853060524]]],[[[-125.12408004813737,48.88342616553753],[-125.12489392377363,48.88333076479166],[-125.12508433632756,48.883624179699574],[-125.12449104754313,48.88379647129124],[-125.12408004813737,48.88342616553753]]],[[[-125.11894872970109,48.899202167188754],[-125.11964255847788,48.89884755791476],[-125.12030074551532,48.89922205080451],[-125.1199928568548,48.89936307194504],[-125.11894872970109,48.899202167188754]]],[[[-125.10706093735662,48.862147068134256],[-125.10797794046424,48.8618963747456],[-125.10829354376213,48.86195336846222],[-125.10755355365582,48.862497463496645],[-125.10706093735662,48.862147068134256]]],[[[-125.05471925699914,48.900545155730924],[-125.05534774293453,48.900560871117015],[-125.05563355090862,48.900869852072454],[-125.0544084410223,48.9009638540617],[-125.05471925699914,48.900545155730924]]],[[[-125.02689652893548,48.970040856588355],[-125.02743293663102,48.96977027626474],[-125.02789035754006,48.96996826460588],[-125.02733364452065,48.97035705373072],[-125.02689652893548,48.970040856588355]]],[[[-125.08540383104024,48.971858165578816],[-125.0859650494214,48.97188387485949],[-125.08572244722905,48.9726172719512],[-125.08508593871714,48.97244926945992],[-125.08540383104024,48.971858165578816]]],[[[-125.200119143739,48.8502150490494],[-125.20081266247264,48.85049847027975],[-125.20089452786236,48.85077615750438],[-125.2000548530892,48.850908671465824],[-125.200119143739,48.8502150490494]]],[[[-125.09870495351316,48.86156175777112],[-125.09952885251069,48.86137515780559],[-125.09988925187922,48.8615132630621],[-125.09842334206382,48.861990370260386],[-125.09870495351316,48.86156175777112]]],[[[-125.19306123287764,48.830934072542846],[-125.19392753322018,48.83049547395667],[-125.19413865436398,48.83065355513843],[-125.19343485089345,48.83136845157548],[-125.19306123287764,48.830934072542846]]],[[[-125.21122115582692,48.79677725434597],[-125.21170745161487,48.796677549616405],[-125.21184595361272,48.797053565760464],[-125.21115284465958,48.797408151668236],[-125.21122115582692,48.79677725434597]]],[[[-125.13265834605603,48.768794473325826],[-125.13326885810571,48.768764465328935],[-125.13367432867422,48.76931566668807],[-125.13308994872918,48.76936125674597],[-125.13265834605603,48.768794473325826]]],[[[-125.08826263818028,48.71892856493834],[-125.08889685889922,48.71915926390612],[-125.08851623522068,48.71981446806294],[-125.08810133899024,48.719660669810246],[-125.08826263818028,48.71892856493834]]],[[[-125.19225652963738,48.78250246283783],[-125.19261655029959,48.78174905902683],[-125.19343674597395,48.781823064893764],[-125.19253855853054,48.78274025885092],[-125.19225652963738,48.78250246283783]]],[[[-125.16167335568186,48.87168925235618],[-125.1625206476657,48.87173626739805],[-125.16252672407359,48.87219485768576],[-125.16159713298707,48.87210377436709],[-125.16167335568186,48.87168925235618]]],[[[-125.13484833677279,48.89539945131409],[-125.13399503127737,48.89525425539907],[-125.13559083968093,48.894918155314244],[-125.13554344090636,48.89509047761209],[-125.13484833677279,48.89539945131409]]],[[[-125.17089354999771,48.8707321572527],[-125.17145395350342,48.87045167247231],[-125.17214463141332,48.87097005660936],[-125.17123223168866,48.870995665208],[-125.17089354999771,48.8707321572527]]],[[[-125.19996335204917,48.77538275345692],[-125.2010693453216,48.775172069501984],[-125.20131473965708,48.775465455911515],[-125.20005752958345,48.77569616233472],[-125.19996335204917,48.77538275345692]]],[[[-125.19934502856718,48.850301972337434],[-125.19876952555035,48.85020506520785],[-125.19992215116392,48.84976925726644],[-125.19974975221767,48.85048275847212],[-125.19934502856718,48.850301972337434]]],[[[-125.17068503484765,48.77383327468096],[-125.17107943850732,48.77384327275992],[-125.17193235661473,48.7746906613764],[-125.17081034914162,48.77455964776279],[-125.17068503484765,48.77383327468096]]],[[[-125.13041983613896,48.7615665529669],[-125.13097472751737,48.761519558361904],[-125.13193852709077,48.762096362187584],[-125.13067032989007,48.76205645651099],[-125.13041983613896,48.7615665529669]]],[[[-125.16840485301589,48.77512526274307],[-125.16971642442347,48.775075162951524],[-125.17028395581754,48.77528027263162],[-125.16824661908808,48.77536285967313],[-125.16840485301589,48.77512526274307]]],[[[-125.07790541976145,48.95912856048079],[-125.07879123537428,48.959102972273804],[-125.0793724548776,48.959578668039505],[-125.07827784095498,48.95955306181302],[-125.07790541976145,48.95912856048079]]],[[[-125.12382164008457,48.74066196926045],[-125.12535484691153,48.74057085227009],[-125.12539782271728,48.74095686556536],[-125.12425745023349,48.74099666989567],[-125.12382164008457,48.74066196926045]]],[[[-125.12384773270817,48.92494186883307],[-125.12376732980786,48.92436646134776],[-125.12514732301565,48.92436795802498],[-125.12424274889733,48.9249247682146],[-125.12384773270817,48.92494186883307]]],[[[-125.18069853829974,48.81184675812015],[-125.18123124893131,48.81177987351423],[-125.18227033243235,48.812174362493586],[-125.18116024932512,48.81233967231249],[-125.18069853829974,48.81184675812015]]],[[[-125.01258213035436,48.902140611228006],[-125.01171973014112,48.90116728072797],[-125.01299423049356,48.901361274429426],[-125.01258213035436,48.902140611228006]]],[[[-125.0342910418973,48.91144996239599],[-125.03488712300592,48.9115215643674],[-125.03488472455426,48.91215956398584],[-125.03398023935281,48.91203285703738],[-125.0342910418973,48.91144996239599]]],[[[-124.88424685671687,48.67497035388249],[-124.88499546007385,48.67391496669667],[-124.88569785824792,48.674155656530445],[-124.8854110206777,48.674853559724085],[-124.88424685671687,48.67497035388249]]],[[[-125.07597302172414,48.90465405934722],[-125.07686922631602,48.90454716661122],[-125.07734312628142,48.90480925875262],[-125.07661143078757,48.905253674148405],[-125.07597302172414,48.90465405934722]]],[[[-125.12229695708164,48.73999836282681],[-125.12286674300853,48.73995135222882],[-125.12376732305793,48.74034865745249],[-125.1224010392577,48.74051817070872],[-125.12229695708164,48.73999836282681]]],[[[-125.15790614076536,48.745336257501755],[-125.15771976517114,48.74479226833481],[-125.15925834224694,48.74482637274607],[-125.15891463006459,48.74538047152782],[-125.15790614076536,48.745336257501755]]],[[[-125.09501904699184,48.94139295660348],[-125.09620775379832,48.941424268304615],[-125.0964910358706,48.94163505979212],[-125.09546994664544,48.942049467556686],[-125.09501904699184,48.94139295660348]]],[[[-125.09885474558169,48.93550235129469],[-125.09812495062744,48.93533574970788],[-125.10003536008116,48.935021067012315],[-125.09996235423186,48.935184752844194],[-125.09885474558169,48.93550235129469]]],[[[-125.21508814132167,48.79365256627004],[-125.21500084558349,48.79321395904689],[-125.21667264290747,48.793172569382854],[-125.21619414216552,48.793722356253625],[-125.21508814132167,48.79365256627004]]],[[[-125.2025071348052,48.78189285825823],[-125.2033744396425,48.782083761772896],[-125.2035232559195,48.782691861179096],[-125.20259635383731,48.78268326819524],[-125.2025071348052,48.78189285825823]]],[[[-125.11097733274849,48.928273164469665],[-125.11191385291616,48.92815636400895],[-125.11237793873849,48.928498159916785],[-125.11146645199956,48.928902564088865],[-125.11097733274849,48.928273164469665]]],[[[-125.07896823867651,48.905471555728255],[-125.07999505045893,48.90521085114637],[-125.0807583423779,48.90588025309236],[-125.07972546036474,48.90597146331521],[-125.07896823867651,48.905471555728255]]],[[[-125.20067144896433,48.77943605998817],[-125.20069323594667,48.77840067597876],[-125.20130353309993,48.778335156994366],[-125.2015242504471,48.77933786522025],[-125.20067144896433,48.77943605998817]]],[[[-125.18144464755498,48.85212635640372],[-125.18289965932101,48.852045161577244],[-125.18306182771701,48.85233855949906],[-125.18246332926658,48.85301507163892],[-125.18144464755498,48.85212635640372]]],[[[-125.11116833489616,48.929564879417406],[-125.11201923292883,48.92934127027741],[-125.11310102959715,48.92973575924893],[-125.11182154296573,48.93019155222232],[-125.11116833489616,48.929564879417406]]],[[[-125.08576854656755,48.95671026546484],[-125.0874277417367,48.956500977257306],[-125.08820864793246,48.956899760067],[-125.08596483801095,48.95714757196941],[-125.08576854656755,48.95671026546484]]],[[[-125.12047765816284,48.92543856417071],[-125.12152225587343,48.92583915586957],[-125.12019794051932,48.92678907432457],[-125.1199925502652,48.92647007220651],[-125.12047765816284,48.92543856417071]]],[[[-125.03198992430765,48.98743045847285],[-125.03168653527001,48.98632955224855],[-125.03336542215641,48.98664146325665],[-125.03326523813453,48.986867950773025],[-125.03198992430765,48.98743045847285]]],[[[-125.07582064038193,48.88486317339162],[-125.07725486417493,48.88454986808535],[-125.07777315146313,48.88519786578853],[-125.07665015906164,48.88542436355157],[-125.07582064038193,48.88486317339162]]],[[[-125.21353202468555,48.78304936062243],[-125.2144023502035,48.78305076778615],[-125.21326353412113,48.78410605902279],[-125.21287093119855,48.783520762514314],[-125.21353202468555,48.78304936062243]]],[[[-125.20251772895853,48.836844556750876],[-125.204251347591,48.83692005022974],[-125.20450734658134,48.838066568880066],[-125.20398613623951,48.8380138698401],[-125.20251772895853,48.836844556750876]]],[[[-125.18517174903931,48.78271746302349],[-125.18537584086953,48.78176897383862],[-125.18740703611971,48.78244116424605],[-125.18658464980228,48.78294245689385],[-125.18517174903931,48.78271746302349]]],[[[-125.08935034463738,48.71827916982154],[-125.09141024674172,48.71844865672129],[-125.09166305655397,48.7186422699419],[-125.09021564758227,48.71916355938402],[-125.08935034463738,48.71827916982154]]],[[[-125.08367264517219,48.97491166357252],[-125.08269574585307,48.975074055134705],[-125.08226204037065,48.97484756775799],[-125.0832916530914,48.97396606721873],[-125.08367264517219,48.97491166357252]]],[[[-125.0713946549076,48.72175276815207],[-125.07020112989544,48.72212446722638],[-125.06952662843149,48.72194787028709],[-125.0721135553484,48.72135255323699],[-125.0713946549076,48.72175276815207]]],[[[-125.19808154089945,48.82733936450061],[-125.19684503242702,48.82709295439227],[-125.19681613976587,48.82644495151173],[-125.19894904964453,48.82725105982962],[-125.19808154089945,48.82733936450061]]],[[[-125.08427982433619,48.97277826870989],[-125.0847941584144,48.97364126822889],[-125.0832419529803,48.97376805442552],[-125.0834014362065,48.973298071250746],[-125.08427982433619,48.97277826870989]]],[[[-125.20331632168362,48.84662745888816],[-125.20450474491226,48.84517337094833],[-125.20536723644506,48.84524735535778],[-125.20543726251186,48.84557926557382],[-125.20331632168362,48.84662745888816]]],[[[-125.09213885044053,48.942767265161386],[-125.09326043638093,48.9424681793014],[-125.09331943119523,48.94385255619203],[-125.09268382671392,48.944026258133206],[-125.09213885044053,48.942767265161386]]],[[[-125.15825724127085,48.859174774675715],[-125.15910933469141,48.857747668246404],[-125.16083925327756,48.8577149521783],[-125.15933122332227,48.85876886709665],[-125.15825724127085,48.859174774675715]]],[[[-125.18368794686914,48.85544897103815],[-125.1837335290666,48.85460156627675],[-125.18564423945035,48.85495195456155],[-125.18441743689924,48.85560566553748],[-125.18368794686914,48.85544897103815]]],[[[-125.1609575492281,48.87025366349613],[-125.15953934845209,48.87025367015929],[-125.15936794184923,48.86975237250365],[-125.16207943541735,48.87004425731705],[-125.1609575492281,48.87025366349613]]],[[[-124.8924781504325,48.67528655588141],[-124.89377836037193,48.675534367046204],[-124.89399663718463,48.67592597154859],[-124.89228783662944,48.67638606222539],[-124.8924781504325,48.67528655588141]]],[[[-125.08009534454698,48.94674505606701],[-125.07856923242166,48.94749287789138],[-125.07668153649738,48.947410255404826],[-125.08045755391258,48.94625376589494],[-125.08143834010744,48.946514373741806],[-125.08009534454698,48.94674505606701]]],[[[-124.9726089462928,48.983243360387384],[-124.97207793470801,48.98367625898422],[-124.97119592894832,48.98311517358836],[-124.97362305248227,48.982317568139386],[-124.9726089462928,48.983243360387384]]],[[[-125.16778233960032,48.773762066229835],[-125.17002342604667,48.773961460735094],[-125.17041513059041,48.77453116386268],[-125.16842063268598,48.77466645419805],[-125.16778233960032,48.773762066229835]]],[[[-125.02811823545224,48.96915505496855],[-125.03074985835613,48.96901836375524],[-125.03117975688755,48.96919066387047],[-125.02946474100945,48.970013874259394],[-125.02811823545224,48.96915505496855]]],[[[-125.13734892804382,48.82219227216031],[-125.13839653501435,48.82150726945277],[-125.13905203559226,48.82156707331145],[-125.13728752601925,48.82363356696514],[-125.13734892804382,48.82219227216031]]],[[[-125.09542985079138,48.93557355832063],[-125.09722814946974,48.93545114817287],[-125.0989446624637,48.93600376647784],[-125.09601144164262,48.936759956613315],[-125.09542985079138,48.93557355832063]]],[[[-125.21345323788049,48.785291063551014],[-125.21457503175439,48.78355917286295],[-125.21610074834517,48.78419585637941],[-125.21449144209157,48.78537785415168],[-125.21345323788049,48.785291063551014]]],[[[-125.03398222995212,48.97087836491595],[-125.03359256284573,48.9700394638824],[-125.03653813210906,48.96957377370516],[-125.03539452031255,48.970673261681775],[-125.03398222995212,48.97087836491595]]],[[[-125.15088522271022,48.81948486321263],[-125.15060374034911,48.8177174568122],[-125.15231194284098,48.81779436347667],[-125.15193973722137,48.81897076301354],[-125.15088522271022,48.81948486321263]]],[[[-125.24027303465421,48.831421168188555],[-125.24054226146266,48.82980466480719],[-125.24253716125179,48.83053956072749],[-125.24186723841237,48.83172307419083],[-125.24027303465421,48.831421168188555]]],[[[-125.16003154757651,48.87407624726461],[-125.15797475625003,48.87321605688988],[-125.16102765653663,48.87284286015283],[-125.16249155030532,48.87449786467598],[-125.16003154757651,48.87407624726461]]],[[[-125.23189013807801,48.81846656041865],[-125.22983535391997,48.81914445538485],[-125.23098605481493,48.817764466952056],[-125.22998555017281,48.81703666320351],[-125.23398085646575,48.81711216933557],[-125.23189013807801,48.81846656041865]]],[[[-125.03611765213024,48.90787416697917],[-125.03751754225388,48.90741696439237],[-125.03919832853119,48.908107762576705],[-125.03689713240904,48.90957895533151],[-125.03611765213024,48.90787416697917]]],[[[-125.11440934037236,48.913203575737086],[-125.11163125463304,48.91144605511183],[-125.11145824090791,48.910548862430915],[-125.11597624387223,48.91249144999933],[-125.11440934037236,48.913203575737086]]],[[[-125.0312509310227,48.93796347235297],[-125.02912164451156,48.93799195266496],[-125.02876202553166,48.93689096838994],[-125.03119884554981,48.93600375030145],[-125.03233034840159,48.937305448525876],[-125.0312509310227,48.93796347235297]]],[[[-125.15467084766067,48.75081376366544],[-125.15371303922467,48.749067662950765],[-125.15601373467594,48.747522465391945],[-125.15508553553327,48.749042076331065],[-125.15709941967465,48.74997635775223],[-125.15467084766067,48.75081376366544]]],[[[-125.1129590626168,48.83284536992666],[-125.1145318545437,48.83232986187502],[-125.11599204717814,48.832690154567736],[-125.11148125177832,48.834320872716496],[-125.1129590626168,48.83284536992666]]],[[[-125.1964589345672,48.83229985622933],[-125.19555065862322,48.83085146857087],[-125.19813163444772,48.82911107872918],[-125.19893935754577,48.83011237009082],[-125.19763454969667,48.83114347402937],[-125.19900302713461,48.83158636071148],[-125.1964589345672,48.83229985622933]]],[[[-125.20818332572716,48.84137925732529],[-125.20486975119363,48.83918456606116],[-125.20481963516012,48.83899656187426],[-125.20835392411391,48.83906346331938],[-125.20991284137976,48.840454973721386],[-125.20818332572716,48.84137925732529]]],[[[-125.11992182524756,48.85413875777786],[-125.11769875863578,48.853161770994696],[-125.11609125758883,48.853821155004745],[-125.1215889486942,48.850689252960116],[-125.12215084876583,48.85301785055635],[-125.11992182524756,48.85413875777786]]],[[[-125.1307268377222,48.91879497541089],[-125.12826005285186,48.91795046427244],[-125.13268883868476,48.91552926660247],[-125.1359910634287,48.91582836332935],[-125.1307268377222,48.91879497541089]]],[[[-125.21503075034612,48.78926454958407],[-125.21290904581724,48.78621816403661],[-125.21632273984733,48.785216953923886],[-125.21789282624552,48.78874046459829],[-125.21503075034612,48.78926454958407]]],[[[-125.08137775873489,48.958859468143544],[-125.07761136773739,48.957640266736576],[-125.08168083326136,48.95760327826254],[-125.08506512350759,48.95425785788379],[-125.08712975176924,48.95492295910684],[-125.08137775873489,48.958859468143544]]],[[[-125.022243955399,48.895514867589924],[-125.02046192649097,48.89532115637251],[-125.02263785111693,48.892781856670716],[-125.03092754398502,48.89059276554449],[-125.022243955399,48.895514867589924]]],[[[-124.99399694752863,48.991728755486555],[-124.98911872492926,48.990768866489375],[-124.9862970494795,48.98757006935853],[-124.99267062178123,48.987981657397995],[-124.99445883640459,48.990650663977355],[-124.99629093686596,48.98996985516803],[-124.99399694752863,48.991728755486555]]],[[[-125.24986322932033,48.83074756234687],[-125.24565784161713,48.8296337719108],[-125.24349473210884,48.82758865344888],[-125.24595403574392,48.8283405710223],[-125.24582153120541,48.826903556503034],[-125.2487632364425,48.82622566531231],[-125.25210633513309,48.829390279874126],[-125.24986322932033,48.83074756234687]]],[[[-125.19900493133875,48.835381855370194],[-125.1966407411964,48.83428525791719],[-125.19806044329925,48.832134664941734],[-125.20219114522664,48.8315521765624],[-125.20386165472762,48.83296785404679],[-125.20347284212146,48.83593597138189],[-125.19900493133875,48.835381855370194]]],[[[-125.10983246138439,48.935472462659725],[-125.10506552675487,48.93545116787611],[-125.11555226187667,48.93089646168437],[-125.11853232344808,48.93164276004718],[-125.10983246138439,48.935472462659725]]],[[[-125.14384203451999,48.82302547619924],[-125.14001312655725,48.82461776600556],[-125.13945205759292,48.82357517230911],[-125.14133154656298,48.820723971123435],[-125.14514106121572,48.81994346855899],[-125.14513713709898,48.818574776503944],[-125.14869813610694,48.81836546399886],[-125.14639154368041,48.82240307437002],[-125.14384203451999,48.82302547619924]]],[[[-125.08971884615157,48.95116864916018],[-125.0866135306546,48.94975016702099],[-125.08860704358243,48.948093866313144],[-125.08722645755208,48.94809236941888],[-125.08744584604149,48.946468770967364],[-125.09097685694744,48.94630646686418],[-125.09086502230247,48.947891566328906],[-125.09500864522316,48.948355851705436],[-125.09227154830204,48.95017745984064],[-125.09238845145555,48.952280962783796],[-125.08971884615157,48.95116864916018]]],[[[-125.16747455152638,48.87304655928259],[-125.16411005489921,48.8725153613137],[-125.16433915812526,48.86647526731887],[-125.1658439484312,48.865627861008385],[-125.16580162631736,48.86492716544109],[-125.17372065701484,48.866109261564105],[-125.16969633603087,48.86828116876038],[-125.17010343717602,48.86951447944469],[-125.16768753556734,48.87073077578369],[-125.16851485417625,48.871578151563746],[-125.1658031357755,48.87191717247749],[-125.16747455152638,48.87304655928259]]],[[[-125.03303814886233,48.92916897419429],[-125.02541075554414,48.92830445853929],[-125.02676942336436,48.92642736480166],[-125.03035095317522,48.926193770565796],[-125.02408122686825,48.924775264062646],[-125.02525614718532,48.92212766649388],[-125.02781164072844,48.92217176014873],[-125.02737104451609,48.919048470653415],[-125.03203173951866,48.920551056043735],[-125.03236403447211,48.92467417246032],[-125.03570032936582,48.92816917103526],[-125.03303814886233,48.92916897419429]]],[[[-125.17784513451362,48.85431815254564],[-125.16910623734347,48.85557147044235],[-125.16703444913017,48.85276724842395],[-125.16310462445651,48.85203945607435],[-125.16189974003406,48.848769461863675],[-125.1673881188518,48.846768461393914],[-125.17020794393622,48.848280965214535],[-125.17460993333852,48.84729827730433],[-125.17986624170798,48.85002416291862],[-125.17784513451362,48.85431815254564]]],[[[-125.2128388384092,48.83538757060074],[-125.20307993226544,48.83195805858575],[-125.20350463432396,48.82890036849683],[-125.212621619128,48.82796885849961],[-125.21192932926279,48.825257154516336],[-125.21556093386948,48.82417906671878],[-125.21408055884756,48.822740670324556],[-125.21697003104794,48.821534360102426],[-125.21869996253538,48.822445762171135],[-125.21972984987116,48.82016705134947],[-125.22225305067877,48.8202453536918],[-125.22540573395011,48.82466475806854],[-125.22221026308317,48.82509486645255],[-125.22120543920893,48.8264008562311],[-125.22233393792686,48.82730525414911],[-125.21622076255954,48.82896156142514],[-125.21888254813112,48.830304563833565],[-125.2183482370055,48.83178147928943],[-125.21359113891074,48.83328546314314],[-125.21522323935243,48.836294875957044],[-125.2128388384092,48.83538757060074]]],[[[-125.20687164198957,48.84874526157517],[-125.20147244033244,48.85030617838373],[-125.19970473817328,48.84821686168133],[-125.19392436194926,48.849757861441944],[-125.18318666459005,48.84800896359715],[-125.18277103461827,48.846271374455114],[-125.1851759405086,48.84451675143264],[-125.1842747402164,48.84106025281678],[-125.18657635734799,48.839425263071405],[-125.18531155530847,48.83699266187023],[-125.18984223564908,48.835557058062236],[-125.1862067353702,48.83437497786989],[-125.18748653438456,48.83282117748539],[-125.19027853395954,48.833380865455254],[-125.1887716304426,48.830395763385305],[-125.19116334597669,48.82990864938331],[-125.19250874983497,48.8348577621652],[-125.20419183576341,48.84267815533692],[-125.20153474800864,48.84706616673429],[-125.20692433834161,48.84592817574416],[-125.20826034933049,48.84718006080117],[-125.20687164198957,48.84874526157517]]],[[[-125.13328012949218,48.8976782550647],[-125.1217037468529,48.89692905822391],[-125.11911725187989,48.89385566647484],[-125.12035173539105,48.892032657714545],[-125.11464233818727,48.892569553302586],[-125.11720034638559,48.8917307655153],[-125.11919523590815,48.887952376794935],[-125.12225103988536,48.88794096277697],[-125.12192536372173,48.88472646804857],[-125.12570501814305,48.88571775969516],[-125.12659155374351,48.883451874628236],[-125.13086383020969,48.88127706907204],[-125.13657812324841,48.88059625847348],[-125.1395190360733,48.88207037880605],[-125.1438409650615,48.87885876843055],[-125.14838193288524,48.87817225575378],[-125.15209174445775,48.87470147010835],[-125.16020286337744,48.87491936405442],[-125.15941865364374,48.8756713528477],[-125.16298194210896,48.87673805481235],[-125.15815394019664,48.879267475366255],[-125.15887343877881,48.88170995894762],[-125.14998226013167,48.88466525752871],[-125.14613432646563,48.88176696762558],[-125.14228046110222,48.88287355914731],[-125.14049174194339,48.88604675290167],[-125.1419119600757,48.88861177138453],[-125.14084923857042,48.890547269063546],[-125.13616995894135,48.89155277046718],[-125.13359503613796,48.89356087033307],[-125.1360464293148,48.89376736850943],[-125.13105885260222,48.895802571576574],[-125.13303214472262,48.89603615864175],[-125.13328012949218,48.8976782550647]]],[[[-125.06505104267404,48.98496377691455],[-125.04774545123097,48.986936252266986],[-125.04930442823884,48.98595506703431],[-125.04803672533372,48.98572576271783],[-125.0393345434291,48.98854276693985],[-125.0340939517339,48.985054958001896],[-125.02568613985143,48.984338575701344],[-125.02192293065494,48.98153566005195],[-125.02886144149494,48.97705937426818],[-125.03056604662798,48.97795527216323],[-125.02980193857493,48.97899487274715],[-125.03246504754256,48.97892935178879],[-125.0299296544833,48.97475506228802],[-125.03404535733654,48.97345895820412],[-125.03692033540798,48.973921857943594],[-125.0375195488258,48.97554835013789],[-125.03124723119856,48.984304369386834],[-125.036724342078,48.98185896536877],[-125.0382997359802,48.97792675518557],[-125.03988625843482,48.97826856933818],[-125.03831656272192,48.97963576797943],[-125.03996332659146,48.980470362903404],[-125.04405513072142,48.97959737040915],[-125.04800806026456,48.96869645927362],[-125.05149296378258,48.96733776936521],[-125.05577585692359,48.96882745652535],[-125.05697713943701,48.96713266073351],[-125.05776642505447,48.968414469599175],[-125.05872894239934,48.96622827087755],[-125.06637075003083,48.96235015514479],[-125.07158643401866,48.964540563241485],[-125.08284806020359,48.965922067066025],[-125.0801884388401,48.96835316984028],[-125.08180716287539,48.96917926390347],[-125.07888332058528,48.97018616200851],[-125.08266375748997,48.97267287267451],[-125.08128163235891,48.97558535455475],[-125.07797403995129,48.97821726597551],[-125.0747125373544,48.97797945293289],[-125.07401086734662,48.981168266227264],[-125.06689974749288,48.984705949330575],[-125.06872264206547,48.985509278381215],[-125.06505104267404,48.98496377691455]]],[[[-125.06771744947712,48.95329365755837],[-125.06298585470714,48.95447567014214],[-125.0536531247744,48.95173556669786],[-125.05063444723085,48.952760975126026],[-125.04902164334516,48.94975875522315],[-125.04666174538603,48.94915206932077],[-125.04891962312598,48.94857236274734],[-125.04573262642414,48.943114769188014],[-125.04607246522383,48.940760567919305],[-125.04956644033906,48.93835935208516],[-125.05623322656406,48.936422464226204],[-125.0555500349993,48.93176527828709],[-125.05912253455557,48.926313364303404],[-125.05844741998852,48.9228611580601],[-125.06002706018585,48.920781768861445],[-125.05719033483851,48.921166266161876],[-125.06278743527912,48.917872077369985],[-125.06220993693938,48.916127467627554],[-125.06442133534681,48.912139668491825],[-125.07117002950588,48.90765485990471],[-125.08097685069652,48.90786416415729],[-125.08168875541529,48.904280868799304],[-125.0843910262846,48.90263026863553],[-125.08159194553348,48.90161047773907],[-125.0822138394941,48.89984446120501],[-125.08698443769724,48.89676246054307],[-125.09541124069655,48.89564736513867],[-125.10051813704862,48.897038754098034],[-125.10434103598851,48.89415337502619],[-125.11158893923509,48.89358797845204],[-125.11595384060244,48.89582105804927],[-125.1150906526873,48.89833767402882],[-125.11847023006311,48.90496876752104],[-125.10868075336947,48.90587746144379],[-125.10736113803738,48.90824875912837],[-125.10438864107718,48.90929267388742],[-125.10761463144932,48.91100597576082],[-125.10653555084451,48.91359094706172],[-125.10832863565402,48.91465485666924],[-125.10705475334014,48.91589246461141],[-125.11175574056671,48.91403385339309],[-125.11222183394531,48.915079253658995],[-125.11016563649034,48.91586257099259],[-125.11134184914641,48.91654335711498],[-125.10663903871297,48.91768126220067],[-125.1080736557761,48.9193105600721],[-125.10400514495687,48.918000275892375],[-125.10078685196054,48.91906557070034],[-125.10601184925915,48.9232257701962],[-125.1044905437045,48.92438786644134],[-125.10802894706089,48.92408026608286],[-125.10652604358079,48.926041378180535],[-125.10002983963035,48.93093776029014],[-125.09402832891391,48.93244036672],[-125.09727615567547,48.93236346756116],[-125.09854135905032,48.93322226311983],[-125.09504204924225,48.93348426421598],[-125.09096463264945,48.93621166590414],[-125.08436462609454,48.93581006450668],[-125.08540395377501,48.936798458285054],[-125.08400623716184,48.93831805916051],[-125.08874525764696,48.9396354570347],[-125.08311113445272,48.94177037996592],[-125.08479844682178,48.942594955182365],[-125.08002563644445,48.945731058020364],[-125.07634404834334,48.94620106529172],[-125.07531035569663,48.94828897247454],[-125.06944892684133,48.94860226311563],[-125.06771744947712,48.95329365755837]]],[[[-125.20330528589302,49.18425764326453],[-125.20055319204326,49.184542630688995],[-125.19586919661184,49.188139564596646],[-125.190137024924,49.18818838365696],[-125.17246682126724,49.1841141028476],[-125.16804497285433,49.18669921115925],[-125.16451648691468,49.1921317833599],[-125.16467338751313,49.195713915049794],[-125.15649463963356,49.19744491062259],[-125.15346162629888,49.19662130618205],[-125.14898306941024,49.19467668083182],[-125.14426992429458,49.19009218435759],[-125.13112748279686,49.18748239006886],[-125.1212294352929,49.183039006127295],[-125.1057312253729,49.16995252056309],[-125.08738361051248,49.16612505525227],[-125.07945803339939,49.16260298360831],[-125.07278382585125,49.15285299870865],[-125.07274372503032,49.145144339050326],[-125.06914460100705,49.1439281892371],[-125.06047334140199,49.145081504173646],[-125.04140771816196,49.14264832479292],[-125.04170126218611,49.16555282118464],[-125.04477960785967,49.171851958332155],[-124.9999790483055,49.146539999111674],[-125.00001202957408,49.153507197867974],[-124.9954013961328,49.15027424643513],[-124.92830927544763,49.14925308188761],[-124.91825023158175,49.149417340525176],[-124.91821012273971,49.15224757475438],[-124.90182508636227,49.152408991397685],[-124.90032251288365,49.13285444673922],[-124.89017934553092,49.132608932913655],[-124.890303808539,49.14562819805743],[-124.84105683885929,49.14535312261791],[-124.84104838418362,49.15254323825568],[-124.82552035959411,49.15262701947135],[-124.82007812139193,49.146092746545186],[-124.81177676126909,49.14565446832531],[-124.81232235868893,49.14065265964138],[-124.81402073940572,49.13872855777679],[-124.81451753142224,49.130200376835475],[-124.81707233017585,49.12656296418331],[-124.81660404645467,49.12053285094034],[-124.83013375736158,49.11462526158629],[-124.82534006000019,49.11318106992766],[-124.8243713467299,49.11145915960084],[-124.82791343363877,49.11162866951265],[-124.83129803229205,49.11085536616265],[-124.83172973599996,49.11031695355734],[-124.82734133779331,49.11135806732897],[-124.82443574286336,49.10905656364586],[-124.82733472902373,49.104791058691134],[-124.83745384152765,49.101670550684446],[-124.83318024062046,49.092041574247894],[-124.83400853260993,49.091083056079135],[-124.83135753485212,49.08789565284483],[-124.83708152439556,49.08376545936803],[-124.8447017454792,49.08173735804366],[-124.84770583840323,49.07891886718519],[-124.85578143513673,49.07581977735796],[-124.85835004276832,49.073106655120036],[-124.85502385264444,49.07164826559735],[-124.85551825186279,49.06988655388796],[-124.86681876288002,49.06561956501912],[-124.8762316563846,49.0643249696743],[-124.88326904203632,49.065442971589796],[-124.88610944147264,49.06380376834952],[-124.88321514179721,49.06403155470353],[-124.88465276801,49.0614794679981],[-124.88043004116835,49.060217555388476],[-124.88215094614308,49.06016206624752],[-124.88149213661053,49.05937295997425],[-124.86783486202125,49.057632670232486],[-124.86310985867217,49.05541516461912],[-124.86431512721525,49.05177915922272],[-124.86228743859107,49.048070455885316],[-124.86177755543005,49.04026866632198],[-124.86628093446892,49.03554596523911],[-124.86580575017753,49.02719586341437],[-124.87118562972807,49.01930006866437],[-124.8708171530351,49.01420416060184],[-124.87242813634768,49.0123342657149],[-124.89314342331278,49.00279345922409],[-124.89648395433142,48.997889874090184],[-124.89556183543787,48.99519668014016],[-124.91146485335788,48.98492955179554],[-124.93581553405336,48.982635160781285],[-124.94930975117848,48.986896449531415],[-124.95463264601811,48.987058760901],[-124.9671828253791,48.983606465402325],[-124.97062954834847,48.9836819762926],[-124.97459344021547,48.98646626566855],[-124.97563473999217,48.985819770931066],[-124.97452494677252,48.984047952957916],[-124.97782303051447,48.984495155622334],[-124.98451393753992,48.980493154428665],[-124.98635192508198,48.98410495940841],[-124.98447494466944,48.98641356543566],[-124.97590225859557,48.98772107016372],[-124.99679184981014,49.00146897392368],[-125.00460684474538,49.00404104834976],[-125.00436514911677,49.005537859310245],[-125.01010763537504,49.005852652020664],[-125.01232792013862,49.00901586287154],[-125.0174191568812,49.00944026211029],[-125.01699644895164,49.01183145390318],[-125.02285573116738,49.0119710590558],[-125.0264217418564,49.015292256442024],[-125.03383663820907,49.01630347628181],[-125.03330734313776,49.01909355335795],[-125.02889114497174,49.01950365552171],[-125.02364424932472,49.025021067556914],[-125.02644303782503,49.027257072488794],[-125.02988442674815,49.02713287689946],[-125.02943995454638,49.03015303308148],[-125.05704289994773,49.031134265285864],[-125.0579897790261,49.01868721782272],[-125.04715532788731,49.01826342045752],[-125.05059774555222,49.01612406340754],[-125.04774912963143,49.014393665109836],[-125.05150262683294,49.01385816141988],[-125.0410168391943,49.01094986241159],[-125.03912594118509,49.00985895576494],[-125.04034223819534,49.00849735189376],[-125.01879815449398,49.00159856022065],[-125.01623335349514,48.99936676622518],[-125.01294473895175,48.99988237410512],[-125.0124009551603,48.996599558491454],[-125.00215793114292,48.989679376431674],[-125.00076326607157,48.98489116716799],[-124.99753143971489,48.98202275467843],[-124.99846332431527,48.980037459362464],[-124.99353734240633,48.977503772914176],[-124.99882113656689,48.97427367396366],[-124.99706322784957,48.97164885625618],[-125.00274155820641,48.96844716766123],[-125.0011725421193,48.9671255714917],[-125.00195112999967,48.9661129743772],[-125.01523732064972,48.96216645980949],[-125.02090956514807,48.96221916711589],[-125.02130705091591,48.964281360466146],[-125.02327743684295,48.96398657877269],[-125.02331474397134,48.96154836064021],[-125.02662612716202,48.956631960433874],[-125.03135136489621,48.9549286659679],[-125.03276586616158,48.9567658699118],[-125.03041712939617,48.95917417466859],[-125.0308840235949,48.96053286253733],[-125.02582373540277,48.96684787452106],[-125.01709703544714,48.97373816887154],[-125.0185313289834,48.97639425526188],[-125.0218242320869,48.97604966092641],[-125.02476243377515,48.97771596217082],[-125.02408666631194,48.97959026891019],[-125.02111456182072,48.98147726171114],[-125.0140542358958,48.97856907197969],[-125.01098216045969,48.97936097090819],[-125.01175262519824,48.98388136132868],[-125.01513335768288,48.983966865911626],[-125.01635964056567,48.98592365600177],[-125.02103223481319,48.987542952350275],[-125.02181923147049,48.98505486469063],[-125.02555505641647,48.984791473052894],[-125.03040544183467,48.98812406366502],[-125.03624143826204,48.98776945239799],[-125.02523073414976,48.99230847837216],[-125.0252647441434,48.99449457076694],[-125.03040483409609,48.99318006792519],[-125.03045836567578,48.99444756893029],[-125.03519214434561,48.99084715390843],[-125.03636663483174,48.99351615517323],[-125.03803494553532,48.991174761922814],[-125.03918693777169,48.99092977448479],[-125.03867214165585,48.99273705487234],[-125.04358762833121,48.98990716861079],[-125.04631072676152,48.990965359316704],[-125.04365503692905,48.994251056302346],[-125.04777655032386,48.9957165660959],[-125.04637955067848,48.9986646569377],[-125.05013395243125,48.998166151554265],[-125.05979573218637,48.991453874328606],[-125.06632874346649,48.99043696586284],[-125.08649023721128,48.97564376150931],[-125.0952713455175,48.97287505254915],[-125.10271254787953,48.97529476970717],[-125.1076773447184,48.97342194679521],[-125.11457899754376,49.01669427938368],[-125.12586807850428,49.03329974369694],[-125.14034724176109,49.04317406432773],[-125.14047275073493,49.04606807133289],[-125.13727164030891,49.045146556518254],[-125.13520885031288,49.045895769021016],[-125.13814813315004,49.046112168323866],[-125.1375538259966,49.04792236119784],[-125.14142093078283,49.05386803352935],[-125.10576374938825,49.054105504378654],[-125.10410045002783,49.074411257045966],[-125.10618115821086,49.07536256776951],[-125.10892395026772,49.080925557492456],[-125.1074323376647,49.0890407560936],[-125.10442595709259,49.089221555504196],[-125.10452736635744,49.0908398619244],[-125.10797696962099,49.0913038451592],[-125.10971711006574,49.09618408505942],[-125.11455010604308,49.09771915480361],[-125.12847631614302,49.09725664216392],[-125.13045827063499,49.107881210899144],[-125.139440093694,49.114814089694555],[-125.15799959293567,49.116381845754084],[-125.16038939401199,49.11882323857881],[-125.1654461715861,49.11913325777199],[-125.18057077319428,49.127832609023265],[-125.19461211641139,49.12846064397534],[-125.19568599593629,49.13828478508756],[-125.21262066397448,49.14631394084542],[-125.21388323987111,49.14918649879604],[-125.20894421812213,49.15771685804719],[-125.21053095060883,49.161195520056744],[-125.2317668555343,49.179503696275376],[-125.22794390531317,49.18394651679489],[-125.22727625973441,49.1929649859454],[-125.21738623904224,49.193177713319],[-125.20685103561485,49.18776712018875],[-125.20330528589302,49.18425764326453]]],[[[-124.79359258892116,49.140521736125166],[-124.76150865134407,49.114584186511756],[-124.74668164223552,49.115597030316536],[-124.74759470233849,49.11927778561691],[-124.73923683629002,49.12002648594053],[-124.74068277653255,49.124932993879746],[-124.74253826954502,49.12476499098086],[-124.74495747958203,49.13692097102878],[-124.7284845700954,49.13861138298995],[-124.72563053376837,49.12547378725621],[-124.71490678575108,49.12641003622319],[-124.71541244105843,49.12953369144903],[-124.68201437929939,49.13343734915367],[-124.679847201387,49.12697523391695],[-124.67051113016782,49.12809337836424],[-124.66927121726295,49.12422643731946],[-124.66090740660901,49.12551051878748],[-124.65797172043649,49.11943134146653],[-124.64625630986072,49.12129844394636],[-124.64437362879062,49.11507793910168],[-124.62950783450343,49.116863659521954],[-124.62718351862857,49.108527384610234],[-124.63295715076492,49.10496036099878],[-124.63510491824881,49.1014215592756],[-124.6331719836055,49.097477784542036],[-124.62917338506833,49.095344884565264],[-124.62983003734838,49.086047974190876],[-124.635375162528,49.08619818564936],[-124.63577157521563,49.07538929000792],[-124.6386931522123,49.075559937928745],[-124.63889809101701,49.07188640478516],[-124.6332050802893,49.0700171397746],[-124.630025688742,49.06140583607909],[-124.62796983468688,49.061391011704806],[-124.62819361827371,49.05966231135603],[-124.63005218390695,49.059448766761676],[-124.63040182610249,49.051523675071216],[-124.62469772983187,49.0515685446262],[-124.62445689178921,49.04884340618332],[-124.61558189050014,49.04811959621105],[-124.6138934487131,49.0374467748875],[-124.61141500570933,49.037633323675024],[-124.61113836743198,49.03509509960807],[-124.60580789397936,49.0349572113385],[-124.60608930502684,49.026107509713356],[-124.60341580084574,49.02576015247478],[-124.60259776525868,49.019917393820236],[-124.60503624296534,49.01992158679948],[-124.60520736681481,49.01752031446215],[-124.60170078916286,49.01735348687525],[-124.6017393023754,49.014568688992675],[-124.60734706298038,49.014046044719414],[-124.60561976738936,49.01096593864188],[-124.60684158897709,49.010166072130716],[-124.61606745613325,49.01024123677491],[-124.61875461024154,49.01237039321462],[-124.61932321833486,49.01508954794072],[-124.6258246441225,49.01413901423936],[-124.62584424136989,49.01599412712213],[-124.63339781402226,49.01395843801892],[-124.63825076655104,49.01432138327921],[-124.53934333171472,48.93439426179342],[-124.5497838934776,48.93209699257525],[-124.54968949171632,48.930348091478145],[-124.5457167959522,48.927586594583616],[-124.55020861777142,48.926064105573026],[-124.54776079440799,48.92490619769533],[-124.54624710803408,48.921790004458465],[-124.54495830963825,48.91271208841894],[-124.54534257929078,48.910249694098866],[-124.55104088117668,48.90768749213311],[-124.55026501380006,48.900468205223625],[-124.55937539789333,48.89483549009544],[-124.56460660693368,48.897579898809305],[-124.57053800020223,48.89838739864493],[-124.57211469685643,48.889231215375865],[-124.5751763065907,48.8883082993434],[-124.57886810116077,48.88982219727449],[-124.58301278641116,48.88826130716044],[-124.5889753911067,48.88397440699935],[-124.58948820567818,48.88195208796048],[-124.58771757381828,48.880332695237286],[-124.58887589577797,48.87901111233696],[-124.60447978808484,48.87989550304397],[-124.60998719673869,48.876071493800886],[-124.61636329288967,48.876822110778264],[-124.62149240428384,48.87465730599865],[-124.63886068005644,48.86170119533132],[-124.64019021655702,48.8619804035209],[-124.64051000295511,48.86550238916438],[-124.65169840916923,48.86832100631669],[-124.65408089588016,48.86238059946018],[-124.64994560923049,48.859344204424175],[-124.65495550348426,48.85449049668006],[-124.64945719100528,48.84723271309551],[-124.64930799219927,48.84349840592693],[-124.65903681410855,48.83703109480377],[-124.66618008007346,48.84147319602793],[-124.66963298513753,48.84084080202621],[-124.67272457968028,48.833912897703286],[-124.6695157952415,48.828675205861636],[-124.67924689021675,48.82498509155537],[-124.68185631959088,48.82231330317129],[-124.67896300581984,48.813426205765474],[-124.68341710774003,48.811030694781394],[-124.68923129158419,48.804583311540696],[-124.69364540115444,48.79608789431138],[-124.70793470726872,48.78608139989169],[-124.72039838163916,48.779639702742465],[-124.73087178334254,48.7707212981233],[-124.73846678662264,48.758894696176945],[-124.73568611159192,48.75381878913559],[-124.73662388627498,48.750500393451446],[-124.74160758808667,48.74484490942812],[-124.75688360540379,48.74059788432994],[-124.77344368998146,48.731685205656966],[-124.78801021054386,48.71700579765102],[-124.8019684941662,48.69657550267161],[-124.81977551577882,48.689417404459675],[-124.8385851001646,48.68653749201921],[-124.84974627938765,48.68743209600069],[-124.85496419553355,48.683246393446275],[-124.85174009967358,48.67236828756861],[-124.85420535764563,48.668854763076354],[-124.85672573685834,48.67055955486578],[-124.85939323704201,48.6692478799406],[-124.86319805506427,48.67074327163021],[-124.86304365089514,48.672077748278056],[-124.8650596395766,48.671882653284925],[-124.86466246061163,48.67324706003891],[-124.87061343332783,48.6762094772326],[-124.88098963499684,48.67684176859979],[-124.88259663359771,48.67515126420679],[-124.90154583292673,48.681263954502676],[-124.90940833832363,48.68222245303213],[-124.91159814839213,48.680995973074246],[-124.91114662984694,48.682894656193234],[-124.91743563259391,48.686460868119795],[-124.92882593851952,48.69149825380756],[-124.9366171405779,48.691654955079535],[-124.9520667243571,48.700057766133206],[-124.97319713147846,48.700947958077315],[-124.98683093490308,48.7054640535581],[-124.99273024617908,48.70511086752888],[-124.9935129395469,48.70672595547237],[-124.99529546147005,48.705696262588546],[-125.00626376578069,48.706737369095045],[-125.00797906071993,48.70950596502759],[-125.0112039410205,48.7095843525542],[-125.01776233633352,48.71350097126727],[-125.06189014327626,48.72207606294787],[-125.07923922368708,48.72367975936642],[-125.08302532531543,48.72086696434374],[-125.08694472702481,48.72127286336606],[-125.08976353812994,48.71938717823823],[-125.09401016042243,48.72212596987887],[-125.09970594491219,48.72111334850225],[-125.10610192976537,48.7251167595794],[-125.10360675005282,48.726305969153564],[-125.11689575415355,48.7315499631912],[-125.11579454244153,48.733837153622666],[-125.11836966088286,48.73940445978056],[-125.12163514551595,48.7400994660561],[-125.12484112314412,48.74257755883038],[-125.12462954330597,48.74497455291263],[-125.12951983576158,48.74768196120416],[-125.12725803408625,48.75114277679686],[-125.13047412590001,48.75355826890947],[-125.12914412573458,48.75522025962261],[-125.1325775332243,48.75725266755429],[-125.12808202229961,48.756822461475174],[-125.12581314448757,48.75981617358212],[-125.12792645087899,48.76246667340622],[-125.13096483275936,48.76254496570442],[-125.13064673272251,48.76374846537287],[-125.13298793648006,48.7643793530896],[-125.13084144778723,48.76575084786898],[-125.13078135482435,48.76820766290778],[-125.13253013088114,48.76966036151476],[-125.1317330220195,48.772679661295996],[-125.13334084467327,48.77305426531747],[-125.12963063632627,48.77477896776287],[-125.12472513245943,48.78140155557879],[-125.11588685411495,48.78751996352895],[-125.11465374828893,48.79086255657889],[-125.11708715467367,48.79311886471177],[-125.11704531287101,48.80457769768851],[-125.1160307360987,48.80417035340108],[-125.11550843625888,48.804403961639736],[-125.11568203352728,48.80657016000267],[-125.1107138296393,48.806013266247184],[-125.10549713709497,48.8095623782286],[-125.11091114726713,48.80617994923],[-125.11268132157713,48.80743466036921],[-125.1159040495758,48.80669117396406],[-125.11602756219582,48.80443956105698],[-125.11707233829945,48.80696211545713],[-125.12844310390865,48.80726496810573],[-125.12761232767815,48.79819866242557],[-125.13477053099797,48.79167006966911],[-125.14331735641505,48.786779365303985],[-125.14161603469765,48.78231156683353],[-125.14681184763445,48.77961556405956],[-125.14661535587035,48.77723426466475],[-125.15592914693084,48.775117864270214],[-125.1552547417789,48.770173064014806],[-125.16052424831307,48.77145907298893],[-125.15857845188204,48.77466356632749],[-125.16000663628088,48.77685825964932],[-125.16590352989209,48.7775305630811],[-125.1644481249268,48.779168363002285],[-125.16470646125649,48.78294256412875],[-125.17492413896083,48.78752707367271],[-125.18309664816222,48.786948754833524],[-125.18684163307037,48.783873968849484],[-125.18644563936272,48.78600457259387],[-125.18827953990323,48.78626665327527],[-125.19032223222678,48.784392374468226],[-125.19619445951854,48.78321026890699],[-125.19903444795354,48.7802849515585],[-125.20133445046878,48.785864974805264],[-125.20415014483375,48.78551466754014],[-125.20375443428999,48.78427126867971],[-125.20566984870659,48.78229167218814],[-125.20741934060489,48.78276165733122],[-125.20763624579712,48.78116506487865],[-125.21039924511875,48.781183670810286],[-125.20973654707655,48.78311346171429],[-125.2126012410855,48.78138446295168],[-125.21147764091974,48.78307925001213],[-125.2126249398967,48.78473986842985],[-125.21153192916353,48.78741456519155],[-125.21532296348447,48.79032846650284],[-125.21356432242015,48.79151485878072],[-125.21317234064323,48.79037975878353],[-125.2035926589542,48.789861369953336],[-125.21185836708982,48.79173556820142],[-125.209601732325,48.79185097423982],[-125.21050475264092,48.79410115800266],[-125.21254684669377,48.79381066277382],[-125.21147445642133,48.795099560110785],[-125.20496024751316,48.79840945432381],[-125.1915487489122,48.796901163459],[-125.19192965407557,48.80124925958164],[-125.18706802929913,48.800018767332354],[-125.18211383377782,48.80137176892038],[-125.18017664214607,48.8056557532693],[-125.18592203037687,48.808757768007105],[-125.17958714284438,48.8106319559963],[-125.18106064308505,48.81287225697712],[-125.17915463331063,48.8141583712289],[-125.17685104011963,48.81314997292313],[-125.17373674887212,48.815807577055104],[-125.16967692754577,48.8139147725075],[-125.16765755334049,48.81541025036929],[-125.16946395581698,48.817822857130345],[-125.16379092763142,48.81738986567692],[-125.16510113946029,48.820568651734575],[-125.16111103853697,48.82126367344245],[-125.16120524008453,48.82441976294002],[-125.15539253868573,48.82514046094353],[-125.14988072601831,48.83229706764336],[-125.14817504257071,48.83259896346356],[-125.1489853378413,48.83368995376545],[-125.14463994054226,48.83439207610185],[-125.1429719605876,48.837122262510945],[-125.14388173243101,48.83768916280429],[-125.14102246335656,48.83935256362394],[-125.13873402846272,48.83425816128842],[-125.14143693038677,48.82475305674982],[-125.15360824659872,48.81913736874365],[-125.15451454205454,48.816456976052464],[-125.16107005885355,48.81650546308526],[-125.16324722885564,48.814242368801835],[-125.15946223713627,48.81428647060113],[-125.15700043781816,48.81248777377856],[-125.15609104403364,48.815105456364876],[-125.1464920390621,48.8155098700398],[-125.13515435474798,48.82249425856078],[-125.13652975367737,48.82407087234896],[-125.1350460335372,48.82445825266322],[-125.1368162283363,48.826989069033424],[-125.13571133463498,48.82952836994214],[-125.13688245160873,48.83462565340101],[-125.13502245580105,48.83639736175421],[-125.12818243605825,48.83162055671604],[-125.12854834809772,48.82864395974115],[-125.11883484103478,48.8302988669464],[-125.11902014911455,48.828577052643894],[-125.11755923471742,48.82786636933001],[-125.11258384078683,48.82913676553626],[-125.11816853832387,48.82905127068895],[-125.11838493979104,48.83098256974642],[-125.1142772197931,48.830481159091526],[-125.11077803719282,48.833469163677236],[-125.10948065884695,48.832764168578635],[-125.10825856711482,48.83561015646824],[-125.10284586665755,48.836264488950434],[-125.10318176718515,48.837952794727705],[-125.114209042636,48.83859777743037],[-125.11852894421823,48.83178006795682],[-125.12284822703694,48.83017075944335],[-125.1236619236447,48.8316860622646],[-125.12192504134154,48.83315726518471],[-125.1271166622569,48.831847066354214],[-125.13477036203378,48.838461066509225],[-125.13331262196766,48.841682561375556],[-125.12822323028944,48.84542967166738],[-125.12929654279887,48.84632696208819],[-125.12793343622488,48.84823256101549],[-125.11353705810545,48.851763166527505],[-125.11270495656974,48.849502962053165],[-125.11167653926312,48.8525621695758],[-125.10873423787693,48.85330847196211],[-125.11023183104442,48.853569073171585],[-125.10832855538038,48.857266262371226],[-125.10356783803968,48.85913345950134],[-125.10136553211532,48.861261177408515],[-125.09764913920336,48.86139225831681],[-125.09841176119878,48.86237636270548],[-125.10128995264952,48.86204595773101],[-125.10565455029419,48.858861454363904],[-125.10467414370213,48.86275805843066],[-125.10696396200139,48.863740759954894],[-125.09733214186535,48.867541952677605],[-125.09495663349024,48.87140867270546],[-125.08929953717589,48.87535376130235],[-125.09148402857191,48.875755364948446],[-125.08874344059002,48.87772937754231],[-125.08724342719479,48.8764617607527],[-125.08020523975146,48.88005226485641],[-125.07255004657158,48.88130556561872],[-125.07444625457735,48.8846011654021],[-125.06839706004394,48.88543856116469],[-125.05475935139043,48.882245572094085],[-125.04951573851709,48.883759451964],[-125.04960703119636,48.88165306573204],[-125.0529777343132,48.87801277120311],[-125.05010543071447,48.87681355652366],[-125.04561912837794,48.879213359615136],[-125.04862954218758,48.8827952684698],[-125.0479490344472,48.884121162430674],[-125.03885212405572,48.88217716846737],[-125.03525656343224,48.88435476372761],[-125.03272561759906,48.88350876094163],[-125.0289060323002,48.88921707317301],[-125.01920851513896,48.89450429157191],[-125.00122218235225,48.89465679607473],[-125.00112515709485,48.887664447730664],[-124.96914540586691,48.88764378433475],[-124.96958504733492,48.90889078547369],[-125.00207671338566,48.908814086706755],[-125.00128798372697,48.91568697798666],[-125.00701014370779,48.915492277168276],[-125.00635543604143,48.91992016214598],[-125.01007734788521,48.918785057056084],[-125.00967152371948,48.917487555931004],[-125.01513284426844,48.917860764365436],[-125.01205584668433,48.91907416855862],[-125.01454975523443,48.92032605908249],[-125.01507822995633,48.922611870162626],[-125.02003145953361,48.92050976923212],[-125.0249296289152,48.926522764326016],[-125.02518303875739,48.92771487341645],[-125.02105626608262,48.92936266521564],[-125.02892693274798,48.93048347843948],[-125.03251455786365,48.933434463957575],[-125.02846504466338,48.934935551909376],[-125.02596702291581,48.938011860722895],[-125.01790501921177,48.93823405961252],[-125.02050434435262,48.93899736924531],[-125.0179179245722,48.94089586364266],[-125.01966773769296,48.94261065070227],[-125.0183522601602,48.94385825903067],[-125.00274655811816,48.94745006078146],[-125.00213964093942,48.94657845467562],[-125.00552713142869,48.94557436838184],[-124.99845044317975,48.93973376580385],[-124.99482474109276,48.940227950920416],[-124.98172173319797,48.93594676727394],[-124.98628712793989,48.94122057143439],[-124.98470444317972,48.94402776752875],[-124.98618072908195,48.94438946900448],[-124.98651274795945,48.94999796125261],[-124.9852644472103,48.95052207347775],[-124.98708775068461,48.95071577485999],[-124.97593692996587,48.95264416515214],[-124.98225583641693,48.95456826207469],[-124.98213994454214,48.95649667640437],[-124.98843754988634,48.95615346900447],[-124.98889193141608,48.95758477089181],[-124.9801154444258,48.959886272105045],[-124.9826664405747,48.96324315174203],[-124.97156334826764,48.96993836598599],[-124.95707156248235,48.97501567061192],[-124.9495503394326,48.97453146996473],[-124.94667262601767,48.97711775891542],[-124.93867194585762,48.975192257936776],[-124.90525835486797,48.97341916136988],[-124.89517991850728,48.97827136137117],[-124.8933969286391,48.9813961634207],[-124.89382423922798,48.986507563290964],[-124.89136973911535,48.98886897338951],[-124.88302285563306,48.99186685920779],[-124.8814395313381,48.99558975314251],[-124.87730783279393,48.995531373071515],[-124.86992115570621,48.99834135838113],[-124.8590321652941,49.004058169223676],[-124.85775553414166,49.006094755383515],[-124.85740895864824,49.00559626627269],[-124.85838123563796,49.00270225488293],[-124.85820853468435,49.00141767197623],[-124.85670932820022,49.005913864973074],[-124.85793572492246,49.007638568588796],[-124.85715904387935,49.017304666480705],[-124.85366095288097,49.02107605488564],[-124.85318114496205,49.024736273968486],[-124.85141773601076,49.02512506456544],[-124.84965963473879,49.0286072755249],[-124.8469853444913,49.028820865878465],[-124.84775814081077,49.032298767631154],[-124.84269433470111,49.04151197616812],[-124.8394556391662,49.041265560148716],[-124.83752555449341,49.04312276968867],[-124.83914683813336,49.05365905957277],[-124.83782252727521,49.05600045444672],[-124.8408114439833,49.059083866704796],[-124.83584435122796,49.06287797123969],[-124.83535652158417,49.07079376262814],[-124.82516703918262,49.08007817034081],[-124.8251957464529,49.081993772193414],[-124.8195130257297,49.088002465336864],[-124.81907894427863,49.09000634855652],[-124.82106035868905,49.09096486570268],[-124.81389302806798,49.09540545650252],[-124.81991153836069,49.100410158703895],[-124.81705242809512,49.10126616749571],[-124.81787785203136,49.10249375345269],[-124.8163849554773,49.10327286476859],[-124.81413915517547,49.10251655846059],[-124.8133392414716,49.10162077878866],[-124.81186465313834,49.10064517295713],[-124.81155313498618,49.10073067530646],[-124.81471363962494,49.10402767439335],[-124.81106063090772,49.10870046478128],[-124.81487375356875,49.1125088519503],[-124.81227034266995,49.11631855080311],[-124.80500423728132,49.12111955420986],[-124.80168805326836,49.129088061797816],[-124.79496803477356,49.13470798071375],[-124.79605313868996,49.13703946443624],[-124.79308175590904,49.138650162957894],[-124.79359258892116,49.140521736125166]]]]},"bbox":[-125.25210633513309,48.66796326538086,-124.53934333171472,49.19744491062259]},{"id":"5923049","type":"Feature","properties":{},"geometry":{"type":"MultiPolygon","coordinates":[[[[-125.70970653653384,49.161414773486655],[-125.70977365514206,49.161377762820145],[-125.70988405169288,49.161374874894015],[-125.70980616530697,49.161466068600056],[-125.70970653653384,49.161414773486655]]],[[[-125.8245665511432,49.06482205184388],[-125.82442482417433,49.064735158689714],[-125.82459004767094,49.06473086216766],[-125.8245665511432,49.06482205184388]]],[[[-125.759852929706,49.14867375889672],[-125.75969774903997,49.148578372062595],[-125.7598894562322,49.14857406780365],[-125.759852929706,49.14867375889672]]],[[[-125.78065046295364,49.13233096645571],[-125.78084932729166,49.13224556057023],[-125.7808938510627,49.13229824848289],[-125.78082814372716,49.132336650429174],[-125.78065046295364,49.13233096645571]]],[[[-125.65532252709393,49.18516206229086],[-125.65544054603608,49.185069466186725],[-125.65548504165524,49.18511357598038],[-125.65540704752208,49.18521327032319],[-125.65532252709393,49.18516206229086]]],[[[-125.68992452608501,49.17507576867608],[-125.68991303144966,49.17485077515724],[-125.69000965984237,49.17484935722242],[-125.69004004538364,49.17492905568866],[-125.68992452608501,49.17507576867608]]],[[[-125.46768042547598,48.89997406086553],[-125.46775983790324,48.89991855882601],[-125.4679244566926,48.899951265134504],[-125.4679129372552,48.900005356344636],[-125.46768042547598,48.89997406086553]]],[[[-125.65414833219549,49.188121562765005],[-125.65430843822188,49.18801896474057],[-125.65443433956324,49.188070251475835],[-125.65442364753373,49.18811587561866],[-125.65414833219549,49.188121562765005]]],[[[-125.8255612390438,49.059165075651066],[-125.82568005448921,49.059108050355604],[-125.82576752840157,49.059186457385984],[-125.82555045676345,49.05922777336669],[-125.8255612390438,49.059165075651066]]],[[[-125.60609105175675,49.21885166228578],[-125.60618196815098,49.21876906983853],[-125.60627224237265,49.218892967282116],[-125.60623326634949,49.218947169548734],[-125.60609105175675,49.21885166228578]]],[[[-125.72329795823863,49.05222346422297],[-125.72345573892567,49.05212945903981],[-125.7235279544558,49.05219926014424],[-125.72334004997936,49.052267649407604],[-125.72329795823863,49.05222346422297]]],[[[-125.67420572369458,49.16805445742618],[-125.6741462456205,49.167984673821046],[-125.67440942985927,49.16802306957504],[-125.67437045240004,49.16806866430988],[-125.67420572369458,49.16805445742618]]],[[[-125.71456736160317,49.03342816624161],[-125.71464503184505,49.03336267225617],[-125.71479634647947,49.03336837775963],[-125.71463933478621,49.033497954987936],[-125.71456736160317,49.03342816624161]]],[[[-125.72462284066582,49.04891648041397],[-125.72489303730251,49.0488651604741],[-125.72491035089108,49.0489192649585],[-125.72467914829122,49.048979165768536],[-125.72462284066582,49.04891648041397]]],[[[-125.84561474773643,49.22974975028167],[-125.84568045553586,49.22970275259696],[-125.84583364457106,49.22973547894504],[-125.84568912390264,49.229855165814236],[-125.84561474773643,49.22974975028167]]],[[[-125.70349765154113,49.16452097551214],[-125.70364235361251,49.16442697289809],[-125.70367734173664,49.16455226419838],[-125.70344684978193,49.16459355924984],[-125.70349765154113,49.16452097551214]]],[[[-125.71995652217085,49.143899859913375],[-125.72018596414053,49.14383146785144],[-125.72020336053743,49.143902667054974],[-125.72009727058527,49.14397676900139],[-125.71995652217085,49.143899859913375]]],[[[-126.2569055618696,49.43948735847826],[-126.25700915353981,49.43935496044594],[-126.25708273400932,49.43953577164909],[-126.25698504762343,49.439542950949715],[-126.2569055618696,49.43948735847826]]],[[[-125.7520976278054,49.18885926156259],[-125.75199545389258,49.188745371590294],[-125.75222592953652,49.18872115728999],[-125.75223413381468,49.18886497474271],[-125.7520976278054,49.18885926156259]]],[[[-125.68940575611553,49.17510566491263],[-125.68959504124005,49.17505586444861],[-125.68969515073942,49.175144164314936],[-125.68954675308233,49.17516545895654],[-125.68940575611553,49.17510566491263]]],[[[-125.63908415542454,49.19518707410354],[-125.6392562280857,49.1950574674707],[-125.6393561349621,49.195162875922385],[-125.6391807362856,49.19519418063914],[-125.63908415542454,49.19518707410354]]],[[[-126.0710179468012,49.417201356982744],[-126.07114454693253,49.4171500621097],[-126.0711472293156,49.41733946765348],[-126.07099616217833,49.41732667252122],[-126.0710179468012,49.417201356982744]]],[[[-125.69025223290645,49.176561271570804],[-125.6905238655992,49.17648287132008],[-125.69058394276921,49.17658115535913],[-125.69036512711253,49.17659536812229],[-125.69025223290645,49.176561271570804]]],[[[-125.65463704675602,49.16978486208302],[-125.65470304555352,49.169729262105804],[-125.65489773816387,49.16977775569803],[-125.65465435782605,49.1698645715184],[-125.65463704675602,49.16978486208302]]],[[[-126.2294952500418,49.440415976716295],[-126.22964965226261,49.44037467452156],[-126.22971264050699,49.44046727360493],[-126.22954324822027,49.44053415310411],[-126.2294952500418,49.440415976716295]]],[[[-125.7196549426061,49.144149068119624],[-125.71972825575617,49.14401236548617],[-125.7198809607312,49.14405366016696],[-125.71978076282043,49.14419177089884],[-125.7196549426061,49.144149068119624]]],[[[-126.23382944997338,49.45485176494158],[-126.23402534832995,49.45480186830055],[-126.23421446705571,49.45486166444259],[-126.23399076308488,49.45491016071318],[-126.23382944997338,49.45485176494158]]],[[[-125.73173906064743,49.155173864983006],[-125.7316389462595,49.15509416288767],[-125.73196823531804,49.1551225678114],[-125.73195746543443,49.155176765545086],[-125.73173906064743,49.155173864983006]]],[[[-125.70544533598934,49.17104245579817],[-125.70532802014229,49.17093705997115],[-125.70568775248736,49.17098257417321],[-125.7056370181389,49.171038160811214],[-125.70544533598934,49.17104245579817]]],[[[-125.69057766305647,49.18103466389775],[-125.69068232205201,49.18095066326285],[-125.69078683663679,49.18111017031042],[-125.69065262969761,49.181158558976314],[-125.69057766305647,49.18103466389775]]],[[[-126.06629154768353,49.416685755233125],[-126.06616604154398,49.41669146933515],[-126.06597403577511,49.41667727850594],[-126.06643395577603,49.41659036227848],[-126.06629154768353,49.416685755233125]]],[[[-125.37124052961958,48.90340215455189],[-125.37138725075776,48.90331815382508],[-125.37151495571726,48.903432061002626],[-125.37140794953153,48.90346197476879],[-125.37124052961958,48.90340215455189]]],[[[-126.26801086167984,49.44518416526629],[-126.26808825112197,49.445060264337116],[-126.26823404424874,49.44516286568129],[-126.2682165202619,49.4452240608745],[-126.26801086167984,49.44518416526629]]],[[[-125.83208165585914,49.07104296664614],[-125.83218645743611,49.070941856059235],[-125.83239513465712,49.071008775556336],[-125.83231624182517,49.071064353635904],[-125.83208165585914,49.07104296664614]]],[[[-125.29144026261808,48.92295516331927],[-125.29158774669591,48.92289815080948],[-125.29170134641136,48.92302207413109],[-125.29158204614814,48.92307906364305],[-125.29144026261808,48.92295516331927]]],[[[-125.45397016268629,48.893653466869516],[-125.4541157614219,48.89357936114032],[-125.45431264326379,48.893673372110854],[-125.45416554187364,48.89372177298481],[-125.45397016268629,48.893653466869516]]],[[[-125.30305754523057,48.89175635820644],[-125.30323253483066,48.89174496879777],[-125.30330673947078,48.89187747130556],[-125.30307463424475,48.891837554776686],[-125.30305754523057,48.89175635820644]]],[[[-125.33191465691164,48.91257976553029],[-125.33208744840002,48.91249577587252],[-125.33218575278524,48.91254695036196],[-125.3320834469524,48.91269365408511],[-125.33191465691164,48.91257976553029]]],[[[-125.6541297527934,49.1739079539659],[-125.65429195030767,49.17387657218699],[-125.65437982310092,49.17394636592386],[-125.6542196493567,49.174048975482606],[-125.6541297527934,49.1739079539659]]],[[[-125.8246714592491,49.06495447221491],[-125.82493914437029,49.06486616496405],[-125.82495772655314,49.06494736765076],[-125.82482494925797,49.06503136330093],[-125.8246714592491,49.06495447221491]]],[[[-125.35067074356436,48.860826856998216],[-125.35087115176306,48.86075987286211],[-125.351010831783,48.86084676311781],[-125.35083645202012,48.8609136558091],[-125.35067074356436,48.860826856998216]]],[[[-125.7922459313646,49.17520106574907],[-125.79239054697958,49.17509856732297],[-125.79248103690331,49.17522245511357],[-125.79230804731895,49.1753249503667],[-125.7922459313646,49.17520106574907]]],[[[-125.94243805382236,49.34357966584652],[-125.94258582879303,49.34350415928879],[-125.94276963853459,49.343598173326484],[-125.94264872769989,49.343646658470675],[-125.94243805382236,49.34357966584652]]],[[[-125.79486564984471,49.15762917488663],[-125.79494075076309,49.15750106321026],[-125.79513365956626,49.15753236087117],[-125.79504654500299,49.15768757506961],[-125.79486564984471,49.15762917488663]]],[[[-125.69959635163823,49.17400474912413],[-125.69974435341148,49.17394636164982],[-125.69988884064138,49.17408736565144],[-125.69962804667932,49.17410306718141],[-125.69959635163823,49.17400474912413]]],[[[-125.7128802341714,49.15170446733033],[-125.71304255515156,49.151664658284766],[-125.71313025048683,49.15174295306902],[-125.7129000362895,49.151821272294875],[-125.7128802341714,49.15170446733033]]],[[[-125.72041764997768,49.03495415030701],[-125.72043163889192,49.03484526009927],[-125.72072215446057,49.03488377205864],[-125.72049513848967,49.035006179156845],[-125.72041764997768,49.03495415030701]]],[[[-125.67388685611684,49.140243864183624],[-125.67408804782809,49.14016697024816],[-125.67415203936056,49.14033646312037],[-125.6739886399626,49.140349280584886],[-125.67388685611684,49.140243864183624]]],[[[-125.29638853455135,48.999230074599566],[-125.29653773616687,48.99922727992249],[-125.29654903904206,48.999442269880696],[-125.29640994222936,48.99941807213073],[-125.29638853455135,48.999230074599566]]],[[[-125.76047173557332,49.174075955859124],[-125.76050935365042,49.1740204607026],[-125.76071495638845,49.17400617052428],[-125.76066915402562,49.17417857435874],[-125.76047173557332,49.174075955859124]]],[[[-125.76710174007624,49.07170237537325],[-125.7671914205011,49.07160125989924],[-125.76740973095592,49.071587060861816],[-125.76734915447776,49.07173227280364],[-125.76710174007624,49.07170237537325]]],[[[-125.68691042741008,49.180490661494744],[-125.68710185343166,49.180449355478686],[-125.68711225247623,49.18063877031422],[-125.68693245912078,49.18061596761707],[-125.68691042741008,49.180490661494744]]],[[[-125.63558186271587,49.1902649663132],[-125.63567614565203,49.19020945465723],[-125.63587816222211,49.1904116597706],[-125.63567443847147,49.19044295304143],[-125.63558186271587,49.1902649663132]]],[[[-125.28183494323478,48.95573187768122],[-125.28205023741732,48.955682052447976],[-125.2820982408362,48.955807372212],[-125.28190972766235,48.95585576319204],[-125.28183494323478,48.95573187768122]]],[[[-126.23691153194125,49.462365863304385],[-126.23712305270692,49.462271868542615],[-126.23725575426987,49.46237447385992],[-126.23703213510953,49.46243136425439],[-126.23691153194125,49.462365863304385]]],[[[-125.28948983673003,48.926304871111],[-125.28963825240488,48.926266363702204],[-125.2897012463241,48.926444453862274],[-125.2894547433766,48.92642305573542],[-125.28948983673003,48.926304871111]]],[[[-125.78542865677142,49.19430405462473],[-125.78554375985591,49.19417446675942],[-125.78571572745416,49.19429686004414],[-125.78560985477847,49.19436245089613],[-125.78542865677142,49.19430405462473]]],[[[-125.32761765357532,48.85683336297198],[-125.32790185118219,48.856763549046725],[-125.32790783660728,48.85692596105336],[-125.32774395177447,48.85692877314026],[-125.32761765357532,48.85683336297198]]],[[[-126.16131175755744,49.2711429590352],[-126.16153204900674,49.27111305587204],[-126.16159703354367,49.27120416186851],[-126.16134484342818,49.271271158526645],[-126.16131175755744,49.2711429590352]]],[[[-125.30222876034166,48.86453116476749],[-125.30232323755358,48.864484170139406],[-125.30237243311713,48.86469927054571],[-125.30219645833188,48.864720667615366],[-125.30222876034166,48.86453116476749]]],[[[-125.82940215968237,49.06727596563678],[-125.82949512625102,49.067193368396026],[-125.82972002468256,49.06729586577001],[-125.82945084855166,49.067391271598815],[-125.82940215968237,49.06727596563678]]],[[[-125.29389214573298,48.98836614964598],[-125.29397112943809,48.98827506368568],[-125.29419153476137,48.988341956680394],[-125.2940204497004,48.98847155022571],[-125.29389214573298,48.98836614964598]]],[[[-126.25759815366074,49.440159555422845],[-126.2578090460974,49.440092659239134],[-126.25791273327376,49.440222277132904],[-126.25774334984989,49.4402806660725],[-126.25759815366074,49.440159555422845]]],[[[-125.71077874458916,49.15466826516515],[-125.71093752657836,49.154538670227296],[-125.71104184372507,49.15469816109929],[-125.71087964920817,49.154729559610175],[-125.71077874458916,49.15466826516515]]],[[[-125.33099735950874,48.86943186150664],[-125.33115675920449,48.869312266795674],[-125.3312998277986,48.86945326581945],[-125.33113723162228,48.86951027097012],[-125.33099735950874,48.86943186150664]]],[[[-125.46564405182517,48.89741766455474],[-125.46577746253374,48.89734216029448],[-125.46596615584086,48.897589952213],[-125.46588613414505,48.897609856772036],[-125.46564405182517,48.89741766455474]]],[[[-125.48459005269784,48.88017756950071],[-125.48459613722362,48.88002377159574],[-125.48486943016452,48.88006366392066],[-125.48482044873465,48.88017186214012],[-125.48459005269784,48.88017756950071]]],[[[-125.68900904185202,49.13816597280719],[-125.68896432006292,49.13808476079875],[-125.6893583584454,49.138022167620385],[-125.68929451934291,49.13814036167452],[-125.68900904185202,49.13816597280719]]],[[[-125.36301985887525,48.96951676581727],[-125.3631123509866,48.96946127608601],[-125.36323914535745,48.969512554218284],[-125.36294594653188,48.969672056824294],[-125.36301985887525,48.96951676581727]]],[[[-125.27548965452904,48.894922361689275],[-125.27573164180885,48.89481846302057],[-125.27586992987253,48.894879659078455],[-125.2757517445015,48.894970860319816],[-125.27548965452904,48.894922361689275]]],[[[-125.93507015869143,49.12694886005584],[-125.93521595561373,49.12685635568304],[-125.93537652800647,49.12701296365753],[-125.93514763865493,49.12707276257789],[-125.93507015869143,49.12694886005584]]],[[[-125.35069833809622,48.86112306991266],[-125.35081616759621,48.861040469109355],[-125.35113174131318,48.861105978192874],[-125.35105434998135,48.86116146211238],[-125.35069833809622,48.86112306991266]]],[[[-125.77148556224488,49.19340676310472],[-125.7714653449806,49.1932985495074],[-125.77185483126081,49.19337976384475],[-125.77182905584618,49.19342525402351],[-125.77148556224488,49.19340676310472]]],[[[-125.23367985571838,48.91874516144723],[-125.23392303532636,48.918703875159565],[-125.23404213452734,48.91888187101338],[-125.2337675437698,48.91886056563309],[-125.23367985571838,48.91874516144723]]],[[[-125.72145533756967,49.05033215313297],[-125.72143395812107,49.05020676891107],[-125.72169432942363,49.05018255641047],[-125.72168883190292,49.05036346614615],[-125.72145533756967,49.05033215313297]]],[[[-126.26064084876936,49.38606385450389],[-126.26066222726728,49.38593855944087],[-126.260987447243,49.3860097724174],[-126.26088644591745,49.38612366529513],[-126.26064084876936,49.38606385450389]]],[[[-126.29087264656481,49.355568672382894],[-126.29094613154503,49.35547036636073],[-126.29123442222597,49.35552306141858],[-126.2908948455797,49.35568547683042],[-126.29087264656481,49.355568672382894]]],[[[-125.3289470611986,48.85785026986413],[-125.32903755884573,48.857766155657636],[-125.32927433825962,48.857861666651],[-125.32903316338755,48.857964169947245],[-125.3289470611986,48.85785026986413]]],[[[-125.64258003142236,48.98254825788923],[-125.64287513845885,48.98246996617262],[-125.64293803321513,48.98259387221154],[-125.64265406087137,48.98265516863413],[-125.64258003142236,48.98254825788923]]],[[[-125.31398782899245,48.866697459622216],[-125.31424393174481,48.86660347085622],[-125.31431313937442,48.86665615564658],[-125.31415656852707,48.866802769078],[-125.31398782899245,48.866697459622216]]],[[[-125.23411525463418,48.9187009555446],[-125.23423234605302,48.918599859524505],[-125.23443904662959,48.91862266242145],[-125.23437635491099,48.91876796900089],[-125.23411525463418,48.9187009555446]]],[[[-125.31742152785803,48.92297646268052],[-125.31752694098688,48.92290095177895],[-125.3178191543948,48.92299495213667],[-125.317672325599,48.92307905918389],[-125.31742152785803,48.92297646268052]]],[[[-125.74408763213495,49.14756575818634],[-125.74431706156437,49.14748886080995],[-125.7444341455217,49.147611370535806],[-125.74418961775535,49.14767116061983],[-125.74408763213495,49.14756575818634]]],[[[-125.88047456189628,49.21238437276125],[-125.88059335323445,49.21231885040991],[-125.880863051544,49.21244707584519],[-125.88060345370961,49.212489749764536],[-125.88047456189628,49.21238437276125]]],[[[-125.82494785338298,49.05944984866209],[-125.82499544508735,49.05935025351503],[-125.82521904521839,49.059434257037125],[-125.82511756045304,49.05956246012692],[-125.82494785338298,49.05944984866209]]],[[[-125.28718812902945,48.958090370646865],[-125.2873638481658,48.958033375237065],[-125.28756094117846,48.95815587819821],[-125.28744202996366,48.95824846148384],[-125.28718812902945,48.958090370646865]]],[[[-125.6993841333677,49.17365867331118],[-125.6996568445232,49.173624472097224],[-125.69978594209198,49.17370286617541],[-125.69951433299036,49.173781177144505],[-125.6993841333677,49.17365867331118]]],[[[-125.68077824824101,49.14088474976806],[-125.68084534628599,49.14085626596059],[-125.68107804772512,49.14087765011277],[-125.68088225323744,49.141052856066466],[-125.68077824824101,49.14088474976806]]],[[[-125.88184164250396,49.242274267773595],[-125.88196123672779,49.242190257202715],[-125.88222503466176,49.24222865450975],[-125.88206677103067,49.24235826849538],[-125.88184164250396,49.242274267773595]]],[[[-126.01847302785183,49.2448620623224],[-126.01863164515392,49.24473955683075],[-126.01879002266006,49.24486055949333],[-126.01870123664594,49.24494896822437],[-126.01847302785183,49.2448620623224]]],[[[-126.28587314926966,49.45080415308441],[-126.28612235613436,49.45076565917192],[-126.28622405867432,49.45095657140191],[-126.28613893495942,49.45098217769874],[-126.28587314926966,49.45080415308441]]],[[[-125.67001684530862,49.17793136210717],[-125.67027452346787,49.17788006493876],[-125.67029663820692,49.17805097773631],[-125.67002495457463,49.17806666850727],[-125.67001684530862,49.17793136210717]]],[[[-126.22992225185035,49.439940271215164],[-126.2301453398141,49.43991036122904],[-126.23017774372724,49.44006416264494],[-126.22997733541862,49.44016675923437],[-126.22992225185035,49.439940271215164]]],[[[-126.26762965077904,49.44536367367856],[-126.26781572481009,49.44523266421983],[-126.26795854126141,49.445389261961566],[-126.26787302233677,49.44544196230634],[-126.26762965077904,49.44536367367856]]],[[[-125.85560686603945,49.06863606693307],[-125.85594396257119,49.068556260489785],[-125.85599273800587,49.06867166921924],[-125.85574993618728,49.06874147542928],[-125.85560686603945,49.06863606693307]]],[[[-125.77923214634835,49.18492555453787],[-125.77923773584651,49.18477177216127],[-125.77957522816769,49.18489856585861],[-125.77927813896503,49.18499687150503],[-125.77923214634835,49.18492555453787]]],[[[-125.73242643238927,49.15445466691482],[-125.7325737529682,49.154389171616344],[-125.73277103847666,49.15447455196031],[-125.73253204643419,49.154641262948154],[-125.73242643238927,49.15445466691482]]],[[[-125.63594254524965,48.99173305546112],[-125.63625192561544,48.99162766615566],[-125.6363148565161,48.991788566138545],[-125.63612652332533,48.9918369661824],[-125.63594254524965,48.99173305546112]]],[[[-126.13768993971675,49.259282478051304],[-126.13782894496433,49.25924657595522],[-126.13795243415636,49.259501460906975],[-126.13772233900656,49.25940465414844],[-126.13768993971675,49.259282478051304]]],[[[-125.3450486689923,48.899538268492535],[-125.34525404793696,48.899579562871935],[-125.34494854166054,48.89973766680311],[-125.34491823301285,48.899684971992954],[-125.3450486689923,48.899538268492535]]],[[[-125.67902034659102,49.14084486765674],[-125.67940233056896,49.14082637327942],[-125.67946412288201,49.1409417621166],[-125.67910912984416,49.140950260293316],[-125.67902034659102,49.14084486765674]]],[[[-125.29349005814552,48.987357863034795],[-125.29361174648045,48.987292352438864],[-125.29387065081679,48.98758427117378],[-125.29369235829022,48.987597171168325],[-125.29349005814552,48.987357863034795]]],[[[-125.95782774985824,49.31458567624234],[-125.95796685760006,49.31458275465193],[-125.95800925605592,49.31484196908094],[-125.95783005404762,49.314829167066414],[-125.95782774985824,49.31458567624234]]],[[[-125.702407639996,49.164401355547746],[-125.70262315142708,49.16434296528622],[-125.70275563853802,49.16451957413492],[-125.70246884412724,49.1645266691724],[-125.702407639996,49.164401355547746]]],[[[-125.3332549505458,48.913254849703776],[-125.3334298281981,48.91317077097366],[-125.33370594041044,48.913246279092924],[-125.33352065680293,48.913365853578995],[-125.3332549505458,48.913254849703776]]],[[[-125.2806821390565,48.90797387456988],[-125.28078615615256,48.90787276967941],[-125.28106535384404,48.908010874250074],[-125.28083786203182,48.90808776611143],[-125.2806821390565,48.90797387456988]]],[[[-125.87694453922438,49.2041239522674],[-125.87710754954168,49.20408265579901],[-125.87718585494045,49.204260662432176],[-125.8769435508591,49.204311962605],[-125.87694453922438,49.2041239522674]]],[[[-125.29430873314816,48.98788195851061],[-125.29396902493025,48.9879246599531],[-125.29391134106514,48.98786206676908],[-125.2942728515589,48.98772955277149],[-125.29430873314816,48.98788195851061]]],[[[-126.06212974208695,49.410147274339494],[-126.06249266008591,49.410074572925026],[-126.06256782799655,49.41019427184682],[-126.06212646914258,49.41020986626864],[-126.06212974208695,49.410147274339494]]],[[[-125.78840482931894,49.189148370066285],[-125.78845172438871,49.188994560303634],[-125.78869513657803,49.18917686110028],[-125.7884520438696,49.189246655814166],[-125.78840482931894,49.189148370066285]]],[[[-125.6676039641916,49.16982756442799],[-125.6679850300716,49.169764870561735],[-125.66808824682279,49.169897357244736],[-125.66759516493094,49.16989876596493],[-125.6676039641916,49.16982756442799]]],[[[-125.32891954755588,48.911903270918394],[-125.32915055912507,48.91188045943809],[-125.32925145762984,48.91199586031758],[-125.32906543346414,48.91208835385099],[-125.32891954755588,48.911903270918394]]],[[[-125.98448585167534,49.34670295047813],[-125.98469273415942,49.34667876327138],[-125.98475575603136,49.34682115695615],[-125.98449714803517,49.3468738764288],[-125.98448585167534,49.34670295047813]]],[[[-126.0777610459968,49.346603264233266],[-126.07802813707349,49.34653777819142],[-126.0780974341315,49.34672856151423],[-126.0778767267833,49.346741463026895],[-126.0777610459968,49.346603264233266]]],[[[-125.63342903576859,49.1897750728523],[-125.63365855123244,49.1897066689075],[-125.63369704580346,49.189913156396],[-125.63349123927975,49.18993597473781],[-125.63342903576859,49.1897750728523]]],[[[-125.60868505756902,48.967746456428884],[-125.6088713663149,48.96765246704276],[-125.60909523150232,48.96773796992818],[-125.6088409670722,48.96783336653605],[-125.60868505756902,48.967746456428884]]],[[[-125.33320804321728,48.86418656659319],[-125.33339594928617,48.86410245181938],[-125.33357964571924,48.864260567527126],[-125.33332464256576,48.86432035684241],[-125.33320804321728,48.86418656659319]]],[[[-125.72065566774157,49.05124216678353],[-125.72083283272117,49.05121086438515],[-125.72112555436316,49.05131196869864],[-125.72066404486668,49.051367575116764],[-125.72065566774157,49.05124216678353]]],[[[-125.3498672477189,48.87891855368205],[-125.3500937358982,48.87882316072898],[-125.35024865293498,48.8789100606141],[-125.35003583591472,48.879032469799924],[-125.3498672477189,48.87891855368205]]],[[[-126.34771153835143,49.3957342710138],[-126.3479761394898,49.39571287965533],[-126.34813186514333,49.395869566218636],[-126.34772124633994,49.39581545443907],[-126.34771153835143,49.3957342710138]]],[[[-125.51510914666378,48.912623866985214],[-125.51518475668395,48.91251425963411],[-125.51541864174683,48.91251847554508],[-125.51521225848592,48.912756357765794],[-125.51510914666378,48.912623866985214]]],[[[-125.2875549627685,48.96487676648734],[-125.28762034855035,48.964811154620875],[-125.28799344082978,48.96492085168292],[-125.28787553614637,48.96503196151325],[-125.2875549627685,48.96487676648734]]],[[[-126.11890575108,49.24994935592541],[-126.1192642455361,49.24992226347952],[-126.11952993778208,49.25000005860013],[-126.11920334045308,49.25004615998929],[-126.11890575108,49.24994935592541]]],[[[-125.63696793130424,49.19025216031494],[-125.63705973527526,49.190159558458426],[-125.63731153853722,49.19025357904702],[-125.63715334180954,49.1903731640844],[-125.63696793130424,49.19025216031494]]],[[[-125.33416165490398,48.85945385704755],[-125.33412834301942,48.859310072284465],[-125.33452185273674,48.85930296433366],[-125.33441764970355,48.85941256120787],[-125.33416165490398,48.85945385704755]]],[[[-125.79496245217481,49.06258316755105],[-125.7953177595462,49.06255616084674],[-125.79533835593155,49.06270845752973],[-125.79505213405635,49.06270707438161],[-125.79496245217481,49.06258316755105]]],[[[-125.3307731493156,48.91740785034495],[-125.33105673798089,48.917339468202115],[-125.33125184013825,48.917416357478956],[-125.33081914351008,48.917496157257595],[-125.3307731493156,48.91740785034495]]],[[[-125.76890336330408,49.21083196887841],[-125.76914674439223,49.2107365544081],[-125.76926343921491,49.21087757983225],[-125.76902012021887,49.21096446234179],[-125.76890336330408,49.21083196887841]]],[[[-125.95544513938967,49.2103448522271],[-125.95580543729145,49.21018255557429],[-125.95590206016435,49.21020676969664],[-125.95570804996909,49.210401849687564],[-125.95544513938967,49.2103448522271]]],[[[-125.18812864506465,48.982189362624716],[-125.1884130409424,48.98210397581375],[-125.1884455378642,48.982237855451906],[-125.18816294163409,48.98236026640253],[-125.18812864506465,48.982189362624716]]],[[[-125.36170215024936,48.87619405488698],[-125.3619409420433,48.87607156335539],[-125.36216395252077,48.87614846678184],[-125.36203193986378,48.876249557478545],[-125.36170215024936,48.87619405488698]]],[[[-126.05106893563791,49.17545037246382],[-126.05113953573569,49.175397678872066],[-126.05139952628664,49.17539625922664],[-126.05101613936034,49.17563835424959],[-126.05106893563791,49.17545037246382]]],[[[-125.28947774012407,48.86836657066903],[-125.28969544676033,48.868352364516106],[-125.28937794846853,48.86859305546418],[-125.28934644101776,48.86848625513809],[-125.28947774012407,48.86836657066903]]],[[[-125.73126274345069,49.15525645646697],[-125.73133814927658,49.155119759064945],[-125.7315057685639,49.155413166245495],[-125.7311861552249,49.15536616233518],[-125.73126274345069,49.15525645646697]]],[[[-125.15756703251532,48.98158696377944],[-125.15776762361797,48.981475862427786],[-125.15791145612693,48.981608357089975],[-125.15766883341367,48.9817208610694],[-125.15756703251532,48.98158696377944]]],[[[-125.3497869322443,48.878388761000146],[-125.34987815565937,48.8782790683488],[-125.35022624620132,48.87842575996495],[-125.3499846506512,48.87849275832711],[-125.3497869322443,48.878388761000146]]],[[[-126.06241284798668,49.41049615603257],[-126.06254284132841,49.41039076727439],[-126.06285964405039,49.41041787461895],[-126.06261485201681,49.41058167202755],[-126.06241284798668,49.41049615603257]]],[[[-125.3031813352014,48.89061137546667],[-125.30338142411203,48.89050876412087],[-125.30355234026324,48.890666854741816],[-125.3034064608381,48.890769362909644],[-125.3031813352014,48.89061137546667]]],[[[-125.85237335396187,49.20208876888763],[-125.8526060365042,49.20206457040599],[-125.85267115783051,49.202234072531645],[-125.85238545021905,49.20226816567161],[-125.85237335396187,49.20208876888763]]],[[[-126.02193053798501,49.155609676716075],[-126.02226324788079,49.15555557052322],[-126.02228294286313,49.155699379440165],[-126.02200543515325,49.15576495860942],[-126.02193053798501,49.155609676716075]]],[[[-125.83612153009764,49.069369558283505],[-125.8362133329011,49.069268354527736],[-125.8364446534944,49.069254155489105],[-125.83627951878887,49.06950055957807],[-125.83612153009764,49.069369558283505]]],[[[-125.61381205710745,48.980829257805816],[-125.61391825763586,48.98076376430489],[-125.6141839394191,48.98090197497927],[-125.61390282435615,48.98099876572103],[-125.61381205710745,48.980829257805816]]],[[[-125.37116353761138,48.90320555355954],[-125.37143133495437,48.9031016631654],[-125.37164215478128,48.903214156649604],[-125.37141182075536,48.90326396166416],[-125.37116353761138,48.90320555355954]]],[[[-125.78068986360735,49.066391563150866],[-125.78089072347555,49.066314561754425],[-125.78102592949469,49.066518272066645],[-125.78088003232813,49.0665937714551],[-125.78068986360735,49.066391563150866]]],[[[-125.29854143046074,48.99966306063203],[-125.2988541371827,48.99963026610179],[-125.29899634459164,48.999762749997245],[-125.2986836449082,48.99979545362315],[-125.29854143046074,48.99966306063203]]],[[[-125.31762672419954,48.920038362999875],[-125.3178135391913,48.91994436319551],[-125.31805056115637,48.92004827083666],[-125.31780854635088,48.92015225022354],[-125.31762672419954,48.920038362999875]]],[[[-126.2301485499799,49.37421727552476],[-126.23057386137035,49.37424576077448],[-126.23066244712122,49.37437396338547],[-126.23034732943869,49.374356860577734],[-126.2301485499799,49.37421727552476]]],[[[-125.29564605416095,48.90243086634224],[-125.29590335740096,48.90239946404557],[-125.29600504985845,48.90250486998536],[-125.29574913232854,48.902590370835085],[-125.29564605416095,48.90243086634224]]],[[[-125.31589022858236,48.854415067971495],[-125.31609093084246,48.854339563995524],[-125.31628964954511,48.85449767182442],[-125.31603322927312,48.854556068722026],[-125.31589022858236,48.854415067971495]]],[[[-125.7140309569836,49.14915806465202],[-125.71440865620349,49.14905976142106],[-125.71448576533756,49.14918366567375],[-125.71413175338164,49.149236367418574],[-125.7140309569836,49.14915806465202]]],[[[-126.0749819504668,49.394359868699674],[-126.07512376733736,49.394282967332956],[-126.0751580322981,49.39464326033792],[-126.07499725692978,49.39458485332404],[-126.0749819504668,49.394359868699674]]],[[[-126.24207513917852,49.449056661244164],[-126.24227705131806,49.449152063797264],[-126.24223373982906,49.44944825771477],[-126.2421269273429,49.449372761194724],[-126.24207513917852,49.449056661244164]]],[[[-126.34336204871049,49.39204407596813],[-126.34356566506727,49.39186036314154],[-126.34366113624371,49.391861758735125],[-126.34362032420498,49.39211386286614],[-126.34336204871049,49.39204407596813]]],[[[-125.31816084502891,48.85250656915961],[-125.31834244277667,48.85234137906244],[-125.3184257403339,48.85264615164364],[-125.31827763422099,48.85267607370829],[-125.31816084502891,48.85250656915961]]],[[[-126.12121664382357,49.25275077400158],[-126.12141153613177,49.25271085877863],[-126.1215011444869,49.25283907005331],[-126.1211107315487,49.25293726787999],[-126.12121664382357,49.25275077400158]]],[[[-125.65320055955917,49.17473826459148],[-125.65345505446756,49.17464285919577],[-125.65363685172952,49.17468267541534],[-125.65337314609947,49.174887776906],[-125.65320055955917,49.17473826459148]]],[[[-126.06201785456943,49.189378265946665],[-126.06198964058073,49.18915265173183],[-126.0622680477883,49.18906005154288],[-126.06222763014833,49.18928366135265],[-126.06201785456943,49.189378265946665]]],[[[-125.3183438455928,48.861185767918165],[-125.31865234907725,48.861098851136745],[-125.31874254727416,48.86129396330686],[-125.31837504114007,48.86130107508528],[-125.3183438455928,48.861185767918165]]],[[[-126.03972403065347,49.438085966735365],[-126.0399914414237,49.43801185604446],[-126.04016454777076,49.43811587582447],[-126.03995126690205,49.438208466290355],[-126.03972403065347,49.438085966735365]]],[[[-125.31403091832476,49.030589759678726],[-125.31419354504295,49.03054136415631],[-125.31459533330502,49.030668061398984],[-125.31407743760731,49.030706554853616],[-125.31403091832476,49.030589759678726]]],[[[-125.6343460501939,49.1992901742458],[-125.63464633443209,49.19926596366129],[-125.63470952936737,49.19939987248945],[-125.63427164917908,49.19945397578395],[-125.6343460501939,49.1992901742458]]],[[[-125.85569244519957,49.069165877683815],[-125.85596335689117,49.069104670575044],[-125.85599383070121,49.069167265021385],[-125.85567876757277,49.069417966480685],[-125.85569244519957,49.069165877683815]]],[[[-125.65570025179643,49.18454107292843],[-125.65591924560904,49.184509773177076],[-125.65597033947238,49.18468775980825],[-125.65565734605755,49.184757559173775],[-125.65570025179643,49.18454107292843]]],[[[-125.28896373743326,48.964623170335294],[-125.28923424571639,48.964563366813245],[-125.28937803113499,48.96470436403799],[-125.28910733320797,48.96477276127814],[-125.28896373743326,48.964623170335294]]],[[[-125.30541113388394,48.864341775316],[-125.30559505063225,48.86449135910685],[-125.30533143235786,48.86466796901034],[-125.30530172788629,48.864622369663756],[-125.30541113388394,48.864341775316]]],[[[-125.77082075460079,49.19305355865316],[-125.77109143935265,49.192993755657334],[-125.77116555769084,49.19309055942544],[-125.77097025679925,49.19325727321579],[-125.77082075460079,49.19305355865316]]],[[[-125.2802699428751,48.95227247394332],[-125.28052552372347,48.952204060166544],[-125.28084475142148,48.95229667519935],[-125.28054885641,48.952383567405505],[-125.2802699428751,48.95227247394332]]],[[[-126.22741884659771,49.31112926041103],[-126.22760996474277,49.31108917181272],[-126.2277001634831,49.311208860696595],[-126.22748545389491,49.311348354828006],[-126.22741884659771,49.31112926041103]]],[[[-125.63391105467358,49.199614860693124],[-125.63372783445796,49.19955655454962],[-125.63380103894659,49.19936566662331],[-125.63409185183403,49.19942264768369],[-125.63391105467358,49.199614860693124]]],[[[-125.95361145421728,49.20838516111725],[-125.95404624810959,49.20831116312536],[-125.95415943486368,49.20837097663089],[-125.9536859619482,49.20848206385484],[-125.95361145421728,49.20838516111725]]],[[[-126.06998245444916,49.28723365675044],[-126.07020865448753,49.28714966787183],[-126.07015024744163,49.28744447036715],[-126.06987785496919,49.28737465552483],[-126.06998245444916,49.28723365675044]]],[[[-125.95508645152886,49.150236153871894],[-125.95512594739908,49.15018916524415],[-125.95563624818962,49.150273996583174],[-125.95528743426885,49.15036576191724],[-125.95508645152886,49.150236153871894]]],[[[-125.97755753300433,49.30377727418984],[-125.97780364014163,49.30376165366355],[-125.97742076039884,49.30401516417421],[-125.9773995352743,49.30388987785357],[-125.97755753300433,49.30377727418984]]],[[[-125.282668841336,48.92938255270287],[-125.28281583472996,48.92934267556054],[-125.28318903735035,48.92943525731928],[-125.28285233229998,48.92951357534839],[-125.282668841336,48.92938255270287]]],[[[-125.90042975378054,49.11641685539905],[-125.90064226328532,49.11632147148356],[-125.90082533967531,49.11637127621004],[-125.900643749862,49.11658346668582],[-125.90042975378054,49.11641685539905]]],[[[-125.9578797431626,49.31244365688616],[-125.95811934081284,49.31233825619159],[-125.95820454476342,49.31237235887481],[-125.95787554768106,49.3126230769099],[-125.9578797431626,49.31244365688616]]],[[[-125.48097386277045,48.92040866209528],[-125.48120303587567,48.9203402578892],[-125.48136333693206,48.920552464443084],[-125.48100593664775,48.92051546420745],[-125.48097386277045,48.92040866209528]]],[[[-125.19097642716979,48.95393165865234],[-125.19132674591008,48.95381627727595],[-125.19137525863779,48.95396866677631],[-125.19117294991256,48.954062675893034],[-125.19097642716979,48.95393165865234]]],[[[-125.37641794419335,48.875575955791305],[-125.37656245583379,48.87549187124052],[-125.37685416322007,48.87559447035589],[-125.37657235312113,48.8757083589256],[-125.37641794419335,48.875575955791305]]],[[[-126.09876123019367,49.22762766436485],[-126.09896694458538,49.227416879170825],[-126.09911965581813,49.22761767507305],[-126.09885504108958,49.22768328076093],[-126.09876123019367,49.22762766436485]]],[[[-125.34594754316105,48.99242947251378],[-125.34635544270816,48.99234826663695],[-125.34637452699364,48.99248356009256],[-125.34599595453845,48.99255477111912],[-125.34594754316105,48.99242947251378]]],[[[-125.3136731538539,48.860469371383516],[-125.31385614006702,48.860285650574234],[-125.31398135239361,48.86034687044439],[-125.31367025890194,48.860712862305185],[-125.3136731538539,48.860469371383516]]],[[[-125.37390654820297,48.8761498572799],[-125.37403934124225,48.87604737101445],[-125.37434803807163,48.87623968049219],[-125.37417533528439,48.876323671637884],[-125.37390654820297,48.8761498572799]]],[[[-126.23574084362848,49.36196336847229],[-126.2360030650813,49.36193346399668],[-126.23611952152045,49.36209726104084],[-126.23585204304239,49.362189854472355],[-126.23574084362848,49.36196336847229]]],[[[-125.35798253780857,48.851932656135375],[-125.358069524705,48.85174175729371],[-125.35837264398313,48.8517902562229],[-125.3581616349794,48.85197396387839],[-125.35798253780857,48.851932656135375]]],[[[-125.3025617445961,48.891695169567974],[-125.30275184354748,48.89166374943008],[-125.30287624138523,48.89198565234043],[-125.30269924934852,48.89198857392849],[-125.3025617445961,48.891695169567974]]],[[[-125.28971565441309,48.964653173101574],[-125.28994643632085,48.96459475744347],[-125.29014503655804,48.96477136458634],[-125.28980423889902,48.964804051259236],[-125.28971565441309,48.964653173101574]]],[[[-126.07162035744165,49.18436735416168],[-126.07209296701296,49.184469866837944],[-126.07209993944291,49.18460516585934],[-126.07196193450186,49.18461936656111],[-126.07162035744165,49.18436735416168]]],[[[-125.31191764293648,48.87503476261068],[-125.31228786116729,48.87506326197606],[-125.3124551530303,48.87516715309396],[-125.31204843792217,48.875202771401376],[-125.31191764293648,48.87503476261068]]],[[[-126.08382155979217,49.18179806283213],[-126.08403702725458,49.181883469928756],[-126.083570462455,49.18208856005476],[-126.08361856020878,49.18199885613581],[-126.08382155979217,49.18179806283213]]],[[[-126.22847724521088,49.36374077792988],[-126.22870665518084,49.36361117093504],[-126.2288931417774,49.363696661118105],[-126.22866335244703,49.3638532647097],[-126.22847724521088,49.36374077792988]]],[[[-125.37991583405164,48.89296695266102],[-125.38017714458944,48.89299684910074],[-125.37992992004186,48.89324466312053],[-125.37981513549735,48.8931392775216],[-125.37991583405164,48.89296695266102]]],[[[-125.76612276247121,49.071357762328475],[-125.76632573484541,49.07128935986839],[-125.76650614495517,49.07134776291773],[-125.76632705210183,49.07158706362445],[-125.76612276247121,49.071357762328475]]],[[[-125.30791426258959,48.94891556302456],[-125.30815413143975,48.948811658812225],[-125.30840785138567,48.94894975100793],[-125.30813703940883,48.94901817344222],[-125.30791426258959,48.94891556302456]]],[[[-125.33125854962074,48.853898071100375],[-125.33134703036598,48.85376136600822],[-125.33157693071861,48.853990654778215],[-125.33133463644779,48.85405897997007],[-125.33125854962074,48.853898071100375]]],[[[-125.65337184391147,49.169750668372366],[-125.65358704694995,49.169663768746034],[-125.6536631404836,49.1697976677385],[-125.65337214504176,49.169984249242226],[-125.65337184391147,49.169750668372366]]],[[[-125.75202265163949,49.20085395750696],[-125.7521849306044,49.20081406166597],[-125.75232622707621,49.201143059864336],[-125.75213572263706,49.20115735804255],[-125.75202265163949,49.20085395750696]]],[[[-125.33671844843069,48.992670157068524],[-125.33704413461986,48.992637356161524],[-125.33709306904646,48.99279836899868],[-125.33684925657957,48.99285677003863],[-125.33671844843069,48.992670157068524]]],[[[-125.64670554995021,48.97632736649209],[-125.64695684626092,48.97615077302488],[-125.64710331963266,48.97636296015426],[-125.64692945686426,48.97642136668193],[-125.64670554995021,48.97632736649209]]],[[[-125.71212975090066,49.15000397330524],[-125.7123038404009,49.149945568595065],[-125.71245704352242,49.15021196675006],[-125.71211376022829,49.15021045749034],[-125.71212975090066,49.15000397330524]]],[[[-125.30753393179177,48.91549085591447],[-125.30787123803184,48.91543957209661],[-125.30811015168194,48.91555205412005],[-125.30768962045832,48.91560475794733],[-125.30753393179177,48.91549085591447]]],[[[-125.83079366734026,49.06355306949294],[-125.83104015516089,49.063538859631095],[-125.83115464881534,49.06366125519213],[-125.83075075201613,49.06375247537601],[-125.83079366734026,49.06355306949294]]],[[[-125.3535316490287,48.86515076069278],[-125.35370374490921,48.865039656900954],[-125.35389183577514,48.86525046185993],[-125.35355274157105,48.86532167797187],[-125.3535316490287,48.86515076069278]]],[[[-125.99291055136055,49.3264663637177],[-125.99308513407418,49.326380963143535],[-125.99330406779961,49.32657316698632],[-125.99310245716104,49.3266600648527],[-125.99291055136055,49.3264663637177]]],[[[-126.23206162743809,49.35559576063248],[-126.23250253877076,49.35559717023728],[-126.23257865164696,49.35572396721795],[-126.23213764452262,49.355713955149184],[-126.23206162743809,49.35559576063248]]],[[[-125.86254863384234,49.19308206931872],[-125.86291533416112,49.193000872199235],[-125.86301906183903,49.193141860550924],[-125.86258433438647,49.19319886884832],[-125.86254863384234,49.19308206931872]]],[[[-125.29042224280089,48.91650627759301],[-125.29070705425168,48.91650057056898],[-125.29071684612566,48.916717062771454],[-125.290568464565,48.91675556969363],[-125.29042224280089,48.91650627759301]]],[[[-125.78028304571377,49.187229954826144],[-125.78037032632216,49.18711176537781],[-125.78065726150543,49.18730266479841],[-125.7804716695636,49.187442169756025],[-125.78028304571377,49.187229954826144]]],[[[-126.11981725881031,49.25423006014187],[-126.11950115164007,49.25434585719577],[-126.11930025124886,49.25427745991803],[-126.11999543739286,49.25415076670688],[-126.11981725881031,49.25423006014187]]],[[[-125.16947833056258,48.988938772950064],[-125.169814346185,48.98879775678524],[-125.17001253717793,48.98898287974321],[-125.16967274842332,48.98902556803713],[-125.16947833056258,48.988938772950064]]],[[[-125.88407625392128,49.203262274700755],[-125.88443106138966,49.20321676759208],[-125.88452112650363,49.20335916496174],[-125.88421053087747,49.20342895898815],[-125.88407625392128,49.203262274700755]]],[[[-126.09671254923757,49.24875437365326],[-126.09693724434784,49.2486518623313],[-126.09714965419134,49.24878286544481],[-126.09703124991746,49.24893386389693],[-126.09671254923757,49.24875437365326]]],[[[-126.01758964820525,49.30098015663911],[-126.01793183421302,49.30100727010841],[-126.01797434120209,49.30121518028839],[-126.01778294566418,49.301209466153935],[-126.01758964820525,49.30098015663911]]],[[[-125.31047155178913,48.95018596896564],[-125.31077295135405,48.95016177266818],[-125.31085975041647,48.950295651490144],[-125.31053573775016,48.95038257114975],[-125.31047155178913,48.95018596896564]]],[[[-125.34157632120896,49.01026916044498],[-125.3418864351717,49.01016378076487],[-125.3419344357778,49.01030615656052],[-125.3416662532717,49.0104471533708],[-125.34157632120896,49.01026916044498]]],[[[-125.5037713547562,48.91847596272198],[-125.50393262361091,48.91840906626177],[-125.504136942235,48.9186568579076],[-125.50401845934303,48.91874945853347],[-125.5037713547562,48.91847596272198]]],[[[-125.31434142844898,48.91689225575937],[-125.31454213852821,48.916816761587],[-125.3148492536636,48.91697195518703],[-125.31459443538533,48.917067463532376],[-125.31434142844898,48.91689225575937]]],[[[-126.00752354875942,49.28752136538285],[-126.00736196210285,49.287444469579725],[-126.00737276576672,49.287265070382],[-126.00773964692202,49.287337655794396],[-126.00752354875942,49.28752136538285]]],[[[-125.60486454683337,48.95919557139554],[-125.60526992047372,48.95909726248187],[-125.60542374410785,48.95918416108134],[-125.60504834425538,48.95929957292766],[-125.60486454683337,48.95919557139554]]],[[[-126.0133634503046,49.184224856194255],[-126.01364336522015,49.184150865399886],[-126.01381892190696,49.18440716145389],[-126.0134247196246,49.184343061340996],[-126.0133634503046,49.184224856194255]]],[[[-126.07714533387364,49.43173255484553],[-126.0773439626738,49.43163855928779],[-126.07751953456227,49.431698371409325],[-126.07729925394773,49.43191767409653],[-126.07714533387364,49.43173255484553]]],[[[-125.72429476625305,49.05242426658489],[-125.72455984814935,49.05227476180901],[-125.72474424092668,49.05239576180804],[-125.72457344855452,49.05254395549387],[-125.72429476625305,49.05242426658489]]],[[[-125.90605074252355,49.12932167453867],[-125.90615254371812,49.12918345773915],[-125.90642875528874,49.129221964503735],[-125.90631613387949,49.12943126590722],[-125.90605074252355,49.12932167453867]]],[[[-125.83380333455445,49.06976826571921],[-125.8339230388654,49.06969285783834],[-125.83422244739096,49.06967716910396],[-125.83397754446987,49.069934971252046],[-125.83380333455445,49.06976826571921]]],[[[-126.13365934086674,49.24436926402979],[-126.13387374275686,49.244248153888435],[-126.1341588504772,49.24430087101991],[-126.13390023940087,49.24448317075778],[-126.13365934086674,49.24436926402979]]],[[[-125.7654918461262,49.12207955407879],[-125.7658149363748,49.12198126192874],[-125.76595794391885,49.12210375124672],[-125.76570625823929,49.122244764757966],[-125.7654918461262,49.12207955407879]]],[[[-125.37277013453469,48.87719816873392],[-125.37296915299335,48.87707705368422],[-125.37326072980304,48.8771795655006],[-125.3730336398562,48.87730066678772],[-125.37277013453469,48.87719816873392]]],[[[-125.36034354706057,48.89717545322917],[-125.36046076644764,48.8970373666325],[-125.36077365315468,48.89731936121366],[-125.3605294428904,48.89735067152054],[-125.36034354706057,48.89717545322917]]],[[[-125.23436052702827,48.919813671143295],[-125.23419425369595,48.91965595018737],[-125.23431365094352,48.91946415105656],[-125.23459073455966,48.91965166144428],[-125.23436052702827,48.919813671143295]]],[[[-126.08440396226621,49.208066164329125],[-126.08469686823341,49.20800067040362],[-126.0846907637006,49.208315361879336],[-126.0845388445322,49.20833957258098],[-126.08440396226621,49.208066164329125]]],[[[-126.10656763788347,49.23027076849315],[-126.10696195371317,49.23020835850129],[-126.10725494651624,49.23037787196855],[-126.10658323981382,49.230352177594085],[-126.10656763788347,49.23027076849315]]],[[[-125.5130125268716,48.89857126403787],[-125.51330154232582,48.898655260526795],[-125.51295913800483,48.898895979570995],[-125.51291643328092,48.89887025581495],[-125.5130125268716,48.89857126403787]]],[[[-125.67876633718849,49.141219477269075],[-125.67899454982312,49.14113256373627],[-125.67930105238611,49.14123375545176],[-125.67886943897655,49.141343381400276],[-125.67876633718849,49.141219477269075]]],[[[-125.60613614185955,49.21735766764447],[-125.60636893965963,49.217333475065246],[-125.60623665812032,49.217688163721505],[-125.60605674936097,49.21765677307006],[-125.60613614185955,49.21735766764447]]],[[[-125.78785875002562,49.18846906410799],[-125.78818332321293,49.188380757952565],[-125.78813293906144,49.1887054651843],[-125.78796932722844,49.18871826025762],[-125.78785875002562,49.18846906410799]]],[[[-125.93721143351713,49.354994759074636],[-125.93737545594541,49.35499045686563],[-125.93739265947765,49.35526956287521],[-125.93713104867153,49.35528525722465],[-125.93721143351713,49.354994759074636]]],[[[-125.9250118341627,49.18192477402576],[-125.92528096219435,49.18184647113927],[-125.92539524514538,49.18194186215999],[-125.92505403208608,49.182193956220935],[-125.9250118341627,49.18192477402576]]],[[[-126.23282764445484,49.37016965565486],[-126.2331454529646,49.370151154219],[-126.2332566341489,49.37037757082712],[-126.23302275035819,49.37039046605862],[-126.23282764445484,49.37016965565486]]],[[[-125.7204464346232,49.051642369675996],[-125.72050912846217,49.05155977024472],[-125.72099112231301,49.05159396307511],[-125.72087515344445,49.05174916383877],[-125.7204464346232,49.051642369675996]]],[[[-126.09355584874947,49.22129706523162],[-126.0938007429988,49.22132987370473],[-126.09370324281679,49.22160616734933],[-126.09350344579602,49.22147655601119],[-126.09355584874947,49.22129706523162]]],[[[-125.34108006242049,48.872142166548755],[-125.34135794969957,48.87193847469482],[-125.34156514137054,48.87198837972085],[-125.34135523745368,48.872182056445986],[-125.34108006242049,48.872142166548755]]],[[[-125.31684143018843,48.89453077274689],[-125.31708472674251,48.89448086561873],[-125.31719993523815,48.89456917932219],[-125.31682524495248,48.89474725863331],[-125.31684143018843,48.89453077274689]]],[[[-125.46501375600592,48.89707157386767],[-125.46514755112362,48.89703166358666],[-125.46555093367594,48.897446057662215],[-125.46509434982488,48.89733924812643],[-125.46501375600592,48.89707157386767]]],[[[-125.34991012863526,48.98308236993185],[-125.35004212879839,48.98295275748307],[-125.3503587227422,48.983018260727455],[-125.35016254455289,48.98320346947038],[-125.34991012863526,48.98308236993185]]],[[[-125.37202052846372,48.90313435968809],[-125.37243872496313,48.90305316689941],[-125.37261793675133,48.903103057776065],[-125.37233965344517,48.90327107491788],[-125.37202052846372,48.90313435968809]]],[[[-125.30588573505355,48.8538866553162],[-125.30627392395438,48.85374426398474],[-125.30641366818811,48.85382256739635],[-125.30604174170045,48.85402766483873],[-125.30588573505355,48.8538866553162]]],[[[-125.31202925211672,48.859090752305505],[-125.31209185416301,48.85899817153847],[-125.31239133121284,48.859263067276636],[-125.31209552279475,48.85935846333563],[-125.31202925211672,48.859090752305505]]],[[[-126.23964564405108,49.31583177388202],[-126.23984995524563,49.315881665545355],[-126.23956945629172,49.316216355175605],[-126.23951935811371,49.31612517117145],[-126.23964564405108,49.31583177388202]]],[[[-125.71748634039406,49.14389417032359],[-125.71777265059018,49.14359076364361],[-125.71806413159567,49.1436747699634],[-125.7179427501764,49.143694756753824],[-125.71748634039406,49.14389417032359]]],[[[-125.86317285625886,49.07875936909856],[-125.8635487502447,49.07864255242134],[-125.86368944057239,49.078702371511056],[-125.86344025079067,49.078906067930184],[-125.86317285625886,49.07875936909856]]],[[[-125.61651912579579,48.97118596897617],[-125.61670813365086,48.97113616182674],[-125.61690133725625,48.971465076932],[-125.61665462353261,48.97143516376239],[-125.61651912579579,48.97118596897617]]],[[[-125.64428973947444,48.977416851553876],[-125.64453822719979,48.97719616177352],[-125.64478893570002,48.977288653894355],[-125.6447167298972,48.977479564276074],[-125.64428973947444,48.977416851553876]]],[[[-125.28150133751053,48.95978657657185],[-125.28159295791488,48.95971255997292],[-125.28200754654384,48.960109862980424],[-125.28180233354038,48.96010416908865],[-125.28150133751053,48.95978657657185]]],[[[-126.00990085959664,49.1843060641873],[-126.01016844745872,49.184204973204075],[-126.01034025903226,49.184307460327666],[-126.01015004911761,49.18449127288922],[-126.00990085959664,49.1843060641873]]],[[[-125.7135211573242,49.15314726410573],[-125.71389412959162,49.15294075542942],[-125.71401125580425,49.15305466871367],[-125.71396383721188,49.15321706517022],[-125.7135211573242,49.15314726410573]]],[[[-126.12135345828035,49.237131669103974],[-126.1216618453116,49.23708015594601],[-126.12170776869426,49.23721687092777],[-126.12128615209332,49.237376362364074],[-126.12135345828035,49.237131669103974]]],[[[-125.85651586040484,49.07041347040425],[-125.85676116627472,49.07037216459263],[-125.85686174306211,49.07045047006132],[-125.85658783343169,49.070718259051866],[-125.85651586040484,49.07041347040425]]],[[[-125.32543475759121,48.943716971389925],[-125.32563805215045,48.943772760405665],[-125.32590594574145,48.94397355977011],[-125.32539875412962,48.94391236550294],[-125.32543475759121,48.943716971389925]]],[[[-126.02268975392835,49.165149075220555],[-126.02238164675859,49.165023676580944],[-126.02315285242292,49.16498954810655],[-126.02308925064168,49.1651134675719],[-126.02268975392835,49.165149075220555]]],[[[-126.07836654349155,49.211961378306135],[-126.07854115035431,49.211786167403915],[-126.07877412303533,49.21202546340264],[-126.07859095262026,49.21211097060378],[-126.07836654349155,49.211961378306135]]],[[[-126.18450773403296,49.39964516890424],[-126.18471193042917,49.39946997419308],[-126.18501424107586,49.39949556796921],[-126.18477912617082,49.39973196907133],[-126.18450773403296,49.39964516890424]]],[[[-126.08709864463108,49.24818756769681],[-126.08762292879179,49.2481476635267],[-126.08787756446054,49.248234568605874],[-126.08727033738803,49.2482915735188],[-126.08709864463108,49.24818756769681]]],[[[-125.30696063581968,48.91937036923302],[-125.30728723297581,48.91931906682656],[-125.30736504848548,48.919534168168106],[-125.30720474425252,48.91963525441113],[-125.30696063581968,48.91937036923302]]],[[[-125.22644152428978,48.94445356227933],[-125.22676895689747,48.94442935557384],[-125.22688582649843,48.944615868788055],[-125.2265200479541,48.944667152348266],[-125.22644152428978,48.94445356227933]]],[[[-125.90381984090885,49.164817167757896],[-125.90396565630627,49.16473316686948],[-125.90442986523809,49.16490976604388],[-125.90403522670574,49.16497385900301],[-125.90381984090885,49.164817167757896]]],[[[-125.77157083155922,49.19272025918376],[-125.77175564232203,49.19259927060343],[-125.7719899315152,49.19282855656557],[-125.77166184087633,49.1928897554951],[-125.77157083155922,49.19272025918376]]],[[[-125.4851148367409,48.91993297855652],[-125.48526074866643,48.9198745651317],[-125.4857903466702,48.92005255387746],[-125.48553494773405,48.920129460146335],[-125.4851148367409,48.91993297855652]]],[[[-126.16114365395167,49.27140926143637],[-126.16142363929603,49.27134376088476],[-126.1615832439912,49.27143777157034],[-126.1612390471487,49.27166425960685],[-126.16114365395167,49.27140926143637]]],[[[-125.30969964020107,48.93878516193417],[-125.31001064923765,48.938698375811114],[-125.31027842881574,48.93889915700735],[-125.31004825841826,48.93894046111653],[-125.30969964020107,48.93878516193417]]],[[[-125.95891964037392,49.315125363106716],[-125.95909734363083,49.31510266647869],[-125.95935245479396,49.31542877359262],[-125.95913323240563,49.31545155839449],[-125.95891964037392,49.315125363106716]]],[[[-125.15751843312609,48.9820013601665],[-125.15772872476096,48.981827669127554],[-125.15816493080624,48.98182766552722],[-125.1579811420731,48.981984351615566],[-125.15751843312609,48.9820013601665]]],[[[-125.73533415404293,49.15744545953581],[-125.73556795449053,49.15743975211939],[-125.7350123537566,49.157830064020736],[-125.7352443200875,49.15756366211415],[-125.73533415404293,49.15744545953581]]],[[[-125.73831453993319,49.12691046409139],[-125.73861005653315,49.126823561516254],[-125.73882894259195,49.12704286416776],[-125.73853024776244,49.12708567715334],[-125.73831453993319,49.12691046409139]]],[[[-125.86609876350244,49.2641500629539],[-125.86645173869107,49.26407887215347],[-125.86663615592366,49.26419136327806],[-125.86645312282387,49.26433956304551],[-125.86609876350244,49.2641500629539]]],[[[-125.1763642408844,48.97725737184913],[-125.17637274854759,48.97713206694757],[-125.17675342270692,48.97709786280486],[-125.17662934839932,48.977369858952095],[-125.1763642408844,48.97725737184913]]],[[[-125.703214024008,49.169384659961324],[-125.7035248367653,49.169314881321974],[-125.7029537608632,49.16963386288168],[-125.70293634888885,49.16956266710489],[-125.703214024008,49.169384659961324]]],[[[-125.64189783143497,49.193378254864264],[-125.64155984575231,49.19346657042099],[-125.64155593484445,49.193143267946056],[-125.64182985248257,49.19313617047719],[-125.64189783143497,49.193378254864264]]],[[[-125.88396705220093,49.1893634756238],[-125.8842336676843,49.18923096635704],[-125.88435404177216,49.189381955882666],[-125.8839803465758,49.189569967258834],[-125.88396705220093,49.1893634756238]]],[[[-125.30662736280443,48.93967386133743],[-125.3069127399451,48.93965117067757],[-125.30705714573229,48.9398191721085],[-125.30667765363916,48.93987186594628],[-125.30662736280443,48.93967386133743]]],[[[-125.91906996445745,49.24581907022046],[-125.91932483153687,49.24571366999237],[-125.91945334046233,49.2457820722048],[-125.91888972478682,49.246021360187584],[-125.91906996445745,49.24581907022046]]],[[[-126.1384492492856,49.242815467819504],[-126.13882086309518,49.24280545972231],[-126.13905455075239,49.24302766285597],[-126.1387149606502,49.24299206269916],[-126.1384492492856,49.242815467819504]]],[[[-125.87886783726421,49.21309937691142],[-125.87914185463983,49.2130921738851],[-125.87911585367125,49.21336275491379],[-125.87884053644655,49.21333436299426],[-125.87886783726421,49.21309937691142]]],[[[-125.91178395171796,49.27121276963171],[-125.91220745577444,49.27116576092877],[-125.91223603072028,49.2714164662132],[-125.91198873225954,49.27140505816764],[-125.91178395171796,49.27121276963171]]],[[[-125.65718075637412,49.1688533535619],[-125.65763115990876,49.168833460969644],[-125.65769643963911,49.16902996885612],[-125.65735636021252,49.16905565761257],[-125.65718075637412,49.1688533535619]]],[[[-125.31612305118517,48.85239545537267],[-125.31642132704856,48.85233565891076],[-125.3165494332201,48.8524681684495],[-125.31631235498803,48.85265187168614],[-125.31612305118517,48.85239545537267]]],[[[-125.2897850265735,48.96264656612379],[-125.29010214001376,48.96265777696205],[-125.29024763323699,48.96281587480905],[-125.28989393179515,48.962877161200055],[-125.2897850265735,48.96264656612379]]],[[[-125.75816136260111,49.10781467270382],[-125.75846513654879,49.10787877310695],[-125.75791304714755,49.1080282560942],[-125.75793677106385,49.107982668601586],[-125.75816136260111,49.10781467270382]]],[[[-125.86197153040033,49.26506306118933],[-125.86224453116871,49.265020271513265],[-125.8625112300661,49.2651213647393],[-125.86210693474456,49.265275262593946],[-125.86197153040033,49.26506306118933]]],[[[-125.33172872662105,48.86725856328903],[-125.33210933625527,48.86722296982553],[-125.33223873804273,48.86736537001573],[-125.33190185535481,48.867460764055274],[-125.33172872662105,48.86725856328903]]],[[[-125.29817964448324,48.90146236044925],[-125.29846904433703,48.90152077723161],[-125.29807304922242,48.90180705340902],[-125.29802984800088,48.90175436680357],[-125.29817964448324,48.90146236044925]]],[[[-126.29134184807961,49.35505737654366],[-126.2915531502732,49.354971978018035],[-126.29183983885,49.3549975656921],[-126.29128844826909,49.35528097189135],[-126.29134184807961,49.35505737654366]]],[[[-126.00807295111746,49.287283548755944],[-126.0081761565226,49.286944553036385],[-126.00844833584173,49.2870058735432],[-126.00843822227063,49.28715816060207],[-126.00807295111746,49.287283548755944]]],[[[-126.34696044374601,49.39562595186887],[-126.34742084034909,49.395510655023344],[-126.34767613468873,49.39563456722468],[-126.34735535076364,49.39570717706936],[-126.34696044374601,49.39562595186887]]],[[[-125.63944874512714,49.17033886560269],[-125.63971074427178,49.17009956772962],[-125.63985833787773,49.17026767129133],[-125.63960846535126,49.17047126571019],[-125.63944874512714,49.17033886560269]]],[[[-125.88058215142155,49.27987625212154],[-125.88077153061985,49.279817868725765],[-125.88122153031546,49.27999586626001],[-125.88082695556663,49.28004995478572],[-125.88058215142155,49.27987625212154]]],[[[-125.5471641511747,48.925810161927664],[-125.5473848498744,48.92590604699389],[-125.5468618462286,48.92612396753928],[-125.54695343226419,48.92600436701658],[-125.5471641511747,48.925810161927664]]],[[[-125.16192323550908,48.97358005472417],[-125.1620975306716,48.973477554896974],[-125.16234682240813,48.973562963538704],[-125.16199984939226,48.97378517489856],[-125.16192323550908,48.97358005472417]]],[[[-125.69840913789052,49.13100077602071],[-125.69860806648428,49.13086976673413],[-125.69878124571287,49.131009363879315],[-125.69831084978574,49.13121016071616],[-125.69840913789052,49.13100077602071]]],[[[-125.86529925487311,49.18601366482518],[-125.86562172902845,49.18613196155774],[-125.86538983743047,49.18639965280286],[-125.86521904769579,49.18630426585992],[-125.86529925487311,49.18601366482518]]],[[[-125.27332305048243,48.90821736633672],[-125.27371514711714,48.908120570707894],[-125.27388285969135,48.908215964805706],[-125.2737389325787,48.908371157316104],[-125.27332305048243,48.90821736633672]]],[[[-125.65619682372463,49.179698759019814],[-125.65648276444189,49.17965606295423],[-125.65654253372867,49.17977136542471],[-125.65619636305347,49.17995086756783],[-125.65619682372463,49.179698759019814]]],[[[-125.37365993982729,48.87756697336847],[-125.3738466387005,48.877472951488244],[-125.37418323464495,48.87767375424992],[-125.37381914689222,48.877735060394755],[-125.37365993982729,48.87756697336847]]],[[[-125.90578724017497,49.12857245318328],[-125.90601166465213,49.128449966712616],[-125.90641185886105,49.12847567195086],[-125.90626985638912,49.12864085543195],[-125.90578724017497,49.12857245318328]]],[[[-125.86201356278978,49.07097036777893],[-125.86213112049255,49.070877762559824],[-125.86260755113706,49.07084784869371],[-125.86241675981634,49.0710771593146],[-125.86201356278978,49.07097036777893]]],[[[-125.26443722765164,48.928140665221534],[-125.26488412373459,48.92805096136692],[-125.2649996340601,48.92818336502822],[-125.26462262324206,48.92828026105148],[-125.26443722765164,48.928140665221534]]],[[[-125.47765754013722,48.87464646708232],[-125.4777198621235,48.874486458725315],[-125.47816443998433,48.87465587220219],[-125.47777522430744,48.874772661502],[-125.47765754013722,48.87464646708232]]],[[[-125.27526103078323,48.95718456802774],[-125.27563114673468,48.95718597190325],[-125.27581704344881,48.957398172935804],[-125.27561624943988,48.957473648612186],[-125.27526103078323,48.95718456802774]]],[[[-126.06171584381941,49.27036967867544],[-126.06201995466198,49.270351070027814],[-126.06218175051981,49.27062457248623],[-126.06201444249095,49.270674362984664],[-126.06171584381941,49.27036967867544]]],[[[-125.3809086550266,48.92564976917299],[-125.38128714590121,48.92556995620465],[-125.38133343631775,48.92564976383555],[-125.38082544470095,48.925903249828195],[-125.3809086550266,48.92564976917299]]],[[[-126.28106025069687,49.34945316561734],[-126.28124274356028,49.34939476285082],[-126.28150213056328,49.349652561872254],[-126.28131862826588,49.349756467910446],[-126.28106025069687,49.34945316561734]]],[[[-125.28989526220442,48.92442486231427],[-125.29022205935883,48.92436507139734],[-125.29037584891414,48.9244704634688],[-125.29001503959012,48.92463855394763],[-125.28989526220442,48.92442486231427]]],[[[-125.37860206056983,48.89319196848384],[-125.37876014974245,48.89306237212307],[-125.37898873958584,48.893283174496446],[-125.37879225055269,48.89344835808351],[-125.37860206056983,48.89319196848384]]],[[[-125.97429374221745,49.21024806404378],[-125.97453043321353,49.210079961324006],[-125.97491343751899,49.21004295723101],[-125.97478783670626,49.210262258751634],[-125.97429374221745,49.21024806404378]]],[[[-125.33633775382575,48.86198185633674],[-125.33640013446286,48.861873674326574],[-125.33688471939865,48.86200746125946],[-125.3366739481725,48.86218266724363],[-125.33633775382575,48.86198185633674]]],[[[-126.58689264996481,49.535440678437624],[-126.58737704835951,49.53541495372003],[-126.587619551463,49.53552895079705],[-126.58741936058479,49.535677063924695],[-126.58689264996481,49.535440678437624]]],[[[-125.49265133545407,48.88403435833396],[-125.4923954266507,48.88407566016614],[-125.49228373364208,48.883780865852465],[-125.49268454154387,48.88386197836818],[-125.49265133545407,48.88403435833396]]],[[[-125.82701336072157,49.06352026684812],[-125.82722165537369,49.06336226951086],[-125.8275221443681,49.06357017841861],[-125.82720045532348,49.06368696985131],[-125.82701336072157,49.06352026684812]]],[[[-126.13803514775257,49.243093160662696],[-126.13843435635592,49.24309317578526],[-126.13849284272779,49.24325695836786],[-126.13806522710844,49.24328256197011],[-126.13803514775257,49.243093160662696]]],[[[-126.0311558336781,49.1533705719827],[-126.0315192658778,49.153553169585365],[-126.03155966543464,49.15378817211896],[-126.03119802348978,49.15365286407106],[-126.0311558336781,49.1533705719827]]],[[[-125.94503025481805,49.13239077463952],[-125.94537205173508,49.13237365857153],[-125.94541593677731,49.13265145539434],[-125.94505843799075,49.13261436340901],[-125.94503025481805,49.13239077463952]]],[[[-125.85523854262335,49.262962353233256],[-125.85538304417967,49.26262615344874],[-125.85577202898524,49.26269737023168],[-125.8554369492284,49.26282275715655],[-125.85523854262335,49.262962353233256]]],[[[-125.85535985566018,49.06983096294884],[-125.8559028467529,49.06973557242545],[-125.85612465618398,49.06980245212294],[-125.85566873938943,49.06993926667238],[-125.85535985566018,49.06983096294884]]],[[[-125.31172052551366,48.87905955585578],[-125.31211504309762,48.878998365872064],[-125.31222744016029,48.87910365127674],[-125.3118955513919,48.879298853978725],[-125.31172052551366,48.87905955585578]]],[[[-125.73400265091803,49.15320274872138],[-125.73385032652803,49.15290937035674],[-125.73437685274871,49.15302336528662],[-125.73437924491263,49.153068866196115],[-125.73400265091803,49.15320274872138]]],[[[-125.91105505334745,49.13286645104819],[-125.91110053703173,49.13270265315143],[-125.91151502350215,49.13296186171923],[-125.91128784533865,49.13308576075296],[-125.91105505334745,49.13286645104819]]],[[[-125.93754995762296,49.12437676300193],[-125.93786302236782,49.12430556360202],[-125.93793955517141,49.124465072406544],[-125.93742783981676,49.12461317728452],[-125.93754995762296,49.12437676300193]]],[[[-126.07122085535353,49.18370077498534],[-126.07156374472285,49.18367376868356],[-126.07150575356813,49.18398706701958],[-126.07129945289502,49.18398135883796],[-126.07122085535353,49.18370077498534]]],[[[-125.83750034014024,49.259548471146346],[-125.83782784840156,49.25951425519789],[-125.83803625081549,49.25978777558865],[-125.837777150355,49.25982045782987],[-125.83750034014024,49.259548471146346]]],[[[-125.383894519548,48.89056285920167],[-125.3841649312022,48.89049455730096],[-125.38438603956061,48.890571474922424],[-125.38396013159377,48.89080497201985],[-125.383894519548,48.89056285920167]]],[[[-126.34737794142755,49.39488035944344],[-126.34705473222434,49.39488256204083],[-126.34688374454288,49.394734459774206],[-126.34735634995545,49.39466466838157],[-126.34737794142755,49.39488035944344]]],[[[-125.47965883321096,48.91837626438177],[-125.47997253989641,48.91836916555575],[-125.48005365794177,48.91862837188374],[-125.47985065278613,48.91865967295562],[-125.47965883321096,48.91837626438177]]],[[[-125.36660665201117,48.85959206285497],[-125.36695695191705,48.85950376429336],[-125.36723654842612,48.859668961276384],[-125.366899257399,48.859757260761526],[-125.36660665201117,48.85959206285497]]],[[[-126.07189453140116,49.24476237264581],[-126.07227273514394,49.24463697333791],[-126.07246326118269,49.24466976526024],[-126.07222914872114,49.244906152003495],[-126.07189453140116,49.24476237264581]]],[[[-125.28349883809713,49.01996227818712],[-125.28400473897386,49.01993377007769],[-125.28402825646603,49.020158859630875],[-125.28361643714314,49.02015737593593],[-125.28349883809713,49.01996227818712]]],[[[-126.06676245294764,49.25750967645458],[-126.0670593476489,49.25747907076667],[-126.06705375502136,49.257802366852935],[-126.06684574121711,49.257842264665165],[-126.06676245294764,49.25750967645458]]],[[[-125.39135382871171,48.88674746222486],[-125.39161385849744,48.88679587200393],[-125.3913635513054,48.88726867332251],[-125.39131783949742,48.88714335657849],[-125.39135382871171,48.88674746222486]]],[[[-125.89476884140221,49.167950460362285],[-125.89505316230934,49.16788067276497],[-125.89517205689862,49.16802165437766],[-125.89482935536859,49.16825526599813],[-125.89476884140221,49.167950460362285]]],[[[-125.72060023953128,49.14688927712342],[-125.72100485485907,49.14678095480953],[-125.72108104897534,49.146923468776876],[-125.72080402826973,49.147100064582176],[-125.72060023953128,49.14688927712342]]],[[[-125.78383424512695,49.234341376524675],[-125.78429444848523,49.23422314812434],[-125.78434565638682,49.23441117390483],[-125.78393734141532,49.23448387575184],[-125.78383424512695,49.234341376524675]]],[[[-125.338765443971,48.87251386547639],[-125.33896473513042,48.87238425329397],[-125.33918535670605,48.872469762020536],[-125.33906092735948,48.87270616782258],[-125.338765443971,48.87251386547639]]],[[[-125.31511063043789,48.856752157608945],[-125.3153401410302,48.85667527582681],[-125.31581983470655,48.85704417083365],[-125.31523993668416,48.856866076142865],[-125.31511063043789,48.856752157608945]]],[[[-125.85309066419227,49.067483862241595],[-125.85349783074528,49.06741975769924],[-125.85359754430257,49.067508071794116],[-125.85330945497088,49.06774875300614],[-125.85309066419227,49.067483862241595]]],[[[-125.9221644576256,49.10889566002325],[-125.92261174149867,49.10882157396494],[-125.9226645558727,49.10901805163626],[-125.92234186389982,49.10910786548608],[-125.9221644576256,49.10889566002325]]],[[[-125.66297242972308,49.170932768459224],[-125.66339465592876,49.17090427362331],[-125.66347213432783,49.17105666872434],[-125.66309395092416,49.171172049721534],[-125.66297242972308,49.170932768459224]]],[[[-125.83170374612398,49.063917655396935],[-125.83201362860349,49.063810864465005],[-125.83207234902252,49.06412417279637],[-125.83181644120533,49.06419395909887],[-125.83170374612398,49.063917655396935]]],[[[-126.13177196488334,49.25466056605141],[-126.1321588563388,49.25463356277122],[-126.13195165539472,49.25509635641737],[-126.13177375456986,49.25487565676365],[-126.13177196488334,49.25466056605141]]],[[[-125.83656535252163,49.06608386905486],[-125.83710413689225,49.06591727995546],[-125.83722325295963,49.06608526435502],[-125.836705955698,49.06614366639798],[-125.83656535252163,49.06608386905486]]],[[[-125.3134599504602,48.916712773488584],[-125.31370173231113,48.916617354265824],[-125.31407663935086,48.9167996552548],[-125.31359114708998,48.91688085337414],[-125.3134599504602,48.916712773488584]]],[[[-125.7541267366472,49.251320871928826],[-125.75442205127064,49.251196970983685],[-125.75464834682569,49.25129945573419],[-125.75441224934714,49.2514945654562],[-125.7541267366472,49.251320871928826]]],[[[-126.00623114369363,49.292714056680765],[-126.00601786096333,49.29261007348061],[-126.00659054201675,49.29248045748068],[-126.00659935925442,49.292544571533],[-126.00623114369363,49.292714056680765]]],[[[-125.29752985196892,48.90214177413077],[-125.29788515183878,48.90217015722475],[-125.29769475049739,48.90248926658536],[-125.29749825263092,48.90236676015533],[-125.29752985196892,48.90214177413077]]],[[[-126.06578713442312,49.40965446008468],[-126.06605505832104,49.4095533649187],[-126.0661902266092,49.41004326375131],[-126.0660265403679,49.41000335784616],[-126.06578713442312,49.40965446008468]]],[[[-125.38910983316013,48.89205686003936],[-125.38971224626538,48.89183755096666],[-125.38982654452371,48.89190737333452],[-125.3893730433994,48.892123857481295],[-125.38910983316013,48.89205686003936]]],[[[-126.01040186478939,49.18349997205739],[-126.01073164982631,49.1834814779021],[-126.01094165252171,49.18367514942038],[-126.01045842509419,49.183716462988166],[-126.01040186478939,49.18349997205739]]],[[[-125.39184324728046,48.88701515630175],[-125.39203082747173,48.88693965644579],[-125.39219493872277,48.887224553838415],[-125.39182894634433,48.88727724959159],[-125.39184324728046,48.88701515630175]]],[[[-125.38273443361696,48.893700473130124],[-125.38322384922188,48.893680471133166],[-125.38340614280945,48.89374887568533],[-125.38303015200736,48.89390125771084],[-125.38273443361696,48.893700473130124]]],[[[-125.82862975078062,49.067402672499824],[-125.8289832291585,49.067349958343314],[-125.82909032720939,49.06755365846293],[-125.82868614118638,49.06766186487323],[-125.82862975078062,49.067402672499824]]],[[[-125.6074943430865,48.96586656368424],[-125.607774659819,48.96573406639134],[-125.60797885381163,48.96597195981596],[-125.60766706282247,48.96601607180687],[-125.6074943430865,48.96586656368424]]],[[[-125.93260173363724,49.16290166275597],[-125.9328446641472,49.16283187200562],[-125.93322002357296,49.162940058159066],[-125.93274933367218,49.16310527346434],[-125.93260173363724,49.16290166275597]]],[[[-125.6717688511989,49.177072559042124],[-125.67220262381674,49.176971364296406],[-125.67231172100246,49.17723916441676],[-125.67195744896476,49.17729185371393],[-125.6717688511989,49.177072559042124]]],[[[-125.25491834145929,48.918359155850865],[-125.25534686388451,48.91820676247235],[-125.25563703043511,48.91826376337622],[-125.25526391974967,48.918450362453186],[-125.25491834145929,48.918359155850865]]],[[[-126.18755184621787,49.382590155527794],[-126.18788947117369,49.382688520387156],[-126.18789665256561,49.383047370182275],[-126.18778904999974,49.38299185918671],[-126.18755184621787,49.382590155527794]]],[[[-125.67129255012428,49.14276047036501],[-125.67162153315343,49.142734874622],[-125.6716595420577,49.14295846139428],[-125.67129503191227,49.14303956382325],[-125.67129255012428,49.14276047036501]]],[[[-125.31871563364919,48.852117759856235],[-125.31901565163567,48.852147661946184],[-125.31879963248139,48.85249375683967],[-125.31867272624437,48.85237126758506],[-125.31871563364919,48.852117759856235]]],[[[-125.73158202777851,49.13587866963376],[-125.73180794574186,49.135720567206555],[-125.73214135278057,49.135820262485026],[-125.73204105395385,49.13597556876269],[-125.73158202777851,49.13587866963376]]],[[[-125.7877374335558,49.060508163476314],[-125.7879712477171,49.0604582750288],[-125.78831246802469,49.060691867224634],[-125.78775414764752,49.060733156194964],[-125.7877374335558,49.060508163476314]]],[[[-125.23513872278238,48.919904465834286],[-125.2348540500142,48.91995424816449],[-125.23471193753487,48.91982327750898],[-125.23533386190911,48.91970226460718],[-125.23513872278238,48.919904465834286]]],[[[-125.99993335444147,49.238841852678476],[-126.0001590508709,49.23867387668943],[-126.00040366444165,49.23895866842221],[-126.0001766554875,49.23906127301603],[-125.99993335444147,49.238841852678476]]],[[[-125.28483165195813,49.01861355528104],[-125.28522983233883,49.01864066140841],[-125.28536095091025,49.01881866332399],[-125.28492794961072,49.01888124933976],[-125.28483165195813,49.01861355528104]]],[[[-125.3528193644194,48.90460706550271],[-125.35310524379189,48.904582759503995],[-125.35337322137873,48.90476656214295],[-125.35286933574697,48.9048135564697],[-125.3528193644194,48.90460706550271]]],[[[-125.35982574799019,48.99185835035755],[-125.3599964553956,48.99173726824151],[-125.36032224881,48.99197377711452],[-125.36001244883991,48.992070569121815],[-125.35982574799019,48.99185835035755]]],[[[-125.30750433304239,48.91249577492203],[-125.30778704482034,48.91240885581489],[-125.30814714563128,48.91250134996959],[-125.3077173599216,48.912680861380345],[-125.30750433304239,48.91249577492203]]],[[[-125.26169223811515,48.91483427610519],[-125.26199066062514,48.9147829697863],[-125.26205015192518,48.91489836346814],[-125.26163634366225,48.91509635946623],[-125.26169223811515,48.91483427610519]]],[[[-126.07191424679328,49.24467266748956],[-126.07157312690913,49.24460136833125],[-126.0722908415683,49.244451876012135],[-126.07226614468506,49.24453445479599],[-126.07191424679328,49.24467266748956]]],[[[-125.36707976149137,48.89937586678656],[-125.36752514856637,48.89927615251396],[-125.36773586257667,48.899388770489765],[-125.3673597462648,48.899541072422394],[-125.36707976149137,48.89937586678656]]],[[[-125.28983505959776,48.91712156277289],[-125.29009434814424,48.917098774631874],[-125.29041805795568,48.917352265266494],[-125.29014965901014,48.917420664374795],[-125.28983505959776,48.91712156277289]]],[[[-125.61022045806553,48.97149925468055],[-125.61044595512423,48.97135966537663],[-125.61086644747958,48.97156625048764],[-125.61037814518298,48.971648860610046],[-125.61022045806553,48.97149925468055]]],[[[-125.28307123612815,48.933152451877454],[-125.28345373418091,48.9331182565849],[-125.28362662987327,48.93332197460165],[-125.28327403947475,48.93337315951711],[-125.28307123612815,48.933152451877454]]],[[[-126.065392246092,49.179422469665454],[-126.0657695583669,49.17954927334817],[-126.06587494992804,49.1798497774053],[-126.06561875193877,49.179771351200614],[-126.065392246092,49.179422469665454]]],[[[-125.32229782518021,48.89418745782528],[-125.32257955527665,48.89408217034157],[-125.32292754828174,48.89423736288689],[-125.32262054906347,48.894369756865075],[-125.32229782518021,48.89418745782528]]],[[[-125.85685515117633,49.06627617444701],[-125.8572027540723,49.06615936420767],[-125.85757654009576,49.066230557314405],[-125.85717496032328,49.066384365882314],[-125.85685515117633,49.06627617444701]]],[[[-125.3509608433601,48.87517146807477],[-125.35108384325942,48.87488094966162],[-125.3515188358265,48.874889467697336],[-125.35144285398086,48.8749991728656],[-125.3509608433601,48.87517146807477]]],[[[-125.28244154019904,48.93400127772699],[-125.28281642852902,48.93382327266316],[-125.28314944788895,48.93393436504895],[-125.28281414570495,48.934066762886935],[-125.28244154019904,48.93400127772699]]],[[[-125.51852535437715,48.907556550428566],[-125.51873874862565,48.907452559367854],[-125.51890863763555,48.907565078427886],[-125.51860956403547,48.90784286898519],[-125.51852535437715,48.907556550428566]]],[[[-125.95129445319111,49.14663576859926],[-125.951754349496,49.14654175381547],[-125.95181735099666,49.146694166847176],[-125.95156734752503,49.146862173122635],[-125.95129445319111,49.14663576859926]]],[[[-125.94914895223964,49.31832555771456],[-125.94937552175666,49.31846376153332],[-125.94923815885353,49.318908060510765],[-125.94916593715928,49.31886537707393],[-125.94914895223964,49.31832555771456]]],[[[-126.25551487079983,49.3615702674403],[-126.25580473755609,49.36154176531742],[-126.25598475679084,49.36178815486483],[-126.2556474350061,49.36190637559269],[-126.25551487079983,49.3615702674403]]],[[[-125.36640553563252,48.89955106660876],[-125.36669794323772,48.8993929531434],[-125.36685712666299,48.89956956133179],[-125.36652533000529,48.899764759047336],[-125.36640553563252,48.89955106660876]]],[[[-126.24139334843538,49.31535185184124],[-126.24173642351585,49.315368964209355],[-126.24123155416216,49.315789068380894],[-126.24115697252086,49.31562526938189],[-126.24139334843538,49.31535185184124]]],[[[-125.36074393404121,48.89697757840608],[-125.36083815169157,48.896939058287856],[-125.3614293281839,48.89705307045749],[-125.3611101384207,48.89721257864091],[-125.36074393404121,48.89697757840608]]],[[[-125.27766075564627,48.90214025972235],[-125.27795735879666,48.90207195683017],[-125.27827882660627,48.90224427080477],[-125.27792853437644,48.90236817559108],[-125.27766075564627,48.90214025972235]]],[[[-126.34110145073636,49.39002177512121],[-126.34153542583186,49.389897864854106],[-126.34159684061977,49.39003316764287],[-126.3409943490527,49.39022676895277],[-126.34110145073636,49.39002177512121]]],[[[-125.52733214562771,48.920850178138934],[-125.52768113974192,48.92075187696269],[-125.52778954503526,48.92100106017642],[-125.52759206909379,48.92114066859152],[-125.52733214562771,48.920850178138934]]],[[[-125.29306564320207,48.96261645347354],[-125.29354243351699,48.96255236648317],[-125.29372524303342,48.96269336448947],[-125.29352594339838,48.962822949267505],[-125.29306564320207,48.96261645347354]]],[[[-125.37257763879911,48.88150345341968],[-125.37299853104588,48.88144936994635],[-125.37332436140152,48.88170286155778],[-125.37270703185013,48.88162597558385],[-125.37257763879911,48.88150345341968]]],[[[-125.36232764331304,48.876330456543684],[-125.3626304261649,48.87621966367987],[-125.36284824269421,48.87648456496441],[-125.36261775050471,48.876542952952946],[-125.36232764331304,48.876330456543684]]],[[[-126.25520742390856,49.35668666150072],[-126.25588006537875,49.35675786711403],[-126.25594034700234,49.35691167536499],[-126.25557853478531,49.356957270610124],[-126.25520742390856,49.35668666150072]]],[[[-126.24183965110245,49.32064275737658],[-126.24224475508186,49.32055447381659],[-126.24234504313608,49.320961881109604],[-126.24209884643169,49.320964676944804],[-126.24183965110245,49.32064275737658]]],[[[-125.34203724019028,48.89849287274089],[-125.34226773640496,48.89843446630946],[-125.34254275992627,48.898491471556284],[-125.34214965216206,48.898841871142636],[-125.34203724019028,48.89849287274089]]],[[[-125.8689181693595,49.26132736925008],[-125.869326445048,49.26126326833161],[-125.86951354157692,49.26142985281259],[-125.8688579272353,49.26148256860695],[-125.8689181693595,49.26132736925008]]],[[[-125.95156593178686,49.13972325794682],[-125.95116276391694,49.1398365717781],[-125.9510603380141,49.139731156903665],[-125.95163535402459,49.13945626981053],[-125.95156593178686,49.13972325794682]]],[[[-126.09294164994093,49.224259460273885],[-126.0931248298123,49.224173957218575],[-126.09342502933194,49.22447875682696],[-126.09303536533412,49.224558469974525],[-126.09294164994093,49.224259460273885]]],[[[-125.38731545863382,48.882763960692635],[-125.38769133364613,48.88264006093697],[-125.38789365548978,48.88286936668557],[-125.38737794238897,48.88290636633185],[-125.38731545863382,48.882763960692635]]],[[[-125.16146413611573,48.97276115934113],[-125.16163913777524,48.972685679309706],[-125.16181814987871,48.97242077437709],[-125.16184192272739,48.972979059504624],[-125.16146413611573,48.97276115934113]]],[[[-125.31609624075178,48.86037536216983],[-125.31618744059924,48.86026567832651],[-125.31670123326916,48.86046227588913],[-125.31641934498428,48.86057616732143],[-125.31609624075178,48.86037536216983]]],[[[-125.85118363320298,49.07056305665022],[-125.85157932164341,49.07050035881463],[-125.85172523889987,49.07067555264515],[-125.85132363613153,49.070820753631814],[-125.85118363320298,49.07056305665022]]],[[[-125.38585034320889,48.932178277680265],[-125.38609324723636,48.9321455692635],[-125.38637413441421,48.9322936560625],[-125.38598563621947,48.93248167332931],[-125.38585034320889,48.932178277680265]]],[[[-126.09092635495473,49.18303467474654],[-126.09110825487554,49.182988660435385],[-126.09158233603432,49.18310976510847],[-126.09105183907269,49.18323937714378],[-126.09092635495473,49.18303467474654]]],[[[-125.67347474557423,49.16697346868627],[-125.67377375032581,49.16691365913418],[-125.6739733202023,49.16705315979768],[-125.67348732913392,49.16721696868138],[-125.67347474557423,49.16697346868627]]],[[[-125.95070642809395,49.316316067617166],[-125.95099044206341,49.31621777678732],[-125.95106996115808,49.316639363635055],[-125.95080566146238,49.31659236429246],[-125.95070642809395,49.316316067617166]]],[[[-125.35064134237643,48.855547263351866],[-125.35112653816851,48.85543767538159],[-125.35150113599757,48.85558287444822],[-125.35087553179874,48.85563125426489],[-125.35064134237643,48.855547263351866]]],[[[-125.38170535462466,48.92574086127862],[-125.38213735356813,48.92560555657155],[-125.38233234831172,48.925719461670404],[-125.38196096494762,48.92591606846942],[-125.38170535462466,48.92574086127862]]],[[[-125.49999992730278,48.907600764229834],[-125.50030103976391,48.907485355458796],[-125.50067575275139,48.907612072079154],[-125.50028633121609,48.90773745991434],[-125.49999992730278,48.907600764229834]]],[[[-126.05871203861332,49.17731035810568],[-126.05902575678121,49.177335962741594],[-126.05910412912763,49.17760807109416],[-126.0587468502268,49.17761655014308],[-126.05871203861332,49.17731035810568]]],[[[-125.34795313241635,49.03942266424739],[-125.34830905218989,49.0394070542169],[-125.34853643631251,49.039572259123275],[-125.34810412370558,49.03969895672211],[-125.34795313241635,49.03942266424739]]],[[[-125.38786512490951,48.89085056202477],[-125.3880227278175,48.8907380603725],[-125.38837212849292,48.89087475918592],[-125.38797156498308,48.89108126415695],[-125.38786512490951,48.89085056202477]]],[[[-126.23266254822867,49.34418355782739],[-126.23311973823209,49.34412226429822],[-126.23326092982035,49.344306062551674],[-126.23273465001043,49.3443743658662],[-126.23266254822867,49.34418355782739]]],[[[-125.47132745185291,48.888442250111154],[-125.47182435190759,48.88852197025696],[-125.4718899529126,48.888781167937445],[-125.47136304558633,48.88860315459401],[-125.47132745185291,48.888442250111154]]],[[[-125.27360163224105,48.93537276848781],[-125.27386945997029,48.935277371104384],[-125.27418824724671,48.935406957792274],[-125.27381455049705,48.935566466222625],[-125.27360163224105,48.93537276848781]]],[[[-125.31288013422781,48.940799054905014],[-125.31320436210842,48.94075626850309],[-125.31333714712495,48.940925774376296],[-125.31282185554053,48.941034059913655],[-125.31288013422781,48.940799054905014]]],[[[-125.27426646453245,48.93289466629735],[-125.27457642991995,48.93278925772412],[-125.27486564754459,48.932864754209206],[-125.27454813616032,48.933105476848986],[-125.27426646453245,48.93289466629735]]],[[[-125.2827687495007,48.9585389567458],[-125.28274233203372,48.958251264986885],[-125.28326223913422,48.958276964590894],[-125.28322465212442,48.95833107047794],[-125.2827687495007,48.9585389567458]]],[[[-125.61974844236673,49.21531257389332],[-125.6200063527502,49.21525275064892],[-125.62014515385178,49.21554756568054],[-125.61981753727588,49.21559876695872],[-125.61974844236673,49.21531257389332]]],[[[-126.13858944526986,49.26011107439014],[-126.1389391491617,49.26001987525337],[-126.1392015653957,49.26024206559746],[-126.13875783387573,49.26028625503561],[-126.13858944526986,49.26011107439014]]],[[[-126.05971334697087,49.17993436788366],[-126.05999554371931,49.17993326668],[-126.0601815637474,49.180279860250494],[-126.059867028765,49.18027276642381],[-126.05971334697087,49.17993436788366]]],[[[-125.51545454698375,48.91298566684962],[-125.51569313187319,48.912854672604446],[-125.51581932887156,48.912922963573685],[-125.51540334397968,48.91331887099908],[-125.51545454698375,48.91298566684962]]],[[[-125.9253562572243,49.109328573674304],[-125.92568132252221,49.10929296166266],[-125.92581746172077,49.10950516336937],[-125.92546865198959,49.10960345782391],[-125.9253562572243,49.109328573674304]]],[[[-125.66647312847883,48.99277695866991],[-125.66694295533559,48.99288235428627],[-125.66708706290845,48.993041860094436],[-125.66684584902403,48.99313724849644],[-125.66647312847883,48.99277695866991]]],[[[-126.0705277282756,49.22837105978249],[-126.07092904223454,49.22833697301981],[-126.0714435453375,49.22868305430259],[-126.07108956670251,49.22862886708694],[-126.0705277282756,49.22837105978249]]],[[[-125.8527510260508,49.06660226428106],[-125.8532672474616,49.06651686618634],[-125.85339706524486,49.066639368454865],[-125.85283012989856,49.066788856806205],[-125.8527510260508,49.06660226428106]]],[[[-125.67238113183367,48.99411576168626],[-125.67269034847986,48.99401887289624],[-125.67281006062628,48.994204061532436],[-125.6724920328028,48.99439206566622],[-125.67238113183367,48.99411576168626]]],[[[-125.28859934697591,48.8874025747324],[-125.28897745959327,48.88728726466276],[-125.2892180500087,48.88748087331367],[-125.28888163237585,48.88760336589176],[-125.28859934697591,48.8874025747324]]],[[[-125.28185243535549,48.951007772861246],[-125.28226732794394,48.95081977058225],[-125.28252943039733,48.9509137599323],[-125.28226585233415,48.95109037045917],[-125.28185243535549,48.951007772861246]]],[[[-125.9256507546893,49.12063266913921],[-125.92617553878988,49.12070658193444],[-125.92625414330789,49.120866078671106],[-125.92585983815752,49.12092165845357],[-125.9256507546893,49.12063266913921]]],[[[-126.03423915314374,49.28810247641164],[-126.03420915152982,49.287930155862824],[-126.03499875385168,49.287833267120014],[-126.0346795495107,49.28809536040462],[-126.03423915314374,49.28810247641164]]],[[[-125.95206384385544,49.14553625733751],[-125.95209133376054,49.14529265736568],[-125.95262095526762,49.145215775065786],[-125.9523243312907,49.14552915878065],[-125.95206384385544,49.14553625733751]]],[[[-125.2916038613168,48.963518066020825],[-125.29150561906255,48.96342976153217],[-125.29236204186286,48.96363767497434],[-125.2922309649835,48.96375726926362],[-125.2916038613168,48.963518066020825]]],[[[-126.09931294328727,49.249170252835654],[-126.09966713530771,49.24921586460602],[-126.0998717422135,49.24948216998275],[-126.09936765719131,49.24939675615751],[-126.09931294328727,49.249170252835654]]],[[[-125.85580952470353,49.077422061418275],[-125.85634944684281,49.077290957368305],[-125.85664156599516,49.0773564689996],[-125.85621273694179,49.07753737500571],[-125.85580952470353,49.077422061418275]]],[[[-126.07603515502846,49.21609585098221],[-126.07616312896965,49.21599045883004],[-126.07663915547596,49.21608305869162],[-126.07611194803492,49.216393552324675],[-126.07603515502846,49.21609585098221]]],[[[-125.61803564205884,49.207587652975924],[-125.61850905279714,49.20747796927921],[-125.61863836320683,49.207556261816215],[-125.61844483116991,49.20778556141678],[-125.61803564205884,49.207587652975924]]],[[[-125.2918392217822,48.91137776070631],[-125.29214696441036,48.91127236324102],[-125.29255093678236,48.911444678702445],[-125.29206394235725,48.91155286082426],[-125.2918392217822,48.91137776070631]]],[[[-126.07532995454677,49.212292056343955],[-126.07567454839398,49.212190659778074],[-126.07579295750595,49.21228327121283],[-126.07538705497468,49.212642171283115],[-126.07532995454677,49.212292056343955]]],[[[-125.9077958590789,49.16220666446061],[-125.90804825766831,49.162030073947435],[-125.90843735248018,49.1621453602307],[-125.90820033659956,49.162313460472625],[-125.9077958590789,49.16220666446061]]],[[[-125.84856234038256,49.22558397301072],[-125.8488917407379,49.225566869284194],[-125.84891304341825,49.225952860943416],[-125.8486493246971,49.225914366298106],[-125.84856234038256,49.22558397301072]]],[[[-125.86592765688903,49.17980845679785],[-125.86619692463748,49.17973006351131],[-125.86642755902473,49.179895274185654],[-125.86597164207986,49.18008617233594],[-125.86592765688903,49.17980845679785]]],[[[-125.37758104759544,48.89350955343823],[-125.37799214756782,48.893555150621516],[-125.37797764920015,48.8938257574951],[-125.37752156236176,48.89368187140997],[-125.37758104759544,48.89350955343823]]],[[[-125.67797243352578,49.004186862767725],[-125.67843194563231,49.004177753604075],[-125.67861303746508,49.00425466075186],[-125.67785554610487,49.00441564881266],[-125.67797243352578,49.004186862767725]]],[[[-125.63092013545287,49.189571366657695],[-125.63139903265024,49.18955145446805],[-125.6316114294101,49.1896539690246],[-125.63102795228238,49.18981205324797],[-125.63092013545287,49.189571366657695]]],[[[-125.76373614518023,49.121250859195584],[-125.7641151188644,49.12125776160041],[-125.7641837567884,49.12148985337531],[-125.76349562374232,49.12146145938058],[-125.76373614518023,49.121250859195584]]],[[[-125.94996934375331,49.137950866683745],[-125.95022525524901,49.13788117528928],[-125.9503037595417,49.13830265849073],[-125.95008743719934,49.13832547582937],[-125.94996934375331,49.137950866683745]]],[[[-126.22762942577508,49.36437736666157],[-126.22785345124981,49.3643104674719],[-126.2282124535654,49.3645354604109],[-126.22777763176622,49.36467796695219],[-126.22762942577508,49.36437736666157]]],[[[-125.51614644210082,48.912898752389395],[-125.51637485111434,48.91280336090137],[-125.51661074976766,48.91290586703246],[-125.51608224421221,48.9132320577553],[-125.51614644210082,48.912898752389395]]],[[[-125.35411776389383,48.87648316983087],[-125.3545060689824,48.87633216926218],[-125.35471646288451,48.87644466327327],[-125.3545903410167,48.87664407873247],[-125.35411776389383,48.87648316983087]]],[[[-125.51667334696641,48.91469467187576],[-125.51685974379524,48.91460065507583],[-125.51707014138647,48.91468615576445],[-125.51667903174295,48.91506355832714],[-125.51667334696641,48.91469467187576]]],[[[-126.00731473520503,49.288909979520966],[-126.00778923505712,49.28881457005843],[-126.00784104461984,49.28907667923729],[-126.00752015193373,49.28914067349504],[-126.00731473520503,49.288909979520966]]],[[[-125.77930685221799,49.18648937396821],[-125.77952184848222,49.18639396290519],[-125.77984424675874,49.186772766883166],[-125.77950203159418,49.186789862526695],[-125.77930685221799,49.18648937396821]]],[[[-125.98764184866182,49.151250157568924],[-125.9879837566766,49.1512416634267],[-125.9880681314467,49.15149227099333],[-125.98760326408186,49.151549260258484],[-125.98764184866182,49.151250157568924]]],[[[-125.54680213640779,48.949345659309095],[-125.54701744556709,48.949287366788255],[-125.54749725409332,48.9495650713501],[-125.54721383278394,48.949633369940756],[-125.54680213640779,48.949345659309095]]],[[[-126.05247065468687,49.260786162412785],[-126.05275133015293,49.26067647042027],[-126.0530394339251,49.26070206891935],[-126.0529515344594,49.26102396109744],[-126.05247065468687,49.260786162412785]]],[[[-125.34758373719336,48.89481697589286],[-125.34786635434175,48.894730171038795],[-125.34836654903441,48.89494515334246],[-125.34800135808374,48.89501636923141],[-125.34758373719336,48.89481697589286]]],[[[-126.13723125316697,49.25864555285704],[-126.1375731390916,49.258681179666446],[-126.137800031912,49.259020061117106],[-126.13728835194703,49.258854866022425],[-126.13723125316697,49.25864555285704]]],[[[-126.25227523735487,49.40582047992838],[-126.25262883492358,49.40564815654494],[-126.25287844570974,49.4058703699621],[-126.25252853335144,49.405978561444236],[-126.25227523735487,49.40582047992838]]],[[[-125.29566083108429,48.876538659258586],[-125.2961430611974,48.876636970633555],[-125.29600682664552,48.876971670292356],[-125.29585745995485,48.876947471118044],[-125.29566083108429,48.876538659258586]]],[[[-125.97504614887248,49.30321187512938],[-125.97512904464898,49.30298547774059],[-125.97585996239441,49.302768958816145],[-125.97578716296827,49.302932760804104],[-125.97504614887248,49.30321187512938]]],[[[-125.26184954996127,48.91071977209569],[-125.26213424617431,48.91071406051587],[-125.26219065146297,48.91103735557072],[-125.26170693148138,48.910929070309436],[-125.26184954996127,48.91071977209569]]],[[[-125.95933785334613,49.20955306436981],[-125.95975826774114,49.209468966440504],[-125.96013775027998,49.209621349271686],[-125.95947033496921,49.209711171138345],[-125.95933785334613,49.20955306436981]]],[[[-126.0661827561959,49.27896757255914],[-126.06583825819627,49.278761067836875],[-126.06584545029574,49.278644271298255],[-126.06636816174574,49.278627466057834],[-126.0661827561959,49.27896757255914]]],[[[-125.63611244964086,48.99106364906227],[-125.63641053650687,48.991020954477584],[-125.63660533097611,48.991331370090606],[-125.63604114345374,48.99128157002253],[-125.63611244964086,48.99106364906227]]],[[[-125.68679776683697,49.180933570749076],[-125.68716154232962,49.18079967687102],[-125.68727146401453,49.181057463724756],[-125.68673035188412,49.18120557467668],[-125.68679776683697,49.180933570749076]]],[[[-125.64180506576034,49.19266046625012],[-125.64192402982378,49.19260355661292],[-125.64228223432436,49.19287415586531],[-125.64192203755562,49.19307206707334],[-125.64180506576034,49.19266046625012]]],[[[-126.05386914931542,49.25553225309286],[-126.05420515623959,49.255451070856545],[-126.05445176723163,49.25568176965498],[-126.05423366805472,49.25586546960473],[-126.05386914931542,49.25553225309286]]],[[[-125.90734432293745,49.16266805849819],[-125.90771065892508,49.162595462061816],[-125.90777492159087,49.16277486320241],[-125.90728515169282,49.163073959076335],[-125.90734432293745,49.16266805849819]]],[[[-125.87844713928773,49.21249826940115],[-125.87888823982519,49.21250545206797],[-125.87907972583912,49.212734762467846],[-125.8788373219495,49.212803063517114],[-125.87844713928773,49.21249826940115]]],[[[-125.98775395205527,49.15175145503978],[-125.98790085435483,49.151703070863405],[-125.98817884061441,49.151983676338375],[-125.98765534418659,49.1521588741186],[-125.98775395205527,49.15175145503978]]],[[[-125.28878944354676,48.96531105829585],[-125.28924333692753,48.96534667128542],[-125.28934573583041,48.965524760395994],[-125.28895384980729,48.96560447259195],[-125.28878944354676,48.96531105829585]]],[[[-125.31167315946898,48.940716462360356],[-125.31211913760639,48.94060815949234],[-125.31227774615483,48.94075775528688],[-125.3118896514767,48.940972759132215],[-125.31167315946898,48.940716462360356]]],[[[-125.50367894969611,48.920429959895394],[-125.5040763392405,48.9204570757104],[-125.50406373982393,48.920746166440885],[-125.50379084884773,48.920770372312],[-125.50367894969611,48.920429959895394]]],[[[-125.33216573422511,48.87020956436842],[-125.3325314601854,48.870165368266214],[-125.33261524960466,48.87046155011292],[-125.33212404766778,48.870453060551135],[-125.33216573422511,48.87020956436842]]],[[[-125.38128574009839,48.890779361477044],[-125.38159235054503,48.89065546707327],[-125.38230874335284,48.89075805177644],[-125.38202713627187,48.89086335450875],[-125.38128574009839,48.890779361477044]]],[[[-125.35564625305773,48.851837264342926],[-125.35599093955571,48.85189275392961],[-125.35546484271472,48.85231717750597],[-125.35542854136158,48.852102177666346],[-125.35564625305773,48.851837264342926]]],[[[-125.25420254331743,48.92947374945908],[-125.25451534054307,48.92942387803878],[-125.25478446128778,48.929670265311266],[-125.25411632621666,48.929683069688174],[-125.25420254331743,48.92947374945908]]],[[[-125.37720423859287,48.89619846275827],[-125.37756866317473,48.89612866269248],[-125.37775453878399,48.896303851561086],[-125.37727063910451,48.896467664526426],[-125.37720423859287,48.89619846275827]]],[[[-126.18608206183961,49.38320116477936],[-126.1864601364691,49.383336469985444],[-126.1863335491583,49.38364835371823],[-126.18605704952012,49.38363275165848],[-126.18608206183961,49.38320116477936]]],[[[-125.9778728391314,49.30397666546515],[-125.97822593907338,49.30393115736253],[-125.97848826242115,49.30414046151141],[-125.97795674851834,49.304244454813386],[-125.9778728391314,49.30397666546515]]],[[[-126.03380805018382,49.287572056985155],[-126.03408772986407,49.28741457054955],[-126.03439725396888,49.28753136252421],[-126.03417192374282,49.28784895938089],[-126.03380805018382,49.287572056985155]]],[[[-125.37703653925014,48.884920151388336],[-125.37662164772229,48.88507256478193],[-125.37648063502954,48.884975765596145],[-125.37685552562024,48.88454556018726],[-125.37703653925014,48.884920151388336]]],[[[-125.38729132469017,48.89285016759914],[-125.38770746525017,48.892679263756605],[-125.38800313308963,48.892880058096374],[-125.38766835592048,48.893003966991735],[-125.38729132469017,48.89285016759914]]],[[[-125.90304914618916,49.10823615637116],[-125.9034879327914,49.10823335995952],[-125.90362196682247,49.108428469129215],[-125.90324844174161,49.108599358596855],[-125.90304914618916,49.10823615637116]]],[[[-125.38658884435257,48.885234960752896],[-125.38703204731857,48.884838954410895],[-125.3874423646935,48.884857565854475],[-125.38674181788356,48.8853132589292],[-125.38658884435257,48.885234960752896]]],[[[-126.13599417077103,49.3959336700236],[-126.1362460543982,49.39586815969886],[-126.13657404360187,49.39613727203875],[-126.1358295315724,49.39617286764637],[-126.13599417077103,49.3959336700236]]],[[[-126.13541194867767,49.25206995212321],[-126.13527975212034,49.25175096479376],[-126.13584123516748,49.25178366434107],[-126.13576515674863,49.251916164786294],[-126.13541194867767,49.25206995212321]]],[[[-126.04126142637618,49.43869266125232],[-126.0417287369634,49.4387040700988],[-126.04173774297398,49.439037364317144],[-126.04149854413063,49.43908575243566],[-126.04126142637618,49.43869266125232]]],[[[-125.3119363510956,48.86036965508761],[-125.31230423822436,48.86032545719079],[-125.31259405095393,48.860725669019814],[-125.31205431995443,48.86052915943548],[-125.3119363510956,48.86036965508761]]],[[[-125.32952145141853,48.854086063884246],[-125.32975664107693,48.85386526346656],[-125.33019993525023,48.85402765632373],[-125.32981363268173,48.85420707227435],[-125.32952145141853,48.854086063884246]]],[[[-125.28513984896402,48.96407775938674],[-125.285560831824,48.964016467943026],[-125.2855477308879,48.96434975533338],[-125.28533435755286,48.96446087024117],[-125.28513984896402,48.96407775938674]]],[[[-125.84135297092804,49.11324516816889],[-125.84112193952625,49.113061461035976],[-125.84174345298199,49.11291186765531],[-125.84159395068886,49.11314977594705],[-125.84135297092804,49.11324516816889]]],[[[-125.24846293483844,48.92010091818263],[-125.24886382884051,48.920059660187576],[-125.24921574389049,48.9202605672864],[-125.24868692000932,48.920333159677504],[-125.24846293483844,48.92010091818263]]],[[[-125.9454700274107,49.196178262548],[-125.9457502648287,49.19604446841462],[-125.94606275749187,49.19620815542712],[-125.94577335386195,49.196440360099004],[-125.9454700274107,49.196178262548]]],[[[-125.93409503148636,49.12412186676422],[-125.93427022999873,49.12407347291707],[-125.93470024377795,49.12440387138021],[-125.93415394268143,49.12440806070783],[-125.93409503148636,49.12412186676422]]],[[[-125.95002335197498,49.3177815509953],[-125.95047923287056,49.317787269466685],[-125.95053472462321,49.31802936466959],[-125.95016915275406,49.31812906648341],[-125.95002335197498,49.3177815509953]]],[[[-125.92490734483802,49.108681952040506],[-125.92513055329202,49.10852385938424],[-125.92556941914549,49.108773159767075],[-125.92528922203722,49.10889846315067],[-125.92490734483802,49.108681952040506]]],[[[-125.32059763655108,48.99791697500501],[-125.3210255573288,48.99799815677652],[-125.32091723314986,48.99831577125098],[-125.32053094536039,48.998278662952146],[-125.32059763655108,48.99791697500501]]],[[[-125.29862134043265,48.89411347612949],[-125.29891842961688,48.894052163965966],[-125.29909096454887,48.89425587056088],[-125.29867924514396,48.894462351612816],[-125.29862134043265,48.89411347612949]]],[[[-125.79386282514625,49.214388266446136],[-125.79411076317275,49.2143810678095],[-125.79428455812094,49.21479986627456],[-125.79395866700958,49.21485256629279],[-125.79386282514625,49.214388266446136]]],[[[-126.25238845382705,49.358832976584566],[-126.252284139879,49.35874035798762],[-126.25222075386954,49.358388662843325],[-126.25278804763116,49.358590854571645],[-126.25238845382705,49.358832976584566]]],[[[-125.97224534961171,49.14930896966534],[-125.97256804861453,49.149219263262324],[-125.97242854003461,49.149637977380344],[-125.97212403075815,49.149582473450195],[-125.97224534961171,49.14930896966534]]],[[[-126.03724184922847,49.19026497390658],[-126.03765673877068,49.190212280334656],[-126.03793225715577,49.190435863381694],[-126.03744826262337,49.19049566626102],[-126.03724184922847,49.19026497390658]]],[[[-125.31895644890396,48.87387687371409],[-125.31920273041236,48.874168868530965],[-125.31884332762323,48.87439095507362],[-125.31876635218791,48.874158870085694],[-125.31895644890396,48.87387687371409]]],[[[-126.00643493650512,49.158043672546015],[-126.00674836204502,49.158086360012994],[-126.00671946675278,49.158553567735794],[-126.00636086677886,49.15837406817654],[-126.00643493650512,49.158043672546015]]],[[[-125.98124885256986,49.146197065178725],[-125.98154253442911,49.14609165476402],[-125.9817579410129,49.146256873812575],[-125.98143683175294,49.14658877099274],[-125.98124885256986,49.146197065178725]]],[[[-125.80929954906121,49.324943877854146],[-125.8097193442998,49.32481576008345],[-125.8098198450425,49.325156165749085],[-125.8093543283679,49.32519456464163],[-125.80929954906121,49.324943877854146]]],[[[-126.09302056031527,49.39022687314524],[-126.09346125701403,49.39024675515774],[-126.09365044598832,49.39053016879371],[-126.0931987377874,49.39050166195579],[-126.09302056031527,49.39022687314524]]],[[[-125.88137384346548,49.08820325793145],[-125.88179853969916,49.08821895447331],[-125.88203616588393,49.08852796285559],[-125.88168205355865,49.088565066638374],[-125.88137384346548,49.08820325793145]]],[[[-125.73867933600586,49.12757697848478],[-125.73901603807049,49.1277037579566],[-125.73862305989317,49.12801986330359],[-125.73855995537079,49.12788605431479],[-125.73867933600586,49.12757697848478]]],[[[-125.71767024914735,49.15051245069134],[-125.71776833700763,49.15029455753137],[-125.7181588540376,49.15015925005513],[-125.7179920370606,49.15062206043111],[-125.71767024914735,49.15051245069134]]],[[[-125.34030653839532,48.91177425791685],[-125.34095316718629,48.91179356547411],[-125.34102822569163,48.91190035714751],[-125.34050223411691,48.9120371579011],[-125.34030653839532,48.91177425791685]]],[[[-126.07068896239474,49.277643060193725],[-126.0709566507898,49.27755047002342],[-126.07101753290966,49.27789376605988],[-126.07048265061312,49.27788944835062],[-126.07068896239474,49.277643060193725]]],[[[-125.99239486153512,49.1541242593015],[-125.9927031436369,49.15400747490845],[-125.99309335868854,49.15408716996875],[-125.99262686109519,49.15433356405328],[-125.99239486153512,49.1541242593015]]],[[[-125.37876254383961,48.885901451440034],[-125.37861514631759,48.885670764503686],[-125.37929272750749,48.88560235911404],[-125.37912245602521,48.885759069180914],[-125.37876254383961,48.885901451440034]]],[[[-125.20000213164823,48.95287777104977],[-125.20035463810379,48.95283506006299],[-125.20058333041871,48.95305576435286],[-125.20010894806161,48.95316406137645],[-125.20000213164823,48.95287777104977]]],[[[-125.87957884223576,49.17691447378874],[-125.88010744159493,49.17680195176204],[-125.88017725086182,49.177025562216855],[-125.87975885775457,49.177152268749424],[-125.87957884223576,49.17691447378874]]],[[[-125.70793253093996,49.15755226008497],[-125.70837713905931,49.15738856635115],[-125.70862235111952,49.15760785013382],[-125.70822934710924,49.15770616009121],[-125.70793253093996,49.15755226008497]]],[[[-126.01703763420343,49.241765770942195],[-126.01671533458784,49.24189257456427],[-126.01645735162855,49.241812758192886],[-126.0167195369731,49.241342865033644],[-126.01703763420343,49.241765770942195]]],[[[-125.98272714799052,49.29758917500003],[-125.9832498532679,49.29756636968821],[-125.98327114969142,49.297935160916225],[-125.9827949481547,49.297794165704126],[-125.98272714799052,49.29758917500003]]],[[[-126.0821169518092,49.39327177179999],[-126.08247584487904,49.39303817540562],[-126.08262355301629,49.39357226742249],[-126.0821605434552,49.393471164418195],[-126.0821169518092,49.39327177179999]]],[[[-125.33107914813078,48.86619186722176],[-125.33140325050944,48.86614056636957],[-125.33172236846353,48.86626016634516],[-125.33125644482159,48.86647525702943],[-125.33107914813078,48.86619186722176]]],[[[-125.19061323565107,48.981800575258795],[-125.19090483687906,48.981876064441096],[-125.1909012582441,48.982425864948375],[-125.19062433516658,48.982367459094405],[-125.19061323565107,48.981800575258795]]],[[[-125.82867435064436,49.06504414728633],[-125.8291348426503,49.06520375263164],[-125.82879954479898,49.065564061198366],[-125.8286402501793,49.06518095631763],[-125.82867435064436,49.06504414728633]]],[[[-125.67054693087532,49.18853456156992],[-125.67101904136813,49.1883978550426],[-125.67127426111114,49.188518858037334],[-125.6707503622001,49.18874676774474],[-125.67054693087532,49.18853456156992]]],[[[-125.24791844702119,48.91053315171129],[-125.24832525415684,48.91045337117957],[-125.2485407350593,48.91071826902853],[-125.24805324046679,48.910790974586],[-125.24791844702119,48.91053315171129]]],[[[-126.22163274959442,49.42792996983466],[-126.22193265572812,49.427991165692255],[-126.22181165656566,49.428428373232],[-126.22156794913688,49.428368569203926],[-126.22163274959442,49.42792996983466]]],[[[-125.23834534254036,48.92019354972394],[-125.23874803764693,48.920032651522725],[-125.23898393414466,48.92011805607213],[-125.23850813553906,48.92045987522223],[-125.23834534254036,48.92019354972394]]],[[[-125.51242823333304,48.9119630748856],[-125.51286223075067,48.91190896702164],[-125.51299846395102,48.912166760774205],[-125.51260605422176,48.91226496818764],[-125.51242823333304,48.9119630748856]]],[[[-125.31996273421262,48.94100836574022],[-125.32034066671,48.9409015660652],[-125.32066053520059,48.941021273136],[-125.31976725221092,48.941183560761445],[-125.31996273421262,48.94100836574022]]],[[[-125.22795984092069,48.947545451478064],[-125.22828502861324,48.94752127277431],[-125.22842584508562,48.94791435003838],[-125.22802903792564,48.94788587397912],[-125.22795984092069,48.947545451478064]]],[[[-125.15803695165165,48.975065559372176],[-125.15823135251311,48.97479206697452],[-125.15865605252188,48.97483766154187],[-125.15846792330419,48.975192265344084],[-125.15803695165165,48.975065559372176]]],[[[-125.97321274731837,49.29467657330077],[-125.97352434113738,49.29459686562612],[-125.97368735378332,49.294807675129356],[-125.97328925611788,49.29505255788753],[-125.97321274731837,49.29467657330077]]],[[[-125.68035916279213,49.012832660571],[-125.68098764557452,49.01255785395228],[-125.68133775795039,49.01270166997994],[-125.68112464460623,49.012805662448756],[-125.68035916279213,49.012832660571]]],[[[-125.95750884686687,49.31337076778111],[-125.95776364116902,49.31327397894994],[-125.9578469530105,49.31374816522835],[-125.95755713630336,49.31373826172111],[-125.95750884686687,49.31337076778111]]],[[[-126.05964024923095,49.177828753574],[-126.05992095591137,49.17796976746137],[-126.05957914321958,49.17841127431505],[-126.05941805284829,49.178100767830536],[-126.05964024923095,49.177828753574]]],[[[-125.92578874358307,49.11158456847344],[-125.92625582586861,49.11158165985631],[-125.92628885779337,49.11190497349915],[-125.92603533775932,49.11203745537687],[-125.92578874358307,49.11158456847344]]],[[[-126.07752246406254,49.43189636230536],[-126.07800942340265,49.431799462188216],[-126.07825184593017,49.43191347506536],[-126.07802113971651,49.432097166894756],[-126.07752246406254,49.43189636230536]]],[[[-125.31478094955672,49.02729986907029],[-125.31510413354827,49.02719446750834],[-125.3155729218559,49.02723996392748],[-125.31529655761328,49.027514866708884],[-125.31478094955672,49.02729986907029]]],[[[-125.28496715050625,48.95433895454442],[-125.28527896333757,48.95425066341124],[-125.28577204805133,48.95457396083745],[-125.28550123671944,48.95464235325262],[-125.28496715050625,48.95433895454442]]],[[[-125.30854615268514,48.862218257514314],[-125.30878622930112,48.86210577265292],[-125.3093614672891,48.86217556774616],[-125.30920956155053,48.86243046834799],[-125.30854615268514,48.862218257514314]]],[[[-125.29600774141012,48.902892262881934],[-125.29644633944751,48.90263166508431],[-125.29659843179083,48.9026914668842],[-125.29625154498731,48.903157154757736],[-125.29600774141012,48.902892262881934]]],[[[-126.07732144320003,49.431080253313965],[-126.07762915966727,49.43103466099847],[-126.07763602254707,49.43135935965614],[-126.0771100419072,49.43140786024263],[-126.07732144320003,49.431080253313965]]],[[[-125.60794605397278,48.96683586161261],[-125.60841863695246,48.966807979135645],[-125.60846195016038,48.96710416457438],[-125.6079410680281,48.96707996812951],[-125.60794605397278,48.96683586161261]]],[[[-125.35464645152024,48.85550166139789],[-125.35455703741994,48.8553493513612],[-125.35518954123502,48.85573245092328],[-125.35475085816051,48.85595745616377],[-125.35464645152024,48.85550166139789]]],[[[-125.19825823245873,48.9517412777556],[-125.19870462620456,48.951652955831236],[-125.19890093007568,48.9517924701635],[-125.1984605374592,48.951999080528275],[-125.19825823245873,48.9517412777556]]],[[[-125.83844733222624,49.12261926578888],[-125.8386634556172,49.12255095925332],[-125.83920494223108,49.12267345846953],[-125.83865965963318,49.12296536588477],[-125.83844733222624,49.12261926578888]]],[[[-125.32036473814385,49.00289736491011],[-125.32086735901886,49.00285037135113],[-125.32119054340784,49.00304266417064],[-125.32057892973103,49.00313526540101],[-125.32036473814385,49.00289736491011]]],[[[-126.0782209261004,49.334423467091995],[-126.07863195292151,49.334461873874524],[-126.07886324866925,49.334755273440685],[-126.07840734749972,49.334788063789354],[-126.0782209261004,49.334423467091995]]],[[[-125.56757624057263,48.93706336188912],[-125.56818272604357,48.936888161514396],[-125.56851973683,48.93707897924591],[-125.56766226426197,48.93718090869706],[-125.56757624057263,48.93706336188912]]],[[[-125.97739115560216,49.13815455496668],[-125.97768784941238,49.13804775711063],[-125.97808686689986,49.13831696669311],[-125.97757254343004,49.13841097810833],[-125.97739115560216,49.13815455496668]]],[[[-125.6814262305716,49.00824676238979],[-125.68179254332055,49.008202565630484],[-125.6820176589245,49.00854727138547],[-125.68157354792943,49.00870246088358],[-125.6814262305716,49.00824676238979]]],[[[-125.28602323158333,48.90441005491858],[-125.28639966406325,48.90435066947645],[-125.28671165272108,48.904605565477254],[-125.2864705232023,48.904728066877524],[-125.28602323158333,48.90441005491858]]],[[[-125.29811444554107,49.020084751995356],[-125.29835224735325,49.01989105647485],[-125.29857135260501,49.02020156554146],[-125.29812766511616,49.02038246686522],[-125.29811444554107,49.020084751995356]]],[[[-125.76901936612218,49.21730786838169],[-125.76945823328364,49.21732355897427],[-125.7694532443982,49.217729460632114],[-125.7690196371398,49.217577068804225],[-125.76901936612218,49.21730786838169]]],[[[-125.34101723712855,48.87136166832747],[-125.34122973643282,48.87127625434412],[-125.3417421448154,48.87142726320587],[-125.3410964380855,48.87159387548835],[-125.34101723712855,48.87136166832747]]],[[[-125.50233396065826,48.90088275993184],[-125.5024924332563,48.900780157743284],[-125.50287634876854,48.900852759878426],[-125.50246093815151,48.90127576645048],[-125.50233396065826,48.90088275993184]]],[[[-125.79641845045445,49.22487046512003],[-125.79668874841882,49.224773561271036],[-125.7969424191343,49.225118262290444],[-125.79647763238877,49.225165270967096],[-125.79641845045445,49.22487046512003]]],[[[-126.12167796649574,49.25240176526087],[-126.12212085407529,49.25234196223513],[-126.12269654902522,49.25260825515508],[-126.12173573315926,49.25257556009983],[-126.12167796649574,49.25240176526087]]],[[[-125.86157383177168,49.19307065674791],[-125.86216182811144,49.19302936138333],[-125.86228674739698,49.193268667663546],[-125.86183665452104,49.19335126097641],[-125.86157383177168,49.19307065674791]]],[[[-126.06005014091627,49.177424268806796],[-126.06038074548785,49.17737877029729],[-126.0604285338667,49.17796545704022],[-126.06022535122997,49.17792415944407],[-126.06005014091627,49.177424268806796]]],[[[-125.51583732240579,48.92930565771602],[-125.5162045544141,48.92927145522588],[-125.51671154242287,48.92956626513837],[-125.51619284167198,48.929559176191034],[-125.51583732240579,48.92930565771602]]],[[[-126.05355294019074,49.33256487426471],[-126.05391263525523,49.33251077054962],[-126.05422193985622,49.33287815770702],[-126.05380683548483,49.33290386543857],[-126.05355294019074,49.33256487426471]]],[[[-125.95060176154459,49.13892367241602],[-125.95069225386054,49.13883245284051],[-125.95144425030051,49.139029054787194],[-125.95075853894886,49.13925266098866],[-125.95060176154459,49.13892367241602]]],[[[-125.28812896199685,48.964000869039914],[-125.28851023992985,48.96399367965736],[-125.28925394780617,48.96439246821198],[-125.28863534642485,48.96432415702241],[-125.28812896199685,48.964000869039914]]],[[[-126.10006233241057,49.24716496510994],[-126.10051834423251,49.2471136601934],[-126.10084503023297,49.24740136698028],[-126.10037393619804,49.247478274526195],[-126.10006233241057,49.24716496510994]]],[[[-126.1043224557606,49.24198416607574],[-126.10492965102944,49.24196095560898],[-126.10512184271586,49.242208765190455],[-126.10460993937268,49.2422414721464],[-126.1043224557606,49.24198416607574]]],[[[-125.2883088410021,48.90761497752782],[-125.28863805719752,48.907671963731104],[-125.28801773912352,48.90809777685452],[-125.28805844505023,48.9078356650991],[-125.2883088410021,48.90761497752782]]],[[[-125.7431975599388,49.152282762937446],[-125.74357025821176,49.15231976276863],[-125.74309806104746,49.15271716237563],[-125.7429540230443,49.15260455791059],[-125.7431975599388,49.152282762937446]]],[[[-125.46798814363743,48.899571065615596],[-125.4683541425291,48.899518377989196],[-125.46892263280097,48.9000011629065],[-125.46855515050433,48.89999964866786],[-125.46798814363743,48.899571065615596]]],[[[-125.88929855009482,49.256761256631854],[-125.88990783374558,49.256378162768954],[-125.89011856148674,49.25644376757161],[-125.88975445522043,49.25680405167806],[-125.88929855009482,49.256761256631854]]],[[[-125.87767124533931,49.15086996248542],[-125.87823384388204,49.15065766460039],[-125.87830453997742,49.1509083748887],[-125.87775505251302,49.151120568469494],[-125.87767124533931,49.15086996248542]]],[[[-125.23400343282992,48.922365672682474],[-125.23425184761486,48.92208105300581],[-125.23468295922416,48.922206271415995],[-125.23463184950218,48.922404463875154],[-125.23400343282992,48.922365672682474]]],[[[-126.11913143049856,49.249613165558486],[-126.11948464768476,49.249442256735264],[-126.1199185569708,49.2497855587741],[-126.11959724235376,49.24988528138147],[-126.11913143049856,49.249613165558486]]],[[[-125.19956661790827,48.954487159577205],[-125.1998484522345,48.95436606139184],[-125.20010431866852,48.954620959321836],[-125.19982985446755,48.954870270902084],[-125.19956661790827,48.954487159577205]]],[[[-125.28587023710203,48.964513567840726],[-125.28617483705796,48.96458907859738],[-125.28563246021524,48.96500347023703],[-125.28557015779147,48.96484395678458],[-125.28587023710203,48.964513567840726]]],[[[-125.32931455079584,48.91098605908589],[-125.3297406459857,48.91104015901153],[-125.32991584025329,48.91131645504043],[-125.3295243567192,48.91139626559203],[-125.32931455079584,48.91098605908589]]],[[[-126.07080136387951,49.413014765064446],[-126.07095294375962,49.412961476389896],[-126.07139314112297,49.41299136130146],[-126.07095502727077,49.41339446555623],[-126.07080136387951,49.413014765064446]]],[[[-125.66948776118063,49.17728616763624],[-125.66992653603798,49.17726766115961],[-125.66992644996954,49.17776186445166],[-125.66968815738403,49.17770486366514],[-125.66948776118063,49.17728616763624]]],[[[-126.09502705040907,49.22105494841173],[-126.09557365204877,49.22106917674551],[-126.09597985583021,49.22119596913278],[-126.09539185145964,49.22136115910384],[-126.09502705040907,49.22105494841173]]],[[[-126.34218973560436,49.390802159056385],[-126.3427390381085,49.39081497248861],[-126.34285556857972,49.39098876775217],[-126.34252545647288,49.39120667345438],[-126.34218973560436,49.390802159056385]]],[[[-125.28111743417925,48.932804962800255],[-125.28173933101046,48.932683855589644],[-125.2820486331205,48.932867568882486],[-125.2815335326245,48.93296727633025],[-125.28111743417925,48.932804962800255]]],[[[-125.27906063335617,49.021326676460895],[-125.27956505875302,49.02127256798968],[-125.27979454922382,49.02151036236344],[-125.27926784448024,49.021647149407706],[-125.27906063335617,49.021326676460895]]],[[[-125.84879515482982,49.07308816924656],[-125.84925614878316,49.07301267623735],[-125.8495992362157,49.07325617014657],[-125.84879434639963,49.073303172323236],[-125.84879515482982,49.07308816924656]]],[[[-126.02911243755155,49.16786076811019],[-126.02937325672747,49.16762437217482],[-126.02986443383037,49.167906272718014],[-126.02965193986151,49.16803595414101],[-126.02911243755155,49.16786076811019]]],[[[-126.0547415485481,49.33730037109179],[-126.05523765045706,49.33731317066199],[-126.05534293214208,49.33763076724751],[-126.05461644613634,49.33757665463457],[-126.0547415485481,49.33730037109179]]],[[[-125.67679576095381,49.147853659378235],[-125.6764371514829,49.14787765485897],[-125.67645694172748,49.14748027537223],[-125.67709285031272,49.147592765378086],[-125.67679576095381,49.147853659378235]]],[[[-126.22982643648199,49.308371768243454],[-126.22976794547459,49.30793885874621],[-126.2302932380522,49.30813117980912],[-126.23019725067586,49.308390375499584],[-126.22982643648199,49.308371768243454]]],[[[-125.94712042168545,49.133174060470466],[-125.94740405850594,49.13286075506786],[-125.9479419344705,49.1329191546285],[-125.94761585759818,49.13318837405245],[-125.94712042168545,49.133174060470466]]],[[[-125.95274505879644,49.14176635485321],[-125.9530568577685,49.14145305816749],[-125.95296686178656,49.1422733708934],[-125.95261523691956,49.142093980568006],[-125.95274505879644,49.14176635485321]]],[[[-125.97853284572147,49.139124473127765],[-125.97810184473306,49.13924265445478],[-125.9779607202077,49.13916576012831],[-125.97874913530468,49.13884817351015],[-125.97853284572147,49.139124473127765]]],[[[-125.77816093594573,49.18097485938383],[-125.77869233271697,49.18091646987957],[-125.7789557591388,49.181206957175135],[-125.77860424155777,49.18129677293681],[-125.77816093594573,49.18097485938383]]],[[[-125.31270335779224,48.87847416392188],[-125.31319222598194,48.878418657496546],[-125.31363604701772,48.87857246299968],[-125.31323682432277,48.878796061685165],[-125.31270335779224,48.87847416392188]]],[[[-126.34030443988401,49.389454862044616],[-126.34069224935128,49.389436374255624],[-126.34089554913302,49.38973826471061],[-126.34040942095284,49.38983516000602],[-126.34030443988401,49.389454862044616]]],[[[-126.05385573764144,49.336935756713864],[-126.05426816182212,49.336937160512846],[-126.0543022446069,49.33753247261849],[-126.05388274397245,49.33716216829457],[-126.05385573764144,49.336935756713864]]],[[[-125.15464492093807,48.94959635950117],[-125.15510483633619,48.949515167678676],[-125.15518945336264,48.94988265623471],[-125.15455734269439,48.949795775743176],[-125.15464492093807,48.94959635950117]]],[[[-125.96420876334486,49.211326167769066],[-125.96456225158282,49.211244953638435],[-125.96493274362899,49.211720656501264],[-125.96453805154103,49.21176766393106],[-125.96420876334486,49.211326167769066]]],[[[-125.58257653710005,48.97363416961589],[-125.58278783189363,48.973521659725755],[-125.58326453840512,48.97398735695103],[-125.58289513847545,48.97401305771769],[-125.58257653710005,48.97363416961589]]],[[[-125.16046984755705,48.973138550005956],[-125.16075963385485,48.973196978395016],[-125.16060203310198,48.97367687709336],[-125.16026496034085,48.973476069521105],[-125.16046984755705,48.973138550005956]]],[[[-125.65913596632278,48.99441336672423],[-125.65994294863593,48.99443905090714],[-125.66012083594931,48.99468687223331],[-125.65980973885112,48.99472957591979],[-125.65913596632278,48.99441336672423]]],[[[-126.08658824025588,49.248426871310045],[-126.0872092282281,49.24839836386103],[-126.08754913594989,49.24870317058336],[-126.08701164850429,49.24871735606966],[-126.08658824025588,49.248426871310045]]],[[[-125.37911862507447,48.89256956074988],[-125.3793720488149,48.8924115634336],[-125.37968933511594,48.89253116482844],[-125.3792451407123,48.892908575829104],[-125.37911862507447,48.89256956074988]]],[[[-125.72307473090389,49.05192296575707],[-125.72346304777743,49.05151706001457],[-125.72403993984837,49.05154837713492],[-125.72347114298229,49.05191297900793],[-125.72307473090389,49.05192296575707]]],[[[-126.23712893395052,49.32244727497981],[-126.23777492844064,49.32221086227526],[-126.23815903427031,49.322471472114685],[-126.23727394263007,49.32256687404354],[-126.23712893395052,49.32244727497981]]],[[[-125.26126153700986,48.90557547664817],[-125.26142223762272,48.90550995769445],[-125.26213314426091,48.90582894996976],[-125.26178475185318,48.90596145218232],[-125.26126153700986,48.90557547664817]]],[[[-125.66935215144649,48.99236125078938],[-125.66970425057748,48.99236966801416],[-125.66981184968881,48.99283397597871],[-125.66939382739754,48.99270005824925],[-125.66935215144649,48.99236125078938]]],[[[-125.2627976540322,48.928117870192054],[-125.26327103665544,48.92798256367081],[-125.26371594706082,48.92817196294721],[-125.26327255002037,48.928315861198826],[-125.2627976540322,48.928117870192054]]],[[[-125.87921453830631,49.27668026172506],[-125.87949012282638,49.27646666639313],[-125.88000592883628,49.27680566639973],[-125.87947166132793,49.27686406817887],[-125.87921453830631,49.27668026172506]]],[[[-125.34708962985341,48.85336116806705],[-125.34759165042978,48.853341154139066],[-125.34771944306384,48.853708661103965],[-125.3471544363789,48.85361176261828],[-125.34708962985341,48.85336116806705]]],[[[-125.76442093979759,49.121556872094644],[-125.76504706396317,49.121478471981064],[-125.76529086169994,49.12167077061395],[-125.76455765332307,49.12179606070482],[-125.76442093979759,49.121556872094644]]],[[[-125.39487614792789,48.88053787142021],[-125.39528234538169,48.88046667614027],[-125.39525164608337,48.88095375910964],[-125.39494814912136,48.880913858023014],[-125.39487614792789,48.88053787142021]]],[[[-125.68199734323164,49.00794476077895],[-125.68132024266664,49.00805167492371],[-125.68120723756034,49.00771265720546],[-125.68209872042112,49.007763959374],[-125.68199734323164,49.00794476077895]]],[[[-125.65796515990914,49.16915817048012],[-125.65848055274807,49.16903857168391],[-125.65870374243974,49.169141079926106],[-125.65822554635963,49.169440158575206],[-125.65796515990914,49.16915817048012]]],[[[-125.32698905361929,48.95344455020529],[-125.32784903647935,48.95342606252557],[-125.32804762881877,48.95360265841261],[-125.32732604762789,48.95366246952199],[-125.32698905361929,48.95344455020529]]],[[[-125.43266104421154,48.95273817172318],[-125.43320654970218,48.952691165907204],[-125.43357695744973,48.953042972797036],[-125.43322386206933,48.95305866622343],[-125.43266104421154,48.95273817172318]]],[[[-125.54827464124043,48.9254090507148],[-125.54842344794349,48.924866357430766],[-125.54895383893052,48.92508855571883],[-125.54887714114649,48.92518825251935],[-125.54827464124043,48.9254090507148]]],[[[-125.28941006451814,48.88753076546629],[-125.28973205725264,48.88740686950257],[-125.28990053845038,48.8875207673383],[-125.28913836057332,48.88785976399856],[-125.28941006451814,48.88753076546629]]],[[[-125.15683896372455,48.949177661772985],[-125.1564161517996,48.949221749672496],[-125.15604195946652,48.94906657092252],[-125.15717483708545,48.94903665833033],[-125.15683896372455,48.949177661772985]]],[[[-125.35616473656945,48.86606796723033],[-125.35657162270743,48.86602376285456],[-125.356682044182,48.86632717361185],[-125.35623654133724,48.86643537087905],[-125.35616473656945,48.86606796723033]]],[[[-125.8210573641865,49.121021362307665],[-125.8208746441998,49.12070237637842],[-125.82162843009512,49.120692361574605],[-125.82147914823719,49.12097575664295],[-125.8210573641865,49.121021362307665]]],[[[-125.22717843927416,48.9208045773018],[-125.22751576289308,48.9207091709618],[-125.22756313134151,48.921166257590784],[-125.22708443397785,48.921157764289674],[-125.22717843927416,48.9208045773018]]],[[[-126.07897776023627,49.24720916451078],[-126.07936874344568,49.24664376480805],[-126.07967055164546,49.24664224955469],[-126.07971204772198,49.246877264073724],[-126.07897776023627,49.24720916451078]]],[[[-125.32225004976156,49.03255657486413],[-125.322904448979,49.03253516295654],[-125.32316044991859,49.03273606253342],[-125.32208135209446,49.03277584986602],[-125.32225004976156,49.03255657486413]]],[[[-126.07613122434225,49.43278645882453],[-126.07629153024112,49.43216125676557],[-126.07663754698136,49.43215266466079],[-126.0766128344772,49.43256566020565],[-126.07613122434225,49.43278645882453]]],[[[-125.15537364684302,48.949717457905045],[-125.15534945737622,48.949483855401965],[-125.15610373748365,48.949569256856684],[-125.15597875594146,48.94981426835691],[-125.15537364684302,48.949717457905045]]],[[[-125.22817024639812,48.920713365456045],[-125.22845513930699,48.920655067901656],[-125.22870203296452,48.92098255301555],[-125.22826154033196,48.92119765302011],[-125.22817024639812,48.920713365456045]]],[[[-125.95228883628339,49.23873936317876],[-125.95268523962089,49.23871086036568],[-125.95310254813906,49.23900705718563],[-125.95251845326663,49.239129568441705],[-125.95228883628339,49.23873936317876]]],[[[-125.72114435066217,49.141307773583236],[-125.72153572805787,49.14120806463128],[-125.72177484139735,49.14158125473408],[-125.72142653245324,49.14171506579559],[-125.72114435066217,49.141307773583236]]],[[[-125.67541456151449,49.005310071686644],[-125.67582654949284,49.00508355453487],[-125.67625585952591,49.005163366064366],[-125.67584882673637,49.00547946835004],[-125.67541456151449,49.005310071686644]]],[[[-126.15856573757276,49.269879670489814],[-126.15888704594796,49.26979706891186],[-126.15937134785548,49.27020587165474],[-126.15871493715485,49.2701445537689],[-126.15856573757276,49.269879670489814]]],[[[-125.6754196314294,49.001567166933356],[-125.67605484649347,49.00140764951374],[-125.67619786076628,49.00154866999516],[-125.67573574933199,49.00182925283179],[-125.6754196314294,49.001567166933356]]],[[[-125.79376655084,49.21389546974587],[-125.79439354575729,49.21380855216874],[-125.79452685358162,49.21398517023508],[-125.79424142841974,49.21427996942337],[-125.79376655084,49.21389546974587]]],[[[-125.74688902714965,49.23654895735538],[-125.74744633714302,49.236175777488135],[-125.74762563810928,49.23621706535804],[-125.74745572957869,49.23661726324008],[-125.74688902714965,49.23654895735538]]],[[[-126.23047834392726,49.308279269154376],[-126.23077273115798,49.30769246019185],[-126.23122774158239,49.307928865834484],[-126.23066662671715,49.308347562764126],[-126.23047834392726,49.308279269154376]]],[[[-125.23371023199036,48.92676057174432],[-125.23427846313231,48.92665096678993],[-125.23445044352714,48.92682756569853],[-125.23394016004733,48.92703546718602],[-125.23371023199036,48.92676057174432]]],[[[-126.22661072978067,49.37463596090481],[-126.22749603955084,49.37482826161548],[-126.2277067615188,49.375004871159476],[-126.2266516523798,49.37490656993883],[-126.22661072978067,49.37463596090481]]],[[[-125.3593597592423,48.970698863417184],[-125.358919659167,48.97065326367759],[-125.35872355712048,48.97054075959633],[-125.35962086802634,48.970432567713765],[-125.3593597592423,48.970698863417184]]],[[[-125.35295525825495,48.90168886855374],[-125.35363355191146,48.90160337189117],[-125.35384324421562,48.90172587832539],[-125.35311935355135,48.901973656006014],[-125.35295525825495,48.90168886855374]]],[[[-125.7131682238325,49.15370405797437],[-125.71359873772724,49.15355885779462],[-125.71375835721516,49.15370835544257],[-125.71309326115617,49.154074360768014],[-125.7131682238325,49.15370405797437]]],[[[-125.35609695064939,48.850955664688044],[-125.35710006379111,48.850844561753725],[-125.35731015707306,48.85096557302501],[-125.35656696475027,48.85111656368976],[-125.35609695064939,48.850955664688044]]],[[[-125.27412335684281,48.9084181701835],[-125.2748028429585,48.908322750566235],[-125.27505275087687,48.90842675771429],[-125.27442462864056,48.90871726055639],[-125.27412335684281,48.9084181701835]]],[[[-126.08688895406127,49.39999547373254],[-126.08634413277555,49.40011656161074],[-126.0862741404755,49.39967507169287],[-126.08717242678556,49.39984166398229],[-126.08688895406127,49.39999547373254]]],[[[-126.04777733603704,49.22563237937127],[-126.04818234660497,49.225535552116696],[-126.04825314842692,49.225968450371795],[-126.04759164333213,49.225978456996586],[-126.04777733603704,49.22563237937127]]],[[[-126.10963873980464,49.228368279444034],[-126.10993024867945,49.22809625015079],[-126.11074084962456,49.22834117105186],[-126.1103563470136,49.2285562536636],[-126.10963873980464,49.228368279444034]]],[[[-126.13913994983369,49.257973256962096],[-126.13967204001732,49.25779815662686],[-126.13970062203704,49.258248162877244],[-126.13903194835602,49.25815986890886],[-126.13913994983369,49.257973256962096]]],[[[-125.95828174011783,49.31387205388561],[-125.95849436499107,49.31375956854107],[-125.95895395331848,49.31386496864722],[-125.95848075469576,49.31421817609265],[-125.95828174011783,49.31387205388561]]],[[[-125.79538732779595,49.06062915761272],[-125.79569745245772,49.060567958757005],[-125.79605614537154,49.0610891659744],[-125.79571395248527,49.06110765976608],[-125.79538732779595,49.06062915761272]]],[[[-125.85405334366146,49.068036474199765],[-125.85440933531441,49.067819970753206],[-125.85478014972246,49.06783846593758],[-125.85444932512425,49.06827006554502],[-125.85405334366146,49.068036474199765]]],[[[-125.98951994711535,49.144193250271705],[-125.98999904042996,49.144163357859],[-125.98963534608504,49.14473015185628],[-125.98940483954472,49.144547865476156],[-125.98951994711535,49.144193250271705]]],[[[-125.65328754912181,49.17125465192072],[-125.65365575395487,49.17118335582972],[-125.6536617514253,49.17156087511186],[-125.6529785339021,49.17162205797953],[-125.65328754912181,49.17125465192072]]],[[[-125.65452623945514,49.17797405397926],[-125.65501465841899,49.177872956937264],[-125.65530892978833,49.17825317284773],[-125.65493325838914,49.17841415826822],[-125.65452623945514,49.17797405397926]]],[[[-125.70281815798204,49.16388866243907],[-125.70318486513656,49.163807469173605],[-125.70313965293712,49.164250372674246],[-125.70262922546536,49.16418055799295],[-125.70281815798204,49.16388866243907]]],[[[-126.08592266257773,49.181779563623664],[-126.08611445162325,49.18178375805351],[-126.08627764460793,49.18226517802916],[-126.08560653003025,49.18226516662855],[-126.08592266257773,49.181779563623664]]],[[[-125.87168285104927,49.14811267189807],[-125.87115675185692,49.147812157845635],[-125.87228096498632,49.14781076176052],[-125.87216924781713,49.148001557660564],[-125.87168285104927,49.14811267189807]]],[[[-126.04799734695357,49.44206654996286],[-126.04829414701999,49.44240696439543],[-126.04786842444969,49.442603565892746],[-126.04769074643778,49.442374249676796],[-126.04799734695357,49.44206654996286]]],[[[-125.6545562522254,49.177280455449385],[-125.65508804894851,49.177196459065286],[-125.65512674195845,49.17764506465181],[-125.65482455425858,49.17765215522584],[-125.6545562522254,49.177280455449385]]],[[[-126.0723248580549,49.213188762253154],[-126.07295644237003,49.213102179926594],[-126.07299394010461,49.21339986573343],[-126.07213554432099,49.21352237597],[-126.0723248580549,49.213188762253154]]],[[[-125.36267783164563,48.98657316238586],[-125.36297834313125,48.98653035824379],[-125.36361903196607,48.986786763190906],[-125.36299763299517,48.986934878090615],[-125.36267783164563,48.98657316238586]]],[[[-126.23272684043886,49.35528666976019],[-126.23302873322467,49.35482667274852],[-126.23370023770416,49.354860861181194],[-126.23299104678365,49.3552311729949],[-126.23272684043886,49.35528666976019]]],[[[-126.34950302197346,49.39704306220996],[-126.35039325258212,49.397127163324534],[-126.35050475277652,49.39736356279169],[-126.34954794287937,49.39720687819202],[-126.34950302197346,49.39704306220996]]],[[[-125.32152396276867,48.99871736415725],[-125.32197155393897,48.9986717602986],[-125.32189284215087,48.99932126957423],[-125.3214355422493,48.9988996703833],[-125.32152396276867,48.99871736415725]]],[[[-126.02375084763275,49.28709417370631],[-126.0234586282952,49.28668256182779],[-126.02435843760588,49.28684056968551],[-126.02386004192095,49.28710696099569],[-126.02375084763275,49.28709417370631]]],[[[-126.29165276231475,49.35916627049468],[-126.29269493909912,49.358993873562085],[-126.29296304456234,49.35913485155342],[-126.2924188446856,49.35924737157964],[-126.29165276231475,49.35916627049468]]],[[[-125.94983255104567,49.14691534939473],[-125.95012675220423,49.14662005643237],[-125.95056062814452,49.14676246696215],[-125.95002242629245,49.147189760939476],[-125.94983255104567,49.14691534939473]]],[[[-125.3878768409903,48.963508069230365],[-125.38833042581459,48.96329156460238],[-125.38872782645646,48.963274464025325],[-125.38814625797731,48.96372737038605],[-125.3878768409903,48.963508069230365]]],[[[-126.09934303698687,49.20737117904893],[-126.09987875355836,49.20715037487213],[-126.100281935806,49.20727857650438],[-126.09980796007933,49.207634656565936],[-126.09934303698687,49.20737117904893]]],[[[-125.35164935323736,48.85527386167399],[-125.35220725529497,48.85521826464247],[-125.35234323834422,48.85553016612023],[-125.35192983517865,48.85572817436882],[-125.35164935323736,48.85527386167399]]],[[[-125.6533611356304,49.17235127013001],[-125.6529114280937,49.172432459188705],[-125.65302343818934,49.17196246467323],[-125.65359126048233,49.172030861188595],[-125.6533611356304,49.17235127013001]]],[[[-126.05393153789163,49.18592396849395],[-126.05439015600969,49.18583706553588],[-126.05451702958403,49.186227367312256],[-126.05396485156145,49.18627575915254],[-126.05393153789163,49.18592396849395]]],[[[-125.67718964814796,49.00220436103978],[-125.67744733063981,49.00215825719758],[-125.67776074042342,49.002367564770616],[-125.67714433120378,49.0026154562819],[-125.67718964814796,49.00220436103978]]],[[[-125.88408964184939,49.089457979372575],[-125.88458383113462,49.08948226669815],[-125.88446432957727,49.08999776969123],[-125.88401966041044,49.08988246190535],[-125.88408964184939,49.089457979372575]]],[[[-126.0319072517623,49.455140864034554],[-126.03232644819403,49.45505257857332],[-126.03278106004966,49.455288972192434],[-126.03182215611686,49.45539147335023],[-126.0319072517623,49.455140864034554]]],[[[-125.34553424287427,48.9134200592973],[-125.34584315905637,48.91329617305074],[-125.3463743474098,48.913555353569286],[-125.34609624894797,48.91376757191799],[-125.34553424287427,48.9134200592973]]],[[[-125.81104603411471,49.32394697510315],[-125.81137524337149,49.32393987433871],[-125.81159284394217,49.32438417000981],[-125.81113235194115,49.32448526340376],[-125.81104603411471,49.32394697510315]]],[[[-126.07694846895565,49.43762886719603],[-126.07777813923546,49.43757036559485],[-126.07794604479922,49.437754073327916],[-126.0772906555299,49.43787236102778],[-126.07694846895565,49.43762886719603]]],[[[-125.29257764878079,48.92394066917094],[-125.29309814358187,48.923668665424046],[-125.2934523353617,48.923950671986546],[-125.29307515171772,48.92405606658207],[-125.29257764878079,48.92394066917094]]],[[[-126.04102096125096,49.155930168201415],[-126.04146963691163,49.15551855626719],[-126.04194785077073,49.155558354709754],[-126.04159815201541,49.1559087656545],[-126.04102096125096,49.155930168201415]]],[[[-125.32820922617658,48.8478152580792],[-125.32861725255334,48.84782525549692],[-125.32853262346458,48.848366456728755],[-125.32810565593836,48.84826677270354],[-125.32820922617658,48.8478152580792]]],[[[-125.7222934265718,49.03934576932246],[-125.72179664472814,49.039294463479465],[-125.72155064045337,49.039029575512885],[-125.7225799488403,49.03911366175763],[-125.7222934265718,49.03934576932246]]],[[[-126.23623854789494,49.329852364862724],[-126.2366691420548,49.32993856401403],[-126.23601056072276,49.33036445902114],[-126.23584383790701,49.33016217105498],[-126.23623854789494,49.329852364862724]]],[[[-126.05131715021875,49.18349145926675],[-126.05179644508748,49.183512754390954],[-126.051855160998,49.18412516299953],[-126.05165104820134,49.18411945679925],[-126.05131715021875,49.18349145926675]]],[[[-125.31863866382906,48.88290636373116],[-125.31939925327079,48.88286505825368],[-125.31948572942629,48.882970471750994],[-125.31913124916461,48.88324816866459],[-125.31863866382906,48.88290636373116]]],[[[-125.2309396328245,48.94671515788142],[-125.23156535273006,48.946648273087455],[-125.23170073969908,48.94689747516338],[-125.23128304721735,48.947049870122434],[-125.2309396328245,48.94671515788142]]],[[[-126.21116833381765,49.27525606163127],[-126.212335548224,49.275257564529966],[-126.21268464695262,49.27539997927184],[-126.21152645093143,49.27546255486312],[-126.21116833381765,49.27525606163127]]],[[[-125.92738834066245,49.25611755158141],[-125.92804183577796,49.25598366114936],[-125.92827543895011,49.256230076742064],[-125.9275157584274,49.25638385625988],[-125.92738834066245,49.25611755158141]]],[[[-125.35026416128605,48.87487097038817],[-125.35066564159919,48.87501476440158],[-125.34986532847603,48.87536516915558],[-125.34991254047651,48.875228477332556],[-125.35026416128605,48.87487097038817]]],[[[-125.85812464704313,49.07194877827606],[-125.85843116790768,49.071814864960636],[-125.85919092247076,49.07192175958209],[-125.85831505840935,49.07216807065744],[-125.85812464704313,49.07194877827606]]],[[[-125.67045834598343,49.1782175661613],[-125.67102725924099,49.178330068821396],[-125.67118445229933,49.17871466483075],[-125.6707326595438,49.17872456020399],[-125.67045834598343,49.1782175661613]]],[[[-125.26277825008934,48.928550869992065],[-125.26347065154599,48.92849246173594],[-125.2636701323188,48.92869465854303],[-125.26302293081748,48.92884276150041],[-125.26277825008934,48.928550869992065]]],[[[-126.22933443265754,49.31237466447693],[-126.22960903594908,49.31199216587766],[-126.23016545046562,49.31212314929965],[-126.22985986008042,49.31241225872792],[-126.22933443265754,49.31237466447693]]],[[[-125.67511545107197,49.0009889584663],[-125.67552972891909,49.00079957264267],[-125.67604374061798,49.00120975695608],[-125.67547373590288,49.00127806326955],[-125.67511545107197,49.0009889584663]]],[[[-126.08421905061346,49.181140276346525],[-126.08465035089976,49.18100046521118],[-126.08482446174591,49.18109447137695],[-126.08422786428942,49.18165566908095],[-126.08421905061346,49.181140276346525]]],[[[-125.98655476764526,49.149390164816616],[-125.98606455096918,49.14942866199399],[-125.9871006534925,49.14908675434089],[-125.98685254124946,49.14932746701283],[-125.98655476764526,49.149390164816616]]],[[[-125.677275535483,49.00507786011541],[-125.67693034229276,49.00524737248701],[-125.67663902801559,49.00518186528216],[-125.67785686163785,49.004938270735025],[-125.677275535483,49.00507786011541]]],[[[-126.10382644643369,49.226539567138325],[-126.1033772385279,49.22667207638951],[-126.10332913761611,49.22634735949162],[-126.10408154515208,49.22616785533235],[-126.10382644643369,49.226539567138325]]],[[[-125.28129725312412,48.93108306331023],[-125.28187036760971,48.93105316664602],[-125.28217134322847,48.931353672217334],[-125.2817396331707,48.93149605382683],[-125.28129725312412,48.93108306331023]]],[[[-125.66604915096126,48.99203926268356],[-125.6670034304436,48.9922428707954],[-125.66716823714209,48.99249926643158],[-125.66691103739892,48.99255905974293],[-125.66604915096126,48.99203926268356]]],[[[-125.6588539286682,48.99530066780177],[-125.65942214561164,48.99541317430134],[-125.65944286825861,48.99583616722296],[-125.6591107430475,48.99575355862125],[-125.6588539286682,48.99530066780177]]],[[[-125.23297393901699,48.92506926466657],[-125.23363454596732,48.92441945898383],[-125.23392255061628,48.92458655901637],[-125.23360574071494,48.92503007841777],[-125.23297393901699,48.92506926466657]]],[[[-126.28980935385069,49.35688327494988],[-126.29028482878272,49.35700286303304],[-126.28974396622944,49.3575568643849],[-126.28959542532559,49.357256362221854],[-126.28980935385069,49.35688327494988]]],[[[-125.91105986092597,49.126595669724956],[-125.91155153854855,49.126330756761774],[-125.91175934591378,49.126379277215534],[-125.91142275195634,49.126954564506725],[-125.91105986092597,49.126595669724956]]],[[[-125.67347514288059,49.142044064741135],[-125.67393486023934,49.14188886187594],[-125.67417782995236,49.1420910596628],[-125.67322623756176,49.14222926110962],[-125.67347514288059,49.142044064741135]]],[[[-125.27671695296014,48.96185165435494],[-125.27712544918175,48.96182606958714],[-125.27744903748722,48.96230455236796],[-125.2771487227256,48.962338761494465],[-125.27671695296014,48.96185165435494]]],[[[-125.27404362333992,48.96196705658667],[-125.2747905472755,48.962132247627316],[-125.27484893149676,48.9625182634653],[-125.27454603738173,48.962488366800606],[-125.27404362333992,48.96196705658667]]],[[[-126.07786804281267,49.345724579256675],[-126.07848983116601,49.345946755521815],[-126.07852634861077,49.34647797545063],[-126.07815582270844,49.34622586229496],[-126.07786804281267,49.345724579256675]]],[[[-125.3556004658348,48.99430806422342],[-125.3559847504314,48.99388924777523],[-125.35630414335596,48.99399895520784],[-125.35586696283016,48.994584264009504],[-125.3556004658348,48.99430806422342]]],[[[-125.71310815596809,49.149324667305024],[-125.71360792062677,49.149213558767975],[-125.71402534923715,49.149545372184775],[-125.71347014386153,49.14967497113581],[-125.71310815596809,49.149324667305024]]],[[[-125.21087453445216,48.95749215386198],[-125.21130632829113,48.957358365831794],[-125.21162483834857,48.95749645427555],[-125.21106534324954,48.95780405280906],[-125.21087453445216,48.95749215386198]]],[[[-126.10086635034462,49.21820655914686],[-126.10037935370627,49.21830196365705],[-126.09988594271582,49.218055560128796],[-126.10039034498666,49.217870460823605],[-126.10086635034462,49.21820655914686]]],[[[-125.94435455326463,49.12813387406977],[-125.94400405912985,49.128260564784846],[-125.94340384785677,49.128284773510345],[-125.94410864145983,49.12769945862528],[-125.94435455326463,49.12813387406977]]],[[[-126.24075426144833,49.33980696479987],[-126.24123855081282,49.339774163750626],[-126.24124385704688,49.34019716409653],[-126.24079836102908,49.340248472055784],[-126.24075426144833,49.33980696479987]]],[[[-125.2847777509874,48.905606851098206],[-125.28539345717583,48.90534336696521],[-125.28576846252214,48.90576777057318],[-125.28552614197727,48.905880272201756],[-125.2847777509874,48.905606851098206]]],[[[-125.71938313651302,49.124660178775656],[-125.71978655910692,49.12453345579213],[-125.72026916116546,49.12457616357066],[-125.71974054304354,49.12493935142971],[-125.71938313651302,49.124660178775656]]],[[[-125.80799592496565,49.0683839625389],[-125.80832883616334,49.06824156998703],[-125.80860696313368,49.06880127061656],[-125.80815534281908,49.06881265599489],[-125.80799592496565,49.0683839625389]]],[[[-125.86978105571279,49.260811761946385],[-125.87045955172822,49.260892963152976],[-125.87077933589877,49.26119207336638],[-125.870004150616,49.26111226996043],[-125.86978105571279,49.260811761946385]]],[[[-125.86587282449766,49.149175061151325],[-125.86628184198698,49.14912095250375],[-125.86674345727906,49.149504064554066],[-125.86611515139836,49.14957385204629],[-125.86587282449766,49.149175061151325]]],[[[-125.86035265895813,49.220891064768516],[-125.86064166296065,49.22139816676438],[-125.85996725200756,49.22136966201384],[-125.85994814131948,49.221271480022494],[-125.86035265895813,49.220891064768516]]],[[[-126.07651594323164,49.41262675189095],[-126.07718114337754,49.41257976716879],[-126.07721553439468,49.41292305952445],[-126.076863142971,49.41303977556506],[-126.07651594323164,49.41262675189095]]],[[[-125.27044864906702,48.93123407104024],[-125.27092752650996,48.93124256600896],[-125.27099215089834,48.93146615185394],[-125.27044542743955,48.931738258735095],[-125.27044864906702,48.93123407104024]]],[[[-126.04146745262283,49.15647276385029],[-126.04151662991696,49.15633885619197],[-126.04265592972513,49.15680035994982],[-126.0418435599419,49.156851570579114],[-126.04146745262283,49.15647276385029]]],[[[-125.89238404253658,49.274048355775236],[-125.89303444781932,49.27409537532625],[-125.89318336077673,49.27453255768493],[-125.89292343460215,49.27457537657208],[-125.89238404253658,49.274048355775236]]],[[[-126.03798514769989,49.20357275644139],[-126.03859584521118,49.20343607837667],[-126.03752326202076,49.20417236632239],[-126.03759585397952,49.20388606665965],[-126.03798514769989,49.20357275644139]]],[[[-125.34195375706761,48.85405895755248],[-125.34240425982895,48.85405046920958],[-125.34259134682749,48.85426267219367],[-125.34208743700523,48.854568878907735],[-125.34195375706761,48.85405895755248]]],[[[-125.82260024753865,49.05935446758438],[-125.82300752881805,49.05928186886429],[-125.82323893725803,49.05974326100777],[-125.82286524130022,49.05991415695407],[-125.82260024753865,49.05935446758438]]],[[[-125.24576742774104,48.93468635872145],[-125.24628304431747,48.93462227130955],[-125.24668673316042,48.93481165454027],[-125.24620724515826,48.93505517478948],[-125.24576742774104,48.93468635872145]]],[[[-125.34080805528774,48.89815815352943],[-125.34142973565845,48.89802856798618],[-125.3417099260979,48.89818526032915],[-125.34101083092969,48.898423057082695],[-125.34080805528774,48.89815815352943]]],[[[-125.79895805612368,49.060596366546825],[-125.79973172711887,49.060488168585906],[-125.79986345089786,49.060852776941324],[-125.79923263363087,49.0608328596482],[-125.79895805612368,49.060596366546825]]],[[[-126.0102600358404,49.183126862636804],[-126.01092575911568,49.18278507349705],[-126.01114045707948,49.18288046010649],[-126.01099003767608,49.18331767577594],[-126.0102600358404,49.183126862636804]]],[[[-125.70989424394601,49.161581365488985],[-125.7103269406745,49.161436173656604],[-125.71047123157157,49.1615941726784],[-125.70965923601676,49.16205425811926],[-125.70989424394601,49.161581365488985]]],[[[-125.34279286339468,48.89973766961752],[-125.34297862859889,48.899625171704336],[-125.34361864062646,48.899882963507174],[-125.34285274445342,48.90013215700019],[-125.34279286339468,48.89973766961752]]],[[[-125.70419424732641,49.16245295204982],[-125.70467874001181,49.162287772635274],[-125.70480626117453,49.162591161870004],[-125.70427313908819,49.16289165396503],[-125.70419424732641,49.16245295204982]]],[[[-125.25490994110766,48.92333396151915],[-125.25524662295472,48.92325566324119],[-125.25542743512082,48.923630173450185],[-125.25469436004595,48.92372416486053],[-125.25490994110766,48.92333396151915]]],[[[-125.43200995027846,48.89803285265101],[-125.43229905149612,48.89836044725444],[-125.43303852632158,48.89841595634301],[-125.43198866070223,48.898438761144],[-125.43200995027846,48.89803285265101]]],[[[-126.10898693309306,49.22918856200258],[-126.10948784522785,49.229074652275244],[-126.10966895568704,49.22951047255193],[-126.10911575380406,49.22956885152124],[-126.10898693309306,49.22918856200258]]],[[[-125.7974459284801,49.061946571664535],[-125.79788593149816,49.06199066081737],[-125.79828822947505,49.06279966511567],[-125.79798985231916,49.06285096701229],[-125.7974459284801,49.061946571664535]]],[[[-126.28673692975227,49.35212356234978],[-126.2874200304438,49.351978271863956],[-126.28787673486332,49.3522046774348],[-126.28722395645464,49.3523157664608],[-126.28673692975227,49.35212356234978]]],[[[-125.38955434388922,48.886811550726094],[-125.3900244429431,48.886649173478965],[-125.39035824664532,48.88703795122064],[-125.38949815975634,48.887046569443314],[-125.38955434388922,48.886811550726094]]],[[[-125.87758205309329,49.20420656405917],[-125.87802305848892,49.20422226974847],[-125.87827354556944,49.204539851636675],[-125.87745156607284,49.20456976641685],[-125.87758205309329,49.20420656405917]]],[[[-125.61278734997131,48.969083873405694],[-125.61305385961658,48.9689527619635],[-125.61352255760717,48.96902256206573],[-125.61305614157015,48.969536756973525],[-125.61278734997131,48.969083873405694]]],[[[-125.8815008543077,49.21045176036171],[-125.88206406682183,49.21043747063264],[-125.88223554276992,49.21103565793598],[-125.88186484431127,49.21103565989788],[-125.8815008543077,49.21045176036171]]],[[[-125.36401392763081,48.865070957210555],[-125.36452014408076,48.86508805871124],[-125.36440593749117,48.86554807265044],[-125.36390105496797,48.86554097143289],[-125.36401392763081,48.865070957210555]]],[[[-126.1096128413938,49.22906895154694],[-126.11030856361008,49.228915171095316],[-126.11065892532902,49.22902336278047],[-126.1103886297296,49.229403660583245],[-126.1096128413938,49.22906895154694]]],[[[-125.8865548370027,49.207373957521945],[-125.887087770367,49.20733416854878],[-125.88735827018412,49.20773146860373],[-125.88699564128052,49.207876777423856],[-125.8865548370027,49.207373957521945]]],[[[-126.0609932509292,49.17863627437641],[-126.06146105035637,49.17860356964874],[-126.06158406412237,49.179064966467045],[-126.06105875533841,49.17914187502262],[-126.0609932509292,49.17863627437641]]],[[[-126.08220653435173,49.20875687388072],[-126.08254704878105,49.2083424557763],[-126.08290014241001,49.20843218080547],[-126.08257253750294,49.20908167106593],[-126.08220653435173,49.20875687388072]]],[[[-125.67894625730958,49.01248807203507],[-125.67899904161276,49.01218035623392],[-125.68020675099083,49.01202655633028],[-125.67949563980578,49.01252935571441],[-125.67894625730958,49.01248807203507]]],[[[-126.28812894588316,49.352129154298275],[-126.28901436167719,49.352033773760574],[-126.28947984749186,49.352099275714245],[-126.28812844403076,49.35239977029808],[-126.28812894588316,49.352129154298275]]],[[[-126.08771704926593,49.216634173659976],[-126.08740182558462,49.21618416039235],[-126.088326232294,49.21633366679727],[-126.087991034951,49.21663986166768],[-126.08771704926593,49.216634173659976]]],[[[-125.20048826472504,48.952436270157406],[-125.20082565110965,48.95234086453942],[-125.20160955065916,48.95246047103081],[-125.20074704286984,48.95273817623253],[-125.20048826472504,48.952436270157406]]],[[[-126.08035486097057,49.34375347263806],[-126.08094012812327,49.343625262014704],[-126.08107415286963,49.34414936199234],[-126.08053645231958,49.34414505598074],[-126.08035486097057,49.34375347263806]]],[[[-125.91571275202269,49.24597575624471],[-125.91515265217497,49.24602565597757],[-125.91603795076311,49.24542746153899],[-125.91611264397008,49.245749359951695],[-125.91571275202269,49.24597575624471]]],[[[-125.84948135883195,49.0747715683983],[-125.85011865774585,49.07467475530641],[-125.85031863895038,49.0748128774956],[-125.8496126441613,49.075163268505555],[-125.84948135883195,49.0747715683983]]],[[[-126.09874533708098,49.207977856184115],[-126.09812406348072,49.20804196714593],[-126.09809302893342,49.207637466260536],[-126.09890034799427,49.20765737139992],[-126.09874533708098,49.207977856184115]]],[[[-125.97707263795138,49.142203572683805],[-125.97652523063431,49.142234956080735],[-125.97632094028181,49.14179915826291],[-125.97703151951805,49.141763560265076],[-125.97707263795138,49.142203572683805]]],[[[-125.64003204555533,48.97832406018361],[-125.6409052366377,48.97827705434435],[-125.64118904487093,48.978496453115135],[-125.64034675475419,48.97859616364816],[-125.64003204555533,48.97832406018361]]],[[[-125.27812146371375,48.90359726862965],[-125.27869483452628,48.903271169222556],[-125.27913843796327,48.903442054946595],[-125.27868905538148,48.90377525265043],[-125.27812146371375,48.90359726862965]]],[[[-126.01539193847393,49.243315380641974],[-126.01604285698781,49.24322415410019],[-126.01623505751252,49.24370555487878],[-126.0158089468917,49.24368565556492],[-126.01539193847393,49.243315380641974]]],[[[-125.97274913720595,49.211052768569985],[-125.97345025411215,49.2106297610351],[-125.9739659608261,49.210742263458044],[-125.9736802407031,49.21100996864249],[-125.97274913720595,49.211052768569985]]],[[[-126.03609306427327,49.2036607665402],[-126.03592936725993,49.20372657143072],[-126.03542065713275,49.20374085945935],[-126.03657773854482,49.203230964670944],[-126.03609306427327,49.2036607665402]]],[[[-126.12640852575163,49.25682966824565],[-126.12704884536261,49.256917974494506],[-126.1273695423155,49.257321077385406],[-126.12640894935328,49.257073174431156],[-126.12640852575163,49.25682966824565]]],[[[-126.22174213209983,49.302384467770054],[-126.22121343569975,49.30249696979405],[-126.22099705737143,49.302194953314206],[-126.22238744405335,49.30242575367535],[-126.22174213209983,49.302384467770054]]],[[[-126.07120124006983,49.21121366725224],[-126.07144246376696,49.211300562206034],[-126.07144385355653,49.211984165058865],[-126.07094404375684,49.21182745173132],[-126.07120124006983,49.21121366725224]]],[[[-126.10832034327245,49.22931536358786],[-126.1086794314535,49.22926126789583],[-126.10899305006397,49.22980956510914],[-126.10833143256878,49.22981956184715],[-126.10832034327245,49.22931536358786]]],[[[-125.2798394353051,48.89365766846081],[-125.27919773527442,48.89362636060477],[-125.27905173455063,48.89345837682041],[-125.28029985376864,48.89327177170064],[-125.2798394353051,48.89365766846081]]],[[[-125.87011113287387,49.26153245930332],[-125.87049186387839,49.26144976967004],[-125.87107426818797,49.26176886637687],[-125.87026034305345,49.26195117062858],[-125.87011113287387,49.26153245930332]]],[[[-126.02774982875742,49.210965869524856],[-126.02872105152848,49.21081065960606],[-126.02908555048808,49.21092886141429],[-126.02837375142782,49.211126776192934],[-126.02774982875742,49.210965869524856]]],[[[-125.28989994035881,48.918235255104975],[-125.28891003991424,48.91837195769539],[-125.28873955371795,48.91824095246848],[-125.28970664439852,48.91791627716389],[-125.28989994035881,48.918235255104975]]],[[[-125.94676462140767,49.13597266191636],[-125.9469498297988,49.13583315812606],[-125.94771414123039,49.13579465905139],[-125.9471820703671,49.13628596915209],[-125.94676462140767,49.13597266191636]]],[[[-125.6642148488394,48.99529357350823],[-125.66481143978316,48.9946953763496],[-125.6651144506287,48.99499445991042],[-125.66454893367899,48.99543026964283],[-125.6642148488394,48.99529357350823]]],[[[-125.36140363083474,48.85594747297372],[-125.36081924724176,48.855995848653464],[-125.36063685684388,48.85589197263277],[-125.36182603129389,48.855938958673896],[-125.36140363083474,48.85594747297372]]],[[[-125.31857176107833,48.88204466121974],[-125.31908893116295,48.88203326343172],[-125.31954545516489,48.882474771323096],[-125.31869646187742,48.882402170899915],[-125.31857176107833,48.88204466121974]]],[[[-125.27909454685383,48.921679061966806],[-125.27867603017661,48.9217601643473],[-125.27835133882732,48.92154086226224],[-125.279585555204,48.92166045502557],[-125.27909454685383,48.921679061966806]]],[[[-125.60979785864754,48.96782905933268],[-125.6104631337958,48.96775215485014],[-125.61074384539651,48.968186576968705],[-125.61037876292133,48.9682577676473],[-125.60979785864754,48.96782905933268]]],[[[-125.34689475913648,48.9177011619845],[-125.34747683283764,48.91757307547892],[-125.34791753107108,48.91765275896919],[-125.34724965347885,48.91799035980251],[-125.34689475913648,48.9177011619845]]],[[[-125.71307083148406,49.150162069722874],[-125.71329666029618,49.15002106687262],[-125.71385404110413,49.15043127932102],[-125.71323534919412,49.150661966148206],[-125.71307083148406,49.150162069722874]]],[[[-125.37482023718398,48.90233825193012],[-125.37589575214244,48.90227986976375],[-125.3759687573904,48.90238667277407],[-125.3751892307917,48.90263736727308],[-125.37482023718398,48.90233825193012]]],[[[-125.30829904189447,48.86162157782371],[-125.30915874598355,48.86161295494938],[-125.30955704495706,48.86195625723864],[-125.30920283191354,48.86199897406522],[-125.30829904189447,48.86162157782371]]],[[[-126.0982782506639,49.217834861122775],[-126.09876235856147,49.21777497373712],[-126.09908062230315,49.217954458892855],[-126.09791253743947,49.21822216189611],[-126.0982782506639,49.217834861122775]]],[[[-126.04975773700112,49.175092853310055],[-126.05007073070716,49.17558705541604],[-126.04935464531323,49.175883261835196],[-126.04935452650932,49.17564975986148],[-126.04975773700112,49.175092853310055]]],[[[-126.08918714109899,49.24792547836163],[-126.08862693787347,49.24764205904679],[-126.08983114468441,49.24750105860631],[-126.08983924708299,49.247609351818696],[-126.08918714109899,49.24792547836163]]],[[[-125.64552154929255,49.17714656513239],[-125.6458953492589,49.17670507616589],[-125.6463208327598,49.17723487284989],[-125.64579366548222,49.177364466621846],[-125.64552154929255,49.17714656513239]]],[[[-125.61628224264608,48.979469173495765],[-125.6168619498463,48.97956315081401],[-125.61709343691201,48.979828071563574],[-125.61665512934543,48.980054566341735],[-125.61628224264608,48.979469173495765]]],[[[-125.85727765780929,49.22069887200224],[-125.8578811437109,49.220666177561725],[-125.85787713491061,49.221312770718676],[-125.85747084875715,49.22117035732758],[-125.85727765780929,49.22069887200224]]],[[[-125.47251044997117,48.8908463681494],[-125.47316595958597,48.89082356427083],[-125.47346754667427,48.89142875884061],[-125.47316893846333,48.89144446404103],[-125.47251044997117,48.8908463681494]]],[[[-125.33913231904496,49.00716005956733],[-125.33974195831445,49.00703045525947],[-125.33982935321775,49.00743356274339],[-125.33917994301397,49.00756457746426],[-125.33913231904496,49.00716005956733]]],[[[-125.98168613019469,49.23039916029057],[-125.98249014754056,49.23008155854713],[-125.98284556555863,49.23047756520247],[-125.98251752005915,49.23053025993253],[-125.98168613019469,49.23039916029057]]],[[[-125.84381883867378,49.0636018739008],[-125.84447824110897,49.063666962745714],[-125.8446308466178,49.06394186373774],[-125.84389644760017,49.06405007538429],[-125.84381883867378,49.0636018739008]]],[[[-125.67708464896444,49.01047834991292],[-125.67687502795528,49.01007966252239],[-125.67778364445721,49.010193662164774],[-125.67761154369991,49.010575363411306],[-125.67708464896444,49.01047834991292]]],[[[-125.37289132536637,48.954378861794886],[-125.3732109389713,48.95446287784268],[-125.37335085345855,48.954855974915816],[-125.37257296441578,48.954854563531434],[-125.37289132536637,48.954378861794886]]],[[[-125.28254946679749,48.92920456562959],[-125.28184163928391,48.92921877606749],[-125.2815709298893,48.92899946476091],[-125.28286445453416,48.928919658591525],[-125.28254946679749,48.92920456562959]]],[[[-125.76380393730027,49.24641156023395],[-125.76412622980936,49.24626915823449],[-125.76443004895242,49.24629767398234],[-125.76364285839655,49.24696415787718],[-125.76380393730027,49.24641156023395]]],[[[-125.78240454451355,49.18053046115782],[-125.78307465638065,49.1807298551571],[-125.783167742141,49.181168559169386],[-125.78252572383523,49.18098626381855],[-125.78240454451355,49.18053046115782]]],[[[-125.27326383318841,48.90693275780452],[-125.27386134178593,48.90684876486214],[-125.27396924516093,48.907116461174795],[-125.27333775175342,48.90735285896004],[-125.27326383318841,48.90693275780452]]],[[[-126.23974573724003,49.33988245938388],[-126.24037013248746,49.33977985586117],[-126.24059553735565,49.34021717610541],[-126.23979886405243,49.34018006279748],[-126.23974573724003,49.33988245938388]]],[[[-125.51250453485734,48.90915457138144],[-125.51300154534873,48.909242854480475],[-125.51297715444679,48.90987236801069],[-125.51271784281728,48.90984245836923],[-125.51250453485734,48.90915457138144]]],[[[-125.81765295579667,49.121186558393546],[-125.81818834676048,49.12118226020004],[-125.81829435609488,49.12161946609313],[-125.81776342203767,49.121686463332644],[-125.81765295579667,49.121186558393546]]],[[[-125.73639234176703,49.12636357040054],[-125.73699023511838,49.12628515774705],[-125.73737955388079,49.126636974681084],[-125.73674353822722,49.126750955629134],[-125.73639234176703,49.12636357040054]]],[[[-126.18619884072662,49.39853427060752],[-126.1864951362932,49.398901660020854],[-126.18594773847339,49.399301862520865],[-126.18577984944515,49.398857567297746],[-126.18619884072662,49.39853427060752]]],[[[-125.26331593864796,48.938067366523214],[-125.2639033214138,48.93775975834607],[-125.26451464188986,48.93799905724458],[-125.26378824464932,48.93823825370764],[-125.26331593864796,48.938067366523214]]],[[[-125.71191602923393,49.15138546260521],[-125.71223714149899,49.15122455133021],[-125.71252785120171,49.1515321714421],[-125.71198544349761,49.15189676182115],[-125.71191602923393,49.15138546260521]]],[[[-126.06728003838728,49.25675556105907],[-126.06799062828127,49.25662036921203],[-126.06805925460664,49.25707176730826],[-126.0673021563468,49.25709747239251],[-126.06728003838728,49.25675556105907]]],[[[-125.31924743952743,48.86010616324082],[-125.3186684568379,48.86026146510437],[-125.3183609584754,48.8600961658566],[-125.3197076298311,48.86001506036051],[-125.31924743952743,48.86010616324082]]],[[[-126.13404284064741,49.25436577701858],[-126.13484864678722,49.254673469154596],[-126.13476873617563,49.25513057685894],[-126.13437014364469,49.2551376613048],[-126.13404284064741,49.25436577701858]]],[[[-125.99915405181278,49.15428944800409],[-125.99970276197993,49.15429376230568],[-125.99999994288619,49.15484906127615],[-125.99941793462615,49.15480497562611],[-125.99915405181278,49.15428944800409]]],[[[-126.08106214370436,49.24754095808356],[-126.08135516908199,49.2474583704551],[-126.08175524177985,49.247666255121715],[-126.08109734612219,49.24810924969498],[-126.08106214370436,49.24754095808356]]],[[[-126.18615704121302,49.2610311674599],[-126.18625376270249,49.26167766766044],[-126.18567486907214,49.26171756839513],[-126.18563485408862,49.26147406248172],[-126.18615704121302,49.2610311674599]]],[[[-125.67424963449685,49.18900735446593],[-125.67484583175812,49.189092863418395],[-125.6741192344139,49.18963117925234],[-125.67402994986887,49.18948026090155],[-125.67424963449685,49.18900735446593]]],[[[-125.92861076024246,49.10927256054726],[-125.92908405592,49.10911637444113],[-125.92953383162188,49.109546472349585],[-125.92878145199717,49.1097814579531],[-125.92861076024246,49.10927256054726]]],[[[-125.7461515506852,49.14689386333036],[-125.74596173683727,49.14647766559371],[-125.74668384172968,49.14612725570678],[-125.7465922657479,49.146714066749794],[-125.7461515506852,49.14689386333036]]],[[[-125.25449534628315,48.93113296370743],[-125.25538543482253,48.930855161552195],[-125.25578843651083,48.93101757944377],[-125.25533472906885,48.93126965486163],[-125.25449534628315,48.93113296370743]]],[[[-125.2774749355351,48.89568436486204],[-125.27796395750472,48.89562877308393],[-125.2785917619165,48.89594066724434],[-125.27797812591088,48.89623266968274],[-125.2774749355351,48.89568436486204]]],[[[-125.27488625079417,48.901483756974244],[-125.27582084768767,48.90130426426817],[-125.27604712479757,48.901496565507244],[-125.27549884768047,48.90175146735521],[-125.27488625079417,48.901483756974244]]],[[[-125.28616773748516,49.02056618009477],[-125.28738515268552,49.020604563209595],[-125.28753275487234,49.02081676464359],[-125.28659104461227,49.02087235597491],[-125.28616773748516,49.02056618009477]]],[[[-126.22058875267525,49.30114107266703],[-126.22094482525647,49.301149662932644],[-126.22146474605492,49.301702270503775],[-126.22065015339106,49.301727866413856],[-126.22058875267525,49.30114107266703]]],[[[-125.32199865516345,49.00188335507595],[-125.32245766631861,49.001783669073376],[-125.32265792820507,49.00223947071205],[-125.3218315648039,49.00241746643735],[-125.32199865516345,49.00188335507595]]],[[[-125.35897674300679,48.85913767645051],[-125.35937504998196,48.859210363515764],[-125.35974935112414,48.85992246483396],[-125.35925484874679,48.85985127009471],[-125.35897674300679,48.85913767645051]]],[[[-126.06907053697718,49.38137106420599],[-126.06953022691486,49.381292766442996],[-126.07026313592331,49.381698678518674],[-126.06956664697358,49.38182535052872],[-126.06907053697718,49.38137106420599]]],[[[-125.30606423267055,48.91649206535145],[-125.3066516418768,48.91651627576902],[-125.30699014679821,48.91673415812702],[-125.30626164048056,48.916929264647344],[-125.30606423267055,48.91649206535145]]],[[[-125.26559954484476,48.93508086898349],[-125.26666271890123,48.93505096085013],[-125.26704203769135,48.93528596188958],[-125.26576095384837,48.93533005816753],[-125.26559954484476,48.93508086898349]]],[[[-125.24375693011748,48.917902067889976],[-125.24445153581709,48.91756447300054],[-125.24488923441115,48.91784367093223],[-125.24462723450006,48.91810996994361],[-125.24375693011748,48.917902067889976]]],[[[-125.95633734031456,49.225779071440456],[-125.95689173560856,49.22584596181869],[-125.95693825567223,49.226384361715866],[-125.95638375458714,49.22632597355939],[-125.95633734031456,49.225779071440456]]],[[[-126.02449583337487,49.16637386580271],[-126.02513822334677,49.1664165616936],[-126.02530654738796,49.16682676188037],[-126.02475072864371,49.16692926934685],[-126.02449583337487,49.16637386580271]]],[[[-125.2516298436182,48.907770159527246],[-125.25228895776337,48.90815326214987],[-125.2522189503797,48.90842536014294],[-125.25170395538332,48.90852506507923],[-125.2516298436182,48.907770159527246]]],[[[-125.20301863074967,48.95295145929224],[-125.20374023146685,48.95308566339239],[-125.20386043266626,48.953334969598686],[-125.20310055450761,48.953465954794154],[-125.20301863074967,48.95295145929224]]],[[[-125.36736152906238,48.90710797102924],[-125.36778184641342,48.90732297430259],[-125.36710803744637,48.907805759626356],[-125.36694736021612,48.90757507087191],[-125.36736152906238,48.90710797102924]]],[[[-126.16036024578814,49.26950936587093],[-126.15990765122595,49.269003765472824],[-126.16114453019647,49.269250171798554],[-126.16097524624686,49.2695877515867],[-126.16036024578814,49.26950936587093]]],[[[-125.33378392354948,48.86396005708493],[-125.33473265269201,48.864121056426846],[-125.33490566249414,48.864323266489755],[-125.33387274509941,48.86438026795461],[-125.33378392354948,48.86396005708493]]],[[[-125.86770535189115,49.129615049661844],[-125.86822205122365,49.1295124516713],[-125.8682644506866,49.130258765946444],[-125.86767245692211,49.129993869182385],[-125.86770535189115,49.129615049661844]]],[[[-126.06091535451007,49.41295866530507],[-126.06104844464772,49.41232347914359],[-126.06166803572025,49.4125740733375],[-126.06123713483714,49.41308396192148],[-126.06091535451007,49.41295866530507]]],[[[-126.27828053371789,49.34592395759619],[-126.27758073588731,49.34588976160379],[-126.27728133859928,49.34581147143692],[-126.27866783682957,49.34561917541076],[-126.27828053371789,49.34592395759619]]],[[[-126.25228262943803,49.4049559695143],[-126.25279945210454,49.404833470639794],[-126.25309006177363,49.40507416240356],[-126.25219925393284,49.405440260691925],[-126.25228262943803,49.4049559695143]]],[[[-126.23262242239758,49.35544616523036],[-126.23373803320236,49.35541916623261],[-126.23391774846571,49.35565697917623],[-126.23298754065272,49.35581507747142],[-126.23262242239758,49.35544616523036]]],[[[-126.01647454957555,49.187291277120245],[-126.01574842270931,49.18747066104717],[-126.01545544383683,49.18731967558163],[-126.01632973697352,49.18693657259086],[-126.01647454957555,49.187291277120245]]],[[[-125.7146435310206,49.15360586278512],[-125.71491436760648,49.15401456724792],[-125.71411013617798,49.15414137630349],[-125.71429756745847,49.15378526697164],[-125.7146435310206,49.15360586278512]]],[[[-126.12432194611289,49.256084773314285],[-126.1246999514115,49.25595945880558],[-126.12524845562675,49.25600076053445],[-126.12447724980566,49.25672717357106],[-126.12432194611289,49.256084773314285]]],[[[-125.76736475370052,49.23589805459734],[-125.7676626506527,49.235811159884086],[-125.7684989393503,49.23602485783906],[-125.7674435301258,49.23631105519518],[-125.76736475370052,49.23589805459734]]],[[[-125.7517612641881,49.187238562621175],[-125.75215544162413,49.18717585174073],[-125.75248134388389,49.18763585225286],[-125.75198823764917,49.187872262830666],[-125.7517612641881,49.187238562621175]]],[[[-125.71422583534542,49.149729163600725],[-125.7147172589662,49.14966357116188],[-125.7150344215724,49.15020486458968],[-125.71417704221781,49.150090851635355],[-125.71422583534542,49.149729163600725]]],[[[-125.29259163790404,48.9263333749628],[-125.29299825557919,48.9262621687264],[-125.29364702275886,48.92644726582285],[-125.29272023782123,48.92675346732969],[-125.29259163790404,48.9263333749628]]],[[[-125.27953094280645,48.904262377417155],[-125.28010603952693,48.904305067091386],[-125.28008635130995,48.90479075510879],[-125.27952794014625,48.90479357623437],[-125.27953094280645,48.904262377417155]]],[[[-125.7947293502433,49.1842177733987],[-125.79531754845766,49.18441996665922],[-125.79528353126592,49.1847803693863],[-125.79455074933831,49.18467205608557],[-125.7947293502433,49.1842177733987]]],[[[-125.75120314809102,49.231615461869396],[-125.751695929518,49.231316362164925],[-125.75194694718883,49.2314003598901],[-125.75142046636084,49.23205986588083],[-125.75120314809102,49.231615461869396]]],[[[-125.37975262523591,48.92572806353745],[-125.38029314924387,48.925616955134075],[-125.38041903473561,48.92597447836264],[-125.37973705215772,48.926249250348604],[-125.37975262523591,48.92572806353745]]],[[[-126.07569475567237,49.331535151259665],[-126.07538652996445,49.33092417240977],[-126.07630624234065,49.33121755414512],[-126.07591756237854,49.33150526215023],[-126.07569475567237,49.331535151259665]]],[[[-125.28259424726649,48.96249965293231],[-125.28219254980502,48.962679170743755],[-125.28156163774521,48.96231317650095],[-125.2832504615647,48.9625139625043],[-125.28259424726649,48.96249965293231]]],[[[-126.06956126028174,49.229182872608305],[-126.06938985664581,49.22880125272123],[-126.07023405998582,49.2284722560452],[-126.07019455330156,49.22891236146345],[-126.06956126028174,49.229182872608305]]],[[[-125.36591625572812,48.955620773884625],[-125.36559433696243,48.955744664128055],[-125.3648647554648,48.95566065485784],[-125.36627644710522,48.9554698652686],[-125.36591625572812,48.955620773884625]]],[[[-125.98502723819414,49.14109697838283],[-125.98579305093669,49.14105136684],[-125.98573454071406,49.141663858974034],[-125.98541875638313,49.1416809656503],[-125.98502723819414,49.14109697838283]]],[[[-126.56719075430252,49.48846445205],[-126.56782145101383,49.488577068485796],[-126.56741404879784,49.4892606603551],[-126.56717115995279,49.48913956780597],[-126.56719075430252,49.48846445205]]],[[[-125.2139613669104,48.94172476958867],[-125.21474552059739,48.94154816334525],[-125.21515751947742,48.9416207581894],[-125.21458723119481,48.94200107189129],[-125.2139613669104,48.94172476958867]]],[[[-126.05454022452099,49.25464066490354],[-126.05510916567287,49.25480877092755],[-126.05517243226208,49.25512486039183],[-126.05423054078389,49.25522595228328],[-126.05454022452099,49.25464066490354]]],[[[-126.34689176082698,49.39585955973265],[-126.34766212905444,49.39587665771973],[-126.34817056245225,49.396185671265265],[-126.3472025450183,49.396244077819425],[-126.34689176082698,49.39585955973265]]],[[[-125.62959045923948,49.190141070906385],[-125.62936602328844,49.18953436110952],[-125.629520754197,49.189333551808254],[-125.63024194877906,49.18974796880461],[-125.62959045923948,49.190141070906385]]],[[[-125.78736413031424,49.19379847280145],[-125.78789592515268,49.193983557689855],[-125.78767552851372,49.19470846092443],[-125.7873671439745,49.19436525063345],[-125.78736413031424,49.19379847280145]]],[[[-126.1276445568999,49.25594396880458],[-126.12820524617258,49.25643377718219],[-126.12811133829018,49.25685387828828],[-126.12751355668966,49.25650637318328],[-126.1276445568999,49.25594396880458]]],[[[-125.9834919573873,49.29801187235693],[-125.98415053029863,49.297893869100264],[-125.98457285715817,49.29807196493981],[-125.98385592760094,49.29851346378177],[-125.9834919573873,49.29801187235693]]],[[[-125.88505124067291,49.13341197087949],[-125.8856031417563,49.133253859199414],[-125.88567252412042,49.13347745884114],[-125.88497404162285,49.133998754078426],[-125.88505124067291,49.13341197087949]]],[[[-125.51401983857443,48.90960875764304],[-125.5144200356458,48.90951767852548],[-125.51494363386666,48.90961317331341],[-125.51362105448366,48.909920772461646],[-125.51401983857443,48.90960875764304]]],[[[-125.30146465556024,48.89303956471868],[-125.3019543284897,48.89301107029589],[-125.30237073577341,48.8934711758609],[-125.3013444467857,48.893680462320596],[-125.30146465556024,48.89303956471868]]],[[[-125.23481863200789,48.91888475974246],[-125.23526325358168,48.91875085625264],[-125.23554525584454,48.91891607035515],[-125.23446724778022,48.9192692501373],[-125.23481863200789,48.91888475974246]]],[[[-126.2342847255776,49.326544764002534],[-126.23462905798051,49.32651627187553],[-126.23577353423234,49.326984766236635],[-126.23488514307856,49.327125766064334],[-126.2342847255776,49.326544764002534]]],[[[-125.77314102855598,49.155273561928624],[-125.77384023377594,49.1554914754948],[-125.7733344483673,49.15602557295649],[-125.77298316982404,49.155619668397684],[-125.77314102855598,49.155273561928624]]],[[[-125.40325402758566,48.97099796014513],[-125.40399984811211,48.9709011598115],[-125.40418094935046,48.9712215647465],[-125.40349204349722,48.97142377522156],[-125.40325402758566,48.97099796014513]]],[[[-126.18551023997809,49.380191861031115],[-126.18603953567025,49.380357065199625],[-126.1859139503056,49.38109197785502],[-126.18544116084854,49.380684570796504],[-126.18551023997809,49.380191861031115]]],[[[-125.91675894152175,49.245535660571264],[-125.91735994503009,49.24545736802928],[-125.91769484622067,49.24556557664842],[-125.91678255372699,49.246182259119124],[-125.91675894152175,49.245535660571264]]],[[[-125.32918423341978,48.857367476271534],[-125.32868126524647,48.85712676541852],[-125.3297893534181,48.85661827052747],[-125.32964894514075,48.857098256930506],[-125.32918423341978,48.857367476271534]]],[[[-126.04260505939365,49.31882545859235],[-126.04324713817478,49.31869736482129],[-126.04360994529627,49.31904906190604],[-126.04270653170924,49.31921435563575],[-126.04260505939365,49.31882545859235]]],[[[-125.18728925998724,48.96396096067476],[-125.18787516002762,48.96357216847223],[-125.18821963663758,48.96363767284767],[-125.18797014994466,48.96420027072527],[-125.18728925998724,48.96396096067476]]],[[[-125.16082064121167,48.9856829535423],[-125.16050913273779,48.985130362560355],[-125.16141372170024,48.985167459049435],[-125.16139875218397,48.985446567684946],[-125.16082064121167,48.9856829535423]]],[[[-126.13633574201481,49.25606056104865],[-126.13710185043,49.25613326218525],[-126.13725496011567,49.25632546798542],[-126.13652023858862,49.256675864253],[-126.13633574201481,49.25606056104865]]],[[[-126.08474904709037,49.181416366409884],[-126.08519894232735,49.18124826279816],[-126.0856521322059,49.18122265708162],[-126.08465462607838,49.182115660450194],[-126.08474904709037,49.181416366409884]]],[[[-125.88340944697109,49.176233675841395],[-125.88402084353953,49.17635326151381],[-125.88345542408585,49.177005559156505],[-125.88317825446305,49.17649996840983],[-125.88340944697109,49.176233675841395]]],[[[-125.27808995211561,48.95781266203445],[-125.27891225101772,48.95783255192717],[-125.27918095974289,48.958356666958],[-125.27859085366634,48.95827977214899],[-125.27808995211561,48.95781266203445]]],[[[-125.70238114764902,49.167191350350635],[-125.7032098405257,49.16681246235997],[-125.70347704197948,49.167165756448384],[-125.70266893786966,49.167446257597234],[-125.70238114764902,49.167191350350635]]],[[[-125.6541072472276,49.17298077054569],[-125.65480295537245,49.17317155615413],[-125.65480783535739,49.17351346405773],[-125.65386655340276,49.17333825995865],[-125.6541072472276,49.17298077054569]]],[[[-126.57429343512563,49.40313296634482],[-126.57519383799982,49.40305186048144],[-126.57552685053395,49.40329397158728],[-126.5748793219276,49.403531761346194],[-126.57429343512563,49.40313296634482]]],[[[-125.70221862195659,49.165476559834794],[-125.70304234224069,49.16523306662128],[-125.70336824974108,49.1656660716194],[-125.70270263972732,49.16578995799563],[-125.70221862195659,49.165476559834794]]],[[[-126.13531563585798,49.25469477484496],[-126.13592524999842,49.25556355724252],[-126.13575994034291,49.25579427477523],[-126.13529504373244,49.25575587977399],[-126.13531563585798,49.25469477484496]]],[[[-126.03898645105828,49.20609934871098],[-126.03945715349948,49.20581447165428],[-126.04002635633924,49.20569485804418],[-126.0385235458267,49.20650097427816],[-126.03898645105828,49.20609934871098]]],[[[-125.97678173994416,49.13714475803757],[-125.97724545808465,49.13663776683299],[-125.97771546844781,49.1371661670873],[-125.97702872262956,49.13734566467071],[-125.97678173994416,49.13714475803757]]],[[[-125.37803303870425,48.98203696422607],[-125.37860303830458,48.98194446791493],[-125.37889551899322,48.982055560733684],[-125.37825143781637,48.98261806508905],[-125.37803303870425,48.98203696422607]]],[[[-125.63453115916907,49.189353469282985],[-125.6351601240026,49.18955576223049],[-125.63491065819579,49.19000147038488],[-125.63415146082075,49.189668264211655],[-125.63453115916907,49.189353469282985]]],[[[-125.47962412552654,48.87523695789926],[-125.47871413581217,48.87531106655326],[-125.47823305915159,48.874933671786096],[-125.47962454279771,48.874939378977615],[-125.47962412552654,48.87523695789926]]],[[[-126.2285945638692,49.30775796573402],[-126.22931175733326,49.30774795971528],[-126.22945965348222,49.308021460253705],[-126.22868393052734,49.308363271139186],[-126.2285945638692,49.30775796573402]]],[[[-125.33892523361857,48.925626964113775],[-125.33930312444936,48.925520159207665],[-125.34045913607909,48.92601007903659],[-125.33927224131475,48.92605276936142],[-125.33892523361857,48.925626964113775]]],[[[-126.22757962748346,49.311637557630995],[-126.22804384052934,49.31119886635456],[-126.22881023694981,49.31175716794516],[-126.22824983333213,49.31193237253212],[-126.22757962748346,49.311637557630995]]],[[[-126.06827513178887,49.18429186628273],[-126.06915725671097,49.18447557253457],[-126.0693556520166,49.18506654790591],[-126.06825853938135,49.184579572478206],[-126.06827513178887,49.18429186628273]]],[[[-126.01973013985977,49.1669250669122],[-126.02046046584519,49.167322368230494],[-126.02030073081191,49.167705468965785],[-126.01969282626803,49.16775245928262],[-126.01973013985977,49.1669250669122]]],[[[-125.36976433595851,48.89009006564525],[-125.36908513463169,48.889869255872746],[-125.37043745505454,48.88960865489133],[-125.37039414538414,48.889843676167615],[-125.36976433595851,48.89009006564525]]],[[[-125.95450635163613,49.23881765774594],[-125.95508023983027,49.23875786767058],[-125.9552235437389,49.23932047118745],[-125.95434725748042,49.23937026992413],[-125.95450635163613,49.23881765774594]]],[[[-125.2935236350268,48.92940967477047],[-125.2929285336089,48.92952926010626],[-125.29265904366481,48.92929146707082],[-125.29411604576073,48.92893817183034],[-125.2935236350268,48.92940967477047]]],[[[-126.18168715757278,49.261989572383136],[-126.18256794490064,49.2624424669487],[-126.18248442646879,49.26317876631531],[-126.18213482889415,49.262818468146826],[-126.18168715757278,49.261989572383136]]],[[[-125.34947823452714,48.992492179537116],[-125.35043263609923,48.99242805877628],[-125.35068915297785,48.99265595210571],[-125.34953774199244,48.992878073630905],[-125.34947823452714,48.992492179537116]]],[[[-126.01608182899727,49.232555460971554],[-126.01605526569168,49.23186186388646],[-126.01706824435566,49.232158068746074],[-126.01646944374278,49.23250135698283],[-126.01608182899727,49.232555460971554]]],[[[-125.78006245725196,49.186002274377785],[-125.78064134865157,49.185818560280545],[-125.7810519405021,49.186527867820566],[-125.78065666001086,49.186554869750175],[-125.78006245725196,49.186002274377785]]],[[[-126.05002156280997,49.33497607170606],[-126.05103795704555,49.33501026977045],[-126.05188353521544,49.33560836877991],[-126.05078123742081,49.335381965936975],[-126.05002156280997,49.33497607170606]]],[[[-125.15676143182823,48.995222372025545],[-125.15730632983376,48.995141168913534],[-125.1584255366291,48.995722275401576],[-125.15773145598227,48.99583477133624],[-125.15676143182823,48.995222372025545]]],[[[-125.82520204069527,49.124483565675014],[-125.82596346470214,49.12412326390974],[-125.8264539270632,49.12434406347949],[-125.8259511428778,49.12466305247117],[-125.82520204069527,49.124483565675014]]],[[[-125.67336514110416,49.188110171553475],[-125.6743098324603,49.188070265365596],[-125.67455513753829,49.188306654690145],[-125.67368174317538,49.18863285998965],[-125.67336514110416,49.188110171553475]]],[[[-125.97203966407041,49.22602406592285],[-125.97296814409313,49.22592717631617],[-125.97321405446446,49.226119470513964],[-125.97223254152793,49.22646836130783],[-125.97203966407041,49.22602406592285]]],[[[-125.25186335428805,48.92784726072129],[-125.25092872821473,48.92800966459124],[-125.25019834195669,48.92785156474976],[-125.25210034992509,48.92764354662563],[-125.25186335428805,48.92784726072129]]],[[[-125.30032322801226,48.89107415783434],[-125.30110605767977,48.8911938703897],[-125.30170672361498,48.89177486147736],[-125.30071685419966,48.89159685341618],[-125.30032322801226,48.89107415783434]]],[[[-125.60588643498414,48.9651558610815],[-125.60642645368894,48.965053366629085],[-125.6068466425449,48.965745476571065],[-125.6059064492929,48.965533252550124],[-125.60588643498414,48.9651558610815]]],[[[-126.04764505281204,49.15663936340249],[-126.04753856360902,49.15637596662404],[-126.04657324587875,49.15575775569735],[-126.04822532762675,49.15635736462943],[-126.04764505281204,49.15663936340249]]],[[[-125.22178875536949,48.925470264148395],[-125.22231272450759,48.92528936192595],[-125.2231714570311,48.925551473702406],[-125.2220656397286,48.9258875720217],[-125.22178875536949,48.925470264148395]]],[[[-125.30808751881939,48.95179965852122],[-125.30891665573895,48.95169276887532],[-125.309283224486,48.951964861475844],[-125.30777376818395,48.95210296794078],[-125.30808751881939,48.95179965852122]]],[[[-125.85706455852095,49.07711156584014],[-125.85776664217089,49.07643787373359],[-125.85868805029402,49.07627975314405],[-125.85750555352759,49.07713716966285],[-125.85706455852095,49.07711156584014]]],[[[-125.98145513051689,49.1450947587022],[-125.98198804990865,49.14505345940311],[-125.9820725389408,49.145789772941775],[-125.98118265341796,49.14555194883855],[-125.98145513051689,49.1450947587022]]],[[[-126.047267765786,49.22566516249028],[-126.04681833322446,49.225823171464],[-126.04615903862633,49.22581605404467],[-126.04787802920376,49.22532046351037],[-126.047267765786,49.22566516249028]]],[[[-125.94274234770137,49.19392656945875],[-125.94349124082933,49.19361047001614],[-125.94383773984194,49.194123178702654],[-125.9433579483945,49.194360951757545],[-125.94274234770137,49.19392656945875]]],[[[-125.4538681380808,48.892702073311455],[-125.45334884676558,48.892371673117516],[-125.45331685465587,48.89201276086285],[-125.4545230373776,48.892391552459834],[-125.4538681380808,48.892702073311455]]],[[[-125.95780814268124,49.21083336789509],[-125.95947634509103,49.21094305473158],[-125.9595908574433,49.2112464698257],[-125.95798962931872,49.211108265138876],[-125.95780814268124,49.21083336789509]]],[[[-125.51185356069684,48.898893065348055],[-125.51192313672829,48.898378960411705],[-125.51278213856796,48.89836046658908],[-125.5127569250195,48.89895436710261],[-125.51185356069684,48.898893065348055]]],[[[-125.99615762776058,49.1489700638132],[-125.99687693968006,49.14881616250304],[-125.99715456420164,49.14933036668068],[-125.99657513513232,49.149525458465874],[-125.99615762776058,49.1489700638132]]],[[[-126.59059166123745,49.533295773541944],[-126.59128644434243,49.5331946634232],[-126.59284872361393,49.534351063096544],[-126.59132536288955,49.53383416346769],[-126.59059166123745,49.533295773541944]]],[[[-125.65714142612771,48.9967704667807],[-125.6575608357372,48.9966622701613],[-125.65819884194501,48.99683597985558],[-125.65737234398141,48.997503971543686],[-125.65714142612771,48.9967704667807]]],[[[-125.79387355195591,49.19750995011507],[-125.79453445840701,49.197546954858815],[-125.79491274876806,49.198176459552776],[-125.79399974421081,49.1980454662584],[-125.79387355195591,49.19750995011507]]],[[[-125.35123575381414,49.00021137146302],[-125.35176414118418,49.00008317319839],[-125.35194866516976,49.000818070354384],[-125.3511802633013,49.000752568016544],[-125.35123575381414,49.00021137146302]]],[[[-125.26998333342735,48.91525585747657],[-125.26856472285729,48.91555345950145],[-125.26814033720532,48.915516466140254],[-125.27051695083209,48.91498385595647],[-125.26998333342735,48.91525585747657]]],[[[-125.26288855835567,48.9116881688054],[-125.26313154817322,48.9122051594853],[-125.26226354511869,48.91267236881248],[-125.26222324747535,48.91236755562613],[-125.26288855835567,48.9116881688054]]],[[[-126.23977645221224,49.34129527730753],[-126.23936104995532,49.34109586950668],[-126.24042842602718,49.3404919631199],[-126.24045664396432,49.34096057622046],[-126.23977645221224,49.34129527730753]]],[[[-126.18683662226262,49.380376961990876],[-126.1874417551088,49.38064325691387],[-126.18723382937067,49.3813767593932],[-126.18672635676182,49.38110337357393],[-126.18683662226262,49.380376961990876]]],[[[-125.65668474538086,48.99633147083138],[-125.6570204510071,48.995262265944405],[-125.65712866353753,48.99524226765619],[-125.65766423929631,48.99604837732262],[-125.65668474538086,48.99633147083138]]],[[[-125.83777614560998,49.28684775057419],[-125.83733774807276,49.286417668396794],[-125.83851503009755,49.287270763878325],[-125.8379482570688,49.28723085639732],[-125.83777614560998,49.28684775057419]]],[[[-126.09359053689617,49.2241813570314],[-126.09374792438135,49.22364125842919],[-126.09453653583245,49.223796558218716],[-126.0944339213272,49.22436905987624],[-126.09359053689617,49.2241813570314]]],[[[-126.22595604474361,49.308862178286546],[-126.22675942373982,49.308847466529585],[-126.22676582959404,49.30895577163827],[-126.22584274312122,49.30948126053223],[-126.22595604474361,49.308862178286546]]],[[[-125.65424743349524,49.171988054864514],[-125.65387425168699,49.17296795530196],[-125.65306855407188,49.173067665121266],[-125.65321653055113,49.17275006988901],[-125.65424743349524,49.171988054864514]]],[[[-125.6155413388738,49.21210667901555],[-125.61593214241607,49.21276315820242],[-125.61506872975428,49.21305237039621],[-125.61510874921555,49.212476975891974],[-125.6155413388738,49.21210667901555]]],[[[-126.0701759644667,49.278178562183015],[-126.07093702735497,49.27810735745955],[-126.07078952206139,49.278752560591705],[-126.07019223601718,49.27885367269425],[-126.0701759644667,49.278178562183015]]],[[[-126.10573324664091,49.25054606917159],[-126.10529843788012,49.250697070918534],[-126.10474696323529,49.25000007138307],[-126.10611654882649,49.25054746030535],[-126.10573324664091,49.25054606917159]]],[[[-126.05501506001703,49.25385167308219],[-126.05581223298337,49.253845973459576],[-126.0557105635675,49.25463496467778],[-126.05514975418389,49.25456655240797],[-126.05501506001703,49.25385167308219]]],[[[-125.27358793840544,48.93959275579953],[-125.27368976445085,48.93912276736888],[-125.27498634950936,48.93972655413096],[-125.27451433776984,48.93983485289321],[-125.27358793840544,48.93959275579953]]],[[[-125.85489195862036,49.07101815729146],[-125.85532793711808,49.07069545596904],[-125.85622586276122,49.07129366556935],[-125.8557821381265,49.07144887716901],[-125.85489195862036,49.07101815729146]]],[[[-125.75729664262157,49.066781761746086],[-125.75785556213508,49.06648126533378],[-125.75847262683362,49.06672766571889],[-125.75793526842325,49.0671534672086],[-125.75729664262157,49.066781761746086]]],[[[-126.58860903891208,49.41366927963483],[-126.58926944760185,49.41371057612737],[-126.58873376302893,49.41450956338705],[-126.58831766912749,49.414293064884355],[-126.58860903891208,49.41366927963483]]],[[[-126.24180465624669,49.33322587127681],[-126.24109984063229,49.33341936212029],[-126.24247166930866,49.3324978695005],[-126.24244632786947,49.33294656000084],[-126.24180465624669,49.33322587127681]]],[[[-126.00127533446884,49.150585073126514],[-126.00218985426292,49.15042835935747],[-126.00256245976554,49.1508342692817],[-126.00199543653564,49.15115338029428],[-126.00127533446884,49.150585073126514]]],[[[-126.58330555207696,49.401513676665985],[-126.58376585814179,49.401423973070955],[-126.58497825972265,49.401989371865334],[-126.58419692888783,49.40217026143372],[-126.58330555207696,49.401513676665985]]],[[[-125.36130134880636,48.86537005370833],[-125.36085404072027,48.865441250279694],[-125.36048183127306,48.865080965790064],[-125.36201376025728,48.865139371115774],[-125.36130134880636,48.86537005370833]]],[[[-125.69983324687851,49.130949458483585],[-125.70061594132775,49.13046245674821],[-125.70103623357001,49.13063337187892],[-125.70049354177146,49.13124857479014],[-125.69983324687851,49.130949458483585]]],[[[-125.33690813460419,48.9835893575676],[-125.33656714789868,48.98301115556629],[-125.33755875016662,48.98290146466928],[-125.33752116248378,48.983253271398105],[-125.33690813460419,48.9835893575676]]],[[[-125.82261663977654,49.06206195639023],[-125.82312384571577,49.06254476901917],[-125.82240883982102,49.06296626014396],[-125.82220403348002,49.06226986617073],[-125.82261663977654,49.06206195639023]]],[[[-126.23313494828814,49.372048163129826],[-126.2328944278939,49.371187961933096],[-126.23399463028778,49.37170926125072],[-126.23348794621924,49.37214647270306],[-126.23313494828814,49.372048163129826]]],[[[-126.1332264460343,49.24210907233598],[-126.13257724352161,49.2422016583559],[-126.13188484753297,49.24205776420973],[-126.13271665582208,49.24143965995533],[-126.1332264460343,49.24210907233598]]],[[[-125.3161949442059,49.015008870038315],[-125.3169834500948,49.01493904893508],[-125.31721763251636,49.015258176600156],[-125.31651404600342,49.01568675976926],[-125.3161949442059,49.015008870038315]]],[[[-125.35936273552994,48.94647875230807],[-125.36031125500399,48.946306458491236],[-125.36095286152923,48.94659986404211],[-125.36044684558651,48.94685337228895],[-125.35936273552994,48.94647875230807]]],[[[-125.67716264154507,49.00678975437061],[-125.67832825724047,49.006079058908576],[-125.67899853529188,49.00607196122992],[-125.67884445016274,49.00649775735906],[-125.67716264154507,49.00678975437061]]],[[[-125.79747676631145,49.06516666627712],[-125.7983176487882,49.06525495040067],[-125.79867243090035,49.06598416860944],[-125.79776994146312,49.06578056343848],[-125.79747676631145,49.06516666627712]]],[[[-125.54807555840983,48.92620216152412],[-125.54858393337763,48.92640027167838],[-125.54790713094658,48.927612255923144],[-125.54775482925722,48.926770563824576],[-125.54807555840983,48.92620216152412]]],[[[-125.3459494451374,48.919061370536745],[-125.34687782604898,48.9190598589361],[-125.3480098528593,48.919630951195025],[-125.34769124576505,48.91981756724083],[-125.3459494451374,48.919061370536745]]],[[[-125.81038745192338,49.32472747107769],[-125.81157385213069,49.324761556304246],[-125.81160035340321,49.324986659117016],[-125.81068763310867,49.32537685565666],[-125.81038745192338,49.32472747107769]]],[[[-126.27908936549495,49.35070216679683],[-126.28009324767012,49.35100545488815],[-126.27954264265578,49.351730469846615],[-126.27926533112526,49.35151676128774],[-126.27908936549495,49.35070216679683]]],[[[-125.51644245202131,48.902779751187055],[-125.51735884460807,48.90281255195849],[-125.51791514482234,48.90328677886074],[-125.51658302728583,48.9031187648921],[-125.51644245202131,48.902779751187055]]],[[[-125.36423993232935,48.90774736498783],[-125.36471873990014,48.90689146984993],[-125.36574056003495,48.907140664949054],[-125.36453175001296,48.90785845257304],[-125.36423993232935,48.90774736498783]]],[[[-125.87550145374297,49.15793255489116],[-125.87602313486558,49.15795537122555],[-125.87618145890286,49.15876996979511],[-125.87544232753606,49.15878855830461],[-125.87550145374297,49.15793255489116]]],[[[-125.8789359406345,49.13389755349735],[-125.87944562784561,49.133938965655524],[-125.8794516342989,49.13473936473559],[-125.87863173840258,49.13455277502056],[-125.8789359406345,49.13389755349735]]],[[[-125.7702472416319,49.24247796427166],[-125.77101345113209,49.242388172530625],[-125.77117262459058,49.242527767886926],[-125.77059172449431,49.243234165420496],[-125.7702472416319,49.24247796427166]]],[[[-125.34102013910719,48.89743327833634],[-125.3423637340681,48.89755005671531],[-125.34263395328213,48.8978064714511],[-125.34212653994025,48.89805847698457],[-125.34102013910719,48.89743327833634]]],[[[-125.9532936477453,49.17401615686071],[-125.95345385554981,49.17348067442207],[-125.95429705919996,49.17359456324612],[-125.95423375261585,49.174369371285174],[-125.9532936477453,49.17401615686071]]],[[[-125.85646814432842,49.07146737574667],[-125.85711074052627,49.0707495519531],[-125.85760663717427,49.07079086878279],[-125.85749482932464,49.071487359595665],[-125.85646814432842,49.07146737574667]]],[[[-125.81868882837243,49.05724525856129],[-125.81858495776619,49.05661005408005],[-125.81905904338822,49.056534560400856],[-125.81991623864504,49.0571711729196],[-125.81868882837243,49.05724525856129]]],[[[-125.31271042458,48.877159658341775],[-125.31228343042292,48.87672816054291],[-125.31387514188997,48.87665125600518],[-125.31301713806847,48.877262172871355],[-125.31271042458,48.877159658341775]]],[[[-126.07666425163661,49.3407098595938],[-126.07727964488596,49.34172396015133],[-126.07688072726702,49.34219966612506],[-126.07641855309737,49.341404969448966],[-126.07666425163661,49.3407098595938]]],[[[-125.2827202502461,48.96047306366377],[-125.28228313540274,48.95986205570847],[-125.28372834832166,48.96008426003279],[-125.28365042365749,48.960185356937366],[-125.2827202502461,48.96047306366377]]],[[[-126.02808312478015,49.156875766977286],[-126.02762975154376,49.15643994926195],[-126.0288241498625,49.156183648374316],[-126.02889125584927,49.15645566972697],[-126.02808312478015,49.156875766977286]]],[[[-125.6733902558432,49.00063745857931],[-125.67364295875225,49.00056456011196],[-125.67449903796918,49.001488852033475],[-125.6734114455913,49.00136065723367],[-125.6733902558432,49.00063745857931]]],[[[-125.2980611574994,48.99845816170133],[-125.29877874497134,48.998875452016634],[-125.29815014041979,48.99950927033191],[-125.29784383176954,48.99937107310082],[-125.2980611574994,48.99845816170133]]],[[[-125.89322193011469,49.107744866259],[-125.89365514908363,49.10763517355497],[-125.8950798261155,49.10858946161371],[-125.89378756512502,49.108261865179685],[-125.89322193011469,49.107744866259]]],[[[-125.37776632327197,48.97990215739062],[-125.37843242136705,48.979816663264614],[-125.37884424862091,48.98013996238779],[-125.3778705260548,48.9806284658571],[-125.37776632327197,48.97990215739062]]],[[[-125.76856883007866,49.23727386488358],[-125.76931385401524,49.23731795738829],[-125.7692117533198,49.23795035750706],[-125.76813812978793,49.23790475901054],[-125.76856883007866,49.23727386488358]]],[[[-125.67903954361527,49.14859116206183],[-125.67808694899257,49.148693756519414],[-125.67776383608447,49.14832346464022],[-125.67846455707196,49.1478477608721],[-125.67903954361527,49.14859116206183]]],[[[-125.83380913792237,49.064558558136454],[-125.83322522572146,49.06417686816176],[-125.83475174583752,49.06405865523906],[-125.83477833905575,49.06451727718],[-125.83380913792237,49.064558558136454]]],[[[-125.27220414209806,48.93437446467253],[-125.27291072787317,48.93461367177676],[-125.2732276502295,48.93499395883385],[-125.27189162746066,48.93501105545875],[-125.27220414209806,48.93437446467253]]],[[[-125.96365034229584,49.21208665258357],[-125.96449034257668,49.211885853991596],[-125.96566995128244,49.212548167276964],[-125.96527726144772,49.21262935831566],[-125.96365034229584,49.21208665258357]]],[[[-125.34105914644617,48.89649755910321],[-125.34193363335764,48.89626397055304],[-125.34222775237865,48.896410659078064],[-125.34159763548497,48.8972609722612],[-125.34105914644617,48.89649755910321]]],[[[-125.23825123662066,48.92755387322258],[-125.23864194320238,48.927132354274995],[-125.23957384456418,48.92721345774882],[-125.23909444135903,48.927780364231054],[-125.23825123662066,48.92755387322258]]],[[[-125.86452952940203,49.12990986422069],[-125.86530006249932,49.12973747025165],[-125.86568993639703,49.130304357809464],[-125.86488542549141,49.13063906415913],[-125.86452952940203,49.12990986422069]]],[[[-125.31752683345509,48.85858365323699],[-125.31838303846546,48.85852106990824],[-125.31847104612402,48.858934052723484],[-125.31711433406349,48.85908645470496],[-125.31752683345509,48.85858365323699]]],[[[-125.87775803322803,49.14951835732533],[-125.87831734694811,49.14946844958258],[-125.87868714410222,49.15040417223394],[-125.87770712580134,49.150320166448836],[-125.87775803322803,49.14951835732533]]],[[[-125.71944585309905,49.03885446972885],[-125.71907272554614,49.0380354597124],[-125.7206486558482,49.03856526595707],[-125.72015213109177,49.03899115579734],[-125.71944585309905,49.03885446972885]]],[[[-126.58248924165977,49.404401958326936],[-126.58206873660147,49.4039519579757],[-126.58378355666723,49.40358306005179],[-126.58331185996515,49.4044731665139],[-126.58248924165977,49.404401958326936]]],[[[-125.89604025094495,49.107890152941025],[-125.89545214070284,49.108139356308435],[-125.89557363485531,49.106921653961656],[-125.89661912785684,49.10794856119532],[-125.89604025094495,49.107890152941025]]],[[[-126.01049454135378,49.28320746919886],[-126.01138524314263,49.28302375647387],[-126.01165834518872,49.28349797368419],[-126.01054424677645,49.283730167089644],[-126.01049454135378,49.28320746919886]]],[[[-125.98011555528329,49.22986366128423],[-125.98086294407366,49.229520467402104],[-125.98149094746216,49.229882171070685],[-125.98026926045631,49.230363559950106],[-125.98011555528329,49.22986366128423]]],[[[-125.78429345155266,49.17582487446805],[-125.7849668277786,49.17605986195334],[-125.78479536451383,49.17669366519317],[-125.78393353999734,49.176498555460334],[-125.78429345155266,49.17582487446805]]],[[[-126.1075633478496,49.241379254518286],[-126.10669016327597,49.24099817106523],[-126.10905904927561,49.24089566684595],[-126.10822035703177,49.241368470575416],[-126.1075633478496,49.241379254518286]]],[[[-126.09700576044445,49.22499145641044],[-126.0959683378299,49.22510966604032],[-126.09579033936156,49.224663870236945],[-126.09659574395162,49.22425226361077],[-126.09700576044445,49.22499145641044]]],[[[-125.28268203282222,49.01824186419838],[-125.28366064445697,49.018096578122666],[-125.28415556691796,49.018761670006846],[-125.28305813065795,49.01870187453523],[-125.28268203282222,49.01824186419838]]],[[[-125.77454024504148,49.15695836092129],[-125.77497833761056,49.15746967743637],[-125.77391883725312,49.15814336187348],[-125.77388403378136,49.157748867922045],[-125.77454024504148,49.15695836092129]]],[[[-126.23528516169276,49.350931461317394],[-126.23555356547465,49.35009116842895],[-126.23646615269762,49.35050986941217],[-126.23585485356783,49.351098055679984],[-126.23528516169276,49.350931461317394]]],[[[-126.07474125237731,49.22406837426932],[-126.0753756393372,49.22400445266814],[-126.07592904684,49.22483765366164],[-126.07444643771267,49.22435917049344],[-126.07474125237731,49.22406837426932]]],[[[-125.79771382661541,49.144423969390225],[-125.79720914923813,49.14398667548787],[-125.79847505326583,49.14356087063052],[-125.79830404954548,49.14416755839443],[-125.79771382661541,49.144423969390225]]],[[[-125.50275354176978,48.91610985172093],[-125.5031926558632,48.9161943612349],[-125.50370474950294,48.91686667695047],[-125.50210714402112,48.91657745584275],[-125.50275354176978,48.91610985172093]]],[[[-126.57609803977842,49.524501261238306],[-126.5756922397965,49.52488007540144],[-126.57518124242041,49.52461666654438],[-126.57682193906852,49.5243901807779],[-126.57609803977842,49.524501261238306]]],[[[-125.32258504409525,48.8644642538547],[-125.32181865395019,48.86468646927847],[-125.32127743098327,48.86419365656064],[-125.32295242521542,48.864142358536846],[-125.32258504409525,48.8644642538547]]],[[[-126.5629111648984,49.52346016285642],[-126.56474916078452,49.52429906358725],[-126.56536714947255,49.524924255470886],[-126.56373113859237,49.524196477416346],[-126.5629111648984,49.52346016285642]]],[[[-125.24535573274822,48.921586465110295],[-125.24686402485898,48.92142125779141],[-125.24731476312536,48.921700362704165],[-125.24623821945075,48.92205505833686],[-125.24535573274822,48.921586465110295]]],[[[-126.03846505753496,49.20002086416228],[-126.03940824659486,49.19994817547424],[-126.03956366645987,49.20034696750585],[-126.03851364004774,49.20070726389282],[-126.03846505753496,49.20002086416228]]],[[[-125.67462135127481,49.16790056894589],[-125.67446404495199,49.167265450232115],[-125.6756379484784,49.16714866885863],[-125.67560766085013,49.16760007011349],[-125.67462135127481,49.16790056894589]]],[[[-125.18142755209098,48.978673064182196],[-125.18214072318501,48.97901056517997],[-125.18127246682893,48.979800969453315],[-125.18114745447656,48.979118759030314],[-125.18142755209098,48.978673064182196]]],[[[-126.58178094359836,49.526698864949324],[-126.58270404611231,49.52673586338842],[-126.58350645575194,49.52758896432083],[-126.58248462637431,49.527279863009035],[-126.58178094359836,49.526698864949324]]],[[[-125.89355334063846,49.27404556028059],[-125.89427454344111,49.27369515252169],[-125.89502625382356,49.27429756132654],[-125.8943015292833,49.27461236124624],[-125.89355334063846,49.27404556028059]]],[[[-125.8965655505401,49.109388368508554],[-125.89691773982537,49.109325756808836],[-125.89845055219847,49.11022295003827],[-125.89691633559724,49.11000937778121],[-125.8965655505401,49.109388368508554]]],[[[-126.03386364808898,49.20864015310443],[-126.03319704632887,49.208775450706064],[-126.0327129648057,49.20813306876218],[-126.03347914301683,49.207965079770055],[-126.03386364808898,49.20864015310443]]],[[[-126.58608126247059,49.41378746763495],[-126.58503233885885,49.41351408168818],[-126.5848659343166,49.41296146637802],[-126.58661395104468,49.413321759465816],[-126.58608126247059,49.41378746763495]]],[[[-125.88723276620402,49.09240186770452],[-125.88789974202435,49.09208857707956],[-125.88873304591229,49.09298576186512],[-125.88743743739606,49.09283767800081],[-125.88723276620402,49.09240186770452]]],[[[-125.98327894808047,49.141638154916066],[-125.98266193734008,49.14142026087976],[-125.98252613913213,49.14077517398472],[-125.98376005373042,49.141004473887186],[-125.98327894808047,49.141638154916066]]],[[[-125.31603843102874,48.88214866176382],[-125.31548195184047,48.881917954457364],[-125.3179383585035,48.882228466372254],[-125.31745893168814,48.88248046758452],[-125.31603843102874,48.88214866176382]]],[[[-125.29983913168111,48.91709306098383],[-125.2993865500147,48.916715657266934],[-125.30151274184254,48.91608756627054],[-125.30085923811328,48.91667717904714],[-125.29983913168111,48.91709306098383]]],[[[-125.75292253519747,49.22622197760366],[-125.75389773893114,49.22596417671415],[-125.75386905022856,49.22716196869798],[-125.7533956319333,49.227073664251115],[-125.75292253519747,49.22622197760366]]],[[[-125.27769675555032,48.92337096921113],[-125.27700644378253,48.92351056461873],[-125.27632483622328,48.92323707224929],[-125.27813244753271,48.9227514542876],[-125.27769675555032,48.92337096921113]]],[[[-125.36039245648809,48.87155116918926],[-125.36161963017126,48.87154395543654],[-125.36181632818678,48.87198975808957],[-125.35993446486718,48.871974167260724],[-125.36039245648809,48.87155116918926]]],[[[-125.3059532452731,48.918518677377016],[-125.3051828472956,48.91868675458751],[-125.30464754729483,48.918346351392834],[-125.3063868426515,48.91814986625736],[-125.3059532452731,48.918518677377016]]],[[[-126.10100385430728,49.227322855480516],[-126.10011334749622,49.22776867081269],[-126.0997179619558,49.22772306994767],[-126.10114915520944,49.22675176468267],[-126.10183695318422,49.22717336831581],[-126.10100385430728,49.227322855480516]]],[[[-125.82962274681569,49.06826007128502],[-125.8303330548652,49.06773875901246],[-125.83008504597124,49.066494055582126],[-125.83090991814282,49.06753656033504],[-125.82962274681569,49.06826007128502]]],[[[-126.07461894984249,49.24587465823755],[-126.07583845856037,49.24570806351696],[-126.07630995387983,49.24631476367507],[-126.07539004248105,49.24674917657125],[-126.07461894984249,49.24587465823755]]],[[[-125.3122286291173,48.88144955458291],[-125.31318054093744,48.88141517139252],[-125.31348424195693,48.88210166608778],[-125.31228334102887,48.882063173830154],[-125.3122286291173,48.88144955458291]]],[[[-126.07938595468191,49.24776885476309],[-126.08023224808082,49.247375752653895],[-126.08032864608538,49.248089259640636],[-126.0794888503972,49.248572074749056],[-126.07938595468191,49.24776885476309]]],[[[-125.46804086725349,48.89733076855175],[-125.46691992811508,48.89673395999818],[-125.46690164399598,48.89637365053658],[-125.46891095687641,48.897535874039],[-125.46804086725349,48.89733076855175]]],[[[-126.23602985833641,49.32805295904735],[-126.23726084573553,49.327722577613244],[-126.2375379567671,49.32840327232418],[-126.23600125842407,49.32856426460311],[-126.23602985833641,49.32805295904735]]],[[[-125.43419084600397,48.89797737506111],[-125.43358255903281,48.898098360233504],[-125.43263783649408,48.89774085601073],[-125.43479633484402,48.897515876660876],[-125.43419084600397,48.89797737506111]]],[[[-125.63715474196157,49.189906070279676],[-125.63786495319829,49.18904445400822],[-125.63970405851437,49.188776671666396],[-125.63741575014602,49.18988185411536],[-125.63715474196157,49.189906070279676]]],[[[-125.96098943214282,49.312912172878534],[-125.96108534440836,49.313827958560914],[-125.96021954829341,49.31385926035269],[-125.96042463333943,49.31336795770532],[-125.96098943214282,49.312912172878534]]],[[[-125.42827473742125,48.95045516263288],[-125.42866443989602,48.95032987631919],[-125.42969025134065,48.950631772681945],[-125.4285086649023,48.951341067467474],[-125.42827473742125,48.95045516263288]]],[[[-125.94114484333056,49.12555317231165],[-125.94076313675545,49.12443797782765],[-125.94249572164854,49.12501485936021],[-125.94180933461482,49.125454868395835],[-125.94114484333056,49.12555317231165]]],[[[-125.47693854045157,48.91886615272658],[-125.4763564418093,48.9181142511466],[-125.47793765115846,48.9191966747875],[-125.47742325036914,48.91928776176225],[-125.47693854045157,48.91886615272658]]],[[[-126.05140734272949,49.3348036757098],[-126.05200182745575,49.33456726276572],[-126.0529614369567,49.3346100785571],[-126.05247855000424,49.33554285463128],[-126.05140734272949,49.3348036757098]]],[[[-125.88180235348253,49.17809087601141],[-125.88087316505504,49.177682065889236],[-125.88269293707134,49.177592358899176],[-125.88272504389646,49.17790567613065],[-125.88180235348253,49.17809087601141]]],[[[-125.78481766664991,49.17513706873988],[-125.7839638317159,49.17529227567158],[-125.78359156678458,49.17456446950828],[-125.7843919258669,49.17436505763446],[-125.78481766664991,49.17513706873988]]],[[[-125.87818845446199,49.25976496599538],[-125.87786024572094,49.260042650708805],[-125.87716103763792,49.259836170332065],[-125.87882323456282,49.25936185975949],[-125.87818845446199,49.25976496599538]]],[[[-125.93456045255394,49.130831257411806],[-125.93500524411635,49.13072017218561],[-125.93539185775522,49.131898058881035],[-125.93439034729028,49.13192367649609],[-125.93456045255394,49.130831257411806]]],[[[-126.18369066555323,49.3942003675254],[-126.1827799248275,49.393710464019016],[-126.18481005778477,49.39364206975305],[-126.18434647155689,49.39429716906036],[-126.18369066555323,49.3942003675254]]],[[[-125.74307303312854,49.25719855900971],[-125.74403675955797,49.256490666849906],[-125.7444348455534,49.25694077846512],[-125.74415253403836,49.257558857528956],[-125.74307303312854,49.25719855900971]]],[[[-125.34401393922376,48.898434477289655],[-125.34486593413851,48.898542769539276],[-125.34428103568622,48.89977035298882],[-125.34353323870454,48.89923637023772],[-125.34401393922376,48.898434477289655]]],[[[-125.23584834592432,48.92847396721841],[-125.23678464635074,48.928328664638336],[-125.2376549662416,48.92889696848354],[-125.23617706754037,48.929106269097005],[-125.23584834592432,48.92847396721841]]],[[[-125.87952523719464,49.17580707641657],[-125.88063765429264,49.175753656315834],[-125.88089165562806,49.17635895118459],[-125.87957313883248,49.17654555668408],[-125.87952523719464,49.17580707641657]]],[[[-126.58568073411905,49.52971245880969],[-126.5866791635223,49.529948863505005],[-126.58809474714269,49.531237766918906],[-126.58695376602932,49.530800572529095],[-126.58568073411905,49.52971245880969]]],[[[-125.17261105478194,48.976409955767664],[-125.17284413120338,48.97614507473444],[-125.17410404301361,48.97588727374962],[-125.17357983240595,48.9770394584753],[-125.17261105478194,48.976409955767664]]],[[[-126.0953310370076,49.17183716808658],[-126.09598293894756,49.17169466098523],[-126.09682786425161,49.17249936549701],[-126.0959219389186,49.172728658812424],[-126.0953310370076,49.17183716808658]]],[[[-125.18530095397053,48.973480361755385],[-125.18625163651564,48.97303036240338],[-125.18681525559808,48.973407763091636],[-125.18575295254188,48.97410275247039],[-125.18530095397053,48.973480361755385]]],[[[-125.30472184512712,48.94068366371343],[-125.30522783821944,48.93984626932241],[-125.3064974527922,48.94039595128623],[-125.30582104682688,48.94085026123229],[-125.30472184512712,48.94068366371343]]],[[[-125.28390645299848,48.96040467275308],[-125.28468153731355,48.96002157969954],[-125.28548361981542,48.96022956024225],[-125.28498934047688,48.961094057949374],[-125.28390645299848,48.96040467275308]]],[[[-125.33234992475158,48.91723115905884],[-125.3317572520931,48.91652335913388],[-125.33364664652484,48.91667436098529],[-125.33262693648612,48.91732525589264],[-125.33234992475158,48.91723115905884]]],[[[-125.31040834994239,48.95118577062753],[-125.31006564310798,48.95083257517421],[-125.3121115513261,48.95077416080591],[-125.31183814245705,48.95135526307825],[-125.31040834994239,48.95118577062753]]],[[[-125.78249463732183,49.0624165546172],[-125.78356974752664,49.06207617239758],[-125.78434984723604,49.06256037649391],[-125.78271505070303,49.06292356451306],[-125.78249463732183,49.0624165546172]]],[[[-125.61247724683788,48.965249870955134],[-125.61380676220116,48.965336761036156],[-125.61463915802672,48.96584806648619],[-125.6135270324981,48.96599046154152],[-125.61247724683788,48.965249870955134]]],[[[-125.28226964840603,48.92184135348576],[-125.28031763980027,48.92183567223951],[-125.28006505280608,48.921696057050006],[-125.28282714964584,48.921488162035644],[-125.28226964840603,48.92184135348576]]],[[[-125.28690645866959,48.90588025810578],[-125.28651814997798,48.90546435278304],[-125.2886494478895,48.90460416156937],[-125.28819454049852,48.905692260213684],[-125.28690645866959,48.90588025810578]]],[[[-126.18751134701752,49.26206795585118],[-126.18665875574392,49.262290069038144],[-126.18687003380701,49.261018254604465],[-126.18820425481812,49.2617346538125],[-126.18751134701752,49.26206795585118]]],[[[-125.88379965063176,49.21053856920436],[-125.88487654985529,49.210411854075566],[-125.88588053126774,49.210900365217114],[-125.88517985644292,49.211376074800505],[-125.88379965063176,49.21053856920436]]],[[[-125.64275594545812,48.97786547039517],[-125.64125156059875,48.97813465859833],[-125.64062093710294,48.97781567070531],[-125.64158202614611,48.97712776085104],[-125.64275594545812,48.97786547039517]]],[[[-126.28007656383345,49.34580426990734],[-126.2790814411199,49.34610476038526],[-126.2787690406152,49.345782974874645],[-126.27989955429413,49.3450266591573],[-126.28007656383345,49.34580426990734]]],[[[-125.71175864626053,49.15377246135735],[-125.71127796084163,49.153244070630414],[-125.71157333158212,49.15262596634515],[-125.7127313551172,49.1539746716949],[-125.71175864626053,49.15377246135735]]],[[[-125.81497742693712,49.12113386057655],[-125.81642354154866,49.121018458876435],[-125.81662603703708,49.12146286816917],[-125.81472055246438,49.121670751916575],[-125.81497742693712,49.12113386057655]]],[[[-125.38027782201111,48.97578336209132],[-125.38127773978007,48.97586165664237],[-125.38144123395479,48.976100853036854],[-125.38031384471087,48.976817258263935],[-125.38027782201111,48.97578336209132]]],[[[-125.74477905567505,49.23938025873634],[-125.74427254419307,49.238672468531206],[-125.74629612629718,49.23921786037904],[-125.7461092543158,49.23933897020689],[-125.74477905567505,49.23938025873634]]],[[[-125.32141333849853,48.916040551660394],[-125.32277775974933,48.91570586799378],[-125.3232357288472,48.916470664812095],[-125.32205435648282,48.91658465607195],[-125.32141333849853,48.916040551660394]]],[[[-125.85739573262114,49.20728146994254],[-125.85829936660038,49.20746516551756],[-125.85708153340384,49.20849487455127],[-125.85696385710949,49.20811037188921],[-125.85739573262114,49.20728146994254]]],[[[-125.37068225195223,48.86504247489979],[-125.3698411359725,48.86543695385047],[-125.36920923413487,48.86535156665374],[-125.37024355695955,48.86443005453958],[-125.37160195145273,48.864905764283755],[-125.37068225195223,48.86504247489979]]],[[[-125.37140813602959,48.85994387509306],[-125.37094484893315,48.860222972084564],[-125.36993574001642,48.85879586664185],[-125.37079774341993,48.85883147030676],[-125.37140813602959,48.85994387509306]]],[[[-125.33066946723628,48.859127768982255],[-125.33171142350278,48.85956635750778],[-125.33086043141553,48.86060897585048],[-125.33039562556668,48.8599979599262],[-125.33066946723628,48.859127768982255]]],[[[-126.06812826026054,49.277685769440154],[-126.06838015623832,49.277178768318564],[-126.06977205285818,49.277116076244816],[-126.06928802751962,49.278074565616336],[-126.06812826026054,49.277685769440154]]],[[[-125.24239774906256,48.921993767015564],[-125.24349003010833,48.921973873449986],[-125.24381712977802,48.92288387357315],[-125.24238015935734,48.92311035798848],[-125.24239774906256,48.921993767015564]]],[[[-125.16218384151136,48.97265714987536],[-125.16312856044277,48.97239656712969],[-125.16387824665051,48.97294057465178],[-125.16263834387027,48.97335926880609],[-125.16218384151136,48.97265714987536]]],[[[-125.78196754262393,49.06771036282924],[-125.78130614238523,49.067636264714885],[-125.78147645312848,49.066758953147605],[-125.78285233172403,49.06712216710632],[-125.78196754262393,49.06771036282924]]],[[[-126.08285054657401,49.24633605564274],[-126.08403054949459,49.24587896253868],[-126.08454052573208,49.24632466038692],[-126.08409665597954,49.24711366927021],[-126.08285054657401,49.24633605564274]]],[[[-125.38620144409172,48.96419025764474],[-125.38528465315653,48.964425263957104],[-125.38505862759375,48.963997967850794],[-125.38692215146241,48.96354506090766],[-125.38620144409172,48.96419025764474]]],[[[-125.88547333228463,49.18339746659539],[-125.8864762462566,49.1829317761474],[-125.88680414731822,49.18385887813964],[-125.88555883170255,49.184169367973496],[-125.88547333228463,49.18339746659539]]],[[[-125.82597674195723,49.12557026375828],[-125.824935039786,49.1255688735038],[-125.82667992860114,49.124923663156686],[-125.82740953097179,49.1259590721924],[-125.82597674195723,49.12557026375828]]],[[[-125.36301273266183,48.95286345548328],[-125.36416745022886,48.95276806069232],[-125.36434134076487,48.95381777001671],[-125.36364024134265,48.954038471311385],[-125.36301273266183,48.95286345548328]]],[[[-125.85517353886961,49.201604576977125],[-125.85588663742212,49.20254167644767],[-125.85459172740738,49.202689761736686],[-125.85460202367402,49.20215856105496],[-125.85517353886961,49.201604576977125]]],[[[-125.60662025326273,49.21587086651079],[-125.60781834685937,49.21541227575541],[-125.60712324107482,49.21706577781181],[-125.6069300557973,49.2170514729752],[-125.60662025326273,49.21587086651079]]],[[[-126.27995102769232,49.34884216781328],[-126.27909435237031,49.34912835161122],[-126.2788888385276,49.348872064684315],[-126.28088314923716,49.348406371862495],[-126.27995102769232,49.34884216781328]]],[[[-125.78967044750092,49.23430005810418],[-125.7910037447978,49.23381726417839],[-125.79127596110756,49.23475586939234],[-125.79011565978078,49.234882572948095],[-125.78967044750092,49.23430005810418]]],[[[-125.2714317179984,48.93844766127437],[-125.27275695020099,48.93843057592593],[-125.27305236956954,48.93925236808082],[-125.27166503061913,48.93908146137709],[-125.2714317179984,48.93844766127437]]],[[[-125.74412246844052,49.147266166408365],[-125.74417275985978,49.146124463729286],[-125.74545374271554,49.14597635341478],[-125.74505245916065,49.146903456113535],[-125.74412246844052,49.147266166408365]]],[[[-125.69081572952972,49.180614569000745],[-125.6909517419662,49.1795776576487],[-125.6921834608106,49.18000787051116],[-125.69130134755315,49.18071135872405],[-125.69081572952972,49.180614569000745]]],[[[-126.18620095798175,49.38161175509617],[-126.18735156733896,49.38244067012351],[-126.18738692432667,49.38351166634554],[-126.18643404349382,49.38261586752464],[-126.18620095798175,49.38161175509617]]],[[[-125.48345634952325,48.918718055776026],[-125.48436466574503,48.91856286531763],[-125.48614775707881,48.919037060568016],[-125.48465264184428,48.919411669067436],[-125.48345634952325,48.918718055776026]]],[[[-125.27998334005468,48.96337137577937],[-125.28182075238985,48.96350515623001],[-125.28216895460173,48.963929659606265],[-125.28098924087494,48.964160362311844],[-125.27998334005468,48.96337137577937]]],[[[-126.05282113417618,49.23136626244075],[-126.05162332856293,49.23094895706368],[-126.05370664987973,49.23035505576193],[-126.05369744942165,49.23096606519238],[-126.05282113417618,49.23136626244075]]],[[[-125.8563296230369,49.22024606111169],[-125.85797554506416,49.221832566760824],[-125.85807133872021,49.22230685805083],[-125.85630885960555,49.22126287188051],[-125.8563296230369,49.22024606111169]]],[[[-125.32131372619635,49.002050461100275],[-125.32024605429262,49.002116966150396],[-125.31977695299375,49.00146894953485],[-125.32143833648195,49.0012923684316],[-125.32131372619635,49.002050461100275]]],[[[-125.67215413930039,49.16944305593915],[-125.67187855068609,49.16867535948051],[-125.6740373495676,49.16825666980783],[-125.67404223187859,49.16860707004128],[-125.67215413930039,49.16944305593915]]],[[[-125.29177303424875,48.92604426199102],[-125.29062464239021,48.926002977983956],[-125.28942623951393,48.925208171901865],[-125.29209684781809,48.92564974864419],[-125.29177303424875,48.92604426199102]]],[[[-125.28150703293538,48.95930096699421],[-125.28020655589572,48.958966255726104],[-125.28007745558975,48.958546060662634],[-125.28233805130354,48.95869137553518],[-125.28150703293538,48.95930096699421]]],[[[-125.15349645680334,48.95496995699492],[-125.15239823057682,48.95487446872635],[-125.15188233020632,48.95400145610804],[-125.15396535072709,48.954116773146744],[-125.15349645680334,48.95496995699492]]],[[[-125.31443153276763,48.950710074903135],[-125.31578423312442,48.95043095866897],[-125.31663216184108,48.950764262102595],[-125.31491053614862,48.951356665439256],[-125.31443153276763,48.950710074903135]]],[[[-125.88071835081472,49.12208527727315],[-125.88204153881516,49.12242987606638],[-125.88223963112806,49.12276596080435],[-125.88118032652187,49.12340405797651],[-125.88071835081472,49.12208527727315]]],[[[-125.38066353973917,48.89178206359434],[-125.3828156294565,48.89283445861017],[-125.38318635443161,48.893438354353115],[-125.38117513982051,48.89277897006753],[-125.38066353973917,48.89178206359434]]],[[[-125.1593541265231,48.97452716840688],[-125.16039154186997,48.974490172024275],[-125.16057323542833,48.97461256981115],[-125.15859656131566,48.975324766665885],[-125.1593541265231,48.97452716840688]]],[[[-126.22723843793928,49.30643918009607],[-126.2260676558986,49.30668987424344],[-126.22513153870817,49.306216967175935],[-126.22792263344442,49.30601477104779],[-126.22723843793928,49.30643918009607]]],[[[-125.46990714362074,48.90831996087119],[-125.47080995018669,48.90838255109602],[-125.472391147994,48.90972414804391],[-125.47144782807932,48.90966435968927],[-125.46990714362074,48.90831996087119]]],[[[-125.5430119526719,48.9451741612917],[-125.54393024003747,48.94526245078251],[-125.54535404550036,48.94666106392867],[-125.54398054455108,48.94623235680747],[-125.5430119526719,48.9451741612917]]],[[[-126.05109795287531,49.23347177404421],[-126.05107104450657,49.232626658051274],[-126.0524787500322,49.23341855941159],[-126.05172494179313,49.23432576529047],[-126.05109795287531,49.23347177404421]]],[[[-126.05285485586155,49.33087285858685],[-126.05408784294704,49.330068158152365],[-126.05469023990197,49.3317031800493],[-126.05323815058858,49.331387073002915],[-126.05285485586155,49.33087285858685]]],[[[-125.34869075541071,48.99347056255789],[-125.34752802754397,48.99344067089016],[-125.34836614589007,48.99267726162305],[-125.34985274017504,48.993771060319894],[-125.34869075541071,48.99347056255789]]],[[[-125.36471524219985,48.95219987235885],[-125.36611982828991,48.95214425665809],[-125.36640903905638,48.952749573776984],[-125.36470303090394,48.953089972169025],[-125.36471524219985,48.95219987235885]]],[[[-125.31698996665415,48.85581506879292],[-125.3150762475932,48.85541194962036],[-125.31493362902286,48.854991872877555],[-125.31728435055678,48.85508866330125],[-125.31698996665415,48.85581506879292]]],[[[-126.01178124466722,49.15740846487453],[-126.0132724420531,49.15703245571173],[-126.01372514120598,49.157935456561475],[-126.0122663649918,49.1580322718847],[-126.01178124466722,49.15740846487453]]],[[[-125.32567343799994,48.94837867332058],[-125.32509053510583,48.947589663798226],[-125.32712623520469,48.94761107177768],[-125.32636403630228,48.948535368444844],[-125.32567343799994,48.94837867332058]]],[[[-125.64526434868377,48.981101257833515],[-125.64410773651468,48.98145167954359],[-125.6436469243518,48.9807523647092],[-125.64493234308476,48.98028097245862],[-125.64526434868377,48.981101257833515]]],[[[-125.74301662903568,49.148256471183146],[-125.74391083012738,49.147830667977004],[-125.7445561467324,49.14831917713707],[-125.74354743577886,49.14917086667007],[-125.74301662903568,49.148256471183146]]],[[[-126.09213034869262,49.21774367728944],[-126.09080085031763,49.21791745347512],[-126.09056274728721,49.21729927607073],[-126.09212636083573,49.21688915957757],[-126.09213034869262,49.21774367728944]]],[[[-125.38451634990517,48.93257425812217],[-125.3836051499887,48.9326568573202],[-125.3828947339719,48.93178095853781],[-125.38413833340988,48.93153025332915],[-125.38451634990517,48.93257425812217]]],[[[-125.30487492054876,48.920915660090785],[-125.30405816044049,48.920931265802864],[-125.3051756267071,48.92033316425703],[-125.30656482497201,48.92172746849065],[-125.30487492054876,48.920915660090785]]],[[[-125.67608953432897,49.00387156028355],[-125.6756054407843,49.00425186802661],[-125.67462904847025,49.00417636940681],[-125.67709934321176,49.00330047522717],[-125.67608953432897,49.00387156028355]]],[[[-125.51039793133974,48.90198365486359],[-125.50961145458899,48.90150655829605],[-125.51015743625986,48.900703255263664],[-125.5114138447683,48.901278670110116],[-125.51039793133974,48.90198365486359]]],[[[-125.64343672495673,49.191615158057225],[-125.64249883799425,49.1917632553619],[-125.64248494036941,49.18998156536878],[-125.64388223989054,49.19069645609348],[-125.64343672495673,49.191615158057225]]],[[[-126.29229256482184,49.36154756272728],[-126.2929308235032,49.360717161630824],[-126.29450983731564,49.36081687397758],[-126.2938709404093,49.3616486585385],[-126.29229256482184,49.36154756272728]]],[[[-125.33868883425038,48.985136053604414],[-125.339508745222,48.98426445870302],[-125.34075643851541,48.984599159723075],[-125.34008043459527,48.985351164955055],[-125.33868883425038,48.985136053604414]]],[[[-126.06804224221024,49.41319366815874],[-126.06961945254969,49.41313524827659],[-126.0703070343365,49.41361086038897],[-126.06877452868771,49.41413077139074],[-126.06804224221024,49.41319366815874]]],[[[-126.09456665114057,49.21740895918458],[-126.093708660146,49.216604261052076],[-126.09581644362228,49.216486059214496],[-126.09566112695755,49.217481558827366],[-126.09456665114057,49.21740895918458]]],[[[-125.28086664723199,48.93422205245956],[-125.27982852240888,48.93357686604077],[-125.2822338419487,48.93361956617201],[-125.28210644364387,48.933837477297814],[-125.28086664723199,48.93422205245956]]],[[[-126.23809316384325,49.314796364762024],[-126.23900964237546,49.31613945624039],[-126.23679573406218,49.316357362332056],[-126.23677773637183,49.31616795479154],[-126.23809316384325,49.314796364762024]]],[[[-125.8877634312597,49.175131959038985],[-125.88756304565192,49.17427675232885],[-125.88912672649974,49.17353475880055],[-125.88921782643489,49.17440496354139],[-125.8877634312597,49.175131959038985]]],[[[-125.58703933623038,48.96382296691598],[-125.58616720178641,48.96308052264277],[-125.58926595315236,48.96403644919523],[-125.5890837378317,48.9641759735087],[-125.58703933623038,48.96382296691598]]],[[[-126.0986128314489,49.22523076748856],[-126.0979470289767,49.225338962612675],[-126.09758654968495,49.224250875025625],[-126.09975265722817,49.22524925976013],[-126.0986128314489,49.22523076748856]]],[[[-125.89937223467732,49.110056360061705],[-125.90109314413603,49.10946386286862],[-125.90170914958357,49.11063597454096],[-125.89914542489481,49.110376765063606],[-125.89937223467732,49.110056360061705]]],[[[-126.05019616330075,49.326306867023796],[-126.05174944507947,49.325654572281515],[-126.05226862922237,49.32687226701328],[-126.05174623112259,49.327065967288576],[-126.05019616330075,49.326306867023796]]],[[[-125.87691656177361,49.132642861035045],[-125.87828253151324,49.133031660565116],[-125.87808072728191,49.13404425845967],[-125.87720933354252,49.13412975610435],[-125.87691656177361,49.132642861035045]]],[[[-126.05051735621518,49.226214853594186],[-126.04968705324565,49.22631165043501],[-126.04887256206582,49.225930058228364],[-126.0510349420272,49.225364580839205],[-126.05051735621518,49.226214853594186]]],[[[-125.71080404034153,49.16164117330313],[-125.71173233671814,49.1617992526173],[-125.71277775477922,49.16287175524496],[-125.71048925513567,49.16267377496499],[-125.71080404034153,49.16164117330313]]],[[[-126.57946805913353,49.525660571217834],[-126.57834794703949,49.52454827018986],[-126.58125944363289,49.52635417544491],[-126.58033084297868,49.52612777558631],[-126.57946805913353,49.525660571217834]]],[[[-125.20220254834643,48.95568777508216],[-125.20198475659069,48.954495662599335],[-125.20365433516903,48.95422937640292],[-125.20259934255866,48.95571617676708],[-125.20220254834643,48.95568777508216]]],[[[-125.34789703874819,48.89744105476541],[-125.34849423951914,48.89738055222649],[-125.35001135258935,48.898303460549506],[-125.34887584202792,48.89878626664225],[-125.34789703874819,48.89744105476541]]],[[[-125.2885296512063,48.95426775181015],[-125.28768885748877,48.954103956162356],[-125.28707445835971,48.9528834579987],[-125.28909683278695,48.953222353983584],[-125.2885296512063,48.95426775181015]]],[[[-125.99352232674225,49.1534733593956],[-125.99219384996789,49.15350756966845],[-125.9924352533761,49.152259963702],[-125.99408775208289,49.15259467615588],[-125.99352232674225,49.1534733593956]]],[[[-125.8389398302718,49.069551864976916],[-125.84028043913628,49.06857485924348],[-125.84096933486401,49.069825262429866],[-125.83922183566159,49.07018417969103],[-125.8389398302718,49.069551864976916]]],[[[-125.82585905123707,49.06514106613035],[-125.82592995058967,49.06471666960758],[-125.82803065104285,49.064071448425],[-125.82804174361158,49.065491353811154],[-125.82585905123707,49.06514106613035]]],[[[-125.34835104302823,48.864616654018995],[-125.34941143219095,48.86393017595549],[-125.3505268366887,48.86388885943731],[-125.3499055388871,48.86549395609462],[-125.34835104302823,48.864616654018995]]],[[[-126.0642570414066,49.41426746586863],[-126.06581085748519,49.41363226204639],[-126.0675900407171,49.41433436261772],[-126.06614042377868,49.41459506421762],[-126.0642570414066,49.41426746586863]]],[[[-126.04765104225346,49.18283057794892],[-126.04707072556856,49.18311256162839],[-126.04642885227626,49.18120694883418],[-126.04805914959887,49.18125687242884],[-126.04765104225346,49.18283057794892]]],[[[-125.60342773872931,49.21285717585475],[-125.60411094819665,49.21202265154152],[-125.60544724452141,49.21314485799657],[-125.60485813611777,49.213949561294285],[-125.60342773872931,49.21285717585475]]],[[[-125.24791296280068,48.923164467514376],[-125.24883643902542,48.92308326995431],[-125.24977524125758,48.92360457006548],[-125.24745154592185,48.92416286533459],[-125.24791296280068,48.923164467514376]]],[[[-126.03111045723787,49.21470587168352],[-126.03039114012775,49.214560564502406],[-126.02972893154374,49.2134824675842],[-126.03264677004107,49.21475426754381],[-126.03111045723787,49.21470587168352]]],[[[-126.23606726341967,49.343626667217606],[-126.23552344695179,49.34300145536128],[-126.23760253829501,49.342745079422016],[-126.23726656284201,49.34432165964118],[-126.23606726341967,49.343626667217606]]],[[[-125.71189364517154,49.16349555841481],[-125.71299803428228,49.1631180732514],[-125.71369362877721,49.16483006483779],[-125.71284424457485,49.16511055136994],[-125.71189364517154,49.16349555841481]]],[[[-125.28113496004424,48.95804046867714],[-125.2794204597075,48.95729136756743],[-125.2791797353062,48.95620756929687],[-125.28222024177737,48.95760465747982],[-125.28113496004424,48.95804046867714]]],[[[-125.34586754184937,48.89752446927929],[-125.34425655263796,48.897206853646466],[-125.34404293303214,48.89641926271003],[-125.34650654236553,48.89687216172252],[-125.34586754184937,48.89752446927929]]],[[[-125.4995313186841,48.91719985989953],[-125.50161982482065,48.91774815905975],[-125.50191014954729,48.918911750827625],[-125.50061306699895,48.91865256800393],[-125.4995313186841,48.91719985989953]]],[[[-125.86666135128205,49.26294946301066],[-125.86852746214517,49.26266896319551],[-125.86978346301565,49.263456572600575],[-125.86759663605113,49.26367295680802],[-125.86666135128205,49.26294946301066]]],[[[-126.06844365942696,49.18631986843916],[-126.06717175801366,49.186693063757176],[-126.06614174535737,49.18601935923128],[-126.0690567373129,49.185931068004706],[-126.06844365942696,49.18631986843916]]],[[[-125.29128725299114,48.924983158075854],[-125.2908164512258,48.9236429556676],[-125.2935391524701,48.92499176642529],[-125.29313044831315,48.92526947477591],[-125.29128725299114,48.924983158075854]]],[[[-125.65402145181247,49.16957405943766],[-125.65466834211006,49.16782225751496],[-125.65576242499137,49.16802166065241],[-125.65548063142775,49.169143958678],[-125.65402145181247,49.16957405943766]]],[[[-125.31847642255042,48.85612695707715],[-125.3175535352724,48.85591045346896],[-125.31750184144327,48.85478815121636],[-125.31959713746957,48.85500605378888],[-125.31847642255042,48.85612695707715]]],[[[-125.51093193585422,48.90934106363084],[-125.50929764138819,48.90860335192079],[-125.51254665007158,48.90805504739599],[-125.51159063903664,48.908345555972254],[-125.51093193585422,48.90934106363084]]],[[[-125.3293130246711,48.91507925639424],[-125.32867505293504,48.91542537512996],[-125.32747044866166,48.915072057529365],[-125.33076523724277,48.91459217492217],[-125.3293130246711,48.91507925639424]]],[[[-125.29062475882672,48.91618866658054],[-125.28874075440874,48.91619016168991],[-125.28970143026208,48.91570306051285],[-125.28809023944042,48.91506925759565],[-125.29053745136694,48.91518175996645],[-125.29062475882672,48.91618866658054]]],[[[-125.33895844155299,49.0340633552244],[-125.33986775664538,49.03390955551295],[-125.34152124773857,49.0356314535754],[-125.33992695232922,49.03606866012691],[-125.33895844155299,49.0340633552244]]],[[[-125.37556862456728,48.98397825714828],[-125.37503273581811,48.9841861719518],[-125.37413022393982,48.98389986273719],[-125.37682723372386,48.983402854083955],[-125.37556862456728,48.98397825714828]]],[[[-125.27877572317,48.96443805733499],[-125.28096254754357,48.96445796752901],[-125.28227222984168,48.96530397342827],[-125.28004865341367,48.965385158703974],[-125.27877572317,48.96443805733499]]],[[[-125.38548894689762,48.89309376031438],[-125.38442591857243,48.89312505997034],[-125.38246124080196,48.89168088006409],[-125.38408285089321,48.8913419606621],[-125.38548894689762,48.89309376031438]]],[[[-126.04962914136945,49.328182572821454],[-126.05119904956656,49.327484670166285],[-126.0523444347773,49.329052764229274],[-126.0496338548089,49.32856856379359],[-126.04962914136945,49.328182572821454]]],[[[-125.18350832390192,48.98089696054213],[-125.18481503621281,48.980147073975814],[-125.18583283743176,48.98064127109217],[-125.18455504158335,48.981726579148656],[-125.18350832390192,48.98089696054213]]],[[[-126.00814123490636,49.29133046536933],[-126.00687613527717,49.29068885620423],[-126.0090425329549,49.28992686571879],[-126.0096072484255,49.290814157407354],[-126.00814123490636,49.29133046536933]]],[[[-126.12457632400303,49.24461136580036],[-126.12372832967806,49.24455436828719],[-126.12197524999235,49.243503360372095],[-126.1258519401489,49.24417556646007],[-126.12457632400303,49.24461136580036]]],[[[-125.24508073447993,48.92546025512956],[-125.24256375413738,48.92628206691914],[-125.24171884046245,48.92603857573528],[-125.24648133700111,48.924739656485976],[-125.24508073447993,48.92546025512956]]],[[[-125.32926244787483,48.87818506802168],[-125.32793704319432,48.87811247603601],[-125.32713684485653,48.87734627081513],[-125.32868993402695,48.876981674225675],[-125.32926244787483,48.87818506802168]]],[[[-125.86274565061485,49.27154887760004],[-125.86356384100255,49.27070005725569],[-125.8653694621796,49.27175256791421],[-125.86411533449466,49.27263835886097],[-125.86274565061485,49.27154887760004]]],[[[-125.92506385897892,49.2248836696141],[-125.92679744069648,49.22475077775007],[-125.92740694043947,49.22527485629346],[-125.92567916506034,49.22628176220669],[-125.92506385897892,49.2248836696141]]],[[[-125.71533736069696,49.1514851693623],[-125.71398533516667,49.15207477273257],[-125.71336253766552,49.15200786802391],[-125.71456492322454,49.150395659109066],[-125.71533736069696,49.1514851693623]]],[[[-125.6794085519877,49.1892110560892],[-125.6811826417904,49.18926087375624],[-125.68103405192478,49.190334762123086],[-125.67928404362229,49.19071646174121],[-125.6794085519877,49.1892110560892]]],[[[-125.54903134033027,48.926075579160944],[-125.55138254268104,48.92588047807033],[-125.55144982874816,48.92716506148228],[-125.55013004794213,48.92753675095594],[-125.54903134033027,48.926075579160944]]],[[[-125.23135844353604,48.91902425827092],[-125.23263213492277,48.91909836883277],[-125.23392803082886,48.91999985654958],[-125.23171202688314,48.92023206372979],[-125.23135844353604,48.91902425827092]]],[[[-125.92542474866336,49.12226557714622],[-125.92404663257892,49.12224475697025],[-125.92318584374343,49.12182605528935],[-125.92663176434415,49.121693561776844],[-125.92542474866336,49.12226557714622]]],[[[-125.82164303640005,49.12120507474879],[-125.82251463626618,49.12109396427479],[-125.82412754897506,49.121504165256006],[-125.82127394266666,49.122411358105765],[-125.82164303640005,49.12120507474879]]],[[[-125.28512445461948,48.95864436863017],[-125.28381084708018,48.95801346214204],[-125.28815143780191,48.95884517284617],[-125.28745336068704,48.95907586351012],[-125.28512445461948,48.95864436863017]]],[[[-125.9877012627141,49.30316486291333],[-125.98736553608416,49.301940061984496],[-125.99001714037743,49.30211526197979],[-125.98909463386671,49.30301105693502],[-125.9877012627141,49.30316486291333]]],[[[-125.28195524259061,48.95207734987995],[-125.28343444497979,48.95156177160009],[-125.28610764125669,48.953568456141035],[-125.28332754850562,48.95279655306493],[-125.28195524259061,48.95207734987995]]],[[[-125.45603773720737,48.893529579362315],[-125.4543589196833,48.89350106060329],[-125.45555473362141,48.892593865240535],[-125.45374083006759,48.891220857432636],[-125.45676032542542,48.89297406059309],[-125.45603773720737,48.893529579362315]]],[[[-125.32267183595076,48.940206558763684],[-125.32307586260715,48.93922666776569],[-125.32509883525836,48.93922247528951],[-125.32474544709352,48.940452948107556],[-125.32267183595076,48.940206558763684]]],[[[-126.03367495536139,49.28513726163417],[-126.03531866466419,49.28548476752691],[-126.03480255363391,49.28674096437208],[-126.03296013856537,49.28650446084959],[-126.03367495536139,49.28513726163417]]],[[[-125.80909225122133,49.05870367673278],[-125.8076646451794,49.05814396647537],[-125.8097470542876,49.05694186576322],[-125.81044092940338,49.05759987233329],[-125.80909225122133,49.05870367673278]]],[[[-126.06741604857369,49.22640286173204],[-126.06577654811616,49.22673045093764],[-126.06440005023161,49.226317353760265],[-126.06916295331185,49.22615076234238],[-126.06741604857369,49.22640286173204]]],[[[-125.28327643380985,48.950205961360375],[-125.28501714174128,48.949452566631955],[-125.28680116060869,48.95020876420281],[-125.28472505111368,48.95079836421287],[-125.28327643380985,48.950205961360375]]],[[[-126.04268242701121,49.20807725764606],[-126.04125585374543,49.2071931603659],[-126.04315874187279,49.206124956303846],[-126.04385884116563,49.207520678602904],[-126.04268242701121,49.20807725764606]]],[[[-125.77691904300455,49.18133655852937],[-125.77869744272286,49.18198745894545],[-125.7786645245215,49.18334616159069],[-125.77695843515987,49.1832621727044],[-125.77691904300455,49.18133655852937]]],[[[-126.07168895191755,49.21175625907278],[-126.07237995260326,49.21054995548919],[-126.07462654236976,49.210850476440626],[-126.07317394847418,49.21221627866554],[-126.07168895191755,49.21175625907278]]],[[[-125.3327302367698,48.876748076325406],[-125.33467414469924,48.875439262280736],[-125.33540394529933,48.875612962285565],[-125.33419273999992,48.877401764420966],[-125.3327302367698,48.876748076325406]]],[[[-125.67153222958424,48.99892105505869],[-125.67145655456699,48.99751955759479],[-125.67318133179668,48.9972817576324],[-125.67328876095253,48.99957326971589],[-125.67153222958424,48.99892105505869]]],[[[-125.28013593249224,48.9259331776683],[-125.2789821572257,48.92610836537759],[-125.27730302590712,48.92551155587933],[-125.28003374776678,48.92462146837633],[-125.28013593249224,48.9259331776683]]],[[[-125.31401823449747,49.0170227686299],[-125.31218302574611,49.017276262012416],[-125.31145023478791,49.01710247026561],[-125.31573565267271,49.016304872935905],[-125.31401823449747,49.0170227686299]]],[[[-125.27478945573188,48.96152126058175],[-125.27592453468573,48.96155256824477],[-125.27900845517713,48.96383985367873],[-125.27703865373805,48.963815654403554],[-125.27478945573188,48.96152126058175]]],[[[-125.78759656376094,49.19207376919457],[-125.78629574166206,49.190423057172815],[-125.78626955107211,49.18995596003463],[-125.7886750578816,49.19028486691782],[-125.78759656376094,49.19207376919457]]],[[[-125.88222445561946,49.166204354390075],[-125.88348352549019,49.16639806760946],[-125.88424664750542,49.16795326032903],[-125.88173454965302,49.167709772889644],[-125.88222445561946,49.166204354390075]]],[[[-125.77764306632113,49.10431536639359],[-125.78009136966807,49.104957667401116],[-125.78029403107206,49.106366262226935],[-125.77809535343442,49.10577087445647],[-125.77764306632113,49.10431536639359]]],[[[-125.84782283388469,49.11685557203833],[-125.84664566406533,49.115454066163785],[-125.84855185594381,49.11474056019679],[-125.84936385330573,49.11625876689344],[-125.84782283388469,49.11685557203833]]],[[[-125.84018196183087,49.07331745872163],[-125.8405840259412,49.07123956045433],[-125.84343515505398,49.071078570197365],[-125.84124322367825,49.073220557914055],[-125.84018196183087,49.07331745872163]]],[[[-125.96244452868052,49.22749376592433],[-125.96373155133747,49.226056755496],[-125.96563974128128,49.22604395304416],[-125.96386246663913,49.22848366553204],[-125.96211983270094,49.22850926083182],[-125.96244452868052,49.22749376592433]]],[[[-126.05032845528531,49.17843696053265],[-126.05251582658369,49.17765506138913],[-126.05306466050381,49.1790364647771],[-126.05082112855403,49.179375463497415],[-126.05032845528531,49.17843696053265]]],[[[-126.10280253869348,49.24706245918047],[-126.10157733650881,49.2473472786241],[-126.10066934546441,49.2459572565714],[-126.10432555744984,49.24568807247447],[-126.10280253869348,49.24706245918047]]],[[[-125.91523056611013,49.245240868213706],[-125.9145706306179,49.24316155918619],[-125.9150244387983,49.242447961766764],[-125.91710675236007,49.24327835433468],[-125.91523056611013,49.245240868213706]]],[[[-125.26985552552756,48.96026936586454],[-125.27223194607663,48.95997885189595],[-125.27398135087081,48.96148285920314],[-125.27260104317557,48.96178045088231],[-125.26985552552756,48.96026936586454]]],[[[-125.81203625991505,49.12245696109927],[-125.81111395500801,49.12189437089484],[-125.81046494290558,49.12083047356783],[-125.81353025428838,49.120773551258324],[-125.81203625991505,49.12245696109927]]],[[[-125.87088394149247,49.2599016698346],[-125.8730539343503,49.259190966115824],[-125.87385724202875,49.26094416838909],[-125.87093972729318,49.26086306304715],[-125.87088394149247,49.2599016698346]]],[[[-125.18562083390279,49.003261962451035],[-125.18375895428849,49.003207864256616],[-125.18848223702662,49.00180506092047],[-125.18654203091987,49.00307396984262],[-125.18562083390279,49.003261962451035]]],[[[-125.84039802606954,49.12627805894546],[-125.83962055593237,49.12490225234346],[-125.84150344745395,49.12357926817864],[-125.84202434771225,49.12549195883314],[-125.84039802606954,49.12627805894546]]],[[[-125.6336501619895,49.189275168816664],[-125.63262193169207,49.18930786446554],[-125.63452924863385,49.18670876625997],[-125.6367453486823,49.186846872565994],[-125.6336501619895,49.189275168816664]]],[[[-125.9092526339245,49.41865405581403],[-125.91170634957979,49.41747624972908],[-125.91207875011897,49.42075047773146],[-125.91094235032799,49.41973497120161],[-125.9092526339245,49.41865405581403]]],[[[-125.67110605244487,49.142575371350645],[-125.66977545969561,49.14107706832903],[-125.67333544634309,49.1409673555442],[-125.6733371250806,49.141498667343335],[-125.67110605244487,49.142575371350645]]],[[[-125.4681629439965,48.9061893535432],[-125.46743744936846,48.90556546323899],[-125.47287646145374,48.90735716895226],[-125.47124493993286,48.90776027285425],[-125.4681629439965,48.9061893535432]]],[[[-125.29483003998635,48.963858368862226],[-125.29474424058051,48.961971357169006],[-125.29818215144502,48.962451266176224],[-125.29604972694419,48.964194564446686],[-125.29483003998635,48.963858368862226]]],[[[-126.56790163913108,49.527325475007096],[-126.56642362555307,49.52757325990955],[-126.56525615484126,49.52690955872564],[-126.56725173679125,49.52564637493941],[-126.56977546968703,49.526599169144106],[-126.56790163913108,49.527325475007096]]],[[[-125.89203273644115,49.18924376092694],[-125.88954855153973,49.189746557456665],[-125.88888883564874,49.18899745435835],[-125.89083773964133,49.18783386780421],[-125.89203273644115,49.18924376092694]]],[[[-125.258690529655,48.95266986635992],[-125.25572982599998,48.95305145574519],[-125.254880539748,48.95209726485338],[-125.25659976143889,48.95143356672896],[-125.258690529655,48.95266986635992]]],[[[-125.22548592315134,49.032503867360184],[-125.22216264317284,49.03347656971586],[-125.22062342444616,49.03300235766488],[-125.22283153562341,49.031888663299355],[-125.22548592315134,49.032503867360184]]],[[[-125.35352054572253,48.90121886656379],[-125.35188605379767,48.90130566259982],[-125.35407413069936,48.89880475719275],[-125.35577664765384,48.89929185501253],[-125.35352054572253,48.90121886656379]]],[[[-125.29426425139354,48.90414126775916],[-125.29272383227966,48.90446886034708],[-125.29060652952286,48.90293645501765],[-125.29573342229679,48.9034733612933],[-125.29426425139354,48.90414126775916]]],[[[-125.48482114365817,48.8829248623969],[-125.48380034436684,48.88077005281423],[-125.48660374638526,48.88064616726829],[-125.48690613019068,48.881782673344006],[-125.48482114365817,48.8829248623969]]],[[[-125.7599990556753,49.17399626811708],[-125.75886502178467,49.17281836183704],[-125.76014163313349,49.17110507290258],[-125.76158445557355,49.172896770244584],[-125.7599990556753,49.17399626811708]]],[[[-125.9607241329888,49.210695256828245],[-125.95931705864741,49.210336360740875],[-125.96160662252915,49.20890926151027],[-125.96401444982818,49.20989196388027],[-125.9607241329888,49.210695256828245]]],[[[-125.61728033828587,49.21253537184961],[-125.61575562718035,49.21070667132733],[-125.61789415939964,49.209597164262796],[-125.6182124247181,49.211992661121165],[-125.61728033828587,49.21253537184961]]],[[[-125.33484495600452,48.8618508550137],[-125.33363334175445,48.86217266472754],[-125.33136602886829,48.86064306098987],[-125.33376905118536,48.85980287461265],[-125.33585363768461,48.861236966286626],[-125.33484495600452,48.8618508550137]]],[[[-125.15309073317282,48.99822457275471],[-125.15180345241673,48.99846385123025],[-125.14956601972658,48.99635606059102],[-125.15402453749836,48.9967490673557],[-125.15309073317282,48.99822457275471]]],[[[-125.88434194929603,49.17809934982882],[-125.88313414619422,49.17786864944345],[-125.88473675041537,49.17591176057603],[-125.88666145526904,49.17598157330505],[-125.88713614455365,49.17706685163085],[-125.88434194929603,49.17809934982882]]],[[[-125.28387675484095,48.957086263397954],[-125.2825165345604,48.95747228007532],[-125.28213152887271,48.955968268591434],[-125.2862833248098,48.95679575748487],[-125.28387675484095,48.957086263397954]]],[[[-126.09470104286444,49.21980595957208],[-126.09306274037831,49.219862875483486],[-126.09227306001343,49.2188260605966],[-126.0942591560646,49.21772517085622],[-126.09716215704398,49.21953385793966],[-126.09470104286444,49.21980595957208]]],[[[-125.25899323125564,48.9285266575313],[-125.25696343517474,48.92919596856456],[-125.25533712012965,48.92859786123196],[-125.25619044880747,48.926915868331456],[-125.26008955879162,48.92800966785839],[-125.25899323125564,48.9285266575313]]],[[[-125.35505414287225,48.908304249896446],[-125.35245173393218,48.90814186207198],[-125.36087783623861,48.90763637638717],[-125.35747914505683,48.90850647830006],[-125.35505414287225,48.908304249896446]]],[[[-125.36165922633187,48.87288036829882],[-125.36416854063596,48.872093769893475],[-125.36518663992008,48.87315336923777],[-125.36366475150268,48.87473137504002],[-125.36165922633187,48.87288036829882]]],[[[-125.64330492853004,48.98050745809249],[-125.64146504792174,48.97905617307618],[-125.64532514256531,48.977861256406435],[-125.6453175490928,48.97877847198756],[-125.64330492853004,48.98050745809249]]],[[[-125.31004354050808,48.94119786961419],[-125.30854843735133,48.94048146998135],[-125.3073080449375,48.939057277083585],[-125.31227232548173,48.94006555715669],[-125.31004354050808,48.94119786961419]]],[[[-125.35144145218584,48.87787885431541],[-125.34969562864147,48.876439059024165],[-125.35329354629475,48.87578957681528],[-125.3534448225752,48.8766682574505],[-125.35144145218584,48.87787885431541]]],[[[-125.86211304692007,49.14389695086742],[-125.85909873772114,49.14394537130195],[-125.85858643714879,49.143130777453116],[-125.86245813391967,49.14202696161951],[-125.86333813336951,49.1427875628901],[-125.86211304692007,49.14389695086742]]],[[[-125.89235805972254,49.25477735675552],[-125.89016265565083,49.253699274674595],[-125.89559435961375,49.25300566281218],[-125.8936469496697,49.25428607146102],[-125.8951425345785,49.25518467378735],[-125.89235805972254,49.25477735675552]]],[[[-125.86699693088659,49.18643956754386],[-125.86647113304095,49.18399707692078],[-125.87022145131301,49.18451547376686],[-125.86898715238726,49.18667874922729],[-125.86699693088659,49.18643956754386]]],[[[-125.97705376349195,49.307505863726846],[-125.97680005385938,49.30467886129246],[-125.98074853073558,49.3058181585256],[-125.98045584975301,49.3068877719561],[-125.97705376349195,49.307505863726846]]],[[[-126.1016637558903,49.222175754496526],[-126.09785882802227,49.221000867827726],[-126.09729865405878,49.21999676596906],[-126.1001472305175,49.21920486582759],[-126.10079256717903,49.22017476785864],[-126.09947975427065,49.22053796862625],[-126.102070246579,49.22083707969167],[-126.1016637558903,49.222175754496526]]],[[[-125.95701294266694,49.33152947864445],[-125.95910806713849,49.334310965829175],[-125.95803895881778,49.336226468647254],[-125.95639742460784,49.33502726522604],[-125.95701294266694,49.33152947864445]]],[[[-126.0777638366403,49.338892579484515],[-126.08078064387178,49.339571956631076],[-126.08139223230543,49.343195170021986],[-126.07837556734313,49.34065436700868],[-126.0777638366403,49.338892579484515]]],[[[-125.37387744563942,48.89654595696089],[-125.37187396013795,48.894590568685935],[-125.37646445248348,48.894423962987986],[-125.3760719405424,48.895933554420296],[-125.37387744563942,48.89654595696089]]],[[[-125.31588513017657,49.026305762511],[-125.3137518403407,49.02632277755895],[-125.31221585126055,49.024796050471664],[-125.31477796062283,49.023413168312324],[-125.31673233237073,49.02571327239536],[-125.31588513017657,49.026305762511]]],[[[-125.38771394175754,48.96811677522974],[-125.38499715231572,48.96727364814374],[-125.388194141866,48.96443667847493],[-125.38922305084233,48.96650315073671],[-125.38771394175754,48.96811677522974]]],[[[-126.04766162682029,49.331622062073976],[-126.04954985465469,49.33136426181233],[-126.05365466015175,49.33383525922634],[-126.04871662809569,49.33308895935201],[-126.04766162682029,49.331622062073976]]],[[[-126.09102385445225,49.17319016349012],[-126.09007603513324,49.172292872200906],[-126.09057303465674,49.1689317705029],[-126.09279886450551,49.17007676316034],[-126.09280793716496,49.172496575624244],[-126.09102385445225,49.17319016349012]]],[[[-126.57297822188796,49.52526326374069],[-126.5697704439061,49.523360461051226],[-126.56904954328937,49.52145635970117],[-126.57493366993744,49.52404557072277],[-126.57297822188796,49.52526326374069]]],[[[-125.28718672849314,48.91293576065412],[-125.28495483108432,48.91216246761151],[-125.2910616238439,48.91082656249196],[-125.28898382689302,48.91311666699646],[-125.28718672849314,48.91293576065412]]],[[[-125.27367444688763,48.95625315057397],[-125.27130643015795,48.954329069229274],[-125.27791145137766,48.95535015479524],[-125.27516465210478,48.955656365516006],[-125.2769358237323,48.95735836287621],[-125.27367444688763,48.95625315057397]]],[[[-126.04355963688678,49.323330267141706],[-126.0430206449465,49.321319274611305],[-126.04804593094622,49.32127656759662],[-126.04763516732815,49.32261676733536],[-126.04355963688678,49.323330267141706]]],[[[-126.2372582480847,49.46013416293345],[-126.23984525523468,49.45926966394437],[-126.23977126129859,49.46376585954183],[-126.23884516285152,49.46305095919261],[-126.2372582480847,49.46013416293345]]],[[[-125.32880313914038,48.85151817084755],[-125.32751223876743,48.84985325430467],[-125.33317114370105,48.851925571614316],[-125.3305406479502,48.852851248051984],[-125.32880313914038,48.85151817084755]]],[[[-125.91265613796631,49.26292246220071],[-125.91346715014055,49.26082317511364],[-125.91460193923609,49.262090662258245],[-125.91654852205522,49.26083596100098],[-125.91845955454184,49.26342375613277],[-125.91265613796631,49.26292246220071]]],[[[-125.26611324287684,48.92745984908265],[-125.26344163829492,48.92785436767297],[-125.26224316335149,48.92671647033973],[-125.2645481310491,48.9251241634457],[-125.2685378405223,48.92641307074729],[-125.26611324287684,48.92745984908265]]],[[[-125.26701285359853,48.934935570781896],[-125.26591095827594,48.93352706366762],[-125.26967314431444,48.93279635969907],[-125.26930663245831,48.93436015997691],[-125.27224564325806,48.93558926212115],[-125.26701285359853,48.934935570781896]]],[[[-125.97574602069528,49.29814736016239],[-125.97366431994341,49.296472562043995],[-125.9742494596097,49.29547695983028],[-125.97850495954164,49.2975990666985],[-125.97574602069528,49.29814736016239]]],[[[-125.71768305761286,49.14746177149537],[-125.71732475188757,49.144204668985864],[-125.71968374771343,49.144436761153216],[-125.72104795822953,49.14404505630564],[-125.72055353973144,49.14629677789755],[-125.71768305761286,49.14746177149537]]],[[[-125.92448595932144,49.11226526498111],[-125.92299723677553,49.11259006550366],[-125.91860223474244,49.11077697728284],[-125.92162696380299,49.1111672638536],[-125.92338655328548,49.109414064797996],[-125.92552914641367,49.112040261985214],[-125.92448595932144,49.11226526498111]]],[[[-125.30528344061864,49.02011325826172],[-125.30045675381733,49.02046216447577],[-125.29876743294184,49.01911915996044],[-125.30574202306869,49.01879016051467],[-125.30528344061864,49.02011325826172]]],[[[-125.3225205319704,48.91871666817939],[-125.32164442745045,48.9192649689102],[-125.31758564953505,48.918266659262926],[-125.3197810455074,48.91645075524643],[-125.32458963066297,48.9180002568533],[-125.3225205319704,48.91871666817939]]],[[[-125.7908988597366,49.062903957811784],[-125.78902204769403,49.06287086434727],[-125.78340295249474,49.05957806433947],[-125.78503103762539,49.05881896371972],[-125.78983653982598,49.06222147712587],[-125.79160404241387,49.061782771429876],[-125.7908988597366,49.062903957811784]]],[[[-125.51428344745257,48.907342966828914],[-125.51146034322267,48.90546155065873],[-125.51616253610813,48.90400036701787],[-125.51627513674427,48.905391775208926],[-125.514622239168,48.90537467296398],[-125.51559804461647,48.90794397292703],[-125.51428344745257,48.907342966828914]]],[[[-125.28447433358322,48.897155574729],[-125.28044364276546,48.89674965477979],[-125.28008724678433,48.89459767283522],[-125.28732605848204,48.89567866572454],[-125.28447433358322,48.897155574729]]],[[[-125.36873032484911,48.922193165807286],[-125.3651585278069,48.92229426056493],[-125.367659334658,48.91973216717042],[-125.37213395939219,48.920514064969296],[-125.36873032484911,48.922193165807286]]],[[[-125.32558514479489,48.94353066997979],[-125.32306454299396,48.9430692700794],[-125.32176726637202,48.94191706962713],[-125.32777814811152,48.94166066444923],[-125.32744684905062,48.943898157241996],[-125.32558514479489,48.94353066997979]]],[[[-125.20222215041419,48.951180070961065],[-125.19883804780842,48.950020771184434],[-125.2048228274816,48.947918657742235],[-125.20419273759369,48.950368274983454],[-125.20222215041419,48.951180070961065]]],[[[-125.78338414712077,49.19530665704759],[-125.78741244311222,49.195397870212425],[-125.78835134281546,49.199901156502456],[-125.78602024209167,49.198968268695985],[-125.78338414712077,49.19530665704759]]],[[[-125.36038964544316,48.99136136358135],[-125.3566111547206,48.99240957133071],[-125.35600423491402,48.992007860500784],[-125.35821263850171,48.98812125609903],[-125.36176313945228,48.9886154558766],[-125.36038964544316,48.99136136358135]]],[[[-125.37308875837098,48.90728595994379],[-125.36994774303965,48.905794873810436],[-125.37181182843602,48.903939054775066],[-125.37672065943254,48.90526785756443],[-125.37308875837098,48.90728595994379]]],[[[-126.06925844159211,49.2869189669413],[-126.06743825894182,49.28774971067824],[-126.06730198629276,49.27991241776184],[-126.07034974005501,49.285003357232526],[-126.06925844159211,49.2869189669413]]],[[[-125.31653634535785,48.92242677030803],[-125.31348285312778,48.92074335244897],[-125.31386952955039,48.917316673406106],[-125.31850854355422,48.92139707659867],[-125.31653634535785,48.92242677030803]]],[[[-125.91070033462641,49.27312976618252],[-125.90627235498499,49.27193625340376],[-125.90609425336088,49.269862565942745],[-125.91040762556919,49.27073426609357],[-125.91426254401284,49.27360687479159],[-125.91070033462641,49.27312976618252]]],[[[-125.6224194493708,49.20766737386886],[-125.6203678422912,49.207831179122536],[-125.61846913339816,49.20566206490121],[-125.62299164218983,49.20343607074313],[-125.62386064686387,49.20608797429927],[-125.6224194493708,49.20766737386886]]],[[[-125.32155254188173,48.867759872239176],[-125.32182565661857,48.864867253386464],[-125.32755984184156,48.86499406443082],[-125.32383274454844,48.86871266777159],[-125.32155254188173,48.867759872239176]]],[[[-125.29345354480704,48.909690076065544],[-125.28965244726905,48.908371175726174],[-125.28944415460079,48.906170766204184],[-125.2965638450336,48.90728025405514],[-125.29345354480704,48.909690076065544]]],[[[-126.18384835697496,49.38394745794171],[-126.18015274851523,49.38398307702021],[-126.18249563004595,49.37989275772838],[-126.18543174504724,49.381071969741534],[-126.18496313516883,49.38400157009556],[-126.18384835697496,49.38394745794171]]],[[[-125.36202824120382,48.86805326142252],[-125.35420053315684,48.87012975405496],[-125.35309206305135,48.869721068065594],[-125.35711273230503,48.866760056485774],[-125.36431722329986,48.86717026212136],[-125.36202824120382,48.86805326142252]]],[[[-125.31547255974137,48.86487725907065],[-125.31182234295913,48.863484351529245],[-125.3119161377064,48.861368078465354],[-125.31372543021658,48.861017664252984],[-125.31468475948755,48.860205859903225],[-125.31843114503194,48.863118360114704],[-125.31547255974137,48.86487725907065]]],[[[-125.88450012335599,49.188604358965954],[-125.8815666535655,49.188676969983895],[-125.88064963115963,49.18589267458802],[-125.88690093091853,49.184566672900786],[-125.88601845268843,49.185677566572004],[-125.88739303725791,49.18878377904219],[-125.88450012335599,49.188604358965954]]],[[[-126.23394583373393,49.36988196912568],[-126.23226794952838,49.36663046898018],[-126.23284686636693,49.36294606708102],[-126.23553304300258,49.363218067286894],[-126.23474836640428,49.36836237121203],[-126.23705773382585,49.36869707229679],[-126.23394583373393,49.36988196912568]]],[[[-125.23640924040326,48.92481937675116],[-125.23128673322609,48.923235670938084],[-125.22608633922111,48.92295795936493],[-125.22679724547756,48.921442561004994],[-125.22927806285266,48.92137566944464],[-125.23393762778912,48.92388657158239],[-125.24081245017123,48.92408595008666],[-125.23812504430758,48.92626066855331],[-125.23640924040326,48.92481937675116]]],[[[-125.9417593303409,49.12878465660584],[-125.93582776428345,49.13023166861722],[-125.93752444386067,49.12715687036236],[-125.93475195315007,49.12477984938754],[-125.94013465768596,49.12519146979316],[-125.9426457356676,49.12775496698833],[-125.9417593303409,49.12878465660584]]],[[[-125.279288634428,48.962214872217615],[-125.27515115342246,48.95956155658859],[-125.27453732692501,48.96107545854328],[-125.27039955694407,48.95632575905312],[-125.28078323273293,48.96082627355168],[-125.27897223743182,48.96098005841564],[-125.279288634428,48.962214872217615]]],[[[-126.23779693618351,49.45813166482977],[-126.23620613588696,49.45650097307676],[-126.23677435185151,49.45349165836525],[-126.23554245949765,49.451600270802366],[-126.23584873921821,49.44862935555376],[-126.23720252886825,49.44983996389875],[-126.23592983938745,49.4508710602076],[-126.23812676188531,49.45032137214765],[-126.23950972934256,49.453467363106704],[-126.23962652997207,49.45801347038402],[-126.23779693618351,49.45813166482977]]],[[[-125.75848763758339,49.14283166497168],[-125.75437992454694,49.14271345946505],[-125.75277543643558,49.14121376022392],[-125.75865582798471,49.13847357121123],[-125.76069483535392,49.1401256552102],[-125.75848763758339,49.14283166497168]]],[[[-125.90357553517636,49.1728312674055],[-125.90272856659462,49.173121765307464],[-125.89462745642294,49.16999705616542],[-125.89827694112103,49.16857286207634],[-125.90667984153717,49.170989767730255],[-125.90357553517636,49.1728312674055]]],[[[-125.93973002663937,49.21535246789768],[-125.94264275373791,49.21561166559565],[-125.9469664375542,49.21879477004817],[-125.94608525501287,49.221308472375526],[-125.94186672279287,49.22058926248379],[-125.93973002663937,49.21535246789768]]],[[[-126.27960885307185,49.448533961417944],[-126.27972914642952,49.44613557813419],[-126.28415663865044,49.44515006738575],[-126.28405785577813,49.4476936557019],[-126.2874808450804,49.44990687239188],[-126.27977522228093,49.45001366055634],[-126.27960885307185,49.448533961417944]]],[[[-125.37732703752482,48.89220077431848],[-125.37268924130015,48.88845507187224],[-125.3768634448666,48.887019460046695],[-125.38059371875667,48.8877158595386],[-125.37881696421549,48.887923863957305],[-125.37943255724404,48.88909876138985],[-125.38379624114796,48.889367955375285],[-125.37732703752482,48.89220077431848]]],[[[-125.32070185983801,49.03281295855668],[-125.31742014137608,49.033130552849244],[-125.31773223702056,49.030749266812016],[-125.3138264494734,49.03032486912643],[-125.31355225390675,49.02913275987921],[-125.31658114251113,49.02806467113914],[-125.32385293620521,49.03086887942761],[-125.32070185983801,49.03281295855668]]],[[[-126.0683602420859,49.27701637187572],[-126.06661144387895,49.27520905233981],[-126.06783605370511,49.27335045709801],[-126.06705875603812,49.26999367058393],[-126.0724393571915,49.272001758964336],[-126.0683602420859,49.27701637187572]]],[[[-125.38342705044151,48.88561516084654],[-125.37856883540238,48.884699471569135],[-125.37931584363795,48.88320825299387],[-125.37735774618774,48.88075726041497],[-125.38172612241873,48.88051365812582],[-125.38215285052492,48.882349463306106],[-125.38644785341702,48.882863653702145],[-125.38628003870843,48.88594276364807],[-125.38342705044151,48.88561516084654]]],[[[-125.31309022523563,48.939427566096676],[-125.31085614986613,48.93840206607836],[-125.31172652234221,48.93742225800507],[-125.30944764528559,48.937755453619424],[-125.31131705089354,48.934479868770985],[-125.31373972020901,48.934575260527865],[-125.31396866041099,48.9371701582746],[-125.31756953381549,48.937970573777726],[-125.3196853424825,48.94061815462026],[-125.31309022523563,48.939427566096676]]],[[[-125.32675133914259,48.87689416937458],[-125.32007174227174,48.87613996471288],[-125.31983645798321,48.87402066612667],[-125.32205306435047,48.87447076360465],[-125.32596606128898,48.87209806847325],[-125.32953165813133,48.875147265167755],[-125.32675133914259,48.87689416937458]]],[[[-125.27457754592817,48.94274877737666],[-125.27023922634588,48.94286127072878],[-125.26455424836001,48.939752250082584],[-125.2688182230404,48.938031760907144],[-125.26752333264612,48.93687815627974],[-125.2706937666286,48.93690526920933],[-125.26944734166182,48.93896325948059],[-125.27581962894729,48.942445454893246],[-125.27457754592817,48.94274877737666]]],[[[-125.27510835448429,48.91206846288211],[-125.2686086607934,48.90990227000239],[-125.26701224102443,48.90899926679187],[-125.26759703769098,48.90775457165471],[-125.26269633463724,48.90680745615751],[-125.26229183673165,48.90541165447106],[-125.26943893022244,48.90504566361785],[-125.26832264791668,48.907488156411965],[-125.26942494088009,48.90861757666931],[-125.27102803884421,48.9084523526742],[-125.2706308374317,48.90724465514412],[-125.2724771469287,48.90791975608219],[-125.27510835448429,48.91206846288211]]],[[[-125.33271855071045,49.026758655501496],[-125.33070805703699,49.02531446322282],[-125.3308296506385,49.0235042699375],[-125.33269395192045,49.023592556231286],[-125.33112083846413,49.022400569735794],[-125.33298976990359,49.02141786852742],[-125.3389719385857,49.02416655514564],[-125.33756126532515,49.024969765360034],[-125.33853263731567,49.02731547367889],[-125.33271855071045,49.026758655501496]]],[[[-125.31972192718953,48.95286206390902],[-125.31498493362446,48.95207445940864],[-125.31778134747925,48.951101762905814],[-125.31778996707928,48.94980576548846],[-125.31270334323965,48.95059186574498],[-125.3119636662566,48.948455569378055],[-125.31635594084507,48.94716235001514],[-125.31806656391876,48.94929586366026],[-125.32284573434626,48.948650679005226],[-125.32575045408413,48.9491691504917],[-125.3207459439896,48.95082546011175],[-125.32146052913124,48.95178256895503],[-125.31972192718953,48.95286206390902]]],[[[-125.36215225093899,48.97541866578295],[-125.35843703968652,48.97491025758628],[-125.35835804958059,48.97178987366172],[-125.36321353833831,48.96984577095793],[-125.36860933670106,48.97209177365968],[-125.36215225093899,48.97541866578295]]],[[[-125.57661284553653,48.96798296773457],[-125.57423263044308,48.96686635687228],[-125.57144583700801,48.96239287455106],[-125.57500406271618,48.96169356436181],[-125.57631825300803,48.96360775735957],[-125.58016973233278,48.96355645698706],[-125.57987414148612,48.9650034503437],[-125.58221944763946,48.96516726409884],[-125.58156073402925,48.967232358219626],[-125.57661284553653,48.96798296773457]]],[[[-125.40871314533968,48.955543876660386],[-125.40536824150674,48.952735358265656],[-125.40679464364547,48.94973595345161],[-125.41376105414871,48.94917625786883],[-125.41308934628756,48.95338336549916],[-125.40871314533968,48.955543876660386]]],[[[-125.95698905380502,49.22539306486592],[-125.9555987608376,49.223071672256246],[-125.95465552345563,49.21760836335888],[-125.96042693610883,49.2185939699845],[-125.96248374622685,49.22129425614582],[-125.95915355066187,49.22598557397423],[-125.95698905380502,49.22539306486592]]],[[[-125.34074604698125,48.877258554189936],[-125.33632843233684,48.87493787165718],[-125.3446585339082,48.8725195550194],[-125.34997674805511,48.8739594705406],[-125.3476851382325,48.87718107340906],[-125.34074604698125,48.877258554189936]]],[[[-125.90476715771615,49.24352616481333],[-125.90366575768392,49.239964171404175],[-125.90695323160341,49.2384060640793],[-125.90859215381818,49.24104515266188],[-125.9114678430534,49.2406406723164],[-125.91075582889337,49.24159346187656],[-125.91269014373894,49.24364146367166],[-125.91059153826944,49.24769767628548],[-125.90476715771615,49.24352616481333]]],[[[-126.2707240460543,49.35754117128417],[-126.26901964345282,49.356474464245885],[-126.2702651541862,49.35413875334706],[-126.26746733340985,49.3529296652738],[-126.26809593632485,49.349544261106445],[-126.27175014099085,49.34896466243619],[-126.26920312834956,49.353177469385834],[-126.27083743297803,49.35278436251881],[-126.2703943508944,49.353816875413],[-126.27452314344124,49.350378864144346],[-126.27879876774495,49.35149686714999],[-126.27682836797443,49.354509066907006],[-126.2707240460543,49.35754117128417]]],[[[-125.34871993444617,48.8617126627315],[-125.34349464076267,48.861638675552314],[-125.34189583006106,48.86041236263242],[-125.34384123531271,48.85941966553718],[-125.34234413850821,48.858622159685396],[-125.34337923629289,48.858015463189616],[-125.33888353529272,48.85632637058527],[-125.33762955355763,48.853993463216675],[-125.34781823212249,48.85640467367681],[-125.35095164210772,48.85897675656634],[-125.34871993444617,48.8617126627315]]],[[[-125.36190522014152,48.863125459487286],[-125.35665492539398,48.865734663759255],[-125.35071573780003,48.863544266657556],[-125.35312264825632,48.861956272797194],[-125.35581526471746,48.86237776354579],[-125.35648442885804,48.86066306373825],[-125.35940823271079,48.86224965411261],[-125.36032885173434,48.86004496392457],[-125.35947922077125,48.857948462474496],[-125.36119323656838,48.85758957097982],[-125.36505864586869,48.86063165200058],[-125.36338752945683,48.861889267194556],[-125.36835934704727,48.863820560620844],[-125.36190522014152,48.863125459487286]]],[[[-125.34740362896822,48.917178561397265],[-125.33938933029367,48.917466162285656],[-125.33188305400536,48.91484846935553],[-125.34158523882756,48.91245585902211],[-125.34971212555003,48.91632966939105],[-125.34740362896822,48.917178561397265]]],[[[-125.97894346162886,49.30441677108347],[-125.97690952548001,49.302390163910694],[-125.97174314501359,49.30365767422321],[-125.9726617521016,49.301294864956716],[-125.97067193808836,49.29817876864314],[-125.98483312923156,49.298964862574856],[-125.98459185094215,49.30226477745779],[-125.98141383716262,49.30338998201393],[-125.98128003551305,49.30482407505422],[-125.97894346162886,49.30441677108347]]],[[[-125.28991955717214,48.92939965378791],[-125.28111622884401,48.926794755575344],[-125.2817390199086,48.92518965950731],[-125.27872725648031,48.92320717390512],[-125.28025854317009,48.92203506135671],[-125.28569963371403,48.92312315847287],[-125.29131753669353,48.92206638062194],[-125.28794002785554,48.92434796031241],[-125.28881675145392,48.92710097002373],[-125.29278653282132,48.92731037289021],[-125.29096534238859,48.92900086037514],[-125.29199264509242,48.92934974945096],[-125.28991955717214,48.92939965378791]]],[[[-125.94062153220821,49.15935106547825],[-125.93229776219891,49.1596344687564],[-125.93123965847514,49.16191896950305],[-125.92504952959405,49.16186057131091],[-125.92855246821806,49.159405165484635],[-125.92682103916196,49.15701967461576],[-125.92863576230593,49.15289796252278],[-125.93674845400051,49.155319157390345],[-125.94062153220821,49.15935106547825]]],[[[-125.88285204903681,49.20296896247667],[-125.87286742246893,49.20201186314642],[-125.87245233418427,49.198395772789915],[-125.8702274573839,49.19577095970042],[-125.87224615853282,49.19292257407488],[-125.87867595524246,49.19302225189775],[-125.87654674007891,49.19700716908833],[-125.88052543683023,49.19745725332148],[-125.88255474456284,49.19930447986841],[-125.87997123419123,49.20089956583247],[-125.88314504724775,49.20045947498547],[-125.8838866597305,49.20284357000088],[-125.88285204903681,49.20296896247667]]],[[[-126.0956339412819,49.22614507242258],[-126.08375923961366,49.22486477616306],[-126.07743333453527,49.220305872883976],[-126.08077513028348,49.217205258784965],[-126.08683015932304,49.219804467398774],[-126.08887593756673,49.21865087606486],[-126.09257984440372,49.220616254154834],[-126.09262395168548,49.224539962817644],[-126.0956339412819,49.22614507242258]]],[[[-126.0685888628787,49.30006436111279],[-126.06577906062145,49.29918276419974],[-126.06491165167084,49.29621906464767],[-126.05933813360689,49.29416957139555],[-126.05673685939492,49.29141376458961],[-126.0573889338638,49.289128243239084],[-126.06791814692232,49.287972878174735],[-126.06700606160977,49.29337486868894],[-126.07063414439531,49.29691265604329],[-126.06904844497478,49.29950036015091],[-126.0704633380597,49.3000031631375],[-126.0685888628787,49.30006436111279]]],[[[-125.34041733491799,48.924273955932925],[-125.3347681422474,48.92550445544029],[-125.32686024755957,48.92453166956767],[-125.32582994265134,48.92324707451905],[-125.32732595484788,48.92194815515149],[-125.32142214359634,48.922121956450546],[-125.33369994284504,48.91723975047552],[-125.34383416399129,48.922567761620805],[-125.34041733491799,48.924273955932925]]],[[[-126.06362415779465,49.18772705932354],[-126.05913704802624,49.189565670375984],[-126.05490754625144,49.18541835671845],[-126.0533583606785,49.185405568564235],[-126.05147273157733,49.18201026430034],[-126.05410514777881,49.18161857202863],[-126.05340204146636,49.17889266957072],[-126.05606004008037,49.17781736025131],[-126.05618595764801,49.179611864842414],[-126.06012886029373,49.18070137237004],[-126.0638582305434,49.17893396690035],[-126.06445255400476,49.18209857429272],[-126.066533541734,49.181728252379465],[-126.06642054849142,49.18317387582606],[-126.06844313136034,49.18193046779046],[-126.06596543391203,49.18367515540726],[-126.06800833838588,49.185076559042486],[-126.06401686446189,49.18620737133892],[-126.06606636280807,49.18869836950695],[-126.06362415779465,49.18772705932354]]],[[[-125.35211844747694,48.99136845723613],[-125.3474194488787,48.99232694848021],[-125.33883813912212,48.98948707474191],[-125.33707154481819,48.98677966682943],[-125.34034014122128,48.98680387639089],[-125.34381425012751,48.984537964897356],[-125.34966953198953,48.986083171740475],[-125.34667642904186,48.98288727000906],[-125.34867956493062,48.982197968980074],[-125.34950484520203,48.984043748767704],[-125.35487303363983,48.98163117103864],[-125.35350113375453,48.98385426484978],[-125.355330343145,48.98440117591997],[-125.35376094191577,48.98588235860342],[-125.35657843948805,48.987092952053665],[-125.35427863332264,48.988148259882536],[-125.35559744487378,48.98974905588933],[-125.35211844747694,48.99136845723613]]],[[[-125.27612444941542,48.925696774261674],[-125.26629686429136,48.92217466387958],[-125.26328694665901,48.919579775006525],[-125.26301045301791,48.91741775478079],[-125.26721086587223,48.91578706684647],[-125.27576184937433,48.91622147645531],[-125.27058155896104,48.918176866611645],[-125.27509945362763,48.91818686803107],[-125.26980035057427,48.9193076724367],[-125.27182986071604,48.91981616503254],[-125.2854714339087,48.91571446246749],[-125.28935345715134,48.916725666883224],[-125.2812904559203,48.92105096244165],[-125.27483033169925,48.9197577646291],[-125.27549602980555,48.92121045579829],[-125.2728917337204,48.92189267494613],[-125.27712335245161,48.92426396940132],[-125.27612444941542,48.925696774261674]]],[[[-125.26012344382724,48.917248271661194],[-125.25555243485927,48.91788777626481],[-125.24264574693184,48.9156375608522],[-125.24464435299261,48.915446658823576],[-125.24555653820795,48.91326055738139],[-125.24433782631846,48.91167396932736],[-125.24731013076618,48.912200858008944],[-125.25228214065422,48.90890956380043],[-125.25831915196605,48.90903487395407],[-125.25750956452652,48.91135346489848],[-125.26180755622941,48.911926063715036],[-125.25896694335415,48.91279057798663],[-125.26311006833456,48.912952869381165],[-125.26006212951508,48.915000857319434],[-125.26012344382724,48.917248271661194]]],[[[-125.33404564369023,48.997492575565694],[-125.33572054849792,48.99503865680128],[-125.33229605079761,48.99369556885466],[-125.33886513979162,48.992698670381046],[-125.34050273322748,48.99496885538647],[-125.3430910310778,48.99357597326649],[-125.34631413336113,48.994400570358884],[-125.34966753994829,48.9994251641864],[-125.34750025764225,49.00333747082465],[-125.34371316900423,49.00334316753652],[-125.33804294077946,49.001685353929126],[-125.33404564369023,48.997492575565694]]],[[[-125.32734645109069,48.91329327061625],[-125.31666796540986,48.911691065157875],[-125.31898205143385,48.914244649694325],[-125.31553074682179,48.91428736013235],[-125.31237395912073,48.91272216801798],[-125.31074893619744,48.90827437042266],[-125.32574215389295,48.90488617115788],[-125.32763133196134,48.90617075858044],[-125.32608035340185,48.90775027347119],[-125.33368724034797,48.907281666599374],[-125.3334978522705,48.90878706878805],[-125.33526025138323,48.90913035988287],[-125.33022315233163,48.90969996960456],[-125.32819793717391,48.911611257634036],[-125.33046174506723,48.91335596010247],[-125.32734645109069,48.91329327061625]]],[[[-125.3477599430966,48.90646415477522],[-125.33215065221044,48.90154496084757],[-125.33068063640282,48.90015357998417],[-125.33208285825332,48.898605367949976],[-125.32852663769428,48.894906761997326],[-125.33170535466344,48.89490525219757],[-125.32860216648335,48.89301676786672],[-125.33333652560796,48.89127356239628],[-125.33984493985679,48.893291655941056],[-125.33389755319735,48.893358654839574],[-125.33777144148651,48.89563737080281],[-125.33587254084803,48.89705305048243],[-125.33631093392881,48.89858266800533],[-125.34019435222042,48.89789185887236],[-125.34201752861114,48.89951836982305],[-125.34209904610886,48.902405157512234],[-125.34878493432,48.90093826896861],[-125.3488013421937,48.903635758352124],[-125.35061254541583,48.90297917755855],[-125.35031144324228,48.90440616691159],[-125.35325255728658,48.906578155279604],[-125.3477599430966,48.90646415477522]]],[[[-125.19155602669377,48.97211166389],[-125.19007102926734,48.971915158680055],[-125.18871825122018,48.96785616555975],[-125.19485195546562,48.9575733558864],[-125.19278876825477,48.95723436718813],[-125.19253282796804,48.954216454998324],[-125.1938124348295,48.95254598056192],[-125.19712583231025,48.95271686883435],[-125.1990710389823,48.956872666456185],[-125.2034990636734,48.95632006973623],[-125.20328534118201,48.95856466922412],[-125.19910024242145,48.96126207254587],[-125.19901652825949,48.96462887240011],[-125.19596956065415,48.96653026850789],[-125.19650143528199,48.970838456572466],[-125.19344713776844,48.97411835647562],[-125.19155602669377,48.97211166389]]],[[[-125.20610114656282,48.95952735548857],[-125.20352305982787,48.959954672196595],[-125.21029063020688,48.94462016686515],[-125.21670605256625,48.943282861999286],[-125.2196034566015,48.94579086535783],[-125.22595372480536,48.9442470568789],[-125.22519595695367,48.945305273368824],[-125.22720623879144,48.946300777554],[-125.2244464377045,48.94871195798162],[-125.21582236064145,48.95109896489745],[-125.21067533737963,48.95732557765807],[-125.20610114656282,48.95952735548857]]],[[[-125.74719134546775,49.14044757638009],[-125.74117536234907,49.141508561487065],[-125.73621575301111,49.13736126699524],[-125.73490183587963,49.13890367284121],[-125.73057452810052,49.13101786653139],[-125.73398654085355,49.12873197981669],[-125.74522475139618,49.128905751538724],[-125.74596692822342,49.13092246737459],[-125.74799383796807,49.13066605788962],[-125.74934047013433,49.132433567876745],[-125.74735784957102,49.134253660241406],[-125.7483201431455,49.13677735888334],[-125.74719134546775,49.14044757638009]]],[[[-125.94371933845504,49.14727807872833],[-125.93378032639413,49.142484160167264],[-125.93581295390516,49.13949904997012],[-125.93482304313017,49.13808476878887],[-125.93590702587437,49.13647396497484],[-125.93452535040096,49.13605955470686],[-125.93601576341037,49.13551696753855],[-125.93685654922204,49.132121649147656],[-125.9403600313278,49.1299098574831],[-125.94192326554382,49.130166168835835],[-125.94059763315903,49.130921067850174],[-125.94246715571035,49.13191657073895],[-125.94159375720149,49.13362136059508],[-125.94404773810405,49.13359426941291],[-125.94683912662391,49.137688862543165],[-125.94845544071578,49.137197466684256],[-125.9503255311572,49.13933667198087],[-125.94854655269029,49.141945869234],[-125.95121163457044,49.14317347632913],[-125.94812854742916,49.147615568444586],[-125.94371933845504,49.14727807872833]]],[[[-125.25802464744109,48.93820695346126],[-125.25000425451486,48.9363127591354],[-125.23848923561539,48.92860205602587],[-125.2534888226086,48.92452175975892],[-125.25462025614189,48.92628206926245],[-125.24840253921644,48.927707658987075],[-125.25064715020218,48.92993945991284],[-125.25415265299426,48.93047346832996],[-125.25282853083873,48.93078825630466],[-125.25437265238449,48.932025864933976],[-125.25818594739566,48.93241046696035],[-125.26497143107495,48.92967736014562],[-125.27079113646212,48.93032686489532],[-125.26498292106149,48.93296016162581],[-125.26432906882032,48.93721146761967],[-125.25802464744109,48.93820695346126]]],[[[-125.77686784172568,49.12156255913135],[-125.77235974735726,49.12236435764693],[-125.76787335812531,49.121797557517176],[-125.76806364761214,49.1202807626945],[-125.75926055404386,49.12048295951491],[-125.75274484329834,49.11789515760366],[-125.7537995455936,49.11593547574909],[-125.75095943505896,49.11411395904713],[-125.76334664022397,49.10940975343261],[-125.76473904465779,49.111751176517316],[-125.77104623358828,49.11376786922779],[-125.77644245741749,49.113215264336766],[-125.78153574366645,49.1158272756466],[-125.78151634881247,49.11917556348104],[-125.77686784172568,49.12156255913135]]],[[[-126.05679003631425,49.32398397836952],[-126.05131503411889,49.31977686812057],[-126.04752144242774,49.318996373535605],[-126.04521403528811,49.31685016366137],[-126.04539464572478,49.31500147504588],[-126.04135552937842,49.31581616181442],[-126.04152683711688,49.314307875921585],[-126.03688694731669,49.31274127228031],[-126.03365123623392,49.31002245591228],[-126.03232455727805,49.30646056226876],[-126.03683376303941,49.306073171259996],[-126.0373608359231,49.30759845412058],[-126.04211645947373,49.304724368151454],[-126.05261864142787,49.30418315851162],[-126.05868814680485,49.31083285613459],[-126.05437435209242,49.31348477056853],[-126.05867665086322,49.318435261395145],[-126.05818542910158,49.32319066168212],[-126.05679003631425,49.32398397836952]]],[[[-125.30312935348512,48.88055495759019],[-125.29634723463464,48.877253670214536],[-125.29595325945883,48.87340116533355],[-125.29003805126234,48.86988475411158],[-125.28955132991652,48.867015072735875],[-125.29589555502396,48.8652788601079],[-125.30090593251457,48.86630287740232],[-125.29994943593651,48.86565636013517],[-125.30167354987708,48.86461375255149],[-125.30213955308233,48.86554095603312],[-125.30958284995934,48.86373646533985],[-125.31391425107998,48.86569194922289],[-125.31337004990782,48.86660197071865],[-125.31403905532478,48.86719166194742],[-125.31741214953814,48.86699796600573],[-125.31839624190982,48.874724255413945],[-125.30250283961803,48.87376576850047],[-125.30651122474485,48.875530357154396],[-125.30630204702602,48.87691045887345],[-125.30408324617764,48.876387756469],[-125.30608863908162,48.879082357650226],[-125.31091464226449,48.8805150699728],[-125.30312935348512,48.88055495759019]]],[[[-126.10918184514067,49.416839579238875],[-126.1062626409595,49.415831270060146],[-126.09951963850177,49.41817268140811],[-126.08452682899761,49.419629665972444],[-126.07386402340055,49.41732666620652],[-126.07326125226184,49.41635815180932],[-126.07530373946182,49.41560907037333],[-126.07212434132937,49.41529436179496],[-126.07284933570412,49.41306397930514],[-126.07578543902083,49.412608279496816],[-126.07765685625192,49.41408516719772],[-126.07715623672631,49.41320927959831],[-126.08000443426923,49.41239036731692],[-126.07860533270718,49.41018716778051],[-126.06647404051614,49.40969006877232],[-126.06866365741207,49.40855925862145],[-126.06830065797207,49.406317559253],[-126.07112034724575,49.40504007773874],[-126.08248444007138,49.40127016622841],[-126.09217754715792,49.40029165726522],[-126.09385883785457,49.39703167935993],[-126.08704663567636,49.39966647846769],[-126.08507984260208,49.398168179626516],[-126.08497224512816,49.39439686391206],[-126.08820822986014,49.393290268316825],[-126.08986203061852,49.39518596887096],[-126.092601755274,49.39054865766185],[-126.09554215191662,49.39073096096908],[-126.10082753339549,49.39574846991384],[-126.11519085943667,49.39879916072385],[-126.11475885057241,49.401469576610026],[-126.11785633439966,49.40177145803183],[-126.11486265797964,49.40252486305085],[-126.11514963795939,49.4032868582127],[-126.11674753051629,49.402597468460044],[-126.12599005235144,49.4055541515171],[-126.12423873183394,49.4069769674687],[-126.12470984265451,49.409751271721795],[-126.11694443660947,49.410061771121114],[-126.11752325693591,49.41289166152962],[-126.11399385619538,49.41310107256872],[-126.11384112366262,49.41500376335638],[-126.10918184514067,49.416839579238875]]],[[[-125.14055003591797,49.042486161243595],[-125.13892221378696,49.0429059277506],[-125.12586807850428,49.03329974369694],[-125.11457899754376,49.01669427938368],[-125.1076773447184,48.97342194679521],[-125.1176111548735,48.97566087115705],[-125.11774054667325,48.978708677174716],[-125.1204759388972,48.98035926234752],[-125.12705614321835,48.97958165101108],[-125.12535192384063,48.9886809565505],[-125.12753272438142,48.99077316471736],[-125.13259983169186,48.99159626180292],[-125.13076676046765,48.99477946908147],[-125.13165964059449,48.996777577331585],[-125.14550126191834,49.00233346868392],[-125.14831254109957,49.00126385883651],[-125.1438219665336,48.99922436569598],[-125.14616552658914,48.99743556471034],[-125.15242632971854,49.00024267149348],[-125.14916793180244,49.00144616744633],[-125.1506216586962,49.00310106738443],[-125.14711334366027,49.00323065327296],[-125.14273663598644,49.0057671814312],[-125.14101324379482,49.00829086452051],[-125.14413744925918,49.0106707699348],[-125.15093043041992,49.010283375989744],[-125.15251824238888,49.00650347630118],[-125.16038343614035,49.003062653110334],[-125.15905993678658,48.99966016761781],[-125.15446484306685,48.997442665170304],[-125.15906593220764,48.99632185770634],[-125.16239151930556,48.985023562646035],[-125.16597503813743,48.9857029545168],[-125.16510405855261,48.98801296603792],[-125.17031753419793,48.990038275993285],[-125.17833204529308,48.98852005500714],[-125.18096384467036,48.99026036013745],[-125.1857990548227,48.990492553950126],[-125.1855718335762,48.99433937575383],[-125.18182403984486,48.99709946771164],[-125.18183512361708,48.99927706522362],[-125.17413926433935,49.00497247042501],[-125.16685421816437,49.00757446168959],[-125.16485485901546,49.011606463968],[-125.16145014019186,49.01131027742772],[-125.16188355118206,49.01308477341194],[-125.1584283346578,49.01573096082925],[-125.1497749378018,49.01966175583198],[-125.149890333345,49.02136936861407],[-125.14754164236098,49.02272667021492],[-125.15124653522396,49.026822655267836],[-125.14542923442629,49.03216635423263],[-125.14481034107891,49.03622677745243],[-125.13717774743016,49.0394810755077],[-125.13922645875574,49.040000872657],[-125.1378277571564,49.04154756452593],[-125.14162763919833,49.0414137756795],[-125.14400214824626,49.04379926400679],[-125.14055003591797,49.042486161243595]]],[[[-126.01130204930621,49.216362153651595],[-125.98755624564488,49.20906876001534],[-125.98357213056221,49.209729670189795],[-125.97655305415863,49.207876751226486],[-125.97260893930333,49.210561365307846],[-125.96554095637093,49.210166868674534],[-125.96028644759046,49.20473205605898],[-125.96127013025362,49.20742526591293],[-125.95632833971524,49.208838082005684],[-125.95476315451354,49.20698805724055],[-125.9524593646774,49.20748797047748],[-125.95204024713605,49.205079553889426],[-125.95600884272268,49.202790851363595],[-125.95117585111902,49.20253737556461],[-125.95107405786165,49.20107327134249],[-125.95324882013037,49.20046796071034],[-125.94945485513374,49.198999665537826],[-125.94872785033792,49.19646316311794],[-125.94396335218578,49.19347225601363],[-125.94198353284159,49.19319026255645],[-125.94172534146435,49.19509446548732],[-125.9368763329018,49.19294247531403],[-125.93318404316283,49.18995025708159],[-125.93174732781043,49.186307065421936],[-125.93388605203087,49.18370645166588],[-125.93594455745964,49.185768768853215],[-125.94083724923313,49.18450116797524],[-125.94496234900596,49.18740087587819],[-125.94490025297459,49.182661167529545],[-125.94809545437712,49.18401835980433],[-125.95128812472859,49.18277646266536],[-125.95301076663499,49.18633126873999],[-125.9610849616153,49.18731256105118],[-125.95989515226742,49.18347435313172],[-125.95544145360925,49.18173396503008],[-125.95806755630048,49.17859075220108],[-125.95744305623923,49.175951668956785],[-125.96437095067668,49.17454165683722],[-125.96905433716915,49.17071486701242],[-125.96524294262925,49.16893176375369],[-125.96578635048158,49.16562474986378],[-125.96244952790339,49.162346165775645],[-125.96625934387704,49.16069127439737],[-125.96182115635958,49.15641575940088],[-125.96206056682752,49.15078586838409],[-125.96284896136125,49.149982669366615],[-125.96410463322293,49.15219016694273],[-125.96677582921244,49.15256326218787],[-125.96974613422303,49.147664057172804],[-125.97247613733,49.1515791658327],[-125.97486245694196,49.14972767027081],[-125.9781032497695,49.150939676132246],[-125.98429313587465,49.149384476693115],[-125.98673356016431,49.150743164229894],[-125.98471694572225,49.152333973429904],[-125.99207165154299,49.154896173753194],[-125.99357175591152,49.15451586473222],[-125.99324522893932,49.1565937669289],[-125.99633944477928,49.155595476833156],[-125.99817775070095,49.158778563495474],[-126.00679856157579,49.16203856286067],[-126.00872935258045,49.162294972578195],[-126.008895758094,49.16022126720045],[-126.01278212580245,49.15878286734594],[-126.01814003670695,49.15934537366213],[-126.01987223887895,49.16181928105835],[-126.01914823932515,49.16312235453731],[-126.02211213938541,49.16564605337361],[-126.01625704006535,49.16739355635666],[-126.01373733266459,49.16527726021452],[-126.00900532841713,49.16842897037164],[-126.00721474065134,49.17627357060234],[-126.00915115638932,49.18036387113448],[-126.01181912756675,49.18024276212312],[-126.00963423150276,49.18348005693281],[-126.00464452931983,49.18429466435569],[-126.00518404357022,49.18582005384206],[-126.01126285105939,49.18447556777214],[-126.01577214133741,49.18800185753147],[-126.021729047103,49.18801186009239],[-126.02349183807736,49.18951587640111],[-126.0252955245575,49.188752458169944],[-126.02358195483976,49.18731396243183],[-126.02716196007106,49.18736097022763],[-126.02576423552587,49.18548955858178],[-126.02802394786951,49.18718437755975],[-126.03080754517431,49.18584425496551],[-126.02991055707064,49.189131261139345],[-126.0367385616341,49.19249246226465],[-126.03460213695534,49.19447918123278],[-126.03375944564159,49.19869627738153],[-126.03759334123501,49.201618781291934],[-126.03466105047123,49.20356855908842],[-126.03874054530193,49.20516646763917],[-126.03715825353342,49.20681716574099],[-126.02843454559819,49.207339876049275],[-126.02559715243989,49.21071235425821],[-126.02605615598763,49.212676372754174],[-126.02235452562482,49.21141165989507],[-126.01758545887917,49.21650747077959],[-126.01130204930621,49.216362153651595]]],[[[-125.8883504473102,49.24148236207153],[-125.85716373648236,49.24250925981352],[-125.83781184538579,49.23982037603441],[-125.83364604471568,49.23760145042685],[-125.82431542611529,49.238568457398316],[-125.81877162830739,49.23626547060417],[-125.79804732771764,49.23545516465582],[-125.7934981431847,49.233713358422534],[-125.79257694924863,49.23029804840837],[-125.7891833516036,49.23393407555651],[-125.78798293118977,49.232613870943645],[-125.78920522820599,49.22945356462079],[-125.78680063188922,49.23286736179923],[-125.7810899450103,49.2336876503237],[-125.77499653866924,49.229120278763176],[-125.7727667437236,49.22318276989735],[-125.77035703325517,49.22232245747514],[-125.76968932536582,49.21774085866461],[-125.77133436402745,49.21427427026953],[-125.768251859346,49.208994760745384],[-125.76904734330242,49.20576465347312],[-125.76734176751248,49.20375366995566],[-125.76718055238946,49.20211155332381],[-125.7699974418934,49.200198868024955],[-125.767174939442,49.196343477364955],[-125.77003104577396,49.1961227557005],[-125.77098465643701,49.193544962085866],[-125.77822924836225,49.19614127317236],[-125.77818424125053,49.20097355867951],[-125.78448204847923,49.20066887091859],[-125.78782535814143,49.2027296621853],[-125.78691022267601,49.20624316129309],[-125.78928963177424,49.20900187092316],[-125.78712926220969,49.209638459650805],[-125.79031765047189,49.2131064560387],[-125.78812814394404,49.21666696504345],[-125.7906152256734,49.21888306227402],[-125.79127103686308,49.224437468153944],[-125.79477262364634,49.224172563627874],[-125.7957860341679,49.22581176817783],[-125.79910354471986,49.22668486241576],[-125.80321334090993,49.2257491718643],[-125.80436383151167,49.22373245982235],[-125.80280713693895,49.217104162130845],[-125.7982975406977,49.212156463233406],[-125.79857746278756,49.210054363287426],[-125.80329264685287,49.20725867842756],[-125.80164595799201,49.20555246634093],[-125.79673136691602,49.20924396919994],[-125.79149014025295,49.20222687763503],[-125.79350713849082,49.199065177195976],[-125.7995170292118,49.199459668429085],[-125.79422213242788,49.192481062796794],[-125.79926405211825,49.1933127622463],[-125.793635919333,49.18793356024864],[-125.79633305251609,49.18706767452328],[-125.7973574390512,49.18408247123075],[-125.79226772970898,49.17825035826057],[-125.79418495822965,49.17697996952687],[-125.79506105287209,49.17255066312108],[-125.79325154615907,49.16721417460666],[-125.79410696370529,49.163172267409365],[-125.79897805334416,49.1522385618447],[-125.79326473913413,49.1552650780516],[-125.79241024117475,49.15422538004948],[-125.7943102474409,49.15238816344823],[-125.79206205687852,49.15241515600704],[-125.7923628384584,49.14997976354191],[-125.80322902426362,49.14955396222575],[-125.80812863816416,49.14597068006685],[-125.80924033296012,49.14258816130453],[-125.82007812773506,49.138077658247326],[-125.81536982949761,49.13772446857459],[-125.80355474572679,49.14145735140142],[-125.79900954384023,49.140155578314186],[-125.79121475568863,49.13148217233345],[-125.79215504571127,49.12259796143852],[-125.79593544205936,49.120850466972506],[-125.79963663917862,49.12182317042195],[-125.80999145165194,49.12700446777545],[-125.81347495603158,49.12993405723517],[-125.81230853915858,49.13090676046426],[-125.8149319321736,49.129529574140854],[-125.81503553133308,49.124812575473115],[-125.81861465590443,49.12437395653051],[-125.82345734916471,49.128044062350796],[-125.83435524328378,49.129449759104],[-125.843474954781,49.134074260066065],[-125.85307943020274,49.13416106218745],[-125.85438535559173,49.13807056584223],[-125.85746996070786,49.13994626961741],[-125.85567165117556,49.14753865969329],[-125.85880013799533,49.14924345266379],[-125.86218093690297,49.14839466506642],[-125.86652955812782,49.15081436978568],[-125.87109294398122,49.149531153489946],[-125.8748806518245,49.153117357774384],[-125.87513285350813,49.15821174917354],[-125.86999303761024,49.159455074132396],[-125.86423143093658,49.15685447290399],[-125.85995606841173,49.16025406737208],[-125.86226544681227,49.161537266010605],[-125.86468323447774,49.16775676255349],[-125.86565614461097,49.17296937219451],[-125.86436484729423,49.1762664593999],[-125.86604705041431,49.17808796687199],[-125.86491304187531,49.17981557775411],[-125.8675619543118,49.18171116736984],[-125.86369814781052,49.18375067704],[-125.85945674174503,49.189218161732796],[-125.86125794820545,49.19281715028608],[-125.8586368270571,49.19331415763199],[-125.86143165183981,49.195592964500754],[-125.85671592593498,49.20000085836734],[-125.8582675375257,49.20142937608678],[-125.85259533349222,49.200678776253206],[-125.85048864647658,49.203438872699856],[-125.85283825876662,49.203228161008],[-125.8533597453676,49.20514935608446],[-125.84725962174397,49.20867425929904],[-125.84651723369667,49.21080636767547],[-125.84229473404771,49.20973247328272],[-125.83740363275929,49.21256096826552],[-125.84057914369231,49.21478557459749],[-125.83926145432464,49.21765256924191],[-125.84101784967118,49.22264726784491],[-125.84615824218604,49.225327557312276],[-125.84585132635748,49.229096069250794],[-125.84444683458598,49.22996767306894],[-125.84566504628769,49.23134056914565],[-125.84994294092922,49.22905757312981],[-125.84995593529105,49.22499146795953],[-125.85582942272308,49.225844564796475],[-125.85409665530548,49.22434917489761],[-125.85478612500725,49.22297336070133],[-125.86159954257856,49.22727585083239],[-125.86093964837788,49.22346895399475],[-125.86396054505587,49.22271846426657],[-125.86363494994013,49.22138675026602],[-125.85393552332675,49.21846856170087],[-125.85913064434763,49.21090885545639],[-125.86412853535882,49.21139737301313],[-125.86338434038699,49.20896767319029],[-125.86647863278425,49.20879246938416],[-125.87125813786554,49.211417380387566],[-125.8731157377887,49.21455628074415],[-125.87554452051593,49.21238156292303],[-125.87452173322049,49.214899554309795],[-125.87911663878812,49.216188463023315],[-125.88038374528526,49.2129711745814],[-125.88285713715247,49.211559780492564],[-125.88488894288444,49.21415467842319],[-125.88229803260026,49.21658575970864],[-125.88571425882454,49.216535965335986],[-125.88820332330098,49.2137473616936],[-125.89059953817399,49.21433557438084],[-125.89126456239465,49.21186306662842],[-125.8878738579484,49.20882525909911],[-125.88924183507903,49.20682997910805],[-125.8885430419654,49.20474207484815],[-125.88574372999345,49.200754263099924],[-125.88343993733719,49.20033555905989],[-125.88437044471885,49.19886435803265],[-125.88204966087116,49.193900971463734],[-125.88513974535337,49.19251947906598],[-125.88969613175738,49.194870868780356],[-125.89320512609045,49.194980560733434],[-125.8895835384092,49.19340676106896],[-125.89334676520419,49.18989466640684],[-125.89121673991639,49.184432877952574],[-125.89334105860553,49.17310606061099],[-125.90197019855138,49.17636187245024],[-125.90199168716133,49.179109820949925],[-125.91864129963034,49.179381049199236],[-125.91829756376295,49.17349684085456],[-125.92582745957813,49.17763077323068],[-125.92350673466852,49.18016447538348],[-125.92475143582467,49.18241757790785],[-125.92184525469236,49.18387595178569],[-125.91213466794434,49.1821241684673],[-125.91774543219658,49.18509655491336],[-125.91381406202514,49.185465370755],[-125.91519804822323,49.18636546766477],[-125.91385634634952,49.187370977853135],[-125.92090654924836,49.19215065928083],[-125.92276533148996,49.19785316737221],[-125.92987975049734,49.20461816309363],[-125.93171575520914,49.215224254286994],[-125.92846643828187,49.21788896681581],[-125.92881183436981,49.22002096235306],[-125.93337075213293,49.22391766036995],[-125.92580915418179,49.22404726750531],[-125.92387224167615,49.225202257139486],[-125.92354204728176,49.22404155265354],[-125.91677414678908,49.223403467467506],[-125.90687354876734,49.2264954709748],[-125.89826454446023,49.2246966700558],[-125.89686924839035,49.23021115863943],[-125.8980730290238,49.23173795952101],[-125.89405764898957,49.2349780551679],[-125.89557453416478,49.23647775761782],[-125.8986333552119,49.234512270819],[-125.89995873658533,49.23650336420353],[-125.89212193785426,49.239938573390134],[-125.89184494003975,49.24153796603551],[-125.8883504473102,49.24148236207153]]],[[[-126.22744953747195,49.39277615857518],[-126.22480893604912,49.38949195511724],[-126.22129964377893,49.38893936493054],[-126.22008355490864,49.3889905539655],[-126.22280034725905,49.392600960669654],[-126.22148044931109,49.39353236381956],[-126.21403992186698,49.39396396091276],[-126.20420393353024,49.390730973370545],[-126.19847133969328,49.38394317833484],[-126.19053243740653,49.379837161877155],[-126.1928796396387,49.37805836332481],[-126.18983254426529,49.376167058454946],[-126.19439034420274,49.37550475135883],[-126.19031022409825,49.373597765171354],[-126.18129513870808,49.375590256341056],[-126.181291429848,49.37830757270824],[-126.17750536667945,49.381372465356485],[-126.16865902456692,49.38447586524152],[-126.16409724406692,49.388331166733614],[-126.15459442620849,49.388457965570296],[-126.15488124522349,49.39015706869707],[-126.15185473991497,49.39292425776553],[-126.13682325484507,49.39589945566225],[-126.12908523681007,49.392910063592154],[-126.12819973011607,49.394866862802296],[-126.12960455224791,49.396782475801366],[-126.12823725265282,49.39825076233747],[-126.1081545366888,49.3942060628302],[-126.0988608419334,49.388906575163816],[-126.09868213851782,49.38538448267992],[-126.10156415025504,49.384423168807345],[-126.10255344014509,49.382117374067285],[-126.09453875006028,49.378299078306384],[-126.0965082462864,49.37551477314078],[-126.09541705964722,49.37299526732386],[-126.08522372924836,49.37153266148685],[-126.08260784465682,49.36732837482553],[-126.08400605387217,49.36676157574155],[-126.08132262822492,49.36531596336355],[-126.08263393610154,49.362228280135405],[-126.07998743846187,49.35971456675383],[-126.08304125850692,49.358595167584454],[-126.08450854658983,49.356166876314006],[-126.08367392702132,49.350935770146364],[-126.0818313566843,49.3502150605828],[-126.08105093345527,49.34708187350267],[-126.0834106592382,49.34423627023283],[-126.08260663857415,49.34012166259928],[-126.07981563613608,49.33725335981538],[-126.08115726650627,49.33621657009478],[-126.07886673372035,49.33490765987375],[-126.07956344453454,49.33244236612862],[-126.07596344914718,49.33049835970868],[-126.07499204858064,49.32575996528767],[-126.07711783867458,49.32216097067211],[-126.07701314172273,49.31765056640138],[-126.0798013665354,49.316119470664894],[-126.0818105467189,49.31680886840562],[-126.07954493338784,49.31417827269193],[-126.08181623256374,49.31345336644341],[-126.08146637140483,49.30912666859951],[-126.07548683956153,49.3027760547217],[-126.07676315545856,49.29701376009475],[-126.07546784771587,49.29657647589323],[-126.07136834495485,49.28035046430351],[-126.07376805008995,49.27370797238888],[-126.07795792242206,49.27586566378674],[-126.08105446223638,49.275135064140144],[-126.07574472491106,49.273551258454006],[-126.0760582299783,49.27010477303411],[-126.0732503452483,49.26737876863609],[-126.06459106331569,49.26943536486817],[-126.06077913795589,49.26669376057217],[-126.0610572451238,49.265035965612455],[-126.0599291614821,49.26734607252006],[-126.0538738383796,49.266085576141336],[-126.05539993464387,49.264694168679796],[-126.05478593841816,49.26067506041376],[-126.06369474019723,49.26157657738752],[-126.06742153227657,49.25854016023489],[-126.07358314306224,49.25920956017656],[-126.08121685833703,49.25700056077625],[-126.08504365271945,49.25179797114325],[-126.08060203372088,49.249490765962115],[-126.08105954059046,49.24825166433374],[-126.08417413367356,49.247906963150854],[-126.09259383842826,49.25357247874761],[-126.09919894311395,49.24781866004961],[-126.0990710480001,49.24954196329502],[-126.10015304578918,49.25149457521113],[-126.10794495016322,49.25358814889994],[-126.10711683087015,49.2555564611504],[-126.11042395002306,49.25492836097573],[-126.1127412521147,49.25737935108959],[-126.12596556491695,49.25806016871584],[-126.13062323677035,49.25738505565745],[-126.13166694170513,49.2557543652681],[-126.13575943512176,49.25629707769376],[-126.13670804376741,49.25748197948094],[-126.13211844559878,49.26195687078555],[-126.13313313043014,49.26628216311256],[-126.14072264038741,49.27316396377112],[-126.14678124851487,49.272521558689625],[-126.14755324956325,49.27510516640191],[-126.15603683431307,49.27365956262392],[-126.15475865741205,49.271521759421496],[-126.16032065436049,49.27328786918585],[-126.16246496941125,49.27164006940043],[-126.16947824980072,49.274753352947265],[-126.17249993034436,49.27095926426015],[-126.17453154203982,49.27125266090421],[-126.17348592826644,49.270560462670126],[-126.17479625107545,49.26758816164546],[-126.18265914586318,49.266394661025004],[-126.18354955951753,49.26524676253263],[-126.18236863313173,49.26451615914911],[-126.18607064983829,49.26468707516476],[-126.18878884983218,49.262315750450604],[-126.18797312975107,49.263617459866175],[-126.18984616507986,49.26571526376089],[-126.19289984161215,49.26497045373338],[-126.20444445511964,49.27278935871599],[-126.21309546151666,49.276183258205094],[-126.21251642522633,49.27742946034176],[-126.21427252628497,49.2789746655723],[-126.2133014497604,49.281046964420874],[-126.2146243559128,49.2819783544811],[-126.23075216436936,49.28351797146476],[-126.22869462923876,49.288066865775335],[-126.22483715845026,49.291392359206824],[-126.22779063993968,49.29317267639222],[-126.22187866281953,49.292617163603644],[-126.21575374200118,49.29830837779895],[-126.22185646253926,49.30304387350234],[-126.22009514330901,49.30355937382279],[-126.22540255924453,49.305080464227814],[-126.22091285020507,49.30685357030913],[-126.22496315412992,49.30872356000127],[-126.22174233792504,49.309464171238496],[-126.22376563436167,49.31142956542961],[-126.22987986555182,49.31282676795337],[-126.23090995267319,49.3152891634653],[-126.23348976939882,49.313218370917326],[-126.2374687391821,49.31393476838589],[-126.23333454507872,49.3172189516099],[-126.23787782591627,49.32134916680118],[-126.23501534682401,49.32356526486147],[-126.23185173454824,49.323291861204304],[-126.23297003521566,49.324452556613195],[-126.23141395740191,49.32496386681863],[-126.23547083317499,49.32919946537807],[-126.23377534738817,49.3302120539721],[-126.24089084197455,49.33271156182785],[-126.23357126497795,49.334345164351234],[-126.2382110550748,49.3355627656219],[-126.23451335820587,49.33841695818858],[-126.23685976026528,49.33856217329738],[-126.23374104966524,49.34015156911081],[-126.23577874514424,49.34214407241951],[-126.22876453743017,49.343928653532295],[-126.23503013199526,49.34539266136605],[-126.23400954124625,49.34641105451769],[-126.23672615479856,49.34855445891603],[-126.2337295427015,49.35068647725928],[-126.23230003779193,49.349662465959625],[-126.23303404815846,49.35151535666565],[-126.23101073889254,49.3522588630658],[-126.2332911414807,49.352358458291874],[-126.22850293217769,49.3544748631514],[-126.23250896776672,49.35670376558078],[-126.23083323510996,49.358102365123436],[-126.2343957424514,49.358908477691855],[-126.23283963944867,49.360399554798704],[-126.22919194640902,49.36008765414144],[-126.22972163293316,49.36291616203823],[-126.22784335045047,49.36155745614485],[-126.22605363364033,49.36227956347842],[-126.2274124411229,49.36504676471393],[-126.22576556651725,49.36639266276273],[-126.23192725821353,49.36732406651815],[-126.23098653786693,49.36836237025424],[-126.23271343734037,49.369493173582484],[-126.2309687267958,49.370890369742106],[-126.23237256245295,49.373631971481444],[-126.2254947539648,49.37414175361473],[-126.22533304126915,49.37626956771148],[-126.22617465097048,49.37724375360476],[-126.23086152451154,49.375242659421076],[-126.23282045126763,49.37641334950629],[-126.22967615330938,49.38040406150796],[-126.22985734060904,49.38429497502845],[-126.23431693707701,49.388315573981416],[-126.23335093324792,49.39101015957085],[-126.22967914656068,49.39187605847764],[-126.23014474649732,49.394621964311696],[-126.22744953747195,49.39277615857518]]],[[[-126.55918816773081,49.54130976471954],[-126.556698133847,49.53977706970907],[-126.506535972201,49.54037662779237],[-126.50221488533563,49.547085750066785],[-126.48585327788687,49.55867391347222],[-126.47418448900237,49.57031619953978],[-126.45852299453239,49.57714872328316],[-126.4430265136444,49.57626134431697],[-126.43442922014171,49.57806364993132],[-126.42710250340279,49.57490681703447],[-126.42014510161721,49.5747860039353],[-126.40399392055524,49.570015546245806],[-126.39867625464933,49.561622110510726],[-126.38318690179784,49.56072532337829],[-126.3801826333147,49.56222913331],[-126.37692682618405,49.56925664690951],[-126.37134103768696,49.571140105974266],[-126.36380692124035,49.56933398670314],[-126.36302498470509,49.57059918244823],[-126.36521934961777,49.57612112119748],[-126.35439588387267,49.57815503579514],[-126.35209903911345,49.58990958929325],[-126.35465189549684,49.595291391307995],[-126.34662831791255,49.598769298962935],[-126.33650765396786,49.597339996869195],[-126.33500340495493,49.598091308783566],[-126.33465441592384,49.60588758803536],[-126.33092264917147,49.60608160099528],[-126.31821749441163,49.604234808071666],[-126.30871604190077,49.592081485681135],[-126.30060679584092,49.5893834065674],[-126.28375257127956,49.57852083240313],[-126.28282442484831,49.57618703312459],[-126.28390867634866,49.57417924616429],[-126.28107813282024,49.5716369333454],[-126.27623771330718,49.57194718596478],[-126.27017919748924,49.5690809001157],[-126.26445061054355,49.57292362884538],[-126.26021998453247,49.57362985315822],[-126.25699466846999,49.57171767175589],[-126.25502941881422,49.568520401296894],[-126.25501892647411,49.56107438912907],[-126.24906143523991,49.55499628862157],[-126.24375739412574,49.553739580441274],[-126.23461805361484,49.554940119236896],[-126.22121505346055,49.559720823116756],[-126.21531484723344,49.55409591424024],[-126.21076674154433,49.55206615492801],[-126.20682546757446,49.55122724287586],[-126.20059096526782,49.55478540657641],[-126.19170142313997,49.55572472166817],[-126.18679295650625,49.55462832919722],[-126.1824015973679,49.54984220884596],[-126.1798208359751,49.55021705374619],[-126.17448223711766,49.55501360981458],[-126.17424964475165,49.564025433332034],[-126.17886221941463,49.56796251446808],[-126.16358478239117,49.57203458143166],[-126.15704043920572,49.57221055207539],[-126.14663655366951,49.57866611538196],[-126.14477778398289,49.57717091914887],[-126.14574187701606,49.57236345247907],[-126.1399410320241,49.57002636634462],[-126.13140965501006,49.569230375678394],[-126.1225328319943,49.56539633342915],[-126.11600734380333,49.56572171225242],[-126.11177242264506,49.570399074546394],[-126.10585932677452,49.56953175864685],[-126.09961584479076,49.57149304849649],[-126.09428426506604,49.56913028643341],[-126.08234347208693,49.55714080192521],[-126.06414842112316,49.5512270455525],[-126.04638023634787,49.55894991816501],[-126.04551165138128,49.56517473815079],[-126.04356918748636,49.56783980762376],[-126.0378676140238,49.56799703141715],[-126.03111449441272,49.5712631037625],[-126.02776600003595,49.57638306779032],[-126.01566130326937,49.57379671271032],[-126.01170715343679,49.57026395896592],[-126.00223683853821,49.5710917886703],[-125.99921802221483,49.57258392345287],[-125.9988412289521,49.580682591566166],[-125.99474350819834,49.582593914684146],[-125.98705326158694,49.577499996930136],[-125.97656700070182,49.58014772390798],[-125.96969334060395,49.58488365225422],[-125.96722053738878,49.584575191157654],[-125.96487616984372,49.58200155360238],[-125.95805479467926,49.5830638759076],[-125.95419599188007,49.5812336625413],[-125.94935314932454,49.573773765468424],[-125.9432999662042,49.56899577917473],[-125.897812354145,49.55763686814834],[-125.89325548665828,49.55449470023537],[-125.88860721124345,49.54696311568542],[-125.88432968605176,49.54466209827672],[-125.83631690550048,49.54423956155717],[-125.80750571798013,49.53938714870656],[-125.78939600026672,49.54084134537612],[-125.78460620803584,49.53984206956079],[-125.77001879739517,49.52666032170871],[-125.76854059107285,49.522335593951205],[-125.76937352194658,49.519492333459965],[-125.76627245153425,49.51579052708956],[-125.76104123824271,49.51322353202101],[-125.75613022318116,49.51369467398205],[-125.74106831723176,49.52251848125084],[-125.73609636397018,49.52346174844076],[-125.71607442635312,49.52064100353393],[-125.70074128633203,49.511141533841844],[-125.69292926686495,49.514412056408915],[-125.68693233619577,49.51433802300768],[-125.6823691628555,49.51103458333352],[-125.65657982870253,49.512023499167],[-125.64311905085451,49.51884704977284],[-125.63462351489552,49.51140319124362],[-125.63408409642517,49.49978817411801],[-125.63265612270249,49.49811355883476],[-125.61881119650945,49.49948560143145],[-125.58472184130703,49.49640805619157],[-125.56704497419682,49.4983756948538],[-125.56293740567747,49.48111784220297],[-125.56602392673237,49.47618832589189],[-125.58932974996415,49.463011041249615],[-125.58932118543969,49.460034898886846],[-125.58750724543398,49.45774575710382],[-125.56896784652342,49.45071524789291],[-125.55512000142411,49.44094495127797],[-125.55924075058778,49.437980661668114],[-125.57726542006138,49.433238606393644],[-125.59240385593603,49.42501701932091],[-125.5995350911733,49.41839921938301],[-125.5977587417651,49.412646569759076],[-125.58056191680947,49.41046413241816],[-125.57804647720056,49.40765983052348],[-125.57601523220947,49.40310247578738],[-125.57114978825126,49.39821575296953],[-125.5725009953957,49.387044511706904],[-125.5693221994768,49.38026094170525],[-125.56141882747833,49.37575561424022],[-125.54889267667768,49.374447659520456],[-125.5466034483266,49.372970258188744],[-125.54552815820797,49.3666408088485],[-125.5414979766734,49.360653420619286],[-125.54554391350868,49.349248702683774],[-125.55483443432205,49.34207196789727],[-125.55668017202422,49.33829548245987],[-125.55756519764404,49.33348489893539],[-125.55534192920142,49.331026546827665],[-125.54945345796031,49.32838283875726],[-125.53017682703954,49.32520829526667],[-125.52585273170234,49.32211401267677],[-125.51597976742872,49.31868404772816],[-125.50155949893126,49.3172477103895],[-125.49334863565153,49.31189773129906],[-125.46939619357373,49.30447264254057],[-125.46209447919193,49.30364518807009],[-125.45088455549703,49.30626501992113],[-125.43069903426407,49.30740341279505],[-125.386608485,49.30064063307892],[-125.38855787643935,49.29518330316858],[-125.38357572977534,49.29268954570832],[-125.35463200787265,49.28533075607703],[-125.35396240475254,49.280323326765895],[-125.35053042403332,49.281751070504434],[-125.34786834850003,49.27909569683274],[-125.34786852737358,49.27027408795975],[-125.33665030177991,49.26953182641581],[-125.33203674188306,49.266744821740566],[-125.3284223833078,49.263323279403515],[-125.3215974201376,49.249812266601644],[-125.30731335374175,49.246027322888075],[-125.29558042720718,49.24070285645534],[-125.29010302217182,49.23300147507001],[-125.29259798751836,49.23021472735799],[-125.2914479803999,49.22625758925818],[-125.28062962051621,49.22072848843403],[-125.28646847915307,49.21440915446043],[-125.28667008878135,49.212207262064105],[-125.2793411973806,49.209606537818956],[-125.27605834411992,49.20617624575887],[-125.27608443744924,49.197948959936575],[-125.27212621112645,49.195342751272925],[-125.2609776168867,49.19504848199892],[-125.2469663833582,49.198399792857145],[-125.22725992172927,49.19313053388099],[-125.22794390531317,49.18394651679489],[-125.2317668555343,49.179503696275376],[-125.21053095060883,49.161195520056744],[-125.20894421812213,49.15771685804719],[-125.21388323987111,49.14918649879604],[-125.21262066397448,49.14631394084542],[-125.19568599593629,49.13828478508756],[-125.19461211641139,49.12846064397534],[-125.18057077319428,49.127832609023265],[-125.1654461715861,49.11913325777199],[-125.16038939401199,49.11882323857881],[-125.15799959293567,49.116381845754084],[-125.139440093694,49.114814089694555],[-125.13045827063499,49.107881210899144],[-125.12847631614302,49.09725664216392],[-125.11455010604308,49.09771915480361],[-125.10971711006574,49.09618408505942],[-125.10971692384173,49.0932632472013],[-125.10797696962099,49.0913038451592],[-125.10452736635744,49.0908398619244],[-125.10432305762102,49.08939397002908],[-125.1074323376647,49.0890407560936],[-125.10892395026772,49.080925557492456],[-125.10618115821086,49.07536256776951],[-125.10410045002783,49.074411257045966],[-125.10576374938825,49.054105504378654],[-125.14142093078283,49.05386803352935],[-125.14717433505345,49.060284468815034],[-125.14969554759482,49.070501759033924],[-125.15292204097847,49.07482285882599],[-125.16327255834229,49.077913364824994],[-125.16677363783374,49.08346205297392],[-125.17181513200613,49.08661385428795],[-125.18300245151143,49.091225473849974],[-125.18884895040034,49.091204060018605],[-125.18851553939902,49.09262256894724],[-125.19650313484907,49.09669016358751],[-125.20060696265179,49.097782467488884],[-125.19909354332728,49.09703767382231],[-125.20121406188771,49.09663745993628],[-125.1996298586427,49.095821360416124],[-125.20216083327966,49.093280561535664],[-125.20131972978868,49.092253763025376],[-125.20648303586626,49.09467347669465],[-125.20747903948401,49.09458377705509],[-125.19596063769688,49.08968446356797],[-125.18223044008634,49.08675917845716],[-125.1808039216821,49.086085459528086],[-125.18151125838342,49.08502726962454],[-125.17393034978572,49.082364063147814],[-125.16848204266498,49.073946953021974],[-125.15387065500148,49.065079869936135],[-125.14904205274783,49.055661570932934],[-125.1455129401218,49.05317196998931],[-125.14773613644901,49.052663552298085],[-125.15368553424412,49.055097573302234],[-125.15498042597507,49.054003757663025],[-125.15335324406325,49.05149715357301],[-125.1640795189993,49.050765062732445],[-125.16874213658024,49.053196176940794],[-125.17090563559006,49.05668267533041],[-125.17271656602668,49.05738626561132],[-125.17466145948876,49.057394772788015],[-125.17122516089997,49.05647906332682],[-125.16688833799758,49.04898486010444],[-125.16324366572468,49.046012468147374],[-125.16242253347195,49.04319397418654],[-125.16405704121712,49.04207456716024],[-125.15949522725991,49.040369765220156],[-125.15992763146853,49.03900396815605],[-125.1560101266044,49.03635916494435],[-125.15709955592712,49.0270918543003],[-125.16007435145062,49.025623561934424],[-125.16060743295887,49.021204158006206],[-125.16577685670781,49.01800395407189],[-125.16500443173528,49.01627355649376],[-125.16858602088084,49.01467706104367],[-125.17171802801738,49.01530086301361],[-125.172122834023,49.01768636520025],[-125.17604784154037,49.01926865654554],[-125.18044253130245,49.017133774272246],[-125.1816895543385,49.01344936610083],[-125.17806785169424,49.01257206435498],[-125.18248433555526,49.00817976694988],[-125.1845962436738,49.008310874662364],[-125.1840531421239,49.009923072556845],[-125.18623534640523,49.011392853109555],[-125.19336073298382,49.00702905890861],[-125.19448492958323,49.00456946237745],[-125.1929678698386,48.99806646876933],[-125.19592135025037,48.992144648185075],[-125.19459105488252,48.98366917279392],[-125.19161765698523,48.980998773310745],[-125.18939505465366,48.98266936914074],[-125.18951822655214,48.980850667242485],[-125.18377896253162,48.97896217043355],[-125.18648423449707,48.97679597383639],[-125.18902524173477,48.97833125904923],[-125.19270244928576,48.97645265143096],[-125.19767386305685,48.97171576296929],[-125.19801145598144,48.96695035493999],[-125.2022431336944,48.962533859330456],[-125.20965633251667,48.959008973264716],[-125.21201826080365,48.958657166075284],[-125.21326094914166,48.96016397152734],[-125.21902574217005,48.957722976759186],[-125.21663016012553,48.95729137050586],[-125.21615215649456,48.955438466486015],[-125.22165813911154,48.95113167884344],[-125.23264394629953,48.94876037326824],[-125.2357240514697,48.94527246443624],[-125.2418456389781,48.94411037587494],[-125.24602994628387,48.9481664687734],[-125.24983263895373,48.94856956111213],[-125.24857583816944,48.94889996193219],[-125.25015791870757,48.94972455844058],[-125.24883303717624,48.95489586664265],[-125.25243995957545,48.95431196604558],[-125.2562647517643,48.95764746844791],[-125.2613067584061,48.95733266849484],[-125.26852324579508,48.960420354857185],[-125.2664821431735,48.958509056710305],[-125.26761402678828,48.957848265140925],[-125.27006875025228,48.96075936342933],[-125.2767619411025,48.96432555013054],[-125.27536424052347,48.96604456994331],[-125.27181673233294,48.965574561514636],[-125.27648946587979,48.9682349693801],[-125.27922874775308,48.965409349833855],[-125.28444392278105,48.96799715712453],[-125.28573733708463,48.96637926828125],[-125.30133576043808,48.96831756671788],[-125.30971922840494,48.965819566498276],[-125.3159525322811,48.969409961377366],[-125.32350593657624,48.969330268825075],[-125.31621402323572,48.972715562275404],[-125.30437193881941,48.97430216995604],[-125.3008095607782,48.976209168194096],[-125.28699693156902,48.97420817359969],[-125.29407202746631,48.98008586192092],[-125.29440944192594,48.985332653346646],[-125.29206882865019,48.986144459212035],[-125.29338464827158,48.98800725397337],[-125.29173513141949,48.98812127006643],[-125.29476493355081,48.989212168598996],[-125.29654583192219,48.99256907076825],[-125.2950980533983,48.9928581672808],[-125.29621903086836,48.99464417215251],[-125.29439414632881,48.99630047673741],[-125.29611885388042,48.99694986149995],[-125.29597872848184,48.999534871513184],[-125.29159464970044,49.00563187265889],[-125.2889488297629,49.00607056420769],[-125.2890417488903,49.00661744977793],[-125.29357875052665,49.00770696206459],[-125.29218764607774,49.00573726436188],[-125.29769795590863,49.00184916147392],[-125.2973883359055,48.9998837535568],[-125.30016604581748,49.000215668463944],[-125.30254164075082,48.998926752734974],[-125.30551202861538,48.999308369526176],[-125.30616265865245,49.000662861431785],[-125.31423993920414,49.001454675658366],[-125.31725155887234,49.00447966046611],[-125.31940103562818,49.003663657717574],[-125.31996665622653,49.00581135536568],[-125.31545643279048,49.00587396313587],[-125.32404814001104,49.00948006937402],[-125.32177544690906,49.01179306629534],[-125.32358795886697,49.01224307060484],[-125.31954814934403,49.01477957241967],[-125.31691562811683,49.014319556264404],[-125.31102112980139,49.01642736188147],[-125.30710345440006,49.014534654761185],[-125.30018093741683,49.017471357057765],[-125.29533844092765,49.01626366055047],[-125.29567085022185,49.01751545199443],[-125.29288212491241,49.01785876061544],[-125.29228392423697,49.020030668578706],[-125.27850314841646,49.016021467131615],[-125.28187395192472,49.0182218590403],[-125.28099154858832,49.01929146483327],[-125.28246133339555,49.02089087280316],[-125.27796605463571,49.01980986777695],[-125.28097136548104,49.018815768477495],[-125.27684083030513,49.01824896626057],[-125.27562222351655,49.0197130648053],[-125.27873502730412,49.02135086731417],[-125.25530685021023,49.02541127282077],[-125.25444085130495,49.02741517249052],[-125.23634253436707,49.02805607268023],[-125.21399263485641,49.03433535347902],[-125.21200924682647,49.03341966371928],[-125.20177632338208,49.03658425743265],[-125.19899605100049,49.0399211705733],[-125.21405563914577,49.03607005639891],[-125.21880174527234,49.03635636826644],[-125.22130905433892,49.03457187475727],[-125.22578044580482,49.037581156078375],[-125.24180083488649,49.03201677747826],[-125.26172914904907,49.028856450639736],[-125.26369996171121,49.02677566270425],[-125.28042504599425,49.02423345661345],[-125.28777334572369,49.02489716670392],[-125.29006833902393,49.02360115519745],[-125.29843374389478,49.026124857466364],[-125.30140754497889,49.02449126367139],[-125.30463434386385,49.027709952912936],[-125.30759723030323,49.02727275652935],[-125.31552142076852,49.0317290577368],[-125.31426125421542,49.03349086574725],[-125.31520554267142,49.03408476215772],[-125.31839984179615,49.03363325652684],[-125.32039785556823,49.03539217273208],[-125.32190436100392,49.03307636905626],[-125.32534916262715,49.033285763073685],[-125.32580993248432,49.03144147673618],[-125.33076824865711,49.03065804944271],[-125.33756304896139,49.037591174992905],[-125.34257353150532,49.037913058033034],[-125.3487201236101,49.04085546606998],[-125.35170314930194,49.0405606539153],[-125.35044062604588,49.03906666132196],[-125.35663192802268,49.0383018680588],[-125.3585133427362,49.04162736729803],[-125.35872654370742,49.03947256758981],[-125.35646953886379,49.03775637970511],[-125.35819354564812,49.03518286660773],[-125.35668456362407,49.03361336504912],[-125.36363774600204,49.02991745528695],[-125.36207853869242,49.029085766387674],[-125.36389633570614,49.02702357033224],[-125.36344714168894,49.02474767356909],[-125.357623544683,49.019640450967614],[-125.36068922955559,49.016779162976164],[-125.36127713296767,49.01763085973154],[-125.36053645177451,49.01352626442166],[-125.36331243850873,49.011219057814266],[-125.36336343419582,49.009410369898475],[-125.36042863107131,49.00925367376815],[-125.36217904683545,49.0083905712137],[-125.36175264170906,49.00689657843847],[-125.36503692880255,49.00636246575585],[-125.36820194811348,49.00331896801479],[-125.37179645312958,49.00325487000945],[-125.369330641875,48.999715772196964],[-125.36966894484206,48.997620763927536],[-125.38521101123754,48.9976420592399],[-125.38490430690865,48.98927169584141],[-125.3938277440048,48.98474295322579],[-125.39116784563224,48.98086635866781],[-125.39227174157608,48.978809778863024],[-125.41819735671311,48.96378437095472],[-125.42513483921336,48.963747369712046],[-125.43205075790735,48.95814015636919],[-125.43330664692162,48.95477625991638],[-125.44168724954389,48.95321245899719],[-125.44585792692652,48.94995816792724],[-125.44461694184167,48.94860796993289],[-125.44655543807167,48.94800836909241],[-125.44515454573673,48.94560856608005],[-125.4469020693094,48.94280146824276],[-125.45718433058548,48.942744474900124],[-125.46099042363016,48.94127755879702],[-125.46267355805638,48.93523177301082],[-125.46912414130881,48.93119847536789],[-125.46935243646863,48.9266765616519],[-125.47304275483972,48.92510427189904],[-125.47627302525756,48.92637606078485],[-125.48016944644175,48.92126176087651],[-125.48392872635779,48.92215326561926],[-125.48488296625281,48.92023487002308],[-125.48981894523675,48.920649373821576],[-125.49254404578664,48.92244386996966],[-125.4919640206399,48.92371566167825],[-125.49876645694097,48.923506257145206],[-125.50387654021532,48.927371555959674],[-125.50448285199805,48.92529795045966],[-125.50014693619364,48.921065157890496],[-125.5033135641234,48.92103246647224],[-125.50626583735628,48.92329836243534],[-125.51044834311394,48.92203796313908],[-125.51124083261598,48.92694145807861],[-125.51483985202641,48.92547734902033],[-125.51588135908798,48.927992559951385],[-125.51987144162975,48.92833715148172],[-125.51541925179427,48.929109169806146],[-125.5141461535451,48.930953475318546],[-125.5215925438453,48.934910813908296],[-125.52165207811414,48.94426047040622],[-125.5361449480962,48.9442124209625],[-125.53890433136637,48.94714526445018],[-125.54225684700896,48.94698156231191],[-125.54264084010128,48.9502301543206],[-125.54568494471721,48.952879177276294],[-125.55839436372662,48.958571765098085],[-125.55835483556827,48.96290136403175],[-125.56044083068838,48.962278968739724],[-125.56300144991893,48.96505615747156],[-125.56267275634146,48.96660997392026],[-125.56747893949566,48.96600046983893],[-125.5679584442387,48.970829962721545],[-125.57261092398339,48.972282562637865],[-125.57364694383158,48.974293598089226],[-125.5735746653481,48.980682403098314],[-125.57680899181338,48.980694212915715],[-125.57741136457376,48.9787549502998],[-125.58165694496942,48.977280158645115],[-125.58266324697958,48.97614217639508],[-125.58035945689092,48.97387206224814],[-125.58306184547772,48.97591715852596],[-125.5865065496861,48.975894358853665],[-125.58339893773825,48.97106917817401],[-125.59004783895585,48.96670966656431],[-125.59143092796579,48.96239470746523],[-125.58991460175103,48.961796987233946],[-125.60141754693218,48.95699796006762],[-125.60427924913226,48.95842647731155],[-125.60100904579342,48.959678355541875],[-125.60131656741379,48.961894465787545],[-125.60809553129212,48.962461259771615],[-125.60808954670406,48.96392816292601],[-125.60335922846829,48.96359346641481],[-125.60572623975028,48.967840467833064],[-125.60813172830917,48.968667958979665],[-125.60760874894775,48.97118167418836],[-125.61353082498485,48.9712984610075],[-125.61350805780894,48.97295486810212],[-125.61761204972316,48.9743192564644],[-125.6175934327683,48.97735997505462],[-125.6156015569906,48.976380070863314],[-125.6126103400438,48.977715956870924],[-125.61455216301404,48.979840867206875],[-125.61070614793563,48.98105287143513],[-125.61137515100135,48.98495944970639],[-125.63528953707123,49.00087076232378],[-125.64245134066256,49.003892951464444],[-125.6538977442394,49.00339587945303],[-125.65818703686514,49.00072406951997],[-125.65794354274571,48.99744555281215],[-125.66021984676077,48.996546855388864],[-125.66419382077551,48.997733262426735],[-125.66563953248101,48.99690716414991],[-125.66501395303949,48.99568946526204],[-125.66893645271162,48.995391863111664],[-125.67288436198103,49.00095906998953],[-125.6711916306331,49.00176377181392],[-125.67459393289255,49.00275497027062],[-125.6733675367601,49.00435867472014],[-125.67588795515091,49.006719953776845],[-125.68032475807317,49.00859566973643],[-125.67554505444434,49.009246568807114],[-125.67643285075421,49.01077326664042],[-125.67376843851835,49.01516266718309],[-125.6749897447893,49.0195435531745],[-125.69534372171788,49.03827766200146],[-125.68682263901763,49.0327730707225],[-125.69713353933506,49.04049366886585],[-125.71195093224044,49.04572475648511],[-125.7202836431944,49.05218646487231],[-125.72275743882918,49.05162387158367],[-125.72542454902309,49.05609585221916],[-125.74215095264302,49.06549716355626],[-125.76034625623038,49.071658273948294],[-125.77775519861929,49.07198162566001],[-125.78415244508015,49.074794629853564],[-125.7835620998414,49.06902204148351],[-125.78738214289676,49.06364847204568],[-125.80218186244156,49.068975062510766],[-125.81045142428792,49.06994346148675],[-125.81546396162143,49.06849936343321],[-125.81666922049986,49.06582466254849],[-125.81488515119511,49.06431216503748],[-125.8215143459332,49.06288085754637],[-125.82126186353345,49.06519086825745],[-125.82328024824696,49.066508254392694],[-125.8273477638742,49.066039771020165],[-125.82783652716368,49.069842358058615],[-125.83114685401281,49.07168675461303],[-125.83399715368746,49.070770966141815],[-125.83739865965894,49.07349406325666],[-125.84189864807887,49.07484987029444],[-125.84415986574459,49.07390426517183],[-125.8418327322772,49.075373959863164],[-125.84545083090259,49.07708447354089],[-125.85085685713244,49.07632107295353],[-125.85013363540857,49.077328066785604],[-125.85407095560905,49.076943473980094],[-125.85206175691239,49.077981773061445],[-125.85339574272997,49.07855285311462],[-125.85881674486801,49.077815062174416],[-125.86149945806886,49.078962954303755],[-125.86025875070229,49.08118907349761],[-125.86361273731788,49.08044987226433],[-125.86275803991468,49.083214280499575],[-125.86831604162067,49.08221306629598],[-125.86939053519234,49.083984759422655],[-125.86721034733058,49.08656827684747],[-125.87177404301174,49.08446617540437],[-125.87230894363141,49.08636885172665],[-125.87430753475644,49.08612965998073],[-125.87203505021164,49.08731175475241],[-125.87393444416892,49.08891107760718],[-125.8821987482142,49.088965248206485],[-125.88343273341012,49.09015875661468],[-125.88188034494824,49.090791052681716],[-125.88540284142582,49.09271807983483],[-125.88425955922816,49.093798965061644],[-125.88655896128742,49.09258986454113],[-125.8871374473035,49.094528166586784],[-125.88951994013622,49.09427896833386],[-125.88747156388516,49.09674147057262],[-125.87394284618472,49.0964052714654],[-125.87352537869182,49.098169575873094],[-125.85897070360527,49.09742353773793],[-125.85894385106548,49.095517996264704],[-125.85544100074613,49.09547540306613],[-125.85543494768498,49.09391866412034],[-125.84836675320574,49.09377754917868],[-125.84825200935619,49.096591836308775],[-125.84467225345632,49.09439576007817],[-125.8508511481645,49.09820124896038],[-125.85003275910124,49.099723671247034],[-125.84786734444903,49.09851887142768],[-125.84657134769988,49.09906286933014],[-125.84969003857077,49.10043436648115],[-125.84731484920731,49.101528176568806],[-125.85067723003625,49.101885671673195],[-125.8494586644796,49.10259066901393],[-125.85753703596781,49.10679917242099],[-125.85516883585512,49.10993526061589],[-125.85764825115614,49.11301296180178],[-125.85627744485902,49.113730758574484],[-125.85178984075597,49.112906161530134],[-125.85229323499617,49.111419362137305],[-125.84876935527015,49.109958074004],[-125.84997304829128,49.11159306102446],[-125.84877214581934,49.114051274054134],[-125.8458206409283,49.11231657485764],[-125.84212984401914,49.11438596796684],[-125.84287894373644,49.11263136656828],[-125.84044744368745,49.112520260855476],[-125.84133062217352,49.110717160339924],[-125.83722933462305,49.10872186592689],[-125.83747614895434,49.10728627210704],[-125.83450375880918,49.10588336092108],[-125.83307033517681,49.1025977680409],[-125.83602286442185,49.1008075612989],[-125.835479662271,49.09895886812448],[-125.83973106393542,49.099492971230454],[-125.83789453240345,49.097558855437406],[-125.8343804386932,49.098671260025796],[-125.83275752918709,49.097352370524476],[-125.83261995328331,49.09903727529426],[-125.82761504149812,49.09943887676332],[-125.8274491474459,49.10133306454432],[-125.82539835138361,49.100222163316076],[-125.82538513071053,49.102643366103656],[-125.8228569643121,49.10176886416083],[-125.82355955834817,49.099457369472276],[-125.82318743635426,49.09842336349675],[-125.82019393983184,49.103138966283296],[-125.8161781379783,49.102661862326855],[-125.82038275224001,49.106013068245666],[-125.82382113408417,49.10669376502144],[-125.82399703142366,49.109325770573044],[-125.82164892282368,49.10923886228053],[-125.83452983615821,49.11427627817221],[-125.83368772904701,49.11609645963431],[-125.8373303283003,49.11770717182775],[-125.83517964056372,49.11917277373259],[-125.83553812882504,49.12210655607134],[-125.83100443025832,49.122649172700754],[-125.82728013952449,49.120285073001824],[-125.81842023756644,49.11925955659485],[-125.81609524954418,49.1205399658276],[-125.81220373118475,49.11912425829279],[-125.80744253165157,49.1200044703355],[-125.79353662775259,49.112074457756506],[-125.78560814605626,49.110250063843004],[-125.78487445838307,49.10667815879501],[-125.78115804601086,49.10639895781624],[-125.78290553880178,49.10456606324323],[-125.78301044857277,49.10007405466021],[-125.77528554362925,49.09911847630315],[-125.77711812364716,49.09761586569296],[-125.77840425528953,49.09388725290125],[-125.77549443393757,49.097960570797014],[-125.77247733685762,49.09571316669944],[-125.77351054477312,49.09803606546308],[-125.77048763969253,49.10154527840678],[-125.76863034987561,49.101184950799436],[-125.7685365382687,49.09874957184845],[-125.76615816863058,49.1000840679582],[-125.76476244678246,49.09864127701834],[-125.76709935788479,49.09607486615948],[-125.76334904734227,49.09340307763057],[-125.76499032459611,49.092364860206445],[-125.76657013547498,49.088755853647115],[-125.76189803257778,49.09440997480994],[-125.76603414841296,49.09589395089854],[-125.7623383514754,49.098655571649616],[-125.75777465193151,49.094931274020354],[-125.75771533652845,49.089893856989924],[-125.75971164348368,49.08858787618874],[-125.75991956629143,49.0878799657212],[-125.75711705395062,49.089251473366495],[-125.75626175728607,49.09333896681148],[-125.74648266872475,49.090657168284864],[-125.74587236487449,49.08677626883684],[-125.74907745825371,49.08627635747625],[-125.74250225831655,49.085048662514566],[-125.74209316283944,49.08334817141192],[-125.74520296501197,49.078632562971606],[-125.75084404731942,49.07661735568301],[-125.75283052564092,49.07416766758157],[-125.74338594314857,49.077226851134114],[-125.7448693655121,49.0735837676776],[-125.74427849515082,49.07204131137337],[-125.74191755061314,49.0736991657936],[-125.7409439468801,49.078148349769144],[-125.73822644184642,49.078518665258066],[-125.73597913891459,49.07799596675809],[-125.73601795158824,49.074747348631334],[-125.73452515851497,49.07523297068362],[-125.73315874655985,49.07327755627541],[-125.73468575806594,49.076416572947124],[-125.73058403581115,49.078276565924654],[-125.73341305177233,49.07842605848489],[-125.73147314001821,49.08074755633475],[-125.73490664205671,49.07893875653471],[-125.73956352486996,49.081690363659604],[-125.73786423125392,49.08513976901981],[-125.72981656734618,49.088515165785665],[-125.72533626377584,49.08622786985143],[-125.72703913997137,49.0890492704272],[-125.72501865362521,49.09094205670947],[-125.72645646111314,49.09092496162742],[-125.72646812354694,49.09489275783352],[-125.7292784599857,49.09767855829451],[-125.7345447437238,49.097769655842235],[-125.73628503717052,49.10025636285854],[-125.74172354841397,49.10022647363312],[-125.74234475726556,49.10206506121275],[-125.74884306311526,49.10534646771311],[-125.75252484727795,49.10476395892678],[-125.75776863610722,49.1076536639674],[-125.75762644163432,49.10905936682527],[-125.73801415588936,49.10978856534003],[-125.73169055838173,49.111907861168845],[-125.72132634111611,49.11110027742887],[-125.7185867603172,49.114394460871466],[-125.72075183249208,49.11812306998355],[-125.72418436033576,49.11998456375746],[-125.72284355128481,49.12326444693385],[-125.71337202947734,49.127050058550765],[-125.70822942893383,49.1262809710791],[-125.70898135831418,49.12900687261234],[-125.70762043753102,49.13018187909956],[-125.69879524332002,49.130000970357216],[-125.69689176093735,49.13207886311573],[-125.6980204413757,49.13390615548794],[-125.69472793001694,49.133649764238875],[-125.68488834656566,49.140834958388126],[-125.67431764910953,49.14008156173012],[-125.67423094896783,49.13748377631765],[-125.66802594547937,49.13630456911338],[-125.66608783064315,49.13875986642975],[-125.66947703678997,49.14011287040361],[-125.66946223795325,49.141848964118616],[-125.6650309374068,49.14107847528974],[-125.66409192723034,49.14527565819917],[-125.6676636580901,49.146910672409355],[-125.67105832252474,49.146571664144226],[-125.67131476280252,49.144450966832565],[-125.67545834001608,49.14521867417218],[-125.67586763208313,49.14697327429343],[-125.6745540415903,49.147534453347276],[-125.68084224402192,49.152516263399015],[-125.68019095276387,49.15415986533966],[-125.67752362562612,49.15581476062757],[-125.67486482101955,49.155354758498135],[-125.6693980369861,49.1516204749569],[-125.66895374971277,49.149489854989795],[-125.64968125878963,49.154342173112695],[-125.64976475756062,49.15743555593718],[-125.64498264826953,49.1593268552359],[-125.64024484066762,49.16413216667084],[-125.6398272527025,49.16968375226671],[-125.63705893210658,49.17156365662354],[-125.63843236641766,49.177794566009105],[-125.63498106159493,49.179446670749996],[-125.63677443297073,49.181457655200674],[-125.63049164911644,49.18590117208337],[-125.63071735828217,49.18783957272495],[-125.62756192770844,49.18837936470302],[-125.62736453909652,49.19163217923084],[-125.62513615302761,49.192077954768905],[-125.6241380587305,49.19267615777313],[-125.62798312016918,49.19321026057642],[-125.62737174865212,49.19204527199376],[-125.6309694368349,49.192062368039686],[-125.63147443390434,49.19043156414148],[-125.63505853505329,49.191788871603244],[-125.64004604085122,49.18954287488066],[-125.63922316465849,49.19185587124783],[-125.6411567463487,49.19158665472317],[-125.64129473934533,49.19366165809561],[-125.63633972112642,49.19676226416266],[-125.63196214179223,49.2004152571783],[-125.63098586680242,49.199079368005776],[-125.61853955058866,49.2002443559874],[-125.61663185751526,49.2023379686057],[-125.60188085945497,49.2035442724982],[-125.60013073905162,49.205518272584605],[-125.60263943674471,49.21091315531282],[-125.59838875292722,49.21394245639406],[-125.6003071337301,49.2182720766611],[-125.59320743557387,49.23090057522774],[-125.59567065799553,49.23358945819337],[-125.60052395749966,49.23340855650926],[-125.602752850787,49.230604248820015],[-125.60127312262091,49.22545576613563],[-125.60308025759622,49.22560386153741],[-125.60599375144432,49.219340163700984],[-125.6090971376461,49.21906245825934],[-125.61031613069348,49.21534676263036],[-125.60879356517285,49.21198986518271],[-125.61065002829808,49.21180326420121],[-125.61726445697298,49.21717827401121],[-125.61996515709725,49.21681936862522],[-125.62341464407174,49.211954261974704],[-125.6291446256618,49.21175206524755],[-125.63415372993113,49.20885806879182],[-125.64210913907648,49.20763316581483],[-125.65283674428731,49.20361695480732],[-125.6555380471471,49.20149485571317],[-125.65474623258865,49.20053207120943],[-125.65677745389031,49.20054917553857],[-125.65430674032677,49.19183306885856],[-125.65561552919704,49.19037316993594],[-125.65422625283529,49.188524575658704],[-125.65613844192298,49.188346579120946],[-125.654127147208,49.18590976526143],[-125.6563316474452,49.18583136201941],[-125.65680436652448,49.180557565118185],[-125.65632845684922,49.17833726372931],[-125.65521063939288,49.17794837188969],[-125.65553973887823,49.177194960638595],[-125.6546904526646,49.17489346342266],[-125.65711352474581,49.17144546250928],[-125.65972014373729,49.173994766949484],[-125.65925163150115,49.176020068792795],[-125.66039764349816,49.17587755850547],[-125.6626900334733,49.17232415550519],[-125.66192774097938,49.17118195089054],[-125.66465646246539,49.171388472178776],[-125.66419382252857,49.16839476608363],[-125.66757563047874,49.17029616108054],[-125.66993014129677,49.16917096391614],[-125.67285936325204,49.17057816237681],[-125.67173915682216,49.1714411729309],[-125.6725239497125,49.17377114747976],[-125.6691539516612,49.17719497424657],[-125.67163184049504,49.183202375921006],[-125.66907354594694,49.183864553810835],[-125.66749154071752,49.186356958571295],[-125.66991613968044,49.18957567159007],[-125.67300705421714,49.18985475742498],[-125.67278144059878,49.192819951463015],[-125.66863876533797,49.19390526557255],[-125.66879023931725,49.1982291750482],[-125.66755295806371,49.19897825596452],[-125.67040824165656,49.203050052654994],[-125.66876233003548,49.203834869787],[-125.66742664497652,49.20196765888783],[-125.66461883597547,49.20312126470617],[-125.66736224463297,49.20459537008234],[-125.6653835224067,49.206359959616364],[-125.66674954718545,49.20774995253795],[-125.66497854655717,49.210075758382445],[-125.66760585514102,49.21271475332599],[-125.67143462716848,49.2106112610027],[-125.66905885238943,49.21315776051919],[-125.67084553788683,49.2147086670806],[-125.67007224876339,49.213116348069484],[-125.67445422770929,49.209083071301414],[-125.67419405420078,49.206273065010826],[-125.67677393870487,49.20220126505272],[-125.68258581977203,49.20149056266439],[-125.68078903160277,49.20025435811274],[-125.6821457555917,49.19922467188555],[-125.6786147584404,49.19916196298053],[-125.67750645581565,49.194140262047625],[-125.68029733488174,49.19295107772209],[-125.67824105145395,49.191964056042465],[-125.68184213305366,49.19208796300043],[-125.68269655018395,49.19440656531758],[-125.68073744372052,49.195748170319725],[-125.68333645434893,49.19684906005543],[-125.68862854798178,49.19116505924018],[-125.68797175741443,49.1808252657472],[-125.69316113425312,49.182117079009856],[-125.69589234941168,49.179579154082454],[-125.69504635172189,49.17767357443052],[-125.69688063835598,49.17782876945107],[-125.69578425034348,49.17584766151371],[-125.69874122488832,49.1762194671584],[-125.7012705335383,49.173524877242386],[-125.71094493970102,49.17830876451034],[-125.71413404125286,49.17662387840374],[-125.70584165081519,49.17302066257489],[-125.70789554090025,49.17196526278309],[-125.70565435128673,49.17062365812438],[-125.70358465313508,49.170150865726484],[-125.70406592638885,49.169149665462555],[-125.7030738231512,49.16831786025856],[-125.70548064271729,49.16591387327069],[-125.71031756308278,49.164557963233456],[-125.71442854863659,49.16596366569254],[-125.71404683734703,49.161231060043896],[-125.7164095591386,49.16204855988549],[-125.71481504323496,49.15923427043509],[-125.71802784553242,49.15805215011155],[-125.71598634148921,49.155059969957534],[-125.7189858521937,49.15399886222393],[-125.71900265098832,49.14902276493074],[-125.72160652417567,49.14924916394391],[-125.72183923864601,49.1462568568159],[-125.72447633924025,49.14431425157682],[-125.7290993520505,49.14285584969029],[-125.73482544786641,49.14497794958878],[-125.73530483631825,49.15191246004031],[-125.73137754915793,49.153598660407546],[-125.73173524474613,49.15461555711484],[-125.73092635807292,49.155363261892866],[-125.73113643453283,49.15619506218234],[-125.73326043355154,49.15690995624954],[-125.7330132625802,49.159128860235235],[-125.73595675875754,49.158267262122195],[-125.73656726096253,49.160403572079204],[-125.73959924438732,49.15991645656248],[-125.73797534628467,49.16281616119147],[-125.73921145160602,49.16231916459171],[-125.74046763848368,49.1686867807543],[-125.74452503045734,49.171100771288245],[-125.74892452535144,49.1697634652861],[-125.74156814766543,49.16351406957128],[-125.74397613911204,49.16140627171489],[-125.74447305567499,49.15203636032311],[-125.74291445053593,49.15163326889346],[-125.7429730184076,49.149697760555014],[-125.75134204164164,49.14480136378452],[-125.75757735399266,49.14671267061785],[-125.75771025731254,49.14883327289649],[-125.76212952196857,49.149140962733846],[-125.76762263329589,49.14805567508252],[-125.77002734985496,49.145408065738316],[-125.76856904066304,49.143130752318946],[-125.76507876754305,49.14324046951358],[-125.7674653461282,49.141797658649644],[-125.76113344625082,49.135679269989204],[-125.76133655947851,49.131193059252446],[-125.76635705856316,49.12925606295127],[-125.77333873560829,49.13079856759232],[-125.77371205239491,49.13332646425855],[-125.77842553083434,49.13179115951445],[-125.78293404534388,49.13834967806431],[-125.79085442838617,49.140470356247626],[-125.79274704373488,49.14583107055582],[-125.78373333922782,49.14405227775889],[-125.78144914750116,49.14685076808299],[-125.78474974490233,49.14920077903222],[-125.78252714058965,49.15188966034805],[-125.77028884443534,49.1474076643882],[-125.771685531653,49.149569667353596],[-125.76733085445997,49.152903672962225],[-125.7722208570141,49.154000373334604],[-125.772366439626,49.156606676181305],[-125.76926214021427,49.15923576199175],[-125.76904313604578,49.162705055918906],[-125.76294824732008,49.169049970763815],[-125.75650935355054,49.17218176686881],[-125.75621464953647,49.17379117192918],[-125.75923485141332,49.17700275459043],[-125.7577281507152,49.17755956788796],[-125.75539543035602,49.17535776631098],[-125.75065323390163,49.17988815874108],[-125.74607273509996,49.180717061145],[-125.74520216425206,49.184318865705414],[-125.7465314596378,49.187247059685305],[-125.74939774705415,49.18646807405713],[-125.75162024370871,49.18819557628493],[-125.74948523485324,49.191746161043326],[-125.7506173435918,49.19557015539688],[-125.7534238429169,49.198166472988056],[-125.75067894405642,49.20016605367754],[-125.7504457360745,49.20261857080723],[-125.75353934958147,49.208168673251734],[-125.7492439455924,49.21188736531384],[-125.75108193328745,49.21312067162655],[-125.75181515900299,49.219635064418846],[-125.75423695821006,49.220441161811],[-125.75419375442345,49.223132870887454],[-125.7518118472688,49.22425085662767],[-125.7516827559325,49.22689845514739],[-125.75278583766486,49.226954054140286],[-125.75098053191357,49.22784277300786],[-125.75011792987408,49.2330809557393],[-125.73956492895219,49.24098816331788],[-125.73993243526553,49.24291375575157],[-125.73654366174681,49.245252260517866],[-125.7373902410564,49.24690575941285],[-125.73559303572108,49.24793835591951],[-125.73692935039658,49.249003660786286],[-125.72526954924354,49.25836636667612],[-125.72899633675355,49.25889906688335],[-125.72878413843738,49.260280556174884],[-125.73377975363472,49.26262765609901],[-125.74154693476265,49.259653875568894],[-125.74272902288205,49.257682759850454],[-125.74734546414473,49.2588591707504],[-125.75337765952884,49.25610756067652],[-125.75479903748509,49.25177228262887],[-125.75825852635556,49.24851365933783],[-125.76753133617211,49.246717754648614],[-125.76625633875665,49.244552965798775],[-125.76801475366887,49.243332474510424],[-125.77279933867183,49.244602870669176],[-125.77878836388606,49.24014936498668],[-125.79960904126214,49.23974487446997],[-125.81214635331779,49.24563966579664],[-125.81238792968398,49.25183216837513],[-125.81398824218714,49.25362946849645],[-125.81148114925001,49.255470953570146],[-125.80926494083492,49.26049986693253],[-125.80975105393368,49.26324146710321],[-125.80832272778339,49.264454861898685],[-125.80639974628922,49.275172054229564],[-125.80682814256822,49.28100986593579],[-125.8014291519774,49.29224265178595],[-125.80258185664906,49.29512097356315],[-125.79186395042152,49.309936965950996],[-125.79203093222841,49.31702246768103],[-125.79417773900602,49.31872437203843],[-125.79239764831897,49.32276207276569],[-125.79282704105859,49.32842035284903],[-125.80117022799946,49.33181716094172],[-125.80173763295637,49.33455585522929],[-125.79899955380561,49.338697453628704],[-125.78782876210663,49.34422196498068],[-125.78747415154238,49.34839636828282],[-125.7853987495206,49.351145077842965],[-125.77284065097946,49.35536075262563],[-125.7708226234345,49.35793716708156],[-125.77187674164772,49.3607271726582],[-125.77709005157858,49.36232085725358],[-125.7774213325052,49.3650211763231],[-125.77872075923966,49.36411677143766],[-125.7764282250029,49.370641064586316],[-125.77988385182698,49.36129967323191],[-125.78345224182095,49.36108746529522],[-125.7912280498404,49.35680777716573],[-125.79646464353148,49.349357661792936],[-125.79674415120668,49.346030769967626],[-125.80378383133548,49.34462785875793],[-125.80694722061335,49.34190486339468],[-125.81044323000523,49.335594161423856],[-125.80858085542961,49.33358025421938],[-125.8110528360333,49.330595172863276],[-125.81067123545004,49.32705176077619],[-125.81350314688285,49.32599215919192],[-125.81189774570117,49.324160559069554],[-125.81634794022409,49.32279196011082],[-125.81466432769673,49.31403445807308],[-125.8198361500836,49.30675677430742],[-125.82099712783658,49.29843226924866],[-125.82431416763242,49.296533767030304],[-125.82884684163734,49.29906885699171],[-125.83246723701829,49.292843665672876],[-125.83244406193685,49.2900379597382],[-125.83786762708301,49.29202756318653],[-125.8366519611224,49.29050087309933],[-125.8373947450584,49.288350257978905],[-125.8389708622638,49.28848276316208],[-125.83898843806266,49.28544065430368],[-125.83508255934905,49.276332764252324],[-125.83772504745873,49.26873885733116],[-125.83375483570458,49.26469697581964],[-125.83429923478019,49.26148116960177],[-125.83741904217091,49.26005405365598],[-125.83863695182023,49.261859970588],[-125.83721094824698,49.26360465179102],[-125.83908604516265,49.26369297376039],[-125.84142195711689,49.260820275186155],[-125.84910533524622,49.259586960738346],[-125.85606524939368,49.254898448677636],[-125.8681393297709,49.2571543679113],[-125.86634454283812,49.258909070192594],[-125.85935163516436,49.25921667563372],[-125.86269433767455,49.262120559118756],[-125.86166175572853,49.26373847049576],[-125.8577062495446,49.26189416341828],[-125.85360535737607,49.262768672837495],[-125.85536105181365,49.264137262165974],[-125.85801183853955,49.262929565529745],[-125.85942625781487,49.2645673739521],[-125.85797294722008,49.265819276975094],[-125.86257515469545,49.266703662424575],[-125.85963475786403,49.26959196667863],[-125.86227304108743,49.272387761162754],[-125.84973053197042,49.273300668117464],[-125.84905584717299,49.275666273297034],[-125.84754383508553,49.27495557003139],[-125.84236292314287,49.27765726375044],[-125.84837282741375,49.27719445966143],[-125.85138065760763,49.27855887190582],[-125.85505385829285,49.277146059554006],[-125.86010535033648,49.27844206466947],[-125.86012426052702,49.27662475958711],[-125.86603102913418,49.27294175625045],[-125.87321843159654,49.27477896140174],[-125.88058535272856,49.28037185811688],[-125.88063714888236,49.28221477655388],[-125.88364972448505,49.28339826187351],[-125.88614525536389,49.28234725134058],[-125.8852401505768,49.278627164781206],[-125.8900687377861,49.27982777625544],[-125.88981926180975,49.27745936126412],[-125.89241854116054,49.27744797796793],[-125.89553406205329,49.28085176067454],[-125.9044230384292,49.278631479816596],[-125.90696255735882,49.27641685906931],[-125.90535875233847,49.27908436193737],[-125.91272073570661,49.27962837191037],[-125.91308494727372,49.27812587711287],[-125.91735875061934,49.27808027491824],[-125.91640683835996,49.27686255798845],[-125.91989184202005,49.277180178889715],[-125.91630486189123,49.27488576494069],[-125.91736044155314,49.271818073896945],[-125.91557556061214,49.27116146576134],[-125.91585783643708,49.26895117092349],[-125.91392273424017,49.26713667119672],[-125.9202697693046,49.26332406864092],[-125.92599895495445,49.263502053387334],[-125.92504045595146,49.26126896537536],[-125.92696534287793,49.25755888074063],[-125.93599615421833,49.258471751307866],[-125.94448804947665,49.25078814984046],[-125.9431152484417,49.246450054174765],[-125.94125043847947,49.24810777719866],[-125.9381933441603,49.248006651600406],[-125.93639683309763,49.24485776186063],[-125.94025514771073,49.24293367277236],[-125.94276454376589,49.244713975256126],[-125.94359143566345,49.24175016989158],[-125.94642876981459,49.24116476753203],[-125.94712653786306,49.24248788079064],[-125.95443875566608,49.24066346280822],[-125.95775355127185,49.23523436882363],[-125.95906033139235,49.23571436136456],[-125.96055045604426,49.23350686525455],[-125.96271134979797,49.23494525481327],[-125.96230343293804,49.2322834660667],[-125.96597733284877,49.230993064674855],[-125.96615293781737,49.22910747704896],[-125.97343824361482,49.22686857896557],[-125.97480605519928,49.22908326638525],[-125.97965744465974,49.228651674886024],[-125.97987884396622,49.2307338553911],[-125.98259874253188,49.23094187334228],[-125.98173433361883,49.233717558497965],[-125.98604364041998,49.233642160483505],[-125.98624935181711,49.235913748711766],[-125.99098395331126,49.23763556689995],[-125.99446984845717,49.23620427601809],[-126.00138464000686,49.242475056074824],[-126.00535953881119,49.24172447138945],[-126.00538304304983,49.240446972865634],[-126.0130446333563,49.24328116022504],[-126.00909963924988,49.244664079411315],[-126.00936304797757,49.247351552728475],[-126.01143534145723,49.24851227519941],[-126.01108145404184,49.25076116650552],[-126.01369384980657,49.25279056963729],[-126.01254425182991,49.25450535817663],[-126.01920903634219,49.257278280531445],[-126.0195906410842,49.26053686126896],[-126.02084593966426,49.26160366789114],[-126.02291353114285,49.26058526859617],[-126.02406845184802,49.26219036585655],[-126.02298004394338,49.26336816100694],[-126.02508835649932,49.26625657198643],[-126.02390033731925,49.26771066673099],[-126.02619575320291,49.27117006129305],[-126.02594265395459,49.27535575018526],[-126.03244515899951,49.28455616192102],[-126.02784143960315,49.28656147164239],[-126.02119114240467,49.286201170422316],[-126.01607266399581,49.27964546769688],[-126.01553673797181,49.28213218146351],[-126.01130704916095,49.280205272222474],[-126.00750924981418,49.28092585662392],[-126.01035836548706,49.28451776898728],[-126.0082541504022,49.28407626380509],[-126.00852823692907,49.28659277936318],[-126.00446495081732,49.28306076310769],[-126.00259026822133,49.28311917088127],[-126.00602684818286,49.28520565581504],[-126.00406042139993,49.28563146261671],[-126.0056144350863,49.28746297596462],[-126.00430374936448,49.289119350163325],[-126.00675135203086,49.29005645625169],[-126.0037748412152,49.29218286071098],[-126.0132297455717,49.2963956775527],[-126.01859663176863,49.29548127352033],[-126.01538383859432,49.301039953473314],[-126.01729593752006,49.30404076628747],[-126.01175715124474,49.305526264455054],[-126.00122373288619,49.30474005937931],[-126.00141242757246,49.302756163005256],[-125.99662015977687,49.30254675578425],[-125.98101903952818,49.29434047550024],[-125.97630413680689,49.29349876851478],[-125.97106454982512,49.29420097364483],[-125.96975144967723,49.2957105589803],[-125.96660382922684,49.29412685884939],[-125.96740986083041,49.29792946622395],[-125.97139123368225,49.301246460766954],[-125.96694994079171,49.30262936110816],[-125.95534696705055,49.30232316678368],[-125.9481282410669,49.29894495295166],[-125.94602645538247,49.30267925116185],[-125.94894754604685,49.30850565497284],[-125.95973014569861,49.31094677111314],[-125.95592286265125,49.3117286639258],[-125.95679065039828,49.3144773701356],[-125.94866453740363,49.31668207742827],[-125.94710775301465,49.32125666221402],[-125.95028444591128,49.32396547033446],[-125.94928905007693,49.32783216540147],[-125.95298383145759,49.329528469060165],[-125.95300044542435,49.33395346493187],[-125.94485393244243,49.33769766459843],[-125.94478753255666,49.3400291692685],[-125.93785913770981,49.347395174063095],[-125.93687404205554,49.35094567232688],[-125.93815004346736,49.351804479722276],[-125.93631415865643,49.35221035597851],[-125.93403226258661,49.36082547106798],[-125.93137093908032,49.36357415720707],[-125.93398874875727,49.37349376659023],[-125.92906234875758,49.37823355764396],[-125.9235702561974,49.379498255742874],[-125.92586294153523,49.384216675224835],[-125.93191502731304,49.379177760897946],[-125.93519883784889,49.38365697711822],[-125.93061823305311,49.39187886666403],[-125.9159253522177,49.39256536627197],[-125.90410052930041,49.39822515790023],[-125.90284802831073,49.40454575665776],[-125.89896525934056,49.40582186622916],[-125.89887606386466,49.40874726649049],[-125.895874141152,49.41090205639968],[-125.89825545130824,49.41833647308446],[-125.9020032465646,49.42059946635198],[-125.90674005915217,49.41884207111873],[-125.90783885932066,49.4204257607527],[-125.91026186704596,49.41964386699829],[-125.91193636433343,49.42228296911283],[-125.91310183867685,49.42170467897761],[-125.9130265313706,49.41811707558074],[-125.91699894186831,49.415795653574556],[-125.91337643893145,49.409363957712124],[-125.9190197467908,49.4063958583393],[-125.9190448290603,49.402661569238035],[-125.92454774047646,49.401542156798655],[-125.93222772813742,49.402930756479805],[-125.94524455522964,49.398380372885306],[-125.94834283870284,49.392561056676946],[-125.94780945056854,49.38756357678689],[-125.95264155382097,49.38657656922578],[-125.95448654158686,49.38425367235608],[-125.95534084571213,49.379660560702206],[-125.95263014920984,49.37627525679687],[-125.95651956483226,49.376085864560075],[-125.95954095263734,49.37224757369808],[-125.9596847246054,49.369383460463176],[-125.95711163520548,49.36898187454483],[-125.95542294345343,49.36630727397593],[-125.95654733711751,49.362562956192654],[-125.95953524979971,49.35886145248297],[-125.96699925884923,49.35495347394422],[-125.96659054101337,49.353425259405284],[-125.97148213530679,49.350484270621195],[-125.97309105152839,49.346339773443425],[-125.98304425654356,49.344014066585785],[-125.98488793921018,49.347879367459086],[-125.98581784564621,49.35798696777644],[-125.98739876231495,49.357729160808866],[-125.98678725028608,49.3553607562359],[-125.99048025144742,49.35536505982206],[-125.98906902678377,49.35367446253576],[-125.98950943829838,49.35074778006686],[-125.99128934264897,49.35057537379934],[-125.99213121968651,49.348088761800824],[-125.98935744465113,49.3384610508402],[-125.99111072737931,49.331048064504785],[-125.99007635084172,49.329437271723506],[-125.99468444049654,49.328246657579086],[-125.99493846075437,49.3260718715885],[-125.99991423977768,49.32118397093349],[-126.00565514672127,49.31923137557323],[-126.02337314334869,49.320967566356146],[-126.028777736623,49.324003978864006],[-126.03555553043806,49.32529286554686],[-126.03983634741408,49.332402458899935],[-126.04149485819975,49.332059273640596],[-126.04036395079513,49.33119336179191],[-126.04132534552116,49.32961675653807],[-126.04441085655287,49.330270471522816],[-126.04284815464489,49.33198516810774],[-126.04436853624433,49.33464275705185],[-126.0434233338817,49.33570667046806],[-126.04905012561767,49.334870666220844],[-126.04980373800599,49.33721916587661],[-126.05393753071459,49.33742426436126],[-126.05866524942687,49.3403068759942],[-126.05929025719058,49.34784376943232],[-126.06199496269372,49.35030627197747],[-126.06113976591863,49.35722926999224],[-126.05946084525984,49.3595165523635],[-126.0611881320428,49.36499556979609],[-126.05791434066508,49.369725369367046],[-126.06189613143918,49.37088746538287],[-126.06011473361643,49.37441387596173],[-126.06534703794223,49.37773227074952],[-126.06357406127277,49.379486861774645],[-126.0661408558755,49.38197206494394],[-126.06373294343068,49.38307156234652],[-126.06752215304783,49.384012969126694],[-126.07410923576448,49.39466175772012],[-126.0793747633211,49.39488537209088],[-126.08101694598926,49.393253257595006],[-126.08280142388917,49.39474726150501],[-126.08182453457358,49.398455855743364],[-126.06739914409994,49.402264280781914],[-126.06798276392797,49.404501669370234],[-126.0583169524739,49.407512473707015],[-126.0599315504382,49.413734854834516],[-126.06701425878558,49.41519176370654],[-126.0633675350438,49.41899586942094],[-126.06832074629395,49.41987746191518],[-126.06120992916182,49.42186416246368],[-126.05361934966777,49.42124897087532],[-126.03823115424336,49.426927270194106],[-126.03779863890269,49.429084957319866],[-126.03348285374436,49.432464566178865],[-126.03921315660445,49.43810015977179],[-126.03747483374137,49.43946746066999],[-126.04157682763788,49.43942046780353],[-126.04032584061423,49.44347227479277],[-126.04421374090323,49.444651579714055],[-126.03633755601733,49.44779615328374],[-126.03162644487492,49.4522368685568],[-126.03240362446707,49.45423645979499],[-126.02870244539018,49.45611075239095],[-126.03509673851023,49.456716066308466],[-126.03994926204818,49.45290056311004],[-126.04084256187704,49.44932436018219],[-126.04793155678003,49.446401865679206],[-126.04652373239583,49.44433256432247],[-126.04881583205025,49.445228369409776],[-126.05221185469938,49.442885562016365],[-126.0536221438172,49.43776697981842],[-126.05273442405375,49.43441436228608],[-126.057204770095,49.431622867479014],[-126.07131615428848,49.43047925810002],[-126.07563235061997,49.43235204862334],[-126.07422753931475,49.43347715299323],[-126.07707814142313,49.4347276765831],[-126.07535595675424,49.436060774544785],[-126.07673224910886,49.43798485874354],[-126.07866222770147,49.43822266281991],[-126.08343165290246,49.43597667380505],[-126.08888104994814,49.435754577614425],[-126.08845714649381,49.43429465105394],[-126.09393382484902,49.430798259717555],[-126.1218719497276,49.4299949783993],[-126.12396714074349,49.42906646250053],[-126.1230513328081,49.42610125613777],[-126.12534612511776,49.42601436195515],[-126.1225365644538,49.42357037243464],[-126.13832594582054,49.41723267367038],[-126.14305604683426,49.4136607633298],[-126.14449933862538,49.41040357091327],[-126.15035084885187,49.409117551078936],[-126.16346643942701,49.40978265702684],[-126.16782344932895,49.408099253842956],[-126.16789543614617,49.406158056384776],[-126.17303933821795,49.40325118055309],[-126.16826533586018,49.40139826153771],[-126.15832195436603,49.40383517420089],[-126.14877595156271,49.400874170476776],[-126.17312086048712,49.39800015671672],[-126.17816433663116,49.3980058647649],[-126.18417395436617,49.399934250645224],[-126.1865982196215,49.399965560284144],[-126.19181134579972,49.398014371797515],[-126.20657135238967,49.40292505043444],[-126.2143270682242,49.40156496898143],[-126.22072444406469,49.40448886153103],[-126.22577414278254,49.40415276720893],[-126.22901544719691,49.407558076025595],[-126.23011044512343,49.41262246619428],[-126.23614624398907,49.4146477747988],[-126.23797013994992,49.41875797230089],[-126.23582165380682,49.42384386776793],[-126.23105095826831,49.42773337138199],[-126.22043933167762,49.42585907352864],[-126.2157408600666,49.427993958474254],[-126.22166474744841,49.42982836122374],[-126.22553824497191,49.42888695929927],[-126.23328285173204,49.43294165803178],[-126.2257651492287,49.435388464182374],[-126.22544912459472,49.44169636110525],[-126.21962903299337,49.44483095622874],[-126.21466864590941,49.44471996376348],[-126.2149891528395,49.447075554005906],[-126.21875972371636,49.44652866578133],[-126.22127615515733,49.44813655395659],[-126.22319244595752,49.44696735937741],[-126.22243824683075,49.44565416370902],[-126.22503216163969,49.44567986160201],[-126.22429613525472,49.44402486105291],[-126.22590604536603,49.44214777043554],[-126.22763705876943,49.442539456155814],[-126.22686353734751,49.443771370483766],[-126.22885196431922,49.443261568253334],[-126.23185384272479,49.439447455959645],[-126.23553294225161,49.44000297489646],[-126.23710663890412,49.4431803539568],[-126.23158254020879,49.45233225453033],[-126.23420065619285,49.45681286206199],[-126.23373024978888,49.45856467012978],[-126.23721124221376,49.4617064641117],[-126.23473595985307,49.46103566834896],[-126.23419395258951,49.46232746961276],[-126.23820325052448,49.46293694898723],[-126.24048453488469,49.4672907696038],[-126.23424272468569,49.47200066356807],[-126.22970645735295,49.47312435530544],[-126.22890854344885,49.47431065791251],[-126.23119234316879,49.473474660751705],[-126.23159005927303,49.475696459752356],[-126.23500533945537,49.47413267727891],[-126.24110633109389,49.474169769258026],[-126.24729486510743,49.46993696906539],[-126.24585574503871,49.46751867222133],[-126.24630533753692,49.45950466632805],[-126.24132425258057,49.453824862691256],[-126.24120333112265,49.45083545724696],[-126.24282165002455,49.450019375251806],[-126.24399525722963,49.445081657779156],[-126.24621196293225,49.44296676055514],[-126.24326884152103,49.438614369972],[-126.24423252974302,49.43546116095979],[-126.25019494508781,49.43516206263516],[-126.25069884164067,49.437000665640355],[-126.25842547027406,49.4411878703814],[-126.25981184191822,49.443505072221704],[-126.25951915202465,49.446809257140394],[-126.26527334037968,49.455474175282575],[-126.27133604684329,49.476264772115044],[-126.27885853137217,49.48352246732582],[-126.28385015743976,49.491844154454604],[-126.2828593610091,49.49579776715128],[-126.28497495885046,49.4987430696516],[-126.28789075302164,49.49970296552607],[-126.28657412328805,49.50303706028055],[-126.29080813827395,49.5066630657474],[-126.29135114823431,49.51083175542445],[-126.2944313197386,49.514853662457625],[-126.2946595338698,49.51296946884834],[-126.29726123607892,49.515152772511456],[-126.2974968335399,49.51415155526927],[-126.30116105811634,49.515360667884636],[-126.29808155662751,49.511573773168834],[-126.29638123482943,49.50607346572872],[-126.29711133742605,49.50234767025398],[-126.2947036436602,49.499664451497395],[-126.295414043816,49.497549567048196],[-126.29279983675912,49.49160348008189],[-126.28778214228373,49.4872040655474],[-126.28469592781421,49.47807206967579],[-126.28182345492938,49.47510825701859],[-126.28263036982385,49.47100657072763],[-126.28020636292682,49.467656765988544],[-126.2817318484959,49.46627107946024],[-126.27753044165189,49.460881881118475],[-126.2772547399281,49.454407368630115],[-126.28302825002132,49.45035127489619],[-126.29124136234769,49.452028968458755],[-126.29240296585436,49.44800696708318],[-126.29667805063222,49.44653296252615],[-126.2973872523458,49.443157576641774],[-126.30203696628948,49.437886567833466],[-126.30430385870564,49.42774615428973],[-126.31189675282877,49.42409026254834],[-126.31626285496856,49.41964957050482],[-126.32223175964452,49.4199500735428],[-126.31714614391831,49.41838347390822],[-126.30306183248034,49.42197815606506],[-126.29967333634868,49.428177762562854],[-126.2980559644385,49.42849957149901],[-126.29613704588775,49.42602575729499],[-126.29167905928915,49.42933985777119],[-126.29048064997036,49.432074373753665],[-126.29190075801473,49.43558077370151],[-126.28949684870567,49.43837506896672],[-126.28250663028851,49.44155816891596],[-126.27609835317281,49.44191137326264],[-126.27095642816482,49.44531666236377],[-126.26848355510747,49.44514146200689],[-126.2609086377514,49.43720718086788],[-126.25533635297937,49.43050777623045],[-126.25590875185999,49.42939687618997],[-126.25235314387196,49.42712528015684],[-126.25087514639361,49.42224167520981],[-126.25287454996594,49.41954416715707],[-126.25168365457247,49.41565745196871],[-126.25518703982686,49.4144084706537],[-126.25261076276999,49.41019137255658],[-126.25332856294287,49.407959670290886],[-126.25513886163913,49.40761497340986],[-126.25383564855821,49.405515649649345],[-126.25815143919895,49.40726466481916],[-126.26095024226275,49.40254478124395],[-126.26160422496325,49.3974859624311],[-126.26014512927911,49.39547216482632],[-126.26222604620565,49.393973874926886],[-126.258649547225,49.389642852750406],[-126.2629189528394,49.38749515357682],[-126.25855263063535,49.38371106982453],[-126.26119825628652,49.38299185708322],[-126.26025204536747,49.37918206899363],[-126.2615743364962,49.37794447526627],[-126.25854665139828,49.3766398571892],[-126.26076413290276,49.37171775760777],[-126.25811774554107,49.37223045839602],[-126.25843704139895,49.36724436627717],[-126.25510064168067,49.364304778254194],[-126.2566560431852,49.36333486955024],[-126.25639065157007,49.36091655763532],[-126.25292153252313,49.36089666021958],[-126.25414035938519,49.36028706948017],[-126.25347824506458,49.35805815130979],[-126.25559843140022,49.358837271255005],[-126.25622734695503,49.35768367204313],[-126.25637825399507,49.356715169906344],[-126.25400554110055,49.354536164110065],[-126.25587743570192,49.35430117079728],[-126.25666055048927,49.35263764858129],[-126.25498874072797,49.3514726732255],[-126.2562196359934,49.351646371850194],[-126.25791506643964,49.348132868024074],[-126.26154993137801,49.34740936244308],[-126.25909324377803,49.353711463385295],[-126.26390973115501,49.358476972116065],[-126.26620645586333,49.358558069007735],[-126.2622224517634,49.367784148732866],[-126.26706602296353,49.367628863312795],[-126.2659031548441,49.37071515155433],[-126.26765885628718,49.37258227031684],[-126.2649760388249,49.37502055536647],[-126.26667976094033,49.37932447271792],[-126.2726708275086,49.37809826461651],[-126.2723491446996,49.37645326885924],[-126.27433815146475,49.37488096292715],[-126.27257111994281,49.37017289841755],[-126.2731710673252,49.362887205561954],[-126.26959971248841,49.362128876108784],[-126.26959786331587,49.36049216045639],[-126.2805733504625,49.352267375635435],[-126.28662063936666,49.3527416540914],[-126.28596234589672,49.35447207419262],[-126.28871234960667,49.35679495979528],[-126.28760564485609,49.358882775750644],[-126.29145806253159,49.36019737097561],[-126.29042247032292,49.36126126960114],[-126.2928325366018,49.36303577094138],[-126.29882223863743,49.361547478018785],[-126.3016919475636,49.36324377016666],[-126.30049295129446,49.363727963646284],[-126.30302014879301,49.36363395262298],[-126.30147345787962,49.36595546572624],[-126.30604373952602,49.36779836531624],[-126.3056118453785,49.37038757725647],[-126.3100473646962,49.370383261067936],[-126.31212953968006,49.372365777880326],[-126.32298243409976,49.374472154854914],[-126.32475734874363,49.37757986533076],[-126.32657464325546,49.37683927709598],[-126.33182162985575,49.379174962350234],[-126.33758494072323,49.387764375473594],[-126.33718975692751,49.389221363516214],[-126.34332806121732,49.39168376173356],[-126.34252363680993,49.39304105669587],[-126.34487305077248,49.39368057255256],[-126.34440274411298,49.396036170919196],[-126.35117994253288,49.39864678145829],[-126.34954474686315,49.399841668056254],[-126.35071642618523,49.40164186897874],[-126.36721036474346,49.40667927300543],[-126.38090774151671,49.406512652515964],[-126.389068439305,49.408110675723066],[-126.39426174216196,49.41133077995021],[-126.40198983427601,49.410912056287195],[-126.40791494486949,49.4133659642545],[-126.40322054443169,49.4176684751406],[-126.4036735555912,49.428123568963315],[-126.41755584712128,49.4361618773375],[-126.41672387179923,49.4383209697158],[-126.41853664548292,49.442176268269705],[-126.43215043247068,49.44644605796462],[-126.43231543665244,49.44806107515876],[-126.42622514262455,49.45473495383388],[-126.41523824113187,49.45687416328516],[-126.41328503990381,49.46248835410779],[-126.41614445399013,49.46457766667754],[-126.41342872738913,49.46500206005056],[-126.41244772789379,49.46817377093697],[-126.40991204495577,49.468350376260865],[-126.40966394725645,49.470180453652446],[-126.40675463338046,49.471698656162985],[-126.40580685084446,49.46977036946239],[-126.40376505109009,49.47080427598148],[-126.40242244946386,49.473976051944966],[-126.4051931296277,49.4750997652668],[-126.41144554182097,49.47174145475705],[-126.41656216849496,49.47314146747343],[-126.41806845566803,49.47521795437445],[-126.42613875428228,49.47664787014484],[-126.43561644274455,49.475222177334146],[-126.4483905502346,49.46929605970884],[-126.45236203723661,49.46484965542104],[-126.45308825239836,49.46227477004738],[-126.45170034883583,49.46110257066999],[-126.45576864748554,49.45958156077014],[-126.45460476600067,49.45567776908065],[-126.46398383203478,49.4474643617883],[-126.4617443432187,49.444617354002034],[-126.46726624396815,49.44537647166852],[-126.46756342997237,49.44308916108426],[-126.47708862730676,49.445654161817394],[-126.47673503569553,49.44315467209775],[-126.48135543289192,49.4402151644549],[-126.48756294741149,49.432676773361074],[-126.4902401586021,49.42591607358411],[-126.48913935230404,49.420988369746176],[-126.48311793493474,49.41684527537664],[-126.47110915106765,49.41654765042992],[-126.47125353650478,49.41078385522657],[-126.46220693801094,49.406518363613785],[-126.46310259126768,49.403549554875596],[-126.47070326674168,49.403195797495066],[-126.46998393756455,49.400868472543934],[-126.4793054516306,49.40273374278995],[-126.47889623779749,49.38715897807913],[-126.46967675206189,49.38729704359447],[-126.471377658978,49.38422945489551],[-126.47553626095075,49.382926366418836],[-126.47494374636479,49.37781196852873],[-126.47936762517429,49.376739564380564],[-126.48356895545842,49.38024876882529],[-126.49559215373694,49.381707172361736],[-126.51597793346691,49.378350356757416],[-126.53261143070378,49.377726560650814],[-126.54504923977245,49.382507577258735],[-126.54510982650685,49.384586966101615],[-126.54147515656143,49.38593136106059],[-126.5414625544584,49.39031225601012],[-126.55299764452407,49.40000257105092],[-126.56492193760545,49.40448317337289],[-126.56456705924413,49.40632896238845],[-126.56667663512586,49.408559257397144],[-126.57117974600762,49.40924716437442],[-126.57189364592996,49.41404816065571],[-126.5764930514678,49.41418056186125],[-126.5774865308894,49.41556916936172],[-126.5741618584568,49.42145547445421],[-126.56375214876222,49.425572851651886],[-126.56275684156431,49.42952787186524],[-126.56494885096834,49.43454816387432],[-126.55933304714786,49.43735387415282],[-126.55773914127862,49.44334837358724],[-126.54831964846707,49.44410177010122],[-126.54656495195418,49.445252557056],[-126.5493560619261,49.44519416355402],[-126.54788643140617,49.44892416276582],[-126.55096383974545,49.4513908780041],[-126.55579055535136,49.45173556955357],[-126.56662984634147,49.45635426785322],[-126.57097524771508,49.45918136088587],[-126.57133644802622,49.46189586183317],[-126.57426955778911,49.46428856997022],[-126.56603125549097,49.46811826470253],[-126.56934966031797,49.470797162931284],[-126.57115785479685,49.4749914610345],[-126.56622163453443,49.477117865551506],[-126.5678533486797,49.48011296502575],[-126.56117625569532,49.483327357493984],[-126.56161145505654,49.4898673582784],[-126.55780634168164,49.49501447151128],[-126.5580010551173,49.50940325002307],[-126.55010984666316,49.51138575646454],[-126.55230103482573,49.521202768270946],[-126.55498266797136,49.52172697063638],[-126.55680643719559,49.525337280906115],[-126.56263003579558,49.52605367663808],[-126.56213145943023,49.52828255504925],[-126.56881896093047,49.53168926884016],[-126.57062932969376,49.534480671256944],[-126.56525393583098,49.53442947660069],[-126.5603398429315,49.53652155331465],[-126.55918816773081,49.54130976471954]]]]},"bbox":[-126.59284872361393,48.8478152580792,-125.10410045002783,49.60608160099528]},{"id":"5923801","type":"Feature","properties":{},"geometry":{"type":"Polygon","coordinates":[[[-124.82261287669722,49.26018061059162],[-124.82852602187266,49.260999091279174],[-124.82833567763645,49.26945670601879],[-124.82266876161962,49.26939967223012],[-124.82261287669722,49.26018061059162]]]},"bbox":[-124.82852602187266,49.26018061059162,-124.82261287669722,49.26945670601879]},{"id":"5923802","type":"Feature","properties":{},"geometry":{"type":"Polygon","coordinates":[[[-124.80747320374145,49.21830736291151],[-124.80480431821957,49.218268950026825],[-124.8051247328831,49.21093276843237],[-124.81286410130127,49.21105167996652],[-124.81553428705455,49.216479466614146],[-124.80747320374145,49.21830736291151]]]},"bbox":[-124.81553428705455,49.21093276843237,-124.80480431821957,49.21830736291151]},{"id":"5923803","type":"Feature","properties":{},"geometry":{"type":"MultiPolygon","coordinates":[[[[-125.11707722388434,48.8058549618167],[-125.11705714287534,48.80498437040305],[-125.12026602512749,48.80451496114796],[-125.12728840342692,48.798750557844016],[-125.12844310390865,48.80726496810573],[-125.11707233829945,48.80696211545713],[-125.11707722388434,48.8058549618167]]],[[[-125.11708440258064,48.79316044483157],[-125.12616734783487,48.79813596418792],[-125.1183639470419,48.80461326759314],[-125.11704531287101,48.80457769768851],[-125.11708440258064,48.79316044483157]]]]},"bbox":[-125.12844310390865,48.79316044483157,-125.11704531287101,48.80726496810573]},{"id":"5923804","type":"Feature","properties":{},"geometry":{"type":"Polygon","coordinates":[[[-125.57364694383158,48.974293598089226],[-125.57439555217549,48.97801787562539],[-125.57741136457376,48.9787549502998],[-125.57680899181338,48.980694212915715],[-125.5735746653481,48.980682403098314],[-125.57364694383158,48.974293598089226]]]},"bbox":[-125.57741136457376,48.974293598089226,-125.5735746653481,48.980694212915715]},{"id":"5923805","type":"Feature","properties":{},"geometry":{"type":"Polygon","coordinates":[[[-125.02988442674815,49.02713287689946],[-125.03570893334708,49.018609269808096],[-125.04238684289724,49.02072276305386],[-125.04616194903525,49.018361473527754],[-125.0579897790261,49.01868721782272],[-125.05704289994773,49.031134265285864],[-125.02943995454638,49.03015303308148],[-125.02988442674815,49.02713287689946]]]},"bbox":[-125.0579897790261,49.018361473527754,-125.02943995454638,49.031134265285864]},{"id":"5923806","type":"Feature","properties":{},"geometry":{"type":"Polygon","coordinates":[[[-126.46310259126768,49.403549554875596],[-126.46870056062072,49.39715276746829],[-126.46805453799361,49.39499646147975],[-126.46365345172946,49.39212955383969],[-126.46967675206189,49.38729704359447],[-126.47889623779749,49.38715897807913],[-126.4793054516306,49.40273374278995],[-126.47106846876791,49.40069476947175],[-126.46989544870323,49.40100236684665],[-126.47070326674168,49.403195797495066],[-126.46310259126768,49.403549554875596]]]},"bbox":[-126.4793054516306,49.38715897807913,-126.46310259126768,49.403549554875596]},{"id":"5923807","type":"Feature","properties":{},"geometry":{"type":"Polygon","coordinates":[[[-125.52209121037268,48.94209426229752],[-125.5215925438453,48.934910813908296],[-125.52514373373045,48.93592255869984],[-125.52625845493776,48.93475606347235],[-125.5361449480962,48.9442124209625],[-125.52165207811414,48.94426047040622],[-125.52209121037268,48.94209426229752]]]},"bbox":[-125.5361449480962,48.93475606347235,-125.5215925438453,48.94426047040622]},{"id":"5923808","type":"Feature","properties":{},"geometry":{"type":"Polygon","coordinates":[[[-126.06630672596475,49.287527063399324],[-126.0565555615578,49.28869207393207],[-126.05787804024965,49.282193370475845],[-126.05451765065162,49.27694376499167],[-126.05114852909749,49.276272960939004],[-126.04822364993838,49.27227524914749],[-126.04701444064898,49.270426556783356],[-126.04821014811827,49.26861356630297],[-126.0538738383796,49.266085576141336],[-126.05770546631356,49.266547305452654],[-126.0605989431715,49.273193852211094],[-126.06537864270577,49.275619260155345],[-126.06217012411679,49.277759862753115],[-126.0569629483172,49.277915056558996],[-126.06016475452394,49.28072215185458],[-126.06313125168181,49.27825116478083],[-126.06727485908533,49.27981496569721],[-126.06743825894182,49.28774971067824],[-126.06630672596475,49.287527063399324]]]},"bbox":[-126.06743825894182,49.266085576141336,-126.04701444064898,49.28869207393207]},{"id":"5923809","type":"Feature","properties":{},"geometry":{"type":"MultiPolygon","coordinates":[[[[-125.00885774344015,48.902306972540664],[-125.00941482394514,48.902278466937354],[-125.00997495022935,48.902584666626986],[-125.0092810589245,48.90264166654869],[-125.00885774344015,48.902306972540664]]],[[[-125.01072934978083,48.89927766287162],[-125.01160964359393,48.899488466323895],[-125.01279847188626,48.90021981835659],[-125.01175626424445,48.90059493495264],[-125.01072934978083,48.89927766287162]]],[[[-125.01052592108377,48.90137836287522],[-125.01171973014112,48.90116728072797],[-125.01265506696042,48.90222293144384],[-125.01022126214686,48.90226566847407],[-125.01052592108377,48.90137836287522]]],[[[-125.01425692748661,48.89780355727466],[-125.01692775379605,48.897352051843356],[-125.01749586118943,48.897567164653694],[-125.01667093568125,48.898779175354235],[-125.01425692748661,48.89780355727466]]],[[[-125.010682728038,48.89848716776384],[-125.01329064077729,48.89784775512317],[-125.01487724682238,48.899471547433805],[-125.0133910410639,48.8996635629745],[-125.010682728038,48.89848716776384]]],[[[-125.0050711519187,48.900456861788264],[-125.00253792640964,48.89852136877887],[-125.00951283729427,48.89857126876218],[-125.00688172225829,48.90068616196746],[-125.0050711519187,48.900456861788264]]],[[[-125.00859923279445,48.90198785648881],[-125.0060500460047,48.90274276760122],[-125.00395145000155,48.90109635152807],[-125.0065904300805,48.90124015944712],[-125.0101809494625,48.899602369859636],[-125.0106762447969,48.90070036354059],[-125.00859923279445,48.90198785648881]]],[[[-125.00128798372697,48.91568697798666],[-125.00207671338566,48.908814086706755],[-124.96958504733492,48.90889078547369],[-124.96914540586691,48.88764378433475],[-125.00112515709485,48.887664447730664],[-125.00122218235225,48.89465679607473],[-125.01920851513896,48.89450429157191],[-125.01691853884604,48.896776776423614],[-125.00647945491932,48.898119767655935],[-124.99999993510842,48.89639007629304],[-125.00513886009325,48.902821066509695],[-125.00943043247806,48.90296207589205],[-125.00875194208926,48.9047921494291],[-125.01094162650362,48.906984066215884],[-125.00677524997548,48.91167254790512],[-125.00755373602817,48.91231626195531],[-125.00370094827056,48.912608264642635],[-125.00514519578901,48.915464667335144],[-125.00128798372697,48.91568697798666]]]]},"bbox":[-125.01920851513896,48.88764378433475,-124.96914540586691,48.91568697798666]},{"id":"5923810","type":"Feature","properties":{},"geometry":{"type":"Polygon","coordinates":[[[-125.36970010917783,48.99760640200719],[-125.38159745636722,48.99287665581044],[-125.38490430690865,48.98927169584141],[-125.38521101123754,48.9976420592399],[-125.36970010917783,48.99760640200719]]]},"bbox":[-125.38521101123754,48.98927169584141,-125.36970010917783,48.9976420592399]},{"id":"5923813","type":"Feature","properties":{},"geometry":{"type":"Polygon","coordinates":[[[-125.90781769021095,49.17921433202343],[-125.90199168716133,49.179109820949925],[-125.90197019855138,49.17636187245024],[-125.90443113183113,49.17712805531087],[-125.90619754915312,49.172836957034804],[-125.91829756376295,49.17349684085456],[-125.91864129963034,49.179381049199236],[-125.90781769021095,49.17921433202343]]]},"bbox":[-125.91864129963034,49.172836957034804,-125.90197019855138,49.179381049199236]},{"id":"5923814","type":"Feature","properties":{},"geometry":{"type":"Polygon","coordinates":[[[-125.10770736416742,48.837772947848116],[-125.10318176718515,48.837952794727705],[-125.10284586665755,48.836264488950434],[-125.10825856711482,48.83561015646824],[-125.10614152348066,48.83763926703565],[-125.10770736416742,48.837772947848116]]]},"bbox":[-125.10825856711482,48.83561015646824,-125.10284586665755,48.837952794727705]},{"id":"5923816","type":"Feature","properties":{},"geometry":{"type":"Polygon","coordinates":[[[-124.86845898387693,49.28167989120685],[-124.86991203166967,49.278717402550086],[-124.85538347218409,49.2789106225121],[-124.85729391617794,49.27349710502081],[-124.85388241230325,49.27149470594021],[-124.85242260799983,49.26740148521138],[-124.84962181099948,49.26806800713014],[-124.84111060293745,49.264376777972316],[-124.84290912111557,49.264526098963316],[-124.84254970590442,49.26308114472127],[-124.85592769853578,49.26292728611],[-124.85899645393953,49.26430064918723],[-124.88730917867409,49.26471166330954],[-124.88724463788976,49.278098119834105],[-124.87727725745141,49.27789713209161],[-124.87770557512026,49.282879190487044],[-124.86838593447014,49.28291120887558],[-124.86845898387693,49.28167989120685]]]},"bbox":[-124.88730917867409,49.26292728611,-124.84111060293745,49.28291120887558]},{"id":"5923822","type":"Feature","properties":{},"geometry":{"type":"Polygon","coordinates":[[[-124.88296710536235,49.295313196267074],[-124.88353958738071,49.29390749923144],[-124.88207310480645,49.29343461196949],[-124.88366449791312,49.29118300108633],[-124.88926560188123,49.29062178922271],[-124.89126210487574,49.292078794874584],[-124.89269892147435,49.28939990582985],[-124.90521011684748,49.29011946032094],[-124.90562697684625,49.297335726441354],[-124.88372100095884,49.29705589388576],[-124.88296710536235,49.295313196267074]]]},"bbox":[-124.90562697684625,49.28939990582985,-124.88207310480645,49.297335726441354]},{"id":"5923823","type":"Feature","properties":{},"geometry":{"type":"Polygon","coordinates":[[[-125.78012133490915,49.0723836655449],[-125.77770144488342,49.07268346759674],[-125.7825469560468,49.07095325271591],[-125.7835620998414,49.06902204148351],[-125.78415244508015,49.074794629853564],[-125.78012133490915,49.0723836655449]]]},"bbox":[-125.78415244508015,49.06902204148351,-125.77770144488342,49.074794629853564]},{"id":"5923824","type":"Feature","properties":{},"geometry":{"type":"Polygon","coordinates":[[[-126.26953033353352,49.362208367874885],[-126.2731710673252,49.362887205561954],[-126.27257111994281,49.37017289841755],[-126.26966494879949,49.36425347499721],[-126.26953033353352,49.362208367874885]]]},"bbox":[-126.2731710673252,49.362208367874885,-126.26953033353352,49.37017289841755]},{"id":"5923825","type":"Feature","properties":{},"geometry":{"type":"Polygon","coordinates":[[[-125.89457412571944,49.13204099442135],[-125.8959942464657,49.12878734048975],[-125.89904303120095,49.12879303476136],[-125.89895672116003,49.130174773769035],[-125.90158043164676,49.13015710167322],[-125.90294906583246,49.132033656011316],[-125.89457412571944,49.13204099442135]]]},"bbox":[-125.90294906583246,49.12878734048975,-125.89457412571944,49.13204099442135]}],"bbox":[-126.59284872361393,48.66796326538086,-124.53934333171472,49.64266561877555]}