{"type":"FeatureCollection","features":[{"id":"5924025","type":"Feature","properties":{},"geometry":{"type":"Polygon","coordinates":[[[-126.05143012427293,49.79366131413172],[-126.05032165846674,49.795646574638454],[-126.04870318819289,49.79363804954831],[-126.0418514020339,49.793463882919006],[-126.04301738701258,49.76725314586441],[-126.05407788787647,49.76707155998665],[-126.05405971950496,49.76031040252161],[-126.04865071052566,49.75620440707742],[-126.04907869030173,49.752887401661475],[-126.0561774881687,49.75145179083144],[-126.06973691787209,49.753111513301725],[-126.07221735882075,49.747059159426136],[-126.08025366062925,49.74005284409056],[-126.08205026578925,49.73490836033802],[-126.10125057459196,49.70868341795429],[-126.10291875586626,49.68380812379441],[-126.09686523453149,49.68359500398073],[-126.09771034563647,49.67141693852023],[-126.10427622727659,49.67786016760986],[-126.11187563806357,49.67948087556682],[-126.11285315699732,49.6812241606505],[-126.11615675678246,49.67928145765966],[-126.11766973354004,49.68207297708613],[-126.11596496631589,49.683478668317555],[-126.11666106298014,49.68632131350055],[-126.12270867005027,49.6867559787508],[-126.12275920849578,49.68282583097561],[-126.11841622961614,49.68257714485043],[-126.11740873450162,49.67872887544253],[-126.1218585434938,49.680647372376704],[-126.12905753424634,49.67939546181224],[-126.1268699558266,49.6765170631042],[-126.12787294725989,49.674813755220406],[-126.13851994417166,49.67683332703473],[-126.13820951259909,49.68628349319185],[-126.12686405038154,49.68607742993079],[-126.12632746661315,49.69418074006569],[-126.1187446840472,49.69396201027429],[-126.10317660679483,49.709040282870724],[-126.0876586034045,49.732259075806944],[-126.05810422898023,49.77107145548832],[-126.059356878999,49.77183919230006],[-126.05987319535703,49.78201819205452],[-126.06159129468419,49.783955091865025],[-126.05959582976534,49.78851929597062],[-126.05736184005207,49.788350572747795],[-126.05704039135135,49.793707923180655],[-126.05143012427293,49.79366131413172]]]},"bbox":[-126.13851994417166,49.67141693852023,-126.0418514020339,49.795646574638454]},{"id":"5924029","type":"Feature","properties":{},"geometry":{"type":"Polygon","coordinates":[[[-126.8664755447761,49.99212505240236],[-126.84414168452015,49.993420415503095],[-126.8440938144267,49.97973616031794],[-126.84270433595248,49.97975590392385],[-126.84198024403337,49.97393524215605],[-126.84370285287216,49.97413602756877],[-126.84321613581965,49.97945786875411],[-126.84484763451631,49.97820165841279],[-126.8459620363052,49.98040775934385],[-126.84869804188894,49.97943366330047],[-126.84825944789989,49.981458867367415],[-126.85824135072039,49.98317215391868],[-126.85658334904099,49.98623566254391],[-126.86652895031196,49.98518797404747],[-126.8664755447761,49.99212505240236]]]},"bbox":[-126.86652895031196,49.97393524215605,-126.84198024403337,49.993420415503095]},{"id":"5924030","type":"Feature","properties":{},"geometry":{"type":"MultiPolygon","coordinates":[[[[-126.643808936266,49.912087078095105],[-126.64399532527483,49.91194746317371],[-126.64468866424535,49.91203297223875],[-126.64454484173984,49.91211125891792],[-126.643808936266,49.912087078095105]]],[[[-126.64755905069394,49.909456564320244],[-126.64858274510635,49.911591366276895],[-126.64526524831462,49.91191895369213],[-126.64718615424425,49.910491952713905],[-126.64755905069394,49.909456564320244]]],[[[-126.64514604384937,49.90838675972848],[-126.64698046239953,49.9084453673126],[-126.6472186642191,49.91037247075148],[-126.64385126234664,49.911782270958874],[-126.64514604384937,49.90838675972848]]],[[[-126.64482211046284,49.91732364725345],[-126.62842295197038,49.91707369737165],[-126.62908136981446,49.910195638854795],[-126.64279894172614,49.91016620824022],[-126.6435987475134,49.91208275761753],[-126.64728145618513,49.91226646336547],[-126.64874702725898,49.911917568445844],[-126.64986433554589,49.910141563532],[-126.65245096789153,49.91166976980767],[-126.65022075012705,49.91085085338903],[-126.6483656610371,49.91373627372741],[-126.64518199509375,49.91373341941037],[-126.64482211046284,49.91732364725345]]],[[[-126.63761186192676,49.9375894546853],[-126.63803511934624,49.930904250090656],[-126.6491518896466,49.93148007246551],[-126.64875771465235,49.917623405128474],[-126.65150956357392,49.91766299074897],[-126.65161266220136,49.92120486471286],[-126.65496433813153,49.92303637676439],[-126.65880363984421,49.92371717542744],[-126.6584925544743,49.9203730622974],[-126.66245194451892,49.92117205504453],[-126.66377874378148,49.916242877163015],[-126.6614302606396,49.91352407558579],[-126.66466793482056,49.90875866252069],[-126.66318244141947,49.90521096482604],[-126.66611234615941,49.90138406096672],[-126.66826744774406,49.900878573678696],[-126.66918196068059,49.89805426888849],[-126.66727543064435,49.889777220476],[-126.67163925780116,49.88969930426346],[-126.67190846776323,49.91074358114497],[-126.66891570223926,49.910492507510206],[-126.6689276380143,49.91599021043231],[-126.66682514472409,49.91586297749604],[-126.66663072987731,49.926997440258],[-126.66082439535428,49.92659865071072],[-126.65982117431143,49.945099887270636],[-126.64817643384549,49.94492039986863],[-126.64863778985774,49.93775315614654],[-126.63761186192676,49.9375894546853]]]]},"bbox":[-126.67190846776323,49.88969930426346,-126.62842295197038,49.945099887270636]},{"id":"5924034","type":"Feature","properties":{},"geometry":{"type":"MultiPolygon","coordinates":[[[[-125.46386062491342,49.921230880036596],[-125.46370248224956,49.92064821363299],[-125.46600136528505,49.92328088075596],[-125.46435187144054,49.9224138419967],[-125.46386062491342,49.921230880036596]]],[[[-125.46292131798995,49.91598288520918],[-125.46262740018518,49.91583428437658],[-125.4657026067558,49.91506083907877],[-125.4639776188639,49.91661399698257],[-125.46292131798995,49.91598288520918]]],[[[-125.46586645450617,49.91870417217681],[-125.46741290057716,49.917653569207346],[-125.46816411934395,49.918930135687155],[-125.46765370105793,49.919434406417224],[-125.46586645450617,49.91870417217681]]],[[[-125.45766909482191,49.93400956036553],[-125.45593513542391,49.93480985848574],[-125.45484153518521,49.93355240219719],[-125.45707639161411,49.932038973284385],[-125.45766909482191,49.93400956036553]]],[[[-125.47200381052639,49.914116377625675],[-125.47405034639827,49.91118498095134],[-125.46924024032153,49.91026409533609],[-125.46819144826515,49.911699475737535],[-125.46415548278304,49.90982735414385],[-125.4676868632766,49.90875598059099],[-125.46640757212728,49.906738695236335],[-125.46836528103975,49.9036572975387],[-125.4711525865663,49.90427202649679],[-125.47221636885253,49.901813969671196],[-125.47574703282264,49.90173167108677],[-125.48172114848582,49.90399527026502],[-125.47823038837619,49.90666423286463],[-125.48210752244343,49.90747976630471],[-125.48085985054051,49.910043270781884],[-125.47700203266945,49.910612300561176],[-125.47200381052639,49.914116377625675]]],[[[-125.4862749143706,49.937217472771586],[-125.47737732847305,49.93452697466071],[-125.47101877319736,49.92733678750537],[-125.46777775594418,49.93031568704501],[-125.46552020300068,49.92967600952675],[-125.46641324531109,49.92831586404143],[-125.46475174783903,49.9274157735666],[-125.47175738641631,49.92429837350471],[-125.4794188996381,49.92739321611699],[-125.48543897994007,49.92788178269058],[-125.48537863025446,49.930660634880084],[-125.48954543636557,49.93236227422983],[-125.49122687447078,49.9354165303794],[-125.48876740086695,49.935246558453],[-125.48916473929506,49.937630040954254],[-125.48460959249873,49.939362436832155],[-125.4862749143706,49.937217472771586]]],[[[-125.35191696601288,50.11519580265576],[-125.34967133202572,50.116053768516295],[-125.34147500680842,50.1137779527566],[-125.34522591858209,50.11158776177707],[-125.3255090464032,50.111065540598425],[-125.32637312056141,50.107555461684825],[-125.32294883141302,50.099834858376894],[-125.31702664132408,50.0918478547936],[-125.30882193745003,50.09046497954258],[-125.30821775397656,50.088659064298156],[-125.30644984595783,50.08851526120974],[-125.307788742006,50.08700417616147],[-125.29983293969484,50.07531565925626],[-125.29532665536898,50.0748641704246],[-125.29348505025341,50.07142047283931],[-125.29008661787535,50.06934676107677],[-125.29095544560373,50.071424778221996],[-125.28574763078109,50.076268456306934],[-125.27744736384808,50.07366076650484],[-125.27135624152864,50.06929127919058],[-125.26805171982603,50.06470536396726],[-125.2641927192355,50.05694626115446],[-125.26434823844617,50.05254396466128],[-125.26188904326656,50.04656515081832],[-125.25714083319153,50.04987788016315],[-125.25223393296751,50.04650106867957],[-125.2500662210511,50.04353034869433],[-125.25661259824359,50.039874247636334],[-125.25850862766018,50.03354819324697],[-125.2612032083923,50.03266242109815],[-125.26189046902468,50.03051353679569],[-125.24683788714428,50.030842779491344],[-125.24102859787364,50.0266860151464],[-125.23971423443149,50.02844775597504],[-125.2389235910181,50.02194193388538],[-125.23641961916037,50.0209193918085],[-125.23787410440711,50.023977143002845],[-125.23773808940607,50.024653605253924],[-125.23290433152408,50.0125763740068],[-125.23313783934411,50.006779865952254],[-125.22913073616498,49.995287978571994],[-125.21962953104367,49.97437626752209],[-125.20878644364481,49.96816095819814],[-125.20889833922378,49.96209675426125],[-125.2063229240051,49.95732416309243],[-125.20321994462459,49.953487352372406],[-125.19728274679242,49.950422326195124],[-125.2007406300563,49.950404941420665],[-125.19766012667972,49.94838025554923],[-125.19885052057656,49.94738135892663],[-125.19777141343029,49.94577419504327],[-125.206184148625,49.9467144864675],[-125.20898217797823,49.94642255144931],[-125.20909307990331,49.94503684773441],[-125.20346341170237,49.94494693518973],[-125.20330270919762,49.929706656338375],[-125.19469228345936,49.92899840737753],[-125.19544206939456,49.91535978650347],[-125.28889448662328,49.91636470728225],[-125.28766736518075,49.93096858810282],[-125.29680312867958,49.9309696531884],[-125.29500681004045,49.945039878556166],[-125.30656504588141,49.94516790255211],[-125.30584446171035,49.959704804408304],[-125.3163581460133,49.95963487843471],[-125.31541525796894,49.988106754497366],[-125.31837866209936,49.989669007038174],[-125.32516968682614,49.98827223161565],[-125.33728905141194,49.99015602605748],[-125.3379832497832,49.99393735450721],[-125.33666775071458,49.9957054537257],[-125.33072663167268,49.99652108716205],[-125.3270716584921,49.999801352808134],[-125.41074660240692,50.00007268319882],[-125.40958706151797,50.02512292984409],[-125.39103388483693,50.02625729728162],[-125.39637265366963,50.02940971769247],[-125.40112223780477,50.02996090690827],[-125.40560211183153,50.03788555488302],[-125.39682434925477,50.03772015448463],[-125.39151752509767,50.0396657425405],[-125.38710259818832,50.043726808076606],[-125.38151205051538,50.045208829433335],[-125.36386050559422,50.04593597382234],[-125.36391344540141,50.05180500082117],[-125.31500972361286,50.052250476139555],[-125.3144996195676,50.05954230818721],[-125.32059603935407,50.05956737571747],[-125.32071410290061,50.065337264425224],[-125.31996867981483,50.07373821302935],[-125.31349226183544,50.07363659936878],[-125.31337746544388,50.07706110653166],[-125.31887015105202,50.076823415612985],[-125.3184255493296,50.07819108830658],[-125.31353209900259,50.079325778845586],[-125.3151618867667,50.08760976638858],[-125.38649718087868,50.088488532823625],[-125.38618542591956,50.09655387593821],[-125.36286686588281,50.09538604013771],[-125.36148132129775,50.11148737819377],[-125.35636634891013,50.11181233353387],[-125.35802644507773,50.11529561752947],[-125.35191696601288,50.11519580265576]],[[-125.24157054945466,49.956473525671626],[-125.24166808479677,49.95268747350781],[-125.24903758805291,49.95215259221646],[-125.24833729855105,49.94402985600353],[-125.23643010590558,49.94473499061132],[-125.23792446897536,49.953047522996464],[-125.24106543276633,49.95273048883406],[-125.24120070570123,49.95756036342779],[-125.24157054945466,49.956473525671626]],[[-125.29240232538807,50.02448564810712],[-125.3015495035156,50.0196048111196],[-125.30149857913058,50.017465692819634],[-125.30379000615935,50.015437586622966],[-125.3027679146093,50.01433950918259],[-125.28388849291748,50.014023294782206],[-125.28352977662024,50.02317023830086],[-125.28682822376201,50.02353636806429],[-125.28637290089178,50.02932902578758],[-125.28861394163341,50.02930118273676],[-125.28857936266049,50.02762604059249],[-125.29240232538807,50.02448564810712]]]]},"bbox":[-125.49122687447078,49.90173167108677,-125.19469228345936,50.116053768516295]},{"id":"5924039","type":"Feature","properties":{},"geometry":{"type":"MultiPolygon","coordinates":[[[[-125.95798853489252,50.39500937556464],[-125.95823515458824,50.39490546650952],[-125.95838093419414,50.39497377800833],[-125.95797923066195,50.39529846255047],[-125.95798853489252,50.39500937556464]]],[[[-125.9584861523277,50.39418755254372],[-125.95884683665986,50.39410645472833],[-125.95840594845782,50.39470316935314],[-125.9583032309913,50.394633372734724],[-125.9584861523277,50.39418755254372]]],[[[-125.94636862982512,50.378519867352104],[-125.94687014422215,50.378442953115716],[-125.94700555251272,50.37856547739508],[-125.94660324049559,50.37888167895693],[-125.94636862982512,50.378519867352104]]],[[[-125.95376775633403,50.38211887152597],[-125.9541741569463,50.38208186216798],[-125.953988452321,50.383174156905994],[-125.95338793425044,50.3825603721124],[-125.95376775633403,50.38211887152597]]],[[[-125.94638153522396,50.37643196662411],[-125.9471405556918,50.37710565510418],[-125.94726634901383,50.377767865523204],[-125.94662463219497,50.37765826707008],[-125.94638153522396,50.37643196662411]]],[[[-125.96192052686139,50.39825656284729],[-125.96205071516412,50.398165565656065],[-125.96233217696646,50.40002451913645],[-125.96145765071573,50.39873656951709],[-125.96192052686139,50.39825656284729]]],[[[-125.94647952681392,50.38437195911464],[-125.94660604820898,50.379377257237955],[-125.94700565579772,50.37901545516724],[-125.94945884863702,50.38340635535388],[-125.94647952681392,50.38437195911464]]],[[[-125.95764483743834,50.38927127361984],[-125.95568933999299,50.39264805304546],[-125.9563049251489,50.394872670315266],[-125.95488895369624,50.394495269002455],[-125.95669315309296,50.3888995542855],[-125.95933773474533,50.38843525531721],[-125.95755904644825,50.387186172569955],[-125.95807836244119,50.38334087476208],[-125.95620103105963,50.381201667900974],[-125.95246885420023,50.38137825742537],[-125.94762354314281,50.3787662671185],[-125.9496745248701,50.37713986104471],[-125.94609112813386,50.37607027023127],[-125.94622094123554,50.37817237561956],[-125.93962855731328,50.37303096802836],[-125.93448083857834,50.372658118501484],[-125.93238817528895,50.363066526729675],[-125.92808349753511,50.361037418313146],[-125.92550125238931,50.35765000093921],[-125.95106303990238,50.35765095489313],[-125.95158482762002,50.3688071507353],[-125.95764904144848,50.36886399896978],[-125.95788931117687,50.37251421769053],[-125.96236336495043,50.37258375927596],[-125.96258543683831,50.37841417008555],[-125.96590154057725,50.378264289859395],[-125.96601761855656,50.386093001920294],[-125.96222173910911,50.386238388179784],[-125.96200343048464,50.397684129700096],[-125.95902194695257,50.395109065796404],[-125.95925983977268,50.389903555405624],[-125.95764483743834,50.38927127361984]]]]},"bbox":[-125.96601761855656,50.35765000093921,-125.92550125238931,50.40002451913645]},{"id":"5924042","type":"Feature","properties":{},"geometry":{"type":"Polygon","coordinates":[[[-125.85711422591963,49.99861387390355],[-125.77609745531912,49.99709040910741],[-125.70622445112535,49.99965799759591],[-125.6311647754732,49.999484041946545],[-125.63141927907628,49.990560926667065],[-125.63622564411722,49.99042336884792],[-125.63568789401933,49.98327348665809],[-125.62629531220387,49.98291371931099],[-125.62578919735024,49.99005464064832],[-125.60971593403748,49.98994864281576],[-125.60809382241803,49.99321837868528],[-125.59608463618494,49.99324340479983],[-125.595060996222,49.99994973927907],[-125.57417901905988,50.001232503956615],[-125.56841001994037,50.008830707509496],[-125.55624870606874,50.017934206843755],[-125.53183820801512,50.01373868450406],[-125.48982069586731,50.025424810272405],[-125.48365809002333,50.02648228942688],[-125.46908490929059,50.02489950451224],[-125.45788171021451,50.021796900051164],[-125.44732364985873,50.015679248756236],[-125.42217901479843,50.00910684605956],[-125.41076554878667,50.008533013623904],[-125.41074660240692,50.00007268319882],[-125.3270716584921,49.999801352808134],[-125.33072663167268,49.99652108716205],[-125.33666775071458,49.9957054537257],[-125.3379832497832,49.99393735450721],[-125.33728905141194,49.99015602605748],[-125.32516968682614,49.98827223161565],[-125.31837866209936,49.989669007038174],[-125.31541525796894,49.988106754497366],[-125.3163581460133,49.95963487843471],[-125.30584446171035,49.959704804408304],[-125.30656504588141,49.94516790255211],[-125.29500681004045,49.945039878556166],[-125.29680312867958,49.9309696531884],[-125.28766736518075,49.93096858810282],[-125.28889448662328,49.91636470728225],[-125.22345665657205,49.91577224268798],[-125.22437116206243,49.908596906016506],[-125.21607522009705,49.90348262882376],[-125.21593734344088,49.90526893224955],[-125.21036911067486,49.90486693983007],[-125.21048045388883,49.90303601082657],[-125.19973624582387,49.90479512852563],[-125.19943308871241,49.908674043251054],[-125.19402244698594,49.908542989728645],[-125.19402285003986,49.91584289578324],[-125.19571331348925,49.91643120889436],[-125.19469228345936,49.92899840737753],[-125.20330270919762,49.929706656338375],[-125.20346341170237,49.94494693518973],[-125.20909307990331,49.94503684773441],[-125.20898217797823,49.94642255144931],[-125.206184148625,49.9467144864675],[-125.19777141343029,49.94577419504327],[-125.19885052057656,49.94738135892663],[-125.19766012667972,49.94838025554923],[-125.2007406300563,49.950404941420665],[-125.19728274679242,49.950422326195124],[-125.19303786204244,49.9463050694719],[-125.18491474752112,49.94205955179277],[-125.18713272525432,49.936270168785846],[-125.1822055264426,49.92809656674759],[-125.18508554266303,49.91934335922288],[-125.18235793248645,49.91358385628475],[-125.1777025416979,49.9113421690261],[-125.17291104816697,49.90607976331324],[-125.15711096306323,49.89718976516681],[-125.15041664231319,49.89573996507954],[-125.14890383136037,49.89742337414351],[-125.12331386429645,49.888953566794854],[-125.11521574366499,49.88206756449897],[-125.11468563216428,49.87887446653917],[-125.11607831419472,49.87243438686449],[-125.1258116814485,49.86858590525472],[-125.13238268225533,49.867879495651174],[-125.13710991578448,49.869840696634846],[-125.1428525000548,49.86849590503014],[-125.14531318354685,49.870003002180056],[-125.15439200282835,49.86534220521228],[-125.161451103981,49.8650410978366],[-125.1633921005238,49.870233696238195],[-125.16958621360806,49.87145139135901],[-125.1734142948955,49.8748253966541],[-125.18006951320628,49.875856492694204],[-125.18223951799226,49.879610704790736],[-125.18462710090571,49.878554004026796],[-125.18723909906461,49.880441006331175],[-125.18766918183077,49.88280100401694],[-125.19581198265206,49.88347179598512],[-125.19769951341713,49.88669759118888],[-125.20196560476144,49.88667620743968],[-125.20483572249628,49.88856760601874],[-125.20682170407483,49.88704940924932],[-125.21257040262024,49.88704648969147],[-125.21527970948618,49.883880497413536],[-125.21943550590102,49.887949483977565],[-125.22521628240456,49.88807910141898],[-125.22473550863529,49.8909517092581],[-125.22712461462426,49.892969808909314],[-125.22403079255024,49.89579970955102],[-125.22684509883105,49.8968109145612],[-125.23423790524592,49.89481129229911],[-125.23693108834907,49.895865199597175],[-125.23618391104843,49.89366480058033],[-125.23754709932226,49.892729086288796],[-125.25663560254048,49.89694049764506],[-125.26136790531805,49.89402798717357],[-125.26407061909846,49.89613300028987],[-125.2670809981199,49.8901996886038],[-125.26470521920568,49.88644025439956],[-125.27443622195868,49.885150902403716],[-125.27443359934132,49.8836056138876],[-125.27783391812625,49.8829668173899],[-125.28539075686223,49.89043280441015],[-125.29750163327294,49.89512377200404],[-125.30890413353619,49.90289558930352],[-125.31130557075937,49.90562476285201],[-125.30730125658367,49.90939636781901],[-125.30982972431151,49.91317563463222],[-125.32372802859871,49.91974031744693],[-125.32982012907168,49.91973527771338],[-125.35361012080746,49.90901760688091],[-125.35337335321879,49.90217736730052],[-125.3589848513791,49.89108034060524],[-125.35736491205412,49.887403809133836],[-125.35784293080852,49.88397343366328],[-125.3550173332199,49.878661270617485],[-125.35599680613389,49.87450628754754],[-125.40343322732205,49.874478801507976],[-125.4025567579613,49.84828857842597],[-125.38278956695987,49.84816080934877],[-125.38276249784371,49.83972250415489],[-125.388308964738,49.83978122081123],[-125.38829436766119,49.83623129889666],[-125.4232957868849,49.836108193748785],[-125.42315120253184,49.828855505562935],[-125.48570589835201,49.827473546608566],[-125.48635263585068,49.8373948943037],[-125.49332039086781,49.83671268442805],[-125.49697632268038,49.82855344864955],[-125.502315848842,49.827010146983156],[-125.50617319640453,49.81652082326533],[-125.51000227829712,49.815669729582076],[-125.51154485590352,49.802963708672536],[-125.53551812475125,49.79661036086294],[-125.55307219894848,49.78518961935941],[-125.5451202650186,49.76866998807808],[-125.54808832592818,49.7625761776334],[-125.54623264653007,49.756090940620425],[-125.52831494983319,49.756264862864164],[-125.52189957832762,49.75457227290015],[-125.49128780673256,49.74080975264111],[-125.49501144551289,49.73429767900384],[-125.49619270107505,49.724971365990875],[-125.51500017848835,49.71542722873424],[-125.51374419487999,49.7102111617859],[-125.42652104134005,49.64266561877555],[-125.42734861491442,49.633135243054724],[-125.42424552618553,49.62632617703047],[-125.4049914753802,49.60677059804512],[-125.39588724463155,49.59401900691649],[-125.3916661262164,49.57582618611334],[-125.37957398929773,49.547902581315455],[-125.38158793454076,49.540714507873126],[-125.3875698980566,49.5421974017321],[-125.3901237511995,49.54585334345437],[-125.39519420462317,49.5471717173844],[-125.40360011360704,49.544697754778916],[-125.41178069598767,49.5455343490345],[-125.43008095599835,49.55571063854035],[-125.43427355835013,49.55367010981189],[-125.44198156093535,49.54133103073523],[-125.44209493698982,49.53829900968802],[-125.446153889041,49.534926694310315],[-125.45457678094135,49.53128838738374],[-125.46881735522922,49.52821696729308],[-125.48311997238027,49.51613852639041],[-125.483450716195,49.509803454200345],[-125.48994921953376,49.507577614944665],[-125.49263570682064,49.504260114820056],[-125.49333960671068,49.50031306144891],[-125.49091711684042,49.49525241020994],[-125.49479617980995,49.4840695215704],[-125.49981186641095,49.478169080700994],[-125.51610880216865,49.48053761254476],[-125.55120190621399,49.488918221869596],[-125.55317802172746,49.49069483330978],[-125.5511416851017,49.497187050686215],[-125.55299250940776,49.498685151769145],[-125.58472184130703,49.49640805619157],[-125.61881119650945,49.49948560143145],[-125.63265612270249,49.49811355883476],[-125.63408409642517,49.49978817411801],[-125.63462351489552,49.51140319124362],[-125.64311905085451,49.51884704977284],[-125.65657982870253,49.512023499167],[-125.6823691628555,49.51103458333352],[-125.68693233619577,49.51433802300768],[-125.69292926686495,49.514412056408915],[-125.70074128633203,49.511141533841844],[-125.71607442635312,49.52064100353393],[-125.73609636397018,49.52346174844076],[-125.74113128355376,49.52248126552959],[-125.74128087170227,49.52908811871],[-125.72753538128964,49.544273022549504],[-125.7337493013627,49.55429924589652],[-125.7341580505889,49.563214817477274],[-125.7419485549816,49.56290570420764],[-125.74847634789019,49.57264702719295],[-125.74312774231761,49.57859164213772],[-125.72779944713692,49.58046032434744],[-125.72121611879525,49.602421273539356],[-125.71546453881025,49.60501831888594],[-125.70473649799392,49.60525638060169],[-125.6920428006965,49.602845486314365],[-125.68655397617239,49.607372847541946],[-125.69488012195583,49.61914025078549],[-125.69640797551654,49.62592497249275],[-125.70092494755175,49.63065467922557],[-125.71427360919789,49.63009457080259],[-125.72217529873687,49.62702594683521],[-125.73027763514422,49.635677442602876],[-125.73267980695796,49.6467449340202],[-125.73432914275246,49.64861721168139],[-125.75458214508252,49.6561072602649],[-125.77179469741624,49.65327566751991],[-125.79670729426273,49.658424202555906],[-125.80271162229063,49.66284959056192],[-125.80456799907627,49.67044551042196],[-125.80233423361867,49.676574403045656],[-125.80284223831146,49.688201642483335],[-125.8063233314341,49.69235964195893],[-125.81432142147746,49.6939353341465],[-125.8195236342622,49.69996907307344],[-125.83127803671637,49.706073102299726],[-125.8378982295387,49.715833127316685],[-125.83347714394526,49.72283597466002],[-125.8370140718048,49.72636157545643],[-125.84666587395404,49.72690723955035],[-125.85006145774089,49.735582228072936],[-125.86203776077211,49.74521256052378],[-125.86631067986166,49.74272677994477],[-125.8767479052434,49.74233341122821],[-125.88668028476214,49.74586138393706],[-125.89183495662436,49.749708994455446],[-125.90304965658218,49.76558285168631],[-125.9123906202397,49.771287050821115],[-125.91450811567245,49.776120189775845],[-125.91436161071361,49.791892744163775],[-125.91703673010677,49.793235274335444],[-125.91944909004602,49.800694161350435],[-125.91797851679279,49.80493231288342],[-125.91371005248556,49.807925543554006],[-125.91987258538501,49.81909211512196],[-125.91364886261658,49.8206922446611],[-125.91485697549818,49.83737676880545],[-125.91142857518555,49.841441701829474],[-125.90685797576175,49.840810995653605],[-125.88115963947442,49.8716063663982],[-125.88480393453153,49.884918949525144],[-125.8824067230214,49.89198523840024],[-125.88378568145403,49.89816034161801],[-125.89051569122981,49.90452059820103],[-125.8977039659105,49.90512595029614],[-125.90710234093093,49.90154921617861],[-125.91467729364318,49.90163432028204],[-125.91271323642466,49.9192352977453],[-125.91925555709837,49.92494249782235],[-125.91793936181321,49.93098407996561],[-125.92124488447217,49.943823030961646],[-125.92070265793042,49.94921023209712],[-125.91772799430358,49.9519613860438],[-125.90947417891647,49.95496031848602],[-125.90297216639608,49.9667427358396],[-125.90307583621109,49.973131539387126],[-125.89584594154341,49.97395181599944],[-125.8942896818264,49.97704875476541],[-125.90015325510024,49.98578548700634],[-125.90175910450176,49.99409931171358],[-125.90857087589706,49.999546905636485],[-125.85711422591963,49.99861387390355]],[[-125.46537938555845,49.92227325005277],[-125.46370248224956,49.92064821363299],[-125.46600136528505,49.92328088075596],[-125.46537938555845,49.92227325005277]],[[-125.46495449090837,49.91501385380588],[-125.46262740018518,49.91583428437658],[-125.4639776188639,49.91661399698257],[-125.46495449090837,49.91501385380588]],[[-125.46586645450617,49.91870417217681],[-125.46765370105793,49.919434406417224],[-125.46816411934395,49.918930135687155],[-125.46741290057716,49.917653569207346],[-125.46586645450617,49.91870417217681]],[[-125.45847152407879,49.93402204284601],[-125.45707639161411,49.932038973284385],[-125.45484153518521,49.93355240219719],[-125.45593513542391,49.93480985848574],[-125.45847152407879,49.93402204284601]],[[-125.47628667882444,49.91205975933536],[-125.47700203266945,49.910612300561176],[-125.48085985054051,49.910043270781884],[-125.48209724231684,49.90758796049027],[-125.47823038837619,49.90666423286463],[-125.48184810530736,49.904675458312504],[-125.47747483139732,49.901852376267094],[-125.47221636885253,49.901813969671196],[-125.4711525865663,49.90427202649679],[-125.46836528103975,49.9036572975387],[-125.46640757212728,49.906738695236335],[-125.4676868632766,49.90875598059099],[-125.46415548278304,49.90982735414385],[-125.46819144826515,49.911699475737535],[-125.46924024032153,49.91026409533609],[-125.47405034639827,49.91118498095134],[-125.47200381052639,49.914116377625675],[-125.47628667882444,49.91205975933536]],[[-125.4884541540912,49.93691643053615],[-125.48876740086695,49.935246558453],[-125.49049441778469,49.935951755169036],[-125.49107609392331,49.934798038225736],[-125.48954543636557,49.93236227422983],[-125.48537863025446,49.930660634880084],[-125.48543897994007,49.92788178269058],[-125.4794188996381,49.92739321611699],[-125.47175738641631,49.92429837350471],[-125.46475174783903,49.9274157735666],[-125.46641324531109,49.92831586404143],[-125.46552020300068,49.92967600952675],[-125.46777775594418,49.93031568704501],[-125.47101877319736,49.92733678750537],[-125.47737732847305,49.93452697466071],[-125.4862749143706,49.937217472771586],[-125.48460959249873,49.939362436832155],[-125.48916473929506,49.937630040954254],[-125.4884541540912,49.93691643053615]]]},"bbox":[-125.92124488447217,49.478169080700994,-125.11468563216428,50.02648228942688]},{"id":"5924048","type":"Feature","properties":{},"geometry":{"type":"MultiPolygon","coordinates":[[[[-127.48377476374026,50.06260037400856],[-127.48383404391201,50.06252918121026],[-127.48387357120369,50.06258326796959],[-127.48377476374026,50.06260037400856]]],[[[-127.51070694833953,50.09034677736523],[-127.51077995003311,50.09028405607713],[-127.51086375970152,50.09027555513928],[-127.51086125940785,50.09032966828886],[-127.51070694833953,50.09034677736523]]],[[[-127.597859461716,50.09807886520467],[-127.59789155486678,50.09793497705342],[-127.59795785955879,50.09804317242478],[-127.597859461716,50.09807886520467]]],[[[-127.55280613480504,50.082351267290356],[-127.5528772508128,50.08231705844956],[-127.55284396544661,50.08243387192904],[-127.55278855858192,50.08242386588127],[-127.55280613480504,50.082351267290356]]],[[[-127.52233815201012,50.08169756839975],[-127.52231182297236,50.081643463249684],[-127.52246695364218,50.08166335547182],[-127.52233815201012,50.08169756839975]]],[[[-127.51592795258387,50.08836287341803],[-127.51595763234346,50.088317271527515],[-127.51605585561185,50.0883016651688],[-127.5159681460794,50.08842557114578],[-127.51592795258387,50.08836287341803]]],[[[-127.43720984689112,50.00437296735477],[-127.43730312706225,50.00412226055474],[-127.4372799554451,50.00434587216825],[-127.43720984689112,50.00437296735477]]],[[[-127.52024783286289,50.09106175961512],[-127.52026494773472,50.09098057528244],[-127.52040234794454,50.09100045745724],[-127.52033114098299,50.091044683429146],[-127.52024783286289,50.09106175961512]]],[[[-127.51355192704023,50.09192906453301],[-127.51362375074403,50.09185926382838],[-127.51369295861893,50.091877759703884],[-127.51369285438938,50.09192195391929],[-127.51355192704023,50.09192906453301]]],[[[-127.51442525680793,50.09216547279357],[-127.5142188533779,50.09207295436981],[-127.51438626398058,50.0920757657456],[-127.51442525680793,50.09216547279357]]],[[[-127.44781805610873,50.06715356537281],[-127.4478340335809,50.06708946544546],[-127.44798633071206,50.067100871390174],[-127.44791514500962,50.06714495643797],[-127.44781805610873,50.06715356537281]]],[[[-127.3574059244575,50.02459676432454],[-127.35746514089574,50.024506962761265],[-127.35753103352017,50.02465226781724],[-127.35743195604694,50.02465085811388],[-127.3574059244575,50.02459676432454]]],[[[-127.4548683584806,50.07213817794205],[-127.45492333652479,50.072104058435954],[-127.455004855579,50.07217816421364],[-127.45493595223172,50.0722123571915],[-127.4548683584806,50.07213817794205]]],[[[-127.45694403193377,50.059710669162406],[-127.45697334966876,50.059656459542374],[-127.4571256432813,50.05966787329258],[-127.4570113649657,50.05974766675475],[-127.45694403193377,50.059710669162406]]],[[[-127.46608343518427,50.07931347494069],[-127.46617025271424,50.079269251587],[-127.46622483433852,50.079314870999966],[-127.46612517334606,50.079377572640986],[-127.46608343518427,50.07931347494069]]],[[[-127.29799423594551,49.993957766655505],[-127.29803643187103,49.99390507302287],[-127.29818963599548,49.99395205934469],[-127.29801943838775,49.99401325899731],[-127.29799423594551,49.993957766655505]]],[[[-127.52607383937034,50.0856938673017],[-127.52614675998744,50.08564117468156],[-127.52622673500674,50.08571387176145],[-127.52608673837966,50.085757968701856],[-127.52607383937034,50.0856938673017]]],[[[-127.4847783535745,50.096828376406954],[-127.48472533036283,50.09677426253513],[-127.48496086252042,50.09681267380256],[-127.4847783535745,50.096828376406954]]],[[[-127.46566035268552,50.07900156825459],[-127.46577484603618,50.078950264969386],[-127.46588365291957,50.079022870740694],[-127.4657577562028,50.07902146351031],[-127.46566035268552,50.07900156825459]]],[[[-127.40555166688752,49.99956056686929],[-127.40559412963663,49.99951636159367],[-127.40568845711613,49.9995904635551],[-127.40559105738093,49.999643154016404],[-127.40555166688752,49.99956056686929]]],[[[-127.55280387101512,50.08612966662489],[-127.55290282404167,50.08605846463073],[-127.5529990476771,50.086105458902495],[-127.55298564186512,50.086149657248825],[-127.55280387101512,50.08612966662489]]],[[[-126.51103074637163,49.63118025414967],[-126.51120116725632,49.63110196583017],[-126.51122465648753,49.63116606367264],[-126.5110680529329,49.63123436813016],[-126.51103074637163,49.63118025414967]]],[[[-127.55657664726824,50.069383858476435],[-127.55671816247515,50.06934117194701],[-127.55678546799287,50.06942226342991],[-127.55664576081921,50.06941237398607],[-127.55657664726824,50.069383858476435]]],[[[-127.5272311553996,50.090376668228245],[-127.52733185050909,50.09030688025449],[-127.52741236297355,50.09039806291164],[-127.52732733999707,50.090423666299046],[-127.5272311553996,50.090376668228245]]],[[[-127.54689174322792,50.06849796992789],[-127.547006158312,50.06844667455508],[-127.54701545167732,50.06857205723795],[-127.5469312605788,50.06856206225351],[-127.54689174322792,50.06849796992789]]],[[[-127.35976196528455,50.03166367544969],[-127.35995994310355,50.031585380727144],[-127.35998592800517,50.03163946834153],[-127.35987313788,50.031682173187335],[-127.35976196528455,50.03166367544969]]],[[[-127.34207964918409,49.96728938114245],[-127.34199934543173,49.967223880281004],[-127.34221085483209,49.967164058121114],[-127.3421936567969,49.96725377888403],[-127.34207964918409,49.96728938114245]]],[[[-127.46362454989334,50.047395477730916],[-127.46380774090271,50.047344157643955],[-127.46386052154004,50.047398363129226],[-127.46380475483232,50.0474424655388],[-127.46362454989334,50.047395477730916]]],[[[-127.59819384754584,50.09810016207676],[-127.59819625567185,50.09804606699242],[-127.59839203849026,50.09804037063406],[-127.59826365788199,50.098137178199174],[-127.59819384754584,50.09810016207676]]],[[[-127.45023797021219,50.06879566818487],[-127.45026774414985,50.068750075996235],[-127.45042004739211,50.06876147749059],[-127.45033465785235,50.06884126148887],[-127.45023797021219,50.06879566818487]]],[[[-127.55697173510679,50.0692812703671],[-127.55715553511436,50.0692285745583],[-127.55722213291308,50.06931117087168],[-127.5570547527257,50.0693183554296],[-127.55697173510679,50.0692812703671]]],[[[-127.52526246042753,50.08556677802002],[-127.52538162611859,50.085522965576715],[-127.52542072403176,50.08556856533537],[-127.52525132621635,50.085638362637674],[-127.52526246042753,50.08556677802002]]],[[[-127.53024557296091,50.025619369184355],[-127.53031624275678,50.02556657444852],[-127.53045355426534,50.025649263926226],[-127.53030003746342,50.02566487054724],[-127.53024557296091,50.025619369184355]]],[[[-127.51180865635668,50.08730185375699],[-127.51178264942021,50.087193572022564],[-127.51197762878198,50.08722346215321],[-127.511893630814,50.0872761633897],[-127.51180865635668,50.08730185375699]]],[[[-127.00539575250873,49.85060966769825],[-127.005525653638,49.85051275031551],[-127.0056056477915,49.85057686231126],[-127.00556234429334,49.850612470033184],[-127.00539575250873,49.85060966769825]]],[[[-127.48521092576328,50.06094816633987],[-127.48521304612557,50.06087416736739],[-127.4853934336508,50.06092116984377],[-127.48537756297617,50.06097527165585],[-127.48521092576328,50.06094816633987]]],[[[-127.55019235115151,50.091601466272486],[-127.5502647483817,50.091530254781965],[-127.55041645189506,50.091577278509305],[-127.55038737175425,50.09163146655287],[-127.55019235115151,50.091601466272486]]],[[[-127.34306912897853,50.02174826729936],[-127.34316886103562,50.021695662138285],[-127.34329174370613,50.02175115503371],[-127.34302485448372,50.021800951692725],[-127.34306912897853,50.02174826729936]]],[[[-127.20495465395382,50.0378447701937],[-127.2050392710029,50.03781057224626],[-127.20510745493613,50.037883168718615],[-127.20497926429742,50.03794447138343],[-127.20495465395382,50.0378447701937]]],[[[-126.62089735333649,49.589752876155416],[-126.62091284429825,49.58969877897025],[-126.62109284710502,49.58969448033943],[-126.62099275070865,49.589791279139],[-126.62089735333649,49.589752876155416]]],[[[-127.4126469335004,50.012881157875725],[-127.41262275072678,50.01280857866337],[-127.41283073384555,50.012828470720244],[-127.41274525231339,50.012908261313896],[-127.4126469335004,50.012881157875725]]],[[[-127.51979104425601,50.085497380509246],[-127.51994422825517,50.085463163976726],[-127.51996926093354,50.08555436557115],[-127.51978896733958,50.08556996234131],[-127.51979104425601,50.085497380509246]]],[[[-127.34678272470846,50.012365665486854],[-127.34670155874034,50.01230156087075],[-127.34695146776887,50.01233146539536],[-127.34693705068399,50.01237707563478],[-127.34678272470846,50.012365665486854]]],[[[-127.48302006274312,50.09184936246111],[-127.4830636462517,50.091778179104004],[-127.48325742967471,50.091835061653036],[-127.48309095554357,50.09185927952968],[-127.48302006274312,50.09184936246111]]],[[[-127.5549068450839,50.07009165959382],[-127.55502253496249,50.07000337684254],[-127.55508843017884,50.07012156098444],[-127.55496315197279,50.07012867753004],[-127.5549068450839,50.07009165959382]]],[[[-127.48400113517752,50.092203975610865],[-127.48413075479051,50.092134164778905],[-127.48429825267709,50.09212706757736],[-127.48422465781316,50.09221537872274],[-127.48400113517752,50.092203975610865]]],[[[-127.55339193925475,50.0986029806493],[-127.55343605115304,50.09854027714713],[-127.55358824811529,50.09860575430437],[-127.55339124553109,50.09864846788914],[-127.55339193925475,50.0986029806493]]],[[[-127.34302086590115,50.023968671999846],[-127.34321693990432,50.023908864588165],[-127.34331295605008,50.02394586021887],[-127.34324186642043,50.024008561851424],[-127.34302086590115,50.023968671999846]]],[[[-127.3784288632615,50.01352206213981],[-127.37858374092781,50.013479365135645],[-127.37863506380448,50.01358906944783],[-127.37855034112154,50.01360465473123],[-127.3784288632615,50.01352206213981]]],[[[-127.18588544180945,50.04061485893422],[-127.18605415543516,50.04059057199862],[-127.18606325527611,50.04069026714447],[-127.18596504578872,50.040705958182535],[-127.18588544180945,50.04061485893422]]],[[[-127.47724322476542,50.08841836301892],[-127.47711664252141,50.08845257385228],[-127.47719195187123,50.08828306991782],[-127.47728944979774,50.08829306550667],[-127.47724322476542,50.08841836301892]]],[[[-127.19459434025418,50.0400408600746],[-127.19458304255903,50.03994115554577],[-127.1947923442417,50.03994396750617],[-127.19479015541013,50.04002517709967],[-127.19459434025418,50.0400408600746]]],[[[-127.51067995922574,50.08581205349218],[-127.5106410564408,50.085722377086306],[-127.51087896379302,50.08571666605706],[-127.51083543763733,50.08577796304175],[-127.51067995922574,50.08581205349218]]],[[[-127.55542722853946,50.08484936578456],[-127.55548525541599,50.08479525607616],[-127.5556512369402,50.08486926658873],[-127.5554392528638,50.08492056714087],[-127.55542722853946,50.08484936578456]]],[[[-126.55943382401512,49.635830959513875],[-126.55963146348542,49.635840265684145],[-126.55964234707744,49.635894352019186],[-126.55944865385295,49.63591716520732],[-126.55943382401512,49.635830959513875]]],[[[-127.51732126019121,50.097096154982694],[-127.5172966466134,50.09702347695782],[-127.51747795023937,50.09703487359938],[-127.51737594977783,50.09714167829093],[-127.51732126019121,50.097096154982694]]],[[[-127.17278055678152,50.076361067734574],[-127.17285333512064,50.07629976578324],[-127.17304694601226,50.076375267058225],[-127.17291833213588,50.07641806632823],[-127.17278055678152,50.076361067734574]]],[[[-127.48353243617143,50.0627854625495],[-127.48363283537525,50.06269715870228],[-127.48371436593408,50.06276126283828],[-127.48364054218806,50.06285957148788],[-127.48353243617143,50.0627854625495]]],[[[-127.38201533910893,50.0247348746414],[-127.38214472249761,50.02464656423643],[-127.38225332814446,50.024747669676685],[-127.38218335180125,50.024764764280725],[-127.38201533910893,50.0247348746414]]],[[[-127.3566035675641,50.02971106272554],[-127.35673143920877,50.02965977413618],[-127.35683975584585,50.029732462675135],[-127.35665825797561,50.02977515778265],[-127.3566035675641,50.02971106272554]]],[[[-127.55276514023956,50.08137996770802],[-127.55283465612129,50.081344364816246],[-127.55298775203697,50.081436954361656],[-127.55276145994111,50.08146117246429],[-127.55276514023956,50.08137996770802]]],[[[-127.32585335362245,50.01577946912448],[-127.32603502297515,50.01576516349292],[-127.3260595560247,50.0158463741629],[-127.32586433839539,50.01587055935392],[-127.32585335362245,50.01577946912448]]],[[[-127.1722430642744,50.07432016929961],[-127.17235946845263,50.07423186685761],[-127.17245383519669,50.07430597370097],[-127.17235396091736,50.07435857717612],[-127.1722430642744,50.07432016929961]]],[[[-127.35978206137135,50.0224703631205],[-127.3598277600978,50.02239067470188],[-127.36003413709406,50.02244756668357],[-127.35986455030518,50.02251737667173],[-127.35978206137135,50.0224703631205]]],[[[-127.41491346476236,50.0140176701533],[-127.41508114474654,50.01396645711555],[-127.41507836342457,50.01408326706964],[-127.41495173769823,50.014117357306446],[-127.41491346476236,50.0140176701533]]],[[[-127.29246885926955,49.97818176210934],[-127.29251442808508,49.978083461988774],[-127.2926655407432,49.97812045589443],[-127.29266354586264,49.97822017881042],[-127.29246885926955,49.97818176210934]]],[[[-127.17237564931591,50.075995074172496],[-127.17251876201924,50.07593517014173],[-127.1726273389275,50.076026368669375],[-127.1724983627981,50.07606057077703],[-127.17237564931591,50.075995074172496]]],[[[-126.566740852775,49.61089666438394],[-126.56684774159186,49.610831160409205],[-126.5669827395133,49.61089668007215],[-126.56692593551155,49.61094077195257],[-126.566740852775,49.61089666438394]]],[[[-127.51360005934664,50.089465166233964],[-127.51368623953284,50.08941246650903],[-127.51385255704984,50.089432462858795],[-127.51378046386468,50.089522165831475],[-127.51360005934664,50.089465166233964]]],[[[-127.54934192954832,50.083640165961135],[-127.54947034465289,50.08358745522933],[-127.54949343572008,50.08374126397491],[-127.54940974281466,50.083739859097435],[-127.54934192954832,50.083640165961135]]],[[[-127.17195995177958,50.07624997034886],[-127.1720618633947,50.07617877265331],[-127.17228196375342,50.076254265550034],[-127.17207105982669,50.076278463182476],[-127.17195995177958,50.07624997034886]]],[[[-127.51239594463793,50.0859331540757],[-127.51239934051917,50.08579926811978],[-127.51258175032004,50.08582777446066],[-127.51257744714856,50.085900367518725],[-127.51239594463793,50.0859331540757]]],[[[-127.1673268446058,49.869041766990186],[-127.16749484462112,49.86902748123476],[-127.16757405144682,49.869145659890386],[-127.16740693659553,49.86911577430883],[-127.1673268446058,49.869041766990186]]],[[[-125.44310252598704,50.316840265103835],[-125.44321265136702,50.31676616401381],[-125.44335661910385,50.31683596557862],[-125.44317664656974,50.31691146340209],[-125.44310252598704,50.316840265103835]]],[[[-126.66331085955284,49.58045135748106],[-126.66338222697871,49.58040856423817],[-126.66357565200462,49.58041287209289],[-126.66357153628338,49.58051117766999],[-126.66331085955284,49.58045135748106]]],[[[-127.45862665699919,50.056907762775666],[-127.45882263075178,50.056847967830436],[-127.45893543801932,50.05686787210071],[-127.45880624721029,50.056956180351946],[-127.45862665699919,50.056907762775666]]],[[[-126.62047313361731,49.589627572030444],[-126.6207126472498,49.58956916003564],[-126.62074987020648,49.58962326953331],[-126.62063634352332,49.58968445550208],[-126.62047313361731,49.589627572030444]]],[[[-127.5202542394005,50.09088227595062],[-127.52047783297614,50.09084956702874],[-127.52061555973248,50.09093217072436],[-127.52029346055828,50.090927859480836],[-127.5202542394005,50.09088227595062]]],[[[-127.55546933342434,50.069559071890005],[-127.55574835790841,50.06952625399951],[-127.55585835426821,50.06958176083809],[-127.55550845310324,50.069604564124006],[-127.55546933342434,50.069559071890005]]],[[[-127.45538793014867,50.00022566889844],[-127.45540603717896,50.000118876779275],[-127.45556953699847,50.000211469927905],[-127.45553754946349,50.00030965787548],[-127.45538793014867,50.00022566889844]]],[[[-127.3198776370526,50.01222176753957],[-127.31992266158579,50.01211496229821],[-127.32009873932736,50.01225166674477],[-127.31994663977522,50.01224026468216],[-127.3198776370526,50.01222176753957]]],[[[-126.51207685025355,49.64815117881246],[-126.51190305822699,49.64803006601571],[-126.51224934947597,49.64803716647079],[-126.51207685025355,49.64815117881246]]],[[[-127.34932365662982,50.018895657924915],[-127.34938324824974,50.01876176756589],[-127.34952026276252,50.01884436433288],[-127.3494176550485,50.01895117480836],[-127.34932365662982,50.018895657924915]]],[[[-127.52088922313767,50.08110366310088],[-127.52115795569121,50.081035250078706],[-127.52121084407291,50.081099363799396],[-127.52093063599803,50.08114926944629],[-127.52088922313767,50.08110366310088]]],[[[-127.52884015527204,50.01311617437415],[-127.52891253891251,50.01305497916691],[-127.52907542957762,50.01318316793366],[-127.52890686463685,50.01321727120795],[-127.52884015527204,50.01311617437415]]],[[[-127.01799124338724,49.850151058333566],[-127.01789823818282,49.85007696907457],[-127.01819094999124,49.85001855348061],[-127.01818965015116,49.85007266351252],[-127.01799124338724,49.850151058333566]]],[[[-127.36927322685725,49.99823716181327],[-127.36927512710595,49.998193263423204],[-127.36947026424858,49.99816907356721],[-127.36935446249699,49.9983286682555],[-127.36927322685725,49.99823716181327]]],[[[-126.53583374223602,49.670968356362245],[-126.53608633855448,49.67091997736031],[-126.53611195689564,49.67097546392745],[-126.53590123674135,49.671023959567776],[-126.53583374223602,49.670968356362245]]],[[[-127.64731784250273,50.134715161203026],[-127.64744734965329,50.13462547445796],[-127.64761433759575,50.134663862974],[-127.64758324063108,50.134718060992746],[-127.64731784250273,50.134715161203026]]],[[[-127.56234654223984,50.09888496573338],[-127.56254365040161,50.09884215733813],[-127.56262413194223,50.09894326558369],[-127.56244163762108,50.098958961512686],[-127.56234654223984,50.09888496573338]]],[[[-127.48182034610883,50.089972255321],[-127.4818645386619,50.08990956375937],[-127.48207092866885,50.090064767029666],[-127.48187346031449,50.09008897406605],[-127.48182034610883,50.089972255321]]],[[[-127.5867595428864,50.06946786285541],[-127.58680483680192,50.06937816107895],[-127.58695375765315,50.06953336757714],[-127.586812958044,50.06954047500905],[-127.5867595428864,50.06946786285541]]],[[[-127.23252416158732,49.97121166166132],[-127.23259565445946,49.97116755910839],[-127.23276303500441,49.97117896816494],[-127.23265903644521,49.97132136293006],[-127.23252416158732,49.97121166166132]]],[[[-127.34071106306672,49.974698172402356],[-127.34089184881127,49.97465686487666],[-127.34091664291863,49.97474655674358],[-127.34077713899903,49.974799273414156],[-127.34071106306672,49.974698172402356]]],[[[-127.4540265530179,50.07131075334984],[-127.45416834156417,50.07125807675948],[-127.45429203862159,50.071322179686796],[-127.45412245105098,50.071391963745405],[-127.4540265530179,50.07131075334984]]],[[[-127.40609615418013,50.000378064735365],[-127.40621175587818,50.00028115273102],[-127.40631765999825,50.000416454974726],[-127.40619095170571,50.00046067450269],[-127.40609615418013,50.000378064735365]]],[[[-127.54436183099877,50.07497955989614],[-127.54457274611892,50.074945362647604],[-127.54475195264511,50.07501947052751],[-127.54469574913878,50.07505507807185],[-127.54436183099877,50.07497955989614]]],[[[-127.24341163445074,50.00543115984519],[-127.24342845659162,50.00533285358919],[-127.24358376023429,50.00530867175587],[-127.24360535971596,50.00543396774545],[-127.24341163445074,50.00543115984519]]],[[[-127.13925745873178,50.02167996345663],[-127.13942564655424,50.02164718190866],[-127.13949044710408,50.02175547754008],[-127.1393215404249,50.02178966802398],[-127.13925745873178,50.02167996345663]]],[[[-127.53000542889419,50.025291761532465],[-127.53018934165488,50.02520488079537],[-127.53029795024163,50.02527747075095],[-127.5301418483219,50.02534725516485],[-127.53000542889419,50.025291761532465]]],[[[-127.31641003759057,50.01394366932843],[-127.31652536671848,50.013890971594066],[-127.31666024535077,50.013992059981966],[-127.3163677399932,50.01400626150777],[-127.31641003759057,50.01394366932843]]],[[[-127.58723045203597,50.07295435949114],[-127.58740033849905,50.07289306370385],[-127.5874946627507,50.07300277132696],[-127.58727056412506,50.07302696812993],[-127.58723045203597,50.07295435949114]]],[[[-127.43691255625887,50.002353453204705],[-127.4369597391293,50.00223665753554],[-127.43715145143352,50.00232065542572],[-127.43705154769275,50.00235487292185],[-127.43691255625887,50.002353453204705]]],[[[-127.6475328477484,50.13451007542583],[-127.64769172839588,50.13439476047572],[-127.64776105761598,50.134423263396464],[-127.64768655895155,50.13454856833035],[-127.6475328477484,50.13451007542583]]],[[[-127.18988464377381,50.05496085371451],[-127.19006646169927,50.05494667344353],[-127.19007635092359,50.05504487966616],[-127.18986713405843,50.05506056730629],[-127.18988464377381,50.05496085371451]]],[[[-127.29510343837447,49.99162196805096],[-127.29509514056456,49.99149666463947],[-127.29527465619574,49.99152515857149],[-127.29515787194421,49.99168607218921],[-127.29510343837447,49.99162196805096]]],[[[-127.45508153853238,50.07198156098483],[-127.45531955045175,50.07196596174043],[-127.45536003867777,50.072047171456646],[-127.45523326041213,50.07209127390329],[-127.45508153853238,50.07198156098483]]],[[[-127.55749034666081,50.07155435468828],[-127.55755076039878,50.07144605657236],[-127.55771544331543,50.07154727950885],[-127.55769964202895,50.0716013739741],[-127.55749034666081,50.07155435468828]]],[[[-127.52038324302633,50.09072137578863],[-127.52040015406669,50.090650170897405],[-127.52062365310208,50.09066156259284],[-127.5206208347013,50.0907697702887],[-127.52038324302633,50.09072137578863]]],[[[-127.34184085324085,49.96576545852055],[-127.34198343836532,49.96565867949567],[-127.34205364120132,49.965660057315375],[-127.34200435533263,49.96586657732298],[-127.34184085324085,49.96576545852055]]],[[[-127.52909126694138,50.084383669393624],[-127.52920695428736,50.08429536068404],[-127.52932894471918,50.08442206868934],[-127.52922933831891,50.08447476689288],[-127.52909126694138,50.084383669393624]]],[[[-127.19219443570576,50.03960786905793],[-127.19235076302611,50.03951956626163],[-127.19243334861206,50.039556666548044],[-127.19238746654216,50.03966486633569],[-127.19219443570576,50.03960786905793]]],[[[-127.58557134084877,50.06854498230081],[-127.58564207090784,50.068482367545286],[-127.58580644902955,50.06863756002695],[-127.58563685942376,50.06864465531926],[-127.58557134084877,50.06854498230081]]],[[[-126.6213651299676,49.58980695919091],[-126.62149305727455,49.58973857134834],[-126.62175186101031,49.58980695876528],[-126.62164093879255,49.58982266942329],[-126.6213651299676,49.58980695919091]]],[[[-127.52018073287545,50.09501816916131],[-127.52033695123986,50.094948359188585],[-127.52038845212881,50.09508366266011],[-127.52030435566462,50.09514636822344],[-127.52018073287545,50.09501816916131]]],[[[-127.35898946304899,50.03061826887558],[-127.35910335361562,50.030529951506466],[-127.3592272366219,50.030602673466646],[-127.35920923871367,50.03067526492107],[-127.35898946304899,50.03061826887558]]],[[[-127.40072305247278,50.00671717170532],[-127.40064197005407,50.00659047243099],[-127.40086722351484,50.00653916535133],[-127.40089323211055,50.006593272022556],[-127.40072305247278,50.00671717170532]]],[[[-127.5503084641486,50.09560497433428],[-127.55039275466542,50.09557075039862],[-127.55050425466,50.09558925305228],[-127.55031874564094,50.09576738171335],[-127.5503084641486,50.09560497433428]]],[[[-125.9946738211939,50.41708176130964],[-125.99485656398234,50.417050471165496],[-125.99497433860375,50.417154364925715],[-125.99489294496514,50.417184364975284],[-125.9946738211939,50.41708176130964]]],[[[-126.57340644060967,49.57161126112901],[-126.57362844909683,49.57158847771824],[-126.5736517499704,49.57167966188573],[-126.5734434359689,49.57169245984943],[-126.57340644060967,49.57161126112901]]],[[[-127.64748646187519,50.13423947628751],[-127.64765574251781,50.13416968481589],[-127.64772343913963,50.134206777294956],[-127.64763733592504,50.13431357822364],[-127.64748646187519,50.13423947628751]]],[[[-127.51686043374579,50.12970337110484],[-127.51702923862098,50.12966916252239],[-127.51705394917872,50.12974187923304],[-127.5169386630351,50.12984866282929],[-127.51686043374579,50.12970337110484]]],[[[-127.34279053451161,50.021708462654416],[-127.34303113238173,50.021585959947984],[-127.34310063313384,50.021613065773074],[-127.34297193763753,50.02172837091216],[-127.34279053451161,50.021708462654416]]],[[[-127.35720945909809,50.03079066895769],[-127.35736574500449,50.03072087540087],[-127.35743464932607,50.030749376150474],[-127.35730295252942,50.03090026272662],[-127.35720945909809,50.03079066895769]]],[[[-127.55041127275356,50.08574946740346],[-127.550607861648,50.08568817118109],[-127.55063372940613,50.085733759868575],[-127.55039233441316,50.085883261041346],[-127.55041127275356,50.08574946740346]]],[[[-127.01100135841706,49.88551695714397],[-127.01107604457314,49.88539167196015],[-127.0112015337451,49.88543006242184],[-127.0111817598556,49.885565355349726],[-127.01100135841706,49.88551695714397]]],[[[-127.41672285715931,49.99250077717606],[-127.41679474308437,49.99240245724517],[-127.41696164723606,49.99246796359794],[-127.41681775527618,49.99257336096231],[-127.41672285715931,49.99250077717606]]],[[[-127.54130657088484,50.084060365578225],[-127.54132126623091,50.083989064137334],[-127.54160044901822,50.08402896751237],[-127.54137434904885,50.08411587699777],[-127.54130657088484,50.084060365578225]]],[[[-127.384588757319,50.01547035723626],[-127.38477202812791,50.015419170508174],[-127.38489395478226,50.01551027859976],[-127.38468367125651,50.015552972587926],[-127.384588757319,50.01547035723626]]],[[[-127.58225065693763,50.06974557473827],[-127.58225515073477,50.06961886536671],[-127.58247893043121,50.069648762745686],[-127.58246196875801,50.069729973215274],[-127.58225065693763,50.06974557473827]]],[[[-126.40561195281617,49.639902153936916],[-126.40564724261682,49.639776764449245],[-126.40586482331769,49.63983516567458],[-126.40579273838587,49.63988787192617],[-126.40561195281617,49.639902153936916]]],[[[-126.63538073108423,49.58841266888047],[-126.63535725823793,49.588321564594544],[-126.63558965442527,49.58836287474376],[-126.63553066576745,49.58846107193993],[-126.63538073108423,49.58841266888047]]],[[[-126.55970324627094,49.63525777169969],[-126.55974734695442,49.635176562852635],[-126.55996704185812,49.63522645307669],[-126.55996444790047,49.6352990737621],[-126.55970324627094,49.63525777169969]]],[[[-127.38019935196033,49.99822895822547],[-127.38031164461782,49.998177663887695],[-127.38038094065276,49.99821466719769],[-127.38030673160111,49.99836566226998],[-127.38019935196033,49.99822895822547]]],[[[-127.19181785869431,50.039573755422104],[-127.19208425649522,50.0395252561793],[-127.19215394387956,50.03957088066793],[-127.19185723330426,50.039646364139614],[-127.19181785869431,50.039573755422104]]],[[[-127.22915353868675,50.0029928654946],[-127.22926816588023,50.00291317402412],[-127.22940484324518,50.00302427261635],[-127.22920793129698,50.00305695990899],[-127.22915353868675,50.0029928654946]]],[[[-127.44943014994345,50.06820217828808],[-127.44952664920204,50.068300062931435],[-127.44938402543973,50.068388366687344],[-127.44930133220134,50.06834136349785],[-127.44943014994345,50.06820217828808]]],[[[-126.98508483217798,49.881057760262664],[-126.98511675064138,49.880976550362114],[-126.98528165645817,49.88102505885086],[-126.98520534867313,49.88116746791992],[-126.98508483217798,49.881057760262664]]],[[[-127.32229494940202,50.01173465298961],[-127.32249275350291,50.011666373936905],[-127.32255985569408,50.01170337766558],[-127.32247173788166,50.01184575971152],[-127.32229494940202,50.01173465298961]]],[[[-127.30258933414328,49.96014276847886],[-127.30274393203923,49.96008146022777],[-127.30279403808959,49.9602167747349],[-127.30260036504276,49.960223866215486],[-127.30258933414328,49.96014276847886]]],[[[-127.26399725316406,49.98563747863787],[-127.26424875302185,49.98560616395394],[-127.26424415217912,49.98574006429987],[-127.264051171224,49.98569306809651],[-127.26399725316406,49.98563747863787]]],[[[-127.3454289330221,49.97090685886984],[-127.34547304153485,49.97083565982301],[-127.34562624929653,49.97082995449402],[-127.34562173818601,49.97096386245144],[-127.3454289330221,49.97090685886984]]],[[[-126.52972082297995,49.60669666349389],[-126.52988833543431,49.60665536167662],[-126.5299947385501,49.60675646516304],[-126.5298399483601,49.60680777975433],[-126.52972082297995,49.60669666349389]]],[[[-127.51208663793602,50.098179977005664],[-127.51222825217357,50.09813715575767],[-127.51239003877737,50.098273979299734],[-127.5122358613161,50.098281068030445],[-127.51208663793602,50.098179977005664]]],[[[-126.80598034969792,49.79689986422221],[-126.80617793804083,49.79681437888425],[-126.80619905578725,49.796968176857554],[-126.80604664909158,49.79696395021423],[-126.80598034969792,49.79689986422221]]],[[[-127.31680874188358,49.97656667600705],[-127.3167287437504,49.97646698418319],[-127.31706264258304,49.976525383012444],[-127.31700307064122,49.9765965669616],[-127.31680874188358,49.97656667600705]]],[[[-127.47708166453076,50.08909207553402],[-127.47708555058894,50.08901088027025],[-127.47737434509854,50.089121957498456],[-127.47720434465188,50.089173280384244],[-127.47708166453076,50.08909207553402]]],[[[-127.59741046458333,50.09713736348375],[-127.59717433314201,50.09708046278733],[-127.59759535095522,50.09706765883994],[-127.59741046458333,50.09713736348375]]],[[[-126.53590286158818,49.63421235770159],[-126.53612882926004,49.63416396310958],[-126.53613725715086,49.63423656310581],[-126.5358981619863,49.63432066284969],[-126.53590286158818,49.63421235770159]]],[[[-127.24298236687476,50.00573026490639],[-127.24315005085931,50.005688979710506],[-127.24323004233489,50.00578866426521],[-127.24307393989054,50.00586696372229],[-127.24298236687476,50.00573026490639]]],[[[-127.01278954183338,49.850151062709145],[-127.0129176367785,49.85008127935088],[-127.013121848426,49.850139671577],[-127.01282734552484,49.85020656301973],[-127.01278954183338,49.850151062709145]]],[[[-126.37926754016884,49.63934387144649],[-126.37938054311714,49.639283954396966],[-126.37958253823629,49.63940506368008],[-126.37948214457592,49.63943926469545],[-126.37926754016884,49.63934387144649]]],[[[-126.57140404439384,49.546992370282034],[-126.57154593483673,49.546922558768784],[-126.57156493437292,49.54712055977423],[-126.57141284936937,49.54709065169604],[-126.57140404439384,49.546992370282034]]],[[[-127.47609456544632,50.17877026611265],[-127.47632193774253,50.17866627207028],[-127.47634737133103,50.17874747138645],[-127.47619044340104,50.17885286144813],[-127.47609456544632,50.17877026611265]]],[[[-127.50884955287204,50.09028698027582],[-127.50907455830013,50.090217160109034],[-127.50917095283867,50.0903268683557],[-127.50895845346243,50.090359577545],[-127.50884955287204,50.09028698027582]]],[[[-127.51724225343892,50.098768160579354],[-127.51735462734253,50.09869696902833],[-127.51745314413773,50.09874398412669],[-127.51736422907665,50.098894868274016],[-127.51724225343892,50.098768160579354]]],[[[-126.86093933904516,49.789985270411954],[-126.86094313190051,49.78993117306098],[-126.861275024868,49.789938267717],[-126.86116105229527,49.790033758835655],[-126.86093933904516,49.789985270411954]]],[[[-127.24337594870921,50.00564617013753],[-127.2434472609628,50.0056120731212],[-127.24359445220988,50.00576726300636],[-127.24342616411823,50.00580997374535],[-127.24337594870921,50.00564617013753]]],[[[-127.53841805059042,50.029112869468605],[-127.53858965610637,50.02904307035499],[-127.53871012807737,50.02915276245232],[-127.53852873708338,50.029195460809085],[-127.53841805059042,50.029112869468605]]],[[[-127.51342434824953,50.0811349682003],[-127.51332965308195,50.081016761033],[-127.5136235421909,50.081019665176804],[-127.51360644472501,50.08110077415281],[-127.51342434824953,50.0811349682003]]],[[[-127.41283505823168,50.01186715258842],[-127.41290463544314,50.01183157168814],[-127.41309875326196,50.01190555471029],[-127.41301103070053,50.011985366976596],[-127.41283505823168,50.01186715258842]]],[[[-126.40846806147508,49.64062275782859],[-126.4086816435819,49.64053726263687],[-126.40877494200423,49.64061138083405],[-126.40865925034392,49.64068115388656],[-126.40846806147508,49.64062275782859]]],[[[-127.52904636577648,50.08405886752414],[-127.52913154869515,50.08397916716593],[-127.52941056080851,50.084063175518125],[-127.52915686865147,50.084122974583686],[-127.52904636577648,50.08405886752414]]],[[[-127.38733586223128,49.992469167087094],[-127.38762003883059,49.99242386780092],[-127.38763325910355,49.99248646006174],[-127.38737964043591,49.99254635680672],[-127.38733586223128,49.992469167087094]]],[[[-126.56609305588475,49.612649861256415],[-126.56619514441527,49.61254447613336],[-126.56635875472931,49.612582959478196],[-126.56622794923072,49.61271536435605],[-126.56609305588475,49.612649861256415]]],[[[-127.43438914783074,50.04008786546013],[-127.4345033385315,50.0400080738761],[-127.43465392474316,50.0400906631611],[-127.4345099544557,50.0402060638739],[-127.43438914783074,50.04008786546013]]],[[[-126.57037034039845,49.64661868175291],[-126.57057964124684,49.64657735986066],[-126.57062944882433,49.646687055531],[-126.57049022223349,49.646719764522324],[-126.57037034039845,49.64661868175291]]],[[[-127.33776473517975,49.974800660770725],[-127.33783715871857,49.9747209680811],[-127.33809495574486,49.97488615096582],[-127.33780435855172,49.974863359755375],[-127.33776473517975,49.974800660770725]]],[[[-127.54639707271693,50.0682401724859],[-127.5464963516989,50.06819746644442],[-127.54660694929208,50.06826156667458],[-127.54633633676305,50.06839256334834],[-127.54639707271693,50.0682401724859]]],[[[-126.56489514669963,49.63444886018125],[-126.56517393714365,49.63440037825016],[-126.56525203470353,49.634501467933475],[-126.56497554150327,49.634495879220324],[-126.56489514669963,49.63444886018125]]],[[[-126.5622965441505,49.542481960452484],[-126.56231432061294,49.54239216173608],[-126.56252314431097,49.542369373396355],[-126.5624461450198,49.542530379710676],[-126.5622965441505,49.542481960452484]]],[[[-127.42889645488393,50.001659860999716],[-127.4290689603497,50.001564375939395],[-127.4292069382673,50.00160146531007],[-127.4291333426106,50.00170827953982],[-127.42889645488393,50.001659860999716]]],[[[-127.3160354559835,50.04147926419434],[-127.31594065568142,50.04133405731582],[-127.31620704682368,50.0413382558535],[-127.31618885652226,50.041473572914995],[-127.3160354559835,50.04147926419434]]],[[[-126.62888694241258,49.72390057675607],[-126.62905664203302,49.72380515845535],[-126.62910955735317,49.72387775670238],[-126.62901832538492,49.72402016879624],[-126.62888694241258,49.72390057675607]]],[[[-127.06217784464567,49.836865974263226],[-127.06228092770733,49.83673216771319],[-127.06238763576678,49.83683325682299],[-127.06235474178443,49.83694008308892],[-127.06217784464567,49.836865974263226]]],[[[-127.65305874253627,50.16153017220685],[-127.65315865382723,50.16143196182627],[-127.65329645032166,50.16150597654572],[-127.65321046261481,50.161612759119436],[-127.65305874253627,50.16153017220685]]],[[[-127.31701294897618,49.961152453650286],[-127.31694835082318,49.96098157944869],[-127.31704665249231,49.96095596928768],[-127.31716376439805,49.961199474554554],[-127.31701294897618,49.961152453650286]]],[[[-126.56800686669219,49.637042268921036],[-126.5680916381199,49.63700815633118],[-126.56829824892009,49.637057952052324],[-126.56802883864678,49.63715907299351],[-126.56800686669219,49.637042268921036]]],[[[-127.54751116723696,50.08640457492705],[-127.54749865681453,50.08632486205171],[-127.54769705477763,50.08624505529246],[-127.54772064157149,50.08641736479282],[-127.54751116723696,50.08640457492705]]],[[[-127.43457396625455,50.04214157282701],[-127.43463393982924,50.042006273125054],[-127.4347696565467,50.04212585777988],[-127.43465584665991,50.042214164809565],[-127.43457396625455,50.04214157282701]]],[[[-126.61637044669085,49.60795708000059],[-126.61652675804044,49.60788015637181],[-126.61667486501285,49.60794566645148],[-126.6163656507143,49.60802976127955],[-126.61637044669085,49.60795708000059]]],[[[-126.5013630213066,49.68688966090336],[-126.5015217493464,49.68678565455914],[-126.50163064980707,49.686797064976794],[-126.50156954292738,49.686930976500726],[-126.5013630213066,49.68688966090336]]],[[[-126.8364526522867,49.778574560203914],[-126.83657544303095,49.778594454378876],[-126.83655327302287,49.77879247017301],[-126.8364306398945,49.77873546597441],[-126.8364526522867,49.778574560203914]]],[[[-127.54482447349507,50.07494826985369],[-127.54505094928453,50.07487988109077],[-127.54510307023867,50.07497957332457],[-127.54496195598372,50.075040770402104],[-127.54482447349507,50.07494826985369]]],[[[-126.96740276912865,49.814813572203626],[-126.96740602720378,49.81473236096408],[-126.96768515670374,49.814683951538626],[-126.9676390287775,49.814817765161905],[-126.96740276912865,49.814813572203626]]],[[[-127.36469296932792,50.020120465864196],[-127.36490263457624,50.020079175069775],[-127.36508013162853,50.02019876948554],[-127.36482995343852,50.02020306929913],[-127.36469296932792,50.020120465864196]]],[[[-126.98057313763984,49.80763126333024],[-126.98072956472923,49.807552961621504],[-126.98086764803526,49.80760135475956],[-126.98072294408341,49.80771526283978],[-126.98057313763984,49.80763126333024]]],[[[-127.36404493386075,50.01988685770206],[-127.36407527350656,50.01979716980063],[-127.36436745597096,50.01985555700301],[-127.36432305051103,50.019918163870265],[-127.36404493386075,50.01988685770206]]],[[[-127.3195923527584,50.04080285616358],[-127.3197766313001,50.04071596681127],[-127.31982976283905,50.040778566168306],[-127.31967124443022,50.04092956230706],[-127.3195923527584,50.04080285616358]]],[[[-127.42151545181585,49.99057807660687],[-127.4216438363085,49.99052535774861],[-127.42180377346855,49.990726171446],[-127.42156864908239,49.99066926890481],[-127.42151545181585,49.99057807660687]]],[[[-127.58851866225369,50.073365969639234],[-127.58867356456243,50.07331326783592],[-127.5887545338884,50.07342286942891],[-127.58863883129507,50.07351116261284],[-127.58851866225369,50.073365969639234]]],[[[-127.48448546225775,50.09236346522201],[-127.48469686388673,50.09234776283345],[-127.48467773394104,50.092491674037284],[-127.48449704267351,50.092488779706734],[-127.48448546225775,50.09236346522201]]],[[[-126.56609866184868,49.5691630657043],[-126.56633515999543,49.56913315988214],[-126.56637226400198,49.56924997036455],[-126.56617644902637,49.569264176431794],[-126.56609866184868,49.5691630657043]]],[[[-125.44186623776059,50.31819745941601],[-125.44209974555267,50.31809495982958],[-125.44220162460064,50.31814626449714],[-125.44214994421102,50.318237356931306],[-125.44186623776059,50.31819745941601]]],[[[-126.85326956934486,49.78939427080637],[-126.85328442808776,49.789340166323534],[-126.85358933535946,49.789389973485456],[-126.85345873612658,49.7894782684679],[-126.85326956934486,49.78939427080637]]],[[[-126.49422327095898,49.65045546825805],[-126.49439312402757,49.650387164385116],[-126.49457364465293,49.65039146182147],[-126.49447134824078,49.650496760529705],[-126.49422327095898,49.65045546825805]]],[[[-127.39450936910974,50.029001866108054],[-127.39477355363654,50.028996159478346],[-127.39485175790253,50.029158465693236],[-127.39459066714907,50.029065864695575],[-127.39450936910974,50.029001866108054]]],[[[-127.40004884790372,49.99719205744727],[-127.40009343303481,49.997066759342054],[-127.40019185242359,49.99703117704015],[-127.40024106260093,49.997221973108616],[-127.40004884790372,49.99719205744727]]],[[[-127.58776994699876,50.07357246824363],[-127.58784596754927,50.07343007068829],[-127.58800684082574,50.073656470961645],[-127.5879231455711,50.07365507658305],[-127.58776994699876,50.07357246824363]]],[[[-126.53605114338093,49.63374808047559],[-126.5362103319914,49.63363416476257],[-126.53637344709912,49.633709658583484],[-126.53621653899931,49.63379656672841],[-126.53605114338093,49.63374808047559]]],[[[-126.59271644986902,49.63680305557195],[-126.59262462918649,49.63668486459307],[-126.59299743356118,49.63670046971509],[-126.59289694990666,49.63680725096822],[-126.59271644986902,49.63680305557195]]],[[[-127.03893514101081,49.82005886106573],[-127.03892685400513,49.81995067810656],[-127.03912186533503,49.81993496965912],[-127.03911336020066,49.820115869980675],[-127.03893514101081,49.82005886106573]]],[[[-127.48320215252983,50.06262027362344],[-127.48335884902917,50.06248636186959],[-127.48355294199415,50.06255185489023],[-127.48320056103472,50.06269147039294],[-127.48320215252983,50.06262027362344]]],[[[-127.4858755451907,50.060280271211475],[-127.48575066801284,50.06023326858168],[-127.48619703073959,50.06026606194033],[-127.48618064246784,50.06031166821821],[-127.4858755451907,50.060280271211475]]],[[[-127.48591624421007,50.060738868785734],[-127.48562016802549,50.060842871419865],[-127.48550914076115,50.06077028045321],[-127.48583443407816,50.060684771742515],[-127.48591624421007,50.060738868785734]]],[[[-127.62179393437096,50.110372569459805],[-127.62197705762723,50.1103213719988],[-127.62204275746511,50.1104751659349],[-127.62195835598392,50.11050935693429],[-127.62179393437096,50.110372569459805]]],[[[-126.97195835075091,49.79494155271722],[-126.97215603691198,49.79486466182767],[-126.97227623454656,49.794982867912665],[-126.97213604330668,49.795008459576856],[-126.97195835075091,49.79494155271722]]],[[[-127.14882543641616,50.07453376964039],[-127.14883154825459,50.07436285682482],[-127.14908186474324,50.07442126387946],[-127.1490788519246,50.07447537705954],[-127.14882543641616,50.07453376964039]]],[[[-127.55095186746105,50.1243241680391],[-127.55119464580778,50.124210156789665],[-127.55131822668667,50.12426576185636],[-127.55109105266537,50.12436975257414],[-127.55095186746105,50.1243241680391]]],[[[-127.54436565467763,50.092841952819946],[-127.54460796296982,50.0927195633471],[-127.54468915902882,50.09280925535211],[-127.54463125243349,50.09286336201216],[-127.54436565467763,50.092841952819946]]],[[[-127.46704592425877,50.17920886174083],[-127.46725824465871,50.17915765923163],[-127.4673262622278,50.17926726728834],[-127.46711384686245,50.17931856871386],[-127.46704592425877,50.17920886174083]]],[[[-127.34684244377014,50.01751126453207],[-127.34713713372305,50.01749707234822],[-127.34719134264404,50.017552568773375],[-127.34704823551682,50.01762237695624],[-127.34684244377014,50.01751126453207]]],[[[-127.04981404297384,49.822697979207476],[-127.04991404484923,49.822626779275645],[-127.05014514423304,49.82273076400869],[-127.04986614933235,49.82277916021108],[-127.04981404297384,49.822697979207476]]],[[[-126.56583385668877,49.612869170548166],[-126.56605553706825,49.61285637842033],[-126.56594655922713,49.613069962951116],[-126.5658293561871,49.612923355276884],[-126.56583385668877,49.612869170548166]]],[[[-127.56082765233323,50.0324341643923],[-127.5607191559071,50.03235157130714],[-127.56106875692444,50.03232877391211],[-127.56100885036679,50.03243557217637],[-127.56082765233323,50.0324341643923]]],[[[-127.3541934342974,50.030379065075536],[-127.35429515805907,50.030245160761076],[-127.35440323467046,50.03039047191373],[-127.35426003508591,50.030470166951766],[-127.3541934342974,50.030379065075536]]],[[[-127.46382524629871,50.00036527980871],[-127.46382895444363,50.00027545693991],[-127.46414995170308,50.00027125213969],[-127.46414813907471,50.000342480303374],[-127.46382524629871,50.00036527980871]]],[[[-127.4234140361351,49.99648567791954],[-127.42358593973665,49.99635327875826],[-127.42372455460654,49.996427273727384],[-127.42362263503055,49.99654267372344],[-127.4234140361351,49.99648567791954]]],[[[-127.00454106223815,49.85042307091373],[-127.00468383088277,49.85033616234934],[-127.0049458552308,49.850403069184935],[-127.0047912418922,49.85045437424733],[-127.00454106223815,49.85042307091373]]],[[[-127.52644123239601,50.08561836068183],[-127.52665237287515,50.08554007242917],[-127.52674836552204,50.08563126997842],[-127.52650724765444,50.08572666274037],[-127.52644123239601,50.08561836068183]]],[[[-127.51183256374983,50.08741006993039],[-127.51205916824506,50.08733176401691],[-127.5120837377677,50.08740436200406],[-127.51191217251012,50.08754676857899],[-127.51183256374983,50.08741006993039]]],[[[-127.3834889724598,50.010400270632594],[-127.38368825850095,50.01029486792734],[-127.38383853488645,50.01037747418721],[-127.38364044654942,50.01046576434607],[-127.3834889724598,50.010400270632594]]],[[[-127.55345024996356,50.09804606643649],[-127.5534443380645,50.09783957342694],[-127.55352706133112,50.097813870757925],[-127.55366177069433,50.09798627278026],[-127.55345024996356,50.09804606643649]]],[[[-127.528199558562,50.011714768117905],[-127.52832734931572,50.01165356330585],[-127.52853274588081,50.01179027799094],[-127.52837736097041,50.01183436342801],[-127.528199558562,50.011714768117905]]],[[[-127.5419989479191,50.095321577581046],[-127.54222395417102,50.09525176043027],[-127.54232006513996,50.09534286056663],[-127.54212175654897,50.0954126715059],[-127.5419989479191,50.095321577581046]]],[[[-127.71671596178614,50.123026667083366],[-127.7167597537324,50.12296407725174],[-127.71706444309781,50.123022475175944],[-127.71679634517675,50.12310925861646],[-127.71671596178614,50.123026667083366]]],[[[-127.30776374759046,49.96326746215461],[-127.30798963719958,49.96317196625764],[-127.3080100378604,49.963414178332926],[-127.3077900335214,49.963330071421716],[-127.30776374759046,49.96326746215461]]],[[[-127.40367873951581,50.00424905791534],[-127.40366903952973,50.00413087859185],[-127.40400185964185,50.00421626242038],[-127.40378965484732,50.00427755949279],[-127.40367873951581,50.00424905791534]]],[[[-126.6284987386613,49.72388347334587],[-126.62863083906953,49.723733960128634],[-126.62880803529325,49.72379086096284],[-126.62860814160176,49.72393047770646],[-126.6284987386613,49.72388347334587]]],[[[-126.99714972903352,49.81014066150825],[-126.99731946177046,49.81009936047934],[-126.9974527379787,49.81022756683089],[-126.99735264416515,49.81028025939679],[-126.99714972903352,49.81014066150825]]],[[[-126.63563523048263,49.59146756835665],[-126.63588793884433,49.59138216544663],[-126.63603534453713,49.591449054095236],[-126.63589405497869,49.591535954694805],[-126.63563523048263,49.59146756835665]]],[[[-126.53227572524978,49.66542396718164],[-126.53247405315422,49.66531996280477],[-126.53257183495614,49.66533135889322],[-126.53256352801478,49.665492259110515],[-126.53227572524978,49.66542396718164]]],[[[-127.64400424398656,50.12127487400963],[-127.64410366026856,50.12122225951889],[-127.64424234008041,50.1212592655897],[-127.64412564839668,50.12142877709396],[-127.64400424398656,50.12127487400963]]],[[[-127.51825352537219,50.084533167564025],[-127.51833934554928,50.08446196727563],[-127.51856306035522,50.08450185617176],[-127.51826404661377,50.084641372894815],[-127.51825352537219,50.084533167564025]]],[[[-127.2424256423479,50.003366063142124],[-127.24248506681957,50.003276373346296],[-127.24277375224324,50.003370373644266],[-127.24270214346895,50.00342447656939],[-127.2424256423479,50.003366063142124]]],[[[-126.97324664318401,49.83129588318477],[-126.97344514097696,49.83123606611671],[-126.97356965391907,49.831257465376524],[-126.97355016047632,49.83137287360577],[-126.97324664318401,49.83129588318477]]],[[[-127.68526095314718,50.13022175055292],[-127.68547563777626,50.13018767594612],[-127.68552894545675,50.130305882375836],[-127.68530306210465,50.1303485588929],[-127.68526095314718,50.13022175055292]]],[[[-127.27623414377354,50.101384380735944],[-127.27641716159505,50.10132457494857],[-127.27651145329725,50.10144277054321],[-127.27641073757793,50.10153105840694],[-127.27623414377354,50.101384380735944]]],[[[-126.5100218384853,49.63655527151579],[-126.51010882140798,49.63648546250771],[-126.51033053573644,49.63649966423323],[-126.51014083737459,49.636657754946995],[-126.5100218384853,49.63655527151579]]],[[[-127.45657626205161,50.05984026943336],[-127.45681703243343,50.05972627326451],[-127.45688663153999,50.059763268902365],[-127.45667073642709,50.05995846476307],[-127.45657626205161,50.05984026943336]]],[[[-127.52859535084897,50.08278566551346],[-127.5286287414979,50.08265885725366],[-127.52881993798903,50.08276996620277],[-127.52870145405294,50.08296657210816],[-127.52859535084897,50.08278566551346]]],[[[-127.40574394393505,49.99881717577219],[-127.40599616477111,49.99878437592367],[-127.40601844841724,49.9989281660658],[-127.40576712108825,49.998925362962396],[-127.40574394393505,49.99881717577219]]],[[[-127.35802374417935,50.02370518014893],[-127.35808104841915,50.02363395879096],[-127.35829155241568,50.02361977131529],[-127.3581167642525,50.023806261186294],[-127.35802374417935,50.02370518014893]]],[[[-127.32540845922813,50.01571106559368],[-127.32555126183347,50.015622765573625],[-127.32573105088169,50.01567977080949],[-127.32561386473893,50.01580366331235],[-127.32540845922813,50.01571106559368]]],[[[-127.32609916420806,50.03439386165917],[-127.32614562716421,50.03425006572274],[-127.32641005664544,50.03427287450432],[-127.3263510469285,50.034352576561275],[-127.32609916420806,50.03439386165917]]],[[[-127.59965144916004,50.0955821520495],[-127.59986465184848,50.095503869550015],[-127.59992975267765,50.09563915682175],[-127.5998307608022,50.095710355989304],[-127.59965144916004,50.0955821520495]]],[[[-127.59642313062531,50.106057267653746],[-127.59646845869867,50.105923353698294],[-127.59665985186513,50.10612276131657],[-127.596505643228,50.10612986663985],[-127.59642313062531,50.106057267653746]]],[[[-126.49480842556981,49.72239086253261],[-126.49496513575247,49.7223225759791],[-126.49509644603198,49.722477753465625],[-126.49495513885044,49.72251906638972],[-126.49480842556981,49.72239086253261]]],[[[-127.48456095991794,50.06207057550339],[-127.4847870543137,50.06198365202092],[-127.4850522629499,50.062014962317306],[-127.48462867084828,50.062126072076914],[-127.48456095991794,50.06207057550339]]],[[[-127.40932572389428,50.0006201638855],[-127.40944064257305,50.00048626911306],[-127.4095768526986,50.00063295538068],[-127.40940414344539,50.000738354800006],[-127.40932572389428,50.0006201638855]]],[[[-126.48446042634679,49.68152176302524],[-126.48472816016331,49.681429174865464],[-126.48476765281943,49.68151036175332],[-126.48462335378349,49.68160725000054],[-126.48446042634679,49.68152176302524]]],[[[-127.51990176972609,50.09410667096702],[-127.52004474590318,50.09402698119022],[-127.52023654547298,50.094146558696586],[-127.52008154963555,50.0941992797651],[-127.51990176972609,50.09410667096702]]],[[[-127.58828674314432,50.06743555810905],[-127.58851205447743,50.06738425514246],[-127.58857794006454,50.06750245720711],[-127.58837983661542,50.067562272225764],[-127.58828674314432,50.06743555810905]]],[[[-127.71766565308558,50.12355075840239],[-127.7177932535001,50.123479561728004],[-127.71797426784879,50.12352657321165],[-127.71787325449992,50.12364195424024],[-127.71766565308558,50.12355075840239]]],[[[-127.22094743844937,49.89745616022895],[-127.22093846286688,49.89734785978257],[-127.2212973491499,49.89740766743296],[-127.22111255489142,49.8974860632896],[-127.22094743844937,49.89745616022895]]],[[[-127.42007375791823,49.990701963729485],[-127.42025695305965,49.990650652673196],[-127.4203094399251,49.99079595898085],[-127.42013964757695,49.99084727754151],[-127.42007375791823,49.990701963729485]]],[[[-127.32177503590754,49.963713164318484],[-127.32190394402586,49.963597867857175],[-127.32205383049327,49.963708966232176],[-127.32189642570731,49.96381436579566],[-127.32177503590754,49.963713164318484]]],[[[-127.3216997338121,50.01037745743634],[-127.32185716096157,50.01027207332937],[-127.32206423962828,50.010356060239424],[-127.32176753962571,50.01044146259024],[-127.3216997338121,50.01037745743634]]],[[[-127.19666085819495,50.04003657819535],[-127.19673344195674,50.03995688030913],[-127.1970404484175,50.03998816381286],[-127.19702214400283,50.04006076358123],[-127.19666085819495,50.04003657819535]]],[[[-126.91039755529658,49.86921976014789],[-126.91049775218347,49.86914857286385],[-126.91073256278655,49.86919836681776],[-126.91046286140015,49.869319475001156],[-126.91039755529658,49.86921976014789]]],[[[-126.97791263845338,49.80678525619797],[-126.9779711408301,49.80672256801923],[-126.97825926082156,49.80680805650758],[-126.97803473272761,49.80687645808808],[-126.97791263845338,49.80678525619797]]],[[[-126.49182523583865,49.69332276816701],[-126.49214716017022,49.693258667205136],[-126.49221263501246,49.6933498641894],[-126.4919186624072,49.69338826464197],[-126.49182523583865,49.69332276816701]]],[[[-127.55055675128787,50.08461715918069],[-127.55058656085352,50.084527463665935],[-127.55072684664404,50.0845117749007],[-127.55044194493274,50.08474256078994],[-127.55055675128787,50.08461715918069]]],[[[-127.31706956730262,49.99746556800054],[-127.31726683528895,49.9974413657828],[-127.31733076162791,49.9975951766046],[-127.31707824153764,49.99760937296761],[-127.31706956730262,49.99746556800054]]],[[[-126.88811333364485,49.850411662015915],[-126.88820365958331,49.85029627619034],[-126.88844026365125,49.85030057027174],[-126.88832223991655,49.85044155728378],[-126.88811333364485,49.850411662015915]]],[[[-127.36792063652989,50.0010616699777],[-127.36803646947897,50.00095486718096],[-127.36826906002011,50.001084467368045],[-127.36798995831965,50.00109866945538],[-127.36792063652989,50.0010616699777]]],[[[-126.56801365801434,49.56459846677122],[-126.56815574434587,49.56453727739952],[-126.56824384341212,49.56471095848418],[-126.56800673199308,49.564742264769876],[-126.56801365801434,49.56459846677122]]],[[[-127.64762634782635,50.131749967836626],[-127.64772634713287,50.13165168324386],[-127.64789285921124,50.13168156883904],[-127.64784835735401,50.13182405397605],[-127.64762634782635,50.131749967836626]]],[[[-127.12284224927959,49.84658906855037],[-127.12304134795642,49.84644805879185],[-127.123117043057,49.846657463780474],[-127.12304603948678,49.846700161686165],[-127.12284224927959,49.84658906855037]]],[[[-127.44748235643826,50.0671307525435],[-127.44773965878157,50.06697125315413],[-127.4478077281001,50.0670452665349],[-127.44760335636332,50.06724897620361],[-127.44748235643826,50.0671307525435]]],[[[-126.56726144647024,49.55859966177546],[-126.56742904035366,49.55856697385554],[-126.56744534942588,49.55877486500523],[-126.56730436037691,49.558816170810374],[-126.56726144647024,49.55859966177546]]],[[[-127.54599244135677,50.06864036276685],[-127.54609514813228,50.06849795545004],[-127.54625755351933,50.06871587019344],[-127.54614384329058,50.06873157804365],[-127.54599244135677,50.06864036276685]]],[[[-127.30724785153471,49.964077778370005],[-127.30740205974642,49.96400805615174],[-127.30746694764464,49.96414475702523],[-127.30726792926505,49.96425867096596],[-127.30724785153471,49.964077778370005]]],[[[-126.57217656172374,49.56823016497294],[-126.57231814316697,49.56815185349868],[-126.57249662704977,49.56820886674163],[-126.57242023501074,49.56832417324657],[-126.57217656172374,49.56823016497294]]],[[[-127.20443864067077,50.05279467633094],[-127.2046951659011,50.05267216716861],[-127.20477685547499,50.052692056992534],[-127.2046167629936,50.05286016196469],[-127.20443864067077,50.05279467633094]]],[[[-127.53846656335963,50.02937497358813],[-127.53855333531857,50.02925816380276],[-127.53877255689018,50.02942336580513],[-127.53858985339012,50.02949317884859],[-127.53846656335963,50.02937497358813]]],[[[-127.36237362247097,50.02673446228232],[-127.36255813960625,50.02666606574038],[-127.3626792690277,50.02679287140347],[-127.36248243734128,50.02685406171982],[-127.36237362247097,50.02673446228232]]],[[[-127.46324004363372,50.04717477061204],[-127.46304226328888,50.047253063047904],[-127.46287415198618,50.047223167177414],[-127.46321662777682,50.047056561494614],[-127.46324004363372,50.04717477061204]]],[[[-127.51425646119418,50.12880615730971],[-127.51442873787897,50.128710679419726],[-127.5146222591715,50.12874915607752],[-127.51456256308637,50.1288459635127],[-127.51425646119418,50.12880615730971]]],[[[-127.15178156268676,50.07688376058262],[-127.151979959494,50.076805373889954],[-127.15211934290753,50.07682536977769],[-127.15211375094263,50.07695205784651],[-127.15178156268676,50.07688376058262]]],[[[-127.48247456490968,50.06172876342428],[-127.48268712294139,50.06168596457487],[-127.48275094119757,50.06182277860376],[-127.48266443415639,50.06191956731072],[-127.48247456490968,50.06172876342428]]],[[[-127.29302176017819,49.990971169573335],[-127.29334456532136,49.99087716942349],[-127.29341193728952,49.99092277394462],[-127.29298944910929,49.991069460779904],[-127.29302176017819,49.990971169573335]]],[[[-127.44168624228591,50.04806486564474],[-127.44189695954603,50.048040654008645],[-127.44203115219845,50.04823147609431],[-127.4419320409361,50.048230080940776],[-127.44168624228591,50.04806486564474]]],[[[-127.71913366859293,50.122586667030795],[-127.71928635404333,50.122588061752474],[-127.71926754937253,50.122821578089564],[-127.71915544547458,50.122828775954396],[-127.71913366859293,50.122586667030795]]],[[[-126.59215253932658,49.63589155909428],[-126.59221564109046,49.63569497526803],[-126.59242044246596,49.635761954242135],[-126.59238773475053,49.635887278276606],[-126.59215253932658,49.63589155909428]]],[[[-126.90132413680271,49.84863567806977],[-126.9015923364142,49.84856877686219],[-126.9017271592618,49.848661274643256],[-126.90133593082867,49.848708264997875],[-126.90132413680271,49.84863567806977]]],[[[-126.65205664488438,49.588374251857424],[-126.65188505019977,49.58819047769498],[-126.65214786708543,49.588187672543334],[-126.65205664488438,49.588374251857424]]],[[[-127.3052405561421,49.96326597424779],[-127.30535614871597,49.963150662012744],[-127.30553403421774,49.96323465929817],[-127.30531996568287,49.96335716835895],[-127.3052405561421,49.96326597424779]]],[[[-127.16402174973867,49.86809337979247],[-127.1642558421724,49.868157257577536],[-127.16422346622048,49.86828266581747],[-127.16395977178203,49.86825126729353],[-127.16402174973867,49.86809337979247]]],[[[-126.57093112425372,49.61114166597223],[-126.57118564041797,49.611003459265575],[-126.57132305243185,49.61105046149881],[-126.57131845566029,49.61113167641828],[-126.57093112425372,49.61114166597223]]],[[[-127.36182615297237,50.00834227872941],[-127.36207823108232,50.008319472675474],[-127.36204184011059,50.00855156550529],[-127.3619364369883,50.00842487587763],[-127.36182615297237,50.00834227872941]]],[[[-127.38661895688705,50.001916171366744],[-127.38676332147115,50.001819363475086],[-127.38676695549914,50.00208997383076],[-127.38664276011579,50.00206145701271],[-127.38661895688705,50.001916171366744]]],[[[-127.68280695508042,50.139205669234265],[-127.68286563251569,50.13909037468435],[-127.68304673250951,50.13912736208077],[-127.68298734764076,50.13929828267139],[-127.68280695508042,50.139205669234265]]],[[[-127.42580702621306,50.03434116442857],[-127.42592182938222,50.03420726793812],[-127.42613065784438,50.034264253265775],[-127.42607044755604,50.03437107000609],[-127.42580702621306,50.03434116442857]]],[[[-127.38967273875234,50.00243846008238],[-127.38981476309674,50.002356269369024],[-127.39003414226073,50.002485880756886],[-127.38993444941022,50.00253855699346],[-127.38967273875234,50.00243846008238]]],[[[-127.51200374345679,50.08595597912096],[-127.51204613467131,50.085911764371566],[-127.51226544948081,50.08605846413705],[-127.51201283083398,50.086135370322204],[-127.51200374345679,50.08595597912096]]],[[[-126.56586215673534,49.5661351602886],[-126.56574033775854,49.566088176919806],[-126.56615513955651,49.566079666944184],[-126.56615314798779,49.56615086386147],[-126.56586215673534,49.5661351602886]]],[[[-126.56979095930183,49.55860826628762],[-126.57002833409454,49.55855837603587],[-126.57010592681638,49.558686567115124],[-126.56992313896433,49.55872788075861],[-126.56979095930183,49.55860826628762]]],[[[-127.46645624660741,50.07994865832966],[-127.46655493734379,50.079868878211364],[-127.4669280636301,50.08005255877068],[-127.46684292730089,50.080088161414565],[-127.46645624660741,50.07994865832966]]],[[[-126.63138854874883,49.592558552231424],[-126.6313774408639,49.59249585939584],[-126.63177525772875,49.59255856167823],[-126.63167515470833,49.59262834944298],[-126.63138854874883,49.592558552231424]]],[[[-127.24255586719306,50.0055451658914],[-127.24267295089365,50.00537557098001],[-127.24276144009005,50.00561915859118],[-127.2426079565936,50.00563477680367],[-127.24255586719306,50.0055451658914]]],[[[-127.25012623617538,49.99806657479079],[-127.25033904413115,49.997971168688416],[-127.2504460423425,49.99810787147636],[-127.25033126031123,49.99816905876869],[-127.25012623617538,49.99806657479079]]],[[[-127.26743723935469,49.98113837122563],[-127.26769145394391,49.981087150752565],[-127.2678125489841,49.98119825695349],[-127.26774024584853,49.98126807554263],[-127.26743723935469,49.98113837122563]]],[[[-127.62790772288186,50.1078901640218],[-127.62815853288875,50.10786596877903],[-127.62822655416805,50.107975655923084],[-127.62802846160453,50.10803546858655],[-127.62790772288186,50.1078901640218]]],[[[-127.41902234747926,49.98959107229382],[-127.4192911537882,49.98951278037516],[-127.41935475494613,49.98965807310389],[-127.41928533733318,49.98968366429795],[-127.41902234747926,49.98959107229382]]],[[[-127.20849835129383,50.05705877840361],[-127.20865516064877,50.05697897637479],[-127.20884754305558,50.057090066232796],[-127.20864714731657,50.05716838000749],[-127.20849835129383,50.05705877840361]]],[[[-127.06322805225804,49.84641817382592],[-127.06329973750236,49.84637406075941],[-127.06368156161403,49.84655206895534],[-127.06345872724631,49.84657486522707],[-127.06322805225804,49.84641817382592]]],[[[-127.41634814354131,50.01240977099995],[-127.41629437181226,50.01231006648398],[-127.41667393010951,50.01227016602276],[-127.41665706369173,50.012359960624444],[-127.41634814354131,50.01240977099995]]],[[[-127.32375336911358,49.96160276688198],[-127.32389965815136,49.961549860918296],[-127.32396674384806,49.96165807176993],[-127.32375205416922,49.96178195869399],[-127.32375336911358,49.96160276688198]]],[[[-127.52657693264331,50.08244017074914],[-127.52677443752853,50.082500860385395],[-127.52658783763502,50.082651768623776],[-127.52650324080538,50.08262327240912],[-127.52657693264331,50.08244017074914]]],[[[-126.56266746038038,49.5805609594718],[-126.56289146632588,49.58052966318434],[-126.56295653881456,49.58062086612955],[-126.56278636210047,49.58069916414414],[-126.56266746038038,49.5805609594718]]],[[[-126.73787405940561,49.850813264444206],[-126.73797564437841,49.850734954876835],[-126.73815144403783,49.85081047831498],[-126.73807493350206,49.85098846813827],[-126.73787405940561,49.850813264444206]]],[[[-127.31811583845551,50.01107247207831],[-127.31833034301837,50.01095848386764],[-127.31842352920272,50.01103967087754],[-127.31815314648911,50.01119776692767],[-127.31811583845551,50.01107247207831]]],[[[-126.56348283750742,49.58061366003284],[-126.56357784948227,49.58060796799855],[-126.5638476689328,49.58074757117541],[-126.56356936690435,49.580777469211554],[-126.56348283750742,49.58061366003284]]],[[[-127.43467344087662,49.99829297850353],[-127.43492823888727,49.99815347866109],[-127.43500915999842,49.998261662660916],[-127.4349212352694,49.9983513655144],[-127.43467344087662,49.99829297850353]]],[[[-127.01315075765807,49.848088762494875],[-127.01334745810813,49.84807457687428],[-127.01336612568717,49.84825396522987],[-127.01313147441044,49.84824117007239],[-127.01315075765807,49.848088762494875]]],[[[-127.34402773926482,49.969052581439456],[-127.34423976542845,49.96900126907799],[-127.34426065713711,49.96920927576021],[-127.34407942966081,49.969160772260004],[-127.34402773926482,49.969052581439456]]],[[[-127.40063124833256,49.9980807820773],[-127.40072024006128,49.997983959561346],[-127.40097666273401,49.9982203708387],[-127.40083604136183,49.9982274683195],[-127.40063124833256,49.9980807820773]]],[[[-127.19257113193464,50.039603663456056],[-127.19282424695218,50.03952675368663],[-127.1929748297354,50.03964635917703],[-127.1926387596063,50.039677668027295],[-127.19257113193464,50.039603663456056]]],[[[-127.36597416391217,50.024303360973086],[-127.36610385418331,50.02423356498183],[-127.36623774679447,50.024351767783685],[-127.36613605710369,50.02448565974761],[-127.36597416391217,50.024303360973086]]],[[[-127.51235324898835,50.079636771608115],[-127.51245303741479,50.079539872092916],[-127.5126869611656,50.079649566561],[-127.51236505046377,50.07971787026964],[-127.51235324898835,50.079636771608115]]],[[[-127.55074484698739,50.08580638219648],[-127.55101205498312,50.08570246159725],[-127.55113696608343,50.08579357044587],[-127.55099405287653,50.08587337432938],[-127.55074484698739,50.08580638219648]]],[[[-127.34168814835056,50.01847266803445],[-127.34181634042761,50.01840148084028],[-127.34202544723884,50.01841426076949],[-127.34182363557808,50.01858226309798],[-127.34168814835056,50.01847266803445]]],[[[-127.46760626535274,50.17925307188512],[-127.46767805221212,50.179217459865875],[-127.46787293134958,50.179238761375196],[-127.46759975927701,50.17942396153385],[-127.46760626535274,50.17925307188512]]],[[[-127.48476695685159,50.093680872045645],[-127.48492525066895,50.09353846072128],[-127.48507436794768,50.09363957016894],[-127.4849153489486,50.093817555962964],[-127.48476695685159,50.093680872045645]]],[[[-126.8054503509438,49.79664775902186],[-126.80561995947855,49.79657937384058],[-126.80569422964655,49.79676026365308],[-126.8055530511095,49.796820072243534],[-126.8054503509438,49.79664775902186]]],[[[-126.54866374484331,49.62256377559128],[-126.54872253844368,49.622511062053285],[-126.54899625125813,49.62255387072595],[-126.54886535737894,49.62268625756646],[-126.54866374484331,49.62256377559128]]],[[[-127.38621592523644,50.001478963521016],[-127.38633243549933,50.00134646277377],[-127.38653444048686,50.00154737222682],[-127.38631025544869,50.001553071119886],[-127.38621592523644,50.001478963521016]]],[[[-127.51640595130542,50.09185787639325],[-127.51664635298557,50.09179805122525],[-127.51671105822913,50.09194336442251],[-127.5165144401296,50.09199455533087],[-127.51640595130542,50.09185787639325]]],[[[-127.59209095592402,50.10354065990172],[-127.59224933860942,50.10341676460974],[-127.59238616969992,50.10351647109476],[-127.59217215585673,50.1036403619051],[-127.59209095592402,50.10354065990172]]],[[[-126.87519636018429,49.76046426717683],[-126.87525244677667,49.76041156386163],[-126.87552844765548,49.76046147079043],[-126.87530056475077,49.76060096637592],[-126.87519636018429,49.76046426717683]]],[[[-126.96769093415325,49.815205158854035],[-126.96793095437563,49.81515535396956],[-126.96794083844662,49.8152365652549],[-126.96782486481746,49.81536897350922],[-126.96769093415325,49.815205158854035]]],[[[-127.51765942989378,50.09793636915897],[-127.51792572729573,50.09792216054093],[-127.51797876068136,50.097976269969045],[-127.51776635755043,50.098081666824626],[-127.51765942989378,50.09793636915897]]],[[[-127.3377467524877,49.97448596363437],[-127.3379838406888,49.97446175846236],[-127.33810477276289,49.974606972310184],[-127.33776964860678,49.97459416211545],[-127.3377467524877,49.97448596363437]]],[[[-127.55541873676944,50.08702556872533],[-127.55518204594374,50.087004180449746],[-127.5552570373416,50.0868346755191],[-127.55545094880831,50.08688167770923],[-127.55541873676944,50.08702556872533]]],[[[-126.54278485831291,49.629033966330816],[-126.54298323217363,49.62896557452172],[-126.54300704987115,49.62903825818308],[-126.54278903901627,49.62923195717457],[-126.54278485831291,49.629033966330816]]],[[[-126.61666634974434,49.60809807775296],[-126.61690555412376,49.60805825011581],[-126.61694236326586,49.608122266785166],[-126.61681166523094,49.608254764266206],[-126.61666634974434,49.60809807775296]]],[[[-127.3251161504488,50.016084278310586],[-127.3252465645132,50.01596036107276],[-127.32542366420057,50.01606147394738],[-127.32536342800559,50.016186765448104],[-127.3251161504488,50.016084278310586]]],[[[-127.51477253402327,50.079155369322486],[-127.5149158560938,50.07902145642879],[-127.51511195353922,50.07903427881139],[-127.51499283846907,50.07921237152438],[-127.51477253402327,50.079155369322486]]],[[[-127.06621565644751,49.84765265573551],[-127.0662835541804,49.84759315128278],[-127.06662544720085,49.847715651736735],[-127.06626235478254,49.84774556395546],[-127.06621565644751,49.84765265573551]]],[[[-127.6516850492485,50.16005757360626],[-127.65193775332415,50.16001485978664],[-127.65197835658826,50.16008746891587],[-127.65180736548285,50.16022987347307],[-127.6516850492485,50.16005757360626]]],[[[-127.544157925819,50.086777765930286],[-127.54403455766725,50.08672215266634],[-127.5445922576753,50.08676485651196],[-127.5445637581557,50.086817557156365],[-127.544157925819,50.086777765930286]]],[[[-127.49364404424666,50.116398468507356],[-127.49386945241356,50.116357172637805],[-127.4939523285306,50.116438263705554],[-127.49370933090556,50.11655226575685],[-127.49364404424666,50.116398468507356]]],[[[-126.55444713374713,49.65580906554035],[-126.55474493925946,49.65567236281344],[-126.55488215450174,49.655729374382254],[-126.5546687617992,49.655841864000685],[-126.55444713374713,49.65580906554035]]],[[[-127.68612403436222,50.14326326905754],[-127.68627996337835,50.143193476026376],[-127.6863883510114,50.14340146219258],[-127.68616453292704,50.14339007101664],[-127.68612403436222,50.14326326905754]]],[[[-127.38376896223835,49.99202796240244],[-127.38373282947195,49.99184706812055],[-127.38392875045032,49.99184987929496],[-127.38392124126311,49.99209328211986],[-127.38376896223835,49.99202796240244]]],[[[-127.20506114774149,50.06116896041167],[-127.20495435824945,50.06106927447907],[-127.20537426428604,50.06103936073703],[-127.20538637385171,50.06108497025346],[-127.20506114774149,50.06116896041167]]],[[[-126.56968983932501,49.610207353633335],[-126.56984903880043,49.610066357836914],[-126.56984844598438,49.610372566033575],[-126.56972465040234,49.610342663468444],[-126.56968983932501,49.610207353633335]]],[[[-127.30625093277334,49.9642692697617],[-127.30628654623736,49.96405506105858],[-127.30652133873106,49.96411196741874],[-127.30650204348093,49.964220261911045],[-127.30625093277334,49.9642692697617]]],[[[-126.98037525129229,49.790392664172685],[-126.98061264353778,49.790315675398794],[-126.98074873256132,49.79039116403677],[-126.98053665704249,49.790512254338154],[-126.98037525129229,49.790392664172685]]],[[[-127.2632047613131,49.95416246950142],[-127.26344645328564,49.95408556160959],[-127.26353976812894,49.95420376884068],[-127.26332834927422,49.954253558074235],[-127.2632047613131,49.95416246950142]]],[[[-126.57017812737354,49.63293206668792],[-126.57036314950538,49.63285516605246],[-126.57052633848151,49.63290357516518],[-126.5702547614995,49.63305876698004],[-126.57017812737354,49.63293206668792]]],[[[-126.62536793297448,49.66062437255109],[-126.62550753228449,49.660581671933734],[-126.62556876760046,49.66075396496144],[-126.62530313683621,49.66080235950113],[-126.62536793297448,49.66062437255109]]],[[[-127.4353718564871,50.00380757071574],[-127.43543127097999,50.00373636690637],[-127.43566774211466,50.00377615560378],[-127.43550692570385,50.00397136375481],[-127.4353718564871,50.00380757071574]]],[[[-127.39433253825747,50.02924105756576],[-127.3944331405086,50.0291527565408],[-127.39472367265576,50.029282370719905],[-127.39463575801413,50.02937207248177],[-127.39433253825747,50.02924105756576]]],[[[-126.55045126301202,49.69648596638389],[-126.55075885649545,49.696437557228045],[-126.55079345790321,49.69654715472267],[-126.55069336757607,49.6966169675745],[-126.55045126301202,49.69648596638389]]],[[[-127.58676965434503,50.06867597303905],[-127.58673025309378,50.068567764383644],[-127.58706583344426,50.068517975314805],[-127.58692085214366,50.06871447139574],[-127.58676965434503,50.06867597303905]]],[[[-127.5275032583591,50.01210217423363],[-127.5276595616022,50.0120223710142],[-127.52777734982544,50.01224887987194],[-127.52751404187055,50.01221895474874],[-127.5275032583591,50.01210217423363]]],[[[-126.53409264515004,49.603704378001],[-126.53441673058407,49.60359477318111],[-126.53466213764591,49.60365455901809],[-126.53442493586142,49.60372146794017],[-126.53409264515004,49.603704378001]]],[[[-127.58502814942341,50.057043068857354],[-127.58520233976613,50.05687495824854],[-127.58530994639814,50.056974664350086],[-127.58512412600697,50.05713426371023],[-127.58502814942341,50.057043068857354]]],[[[-127.43740164626978,50.0045096785219],[-127.43759956151386,50.00443136205582],[-127.43772083985168,50.00458657524942],[-127.4375783440426,50.00466495399032],[-127.43740164626978,50.0045096785219]]],[[[-127.23445373371709,49.948555360636725],[-127.23454254190882,49.94843145524357],[-127.23474634156922,49.948578157710095],[-127.2346872555288,49.94867636544177],[-127.23445373371709,49.948555360636725]]],[[[-127.2522602539602,49.96154417450559],[-127.25242694683308,49.961528460096986],[-127.2524341446187,49.961736381535445],[-127.25225063292268,49.96176916501304],[-127.2522602539602,49.96154417450559]]],[[[-127.362157943028,50.02567917868043],[-127.36228725705797,50.0256007592769],[-127.36242286054528,50.025710464728185],[-127.36227924856964,50.02583436553171],[-127.362157943028,50.02567917868043]]],[[[-126.53546974480376,49.67076327412215],[-126.53559825596948,49.67071207160814],[-126.5357792417512,49.67070635934136],[-126.53557255636437,49.67093566329281],[-126.53546974480376,49.67076327412215]]],[[[-126.61285793869739,49.60872185705827],[-126.61312344657587,49.608646456892664],[-126.61325836618394,49.608738968221076],[-126.6131433438472,49.608825878162534],[-126.61285793869739,49.60872185705827]]],[[[-126.99196874213423,49.80335005536873],[-126.9921119444901,49.80325326810913],[-126.99237285030425,49.80330305158223],[-126.99236776867305,49.80341136866631],[-126.99196874213423,49.80335005536873]]],[[[-127.56058664105709,50.031593856900884],[-127.5607569444827,50.03155115459523],[-127.56088936612417,50.0317320629323],[-127.56062453236021,50.03172915924353],[-127.56058664105709,50.031593856900884]]],[[[-127.69005754609634,50.140205480046916],[-127.69028183371309,50.14017135951938],[-127.69031963663431,50.14033367042581],[-127.69008204709243,50.140367879638994],[-127.69005754609634,50.140205480046916]]],[[[-127.34163753649892,49.96555477807567],[-127.34165683935225,49.965393777528696],[-127.34189234122087,49.96547777533329],[-127.34176065317854,49.96564725983889],[-127.34163753649892,49.96555477807567]]],[[[-127.36215015788201,49.99635747017312],[-127.36237513025083,49.99628776178105],[-127.3625258365458,49.996407357511586],[-127.36227123618679,49.99650275850943],[-127.36215015788201,49.99635747017312]]],[[[-127.52272025179762,50.0984063628128],[-127.52293275328,50.098291075101265],[-127.52304335245717,50.09836506159046],[-127.52296693863654,50.0985616778724],[-127.52272025179762,50.0984063628128]]],[[[-126.56691314048632,49.57979615736516],[-126.56718943074146,49.57977487139753],[-126.5672105344591,49.57992866477023],[-126.56693444583534,49.5799229762163],[-126.56691314048632,49.57979615736516]]],[[[-127.54676482857133,50.09578586920426],[-127.54660413006646,50.0956220596481],[-127.54702295327122,50.09560926131942],[-127.54699383483764,50.09566336993521],[-127.54676482857133,50.09578586920426]]],[[[-127.34329483724254,49.969195059947765],[-127.3435084336555,49.969179370204216],[-127.34358705510449,49.96933455050607],[-127.34322535888643,49.96929326930683],[-127.34329483724254,49.969195059947765]]],[[[-127.3624787314446,50.0248929697589],[-127.36270364314657,50.02483315880439],[-127.36273915559043,50.025039656605],[-127.36254175186663,50.025063873596366],[-127.3624787314446,50.0248929697589]]],[[[-126.56928214996063,49.63729437791847],[-126.56959145252354,49.63723747332168],[-126.56966783319983,49.63735566218689],[-126.56951295463307,49.63740687283944],[-126.56928214996063,49.63729437791847]]],[[[-126.63497184383205,49.58854798144801],[-126.63474575857967,49.58838136079524],[-126.63525004690027,49.58851806964276],[-126.63497184383205,49.58854798144801]]],[[[-126.61945802741046,49.60340536908089],[-126.61990614978124,49.60327996929665],[-126.61994304788034,49.60337965886922],[-126.61950996378019,49.60346087359387],[-126.61945802741046,49.60340536908089]]],[[[-127.65409445831123,50.16497816788763],[-127.65425375214902,50.164827263264534],[-127.6543722687913,50.16506226438432],[-127.65426056553208,50.16508787222209],[-127.65409445831123,50.16497816788763]]],[[[-127.06422944603062,49.83670227346276],[-127.06432913574707,49.836640967705705],[-127.06447193446529,49.83689447243825],[-127.06426165769048,49.83690015827229],[-127.06422944603062,49.83670227346276]]],[[[-126.96738005129389,49.814003155211445],[-126.96749825424675,49.81385215693406],[-126.96773274941026,49.81390207517628],[-126.96760315438752,49.814025961395],[-126.96738005129389,49.814003155211445]]],[[[-127.62091746508011,50.09902027471229],[-127.62108734623676,50.09891486256865],[-127.62122344440843,50.09906008415204],[-127.62101194354335,50.09912986788253],[-127.62091746508011,50.09902027471229]]],[[[-127.21178193331484,50.00928366887898],[-127.21177295681998,50.009183975925815],[-127.21203865797531,50.00917965808409],[-127.21203075825926,50.00937767625447],[-127.21178193331484,50.00928366887898]]],[[[-127.30190165761816,49.985983555298034],[-127.30211626135055,49.9858696590264],[-127.30226642457394,49.985970764119855],[-127.30219255570105,49.986077557374614],[-127.30190165761816,49.985983555298034]]],[[[-127.38942403947969,50.00524746502795],[-127.38962236450395,50.005187572132265],[-127.38966143735504,50.005304367633315],[-127.38944603826191,50.00546386815917],[-127.38942403947969,50.00524746502795]]],[[[-126.65491992827032,49.58548576745689],[-126.65503174867347,49.585474568420146],[-126.65507926359663,49.58567396654274],[-126.65481583979563,49.58565116346285],[-126.65491992827032,49.58548576745689]]],[[[-127.55151323705387,50.103445276191295],[-127.55171923554349,50.103529259242706],[-127.5513815335039,50.10364177169897],[-127.55136795439236,50.10357905425281],[-127.55151323705387,50.103445276191295]]],[[[-127.40399815358819,50.00389296787829],[-127.40422485914576,50.003814666646214],[-127.40431824190055,50.00392436757497],[-127.40395305028034,50.00400975422199],[-127.40399815358819,50.00389296787829]]],[[[-126.66857936883271,49.57818396487266],[-126.66858605642723,49.5780401689301],[-126.6688886640938,49.57810856449074],[-126.66884054119011,49.57823386434148],[-126.66857936883271,49.57818396487266]]],[[[-126.57618583568959,49.65697836473184],[-126.5764454615763,49.65681176001408],[-126.57640174952824,49.65709945342302],[-126.57618583568959,49.65697836473184]]],[[[-126.54951443918763,49.6285283550401],[-126.54968405349679,49.62845145956483],[-126.54987766054381,49.62845576372516],[-126.54966016883,49.62863946886401],[-126.54951443918763,49.6285283550401]]],[[[-127.49684524573932,50.10668107962457],[-127.49699984760029,50.10661975400268],[-127.49722194589873,50.10666827249614],[-127.49700884746443,50.10680927754097],[-127.49684524573932,50.10668107962457]]],[[[-126.61726914198681,49.60258787834683],[-126.61703466118438,49.602555065680384],[-126.61765002677923,49.60244256326302],[-126.61750444021436,49.60256507034681],[-126.61726914198681,49.60258787834683]]],[[[-127.31627485919867,49.9822535668574],[-127.31647356514141,49.982202268621975],[-127.31666394749274,49.98232198065379],[-127.31649476578576,49.98240026876071],[-127.31627485919867,49.9822535668574]]],[[[-127.56297583930643,50.03247826937133],[-127.56281275310182,50.03235016407632],[-127.56328485017814,50.03241847574067],[-127.56310085012485,50.03251537035859],[-127.56297583930643,50.03247826937133]]],[[[-127.54402676810976,50.092981564338025],[-127.54429575720515,50.092859054083874],[-127.5444330466552,50.09292318253826],[-127.54430495013845,50.09303855236418],[-127.54402676810976,50.092981564338025]]],[[[-127.65899603158881,50.142944268496144],[-127.65909643604869,50.1428744736555],[-127.65931962621407,50.14292146508822],[-127.65909032183788,50.14308956371897],[-127.65899603158881,50.142944268496144]]],[[[-127.68809936854895,50.13451716492174],[-127.68813044922152,50.13440897254952],[-127.6883529337678,50.13445736669163],[-127.68823582951195,50.1346624621535],[-127.68809936854895,50.13451716492174]]],[[[-127.20452614648897,50.061322880058995],[-127.20474994498392,50.06129008250313],[-127.20480105981295,50.06139975635497],[-127.20443844444989,50.061421067460515],[-127.20452614648897,50.061322880058995]]],[[[-127.46561444316187,50.07914537496359],[-127.46560415187213,50.07903716098871],[-127.46601766709769,50.07920516468631],[-127.46575064258761,50.079255054930016],[-127.46561444316187,50.07914537496359]]],[[[-126.7066546601338,49.597043371311266],[-126.70689384567993,49.596949377834115],[-126.70698292806186,49.59710466493478],[-126.70674574432377,49.59716297012309],[-126.7066546601338,49.597043371311266]]],[[[-127.71828143697782,50.123008170870506],[-127.71842357293961,50.122973970821675],[-127.71870214896762,50.123030953140265],[-127.71836423373661,50.12313497445972],[-127.71828143697782,50.123008170870506]]],[[[-126.63355794688563,49.591748168414824],[-126.63359296733137,49.591622867172156],[-126.63390385933606,49.5917552614061],[-126.63379034473387,49.591843557022194],[-126.63355794688563,49.591748168414824]]],[[[-127.30253794241833,49.963154978085306],[-127.30269406627102,49.9630666667038],[-127.30292766315767,49.96316916281419],[-127.30274315222088,49.963265965763405],[-127.30253794241833,49.963154978085306]]],[[[-127.07863063887767,49.857891573263096],[-127.07870673187104,49.85774916475091],[-127.0789241406923,49.85786888217474],[-127.07883615036931,49.85797566101864],[-127.07863063887767,49.857891573263096]]],[[[-126.57047866078968,49.54699947480271],[-126.57072903783423,49.54694116963953],[-126.5708373638087,49.54700667404469],[-126.57063685345733,49.54713767460675],[-126.57047866078968,49.54699947480271]]],[[[-127.00418412289133,49.84797056218887],[-127.00431223958405,49.84790075534683],[-127.00449895699981,49.848065969654314],[-127.0042327490374,49.84814286959511],[-127.00418412289133,49.84797056218887]]],[[[-125.43807774014425,50.30650326540559],[-125.43831406198136,50.306417872400765],[-125.43848584399423,50.30647626069465],[-125.43824033159221,50.3066257657635],[-125.43807774014425,50.30650326540559]]],[[[-127.69677536277075,50.13089116163281],[-127.69700063415608,50.13082997062617],[-127.69706726810435,50.13094817367493],[-127.69674374408196,50.13102505948887],[-127.69677536277075,50.13089116163281]]],[[[-127.5835442355648,50.06097387163891],[-127.58364575314037,50.060848576155706],[-127.58390656207291,50.06099666127344],[-127.58377754514946,50.061084954317906],[-127.5835442355648,50.06097387163891]]],[[[-127.20599583764373,49.91234625798475],[-127.20623326232041,49.91237755725698],[-127.20610005726888,49.91259115266323],[-127.20593716588175,49.91247156848392],[-127.20599583764373,49.91234625798475]]],[[[-127.0108450443883,49.85006417248296],[-127.01106963108516,49.8500142632481],[-127.01127452327034,49.85007126569572],[-127.0107589639862,49.85013397318901],[-127.0108450443883,49.85006417248296]]],[[[-127.49579353819333,50.10806106790831],[-127.49589425346154,50.107991278019114],[-127.49613156981093,50.10802127135859],[-127.49607136611515,50.108182167998855],[-127.49579353819333,50.10806106790831]]],[[[-127.44786926098362,50.06727886156619],[-127.44809287147392,50.06724606944501],[-127.44766644945423,50.06748398076635],[-127.44786926098362,50.06727886156619]]],[[[-127.29095774664879,49.97711505786293],[-127.29111523861262,49.9770096596362],[-127.29130044835094,49.977283071686365],[-127.29118765599365,49.97732575199358],[-127.29095774664879,49.97711505786293]]],[[[-126.57009905187088,49.57970936686783],[-126.57018794925129,49.57959536628182],[-126.57047275128718,49.579690852085626],[-126.57019236695444,49.579783368343044],[-126.57009905187088,49.57970936686783]]],[[[-127.68503605606755,50.12940995470743],[-127.68517924557379,50.12929467707306],[-127.6854008351813,50.129350170048625],[-127.68521475264107,50.12951116573006],[-127.68503605606755,50.12940995470743]]],[[[-127.55397585654441,50.0968383732211],[-127.55418353371678,50.09691376931957],[-127.55384413309795,50.09703485909371],[-127.55385994811665,50.09698076097019],[-127.55397585654441,50.0968383732211]]],[[[-127.30457064742556,50.147161380999215],[-127.30485314623307,50.14709296823114],[-127.30500445634678,50.14720405794332],[-127.30472145721505,50.147253857385756],[-127.30457064742556,50.147161380999215]]],[[[-127.30332874839843,49.962887159710874],[-127.30345763322974,49.962771764823856],[-127.3037319461151,49.962919979978565],[-127.30343645312777,49.962969777537445],[-127.30332874839843,49.962887159710874]]],[[[-126.57208513859332,49.66977516133711],[-126.5720874395263,49.669719359507276],[-126.57245286166116,49.6696381610625],[-126.57224864519542,49.669848964892346],[-126.57208513859332,49.66977516133711]]],[[[-127.37955876214667,50.015607172876145],[-127.37958954089639,50.01552595564443],[-127.3799673428265,50.01550456296331],[-127.3797253579587,50.015664069840795],[-127.37955876214667,50.015607172876145]]],[[[-126.99417064153097,49.85968037806994],[-126.9945650330566,49.859570759114085],[-126.99461523488719,49.85966046296429],[-126.99429193218906,49.85974597044983],[-126.99417064153097,49.85968037806994]]],[[[-127.52401686049376,50.10899966835574],[-127.52420087205962,50.108912768241716],[-127.5242940622485,50.10903957139212],[-127.5241105415485,50.10914497298027],[-127.52401686049376,50.10899966835574]]],[[[-127.59110796602873,50.102876765980795],[-127.59131595941784,50.102847072799094],[-127.59137967395405,50.103019371861826],[-127.5911405427282,50.103052158337384],[-127.59110796602873,50.102876765980795]]],[[[-127.7204284444286,50.11966837512895],[-127.72061385855096,50.119553075355455],[-127.72082025043947,50.11963706088302],[-127.7206921731646,50.11973397159443],[-127.7204284444286,50.11966837512895]]],[[[-127.36515364781854,49.99788287364505],[-127.36535384173673,49.997751882577596],[-127.36546426833327,49.997824467158765],[-127.36533104951639,49.99800245839017],[-127.36515364781854,49.99788287364505]]],[[[-126.98473365763424,49.80621987020198],[-126.9848595587731,49.806168556041456],[-126.98497986013639,49.80630525891951],[-126.98472402578004,49.80645346748494],[-126.98473365763424,49.80621987020198]]],[[[-127.00103856241876,49.85067797385113],[-127.00112563335635,49.85063385733119],[-127.00150837302019,49.85074916970396],[-127.00124215497404,49.85080756076906],[-127.00103856241876,49.85067797385113]]],[[[-127.35572986099476,50.0201474698624],[-127.35578704054622,50.02007626960512],[-127.35610773982695,50.0201161592684],[-127.35586446873562,50.0202927664834],[-127.35572986099476,50.0201474698624]]],[[[-127.34148903559698,50.022184160215005],[-127.34164534798636,50.02211437948502],[-127.34181165693515,50.02215275515413],[-127.34159702876664,50.02232936679674],[-127.34148903559698,50.022184160215005]]],[[[-127.3605182604899,50.03162945994869],[-127.36071673116398,50.03155965934316],[-127.36079284189786,50.03174056600369],[-127.36063822542783,50.03180176209943],[-127.3605182604899,50.03162945994869]]],[[[-127.51427693266689,50.00650926493346],[-127.51439015249797,50.00647507035701],[-127.51451283210487,50.00657476621645],[-127.51429725482642,50.00672576426513],[-127.51427693266689,50.00650926493346]]],[[[-127.26320563354996,49.95453136826144],[-127.26329637102432,49.95438886853055],[-127.26355646807225,49.95450996579087],[-127.26339874980951,49.954596858456114],[-127.26320563354996,49.95453136826144]]],[[[-126.56612936618352,49.561309969238806],[-126.56634455574695,49.561180375706066],[-126.566438150946,49.56124445833252],[-126.56610884767667,49.56147235042208],[-126.56612936618352,49.561309969238806]]],[[[-127.61076905194153,50.1148816711228],[-127.61097934345449,50.114848860165175],[-127.6111438408756,50.11498556886172],[-127.61084756467964,50.11502685886857],[-127.61076905194153,50.1148816711228]]],[[[-126.94886184966286,49.83671357575135],[-126.94903486818137,49.836572567927625],[-126.9493244306611,49.83663246200073],[-126.94930974814955,49.836686562242946],[-126.94886184966286,49.83671357575135]]],[[[-127.18820314797678,49.89317067252971],[-127.18835923178115,49.89309236839052],[-127.18856527068488,49.8931763677632],[-127.18846284218304,49.89332877315561],[-127.18820314797678,49.89317067252971]]],[[[-126.36210704262028,49.63673186860039],[-126.36252424395222,49.6366705692603],[-126.36258723590149,49.63680586229508],[-126.36222583343985,49.63680726075089],[-126.36210704262028,49.63673186860039]]],[[[-127.27656493695301,49.974356377154976],[-127.27684655377426,49.9743078715469],[-127.27696654318555,49.97442605982204],[-127.2767135420747,49.97448445881764],[-127.27656493695301,49.974356377154976]]],[[[-127.54650144198419,50.07724545851996],[-127.54662927382172,50.077184270090136],[-127.54675084508686,50.0773650793887],[-127.54649726350615,50.077424964655215],[-127.54650144198419,50.07724545851996]]],[[[-127.05626912910756,49.82811275942655],[-127.05644934336614,49.82816127243268],[-127.0562440558885,49.82843605797152],[-127.05623173358437,49.82837347224856],[-127.05626912910756,49.82811275942655]]],[[[-126.5209498394776,49.61092657042234],[-126.52121486788577,49.61088817031663],[-126.52120794816508,49.61103198017196],[-126.52102104493504,49.61115306053981],[-126.5209498394776,49.61092657042234]]],[[[-127.55405964584315,50.071763681551246],[-127.55370784530865,50.07184916457875],[-127.55358647370814,50.071730968550554],[-127.55406354830275,50.07167258110668],[-127.55405964584315,50.071763681551246]]],[[[-127.51501986501874,50.06525227001124],[-127.5151926734736,50.065092669291836],[-127.5153557569034,50.065230878680005],[-127.51528306947925,50.06534616706551],[-127.51501986501874,50.06525227001124]]],[[[-126.93699524278313,49.88744397016664],[-126.93717235075438,49.88751795687223],[-126.93707952793069,49.887760167931994],[-126.93700953042777,49.88775866061097],[-126.93699524278313,49.88744397016664]]],[[[-127.34954935517848,49.97684866215359],[-127.34981685361383,49.97674476114758],[-127.34993823347403,49.976845858785666],[-127.34982474986674,49.976942667563954],[-127.34954935517848,49.97684866215359]]],[[[-127.02988635524966,49.83167906295754],[-127.03019554957885,49.831594962748625],[-127.03038254526406,49.83176877089582],[-127.02991147044723,49.83173316984177],[-127.02988635524966,49.83167906295754]]],[[[-127.25601423904172,49.98920658185462],[-127.25607364774424,49.989116874472515],[-127.25633895156089,49.98909405328978],[-127.25620494421798,49.9893347574756],[-127.25601423904172,49.98920658185462]]],[[[-127.00663635450312,49.84751767431875],[-127.0069191480445,49.84743366960835],[-127.00695606789755,49.84752336511504],[-127.00665655940178,49.847698559207444],[-127.00663635450312,49.84751767431875]]],[[[-127.38952864797638,50.005500954719594],[-127.38967115319123,50.00542255713913],[-127.38984884375105,50.005532267319765],[-127.38963354751463,50.00568175367759],[-127.38952864797638,50.005500954719594]]],[[[-127.6347107591214,50.09728556202288],[-127.63496436635282,50.097225768481444],[-127.63508837036764,50.09734397081493],[-127.63480644551507,50.097412256460935],[-127.6347107591214,50.09728556202288]]],[[[-126.9658468579162,49.8137695608349],[-126.96610343811928,49.813638575361466],[-126.96628126952818,49.81370547026365],[-126.96594032783544,49.81387926093682],[-126.9658468579162,49.8137695608349]]],[[[-125.44224274382248,50.31841536310641],[-125.44238874282446,50.318241671719825],[-125.44264164213742,50.31824445630155],[-125.44253803950554,50.31841827641936],[-125.44224274382248,50.31841536310641]]],[[[-127.35356812918785,50.00947586570714],[-127.35386326897775,50.009417470075014],[-127.3540517569113,50.00958985948013],[-127.35373146549014,50.00956846653615],[-127.35356812918785,50.00947586570714]]],[[[-127.14654175340279,50.073598064448056],[-127.14664394883576,50.07346417541538],[-127.14696206279743,50.07358665935864],[-127.1468337368407,50.07364796008325],[-127.14654175340279,50.073598064448056]]],[[[-127.45173194104187,50.06967007774047],[-127.45188702127442,50.06961746318846],[-127.45198026337566,50.06976267154747],[-127.4516143468065,50.06983955574872],[-127.45173194104187,50.06967007774047]]],[[[-126.95175605329656,49.83701695122847],[-126.95203925685364,49.83694146158752],[-126.95220056098668,49.8370340574914],[-126.95191954409965,49.83712807252821],[-126.95175605329656,49.83701695122847]]],[[[-127.5456828663172,50.10247396115787],[-127.54580895093898,50.102421274682975],[-127.54607464318286,50.102432677204916],[-127.5457056321119,50.10260926842717],[-127.5456828663172,50.10247396115787]]],[[[-127.52077724910829,50.08069775780081],[-127.52098804461421,50.08067357531894],[-127.52085122716268,50.08096836837716],[-127.52071524192307,50.080877282586485],[-127.52077724910829,50.08069775780081]]],[[[-127.64605946959543,50.138621766511655],[-127.64623104133345,50.13855197004007],[-127.64626424256234,50.1388126680717],[-127.6461110442719,50.13884678006217],[-127.64605946959543,50.138621766511655]]],[[[-127.61399993212197,50.10081755976927],[-127.61421143198145,50.10074776847766],[-127.61438844594714,50.10093006569046],[-127.61413714784999,50.100935782171874],[-127.61399993212197,50.10081755976927]]],[[[-126.48503116085242,49.68122835743466],[-126.485159544872,49.681168575753205],[-126.48533814046898,49.68118137623128],[-126.48517473820654,49.68139357368935],[-126.48503116085242,49.68122835743466]]],[[[-127.4331467331385,50.02765876844058],[-127.43342475204975,50.027661673117365],[-127.43343465348912,50.02777987547596],[-127.43320896495304,50.02787527005332],[-127.4331467331385,50.02765876844058]]],[[[-126.56901375803288,49.64576277658454],[-126.56900485782774,49.64564596535395],[-126.56930974736764,49.645670173953796],[-126.56927286453148,49.645831060823824],[-126.56901375803288,49.64576277658454]]],[[[-127.3471043568673,49.96435555695687],[-127.34741096909113,49.96433416741045],[-127.34742354087976,49.964388270532396],[-127.34716544156842,49.964581968611746],[-127.3471043568673,49.96435555695687]]],[[[-127.58668004774557,50.067884155032615],[-127.58693693970827,50.06772466798733],[-127.58707474346087,50.06776307422124],[-127.58693105005119,50.067922577139505],[-127.58668004774557,50.067884155032615]]],[[[-127.51618872600402,50.08031606249293],[-127.51640334424732,50.080210659700214],[-127.51669286477873,50.080286173877774],[-127.51621614938429,50.08038726233086],[-127.51618872600402,50.08031606249293]]],[[[-127.36857274395884,49.997877170287055],[-127.36866195149567,49.99771767310809],[-127.36883024278168,49.998096468765446],[-127.36865306438321,49.998005369008034],[-127.36857274395884,49.997877170287055]]],[[[-127.29106023917814,49.97741406210035],[-127.29114495714057,49.97736996017739],[-127.29160243101963,49.977448270868436],[-127.29140335583696,49.9775622595057],[-127.29106023917814,49.97741406210035]]],[[[-127.38516616007979,49.98904276590279],[-127.38536585367969,49.98895585601633],[-127.3854997411806,49.98909266255721],[-127.38539756300439,49.98921796889343],[-127.38516616007979,49.98904276590279]]],[[[-127.47542412912776,50.178743161132175],[-127.47544104891658,50.1786278662188],[-127.47573614043853,50.17859505830506],[-127.4757317309832,50.178765971634604],[-127.47542412912776,50.178743161132175]]],[[[-127.25600193672767,49.98955685621834],[-127.25611635899163,49.98948717272633],[-127.25623913474556,49.98953267476927],[-127.25600635570368,49.98979045428245],[-127.25600193672767,49.98955685621834]]],[[[-127.41381214474951,50.01441647590573],[-127.41396626973619,50.01434667334568],[-127.41429672611086,50.01450476251178],[-127.4139459444963,50.01454466565867],[-127.41381214474951,50.01441647590573]]],[[[-127.43603115186403,50.04480765152421],[-127.43628984461871,50.04476356365472],[-127.4363154498203,50.04487176763836],[-127.43602954202098,50.04501136642365],[-127.43603115186403,50.04480765152421]]],[[[-127.34147704246446,50.01041016306738],[-127.34153536323016,50.010303359124144],[-127.34180044644872,50.010314771116384],[-127.34177985209254,50.010512776229646],[-127.34147704246446,50.01041016306738]]],[[[-126.98570784294883,49.806533155824596],[-126.98588894228911,49.80650047725757],[-126.98602213316586,49.80662856119602],[-126.98575385325037,49.80672405248039],[-126.98570784294883,49.806533155824596]]],[[[-127.52326736553186,50.10016666913801],[-127.52352067114623,50.1000983711583],[-127.52362753587504,50.10024366875589],[-127.52334723767882,50.10029347752312],[-127.52326736553186,50.10016666913801]]],[[[-127.40621083645941,49.99818475721985],[-127.40644584156507,49.998251667450056],[-127.40635664335304,49.99841125407186],[-127.40613604858386,49.99833716720004],[-127.40621083645941,49.99818475721985]]],[[[-127.58780254889719,50.072044274955964],[-127.58801335497465,50.072010070532166],[-127.58816315695105,50.072119768115805],[-127.58803454644396,50.072226574220196],[-127.58780254889719,50.072044274955964]]],[[[-127.08426713777978,49.83111646694076],[-127.08441014615012,49.831019656338405],[-127.08463935945726,49.83121186249978],[-127.08442954591938,49.83124465426555],[-127.08426713777978,49.83111646694076]]],[[[-127.00292153414857,49.84450406310023],[-127.00306505898122,49.84441576123209],[-127.00324024266506,49.844553870224495],[-127.0029837384015,49.84468487720244],[-127.00292153414857,49.84450406310023]]],[[[-127.16793664615383,49.869807965841964],[-127.16809334942268,49.86975666244364],[-127.16826744824233,49.869903377432365],[-127.16798625518318,49.86997036188489],[-127.16793664615383,49.869807965841964]]],[[[-126.5635710530548,49.54325526162009],[-126.56339976451692,49.543117060439315],[-126.56374783796926,49.54304307002574],[-126.56378164700882,49.54321536190033],[-126.5635710530548,49.54325526162009]]],[[[-127.06318525644625,49.82381166235037],[-127.06272092998519,49.8239484593658],[-127.06262794985292,49.82387436996136],[-127.06267384082082,49.82375895889647],[-127.06318525644625,49.82381166235037]]],[[[-126.53601623621272,49.63390905697064],[-126.53632273939658,49.63385345820788],[-126.53637537066409,49.63393466936729],[-126.53609175313338,49.634055757766085],[-126.53601623621272,49.63390905697064]]],[[[-127.61227644656088,50.101454153689474],[-127.61257244420231,50.101340266450656],[-127.61275313663093,50.101387265190816],[-127.61260975288033,50.10150267584537],[-127.61227644656088,50.101454153689474]]],[[[-127.08089266976171,49.859089370409585],[-127.08098546176161,49.85889286914481],[-127.08111193356285,49.859200471108885],[-127.08091394853787,49.859268768617675],[-127.08089266976171,49.859089370409585]]],[[[-127.6114712350783,50.10268477364119],[-127.61164005140603,50.10260637169303],[-127.61186297071912,50.102653370474066],[-127.61174656662322,50.10279726316185],[-127.6114712350783,50.10268477364119]]],[[[-127.54323144271879,50.121528462726225],[-127.54333225221193,50.12140455356902],[-127.54362563767296,50.12145295825961],[-127.54350923362577,50.12157686020789],[-127.54323144271879,50.121528462726225]]],[[[-127.36822826568581,49.99733307419225],[-127.36848217105751,49.99729176741058],[-127.36857245437703,49.99751827053226],[-127.36825323888745,49.99742287695897],[-127.36822826568581,49.99733307419225]]],[[[-126.66306483373248,49.58010526437623],[-126.6632628264436,49.58000126004206],[-126.66336523019298,49.58020066051132],[-126.66326304290409,49.58029756213106],[-126.66306483373248,49.58010526437623]]],[[[-127.48262305357223,50.106164054859754],[-127.48291774977574,50.10613127170992],[-127.48306675892485,50.10628657541822],[-127.48277335775256,50.10628227442484],[-127.48262305357223,50.106164054859754]]],[[[-126.57357426274615,49.5489720698485],[-126.5738873481498,49.54906745648404],[-126.57386725449665,49.54918426434866],[-126.57362175172696,49.54913436877799],[-126.57357426274615,49.5489720698485]]],[[[-126.53208033417035,49.60379695702574],[-126.53227833565431,49.60371156654142],[-126.53252434813143,49.60376997379341],[-126.53204755143042,49.60389526601799],[-126.53208033417035,49.60379695702574]]],[[[-127.33993444205734,49.9753176664921],[-127.34005314240282,49.9751666658111],[-127.34026226976722,49.97516956613303],[-127.34017163244043,49.97537466834386],[-127.33993444205734,49.9753176664921]]],[[[-127.48879687133736,50.118863769258475],[-127.48888194652507,50.11882816152161],[-127.48928854140482,50.11884237893467],[-127.48903102824589,50.11898336992831],[-127.48879687133736,50.118863769258475]]],[[[-127.07857362102617,49.8523400633665],[-127.07875644025067,49.85226167305659],[-127.0791435402708,49.852340073709456],[-127.07909884710672,49.85241125365803],[-127.07857362102617,49.8523400633665]]],[[[-126.57844154282566,49.6559543553786],[-126.57855662753413,49.655867467512145],[-126.5789315561593,49.65582047055353],[-126.57875735304458,49.655997069494404],[-126.57844154282566,49.6559543553786]]],[[[-127.58117604666214,50.05884046872381],[-127.58126246012878,50.058733572978284],[-127.58153914073212,50.05881767390254],[-127.58132665897654,50.05897717690968],[-127.58117604666214,50.05884046872381]]],[[[-126.56389392669014,49.54400866367784],[-126.56419085797039,49.544132567729505],[-126.56414483670403,49.544239365584765],[-126.5640318378299,49.5442906779382],[-126.56389392669014,49.54400866367784]]],[[[-127.48232095924125,50.169255071977375],[-127.48254473831543,50.16926645765135],[-127.48263406370125,50.169519970873196],[-127.48247967197373,50.16952717309959],[-127.48232095924125,50.169255071977375]]],[[[-127.21569486275028,49.98771966397889],[-127.21584895965981,49.98765987342262],[-127.21600114250955,49.98768977512558],[-127.21582595399796,49.98793756434605],[-127.21569486275028,49.98771966397889]]],[[[-126.55505124270145,49.69354216557945],[-126.55534545050723,49.69345805925143],[-126.55557874262246,49.69350797939826],[-126.55536705365157,49.69360335104803],[-126.55505124270145,49.69354216557945]]],[[[-126.6106905449786,49.608884259069036],[-126.6107825424774,49.6086962540132],[-126.61096505580865,49.60893407073603],[-126.61087794144065,49.60902236393436],[-126.6106905449786,49.608884259069036]]],[[[-127.10194182856787,50.13238656417764],[-127.10216632419048,50.13236236434622],[-127.10238612398115,50.13249196357976],[-127.10199203715821,50.13250336753402],[-127.10194182856787,50.13238656417764]]],[[[-127.3408468648273,50.018163564526255],[-127.34129615255205,50.018088077730134],[-127.34133386285393,50.01817925913126],[-127.3410655540182,50.018256160123244],[-127.3408468648273,50.018163564526255]]],[[[-127.64560365085507,50.13593575159905],[-127.64581685277845,50.135857379149975],[-127.64586544556661,50.13612796629704],[-127.64573836391705,50.13614366114531],[-127.64560365085507,50.13593575159905]]],[[[-126.84009595298147,49.77878677668862],[-126.84039835381604,49.77885507665781],[-126.84037855853755,49.77899755405845],[-126.84011576686238,49.77896617251954],[-126.84009595298147,49.77878677668862]]],[[[-127.58228814665112,50.06045408262047],[-127.5825286455294,50.060350077316826],[-127.58261205164641,50.06039566894989],[-127.58221123065277,50.060652070550134],[-127.58228814665112,50.06045408262047]]],[[[-127.68533985753501,50.12990175325016],[-127.68556775015489,50.129865764136476],[-127.68579255460115,50.12985006387397],[-127.68538133023132,50.13004236347914],[-127.68533985753501,50.12990175325016]]],[[[-127.59400144803035,50.10616267586238],[-127.5941846501792,50.10611135258639],[-127.59427802992421,50.10623806710067],[-127.59392664657682,50.106342069254644],[-127.59400144803035,50.10616267586238]]],[[[-127.69767223683144,50.13082847619139],[-127.69779823885716,50.130839864430655],[-127.69796094715346,50.13107487657439],[-127.69772225667504,50.131072078202145],[-127.69767223683144,50.13082847619139]]],[[[-127.6479898589061,50.13518946540903],[-127.64818695095684,50.135146765355096],[-127.64828056278105,50.13533757406542],[-127.64805463377327,50.13537036926445],[-127.6479898589061,50.13518946540903]]],[[[-127.34853572995557,49.976699164737816],[-127.34874604729985,49.97668485819682],[-127.34873654681412,49.97695406488014],[-127.34851586702,49.97686147065456],[-127.34853572995557,49.976699164737816]]],[[[-125.44088463170733,50.3316847643058],[-125.44117983106041,50.331660562653404],[-125.44136782492087,50.33175456522163],[-125.44093256529993,50.33180017089386],[-125.44088463170733,50.3316847643058]]],[[[-127.32550646693251,50.01529806891489],[-127.32585784676571,50.01521406567576],[-127.32596636520151,50.01530517106275],[-127.3256569616108,50.01539917353473],[-127.32550646693251,50.01529806891489]]],[[[-126.56543232656182,49.56590166085548],[-126.56563026684285,49.565816170414635],[-126.56588904052248,49.56586597410996],[-126.56578623639072,49.56598136627167],[-126.56543232656182,49.56590166085548]]],[[[-126.65535824054334,49.585384565213985],[-126.65553404175728,49.58541326691084],[-126.65552083285675,49.58567396319379],[-126.65535753411832,49.585643958805996],[-126.65535824054334,49.585384565213985]]],[[[-127.62415846135814,50.10694737088088],[-127.62413324766402,50.10685625474537],[-127.62458224855786,50.106762254618445],[-127.62445192156663,50.106941663236285],[-127.62415846135814,50.10694737088088]]],[[[-127.43682572929656,50.1824674605905],[-127.43667185684937,50.18248315720723],[-127.43662016403925,50.18233786933121],[-127.4369735666052,50.18228946661068],[-127.43682572929656,50.1824674605905]]],[[[-127.54197516114093,50.1075626685504],[-127.5423000435332,50.10745867833084],[-127.5423683569459,50.107576863400816],[-127.54208624637451,50.10764526667128],[-127.54197516114093,50.1075626685504]]],[[[-126.65121165069193,49.58608976528549],[-126.65116185017911,49.585971575855574],[-126.65150715725527,49.585988653243824],[-126.65143113782956,49.58613967518731],[-126.65121165069193,49.58608976528549]]],[[[-127.06682846160231,49.84230366272191],[-127.06706764641575,49.8422366640985],[-127.06722967176243,49.842337772271634],[-127.06697545219194,49.84245036855742],[-127.06682846160231,49.84230366272191]]],[[[-127.48272553387994,50.0901188672386],[-127.48285685309001,50.08995796150583],[-127.48310595145212,50.090024860570125],[-127.48294644781261,50.09018447039481],[-127.48272553387994,50.0901188672386]]],[[[-126.50732495330696,49.70667477036405],[-126.50746694673775,49.706902665053974],[-126.50724213598839,49.70695246024359],[-126.50721593727059,49.70690685964007],[-126.50732495330696,49.70667477036405]]],[[[-127.47311504176504,50.171230477820224],[-127.47339624574747,50.1711891802804],[-127.47346275455516,50.17125326304272],[-127.4731924334854,50.17139287546862],[-127.47311504176504,50.171230477820224]]],[[[-127.48359795102434,50.11697807414113],[-127.48368565535172,50.116854160429966],[-127.48399044853343,50.11692105595648],[-127.48388944063579,50.117045065960646],[-127.48359795102434,50.11697807414113]]],[[[-126.64206472987267,49.742287058614494],[-126.64230255068323,49.74225577306833],[-126.64235123494072,49.74242806606174],[-126.64212275882662,49.742522070117694],[-126.64206472987267,49.742287058614494]]],[[[-127.55637894905111,50.069657866347214],[-127.55625353088944,50.069479262654404],[-127.55661594914599,50.069492056804556],[-127.55663955601136,50.06965445837589],[-127.55637894905111,50.069657866347214]]],[[[-127.58790652985351,50.10417296628892],[-127.58809096027778,50.104094674866545],[-127.5883258286852,50.10417866304579],[-127.58790233433574,50.10428976332567],[-127.58790652985351,50.10417296628892]]],[[[-127.33127776844456,50.00827526624953],[-127.33150404107708,50.008188376063195],[-127.33171944137666,50.00840777899115],[-127.33131846141416,50.00833086891949],[-127.33127776844456,50.00827526624953]]],[[[-126.6639236572865,49.57401396787945],[-126.66408034292733,49.57392706646455],[-126.66438003488949,49.573996855547755],[-126.66428005643236,49.57409367210401],[-126.6639236572865,49.57401396787945]]],[[[-127.26099965359919,49.951925059557944],[-127.2612377478716,49.95189368100757],[-127.26142474500145,49.952138653718336],[-127.26116352769857,49.95205316717824],[-127.26099965359919,49.951925059557944]]],[[[-127.63480174235329,50.09756467843579],[-127.63512574714782,50.097506254964365],[-127.63530404397075,50.09760735609457],[-127.63489564824472,50.09766575376342],[-127.63480174235329,50.09756467843579]]],[[[-127.63921965345182,50.12178477227811],[-127.63936243300087,50.12166086700298],[-127.63964024062459,50.12176346204051],[-127.63955253530443,50.12187876895537],[-127.63921965345182,50.12178477227811]]],[[[-127.32284804905873,50.01185146548795],[-127.32306166131328,50.011773158299384],[-127.32319804415474,50.011847172050544],[-127.32285737147292,50.01200386775272],[-127.32284804905873,50.01185146548795]]],[[[-126.56579005713432,49.57064996122744],[-126.56539862627278,49.57072255944865],[-126.56530705273624,49.57062285323686],[-126.56558814326938,49.57052888187272],[-126.56579005713432,49.57064996122744]]],[[[-126.55857325237564,49.58385805466029],[-126.55867622809032,49.583751262593466],[-126.55904065409494,49.583930652423845],[-126.55875146481897,49.58393356292179],[-126.55857325237564,49.58385805466029]]],[[[-127.11636192642769,50.06195806278631],[-127.11660085811862,50.061916675564675],[-127.11676154311722,50.062100474669386],[-127.1164138676864,50.062084766891054],[-127.11636192642769,50.06195806278631]]],[[[-127.54236945895454,50.10701856642286],[-127.54258204905777,50.10698586272835],[-127.5427048595342,50.1070769735236],[-127.5425311634565,50.10721936999562],[-127.54236945895454,50.10701856642286]]],[[[-127.29223674215974,49.98630966338964],[-127.29251974505351,49.98620575627735],[-127.29268526730264,49.98628836784003],[-127.29245585795908,49.98642937731773],[-127.29223674215974,49.98630966338964]]],[[[-127.44611816183199,50.066058559226306],[-127.44585623207796,50.066002759441695],[-127.44588993929595,50.065813368695615],[-127.44622005957345,50.065988557928364],[-127.44611816183199,50.066058559226306]]],[[[-126.80505716926535,49.79703517144139],[-126.80548902968404,49.79699956975275],[-126.80551044481376,49.797143371496986],[-126.80519133952423,49.79714625736568],[-126.80505716926535,49.79703517144139]]],[[[-127.23385523752525,50.01294956888552],[-127.23408154576326,50.01287266344188],[-127.23417614546116,50.01295527243187],[-127.2338221370459,50.013101956514625],[-127.23385523752525,50.01294956888552]]],[[[-127.52913045710004,50.134743675610444],[-127.52924272862113,50.134682464028295],[-127.52950974407291,50.13467676944313],[-127.52934985850206,50.13488177662634],[-127.52913045710004,50.134743675610444]]],[[[-127.62001696620011,50.11037826545111],[-127.6202578580707,50.11032705258584],[-127.62030614985174,50.11054346863011],[-127.62012356169873,50.110569174403764],[-127.62001696620011,50.11037826545111]]],[[[-126.64132644150614,49.59080106068688],[-126.64177005747194,49.59076545925153],[-126.64178136407659,49.590836668056106],[-126.6415679491552,49.59094066492973],[-126.64132644150614,49.59080106068688]]],[[[-126.48523204882036,49.65877005122838],[-126.48539092433879,49.658674665853965],[-126.4855976541953,49.65869735371645],[-126.4852947269283,49.65893386642844],[-126.48523204882036,49.65877005122838]]],[[[-127.39977516121373,49.99099785653801],[-127.39961224502615,49.990988254638204],[-127.39950194375835,49.99090566902239],[-127.39987015429895,49.9907845631553],[-127.39977516121373,49.99099785653801]]],[[[-127.48250996005301,50.09115857207058],[-127.48272154363039,50.091098780246504],[-127.4827989535016,50.091342259256066],[-127.48254785941567,50.091303862034245],[-127.48250996005301,50.09115857207058]]],[[[-127.32236555601641,49.96195006031729],[-127.32260684902563,49.96185457797655],[-127.32264245253369,49.96203547808285],[-127.32233395569975,49.9620753534676],[-127.32236555601641,49.96195006031729]]],[[[-127.35740305204912,50.031216453851755],[-127.35753283359675,50.031146676269955],[-127.35769273946921,50.0313189670633],[-127.35745255705591,50.0314599713952],[-127.35740305204912,50.031216453851755]]],[[[-127.51840874523668,50.09221678145406],[-127.51854994918428,50.09215556164434],[-127.51868814834708,50.09224665673377],[-127.51822184560383,50.09234925554633],[-127.51840874523668,50.09221678145406]]],[[[-126.58107984723277,49.55294277872914],[-126.58090666505801,49.55278606705728],[-126.58138864745277,49.55284167322198],[-126.58136882572327,49.552939860787795],[-126.58107984723277,49.55294277872914]]],[[[-127.3627294467417,50.02205457854815],[-127.36284336142013,50.02196626783164],[-127.36302285887466,50.02200466051938],[-127.36283576043078,50.02220837127511],[-127.3627294467417,50.02205457854815]]],[[[-126.67539233341493,49.57807716930831],[-126.67557716022621,49.577946172436405],[-126.67575304819604,49.57806717229742],[-126.6755657532751,49.57818964961625],[-126.67539233341493,49.57807716930831]]],[[[-127.38873793880856,50.00327776163889],[-127.38900604377199,50.003200862997815],[-127.38908604895626,50.00328207860192],[-127.38891313689895,50.00345006835399],[-127.38873793880856,50.00327776163889]]],[[[-127.05937722200326,49.846037861615606],[-127.05979353582556,49.84606355817242],[-127.05994014451738,49.84618316320841],[-127.0598692355743,49.84624446933413],[-127.05937722200326,49.846037861615606]]],[[[-126.56938745371748,49.6326078779518],[-126.56939515479611,49.632806670720775],[-126.56907453840549,49.63285515525453],[-126.5691361516537,49.632711270240236],[-126.56938745371748,49.6326078779518]]],[[[-127.5710793229423,50.057276664862314],[-127.57106993682122,50.05715126719393],[-127.57154235059302,50.057219660986725],[-127.57137096610488,50.05735216508027],[-127.5710793229423,50.057276664862314]]],[[[-127.44618373378351,50.06623207024924],[-127.44647875115315,50.06621788007887],[-127.44669632999339,50.066391566094815],[-127.44630535925141,50.06635886467073],[-127.44618373378351,50.06623207024924]]],[[[-126.65408294834135,49.58563376689464],[-126.65441785971565,49.58560696121983],[-126.65443735928021,49.585769370698955],[-126.65428085053547,49.585837656408984],[-126.65408294834135,49.58563376689464]]],[[[-127.54131705881133,50.10760815609964],[-127.54165644872735,50.10748715965168],[-127.54177994875305,50.107542658904194],[-127.54159406329663,50.10770215973076],[-127.54131705881133,50.10760815609964]]],[[[-127.63535303694448,50.09683405960383],[-127.63544093830356,50.09671866886768],[-127.63580236369036,50.09681265905911],[-127.63574395997053,50.09689246394358],[-127.63535303694448,50.09683405960383]]],[[[-126.62054294192322,49.589341272821436],[-126.62035215655375,49.58926437387934],[-126.6209346414182,49.58927717351107],[-126.62072395272176,49.589344049282936],[-126.62054294192322,49.589341272821436]]],[[[-126.55940115091983,49.635457170124056],[-126.55968166395357,49.63539167330814],[-126.55973835618917,49.635662259350056],[-126.55954454530188,49.6356494564676],[-126.55940115091983,49.635457170124056]]],[[[-127.4419480726962,50.05079367165188],[-127.4420617681357,50.050705372115644],[-127.44254784182472,50.05082066123363],[-127.44233574893565,50.0508719531689],[-127.4419480726962,50.05079367165188]]],[[[-127.51915382993022,50.09028266885795],[-127.51895875007217,50.090262752054834],[-127.51962374609242,50.09000215908305],[-127.5194503584675,50.09019727398273],[-127.51915382993022,50.09028266885795]]],[[[-127.62017195382073,50.102555079236524],[-127.6204261502906,50.1025038548225],[-127.62057664297491,50.1026319716223],[-127.62030796702258,50.102710370962214],[-127.62017195382073,50.102555079236524]]],[[[-127.23485036480915,49.94843576586271],[-127.2350046474984,49.94836597489356],[-127.23517503852713,49.948693464632015],[-127.23506344093398,49.94869065571369],[-127.23485036480915,49.94843576586271]]],[[[-127.37803683878045,50.02807895989906],[-127.37798512326333,50.02792656263932],[-127.37840194650448,50.02800347119691],[-127.37828662797719,50.0281187640857],[-127.37803683878045,50.02807895989906]]],[[[-126.42247154338499,49.66060157794825],[-126.4227660466124,49.66052608089483],[-126.422812956604,49.66068137122792],[-126.422438858492,49.66070837540252],[-126.42247154338499,49.66060157794825]]],[[[-126.55699555482343,49.61682996635843],[-126.55710893906992,49.61676017624697],[-126.55711873411593,49.61713047749404],[-126.55691264179451,49.61712477623793],[-126.55699555482343,49.61682996635843]]],[[[-126.48188304135873,49.63131418166102],[-126.48219223824157,49.631248656383846],[-126.48225775645874,49.63132126431349],[-126.48193054662836,49.631467973107945],[-126.48188304135873,49.63131418166102]]],[[[-127.5346588495677,50.08889696244408],[-127.53492723821203,50.08876586004759],[-127.53510744975127,50.08879437223723],[-127.53482194668183,50.089006581746624],[-127.5346588495677,50.08889696244408]]],[[[-126.76446334656829,49.79281376767764],[-126.76485824397264,49.79273115465779],[-126.76489553800033,49.79278675750795],[-126.76441623010909,49.79295767105785],[-126.76446334656829,49.79281376767764]]],[[[-127.49001344327284,50.06416556164481],[-127.49028293168143,50.06406156679646],[-127.49041836491288,50.06420686340921],[-127.4900946391784,50.064283772469565],[-127.49001344327284,50.06416556164481]]],[[[-127.17112375975286,49.873896859807815],[-127.17144672447345,49.873811466004554],[-127.17171773908534,49.8739965584192],[-127.17147222690855,49.87388406444332],[-127.17112375975286,49.873896859807815]]],[[[-127.16403245515879,49.86744377166584],[-127.16416382853409,49.867309866957044],[-127.164421646873,49.86746657402099],[-127.16425064466492,49.86759046304927],[-127.16403245515879,49.86744377166584]]],[[[-127.64835834783443,50.13007685297312],[-127.64848466368917,50.13005947541086],[-127.64880376607418,50.1301890722491],[-127.64847955593329,50.1302573526391],[-127.64835834783443,50.13007685297312]]],[[[-127.55331633941165,50.07115286815896],[-127.55345364589348,50.07104445403632],[-127.55381445984457,50.071148470530495],[-127.55335005035761,50.071232470925565],[-127.55331633941165,50.07115286815896]]],[[[-127.32175005257153,50.00410807827701],[-127.32194726764915,50.00409377303081],[-127.3221899444911,50.00434015401157],[-127.32188333913462,50.004298872128075],[-127.32175005257153,50.00410807827701]]],[[[-127.36737185889353,49.99718815773176],[-127.36753955775025,49.99711656086111],[-127.36781965015975,49.99706675227785],[-127.36765883402781,49.99728035844868],[-127.36737185889353,49.99718815773176]]],[[[-127.88281815538865,50.09759027423968],[-127.88322684605265,50.097540457335676],[-127.88323975183724,50.09758606649387],[-127.8830400649395,50.097754060247986],[-127.88281815538865,50.09759027423968]]],[[[-127.44093896038743,50.04785696731395],[-127.4413027697399,50.04780847106635],[-127.44155015592439,50.04796516622519],[-127.44108904833789,50.04793097441669],[-127.44093896038743,50.04785696731395]]],[[[-127.64994462547443,50.1378384660311],[-127.65011385527643,50.1377786668102],[-127.65029266231927,50.1379239749022],[-127.64998115984791,50.13802786149037],[-127.64994462547443,50.1378384660311]]],[[[-127.50919086277541,50.10360187137375],[-127.50941804773264,50.103542067634486],[-127.50946656264884,50.10372297286286],[-127.50915735893555,50.10377275807684],[-127.50919086277541,50.10360187137375]]],[[[-126.97175925363977,49.79338205429424],[-126.97202685654823,49.793288063248994],[-126.97221845814155,49.793372056016906],[-126.9719508495587,49.793484566883876],[-126.97175925363977,49.79338205429424]]],[[[-127.690551553009,50.130848459230506],[-127.69069244679854,50.1307871825319],[-127.69095453514184,50.13091537523013],[-127.69064434776033,50.130992253885],[-127.690551553009,50.130848459230506]]],[[[-127.5116560324647,50.10486656002401],[-127.51185387077169,50.104788266856424],[-127.51213205810592,50.1048452692902],[-127.5120149425888,50.10497058208541],[-127.5116560324647,50.10486656002401]]],[[[-127.64471424163189,50.14615155953465],[-127.64492853975611,50.146002075627266],[-127.6450385530663,50.14602907944267],[-127.64490515689603,50.14628975796998],[-127.64471424163189,50.14615155953465]]],[[[-127.6861506429955,50.14436136464406],[-127.68625165720084,50.144290178397874],[-127.68658695684475,50.144285873238864],[-127.68633006196697,50.14447097731506],[-127.6861506429955,50.14436136464406]]],[[[-127.36778894950501,50.01240265948609],[-127.36790255130546,50.01229585263838],[-127.36811165189451,50.01236137133414],[-127.3678938549127,50.012583574387776],[-127.36778894950501,50.01240265948609]]],[[[-126.55247905644303,49.63237945519246],[-126.55263654846534,49.632255560225225],[-126.55277505687597,49.632547468324375],[-126.5524988523399,49.63252327280674],[-126.55247905644303,49.63237945519246]]],[[[-127.43598155492703,50.03662847503955],[-127.43622107039843,50.03654156890373],[-127.43634353993681,50.036651272819654],[-127.4361723477019,50.03679225755148],[-127.43598155492703,50.03662847503955]]],[[[-126.56994466204478,49.56890247124081],[-126.5701637525527,49.568943757126654],[-126.57014814954805,49.56925705371368],[-126.56995035300683,49.56905626081684],[-126.56994466204478,49.56890247124081]]],[[[-127.42579326269511,49.991149166764636],[-127.42610455333454,49.99102665071977],[-127.42617995238257,49.991261655770074],[-127.42595806400412,49.99126736380265],[-127.42579326269511,49.991149166764636]]],[[[-127.5197102522225,50.103989266738246],[-127.51989355402017,50.10392805578267],[-127.52015282955102,50.10412885971943],[-127.51992685657876,50.10417157644727],[-127.5197102522225,50.103989266738246]]],[[[-127.52829224184795,50.01281287862958],[-127.52854254302017,50.012798559580794],[-127.52880323151525,50.01294526930731],[-127.52843994480254,50.01295957336427],[-127.52829224184795,50.01281287862958]]],[[[-126.56901884685912,49.575278551842565],[-126.56941843282964,49.57530567529688],[-126.5694528336257,49.57543247461232],[-126.56902435219571,49.57542386414135],[-126.56901884685912,49.575278551842565]]],[[[-127.52263355483355,50.0848863601713],[-127.5227868444145,50.08485215552846],[-127.52283525697426,50.08513986373009],[-127.52257167133003,50.08506586933278],[-127.52263355483355,50.0848863601713]]],[[[-127.11934196089312,49.847135969894474],[-127.11951395670005,49.84704767408994],[-127.11981434523925,49.847178662417164],[-127.11951993815161,49.84724566932402],[-127.11934196089312,49.847135969894474]]],[[[-127.58845475384565,50.107867374177886],[-127.58865244332216,50.1077890558397],[-127.58884743661591,50.10786316323412],[-127.58873004672287,50.10801406530572],[-127.58845475384565,50.107867374177886]]],[[[-127.38559055127344,49.996011452155216],[-127.38579385193334,49.996185163340066],[-127.38555112819901,49.99630766300552],[-127.3855018318519,49.99612677395189],[-127.38559055127344,49.996011452155216]]],[[[-127.36054483093943,50.02222966415423],[-127.36075692522834,50.022125765672165],[-127.36096184406006,50.022272456357925],[-127.36069453941278,50.02236646094759],[-127.36054483093943,50.02222966415423]]],[[[-126.57586783401104,49.656710662819584],[-126.57611175515022,49.656535455063995],[-126.5762791476607,49.65651267522765],[-126.57611405371206,49.65676045182982],[-126.57586783401104,49.656710662819584]]],[[[-127.52107336047061,50.106955964601184],[-127.52129894136021,50.10686047990551],[-127.5214637463339,50.107005754147394],[-127.52118023485139,50.10711116490337],[-127.52107336047061,50.106955964601184]]],[[[-127.11951765179879,49.856371852595004],[-127.11979343785302,49.85629937856397],[-127.11998665666397,49.85633916959855],[-127.1193575460112,49.85644607271121],[-127.11951765179879,49.856371852595004]]],[[[-127.2118165331985,50.008770967621686],[-127.21190453364962,50.00861996087833],[-127.21203504600278,50.00889197618448],[-127.21182224306881,50.008987364018544],[-127.2118165331985,50.008770967621686]]],[[[-127.49992073934706,50.09504666245186],[-127.50017335965381,50.09500397624617],[-127.50041975273169,50.09517915048304],[-127.5002520413904,50.095230382596604],[-127.49992073934706,50.09504666245186]]],[[[-127.58428355720113,50.056224167704364],[-127.58449794374704,50.05612877289085],[-127.58470025493803,50.0563466629743],[-127.58431084721636,50.056305370255885],[-127.58428355720113,50.056224167704364]]],[[[-127.25368444538151,49.98996275508131],[-127.25386785434227,49.98991156668117],[-127.25402835259315,49.99013796311395],[-127.25388475148743,49.990199272402556],[-127.25368444538151,49.98996275508131]]],[[[-127.30152764641322,49.96060276399554],[-127.30168445103699,49.96047025945476],[-127.30188785645035,49.9606183528907],[-127.30163416044351,49.96073087058561],[-127.30152764641322,49.96060276399554]]],[[[-127.41460586094236,49.99283965627739],[-127.41485734877513,49.99280835866251],[-127.41489042695856,49.99307756268325],[-127.4147497704342,49.99308467231823],[-127.41460586094236,49.99283965627739]]],[[[-126.56195906429136,49.579502866952126],[-126.56204832657335,49.579405965043854],[-126.56226814001329,49.579445859016026],[-126.56213064695952,49.57970367201919],[-126.56195906429136,49.579502866952126]]],[[[-127.18995536275717,50.05305526502247],[-127.19004323121665,50.05298547168501],[-127.1903212414776,50.05299838302567],[-127.19009003087349,50.05321907167068],[-127.18995536275717,50.05305526502247]]],[[[-127.36097773039855,50.02468216246236],[-127.3610792507814,50.02455826002544],[-127.36133906249975,50.02475905860664],[-127.36113865380216,50.024847373410395],[-127.36097773039855,50.02468216246236]]],[[[-127.6283207633301,50.10805686646046],[-127.62846272809499,50.10803266187399],[-127.6286629352215,50.108340269469466],[-127.6284532667083,50.10833736710836],[-127.6283207633301,50.10805686646046]]],[[[-127.0591626441878,49.832604755169235],[-127.05934884617668,49.83250077498561],[-127.05954215339715,49.83251216813094],[-127.05932473499433,49.83276146265628],[-127.0591626441878,49.832604755169235]]],[[[-126.57020133305944,49.56956466586706],[-126.57053185352048,49.56958035978742],[-126.57064855508975,49.56975405097531],[-126.57022253282733,49.56969146181404],[-126.57020133305944,49.56956466586706]]],[[[-126.6536264233045,49.585671063271626],[-126.65382005343857,49.585656870754654],[-126.65398735266359,49.58593026732498],[-126.65386105576854,49.58594595972313],[-126.6536264233045,49.585671063271626]]],[[[-126.5151834535469,49.623334268568385],[-126.51516173591509,49.62322606079997],[-126.51551817044702,49.62329726787693],[-126.51530052532337,49.62348096432287],[-126.5151834535469,49.623334268568385]]],[[[-127.03921253119476,49.81972986026037],[-127.03952345810764,49.81961886701557],[-127.03964085269388,49.819818167436296],[-127.03932133306819,49.81983106065622],[-127.03921253119476,49.81972986026037]]],[[[-127.48478254068971,50.111336776014454],[-127.4850641372776,50.11125987190944],[-127.48522892423026,50.11136096671802],[-127.48482013886895,50.111463576749095],[-127.48478254068971,50.111336776014454]]],[[[-127.26833625875823,49.9813676775053],[-127.26854863983046,49.98125377333761],[-127.26870715686127,49.98149877686901],[-127.26840104307175,49.9814759608682],[-127.26833625875823,49.9813676775053]]],[[[-127.63382774765167,50.171586571963154],[-127.63401275212506,50.17150675114539],[-127.63427825016912,50.17151956225825],[-127.63421663582398,50.171680569160706],[-127.63382774765167,50.171586571963154]]],[[[-127.6251779552844,50.10991825117894],[-127.62555572865853,50.10992256305179],[-127.6255787276039,50.110057868496185],[-127.62531236783302,50.11008207094204],[-127.6251779552844,50.10991825117894]]],[[[-126.9895784472211,49.809011267151305],[-126.98978786257888,49.80898856921569],[-126.98990165429198,49.80926905733199],[-126.98965354753314,49.809229159905506],[-126.9895784472211,49.809011267151305]]],[[[-127.12197475261429,49.84887776355724],[-127.12190993843883,49.8487154629015],[-127.12233995601423,49.848749559541154],[-127.12229404447521,49.848856466546856],[-127.12197475261429,49.84887776355724]]],[[[-126.61146164452735,49.61319967937666],[-126.61155302305126,49.61302156062405],[-126.61178352113767,49.61312556156328],[-126.61167895130015,49.6133035584204],[-126.61146164452735,49.61319967937666]]],[[[-127.34242422873272,50.01936416740407],[-127.34262174258004,50.01927727397445],[-127.3426700257501,50.01955646212377],[-127.3423894460217,50.019597754814654],[-127.34242422873272,50.01936416740407]]],[[[-127.54847586029318,50.07158567571789],[-127.54869977184485,50.07160556996015],[-127.54859314773985,50.07183917611543],[-127.54835973699575,50.07172806098129],[-127.54847586029318,50.07158567571789]]],[[[-127.64703133906193,50.13398317487393],[-127.64730014423888,50.13390476545259],[-127.64737943276361,50.13400446215972],[-127.64726275291572,50.134173971609684],[-127.64703133906193,50.13398317487393]]],[[[-127.38581143989991,50.00314676742882],[-127.38600845355332,50.00310397833034],[-127.38603995509233,50.003410155483536],[-127.38574812846306,50.00337036368392],[-127.38581143989991,50.00314676742882]]],[[[-127.44552504016445,50.065467259257254],[-127.44563745059742,50.06540607605681],[-127.44587284980265,50.065507161174544],[-127.44557406830057,50.065665267363435],[-127.44552504016445,50.065467259257254]]],[[[-127.72029935523527,50.12026947667395],[-127.72066946183142,50.12003017071236],[-127.7208231529252,50.120068562061725],[-127.72067894740366,50.12021105671943],[-127.72029935523527,50.12026947667395]]],[[[-127.61324806408092,50.10072787046627],[-127.61338856392183,50.10065806576128],[-127.61370486775594,50.10083176803685],[-127.6135221477423,50.10090157458279],[-127.61324806408092,50.10072787046627]]],[[[-127.64328234310486,50.1017660563698],[-127.643550931598,50.1016977629355],[-127.64367035653683,50.1018700587712],[-127.64336135827776,50.101919856111245],[-127.64328234310486,50.1017660563698]]],[[[-127.29521695468813,49.96439687945183],[-127.2955278731201,49.9642757703595],[-127.29568943921704,49.96438547077712],[-127.29547756368251,49.96450797473538],[-127.29521695468813,49.96439687945183]]],[[[-127.66101472440762,50.14082786328907],[-127.6612107413664,50.1408122651108],[-127.66127564311601,50.140993078857726],[-127.6609669458703,50.14106146265236],[-127.66101472440762,50.14082786328907]]],[[[-126.57100235740081,49.54758626498092],[-126.57115955274641,49.54748086701653],[-126.57112744530022,49.54784975260127],[-126.57093626230144,49.54777427190613],[-126.57100235740081,49.54758626498092]]],[[[-127.05844875622604,49.825100555003694],[-127.05864666168264,49.82503226115245],[-127.05871344466873,49.825096377475994],[-127.05834304380572,49.82529577065999],[-127.05844875622604,49.825100555003694]]],[[[-127.57197723388212,50.12580677202943],[-127.57238404086223,50.12576688041205],[-127.57245085747087,50.125903560115134],[-127.57218325842781,50.125944857244676],[-127.57197723388212,50.12580677202943]]],[[[-127.68504303079631,50.140877772986684],[-127.68524014028068,50.14082507261215],[-127.68533565532337,50.14094327773099],[-127.6850231639328,50.14107427564943],[-127.68504303079631,50.140877772986684]]],[[[-127.5218227502944,50.12163525177526],[-127.52206323772958,50.1215754699762],[-127.52220115986795,50.121658074272915],[-127.5219424602639,50.121826076633035],[-127.5218227502944,50.12163525177526]]],[[[-127.38489002449609,49.991926763605335],[-127.3849900573158,49.991801473856874],[-127.38532265876137,49.991896859590554],[-127.38512146231595,49.992019361759695],[-127.38489002449609,49.991926763605335]]],[[[-126.95455904467731,49.80884897858114],[-126.9548418523846,49.80870936737384],[-126.95501993667833,49.80876636269196],[-126.95479016897318,49.808942971097494],[-126.95455904467731,49.80884897858114]]],[[[-126.56568806286269,49.632702761227996],[-126.56601035616661,49.63263727137762],[-126.56605363564915,49.6328992665447],[-126.56587554473916,49.63284085238008],[-126.56568806286269,49.632702761227996]]],[[[-126.6668014457509,49.580981174983116],[-126.6669012581389,49.58090287338878],[-126.66702314023391,49.58123745927946],[-126.66685566833416,49.5812702670846],[-126.6668014457509,49.580981174983116]]],[[[-127.20795944012411,50.07902438034737],[-127.20818583019486,50.07891896142969],[-127.20832175167585,50.07904707435239],[-127.20809223537118,50.07918807673765],[-127.20795944012411,50.07902438034737]]],[[[-127.71565095148586,50.12302387194461],[-127.71600005335085,50.12308226149925],[-127.71617874020588,50.12323747846966],[-127.71596795712615,50.123261667488514],[-127.71565095148586,50.12302387194461]]],[[[-127.52676886030865,50.01193975972124],[-127.52718694836031,50.01192697222672],[-127.5272649269471,50.012143465010176],[-127.52705826443447,50.01209646649259],[-127.52676886030865,50.01193975972124]]],[[[-127.01788883497278,49.89583537669434],[-127.01814194318926,49.89577696288776],[-127.01823855390596,49.89613877469672],[-127.01812546720942,49.896162964162066],[-127.01788883497278,49.89583537669434]]],[[[-127.38674416535288,50.00155877426681],[-127.38692933633907,50.00142625770605],[-127.38716346368311,50.00152876957401],[-127.38708927361348,50.001679771485364],[-127.38674416535288,50.00155877426681]]],[[[-127.59156096963315,50.10398357137993],[-127.59189775311194,50.10396075444694],[-127.59192002618323,50.10413166450058],[-127.59168303559139,50.10416446674731],[-127.59156096963315,50.10398357137993]]],[[[-127.24725195337383,49.92895255782238],[-127.2475723657036,49.92892977214401],[-127.24766463201794,49.92912057421334],[-127.24750933743493,49.929154763964284],[-127.24725195337383,49.92895255782238]]],[[[-127.55109253549406,50.10208227778638],[-127.55133165479673,50.10204945234848],[-127.55148033316138,50.10218626974741],[-127.55118375859303,50.1022816753671],[-127.55109253549406,50.10208227778638]]],[[[-127.4959096460942,50.10881875744427],[-127.49602604821865,50.108739078423625],[-127.49637434428637,50.108734753808875],[-127.49604544648118,50.10896407914424],[-127.4959096460942,50.10881875744427]]],[[[-127.64458365119046,50.1468337657998],[-127.64496014683358,50.14684655910609],[-127.64509493174413,50.147020367287425],[-127.64487234972628,50.14702606542732],[-127.64458365119046,50.1468337657998]]],[[[-126.9733400399372,49.75186915634726],[-126.97307374039535,49.75191906910529],[-126.97302224654129,49.75180086936002],[-126.97352295229044,49.75179085414603],[-126.9733400399372,49.75186915634726]]],[[[-126.72033725693802,49.847106071808184],[-126.7206093524635,49.84695796334483],[-126.72081386067015,49.84705196591134],[-126.72065335625507,49.847192957820546],[-126.72033725693802,49.847106071808184]]],[[[-127.16670212908957,50.07634676573044],[-127.16697224268697,50.076242878083534],[-127.16711705164768,50.07645216885022],[-127.16687663918329,50.07652056753217],[-127.16670212908957,50.07634676573044]]],[[[-127.0028264556088,49.85188715795426],[-127.00287407185067,49.85172616845138],[-127.00316412783994,49.85177606695066],[-127.00305803600367,49.85198116016746],[-127.0028264556088,49.85188715795426]]],[[[-127.58839774669218,50.10647305457968],[-127.58876175013603,50.106458867720946],[-127.588868926697,50.10660416287381],[-127.5886014495488,50.10664548026114],[-127.58839774669218,50.10647305457968]]],[[[-127.1586885276282,49.86453116201504],[-127.15900863799403,49.86452986285274],[-127.15909992772526,49.864702166230664],[-127.15879264960537,49.864697868769056],[-127.1586885276282,49.86453116201504]]],[[[-127.06986225738557,49.8349247639453],[-127.07011194730177,49.83492905734924],[-127.07011593670964,49.835172669818306],[-127.06988154044743,49.83514987457904],[-127.06986225738557,49.8349247639453]]],[[[-127.35774195761047,50.024205069397944],[-127.35798157485134,50.024118171426714],[-127.35815734700776,50.02424637601294],[-127.35801265630336,50.02441586854006],[-127.35774195761047,50.024205069397944]]],[[[-126.84077965637657,49.779329376453255],[-126.84132874727318,49.77920545687661],[-126.84139175767133,49.77934075557672],[-126.84079123314834,49.77938346555837],[-126.84077965637657,49.779329376453255]]],[[[-126.97803676189473,49.79149496880409],[-126.97832786706637,49.79150916891729],[-126.97843135347061,49.79169007368279],[-126.97827422631177,49.79175136016785],[-126.97803676189473,49.79149496880409]]],[[[-127.58748504827444,50.068109170987874],[-127.58767036458734,50.06794115948834],[-127.5878922315247,50.0680237679556],[-127.58781663007241,50.068194668774304],[-127.58748504827444,50.068109170987874]]],[[[-126.77800615672439,49.88002525423244],[-126.7783560689463,49.87996827236924],[-126.77850254069993,49.88013346371051],[-126.77826284366603,49.88018187494893],[-126.77800615672439,49.88002525423244]]],[[[-127.48325762498992,50.1082220628201],[-127.48344136653743,50.108189265491305],[-127.48392844129226,50.108294673283716],[-127.48358792826627,50.10838866699184],[-127.48325762498992,50.1082220628201]]],[[[-127.72125374302995,50.12017256848006],[-127.72154904888714,50.120094264562454],[-127.72170055765464,50.12017687516985],[-127.72157186453015,50.12031926237889],[-127.72125374302995,50.12017256848006]]],[[[-127.51923024483881,50.090509157881705],[-127.51956854604411,50.09040515828475],[-127.51973245133223,50.09055185795326],[-127.5194070639857,50.09063736615373],[-127.51923024483881,50.090509157881705]]],[[[-127.06674795049355,49.85756825377199],[-127.06690283172668,49.85752556842692],[-127.06725545400407,49.85773775688571],[-127.06692205255032,49.85774205583613],[-127.06674795049355,49.85756825377199]]],[[[-127.51087695110799,50.115776870799195],[-127.5112478522052,50.115780358863674],[-127.51124383819163,50.115915571342725],[-127.51090585351905,50.11595547295698],[-127.51087695110799,50.115776870799195]]],[[[-127.40802195539852,50.003336152748176],[-127.40826236370104,50.00321366510359],[-127.40837252660671,50.00330626465542],[-127.40815523618508,50.00353696623236],[-127.40802195539852,50.003336152748176]]],[[[-126.56538755019491,49.547063555334645],[-126.5657399526754,49.54691835755499],[-126.565913253888,49.54704797149852],[-126.565561341416,49.54714765534474],[-126.56538755019491,49.547063555334645]]],[[[-127.58536113069312,50.10609427018196],[-127.58550164967214,50.106068679603666],[-127.58588856743164,50.10618967387074],[-127.58553592825874,50.10626656768711],[-127.58536113069312,50.10609427018196]]],[[[-127.00370902700644,49.8760545617112],[-127.00397355209198,49.876004678064284],[-127.00402374564109,49.8761414814642],[-127.00368464123868,49.876288076093765],[-127.00370902700644,49.8760545617112]]],[[[-127.23008805034061,50.116169171940676],[-127.23041052902835,50.11613926808385],[-127.23046054457642,50.11631017896194],[-127.2300957427662,50.11634007743402],[-127.23008805034061,50.116169171940676]]],[[[-126.9660241509484,49.8128637777106],[-126.9664302502879,49.812826755939774],[-126.96652223111481,49.81295356915505],[-126.96635023950805,49.813031858039],[-126.9660241509484,49.8128637777106]]],[[[-127.63616217463,50.15253627150512],[-127.63636043036753,50.15246657009292],[-127.63658475497415,50.15249645525836],[-127.6362554362403,50.152708666622004],[-127.63616217463,50.15253627150512]]],[[[-127.56327814435362,50.09675578080242],[-127.56376663912332,50.096789869043356],[-127.56391416213766,50.09694377695713],[-127.56337214587744,50.09684688132113],[-127.56327814435362,50.09675578080242]]],[[[-127.5284236511988,50.083395252886035],[-127.52874935985216,50.083245664270855],[-127.52885855562704,50.08334675065766],[-127.52872632198336,50.08351486394141],[-127.5284236511988,50.083395252886035]]],[[[-127.31872853451927,50.01751126931521],[-127.31902385356378,50.0174528559587],[-127.319228052134,50.01759106985938],[-127.31898714526159,50.01769496286236],[-127.31872853451927,50.01751126931521]]],[[[-127.11584762558333,50.061895368449996],[-127.11612975094819,50.06184696473512],[-127.11611884068431,50.06209897476278],[-127.1158382461982,50.06212035247034],[-127.11584762558333,50.061895368449996]]],[[[-126.64510443769332,49.742304180528606],[-126.64509726093168,49.74216886022055],[-126.64533686815923,49.74210196950885],[-126.64537595946858,49.742435260829545],[-126.64510443769332,49.742304180528606]]],[[[-126.56765435085968,49.631358274384574],[-126.56787655804162,49.63130846756756],[-126.56802855137816,49.63160896496073],[-126.5678215404115,49.631596178154616],[-126.56765435085968,49.631358274384574]]],[[[-126.5705593543666,49.63307446569002],[-126.57071345682283,49.63302457705403],[-126.57083803078095,49.63305305697742],[-126.57049185243312,49.63333367097944],[-126.5705593543666,49.63307446569002]]],[[[-127.55885224657543,50.03171636306081],[-127.55907174525568,50.03187157958547],[-127.55870433052908,50.031967066056225],[-127.55868036442503,50.031840259471146],[-127.55885224657543,50.03171636306081]]],[[[-127.56105744681344,50.12229037512805],[-127.5612847523684,50.12217645268948],[-127.56163313079273,50.12221626923471],[-127.5615329430568,50.12231455714043],[-127.56105744681344,50.12229037512805]]],[[[-127.64669936799257,50.10407336498151],[-127.64685473802265,50.10402917550339],[-127.6471273428334,50.1042214747471],[-127.6468199372008,50.10426276561138],[-127.64669936799257,50.10407336498151]]],[[[-126.97134533807402,49.855135766229765],[-126.97157515745393,49.85499615664901],[-126.97188345638108,49.85523547713005],[-126.9716620419065,49.855241180195826],[-126.97134533807402,49.855135766229765]]],[[[-127.49667827145709,50.099050167283565],[-127.497178434938,50.099175464761274],[-127.49720186684324,50.099265174998024],[-127.49689565112706,50.09927947143351],[-127.49667827145709,50.099050167283565]]],[[[-127.55325604717225,50.08594595382955],[-127.55346623602846,50.08591326842046],[-127.55361306126623,50.0861852615676],[-127.55324813531158,50.086216573352395],[-127.55325604717225,50.08594595382955]]],[[[-127.58257985475859,50.06052957273636],[-127.58277705902276,50.06044267309828],[-127.5830411609043,50.06049107306747],[-127.58265834238972,50.060683365428886],[-127.58257985475859,50.06052957273636]]],[[[-127.45695165459335,50.059872860350595],[-127.45720812871596,50.05974906117099],[-127.45739985802847,50.05982457385831],[-127.45705914153599,50.060035378387326],[-127.45695165459335,50.059872860350595]]],[[[-127.39686534467464,49.99347777045319],[-127.39714643185597,49.99338236411212],[-127.39747904976664,49.99347778103362],[-127.39696014281661,49.99356037400094],[-127.39686534467464,49.99347777045319]]],[[[-127.7120449481109,50.12812967140598],[-127.7122592620577,50.12801426444884],[-127.71246464969846,50.12811537871521],[-127.71233585191953,50.128267755313686],[-127.7120449481109,50.12812967140598]]],[[[-127.29007294577069,49.975734972849764],[-127.2903118417192,49.975702183118536],[-127.29036425881249,49.975784761082494],[-127.29014634417666,49.976015558074224],[-127.29007294577069,49.975734972849764]]],[[[-127.05633294391173,49.82966097643347],[-127.05650074369275,49.82962816552065],[-127.05658554020428,49.829971357106814],[-127.05632522520531,49.82985886328462],[-127.05633294391173,49.82966097643347]]],[[[-127.46593634588835,50.17846548170734],[-127.46613494250363,50.17835157453866],[-127.46638154705403,50.178562257707284],[-127.46616925948395,50.178603674505226],[-127.46593634588835,50.17846548170734]]],[[[-127.6270896532104,50.1080525687535],[-127.62724793131099,50.107964260194855],[-127.62736193708194,50.1083345669199],[-127.62709984646041,50.10827616861622],[-127.6270896532104,50.1080525687535]]],[[[-127.68578455508019,50.13368977842643],[-127.68606925661351,50.13353165752049],[-127.68639113357786,50.13357156903454],[-127.68602203482142,50.13371967431581],[-127.68578455508019,50.13368977842643]]],[[[-126.93405364240387,49.742935172285435],[-126.93426486212334,49.74288526533098],[-126.93430716370811,49.743174360964915],[-126.93412436417846,49.743215663553414],[-126.93405364240387,49.742935172285435]]],[[[-127.6700315417024,50.14672407538542],[-127.67030084559269,50.14665438183417],[-127.67044853596695,50.146809574919644],[-127.6701671561524,50.14688645290973],[-127.6700315417024,50.14672407538542]]],[[[-126.62837575480494,49.61871985459168],[-126.62863206548943,49.618573162471016],[-126.62871516497741,49.61883517354602],[-126.62845185156611,49.61885656989252],[-126.62837575480494,49.61871985459168]]],[[[-127.64747965434329,50.10067227223269],[-127.64767717251506,50.10060396981323],[-127.64787114903736,50.100695079009824],[-127.64739103884924,50.10084316429972],[-127.64747965434329,50.10067227223269]]],[[[-127.11571245608144,50.06250495938566],[-127.11588487050908,50.062382469433444],[-127.11628354469158,50.062550462216585],[-127.1159455624674,50.06259036456454],[-127.11571245608144,50.06250495938566]]],[[[-127.1533080287536,50.00982486297707],[-127.15375773078681,50.00977786288966],[-127.1537794496124,50.00994015375654],[-127.153416947663,50.00994307808464],[-127.1533080287536,50.00982486297707]]],[[[-127.44904996100077,49.99597647005291],[-127.44933214950761,49.995891773295796],[-127.44981353076054,49.996068361285886],[-127.44911896139001,49.9960228754556],[-127.44904996100077,49.99597647005291]]],[[[-126.99566546521713,49.858824467240204],[-126.9959335408193,49.858757563723486],[-126.99594794169738,49.859090780017276],[-126.99579454238228,49.859069464003554],[-126.99566546521713,49.858824467240204]]],[[[-127.52980253514477,50.134248066652276],[-127.53011233756557,50.1342067638603],[-127.53017746352063,50.13435196611103],[-127.52990783000925,50.13446596902202],[-127.52980253514477,50.134248066652276]]],[[[-127.18900975679828,50.08964895686349],[-127.18919994798324,50.08946376282785],[-127.18941783294166,50.08960197601605],[-127.18921675786204,50.08972437313921],[-127.18900975679828,50.08964895686349]]],[[[-127.6852376379121,50.129726157204956],[-127.68559004421445,50.12959515856391],[-127.68581364953555,50.1296164600458],[-127.68533196814366,50.12981737308694],[-127.6852376379121,50.129726157204956]]],[[[-127.16485556340609,49.86811317017147],[-127.16511344243443,49.86797357152715],[-127.16536865771383,49.86820145939336],[-127.16520184606667,49.86820856534526],[-127.16485556340609,49.86811317017147]]],[[[-126.54315705829734,49.604041971131814],[-126.54365775135165,49.6039977742241],[-126.54381602347468,49.60415446403404],[-126.54331763733352,49.60414448122773],[-126.54315705829734,49.604041971131814]]],[[[-127.54301174615333,50.12184036167643],[-127.54334933762979,50.121737763311444],[-127.54358802867354,50.12174066408337],[-127.543345531509,50.12191726061717],[-127.54301174615333,50.12184036167643]]],[[[-127.54312064284392,50.106290763742614],[-127.54344263923417,50.10622247332219],[-127.54359235212537,50.10638626756211],[-127.54319943874941,50.10640047815286],[-127.54312064284392,50.106290763742614]]],[[[-127.51928765508352,50.09134657114169],[-127.51933743400356,50.09114007509031],[-127.51978505730011,50.09112725809105],[-127.51957097004619,50.09125116668302],[-127.51928765508352,50.09134657114169]]],[[[-127.54185032892735,50.10712966538483],[-127.54197905610314,50.10697866414263],[-127.5422151454151,50.107035675642884],[-127.54213944090591,50.107240767939665],[-127.54185032892735,50.10712966538483]]],[[[-126.99594055982995,49.80778225517514],[-126.99608215447594,49.807702478240074],[-126.9962419309563,49.807867660455436],[-126.99594454717322,49.8080058774062],[-126.99594055982995,49.80778225517514]]],[[[-127.11534664745103,50.061861181570634],[-127.11561345639467,50.06180277632048],[-127.11569084685814,50.06196516802638],[-127.11536585252625,50.06206767966355],[-127.11534664745103,50.061861181570634]]],[[[-127.57797103025305,50.12518006711186],[-127.57814053881424,50.12510037254148],[-127.5785991516959,50.12520576405203],[-127.57831594605622,50.125301173501306],[-127.57797103025305,50.12518006711186]]],[[[-127.51350984748561,50.125406575505785],[-127.51363724326197,50.125326764294634],[-127.5140819475115,50.12541366814834],[-127.51367314866366,50.1255161661436],[-127.51350984748561,50.125406575505785]]],[[[-127.37101255854672,49.99713796146999],[-127.37123734901023,49.997078179994936],[-127.37137252393114,49.997197764692736],[-127.37106075749493,49.99736447624996],[-127.37101255854672,49.99713796146999]]],[[[-127.57800394651854,50.063558883077015],[-127.57830946777469,50.0636528679179],[-127.57793862905051,50.06388216458637],[-127.57791435075035,50.06375535166616],[-127.57800394651854,50.063558883077015]]],[[[-127.52393395695086,50.085280850978336],[-127.52410346384586,50.08521107195576],[-127.52413734183587,50.0855258799206],[-127.52380144825113,50.085503081231494],[-127.52393395695086,50.085280850978336]]],[[[-127.6976731648731,50.12980306382442],[-127.69791066297586,50.129788861789535],[-127.69799396102236,50.12987006462205],[-127.6976387563488,50.13003667318123],[-127.6976731648731,50.12980306382442]]],[[[-127.53470215706014,50.12914796246908],[-127.53495475284465,50.12911516261626],[-127.53500586024147,50.12928606528386],[-127.53466816501076,50.129354469691904],[-127.53470215706014,50.12914796246908]]],[[[-127.2508092642676,49.9969257672138],[-127.25097883631324,49.996865965119156],[-127.25119325125223,49.99712945339127],[-127.25090054524487,49.99712518081317],[-127.2508092642676,49.9969257672138]]],[[[-127.62954276075176,50.10836876376408],[-127.62979466304138,50.108371561455414],[-127.62981805807226,50.108569574758704],[-127.62952104837328,50.10865645604777],[-127.62954276075176,50.10836876376408]]],[[[-127.27629634171723,49.93661047828484],[-127.27639586243518,49.93656776811621],[-127.27692255415073,49.93661045704508],[-127.27620765649785,49.936762878246796],[-127.27629634171723,49.93661047828484]]],[[[-126.67089125599429,49.579327668751176],[-126.67118703275445,49.57924356941443],[-126.67145215360263,49.57944725248537],[-126.6711476254461,49.579450164647575],[-126.67089125599429,49.579327668751176]]],[[[-127.44908415367264,49.99575227961886],[-127.4493411759502,49.99561267055795],[-127.44959904969302,49.99583195563841],[-127.44918075173631,49.99582627166358],[-127.44908415367264,49.99575227961886]]],[[[-126.87705114529948,49.851459864171126],[-126.87731605952247,49.851418574728044],[-126.87747254311408,49.85166498329216],[-126.87720574239275,49.85169625643727],[-126.87705114529948,49.851459864171126]]],[[[-127.54713044661835,50.12022816901654],[-127.54741366567427,50.120142668386265],[-127.54774705114973,50.120191076949105],[-127.54763185041985,50.12029787060873],[-127.54713044661835,50.12022816901654]]],[[[-126.96964443623216,49.82567456037439],[-126.96977804439192,49.82581125851285],[-126.96939512711874,49.82596656119146],[-126.96942684024864,49.82587676544684],[-126.96964443623216,49.82567456037439]]],[[[-127.30685735049569,49.96323605534965],[-127.30709644577581,49.9632218533624],[-127.3067646335622,49.963530865551434],[-127.306725352487,49.96345826180665],[-127.30685735049569,49.96323605534965]]],[[[-127.60373115569352,50.101432859568604],[-127.60415345659362,50.10138295194295],[-127.60426366441747,50.101438569045236],[-127.60395094704636,50.10156955430068],[-127.60373115569352,50.101432859568604]]],[[[-127.51014302685972,50.10446926428849],[-127.5104541605057,50.10435676154112],[-127.51057625491835,50.104483460199056],[-127.51015293851454,50.10461306985929],[-127.51014302685972,50.10446926428849]]],[[[-126.48254164918222,49.6599179607287],[-126.4826267248755,49.659856664023415],[-126.48290336300393,49.65986237201386],[-126.48269624437123,49.66011875266736],[-126.48254164918222,49.6599179607287]]],[[[-127.62210147512265,50.1060045696187],[-127.62241284448943,50.10590058254661],[-127.62260694173276,50.10594757133901],[-127.6223224612499,50.10612416183938],[-127.62210147512265,50.1060045696187]]],[[[-127.58069695607757,50.05900565903581],[-127.58081006396831,50.05889886076495],[-127.5809755458452,50.059026957444445],[-127.58066195300471,50.05924775641823],[-127.58069695607757,50.05900565903581]]],[[[-127.29507782952349,49.965563271179526],[-127.29512155856602,49.965483473186126],[-127.29550415091381,49.965336763369244],[-127.29549373709875,49.96559746622685],[-127.29507782952349,49.965563271179526]]],[[[-127.00146145719297,49.84586417220537],[-127.00171085015563,49.84584135450484],[-127.0019133546896,49.846033663064986],[-127.00150673714462,49.84608067200317],[-127.00146145719297,49.84586417220537]]],[[[-127.16081193507286,49.866492371755626],[-127.16107693181638,49.86648816969797],[-127.16132925390889,49.86679716992414],[-127.1611085357336,49.86674027314686],[-127.16081193507286,49.866492371755626]]],[[[-126.99907835641098,49.846623256431656],[-126.99917805160386,49.84654347385569],[-126.99949824146047,49.84657627039537],[-126.99940535044958,49.84678136063285],[-126.99907835641098,49.846623256431656]]],[[[-127.51010015776146,50.11892215493299],[-127.51041293796578,50.118801078986],[-127.51051885011944,50.118963474013526],[-127.51029264119391,50.11906028097087],[-127.51010015776146,50.11892215493299]]],[[[-127.33013644794718,49.96508477786398],[-127.33044666814406,49.96500776270657],[-127.33053443218735,49.96525276675242],[-127.330339457902,49.96527695653725],[-127.33013644794718,49.96508477786398]]],[[[-127.25099934144382,49.96864095790336],[-127.25121444386978,49.968464369211155],[-127.25145477166164,49.96873787156888],[-127.25103626091011,49.96876625609503],[-127.25099934144382,49.96864095790336]]],[[[-126.57279423370636,49.571381963129745],[-126.57319613321653,49.57138197116193],[-126.5734222253025,49.571565663694436],[-126.57315454933993,49.571641174028876],[-126.57279423370636,49.571381963129745]]],[[[-126.5174942432001,49.64869945979183],[-126.51765175318218,49.64857555142857],[-126.51783826026079,49.648733663562545],[-126.51752266659089,49.64892446494599],[-126.5174942432001,49.64869945979183]]],[[[-127.40321634243769,50.02370655549771],[-127.40338655183348,50.02358265760246],[-127.40365082603564,50.02366816807103],[-127.40353333951964,50.02384615746766],[-127.40321634243769,50.02370655549771]]],[[[-126.65797283938667,49.58040715606389],[-126.65827305651182,49.58023345162175],[-126.658545141689,49.58031037685232],[-126.65831676583217,49.580458471097636],[-126.65797283938667,49.58040715606389]]],[[[-127.07533542834325,49.840682867370035],[-127.07554666063122,49.84061456026709],[-127.0756449519281,49.8409577598442],[-127.07540813841592,49.84096346516304],[-127.07533542834325,49.840682867370035]]],[[[-127.27078685198765,49.97796817093682],[-127.27088815312602,49.97788835033949],[-127.27122595628532,49.97778586660556],[-127.27107583815791,49.978070659801936],[-127.27078685198765,49.97796817093682]]],[[[-127.55472194136637,50.122706261612606],[-127.55500564491471,50.122629378672286],[-127.55515406760463,50.12274757285113],[-127.55488564399514,50.12288856652478],[-127.55472194136637,50.122706261612606]]],[[[-126.9355248472755,49.86807757234378],[-126.93576764188565,49.86792948118998],[-126.93589964572983,49.86807466886473],[-126.93571155657315,49.86824276854258],[-126.9355248472755,49.86807757234378]]],[[[-127.74131104689212,50.111235662427184],[-127.74169004437948,50.11120287409888],[-127.74182435531549,50.11134815149053],[-127.74161305058314,50.111417961662184],[-127.74131104689212,50.111235662427184]]],[[[-127.64455914407914,50.10206947484903],[-127.64480003136558,50.10200817273682],[-127.6449062508213,50.10218057931426],[-127.64458264139661,50.10226746638606],[-127.64455914407914,50.10206947484903]]],[[[-127.2833219586872,50.128806164284605],[-127.28357344355669,50.128800479102054],[-127.28373423951363,50.1290012731394],[-127.28339925008238,50.12899555767029],[-127.2833219586872,50.128806164284605]]],[[[-127.54815234456785,50.098466156867204],[-127.54805794829637,50.09835657056009],[-127.54873333839863,50.09824827555752],[-127.54857342630835,50.098443465116326],[-127.54815234456785,50.098466156867204]]],[[[-127.61742203944357,50.110698773901326],[-127.61767466983234,50.1106118741424],[-127.61798185429018,50.110668860110735],[-127.6178367335506,50.110802659437766],[-127.61742203944357,50.110698773901326]]],[[[-127.59135606732035,50.117697263240906],[-127.59169304387937,50.117620379125114],[-127.59185864993744,50.11773007485773],[-127.5914627417817,50.117834065315016],[-127.59135606732035,50.117697263240906]]],[[[-126.70853854195471,49.598466163106814],[-126.70882974933899,49.59845477735516],[-126.70890403290905,49.59862706507642],[-126.70859304430712,49.598773751928675],[-126.70853854195471,49.598466163106814]]],[[[-127.6371536513925,50.09644237742502],[-127.63739576016097,50.09635406604983],[-127.63747053675873,50.096634664335475],[-127.63723306111771,50.09665887147475],[-127.6371536513925,50.09644237742502]]],[[[-127.38240354910722,50.013227259620415],[-127.38276964736333,50.01310615503518],[-127.38289053687078,50.013242978443145],[-127.38248225209672,50.01336397794024],[-127.38240354910722,50.013227259620415]]],[[[-127.39863125304157,50.00661606386767],[-127.3987922640124,50.00642097230429],[-127.3987906594468,50.0068710606266],[-127.39859895047341,50.00678697886462],[-127.39863125304157,50.00661606386767]]],[[[-127.52000986446987,50.124167470643854],[-127.5203203439757,50.124090571293955],[-127.52062584697968,50.12416606797055],[-127.52011816050053,50.124285668895126],[-127.52000986446987,50.124167470643854]]],[[[-127.0831704373755,49.830018370184554],[-127.08339315773382,49.82999556457836],[-127.08344254713525,49.83016658043654],[-127.08306495553947,49.83023207516143],[-127.0831704373755,49.830018370184554]]],[[[-127.13413486048142,49.854597375372826],[-127.13447125546986,49.85453046729523],[-127.13481654217098,49.85460876939095],[-127.13446543999898,49.854692874481024],[-127.13413486048142,49.854597375372826]]],[[[-126.97012346763186,49.825512171349004],[-126.97043194992702,49.825462376760655],[-126.97037684475914,49.82576856574114],[-126.9702107413877,49.8257742661145],[-126.97012346763186,49.825512171349004]]],[[[-127.57988565275967,50.06801655841549],[-127.58019083393619,50.068047958409764],[-127.58018306061388,50.068298563891574],[-127.5799627382069,50.06824167258836],[-127.57988565275967,50.06801655841549]]],[[[-126.99008635976101,49.808175274401684],[-126.9904073468001,49.80812687966459],[-126.99052954269521,49.808236560971366],[-126.99016324623811,49.80832917162459],[-126.99008635976101,49.808175274401684]]],[[[-127.54591743522069,50.12106836603186],[-127.54615742605341,50.12099006821247],[-127.54629482568401,50.12105416420984],[-127.54584083364884,50.12124647490076],[-127.54591743522069,50.12106836603186]]],[[[-127.04375603521255,49.851847266639666],[-127.04394204844127,49.851724777538465],[-127.04426923688844,49.85188286362786],[-127.04398804622649,49.851968264541014],[-127.04375603521255,49.851847266639666]]],[[[-127.32362905514948,49.97538885131805],[-127.32377186552745,49.97530056884227],[-127.32393583439804,49.975357569027864],[-127.32377304917257,49.97566086866799],[-127.32362905514948,49.97538885131805]]],[[[-126.99437733344224,49.87550625755108],[-126.99479385383333,49.87551336123583],[-126.99488304657379,49.87574975566866],[-126.99427592178701,49.87561306344428],[-126.99437733344224,49.87550625755108]]],[[[-127.40103135853973,49.99321146059057],[-127.40135285517258,49.9932156613641],[-127.40121385502468,49.993564668077454],[-127.40103747428041,49.99340937206186],[-127.40103135853973,49.99321146059057]]],[[[-127.54900024400011,50.085713861424345],[-127.54922783370046,50.08554576202485],[-127.5494773286174,50.08566536599845],[-127.54923424811857,50.0858334537273],[-127.54900024400011,50.085713861424345]]],[[[-127.58669295645915,50.104517656918965],[-127.58697495459587,50.10444925638387],[-127.58703684218705,50.104684273983594],[-127.58681255927051,50.10476265855222],[-127.58669295645915,50.104517656918965]]],[[[-127.07246684082686,49.84147185711444],[-127.07274966715013,49.841340869458826],[-127.07308163057354,49.841409258954606],[-127.0728534679464,49.841541667691196],[-127.07246684082686,49.84147185711444]]],[[[-127.24171875018563,50.004748970283664],[-127.24194554217262,50.00468057523721],[-127.24217305716174,50.00495407689751],[-127.24193395230103,50.00498675334231],[-127.24171875018563,50.004748970283664]]],[[[-126.93767995366129,49.74614816320132],[-126.93795084538623,49.745964358509696],[-126.93818524433793,49.74600425552304],[-126.93795363684312,49.74621646885631],[-126.93767995366129,49.74614816320132]]],[[[-126.66390114761106,49.57475166496436],[-126.66411473642394,49.57465627305813],[-126.6643622603707,49.57468897074426],[-126.66419893248664,49.57489266072439],[-126.66390114761106,49.57475166496436]]],[[[-127.46477025495646,50.0784588637909],[-127.46511814996124,50.07850876114109],[-127.46531825911337,50.078755161949225],[-127.46522004741641,50.07877077488022],[-127.46477025495646,50.0784588637909]]],[[[-127.68534114228898,50.137098158932176],[-127.68562305862484,50.137043772486756],[-127.68560146191935,50.13731297295505],[-127.68529503616783,50.137283067571005],[-127.68534114228898,50.137098158932176]]],[[[-126.97285523218119,49.79309577515613],[-126.97302684232606,49.79297187369252],[-126.97323324870047,49.79305737522741],[-126.97304204984434,49.793278075434095],[-126.97285523218119,49.79309577515613]]],[[[-127.56803563912294,50.12379866976867],[-127.56823296389146,50.1237458709741],[-127.56839724046851,50.123892573001854],[-127.56802966612511,50.12402217333331],[-127.56803563912294,50.12379866976867]]],[[[-126.57235652342594,49.56848516121819],[-126.57275243522722,49.56834985524161],[-126.5728231519435,49.5685947708778],[-126.57272303427897,49.56866457136657],[-126.57235652342594,49.56848516121819]]],[[[-127.6615211652014,50.14975627498849],[-127.66180263184634,50.14972347324688],[-127.66197874003653,50.149914369461094],[-127.66165564881253,50.149945680090255],[-127.6615211652014,50.14975627498849]]],[[[-127.92191303247617,50.1169196728956],[-127.92213955615186,50.11679576970076],[-127.92247346516204,50.11689836441409],[-127.92218983984853,50.11703077948757],[-127.92191303247617,50.1169196728956]]],[[[-127.18491575296716,49.88652515622446],[-127.18533065109723,49.88661365904362],[-127.18540676717689,49.88678596989894],[-127.18501923784711,49.886726168283055],[-127.18491575296716,49.88652515622446]]],[[[-127.48551914062591,50.06005097272136],[-127.48599594475824,50.05993995418877],[-127.4860746349063,50.06010227067128],[-127.48555656166958,50.06016775899061],[-127.48551914062591,50.06005097272136]]],[[[-126.93470865409891,49.83433086723643],[-126.93493515288472,49.83425396699122],[-126.93517814299742,49.83442065540981],[-126.93481543696981,49.83445907262992],[-126.93470865409891,49.83433086723643]]],[[[-127.74189834494848,50.110657454985734],[-127.74218025146891,50.110633272507435],[-127.74237236505006,50.11072436027532],[-127.74196396003907,50.110836872193566],[-127.74189834494848,50.110657454985734]]],[[[-127.37813172879278,50.01487646714365],[-127.37833095526767,50.01478105227519],[-127.37846646448007,50.014890773450226],[-127.37826243311034,50.01512146203529],[-127.37813172879278,50.01487646714365]]],[[[-126.99788333542783,49.809911366460796],[-126.99810605293642,49.80987005786177],[-126.99824663593428,49.810177770720834],[-126.99799674614144,49.81016496305391],[-126.99788333542783,49.809911366460796]]],[[[-126.62249884968719,49.621633069057715],[-126.62276084151135,49.621438652868186],[-126.62293523175805,49.62154976073817],[-126.6227458465315,49.62173486719527],[-126.62249884968719,49.621633069057715]]],[[[-127.56284864728823,50.12466875826762],[-127.56318796673307,50.124547771691084],[-127.56329665055229,50.124611858220746],[-127.56318006449234,50.1247998625407],[-127.56284864728823,50.12466875826762]]],[[[-126.53925105742714,49.62716826503036],[-126.539335761725,49.627125563447194],[-126.53980836293199,49.627089970534335],[-126.53952035138606,49.62732776689104],[-126.53925105742714,49.62716826503036]]],[[[-126.58130166341734,49.62032776672917],[-126.58151475788473,49.620206753602986],[-126.58120144079781,49.620658175955384],[-126.5811402400551,49.620495872969165],[-126.58130166341734,49.62032776672917]]],[[[-126.99040144930461,49.81164327181588],[-126.99054314918628,49.811600573968995],[-126.99082403360013,49.811831274560916],[-126.99050193194805,49.81192386764098],[-126.99040144930461,49.81164327181588]]],[[[-127.51715316051578,50.090284168685976],[-127.51746514711418,50.09019866041597],[-127.5176432513844,50.090299764896656],[-127.51735784061067,50.0904678757257],[-127.51715316051578,50.090284168685976]]],[[[-127.51590083943996,50.1312742665297],[-127.51617037334925,50.13117037125802],[-127.51650373944354,50.13121876367675],[-127.51616513470253,50.13137686866935],[-127.51590083943996,50.1312742665297]]],[[[-127.16072995248314,49.86605536175177],[-127.16103655050901,49.866127759137626],[-127.1612363296741,49.86633716226064],[-127.16077995150935,49.86623174994746],[-127.16072995248314,49.86605536175177]]],[[[-127.09315974489016,49.85995666451005],[-127.0933735414145,49.85979865763823],[-127.0934305508903,49.860131869637165],[-127.09326374198889,49.860138982466204],[-127.09315974489016,49.85995666451005]]],[[[-126.97222684136572,49.79447167882941],[-126.97244354596309,49.79429355629091],[-126.9726465448185,49.794441662853366],[-126.97246245005101,49.79454566535724],[-126.97222684136572,49.79447167882941]]],[[[-127.57855825825078,50.125618755925515],[-127.57885676667281,50.125450664493485],[-127.57906333545067,50.125597361396956],[-127.57898964697942,50.125749752901434],[-127.57855825825078,50.125618755925515]]],[[[-126.93915306939115,49.90347486975024],[-126.93940583766725,49.90340786743536],[-126.93941863344956,49.90376826428788],[-126.9392000445734,49.90367426197401],[-126.93915306939115,49.90347486975024]]],[[[-127.22866317024938,49.906955569271844],[-127.22909344948235,49.9069812793456],[-127.22908543907504,49.90720626019119],[-127.22871396876889,49.9070738652196],[-127.22866317024938,49.906955569271844]]],[[[-127.18021664299728,49.87965196259458],[-127.18051066352425,49.879657762415626],[-127.18042946132464,49.87996256734361],[-127.18026263702757,49.87994117758312],[-127.18021664299728,49.87965196259458]]],[[[-127.59925653256377,50.10671237139846],[-127.59952586198352,50.10664256753494],[-127.59969156629204,50.10670806560886],[-127.59937706092127,50.10690176229283],[-127.59925653256377,50.10671237139846]]],[[[-127.60868614111759,50.10758116988289],[-127.60908026393642,50.10749567189947],[-127.60914585460961,50.10764946469468],[-127.6088777288057,50.10772636997196],[-127.60868614111759,50.10758116988289]]],[[[-127.34169934412351,50.02258286054614],[-127.34166117375891,50.022483169352796],[-127.34212275718168,50.02245326551068],[-127.34207333922559,50.02265128184811],[-127.34169934412351,50.02258286054614]]],[[[-127.43409813989665,49.997512555205034],[-127.43425315243596,49.997459876957656],[-127.43449993993613,49.997616578948644],[-127.43421475259841,49.99779315792677],[-127.43409813989665,49.997512555205034]]],[[[-127.48347335103128,50.108026957811376],[-127.48381085040837,50.10796857822473],[-127.4840152339957,50.108133768191166],[-127.48377643117806,50.10818496101843],[-127.48347335103128,50.108026957811376]]],[[[-126.57054367053408,49.54762187060692],[-126.57078304516752,49.547527859480375],[-126.57086115259995,49.54761906346602],[-126.5706843498671,49.547866851214245],[-126.57054367053408,49.54762187060692]]],[[[-127.35903605229333,50.01649727491676],[-127.35939034211094,50.016349159449334],[-127.3594798419056,50.01661116578638],[-127.35915684837389,50.01663395573841],[-127.35903605229333,50.01649727491676]]],[[[-127.31121654721217,50.040294374048166],[-127.31136004919959,50.04053075244313],[-127.31098635756233,50.040470976798765],[-127.31121654721217,50.040294374048166]]],[[[-126.64626473120208,49.58365016896759],[-126.64660203113412,49.58354895742146],[-126.64668624167112,49.58381245594971],[-126.64642296106105,49.58382526742106],[-126.64626473120208,49.58365016896759]]],[[[-127.46646984272353,50.17798697326325],[-127.46661213780119,50.17790856361086],[-127.46679372556804,50.177964164887726],[-127.46653124820433,50.17825755498834],[-127.46646984272353,50.17798697326325]]],[[[-127.67384716689584,50.15049117212356],[-127.67400264930502,50.15045695207305],[-127.67434535148982,50.150711864782],[-127.67396716927162,50.150717573102504],[-127.67384716689584,50.15049117212356]]],[[[-127.32410353823232,49.964520771642576],[-127.32435966193047,49.96439827128128],[-127.32399555170684,49.96481556061942],[-127.32397194150535,49.96468026427383],[-127.32410353823232,49.964520771642576]]],[[[-126.64451464571297,49.58235547140479],[-126.64484955505972,49.58230846688904],[-126.64485133839685,49.58252498217687],[-126.64468165174468,49.58262037696831],[-126.64451464571297,49.58235547140479]]],[[[-126.97701895915718,49.80653457316481],[-126.97732665947572,49.80648616215068],[-126.97751665368585,49.8066342736685],[-126.9771808471427,49.806699879843144],[-126.97701895915718,49.80653457316481]]],[[[-127.82019544473474,50.080952655440335],[-127.82047654479659,50.080909969915865],[-127.82063974027481,50.081109379111496],[-127.82035754823089,50.08117917348618],[-127.82019544473474,50.080952655440335]]],[[[-127.14672637311612,50.07388867036015],[-127.14691315512103,50.073720568723175],[-127.14720803753579,50.07371627612672],[-127.14698855779658,50.07396407070063],[-127.14672637311612,50.07388867036015]]],[[[-127.52227204386057,50.10344526192079],[-127.52259495286384,50.103413862348916],[-127.52264334309325,50.10363896174683],[-127.52234815934352,50.10365316786302],[-127.52227204386057,50.10344526192079]]],[[[-127.62109725897275,50.11029287513707],[-127.62135093723649,50.11022306650234],[-127.62158303143882,50.11039676176364],[-127.62130104191766,50.110475174583364],[-127.62109725897275,50.11029287513707]]],[[[-127.21852865047644,49.9298369801584],[-127.2188117446521,49.92973297460597],[-127.21901397445444,49.92992527108975],[-127.21867666761165,49.92996516627275],[-127.21852865047644,49.9298369801584]]],[[[-127.26150413267098,49.94974946077805],[-127.26163954765016,49.94966766369187],[-127.2620392635573,49.94976446473326],[-127.2619092590497,49.949915467858986],[-127.26150413267098,49.94974946077805]]],[[[-127.72190152341844,50.120538563787775],[-127.72229547232533,50.120463073043844],[-127.72234834623436,50.120606980807445],[-127.72214855991204,50.12069525908745],[-127.72190152341844,50.120538563787775]]],[[[-127.62812665314847,50.108513978384686],[-127.62828504471551,50.10839007500292],[-127.62865645745799,50.10855526294653],[-127.62831783772023,50.10865076826319],[-127.62812665314847,50.108513978384686]]],[[[-127.43767216375785,50.00387447276321],[-127.4377743536118,50.00377767523964],[-127.43797024228336,50.00378047739538],[-127.43762262834623,50.00411656768236],[-127.43767216375785,50.00387447276321]]],[[[-126.55209173768155,49.62350945561284],[-126.55217896665023,49.62344827126571],[-126.55249415070972,49.62348234961039],[-126.55220665832645,49.62371025622756],[-126.55209173768155,49.62350945561284]]],[[[-126.56959496741254,49.57591237278792],[-126.56988035711832,49.5757471566846],[-126.57006716875229,49.57587676775792],[-126.5697688513401,49.576023474239484],[-126.56959496741254,49.57591237278792]]],[[[-127.43388235063465,49.996870253082164],[-127.4339135404583,49.996744857579955],[-127.43431776252369,49.9967235595088],[-127.43418272528403,49.997045365042055],[-127.43388235063465,49.996870253082164]]],[[[-126.9524975309326,49.85801546699209],[-126.95256502649892,49.857729266738325],[-126.9528830686171,49.857761971072534],[-126.95288024756725,49.85785175221806],[-126.9524975309326,49.85801546699209]]],[[[-126.99988403086643,49.86146066849608],[-127.0002003455996,49.861538981487804],[-127.00020645188864,49.861764052745656],[-126.99999995930405,49.86174267156599],[-126.99988403086643,49.86146066849608]]],[[[-127.54573835669183,50.10386827834146],[-127.5460771418627,50.103772778348606],[-127.54634024640983,50.10385827518238],[-127.54598694018455,50.103970762544336],[-127.54573835669183,50.10386827834146]]],[[[-127.04862856752348,49.82209266716174],[-127.0489677385481,49.82193595612142],[-127.04900765780087,49.82199156985597],[-127.04880014205632,49.82228496268956],[-127.04862856752348,49.82209266716174]]],[[[-126.70120455092312,49.590782553345164],[-126.7016224466201,49.590745578291084],[-126.70169432877606,49.590971969770514],[-126.70155512617133,49.590969167898],[-126.70120455092312,49.590782553345164]]],[[[-127.69500485759141,50.138893777622],[-127.69528684981053,50.138825481287235],[-127.69539354391759,50.13898778125671],[-127.69502774283295,50.139074656775094],[-127.69500485759141,50.138893777622]]],[[[-126.57865814213079,49.636797382820426],[-126.57893895104202,49.636713267344774],[-126.57902574010383,49.63692267595183],[-126.5788257450146,49.63704375999908],[-126.57865814213079,49.636797382820426]]],[[[-127.30169794671102,49.96288997207909],[-127.30200426284699,49.96285016772574],[-127.30212225192818,49.963068066952054],[-127.30184415585032,49.963099355970975],[-127.30169794671102,49.96288997207909]]],[[[-126.85895544416243,49.79026305276566],[-126.85922486526106,49.790151967735675],[-126.85946915364245,49.790254453632826],[-126.859033055166,49.790391157269966],[-126.85895544416243,49.79026305276566]]],[[[-127.11795794543097,49.84624017194027],[-127.1183051577385,49.84628147247886],[-127.11848924403286,49.84652786287311],[-127.11810564034329,49.84641387449866],[-127.11795794543097,49.84624017194027]]],[[[-127.46136334842267,50.04861606855675],[-127.46171744510306,50.0484678538877],[-127.46195004757487,50.048623160664995],[-127.46141753030835,50.04870577012127],[-127.46136334842267,50.04861606855675]]],[[[-127.25153014319004,49.97130136566613],[-127.25136624371036,49.9711732556631],[-127.2518997464981,49.97107356159745],[-127.2516849324012,49.97126867415478],[-127.25153014319004,49.97130136566613]]],[[[-127.5814904553942,50.05857406280379],[-127.5817603431784,50.058468665759875],[-127.58188126058445,50.058578370324845],[-127.58169324608001,50.0588104720983],[-127.5814904553942,50.05857406280379]]],[[[-127.24875524352727,49.9628045560346],[-127.24887234999227,49.96267206880798],[-127.24882435104503,49.963193372355],[-127.24867244859308,49.9631819567322],[-127.24875524352727,49.9628045560346]]],[[[-127.15538255114376,50.01909497804685],[-127.1557671300108,50.01892127023972],[-127.15594483672068,50.018996771482016],[-127.1555610658739,50.01918757014314],[-127.15538255114376,50.01909497804685]]],[[[-127.06429255816113,49.83578506127802],[-127.06443665198053,49.835662577065484],[-127.06461386151311,49.836113964423056],[-127.06452843803191,49.83613107316061],[-127.06429255816113,49.83578506127802]]],[[[-127.34956693988363,49.9771548659341],[-127.34987674980454,49.977069464620364],[-127.34993866833848,49.97729446943341],[-127.3497534309925,49.97736426497511],[-127.34956693988363,49.9771548659341]]],[[[-127.4338320533666,49.997931266024665],[-127.43407355161419,49.99785437709098],[-127.4343210556206,49.99794697855574],[-127.43427386651376,49.99812636977723],[-127.4338320533666,49.997931266024665]]],[[[-126.98118356094689,49.7966406668569],[-126.98129993598258,49.79655377716763],[-126.98167465313405,49.796874174590414],[-126.98125705879876,49.79687566156545],[-126.98118356094689,49.7966406668569]]],[[[-127.59383854225082,50.108877182342496],[-127.59341675008999,50.10893555257832],[-127.59332104871554,50.10885295891933],[-127.5938412599454,50.10871477323038],[-127.59383854225082,50.108877182342496]]],[[[-127.51246103802306,50.09828387083131],[-127.51283905086828,50.09823405186796],[-127.51295634585638,50.09849757478056],[-127.51251443588708,50.09835656000096],[-127.51246103802306,50.09828387083131]]],[[[-126.61990376753656,49.603882471192705],[-126.61999953917973,49.60361465623574],[-126.62041933808659,49.603560568864495],[-126.6204280473742,49.60364177684597],[-126.61990376753656,49.603882471192705]]],[[[-127.30125525839517,49.959978962479745],[-127.30145505211138,49.95989205355006],[-127.30164104940717,49.960101356765406],[-127.30144074413444,49.9602609713873],[-127.30125525839517,49.959978962479745]]],[[[-126.67636633023668,49.57938316976143],[-126.67670532703367,49.57923796753062],[-126.67684045858734,49.579311955013544],[-126.67677735439996,49.57950847689931],[-126.67636633023668,49.57938316976143]]],[[[-126.48901614803225,49.6902578622722],[-126.48947406150516,49.690257867427256],[-126.48954604824674,49.69045726752639],[-126.48937833943165,49.69047155385552],[-126.48901614803225,49.6902578622722]]],[[[-126.56620243085897,49.561536468769226],[-126.56641584183332,49.561423869830826],[-126.56667616222674,49.56147515863576],[-126.5663472479444,49.56169305005523],[-126.56620243085897,49.561536468769226]]],[[[-127.56356392824172,50.12506476440761],[-127.56384614255902,50.1249522602587],[-127.56389652698637,50.12516866914003],[-127.56358676013119,50.12525416198329],[-127.56356392824172,50.12506476440761]]],[[[-127.51078027421953,50.08439217086935],[-127.51086793666137,50.08426826324711],[-127.51109923523084,50.0844419705614],[-127.51078535225965,50.08466275709788],[-127.51078027421953,50.08439217086935]]],[[[-127.1917762703183,49.90101887265729],[-127.1920900265131,49.900922663574356],[-127.19222115000667,49.901176178982766],[-127.19213465725518,49.90124736811701],[-127.1917762703183,49.90101887265729]]],[[[-127.60019314181895,50.096173276899854],[-127.60054323300332,50.09614047378659],[-127.60067965559259,50.09631426647524],[-127.60025922474426,50.09633556632566],[-127.60019314181895,50.096173276899854]]],[[[-127.40833985630863,50.00259417020494],[-127.40863316680655,50.00254426550169],[-127.40868315060982,50.00273367148491],[-127.40833123847801,50.00281917428745],[-127.40833985630863,50.00259417020494]]],[[[-127.55267035481924,50.07247435607267],[-127.55322975599134,50.07245447314154],[-127.55332394936386,50.07256407729137],[-127.55273455151459,50.07260117848617],[-127.55267035481924,50.07247435607267]]],[[[-127.18895363131136,50.0529769668075],[-127.18926644407101,50.052828874187995],[-127.18946944261835,50.053012575039524],[-127.1894524380824,50.05309226693506],[-127.18895363131136,50.0529769668075]]],[[[-127.57162594288158,50.12491237079423],[-127.57192124934578,50.12489805187886],[-127.57202245468791,50.12523275595624],[-127.57173016893056,50.12515727257848],[-127.57162594288158,50.12491237079423]]],[[[-127.60774154303053,50.105442262909385],[-127.60833073933529,50.10533656376112],[-127.60849805433341,50.105393564554326],[-127.60805945572619,50.105523168314],[-127.60774154303053,50.105442262909385]]],[[[-127.51834285153048,50.09120846315984],[-127.5184444396264,50.091083059986545],[-127.51902855415922,50.09114576861814],[-127.51892764342149,50.09126968133666],[-127.51834285153048,50.09120846315984]]],[[[-126.97030176102646,49.82446727208911],[-126.970582261948,49.82455656229961],[-126.97029073124779,49.82483996859832],[-126.9702126573493,49.824730264177106],[-126.97030176102646,49.82446727208911]]],[[[-127.59003664791244,50.11972255796613],[-127.59037354926065,50.11965555918275],[-127.5905248331779,50.119738170965036],[-127.5901005607108,50.11989485586346],[-127.59003664791244,50.11972255796613]]],[[[-127.48223204267761,50.105726856544806],[-127.48248455311997,50.105694064855435],[-127.48259196382502,50.105847873514016],[-127.48219655775641,50.1059504533763],[-127.48223204267761,50.105726856544806]]],[[[-127.15898845695413,49.865042572686],[-127.15932483683251,49.86497566174458],[-127.15964054227962,49.86509807624305],[-127.15933125238577,49.86519206587936],[-127.15898845695413,49.865042572686]]],[[[-127.40475223731956,50.02622886674768],[-127.40510015067693,50.02621467543092],[-127.40526505148671,50.02634276704802],[-127.40509215806978,50.026458168652276],[-127.40475223731956,50.02622886674768]]],[[[-127.56036724835367,50.12203975331151],[-127.56080274587633,50.12192715602394],[-127.56089783876119,50.12204535801842],[-127.56065714245263,50.12216938303559],[-127.56036724835367,50.12203975331151]]],[[[-127.05324815370182,49.820155378610515],[-127.0535861399425,49.8201699797157],[-127.05367625933651,49.82031525756787],[-127.05340806192453,49.82041065984146],[-127.05324815370182,49.820155378610515]]],[[[-127.34594303098677,50.02300307122317],[-127.34581594990948,50.023028652081365],[-127.3456167313779,50.022773769635364],[-127.34608915813433,50.02281647324904],[-127.34594303098677,50.02300307122317]]],[[[-127.47273735969154,50.168571463828584],[-127.4729378294869,50.16839486899187],[-127.47323154412888,50.168443276681884],[-127.47314155271187,50.16863127310381],[-127.47273735969154,50.168571463828584]]],[[[-127.45440284754395,50.07179218224729],[-127.45475264048022,50.071779365166066],[-127.45473435254951,50.071940257830754],[-127.45440813488523,50.072061367638916],[-127.45440284754395,50.07179218224729]]],[[[-127.43470335649907,50.040325667187034],[-127.43501064727407,50.04028437531698],[-127.43509153871945,50.04040256960263],[-127.43484447499776,50.04066037001964],[-127.43470335649907,50.040325667187034]]],[[[-127.63320684713088,50.17277436493142],[-127.63354604092837,50.17259917816301],[-127.63369834699559,50.17269028267076],[-127.63351124408756,50.17286838118172],[-127.63320684713088,50.17277436493142]]],[[[-127.02981703995528,49.831330057184665],[-127.02995605465523,49.831294468177305],[-127.03024522961667,49.83139706473896],[-127.02961425352966,49.83151236346733],[-127.02981703995528,49.831330057184665]]],[[[-126.97793733839652,49.78954097641552],[-126.978273342227,49.789483981466475],[-126.97843326688984,49.78963917131682],[-126.97804056782567,49.789713265028176],[-126.97793733839652,49.78954097641552]]],[[[-127.60360915713545,50.10180886458197],[-127.6037521288233,50.10167496045755],[-127.60423934316599,50.1017803587417],[-127.60409713733524,50.10186866320334],[-127.60360915713545,50.10180886458197]]],[[[-127.5757529547765,50.06316286148271],[-127.57603233657836,50.063148675782024],[-127.57626214422963,50.063403558807366],[-127.57607886697863,50.063498963575384],[-127.5757529547765,50.06316286148271]]],[[[-127.26262195554109,49.95413537268255],[-127.26299643181298,49.954186668964475],[-127.26302066028171,49.954267874704854],[-127.26283415024746,49.95442598108626],[-127.26262195554109,49.95413537268255]]],[[[-127.51506283313003,50.129860064920585],[-127.51547104843031,50.12979316861616],[-127.51567765677858,50.12988566085147],[-127.51538194884917,50.13000815681262],[-127.51506283313003,50.129860064920585]]],[[[-127.78223312840163,50.08650566885172],[-127.78252716292423,50.08645446083415],[-127.78277236214522,50.086717872114505],[-127.78246554214861,50.0866794622703],[-127.78223312840163,50.08650566885172]]],[[[-127.3843494448232,49.99302486520295],[-127.38437036234993,49.99284537488132],[-127.38467473736132,49.99293936658872],[-127.38462494067831,49.99318156231873],[-127.3843494448232,49.99302486520295]]],[[[-126.97596504432585,49.79582168067652],[-126.97645253083786,49.79578466368896],[-126.97645945680728,49.79599265961986],[-126.9760152529698,49.79595695647179],[-126.97596504432585,49.79582168067652]]],[[[-127.52474453374009,50.083456466588046],[-127.52513945153592,50.08333536677488],[-127.52525073902794,50.08336386233012],[-127.52503285344682,50.08367576909038],[-127.52474453374009,50.083456466588046]]],[[[-126.57146436892714,49.64997836515087],[-126.57193865182224,49.649890075127225],[-126.57194713817205,49.64998976204271],[-126.57166454389144,49.6501179662257],[-126.57146436892714,49.64997836515087]]],[[[-126.97214495247411,49.75155155306214],[-126.97254905554034,49.751531676746424],[-126.9726219547872,49.751785161003035],[-126.97239875009348,49.75177237669489],[-126.97214495247411,49.75155155306214]]],[[[-126.93739185455487,49.84516346409337],[-126.93769794692682,49.84514205200891],[-126.93745833240253,49.8455251752598],[-126.93736543898687,49.84543266466269],[-126.93739185455487,49.84516346409337]]],[[[-127.00374573951126,49.87650458134165],[-127.00411665766553,49.876295268590766],[-127.00430945406792,49.87630804970172],[-127.00417694213158,49.87649465978211],[-127.00374573951126,49.87650458134165]]],[[[-126.99804693550257,49.80391406950941],[-126.9985242461415,49.80378735525575],[-126.99872924514288,49.80388987698047],[-126.99812493632102,49.80400526327845],[-126.99804693550257,49.80391406950941]]],[[[-127.18698026215581,49.896084668771636],[-127.18720355900163,49.8960703702025],[-127.18708744323254,49.896563183041756],[-127.18696475059203,49.89648056163215],[-127.18698026215581,49.896084668771636]]],[[[-126.66248575365626,49.580948378077125],[-126.66291634106959,49.58092137868883],[-126.66301656011319,49.581120771993206],[-126.66273785954968,49.58118767291032],[-126.66248575365626,49.580948378077125]]],[[[-127.32604005542153,50.0159987541615],[-127.32632415630145,50.01584925318708],[-127.32658923165376,50.0158990704036],[-127.32642853701729,50.01610276454279],[-127.32604005542153,50.0159987541615]]],[[[-126.56522116200809,49.54454135817455],[-126.56551835755157,49.54468235257398],[-126.56559364494514,49.54484606573682],[-126.5651835362178,49.5447649628286],[-126.56522116200809,49.54454135817455]]],[[[-127.68280353605208,50.138863862007994],[-127.6830604659026,50.138668774050856],[-127.68333807291499,50.13870867313994],[-127.68325032642569,50.13887816595564],[-127.68280353605208,50.138863862007994]]],[[[-126.98344115542965,49.798164569304845],[-126.98381873446961,49.798117572560294],[-126.98401045745419,49.79820157428187],[-126.9836662264297,49.79843796883559],[-126.98344115542965,49.798164569304845]]],[[[-127.64458035216862,50.12315207393623],[-127.64486236017434,50.12307366305976],[-127.64496743465963,50.12328306860754],[-127.64461553187803,50.123368463322414],[-127.64458035216862,50.12315207393623]]],[[[-127.51003465104678,50.1029837561167],[-127.51037264306791,50.10293397854409],[-127.51046546531951,50.1031247719375],[-127.5102111330063,50.10321027314586],[-127.51003465104678,50.1029837561167]]],[[[-127.61748355555098,50.108018369557286],[-127.617837036425,50.107924358366475],[-127.6180004589344,50.10807815954841],[-127.61753534816769,50.10815367794988],[-127.61748355555098,50.108018369557286]]],[[[-126.56794024818905,49.56748385850625],[-126.56806645044654,49.567432679275825],[-126.56827692905617,49.56764345866086],[-126.56791324909211,49.567744574979855],[-126.56794024818905,49.56748385850625]]],[[[-126.98425053779356,49.7957319551437],[-126.98440045635623,49.79550975833076],[-126.9846583673825,49.7956493690041],[-126.98457863610842,49.795881556894045],[-126.98425053779356,49.7957319551437]]],[[[-127.16816823035799,50.07677406110373],[-127.16822546305411,50.07671286864619],[-127.16872656782837,50.07675696432443],[-127.16835444143014,50.076984860101646],[-127.16816823035799,50.07677406110373]]],[[[-127.64587964337356,50.129679161926056],[-127.6461078534864,50.12953815811561],[-127.64645304882853,50.12964925375571],[-127.6461843474086,50.12977175343157],[-127.64587964337356,50.129679161926056]]],[[[-127.38370075451493,49.99658675367052],[-127.38397522708685,49.99672636427118],[-127.38352244842353,49.99688167199149],[-127.38362654073472,49.99668507346366],[-127.38370075451493,49.99658675367052]]],[[[-126.67168174164283,49.576977664694105],[-126.67164946097256,49.576769774945305],[-126.67207565358795,49.57683245857838],[-126.67188405739753,49.577071673229916],[-126.67168174164283,49.576977664694105]]],[[[-126.51862402681935,49.64937026382884],[-126.5189068338673,49.64924207191012],[-126.51920913650933,49.64931186762403],[-126.51878254053777,49.64949136451793],[-126.51862402681935,49.64937026382884]]],[[[-127.11960714950587,49.846779951814355],[-127.1196698590502,49.846618955866944],[-127.12004914253109,49.84650788224049],[-127.11985564660259,49.84683827030886],[-127.11960714950587,49.846779951814355]]],[[[-127.34522005426881,50.0103289622123],[-127.34554195688386,50.01026065875031],[-127.34568826077899,50.01052416771554],[-127.34561456418005,50.01063096101752],[-127.34522005426881,50.0103289622123]]],[[[-126.8862491513276,49.75952425467609],[-126.88652322996455,49.75956416638078],[-126.88656585577895,49.759880371938515],[-126.88638633513457,49.75987746072125],[-126.8862491513276,49.75952425467609]]],[[[-127.48687382846947,50.06316286683495],[-127.48676486754208,50.06306176959368],[-127.48762275999535,50.06289377639911],[-127.48743585887586,50.06308886708973],[-127.48687382846947,50.06316286683495]]],[[[-127.29466124775303,49.99154366318981],[-127.29492786168393,49.99147537678806],[-127.2949723630187,49.991818567469714],[-127.29480236727132,49.99186987037993],[-127.29466124775303,49.99154366318981]]],[[[-126.61156356847032,49.61278876958548],[-126.61176884398266,49.61260287064537],[-126.61203863122186,49.61272537021574],[-126.61192055111488,49.61289487390406],[-126.61156356847032,49.61278876958548]]],[[[-127.30275625038742,49.959731166929366],[-127.30309566184566,49.959591576782145],[-127.30306963841232,49.95993337723418],[-127.30281777381266,49.95995617044899],[-127.30275625038742,49.959731166929366]]],[[[-127.38611756091883,49.9940217676263],[-127.38631463545345,49.99391646180321],[-127.38652365925611,49.99398197212711],[-127.38624824923873,49.994256761776455],[-127.38611756091883,49.9940217676263]]],[[[-126.95589994768925,49.74891836023321],[-126.95605592882421,49.74886696113012],[-126.95620254106589,49.749030764912995],[-126.95569703637833,49.749166060532666],[-126.95589994768925,49.74891836023321]]],[[[-127.60280445218261,50.10255367679225],[-127.60309003828226,50.10235995831202],[-127.60335345952755,50.10242546968896],[-127.60320875499734,50.102567967487786],[-127.60280445218261,50.10255367679225]]],[[[-127.51701825556823,50.13042547168412],[-127.51728825190466,50.13033006361005],[-127.51736644255793,50.13051946978602],[-127.51705405950905,50.13065905434776],[-127.51701825556823,50.13042547168412]]],[[[-127.73497587140737,50.11822237218992],[-127.73507374583427,50.11811036356917],[-127.73554545669349,50.11825136750589],[-127.73523485014276,50.11837376487712],[-127.73497587140737,50.11822237218992]]],[[[-127.307925932546,49.962603768421985],[-127.30808722873827,49.96239016283011],[-127.30781424237065,49.963025278347196],[-127.30780323484143,49.96294416656519],[-127.307925932546,49.962603768421985]]],[[[-127.60540545716555,50.10499617606077],[-127.60579953685618,50.10491076287521],[-127.60594593355887,50.10510156618505],[-127.60562307550944,50.10514287102888],[-127.60540545716555,50.10499617606077]]],[[[-127.06259654440447,49.810031057322355],[-127.06280875554076,49.80990007047037],[-127.06321074721016,49.80995985881004],[-127.06281494310107,49.81013355751227],[-127.06259654440447,49.810031057322355]]],[[[-127.64671963662931,50.13456416861259],[-127.6469872233835,50.134557064551736],[-127.64676664585632,50.134941672583054],[-127.64662894780481,50.13487756781976],[-127.64671963662931,50.13456416861259]]],[[[-127.64238875951831,50.10118077727807],[-127.64278214557267,50.101175062360745],[-127.64297314956505,50.10132177826617],[-127.64267614451822,50.10140866683401],[-127.64238875951831,50.10118077727807]]],[[[-126.87602013520292,49.85052276217594],[-126.8764000529188,49.85043015676432],[-126.8764994519902,49.85068506322566],[-126.87608346326171,49.85066807377248],[-126.87602013520292,49.85052276217594]]],[[[-127.55442785007935,50.1222724712866],[-127.5546630463552,50.12233735567402],[-127.55431934682586,50.122629375970824],[-127.55423987086874,50.12246696533965],[-127.55442785007935,50.1222724712866]]],[[[-127.52327614102568,50.088492475937784],[-127.52357206845774,50.08843266939049],[-127.52370692713767,50.088623466814276],[-127.52338105239788,50.08870036339328],[-127.52327614102568,50.088492475937784]]],[[[-127.1826068327885,50.01607995974444],[-127.18293294785427,50.01593185627219],[-127.18318305429524,50.016008757017445],[-127.18288225417379,50.01617396134999],[-127.1826068327885,50.01607995974444]]],[[[-127.31605504993426,50.04205605271895],[-127.31629503400343,50.04204046538814],[-127.31662284104758,50.04225267909152],[-127.31645084013276,50.04232247484387],[-127.31605504993426,50.04205605271895]]],[[[-127.3615488434068,49.99684317014963],[-127.36185876419242,49.99675776140807],[-127.3618745283969,49.997053966896296],[-127.36169164435498,49.9971237585692],[-127.3615488434068,49.99684317014963]]],[[[-127.31569466545216,50.0415832604024],[-127.31594642730235,50.04160466573271],[-127.31590763675473,50.0419094764635],[-127.31569723892325,50.04195217295464],[-127.31569466545216,50.0415832604024]]],[[[-127.60171666315539,50.11688696863846],[-127.60196935576758,50.116800050126585],[-127.60210122955051,50.117072070999036],[-127.60180715434046,50.11711337870374],[-127.60171666315539,50.11688696863846]]],[[[-127.42592016638888,50.00221386377453],[-127.42614956397395,50.002081363173694],[-127.42644004912862,50.002148353316926],[-127.42579214805208,50.002337781648095],[-127.42592016638888,50.00221386377453]]],[[[-126.97789885508662,49.821787871793305],[-126.97814114096418,49.821631259780354],[-126.97827516212128,49.82177647128211],[-126.97795864188654,49.82200575706085],[-126.97789885508662,49.821787871793305]]],[[[-126.93878004375034,49.90926995379665],[-126.93883895214633,49.90950495106635],[-126.93847415421016,49.90960747685492],[-126.93846515491428,49.90945366693744],[-126.93878004375034,49.90926995379665]]],[[[-127.26166614832493,49.94927317733634],[-127.26178383164198,49.94913926328428],[-127.26207076774797,49.94927887229841],[-127.26182455025113,49.94953666477883],[-127.26166614832493,49.94927317733634]]],[[[-127.61036404306496,50.10948106356211],[-127.6107172705269,50.10935856938359],[-127.61088464194373,50.10940558456322],[-127.61045746584317,50.10966196577034],[-127.61036404306496,50.10948106356211]]],[[[-127.47685256040438,50.08884567440752],[-127.47709202240995,50.08875876321928],[-127.47753334884807,50.08895386082246],[-127.47694545961014,50.088972461468316],[-127.47685256040438,50.08884567440752]]],[[[-127.61114195876308,50.11260146442982],[-127.61140954823699,50.11250606416249],[-127.6115919571461,50.11254455616255],[-127.6114450421712,50.11278516932963],[-127.61114195876308,50.11260146442982]]],[[[-127.0525321533969,49.82143897495538],[-127.05280324073857,49.821290879952016],[-127.05289516008567,49.82140906168627],[-127.05263507024173,49.82169246686115],[-127.0525321533969,49.82143897495538]]],[[[-127.345146142289,49.97225278193685],[-127.34512203519087,49.97210896598748],[-127.34573565028677,49.97209896492572],[-127.34557906210017,49.972231375912],[-127.345146142289,49.97225278193685]]],[[[-127.5575070753468,50.09476897176093],[-127.55767585494786,50.094734757722016],[-127.55810434540278,50.09491997434363],[-127.55775015658777,50.09500536171131],[-127.5575070753468,50.09476897176093]]],[[[-127.51625125219839,50.13040697437577],[-127.51663313337804,50.13023177111176],[-127.5167578408004,50.13030437485018],[-127.51658276085008,50.13052795578876],[-127.51625125219839,50.13040697437577]]],[[[-127.3602316575116,50.02362826992507],[-127.36047285063543,50.02354285666443],[-127.36065434070474,50.02391318205498],[-127.36043234280308,50.023918774371765],[-127.3602316575116,50.02362826992507]]],[[[-126.58321706707906,49.554741469850036],[-126.58338673318494,49.55467316660119],[-126.58356805120889,49.55489386507961],[-126.5831769379349,49.55497505923589],[-126.58321706707906,49.554741469850036]]],[[[-127.62931114877637,50.12388126831274],[-127.62948055299569,50.12381145555863],[-127.62989835339596,50.123869864443705],[-127.62950183297217,50.12405357152223],[-127.62931114877637,50.12388126831274]]],[[[-127.41904416544011,49.98977906399586],[-127.41924004978922,49.98978196898787],[-127.41915654023288,49.9902220581735],[-127.41889463801972,49.99008386603134],[-127.41904416544011,49.98977906399586]]],[[[-126.99863514040901,49.80448235707695],[-126.99920595014298,49.80446526124884],[-126.99929905705706,49.80454785674672],[-126.99872525533817,49.804654677424764],[-126.99863514040901,49.80448235707695]]],[[[-127.68513702661498,50.14256966357037],[-127.68554565344282,50.142447164787896],[-127.68579436844345,50.14254116620856],[-127.68552464431696,50.14269077874101],[-127.68513702661498,50.14256966357037]]],[[[-127.38778976170072,49.99991806059448],[-127.38818216480459,49.99986956776225],[-127.38829805145929,50.00014166986168],[-127.38781325331321,50.00004477333254],[-127.38778976170072,49.99991806059448]]],[[[-127.58548335498311,50.12039387061498],[-127.58565375333991,50.120334970459666],[-127.58595992670669,50.12037486406256],[-127.58560366008939,50.120587055343286],[-127.58548335498311,50.12039387061498]]],[[[-127.54456445328861,50.1033498721747],[-127.54482183796783,50.10320886031246],[-127.54497163553847,50.103328476654355],[-127.5445742431141,50.103547779416125],[-127.54456445328861,50.1033498721747]]],[[[-127.37886022726576,49.99609686287982],[-127.37908703981493,49.996018580407366],[-127.37942805421166,49.996239261238195],[-127.37898324580435,49.996233558941555],[-127.37886022726576,49.99609686287982]]],[[[-127.39230492939797,50.00298576655633],[-127.3926251408948,50.00301705648469],[-127.39258805626505,50.003313356759854],[-127.39243465569042,50.00332907867365],[-127.39230492939797,50.00298576655633]]],[[[-127.71868315924387,50.12268917763449],[-127.71898004996395,50.122602281703735],[-127.71895684404444,50.12288998161618],[-127.7186626359808,50.12294127407196],[-127.71868315924387,50.12268917763449]]],[[[-127.46276694581165,50.04795946109097],[-127.4624719540966,50.0480463509805],[-127.46229052724053,50.04801646792662],[-127.4626773635538,50.04772446308872],[-127.46276694581165,50.04795946109097]]],[[[-126.61800104383134,49.58898237757721],[-126.6182292573306,49.58885277431241],[-126.61850786107766,49.58907346701861],[-126.6182703543523,49.58912336516689],[-126.61800104383134,49.58898237757721]]],[[[-127.36989236663084,50.00055897122749],[-127.3701953399961,50.000679969039474],[-127.37002125515826,50.000893662411386],[-127.3697598553055,50.000764077812306],[-127.36989236663084,50.00055897122749]]],[[[-127.00064913545727,49.8466688773512],[-127.00071785994201,49.84632847358519],[-127.00095464885239,49.846304266254116],[-127.00103984574145,49.84659476466342],[-127.00064913545727,49.8466688773512]]],[[[-126.98375345690062,49.81908476209106],[-126.98397682615217,49.81906056107527],[-126.98425006080126,49.81919156228379],[-126.9840358592251,49.81933116896342],[-126.98375345690062,49.81908476209106]]],[[[-127.35827235356717,50.02456397714503],[-127.35865316886505,50.024478570406686],[-127.35899416564394,50.02469076935088],[-127.35880976084282,50.02478756627114],[-127.35827235356717,50.02456397714503]]],[[[-127.43509105263334,50.00218535267073],[-127.43545755883117,50.002072855298216],[-127.43560734116578,50.002146970273984],[-127.43553183123656,50.00233496057467],[-127.43509105263334,50.00218535267073]]],[[[-127.5493127478388,50.12025517835467],[-127.54966425297816,50.12016115312199],[-127.54980394723904,50.12022526282339],[-127.54955845761525,50.120447452589744],[-127.5493127478388,50.12025517835467]]],[[[-127.6469576646672,50.13661647239294],[-127.64760214869773,50.1365523641363],[-127.64769755434926,50.13667066083407],[-127.64710912703987,50.13670906463474],[-127.6469576646672,50.13661647239294]]],[[[-127.05513265387347,49.827338074180204],[-127.05563694769617,49.82727538045009],[-127.05571385674607,49.827420677405144],[-127.05540475519393,49.82750467060296],[-127.05513265387347,49.827338074180204]]],[[[-127.51396854479557,50.10485305532213],[-127.51414553566134,50.104870871394915],[-127.5142480630743,50.10513297051235],[-127.51381435256557,50.105110150823876],[-127.51396854479557,50.10485305532213]]],[[[-127.58716465683088,50.07137915237019],[-127.58739116614102,50.07130086660552],[-127.58775765808507,50.07166545518602],[-127.58729865958249,50.07154296440537],[-127.58716465683088,50.07137915237019]]],[[[-127.64231193492097,50.12071517398141],[-127.64241424126952,50.120572780144236],[-127.64287585251887,50.120622671806856],[-127.64275853095553,50.1207835621663],[-127.64231193492097,50.12071517398141]]],[[[-126.65135435471078,49.78103126618791],[-126.6514845604263,49.78094437305612],[-126.6517921469991,49.781175150887954],[-126.65142563006314,49.78127626582371],[-126.65135435471078,49.78103126618791]]],[[[-127.68292806400709,50.13122866554854],[-127.68320944873399,50.13120596958057],[-127.6831993737657,50.131601870412595],[-127.6829774443655,50.131517861199626],[-127.68292806400709,50.13122866554854]]],[[[-126.90726593662177,49.83283125585879],[-126.90763894230804,49.83286397689541],[-126.9077151415222,49.83301917921485],[-126.90740602878127,49.83311176973929],[-126.90726593662177,49.83283125585879]]],[[[-127.57027665035012,50.1129603793581],[-127.57057263940467,50.112856479059715],[-127.57093053724222,50.113031569824045],[-127.57066235582613,50.11310847473602],[-127.57027665035012,50.1129603793581]]],[[[-127.03047224097818,49.83228287186622],[-127.03076895059678,49.832215957061365],[-127.03096924169223,49.8324082585436],[-127.03061766263751,49.83248365887194],[-127.03047224097818,49.83228287186622]]],[[[-127.51741775767003,50.09849035429571],[-127.51702236474819,50.098602964789286],[-127.51694445396869,50.09841346055922],[-127.51756413520805,50.09827677452089],[-127.51741775767003,50.09849035429571]]],[[[-127.25519967295908,49.98971496863114],[-127.25522107250904,49.98953557056649],[-127.25562405086211,49.989559781044164],[-127.2555454453813,49.989828974508505],[-127.25519967295908,49.98971496863114]]],[[[-127.58811022950302,50.0729472686378],[-127.58840395378341,50.072960051494576],[-127.58860856064706,50.07310527000143],[-127.58814694619942,50.07316367217954],[-127.58811022950302,50.0729472686378]]],[[[-127.28693304284589,50.04959878192681],[-127.2873698435562,50.04947907837215],[-127.28764724348933,50.04954606567829],[-127.28716605863536,50.04971837739804],[-127.28693304284589,50.04959878192681]]],[[[-127.03829806460581,49.82002895949165],[-127.03864843684097,49.819927866784546],[-127.03881925620614,49.820172873732055],[-127.03844343476237,49.820229775531686],[-127.03829806460581,49.82002895949165]]],[[[-127.40645442972779,50.00643666237359],[-127.40685895832952,50.006405270865386],[-127.40696424629719,50.00660465924066],[-127.40662686022625,50.00667306798751],[-127.40645442972779,50.00643666237359]]],[[[-127.40119345559046,49.99125315568211],[-127.40143524824826,49.99110356815348],[-127.4016819325816,49.991260264750494],[-127.40131276866227,49.99141697255478],[-127.40119345559046,49.99125315568211]]],[[[-127.32152595136651,49.964483669912674],[-127.3219026650746,49.96443527077198],[-127.3219108703065,49.96464177214329],[-127.32157376037318,49.96470015918689],[-127.32152595136651,49.964483669912674]]],[[[-127.34329913665641,50.024781877153025],[-127.34352635621052,50.02465937602919],[-127.3439598324578,50.02466657191097],[-127.34318414314933,50.024853075055304],[-127.34329913665641,50.024781877153025]]],[[[-126.48975275394243,49.65928276634376],[-126.4900096681234,49.659117567154105],[-126.49039507210206,49.659161670720444],[-126.49001003790818,49.65936815687983],[-126.48975275394243,49.65928276634376]]],[[[-126.98379963022485,49.818653164017974],[-126.98394435153193,49.81852076086436],[-126.9842638280734,49.8185264678159],[-126.98399964130226,49.81884545971558],[-126.98379963022485,49.818653164017974]]],[[[-125.44102704796634,50.32788496848702],[-125.44131462454922,50.32769986046263],[-125.44153394873967,50.327874968405055],[-125.4411627502332,50.328025969794034],[-125.44102704796634,50.32788496848702]]],[[[-126.57325884892782,49.54976536266112],[-126.57340024179632,49.5497054747829],[-126.57372706448484,49.55005446627471],[-126.57353114956119,49.55013137501525],[-126.57325884892782,49.54976536266112]]],[[[-127.35458325418364,50.03079775398124],[-127.3549478515517,50.030776354618695],[-127.35504275293594,50.03085896726813],[-127.35450745446938,50.03099567782521],[-127.35458325418364,50.03079775398124]]],[[[-126.95418303216728,49.812826762613234],[-126.95437424384532,49.812568972471176],[-126.95456545580011,49.8129506777763],[-126.95434274076817,49.81297346763504],[-126.95418303216728,49.812826762613234]]],[[[-127.38353804370946,50.013054982734616],[-127.38387824459703,50.01293247208753],[-127.38401596342615,50.0129894610385],[-127.38385154761903,50.01329276273003],[-127.38353804370946,50.013054982734616]]],[[[-127.0306719261012,49.85203096258365],[-127.03048916015369,49.852109266469895],[-127.030292036157,49.85211495949383],[-127.03047145310066,49.851838651509105],[-127.03099354024637,49.85200966997612],[-127.0306719261012,49.85203096258365]]],[[[-126.93097874868859,49.967843361240405],[-126.93126713656955,49.96798296750702],[-126.93123677086243,49.968333367369844],[-126.93098654966313,49.96799576571204],[-126.93097874868859,49.967843361240405]]],[[[-126.99440225194766,49.80937446545466],[-126.99442163857567,49.80920357014213],[-126.9948545310025,49.80915656932811],[-126.99462043685368,49.809458459331175],[-126.99440225194766,49.80937446545466]]],[[[-127.46695564215781,49.994560164250274],[-127.4673348487145,49.994439072698576],[-127.46746804536498,49.99462138010928],[-127.46704824815018,49.99470546837342],[-127.46695564215781,49.994560164250274]]],[[[-127.4177799528862,49.99258617789513],[-127.41765255419786,49.99224296593938],[-127.41805582952014,49.99225716609698],[-127.41809343126849,49.99241105947441],[-127.4177799528862,49.99258617789513]]],[[[-127.43073456853284,50.002243771639996],[-127.43115624838751,50.0021412529414],[-127.43119025972263,50.00238476373333],[-127.43085475933171,50.0024061701012],[-127.43073456853284,50.002243771639996]]],[[[-127.0723694535876,49.84106765715617],[-127.07276204590565,49.84105317172993],[-127.07316013838468,49.84116856311465],[-127.07249034959665,49.84120276499042],[-127.0723694535876,49.84106765715617]]],[[[-126.90595523423524,49.845149164825216],[-126.9056517477964,49.84505375290258],[-126.90638253749256,49.84486866039331],[-126.90629604983522,49.844948355093145],[-126.90595523423524,49.845149164825216]]],[[[-127.19828365238268,49.91040075537973],[-127.19864823882548,49.9103352584678],[-127.1986778579826,49.910650055826295],[-127.19844253471352,49.91061866068714],[-127.19828365238268,49.91040075537973]]],[[[-127.52674885718953,50.01166915320864],[-127.52683634590814,50.01152676983106],[-127.52731245184603,50.01153246111464],[-127.527136443177,50.011800262802794],[-127.52674885718953,50.01166915320864]]],[[[-127.30639985485395,49.961213758862286],[-127.30653063613316,49.96103705645336],[-127.30684674022227,49.96116676438881],[-127.30661756467563,49.961378973837896],[-127.30639985485395,49.961213758862286]]],[[[-127.17761664287856,50.0169914679691],[-127.17764735879156,50.01690176013886],[-127.17804324899961,50.01681767322206],[-127.17796123276209,50.01712246808382],[-127.17761664287856,50.0169914679691]]],[[[-127.06032274812769,49.84600947812727],[-127.06075575960745,49.84596247000014],[-127.06102685053266,49.84618316654764],[-127.06048513767458,49.846137561200756],[-127.06032274812769,49.84600947812727]]],[[[-127.79118447317482,50.08074337217976],[-127.79151926060632,50.08073906998182],[-127.79155533994876,50.08101817779154],[-127.79132973801,50.08105096317506],[-127.79118447317482,50.08074337217976]]],[[[-126.98553435819464,49.809004175265905],[-126.98604044524153,49.808895956094666],[-126.98611553390175,49.80907686665166],[-126.98583434017478,49.80918076989099],[-126.98553435819464,49.809004175265905]]],[[[-127.63189244924445,50.12798577538504],[-127.6320657391275,50.12785337901665],[-127.63226054981914,50.127864771824555],[-127.63218142918632,50.128186566221544],[-127.63189244924445,50.12798577538504]]],[[[-127.32447216419972,50.008141466177044],[-127.32458653187634,50.00806166842211],[-127.32483535068951,50.008084453282954],[-127.32450276250283,50.00843906691145],[-127.32447216419972,50.008141466177044]]],[[[-127.44131525041165,50.05046176390968],[-127.4407535322984,50.05058855883972],[-127.44062954307117,50.05050597537848],[-127.44081844311899,50.05030227141821],[-127.44131525041165,50.05046176390968]]],[[[-127.25801375477869,49.98714007374583],[-127.2582940452171,49.98710868051473],[-127.25849583725655,49.98731805856944],[-127.2580078484562,49.9873194567683],[-127.25801375477869,49.98714007374583]]],[[[-127.37569086985852,50.0102549652477],[-127.37594155444556,50.01025925553668],[-127.3755239563749,50.01063097897155],[-127.3755165648547,50.01045006246132],[-127.37569086985852,50.0102549652477]]],[[[-126.97934873929037,49.81303468089095],[-126.97961855413192,49.812903661662965],[-126.98016594672295,49.81308456340889],[-126.97987143929281,49.81315146434328],[-126.97934873929037,49.81303468089095]]],[[[-126.96623883841096,49.79580467287537],[-126.9663937586604,49.79574335929037],[-126.96683495241886,49.795850164346966],[-126.9667585682667,49.79601966364869],[-126.96623883841096,49.79580467287537]]],[[[-127.60283133896469,50.11993187309833],[-127.60322263878949,50.119882064267564],[-127.60334544922421,50.12003727303964],[-127.60292134515636,50.12013986185163],[-127.60283133896469,50.11993187309833]]],[[[-127.17524483092109,50.09540556403267],[-127.1757809335037,50.09530725839383],[-127.17591495618156,50.09542547783634],[-127.17538074497128,50.09553377374278],[-127.17524483092109,50.09540556403267]]],[[[-127.63528845503782,50.09715737078199],[-127.63568134850625,50.09709897330673],[-127.63592585460606,50.09736246664417],[-127.63534147333628,50.09726557054017],[-127.63528845503782,50.09715737078199]]],[[[-127.56394805896615,50.12483547677194],[-127.56445504805741,50.12470726049723],[-127.56467676442959,50.12479126179587],[-127.56449166468937,50.12491515895818],[-127.56394805896615,50.12483547677194]]],[[[-127.55421096530404,50.07144185986676],[-127.55391284378216,50.07153588059936],[-127.55383503772461,50.07134636246038],[-127.55446533526542,50.0713364753461],[-127.55421096530404,50.07144185986676]]],[[[-127.27700593351989,50.03970186018676],[-127.27669934608554,50.039679077919295],[-127.27739364693716,50.03941987885831],[-127.27719044977248,50.03960505711847],[-127.27700593351989,50.03970186018676]]],[[[-127.34201596447323,50.01904376331057],[-127.34215873112709,50.01895547382671],[-127.34243733674595,50.01899535910102],[-127.3421894425266,50.019315757062564],[-127.34201596447323,50.01904376331057]]],[[[-127.51097555137706,50.087561079065416],[-127.51102115016151,50.08742717733575],[-127.51152345169999,50.08745987365154],[-127.51123784010262,50.08767216466667],[-127.51097555137706,50.087561079065416]]],[[[-126.97100944334456,49.86015896939072],[-126.97127935558926,49.860046478559184],[-126.97127885158253,49.86039675091216],[-126.9709751686842,49.86033837207047],[-126.97100944334456,49.86015896939072]]],[[[-127.57262733548184,50.05691776845545],[-127.57293556546901,50.05690347291222],[-127.57313595012673,50.05713996630383],[-127.57285504706037,50.05723538310367],[-127.57262733548184,50.05691776845545]]],[[[-127.23717655508577,49.94999237403198],[-127.23747334834721,49.94989696488787],[-127.23767253913928,49.95012485898453],[-127.2374733446484,49.95023876885327],[-127.23717655508577,49.94999237403198]]],[[[-127.06515834387,49.8474170723738],[-127.06537444612708,49.84736246129566],[-127.06597854943362,49.84757035368622],[-127.06553214062413,49.84759886348018],[-127.06515834387,49.8474170723738]]],[[[-126.63935153624044,49.72756937334876],[-126.63942773534764,49.72744396569569],[-126.63963453642877,49.727458273591424],[-126.639267753673,49.72785556875097],[-126.63935153624044,49.72756937334876]]],[[[-127.59512963849421,50.10582507954407],[-127.5954261537065,50.10572965549388],[-127.59592803389887,50.10576386054996],[-127.595503857117,50.10591056268405],[-127.59512963849421,50.10582507954407]]],[[[-127.30376485712777,49.96310306017312],[-127.30385654417344,49.96337138096804],[-127.3034608553033,49.96346536011377],[-127.30353884157815,49.963268878837766],[-127.30376485712777,49.96310306017312]]],[[[-126.56184464939619,49.619262451874555],[-126.5622078639284,49.619189869918216],[-126.56220753875574,49.61950457513956],[-126.56195543589068,49.619534459992785],[-126.56184464939619,49.619262451874555]]],[[[-126.61415952238275,49.5995166618785],[-126.61461953234311,49.59957277372902],[-126.61469283001571,49.599782161811255],[-126.61428192528776,49.5996923603302],[-126.61415952238275,49.5995166618785]]],[[[-127.35859094626392,50.01194838007809],[-127.3585658416877,50.011858568557045],[-127.35963204659623,50.01216057259012],[-127.35912955242301,50.01214487527227],[-127.35859094626392,50.01194838007809]]],[[[-127.41654504915874,49.99916315569746],[-127.41686883977289,49.999104756044844],[-127.41688775797518,49.99935687326299],[-127.41660634888515,49.99943376710465],[-127.41654504915874,49.99916315569746]]],[[[-127.86956405350007,50.09226376481782],[-127.86984295821492,50.09223095235934],[-127.87016165321263,50.09239626872077],[-127.86961495822666,50.09246175284635],[-127.86956405350007,50.09226376481782]]],[[[-127.57282212491833,50.126122964579075],[-127.57320075104003,50.126091568792475],[-127.57333573177162,50.126219768786555],[-127.57296855340086,50.126367874166746],[-127.57282212491833,50.126122964579075]]],[[[-127.51610836830758,50.09061307186179],[-127.51646393460074,50.090456468882486],[-127.51699264425376,50.09054338280411],[-127.51648466068043,50.09065446606329],[-127.51610836830758,50.09061307186179]]],[[[-126.9562333533305,49.80903125699222],[-126.95647277123342,49.808945769165426],[-126.95670784646256,49.808994255015925],[-126.95633183753232,49.809301875758756],[-126.9562333533305,49.80903125699222]]],[[[-127.31819512954881,49.99880427062473],[-127.31778534749202,49.99856506971496],[-127.31773405018713,49.998465366988164],[-127.31838383489239,49.99863627781838],[-127.31819512954881,49.99880427062473]]],[[[-127.1874998557442,49.89412347254679],[-127.18784826633839,49.894073672907595],[-127.18784054199996,49.89432576438373],[-127.18750505160423,49.89433856693879],[-127.1874998557442,49.89412347254679]]],[[[-127.08158364729073,49.83144976806127],[-127.08170764510615,49.831154958412526],[-127.08202113532121,49.83130447240568],[-127.08170905243895,49.83148817633714],[-127.08158364729073,49.83144976806127]]],[[[-127.51397315437323,50.09140495748371],[-127.51432516153092,50.09131956628054],[-127.5145438332364,50.09150186097459],[-127.51431696163735,50.09163426242227],[-127.51397315437323,50.09140495748371]]],[[[-126.5471857365399,49.62828195860848],[-126.5473969387452,49.628196573119],[-126.54754745095913,49.628234968461086],[-126.54704653994818,49.628548375439756],[-126.5471857365399,49.62828195860848]]],[[[-127.68202934903094,50.137488179798325],[-127.68236523694914,50.13748246731874],[-127.6822714475846,50.13783277819869],[-127.68210374353164,50.13783986764529],[-127.68202934903094,50.137488179798325]]],[[[-127.47516834995938,50.172714481253614],[-127.47550636302869,50.17264617377822],[-127.47521172535298,50.17308336503806],[-127.47507255524698,50.17302785324175],[-127.47516834995938,50.172714481253614]]],[[[-127.4392582540605,50.04670185501593],[-127.4397629533862,50.046636366552434],[-127.44001306059907,50.04667626321767],[-127.43989545996702,50.04683577486397],[-127.4392582540605,50.04670185501593]]],[[[-127.61194885328621,50.10501186331447],[-127.61225925217839,50.104924951749744],[-127.61259365773168,50.10495636811178],[-127.6123934564759,50.10514285626927],[-127.61194885328621,50.10501186331447]]],[[[-127.54533655629605,50.068677462216996],[-127.54564636507932,50.068582062377516],[-127.54586363718569,50.06879137433098],[-127.54556633686565,50.06892237707832],[-127.54533655629605,50.068677462216996]]],[[[-127.52747434727941,50.09843916218616],[-127.52764265193747,50.098396466452],[-127.52798315394698,50.09865276312602],[-127.52768754419876,50.09876526749994],[-127.52747434727941,50.09843916218616]]],[[[-127.52460382498661,50.083030663880564],[-127.52481912741356,50.082889668220126],[-127.52508222840139,50.082920968981135],[-127.52476482324975,50.0832855624294],[-127.52460382498661,50.083030663880564]]],[[[-126.997076365193,49.8038157677629],[-126.9976240309727,49.803717563573954],[-126.99774224842226,49.80389126358454],[-126.9975026283208,49.80396816868332],[-126.997076365193,49.8038157677629]]],[[[-127.39777325124518,50.0278410549429],[-127.3979433431843,50.02777986732144],[-127.39839836093802,50.0279037564834],[-127.39812875216906,50.02807036313451],[-127.39777325124518,50.0278410549429]]],[[[-127.35814145497248,50.022259554390835],[-127.35829924131131,50.02216275927788],[-127.3585882529508,50.02231946793833],[-127.35791566318068,50.022355061508286],[-127.35814145497248,50.022259554390835]]],[[[-127.00159735238863,49.878293354948944],[-127.00189163581506,49.87821797629672],[-127.0019944543806,49.87846285387414],[-127.0016682377634,49.878582560092724],[-127.00159735238863,49.878293354948944]]],[[[-127.59367675309238,50.10622247412343],[-127.59335744895735,50.1061725710221],[-127.59399315064157,50.10595617746323],[-127.59391793599889,50.10610706111842],[-127.59367675309238,50.10622247412343]]],[[[-127.3236010550656,49.96375736268228],[-127.32397775847012,49.963708956213694],[-127.32392684002258,49.96402366146661],[-127.32364725289126,49.96401086703007],[-127.3236010550656,49.96375736268228]]],[[[-127.71877295152571,50.11881385955854],[-127.71910974635482,50.11873697834337],[-127.71920635171017,50.11881816107228],[-127.7188906633442,50.11908447528576],[-127.71877295152571,50.11881385955854]]],[[[-127.40096194244136,50.005406980806704],[-127.40132364856302,50.00542977656679],[-127.40146714326458,50.00572876656888],[-127.40109123433551,50.005678974718506],[-127.40096194244136,50.005406980806704]]],[[[-127.57274374082063,50.11694816135762],[-127.57320887139717,50.11688266687036],[-127.57338846972412,50.1169467671019],[-127.57302004295794,50.11713188092874],[-127.57274374082063,50.11694816135762]]],[[[-127.38072245384622,49.99801246658692],[-127.38105983606012,49.99794407805769],[-127.38116235849884,49.998216075416615],[-127.38090744557326,49.99829296695908],[-127.38072245384622,49.99801246658692]]],[[[-126.56343636498559,49.542734871135636],[-126.56364056114502,49.542681267939614],[-126.563893827701,49.54289356904269],[-126.56336356240088,49.54299886218354],[-126.56343636498559,49.542734871135636]]],[[[-127.33646274944306,49.95509246472472],[-127.33683703504099,49.955177961669456],[-127.3369640421554,49.9554955818958],[-127.3365393292484,49.955308966172595],[-127.33646274944306,49.95509246472472]]],[[[-127.18058292981925,50.02345167111432],[-127.18083736391253,50.02340036429884],[-127.18123884539384,50.0234616734547],[-127.18079984466571,50.02365246357465],[-127.18058292981925,50.02345167111432]]],[[[-127.30460294849647,49.98616727941535],[-127.30499656905096,49.98607326508396],[-127.30524255213344,49.986211456140204],[-127.30514013193235,49.98633677106657],[-127.30460294849647,49.98616727941535]]],[[[-126.5679923370861,49.63734025939003],[-126.5682703505161,49.63731717298835],[-126.56817843827605,49.637792857338766],[-126.56799975596242,49.63774446026714],[-126.5679923370861,49.63734025939003]]],[[[-127.4033227630762,50.015001866726635],[-127.4035774666684,50.01489646855907],[-127.40396194509088,50.01508156258343],[-127.4037643540058,50.015178460857776],[-127.4033227630762,50.015001866726635]]],[[[-127.65109686626838,50.167506174322185],[-127.65151945438073,50.1674121784253],[-127.65166844135003,50.16759445912804],[-127.65105193670796,50.16765006055096],[-127.65109686626838,50.167506174322185]]],[[[-127.04743524395697,49.82962816152226],[-127.04766082574733,49.82951566075073],[-127.04785742342649,49.8298603638368],[-127.04749574832007,49.829836063573126],[-127.04743524395697,49.82962816152226]]],[[[-127.28020605337242,50.129083859855974],[-127.28044813823078,50.12899695893286],[-127.28099615702632,50.12929326921669],[-127.28071497062554,50.129334470780705],[-127.28020605337242,50.129083859855974]]],[[[-127.60426773919575,50.09788656908164],[-127.60482875820969,50.09782956760678],[-127.60490874268002,50.09795636505953],[-127.60439046701897,50.09803186847515],[-127.60426773919575,50.09788656908164]]],[[[-127.43624723191613,50.04520366482878],[-127.43661644950328,50.045046977605395],[-127.43682402909981,50.04513097103771],[-127.4364530475011,50.04536886693505],[-127.43624723191613,50.04520366482878]]],[[[-127.21828285724162,49.905169672741835],[-127.21853694749346,49.90504717470952],[-127.21867764786224,49.905417468589064],[-127.21831505782478,49.90540325760204],[-127.21828285724162,49.905169672741835]]],[[[-127.3152502361,49.99602706311],[-127.31550344880769,49.995958755432504],[-127.31582955448695,49.99620656165176],[-127.31545213561715,49.99624647823229],[-127.3152502361,49.99602706311]]],[[[-127.89852624065774,50.10531376027988],[-127.8987523479057,50.10523548295571],[-127.89902363573886,50.10556157430859],[-127.89858876198792,50.10557586321204],[-127.89852624065774,50.10531376027988]]],[[[-127.63896865804378,50.10496206039064],[-127.6392494538595,50.10492076373615],[-127.63952413703095,50.10511296194917],[-127.63921165049044,50.10524406200401],[-127.63896865804378,50.10496206039064]]],[[[-127.34237344574798,50.02452557990364],[-127.34269473752867,50.0244585776599],[-127.3429962685774,50.02467936548134],[-127.34265714398299,50.02474627198177],[-127.34237344574798,50.02452557990364]]],[[[-127.52814496400778,50.08294085906208],[-127.52842556267993,50.082909566607725],[-127.52861365057947,50.08310038100177],[-127.52821934217151,50.08322996274694],[-127.52814496400778,50.08294085906208]]],[[[-127.28810096268909,50.0493466677039],[-127.28876296257478,50.049157266415705],[-127.28897154402118,50.04922416568676],[-127.2881936625087,50.049481960614976],[-127.28810096268909,50.0493466677039]]],[[[-126.5690389244697,49.55652546564603],[-126.56925324727786,49.55692337130043],[-126.56906345082027,49.55710857568104],[-126.56899442617149,49.557097165752964],[-126.5690389244697,49.55652546564603]]],[[[-127.71520494716981,50.123505258005025],[-127.71561274057673,50.123438282265326],[-127.71576544227828,50.12349387092688],[-127.71531262975456,50.12369466567425],[-127.71520494716981,50.123505258005025]]],[[[-127.3588326567312,50.011429970870104],[-127.35860823912083,50.011445556053154],[-127.35853445479603,50.01117356158314],[-127.3589388538046,50.01115217829456],[-127.3588326567312,50.011429970870104]]],[[[-127.59110113831068,50.10492215872907],[-127.5913839466203,50.1047640627454],[-127.59167725256825,50.10481245060428],[-127.59125043903695,50.10507737477192],[-127.59110113831068,50.10492215872907]]],[[[-127.38553444874053,50.00100187475966],[-127.38577645858194,50.00128386999585],[-127.38545186728469,50.00140637103655],[-127.38535765325288,50.001269557437546],[-127.38553444874053,50.00100187475966]]],[[[-126.53882753180827,49.62678086869734],[-126.53907764284995,49.62675947066146],[-126.53924906926139,49.62693466575305],[-126.53849845398948,49.626990268193644],[-126.53882753180827,49.62678086869734]]],[[[-127.30371165736298,49.9603477702368],[-127.30399285708341,49.9602523771595],[-127.30397917528212,49.96062977052838],[-127.30360524367237,49.96055288172726],[-127.30371165736298,49.9603477702368]]],[[[-127.39155976225331,50.00022286376056],[-127.39178365731416,50.000198567485654],[-127.39163875155472,50.00078106747598],[-127.3914763482169,50.00065295886653],[-127.39155976225331,50.00022286376056]]],[[[-127.60947593405895,50.09965686743831],[-127.6098139471848,50.09955285440501],[-127.60988926052673,50.09979785900611],[-127.60955126277594,50.099891868475126],[-127.60947593405895,50.09965686743831]]],[[[-127.58692594170813,50.10376566938101],[-127.58691415573689,50.103630352135],[-127.5876443642042,50.1035677701094],[-127.58752683742482,50.10371866630689],[-127.58692594170813,50.10376566938101]]],[[[-127.40375243487244,50.00625576395633],[-127.40411185449427,50.00634126398262],[-127.40386343865937,50.00669726785302],[-127.40378455961418,50.00657046923351],[-127.40375243487244,50.00625576395633]]],[[[-127.52744574731008,50.08933707887186],[-127.52741054038854,50.08908345720359],[-127.52795694674565,50.089019453183965],[-127.52799673872046,50.089146178161364],[-127.52744574731008,50.08933707887186]]],[[[-127.67513405746229,50.14997415430214],[-127.67559875378832,50.14989016150802],[-127.67579204089786,50.150018268526466],[-127.67539612479001,50.15012226419394],[-127.67513405746229,50.14997415430214]]],[[[-127.23402524488222,50.0673073594079],[-127.2335150497765,50.06747967599414],[-127.233404940767,50.067415563096326],[-127.23411537339179,50.06709376884901],[-127.23402524488222,50.0673073594079]]],[[[-127.34110474088381,50.019183254784494],[-127.34169245410078,50.01911066840845],[-127.3417978557533,50.019328573556244],[-127.34155763858443,50.01937847123512],[-127.34110474088381,50.019183254784494]]],[[[-127.58059864903814,50.06892527124815],[-127.58074344447581,50.068782860655816],[-127.58132476613231,50.06893377200353],[-127.58100003643413,50.06903776429551],[-127.58059864903814,50.06892527124815]]],[[[-126.56598305067907,49.547562060834444],[-126.56634644062885,49.54751505995834],[-126.56664116608754,49.54767456362859],[-126.56615436420152,49.54776286811991],[-126.56598305067907,49.547562060834444]]],[[[-127.51150952244588,50.09093016280577],[-127.51172765880449,50.09080967124015],[-127.5118600410855,50.09104467502906],[-127.51154706732058,50.09121986634812],[-127.51150952244588,50.09093016280577]]],[[[-127.40301455037387,50.00410376187123],[-127.40330493110584,50.00375767019222],[-127.40356734859246,50.0038516567226],[-127.40341666511647,50.004173572976256],[-127.40301455037387,50.00410376187123]]],[[[-127.0681427499032,49.848766667637676],[-127.06832525790495,49.84869836001797],[-127.06905283796817,49.848934770369254],[-127.06871714809031,49.8490187780606],[-127.0681427499032,49.848766667637676]]],[[[-126.97574506456662,49.79043816417449],[-126.97611084990564,49.79033705242936],[-126.9762227399185,49.79065327845936],[-126.97597143125137,49.79069455920339],[-126.97574506456662,49.79043816417449]]],[[[-127.58129904451773,50.05941727552356],[-127.58160333673632,50.059528372176715],[-127.58148254236878,50.059851554673216],[-127.58116282892946,50.05972056111966],[-127.58129904451773,50.05941727552356]]],[[[-127.72075554113837,50.12050867330425],[-127.72099585595933,50.120384763360946],[-127.72137326554078,50.1204346730349],[-127.72110194426912,50.120646865821975],[-127.72075554113837,50.12050867330425]]],[[[-126.96552684328108,49.81315287067926],[-126.96591923214595,49.81303326249331],[-126.96600753272394,49.81325116720543],[-126.96565516351828,49.81337937200086],[-126.96552684328108,49.81315287067926]]],[[[-126.98537504621605,49.82992436048536],[-126.98585405353124,49.82976207810549],[-126.98619582625153,49.82991156004616],[-126.9860376360077,49.83003546406479],[-126.98537504621605,49.82992436048536]]],[[[-127.38612765201505,50.01414307609805],[-127.38640214666984,50.01384105382988],[-127.38663975501659,50.01383535761109],[-127.38663074217831,50.014104564810005],[-127.38612765201505,50.01414307609805]]],[[[-127.54882394460208,50.08369576324177],[-127.5490777688124,50.083591773100025],[-127.5492795254466,50.08384526208414],[-127.54885634485993,50.08398485749719],[-127.54882394460208,50.08369576324177]]],[[[-127.22435864236239,49.93536856615733],[-127.22462555077644,49.93530876283506],[-127.224957158693,49.93540415939836],[-127.22450365351085,49.93562205745684],[-127.22435864236239,49.93536856615733]]],[[[-127.36457164930576,49.99777607569777],[-127.36483774594208,49.9977802703383],[-127.36503155401564,49.99823316932624],[-127.36457884640942,49.99800956612883],[-127.36457164930576,49.99777607569777]]],[[[-127.51742706464333,50.09006336530396],[-127.51790485049025,50.08997935869228],[-127.51789317138471,50.090321170371794],[-127.51740956680163,50.090126065034184],[-127.51742706464333,50.09006336530396]]],[[[-125.39007135650844,50.21846727076078],[-125.39040674001996,50.218468652396076],[-125.3904484550241,50.218756370395276],[-125.3900842384093,50.21872786876695],[-125.39007135650844,50.21846727076078]]],[[[-126.56477545831639,49.56962167396328],[-126.56504523455123,49.56951057514567],[-126.5653382260322,49.569714266804034],[-126.56509624191432,49.569853757208435],[-126.56477545831639,49.56962167396328]]],[[[-127.64710995584983,50.13518946723255],[-127.64726545381798,50.135101171784946],[-127.64748816446932,50.1351296671007],[-127.64725306758267,50.13554126362212],[-127.64710995584983,50.13518946723255]]],[[[-127.39617803009394,50.008263868794344],[-127.39640354420403,50.00817847828342],[-127.39644667422124,50.00855587052655],[-127.3960970380137,50.008578659823065],[-127.39617803009394,50.008263868794344]]],[[[-127.44669813968125,50.02606936140367],[-127.44674243878495,50.02600668012568],[-127.44749075014174,50.02617756774675],[-127.44697103081732,50.02626166948279],[-127.44669813968125,50.02606936140367]]],[[[-127.63028046170669,50.20797076142681],[-127.63053763676614,50.20782986117022],[-127.63071624813433,50.20792238009961],[-127.63041213061713,50.2082513730728],[-127.63028046170669,50.20797076142681]]],[[[-127.51240433424897,50.13036567506691],[-127.51250502641969,50.13028586362214],[-127.51305965572587,50.130409762178274],[-127.51273375630758,50.13055937808192],[-127.51240433424897,50.13036567506691]]],[[[-127.59986913045744,50.108395360348574],[-127.6002446624807,50.10836016358917],[-127.60030903892485,50.10854107972014],[-127.59992755208391,50.108672069958196],[-127.59986913045744,50.108395360348574]]],[[[-127.3658901531908,50.00086227016652],[-127.36567815625529,50.00053467827643],[-127.36623224538211,50.000668554758114],[-127.36621564421775,50.000714173213744],[-127.3658901531908,50.00086227016652]]],[[[-127.68435614259457,50.13067896144653],[-127.68463925247934,50.130627676449016],[-127.68423343830837,50.13112755656566],[-127.68419407055599,50.13097376783567],[-127.68435614259457,50.13067896144653]]],[[[-127.60744244983016,50.115247652356715],[-127.60789204606887,50.11517216080213],[-127.60802592593194,50.11536156247186],[-127.60750763051476,50.11542707026353],[-127.60744244983016,50.115247652356715]]],[[[-126.59130276023681,49.622690470070125],[-126.59096936005808,49.62281446201741],[-126.59094575594544,49.6224355669625],[-126.59123694551178,49.62241566788938],[-126.59130276023681,49.622690470070125]]],[[[-127.20629826462203,49.9233610705855],[-127.20651614939884,49.92347216606565],[-127.20615564583983,49.92382677159733],[-127.20606364991765,49.92365447564387],[-127.20629826462203,49.9233610705855]]],[[[-126.66559352479027,49.57410226697804],[-126.66601125417242,49.574056655325435],[-126.66611093428052,49.57426596020714],[-126.66574781957193,49.57435716172634],[-126.66559352479027,49.57410226697804]]],[[[-127.50944243500598,50.11671036041616],[-127.50980975932163,50.116562158929966],[-127.5102308551539,50.116559378752775],[-127.50984434055883,50.116778664863],[-127.50944243500598,50.11671036041616]]],[[[-127.52924955004842,50.08373948132861],[-127.52968623849321,50.083707158651116],[-127.52979354611219,50.08387086131184],[-127.52910943301356,50.08385236981167],[-127.52924955004842,50.08373948132861]]],[[[-127.80757635150768,50.077450563102154],[-127.80813905942682,50.077339457020294],[-127.80838915106084,50.07740497504714],[-127.8082732627525,50.07753886513179],[-127.80757635150768,50.077450563102154]]],[[[-127.42856876348952,49.99979417430409],[-127.42886203648612,49.99974426668765],[-127.42916006232447,50.00004477037769],[-127.42879502715665,50.00006756575288],[-127.42856876348952,49.99979417430409]]],[[[-127.15654294022623,50.01757538019563],[-127.15714752537875,50.01749566845417],[-127.15735184726553,50.01764235322505],[-127.15712332882701,50.01773776598956],[-127.15654294022623,50.01757538019563]]],[[[-127.35284344016122,50.0188286576653],[-127.35295927412317,50.018721871775966],[-127.3536486430111,50.01895686267095],[-127.35326883335985,50.01905936761859],[-127.35284344016122,50.0188286576653]]],[[[-126.64350143762414,49.5815707714222],[-126.64386684615093,49.5814525653732],[-126.64411265230247,49.58150236926438],[-126.64378236440157,49.58176445993892],[-126.64350143762414,49.5815707714222]]],[[[-127.2472042411772,49.96099157037883],[-127.2475240371529,49.961022862180684],[-127.24735854484017,49.96134478203057],[-127.2470563669602,49.961223670705905],[-127.2472042411772,49.96099157037883]]],[[[-126.90125882624163,49.848842167484996],[-126.90173525934557,49.84878807246426],[-126.90189695048025,49.84890767347235],[-126.90141615375407,49.84908716547211],[-126.90125882624163,49.848842167484996]]],[[[-127.59253963146713,50.10355486606696],[-127.59285084175647,50.103378255087144],[-127.59335373770104,50.10342957197625],[-127.59264925011912,50.103646082312984],[-127.59253963146713,50.10355486606696]]],[[[-126.97663565198022,49.828755169364605],[-126.97665095602298,49.82836067725098],[-126.97684743495412,49.828309366913935],[-126.97692364817688,49.828850552440166],[-126.97663565198022,49.828755169364605]]],[[[-127.64685573485012,50.16893175844109],[-127.64722285861285,50.16888196491441],[-127.64732855044902,50.169081353169226],[-127.64689095438573,50.1691838694501],[-127.64685573485012,50.16893175844109]]],[[[-127.67190014120278,50.14548507026122],[-127.6721254453829,50.14544376312984],[-127.67229044527888,50.14557046043255],[-127.67187524909178,50.14584537440807],[-127.67190014120278,50.14548507026122]]],[[[-127.38353834051777,49.99811357485906],[-127.38387454791554,49.99803807856846],[-127.38402024455144,49.99826457300049],[-127.38386366965722,49.99840697264164],[-127.38353834051777,49.99811357485906]]],[[[-127.3759299603461,50.00936766119205],[-127.37627583902226,50.00946307849972],[-127.3759692445622,50.00986327317195],[-127.37593445643842,50.009655353297795],[-127.3759299603461,50.00936766119205]]],[[[-127.22381646958223,49.947863169887086],[-127.22404276109906,49.94775776995844],[-127.22456494960787,49.94799987717747],[-127.22414414861488,49.94803836615155],[-127.22381646958223,49.947863169887086]]],[[[-127.71877846545944,50.120656768417724],[-127.71933835166138,50.120636864414095],[-127.71953205570965,50.12077355288127],[-127.71920694920475,50.12086905353397],[-127.71877846545944,50.120656768417724]]],[[[-127.38380404081089,49.99267596276694],[-127.38416164627324,49.99279846594366],[-127.38406743711181,49.99315586099083],[-127.38377074522377,49.99281976129584],[-127.38380404081089,49.99267596276694]]],[[[-127.66186926022091,50.14935467434892],[-127.66221526394301,50.14948426872828],[-127.66241357200897,50.14989156915382],[-127.66227354044482,50.14988156168227],[-127.66186926022091,50.14935467434892]]],[[[-127.34583635077927,50.01068785244898],[-127.34621143722632,50.010710674636606],[-127.3461259455309,50.01115928239887],[-127.34584234187842,50.0108858754024],[-127.34583635077927,50.01068785244898]]],[[[-127.45686405266338,50.00033537584821],[-127.45727475346256,50.000107479415995],[-127.45747413903308,50.00042507826877],[-127.45727873487671,50.00043076519256],[-127.45686405266338,50.00033537584821]]],[[[-127.61137325376528,50.114834273629945],[-127.61166525791587,50.114820376876395],[-127.61207395953791,50.115167870855636],[-127.61139475107402,50.11496136672982],[-127.61137325376528,50.114834273629945]]],[[[-126.56496524981782,49.63275965779348],[-126.5653966671343,49.63271416795576],[-126.56559475643722,49.63292495158269],[-126.5651355711896,49.63296906901985],[-126.56496524981782,49.63275965779348]]],[[[-127.31673813333633,50.01336396605641],[-127.31708545097356,50.01340385690041],[-127.31678024154314,50.013732858248],[-127.31660413329783,50.0135961602557],[-127.31673813333633,50.01336396605641]]],[[[-127.5723099702153,50.125020566952585],[-127.57267406520124,50.12496216590875],[-127.57277896384598,50.125205761730996],[-127.57239975428928,50.125272650043215],[-127.5723099702153,50.125020566952585]]],[[[-127.68298915184913,50.13970276463563],[-127.68349545136203,50.13965436668817],[-127.68354437481896,50.13992496961072],[-127.68333175378312,50.13996767032899],[-127.68298915184913,50.13970276463563]]],[[[-127.6189946420257,50.1021990668507],[-127.6194826452436,50.10225888198187],[-127.61969964286662,50.102441171272346],[-127.61928195306166,50.10243685066399],[-127.6189946420257,50.1021990668507]]],[[[-127.39185395402885,50.001044551668606],[-127.3922007719221,50.00110437210026],[-127.39193602865548,50.001514560675574],[-127.39186835568745,50.00144057177852],[-127.39185395402885,50.001044551668606]]],[[[-127.58871373954403,50.0671264561865],[-127.58896795063994,50.0670751779692],[-127.58926246955818,50.06751956692715],[-127.58902526336172,50.067533762318995],[-127.58871373954403,50.0671264561865]]],[[[-127.26253683273852,49.94217057121816],[-127.26322267087833,49.94203816762832],[-127.26330456869348,49.94213786940341],[-127.26300227240955,49.942411269406435],[-127.26253683273852,49.94217057121816]]],[[[-126.5487022398513,49.628700666435954],[-126.548928827859,49.6285881618302],[-126.54927474309342,49.62858675490465],[-126.54842394041187,49.62897277792524],[-126.5487022398513,49.628700666435954]]],[[[-127.23539044236823,50.019431170808176],[-127.23571784024897,50.019255959774235],[-127.23595244681191,50.019304371482704],[-127.2355366574488,50.01963195335656],[-127.23539044236823,50.019431170808176]]],[[[-126.4852270398894,49.62664558353459],[-126.48563444773716,49.62651875405317],[-126.48584946128342,49.62662275891159],[-126.48562042647768,49.626797958522346],[-126.4852270398894,49.62664558353459]]],[[[-126.82509075684014,49.800552970386924],[-126.82603462686174,49.80028236775101],[-126.82619705837534,49.800376355460585],[-126.82575923323313,49.80053016371613],[-126.82509075684014,49.800552970386924]]],[[[-127.56140726810261,50.09525747365505],[-127.56191022863122,50.09526457024584],[-127.56215645324554,50.09541128066073],[-127.56128893325435,50.09545396301919],[-127.56140726810261,50.09525747365505]]],[[[-127.0565137348574,49.82899017007167],[-127.05677985803574,49.82893176639409],[-127.05672146335313,49.82933476689674],[-127.05638812253879,49.82932056138674],[-127.0565137348574,49.82899017007167]]],[[[-127.57845164535914,50.124977865203824],[-127.57895366694142,50.12505616256207],[-127.57908455484913,50.12534526859807],[-127.57887524307775,50.12536097710081],[-127.57845164535914,50.124977865203824]]],[[[-126.97934133010087,49.83187986970695],[-126.97968073668382,49.83174165587951],[-126.97978154933514,49.83202226219236],[-126.9793602472261,49.83208636101728],[-126.97934133010087,49.83187986970695]]],[[[-126.5808504487657,49.63473796435221],[-126.5811546436283,49.63473646991819],[-126.58112255431887,49.63511246391436],[-126.58084786620674,49.63506267116017],[-126.5808504487657,49.63473796435221]]],[[[-126.91699743737492,49.83225015551243],[-126.91751794936233,49.83210775619399],[-126.91757486496141,49.83238686505119],[-126.91722534562292,49.832443869604916],[-126.91699743737492,49.83225015551243]]],[[[-127.48142053986325,50.10267617218211],[-127.48182426251321,50.1026818608089],[-127.48208504344143,50.10287416388231],[-127.48171917169951,50.102941068201574],[-127.48142053986325,50.10267617218211]]],[[[-127.55106653395212,50.09320516077743],[-127.55140605660033,50.09306416291559],[-127.55167036328804,50.09312257079373],[-127.55149452537533,50.09337176305339],[-127.55106653395212,50.09320516077743]]],[[[-127.60259265391939,50.101157958916204],[-127.60234387322141,50.101065370615565],[-127.60310616054849,50.10080477745985],[-127.60306204215985,50.10091157603367],[-127.60259265391939,50.101157958916204]]],[[[-127.4837519379137,50.063338061364064],[-127.4839760432789,50.06331385767747],[-127.48416095798834,50.063675658956754],[-127.48378354829819,50.06367135736707],[-127.4837519379137,50.063338061364064]]],[[[-127.25545646637177,49.95372237381306],[-127.25580665088161,49.95367396705164],[-127.25600942597555,49.95385626566405],[-127.2557917572906,49.95409555254005],[-127.25545646637177,49.95372237381306]]],[[[-127.16792773115215,50.076077670013966],[-127.16819894936802,50.07593807494313],[-127.168638539182,50.07614317686475],[-127.16807135059558,50.0763325596585],[-127.16792773115215,50.076077670013966]]],[[[-127.64524033624204,50.13548137765282],[-127.64543685862907,50.13543016476594],[-127.64584965436009,50.13568646037437],[-127.64532945287743,50.135770550874504],[-127.64524033624204,50.13548137765282]]],[[[-126.98881835524516,49.80927764978573],[-126.98930902249235,49.80915086407614],[-126.98946763640886,49.80937876708667],[-126.98889676175888,49.80939586413084],[-126.98881835524516,49.80927764978573]]],[[[-127.54430673547822,50.121542676485],[-127.54456234269831,50.121420181574564],[-127.54505235178615,50.12141737144524],[-127.5445421710638,50.12167937098138],[-127.54430673547822,50.121542676485]]],[[[-127.00554743153006,49.8482909743674],[-127.00573073229887,49.84823976382498],[-127.00599585978976,49.848533173762384],[-127.00559185392532,49.8485886563751],[-127.00554743153006,49.8482909743674]]],[[[-127.18470586099546,50.01560856491874],[-127.18504114681183,50.01557867611504],[-127.18510322292109,50.015759564546734],[-127.18466504042574,50.01589627997171],[-127.18470586099546,50.01560856491874]]],[[[-127.39110353516071,50.02103907642605],[-127.39069295687813,50.02079976326584],[-127.39155806608179,50.02078416926928],[-127.39158444774878,50.0208567692596],[-127.39110353516071,50.02103907642605]]],[[[-127.16611704628778,49.868302775053714],[-127.16692075771304,49.8687397611666],[-127.16688833489476,49.86886516161513],[-127.16636806563848,49.86862307082968],[-127.16611704628778,49.868302775053714]]],[[[-126.51763076581298,49.64737917297393],[-126.51788333571758,49.647303767762374],[-126.51804845246147,49.64757715576928],[-126.5176805574748,49.64775806588833],[-126.51763076581298,49.64737917297393]]],[[[-127.1895329319195,50.0509175715645],[-127.18948585752146,50.05071816765534],[-127.18998216482808,50.05084346644474],[-127.18959284837275,50.051161070694754],[-127.1895329319195,50.0509175715645]]],[[[-127.68490025474188,50.1368205549739],[-127.68520664870319,50.136912766525825],[-127.68508746054967,50.1371719611723],[-127.68469933038062,50.1370864639716],[-127.68490025474188,50.1368205549739]]],[[[-127.60455776399975,50.10652156880356],[-127.60494115222463,50.10648307427708],[-127.60503743205729,50.1065742672646],[-127.60444263933842,50.10678357625184],[-127.60455776399975,50.10652156880356]]],[[[-127.55146365700081,50.08257986684266],[-127.55169635526576,50.08253646355511],[-127.55195285348158,50.08283547036326],[-127.55144685913771,50.082883954838366],[-127.55146365700081,50.08257986684266]]],[[[-127.5915579248781,50.10316466533513],[-127.5919381514437,50.1030706575232],[-127.59214175955401,50.10325295422398],[-127.59169145008065,50.10337407821385],[-127.5915579248781,50.10316466533513]]],[[[-126.95916104290256,49.82501377720887],[-126.95955055535445,49.825002377354885],[-126.95981605037531,49.82530287376287],[-126.95941463058251,49.825260072037516],[-126.95916104290256,49.82501377720887]]],[[[-127.60828823902143,50.104383778494245],[-127.60858413933053,50.10431396756473],[-127.60890226254557,50.104435076117696],[-127.6085472439184,50.10462017662226],[-127.60828823902143,50.104383778494245]]],[[[-127.71082524509515,50.12875487206715],[-127.71113606605273,50.12863236886213],[-127.71138535144159,50.12877906125073],[-127.71105746145867,50.12895426889429],[-127.71082524509515,50.12875487206715]]],[[[-126.6175002458524,49.612308073685504],[-126.6178592241805,49.61233366372536],[-126.61767234996515,49.6127338714188],[-126.61743083544552,49.612602862186506],[-126.6175002458524,49.612308073685504]]],[[[-127.68336146113066,50.136855756776185],[-127.68370795120312,50.136993875032445],[-127.68322666534124,50.13722316670258],[-127.68314555130259,50.13707795347809],[-127.68336146113066,50.136855756776185]]],[[[-126.85138735004341,49.78953805061061],[-126.85175344598069,49.78943697371981],[-126.85200696383744,49.78963067358845],[-126.85157094767247,49.78974886786319],[-126.85138735004341,49.78953805061061]]],[[[-127.587156824897,50.07357386523377],[-127.58757586630779,50.07357957278362],[-127.58785973996405,50.07384306822529],[-127.58763665994525,50.07389436657259],[-127.587156824897,50.07357386523377]]],[[[-127.32062396127168,50.00038656781864],[-127.32094894880595,50.00029257372295],[-127.321206760877,50.00052046518854],[-127.32067336348459,50.00055746165469],[-127.32062396127168,50.00038656781864]]],[[[-127.35698604786938,50.01113368056737],[-127.35725426844556,50.01105677379046],[-127.35740104868945,50.01124767462772],[-127.35690504791933,50.011438474593994],[-127.35698604786938,50.01113368056737]]],[[[-127.4478216515869,49.99931135130765],[-127.44836775178827,49.99939537359837],[-127.44864085999339,49.999596172204406],[-127.44777842922838,49.99948646560928],[-127.4478216515869,49.99931135130765]]],[[[-126.97085985936693,49.735418156551845],[-126.97105784947613,49.73534976249743],[-126.97123354213655,49.7358026646509],[-126.97082313690782,49.73563316656557],[-126.97085985936693,49.735418156551845]]],[[[-127.5984469504955,50.10761955732737],[-127.59875916672112,50.1074800695099],[-127.59890654209985,50.1077420715603],[-127.59845584753063,50.10784465789982],[-127.5984469504955,50.10761955732737]]],[[[-127.45812854561434,50.00051477437894],[-127.45864934410507,50.00035097397389],[-127.45895402854451,50.000435059802335],[-127.45837435707435,50.00062585560379],[-127.45812854561434,50.00051477437894]]],[[[-127.71624566094032,50.1238128593876],[-127.71625163109701,50.12365197147918],[-127.71664236193882,50.12369176778035],[-127.7165342376176,50.1240150633553],[-127.71624566094032,50.1238128593876]]],[[[-127.25646584405462,49.96747166342211],[-127.25677145675412,49.96748595943445],[-127.25632364116615,49.967910367573154],[-127.25630505391591,49.96764115062341],[-127.25646584405462,49.96747166342211]]],[[[-127.48417605352881,50.11146355868631],[-127.4843749596047,50.11141226034269],[-127.48481423768918,50.11165157025719],[-127.48424106223314,50.111671459925994],[-127.48417605352881,50.11146355868631]]],[[[-127.12203244380058,49.84663896295412],[-127.12229425412069,49.84669737317966],[-127.12228146881971,49.84740796422266],[-127.1220788563728,49.84722426593117],[-127.12203244380058,49.84663896295412]]],[[[-127.78317364384955,50.08592815725884],[-127.78359944926238,50.08602577878402],[-127.78360953264712,50.08625926236005],[-127.78328566694434,50.08627356933414],[-127.78317364384955,50.08592815725884]]],[[[-127.32381565246239,50.001709670903196],[-127.32408104586867,50.00168686077709],[-127.32428984342029,50.00212128254002],[-127.32397024326606,50.00209848207374],[-127.32381565246239,50.001709670903196]]],[[[-127.00469345833275,49.84849475931634],[-127.005014940203,49.848389257266724],[-127.0055018327021,49.848704069343874],[-127.0051394470089,49.848769569739986],[-127.00469345833275,49.84849475931634]]],[[[-127.51134425601478,50.0932151580038],[-127.5112049647244,50.0932578677091],[-127.51071153079552,50.09290896660015],[-127.51139542842238,50.09298156638054],[-127.51134425601478,50.0932151580038]]],[[[-126.96793054635496,49.731148356106424],[-126.96809623498459,49.73114267395261],[-126.9685716516197,49.73140186118713],[-126.96801314287332,49.731491553376536],[-126.96793054635496,49.731148356106424]]],[[[-127.47517782637054,50.17901096703788],[-127.47543192781669,50.178941160834086],[-127.47557983367047,50.179114865940484],[-127.47518036478607,50.179342769614756],[-127.47517782637054,50.17901096703788]]],[[[-127.58630404852804,50.1056368602281],[-127.58659195078212,50.10561425309045],[-127.58686345453917,50.1058962513927],[-127.58642905019109,50.10590917731038],[-127.58630404852804,50.1056368602281]]],[[[-126.94073192735877,49.716652766025405],[-126.94106435071939,49.71666695075003],[-126.94155206116096,49.716954664709775],[-126.94099925363007,49.71691766038712],[-126.94073192735877,49.716652766025405]]],[[[-127.63713965517937,50.149175158201494],[-127.63739394236413,50.14907976794201],[-127.63755946814382,50.14917087049108],[-127.63717226341174,50.149535465665686],[-127.63713965517937,50.149175158201494]]],[[[-127.4354315468704,50.03725085496288],[-127.43535242646593,50.0371140640464],[-127.43605035928255,50.037115555639296],[-127.43581883104372,50.03736336221553],[-127.4354315468704,50.03725085496288]]],[[[-127.06105896625935,49.83459727206699],[-127.06151813757943,49.834560177074756],[-127.06150425430351,49.834902077248636],[-127.06125463403662,49.834916271443745],[-127.06105896625935,49.83459727206699]]],[[[-127.03212924956404,49.85142565789315],[-127.03247914181217,49.8513772682261],[-127.0329645410923,49.851737580855364],[-127.03282544751863,49.85178886764233],[-127.03212924956404,49.85142565789315]]],[[[-127.57158274798392,50.11272536473148],[-127.57187923295587,50.112674063062435],[-127.57198645642997,50.11281937391138],[-127.57143474421726,50.11305575386365],[-127.57158274798392,50.11272536473148]]],[[[-127.59034984075514,50.10332136997257],[-127.59065053654365,50.103109164353796],[-127.59088672622251,50.10316606758757],[-127.59065264355408,50.1035050590459],[-127.59034984075514,50.10332136997257]]],[[[-127.24249196313801,49.92420276033334],[-127.24323973919026,49.92434946439268],[-127.243288447572,49.92453885802231],[-127.24288654093564,49.9244520591894],[-127.24249196313801,49.92420276033334]]],[[[-127.17816235031658,49.87988135275836],[-127.17850225218594,49.87977887839524],[-127.1788123403947,49.88000815982759],[-127.17850104641639,49.88013917191052],[-127.17816235031658,49.87988135275836]]],[[[-127.2798524564987,50.04599545565012],[-127.28033124244402,50.04593856344105],[-127.28043925235615,50.04603107794226],[-127.27980275902146,50.04622766896011],[-127.2798524564987,50.04599545565012]]],[[[-127.62130285053892,50.11095085425291],[-127.62091713536897,50.110748572463145],[-127.62171325987063,50.110731466991524],[-127.6214565381253,50.11093517774281],[-127.62130285053892,50.11095085425291]]],[[[-127.05147156097875,49.821240976469625],[-127.05178826089872,49.8213178748226],[-127.05112133156193,49.82163975766615],[-127.05128053495694,49.82149027276836],[-127.05147156097875,49.821240976469625]]],[[[-127.63637233426806,50.096882465951886],[-127.6365698642855,50.096858267893566],[-127.63704995513656,50.09720435965419],[-127.63663003785044,50.09720006003642],[-127.63637233426806,50.096882465951886]]],[[[-126.64137615785616,49.71842585614228],[-126.64164635560768,49.71830485384131],[-126.64220554134036,49.71851416173562],[-126.64175624938827,49.718613866901336],[-126.64137615785616,49.71842585614228]]],[[[-127.64661264406924,50.100689356130886],[-127.64700786300997,50.10053277172608],[-127.64730003101386,50.1005982705892],[-127.646916841781,50.100846056317955],[-127.64661264406924,50.100689356130886]]],[[[-127.2862053457564,50.06881847523349],[-127.28655864471126,50.068697374920426],[-127.2866319391447,50.068995073395236],[-127.28622284601761,50.069097579417225],[-127.2862053457564,50.06881847523349]]],[[[-126.62879923096683,49.72427656447975],[-126.62904074268135,49.72412846376561],[-126.6292681593661,49.724313570500016],[-126.62855316461125,49.72447026885917],[-126.62879923096683,49.72427656447975]]],[[[-127.64375524860054,50.14689645281268],[-127.643938445558,50.146889359159616],[-127.64438815477517,50.14728095085329],[-127.64398003979343,50.147347961380156],[-127.64375524860054,50.14689645281268]]],[[[-127.27548243816064,49.93639115795152],[-127.2756658256772,49.93628716144663],[-127.27611883659607,49.93647376499271],[-127.27575133640677,49.936611973438495],[-127.27548243816064,49.93639115795152]]],[[[-127.29090263886467,49.97988505973951],[-127.29115644833746,49.979772575988406],[-127.2914740581684,49.97988507124235],[-127.29133866261549,49.98015286243009],[-127.29090263886467,49.97988505973951]]],[[[-127.32572994245906,49.975958570686636],[-127.32601146175989,49.97588165814329],[-127.32615846188371,49.97601836565992],[-127.32581334332669,49.97633738042541],[-127.32572994245906,49.975958570686636]]],[[[-127.3764766356416,49.99644156520797],[-127.3767046368025,49.99634606213823],[-127.37691403311204,49.996707865444215],[-127.37644033071416,49.99670217046566],[-127.3764766356416,49.99644156520797]]],[[[-127.63245282952495,50.17262196281392],[-127.6327227467045,50.17252647508752],[-127.6330523590942,50.172737265282855],[-127.63279634168902,50.172905376904474],[-127.63245282952495,50.17262196281392]]],[[[-127.27625075500079,49.97340777232298],[-127.27660863588852,49.97314286846779],[-127.27690704513104,49.97338217726004],[-127.27673224143858,49.97357727160679],[-127.27625075500079,49.97340777232298]]],[[[-127.0592782397933,49.82313518139942],[-127.05943416395512,49.82304837413596],[-127.05967965429127,49.82317797376608],[-127.05899045185383,49.823355968322964],[-127.0592782397933,49.82313518139942]]],[[[-127.03221093853858,49.8329607689172],[-127.0317481691178,49.833051966559474],[-127.03150655384606,49.83283976058653],[-127.03213712759558,49.83273436477175],[-127.03221093853858,49.8329607689172]]],[[[-126.5012338448436,49.68643817867148],[-126.50160204026825,49.686292880909576],[-126.50180055591899,49.68647656969789],[-126.5013605597135,49.68668316956009],[-126.5012338448436,49.68643817867148]]],[[[-127.43062474362479,50.039892770367906],[-127.43128336335462,50.03983006267574],[-127.43133474969316,50.03997395614729],[-127.43093924075703,50.040086470312424],[-127.43062474362479,50.039892770367906]]],[[[-126.94269735759632,49.71709285825053],[-126.94314635310336,49.71698315802172],[-126.94320746522554,49.71720966543171],[-126.94257896952294,49.717270867010434],[-126.94269735759632,49.71709285825053]]],[[[-126.97324075752897,49.75159715279993],[-126.97281954747088,49.75168977951087],[-126.97259533823446,49.751379278819044],[-126.97327544578671,49.75140917260366],[-126.97324075752897,49.75159715279993]]],[[[-127.4056134380381,50.026780076239135],[-127.40578444830732,50.026683161442804],[-127.40647803239065,50.02681846635273],[-127.40605123133815,50.02702786292541],[-127.4056134380381,50.026780076239135]]],[[[-127.58355466881034,50.119410664685184],[-127.58411824966342,50.11925535440932],[-127.58426955274174,50.119337962182435],[-127.58385776063702,50.119584369411925],[-127.58355466881034,50.119410664685184]]],[[[-127.23551903189389,49.94959786825828],[-127.23541576335677,49.94932586500963],[-127.23608814922031,49.949246079464764],[-127.23566924228737,49.94963636780843],[-127.23551903189389,49.94959786825828]]],[[[-127.52760035669328,50.099277954886766],[-127.52781365531361,50.09919966918263],[-127.52805693321764,50.09949876627007],[-127.52768735290157,50.09965685876434],[-127.52760035669328,50.099277954886766]]],[[[-127.35067595350209,50.01647736506212],[-127.35107325876943,50.01630357749429],[-127.35137505346819,50.01644167236218],[-127.35090776908348,50.016642563867045],[-127.35067595350209,50.01647736506212]]],[[[-126.56630874377325,49.576365261602184],[-126.56609874763801,49.57611746389677],[-126.56678784284911,49.57615877919942],[-126.56647404302585,49.576359557477616],[-126.56630874377325,49.576365261602184]]],[[[-127.85160073093961,50.08167196217172],[-127.85188174964584,50.08158506193908],[-127.8523814353627,50.0817075755106],[-127.85197305340922,50.08185565314597],[-127.85160073093961,50.08167196217172]]],[[[-126.36289037103359,49.63657946936943],[-126.36348855137628,49.6365124548919],[-126.36364214079234,49.63677596587273],[-126.36321163873795,49.63676595895581],[-126.36289037103359,49.63657946936943]]],[[[-127.19496334409239,49.90453015500497],[-127.19537475089174,49.90474235410985],[-127.19519012864419,49.90521666142306],[-127.19517534989446,49.90485637573726],[-127.19496334409239,49.90453015500497]]],[[[-127.6372530488148,50.09692805517315],[-127.63757593877685,50.09688677960665],[-127.63793074467065,50.09716168257607],[-127.63745646067629,50.09717445942749],[-127.6372530488148,50.09692805517315]]],[[[-126.98047836347793,49.82261676993698],[-126.98052943706011,49.822374677277075],[-126.98132013440883,49.82211826918955],[-126.98135844115765,49.82219098126001],[-126.98047836347793,49.82261676993698]]],[[[-126.61846264784312,49.58857786945358],[-126.61873235441978,49.58843975521184],[-126.61915216161064,49.58865476449046],[-126.61863435591046,49.58877015815507],[-126.61846264784312,49.58857786945358]]],[[[-127.5915976675862,50.1132480737975],[-127.59204426288609,50.11326237387964],[-127.59226223265009,50.113481675168515],[-127.59182713254091,50.1135300744982],[-127.5915976675862,50.1132480737975]]],[[[-126.9837296635201,49.81965016526884],[-126.98397267209941,49.819529070316776],[-126.9842472425795,49.8195689610481],[-126.98359063333356,49.820007672466176],[-126.9837296635201,49.81965016526884]]],[[[-127.51002185222626,50.0926397735739],[-127.51044306278305,50.09258276898338],[-127.5105487481353,50.092745181523085],[-127.51008316932642,50.09291887361265],[-127.51002185222626,50.0926397735739]]],[[[-127.05235486233995,49.82105865740437],[-127.05285376338685,49.82075107301433],[-127.05296175081618,49.82079805728257],[-127.05275113260582,49.82119116458515],[-127.05235486233995,49.82105865740437]]],[[[-127.63634216110272,50.09650366460652],[-127.63686316310051,50.09640255873438],[-127.6369814576682,50.09660185527958],[-127.63661504380748,50.09671446370765],[-127.63634216110272,50.09650366460652]]],[[[-127.3513323590518,50.018501176541186],[-127.35228125351907,50.01850535516703],[-127.35247232959938,50.0186435669161],[-127.35203815311228,50.018700451178525],[-127.3513323590518,50.018501176541186]]],[[[-127.31198284791493,50.006485053364884],[-127.31223444145668,50.006453765124526],[-127.31264087120871,50.0068012717993],[-127.31212724299314,50.00675706033829],[-127.31198284791493,50.006485053364884]]],[[[-127.10139777021708,50.136227666422],[-127.10197605024084,50.13609236376869],[-127.10207795544183,50.136337366152034],[-127.10153264505256,50.13637296275112],[-127.10139777021708,50.136227666422]]],[[[-127.63258166423223,50.09698216153578],[-127.63282033415173,50.09692095991031],[-127.63322035506064,50.097106077864716],[-127.63276964359446,50.09726277615167],[-127.63258166423223,50.09698216153578]]],[[[-127.5533313569512,50.095499567326634],[-127.55374196025384,50.095324376184266],[-127.55394965422383,50.0953898627115],[-127.55357733441922,50.095700367380125],[-127.5533313569512,50.095499567326634]]],[[[-127.317302264572,50.01079046205415],[-127.31717524721508,50.010447169720095],[-127.31779985187136,50.010572556912166],[-127.31761465157317,50.01064235602422],[-127.317302264572,50.01079046205415]]],[[[-127.63952394706193,50.120367657230084],[-127.6400722437205,50.12032928169956],[-127.6401652526226,50.120501550849745],[-127.63968624881306,50.12060267696918],[-127.63952394706193,50.120367657230084]]],[[[-126.92131744306258,49.830402961837976],[-126.92169024104015,49.83015797880303],[-126.92188134576334,49.83022485266118],[-126.92172865088459,49.83052687561909],[-126.92131744306258,49.830402961837976]]],[[[-126.92667242231543,49.79360986334252],[-126.92698404348987,49.793812156402225],[-126.92678916049893,49.79416965922574],[-126.92668144655413,49.79408555850631],[-126.92667242231543,49.79360986334252]]],[[[-127.35901143632665,50.02296315875058],[-127.35942174995469,50.02279937291484],[-127.35975522458155,50.02289336624346],[-127.35946884970589,50.02310555571898],[-127.35901143632665,50.02296315875058]]],[[[-127.61235763364778,50.10395506454326],[-127.61286026807191,50.10393376379284],[-127.61317884186742,50.10407336465781],[-127.61250476631066,50.104154471104835],[-127.61235763364778,50.10395506454326]]],[[[-127.21030496968731,49.92339736596637],[-127.21053404480982,49.92338105568287],[-127.21069763890031,49.923806863615184],[-127.21020394218982,49.923637362897615],[-127.21030496968731,49.92339736596637]]],[[[-127.25301555642895,49.961438756422446],[-127.25309274926407,49.96127776453223],[-127.25350174976559,49.961141071433566],[-127.25322782793366,49.961729259627475],[-127.25301555642895,49.961438756422446]]],[[[-127.4317037381827,50.03033777248185],[-127.43200223604063,50.03016117368847],[-127.432092360724,50.03042316556014],[-127.43146014803857,50.03056846688965],[-127.4317037381827,50.03033777248185]]],[[[-126.57334446560762,49.54939927260445],[-126.5738448401427,49.54936366658581],[-126.57389534116356,49.54972546980933],[-126.57362163597836,49.549692676412796],[-126.57334446560762,49.54939927260445]]],[[[-127.64592196019531,50.13460836121027],[-127.64616574782261,50.134413267834],[-127.64636065975554,50.13446876318609],[-127.64578855367954,50.134903175131505],[-127.64592196019531,50.13460836121027]]],[[[-126.87409313803111,49.778066078933634],[-126.87465433766374,49.778211371548494],[-126.87470073418277,49.77842786545983],[-126.87438145195559,49.778422158479756],[-126.87409313803111,49.778066078933634]]],[[[-127.34583254375562,50.012388357704815],[-127.34648952898372,50.012352768029764],[-127.3467368627773,50.012455373071695],[-127.34648125341461,50.01258637278094],[-127.34583254375562,50.012388357704815]]],[[[-127.46650163006187,50.1787431666154],[-127.46674473432769,50.17858507610729],[-127.46689675452775,50.178676261482146],[-127.46665843330419,50.17908786176753],[-127.46650163006187,50.1787431666154]]],[[[-126.56724615080668,49.61064175435906],[-126.5675813377632,49.61056767623856],[-126.5678595496085,49.6107983653593],[-126.56731813866436,49.61083116373768],[-126.56724615080668,49.61064175435906]]],[[[-127.60241035393972,50.1007235555606],[-127.60299252688614,50.1003803619018],[-127.60331412925503,50.10042026739807],[-127.60322555043086,50.10057115824439],[-127.60241035393972,50.1007235555606]]],[[[-127.6072533452297,50.09622166978558],[-127.6075466717334,50.09622597226962],[-127.60773145549113,50.09659615522994],[-127.6073282456748,50.096564883256136],[-127.6072533452297,50.09622166978558]]],[[[-126.71572583344259,49.597501969713974],[-126.71545805622412,49.59759595995084],[-126.71540934289308,49.597145957623376],[-126.71574226439866,49.597134561422976],[-126.71572583344259,49.597501969713974]]],[[[-126.67078864254138,49.5800183570771],[-126.67135415477975,49.57976915938653],[-126.67160015329831,49.57985455268038],[-126.67153466762264,49.580042568436944],[-126.67078864254138,49.5800183570771]]],[[[-127.34923434639288,50.01618676061481],[-127.34980283284656,50.01585346229583],[-127.35011224774946,50.01581215198223],[-127.34993424783588,50.01612555818274],[-127.34923434639288,50.01618676061481]]],[[[-127.47665326721024,50.088509574013145],[-127.47610643109526,50.08852096222341],[-127.47604106813968,50.08842127280876],[-127.47707973244059,50.08830016648695],[-127.47665326721024,50.088509574013145]]],[[[-127.41139546805476,49.99838127343566],[-127.4117608653271,49.99826166178451],[-127.4118911611053,49.998550764773434],[-127.4116318468402,49.99878158088893],[-127.41139546805476,49.99838127343566]]],[[[-127.5970585617257,50.10779196192559],[-127.5974526682515,50.10770646666727],[-127.59763946601727,50.107969973480195],[-127.59719103517276,50.108018362656054],[-127.5970585617257,50.10779196192559]]],[[[-127.21297876803449,50.03048446632012],[-127.21330505935026,50.03035476246848],[-127.21328733885004,50.030831974764126],[-127.21292644029333,50.030745073276115],[-127.21297876803449,50.03048446632012]]],[[[-127.50621165249508,50.118009159617095],[-127.50645284157011,50.11791378123045],[-127.50685896660042,50.11832397543559],[-127.50659303992789,50.11834678159328],[-127.50621165249508,50.118009159617095]]],[[[-127.0076406408485,49.88163606352692],[-127.00799323939331,49.88149786608362],[-127.00814665397371,49.88185107064445],[-127.00775314162797,49.881916579951415],[-127.0076406408485,49.88163606352692]]],[[[-127.34681634079188,50.01180877438872],[-127.34722005952402,50.01184157247186],[-127.34713686226922,50.012198969139064],[-127.34685954262254,50.01214206552761],[-127.34681634079188,50.01180877438872]]],[[[-127.29597223795709,49.96547776775774],[-127.2962093353952,49.965868073758976],[-127.29589955723543,49.965953461308615],[-127.29571264603945,49.96571705476276],[-127.29597223795709,49.96547776775774]]],[[[-126.86008996352642,49.78530966730688],[-126.85968366311712,49.78537516943349],[-126.86039845476856,49.784946455601315],[-126.86040804225149,49.78504616658049],[-126.86008996352642,49.78530966730688]]],[[[-127.16283873752761,49.867369666936185],[-127.16303776186467,49.8672472593972],[-127.16348065566135,49.86767736289538],[-127.163119151897,49.86768015144462],[-127.16283873752761,49.867369666936185]]],[[[-127.58471404327948,50.10710256012064],[-127.5851113316308,50.10691746652511],[-127.58544315764696,50.10705707023688],[-127.58508826333038,50.107232173353474],[-127.58471404327948,50.10710256012064]]],[[[-126.88101725837171,49.77758046110383],[-126.88131525557688,49.77745086246704],[-126.88149193939269,49.77785107139012],[-126.88115945587656,49.777826874571005],[-126.88101725837171,49.77758046110383]]],[[[-127.72584905862438,50.120941678605774],[-127.72599153290346,50.120871863807366],[-127.72668915433914,50.12090606809622],[-127.72641964998842,50.12110967308197],[-127.72584905862438,50.120941678605774]]],[[[-126.51213313880893,49.70517646804245],[-126.51242445036505,49.70514795991964],[-126.51223125531608,49.70568345564278],[-126.51205472877942,49.705616570205414],[-126.51213313880893,49.70517646804245]]],[[[-127.688868438369,50.13417075900744],[-127.68915457011535,50.134330665762505],[-127.68865823138951,50.13456846500954],[-127.68860826022286,50.13437906815721],[-127.688868438369,50.13417075900744]]],[[[-127.59931126702082,50.096188864590594],[-127.59970583505772,50.09612196514685],[-127.59996224300684,50.09641247907362],[-127.59947425263505,50.09640675963456],[-127.59931126702082,50.096188864590594]]],[[[-126.91466495255487,49.832154776653134],[-126.91526866215831,49.83199517007164],[-126.91551755216184,49.832070663335145],[-126.91520133533758,49.832298556983595],[-126.91466495255487,49.832154776653134]]],[[[-126.65889044400757,49.58091136391618],[-126.65921025495827,49.58087287112092],[-126.65916434124696,49.58123177116221],[-126.65876413162025,49.5812147693855],[-126.65889044400757,49.58091136391618]]],[[[-126.42090713325248,49.640135657699524],[-126.4212553548473,49.64007156652886],[-126.42159873105705,49.64015136324489],[-126.420867033624,49.64034216373173],[-126.42090713325248,49.640135657699524]]],[[[-127.60460126776006,50.09992317147723],[-127.60403794186476,50.100068474144585],[-127.60383016663377,50.09995876832222],[-127.60424224826451,50.09977507698345],[-127.60460126776006,50.09992317147723]]],[[[-127.35222405335364,50.01000566785276],[-127.3527397427827,50.01002137007755],[-127.35289825018903,50.01030195304579],[-127.35259025751805,50.01031615281019],[-127.35222405335364,50.01000566785276]]],[[[-127.5462188446662,50.06952488215864],[-127.54681022865344,50.069342570537025],[-127.54693255217938,50.06948776005491],[-127.54663144005193,50.06970997541896],[-127.5462188446662,50.06952488215864]]],[[[-126.54723326124231,49.630936762722946],[-126.54762733956233,49.63080995782112],[-126.54807815169765,49.63089965895982],[-126.54750085721122,49.63108627433446],[-126.54723326124231,49.630936762722946]]],[[[-126.56694973833606,49.576540458890456],[-126.56669353522537,49.57641796557327],[-126.56734697235463,49.576053368952735],[-126.56729783956828,49.57649347054598],[-126.56694973833606,49.576540458890456]]],[[[-127.63736614879784,50.11905596081145],[-127.6378867363699,50.11893637387202],[-127.63799295751636,50.1191627709609],[-127.63747245037146,50.11927247714834],[-127.63736614879784,50.11905596081145]]],[[[-127.52593985101487,50.08230147251468],[-127.52632686750269,50.0825136643049],[-127.52602425112467,50.08280706247641],[-127.52583157322276,50.08266037142669],[-127.52593985101487,50.08230147251468]]],[[[-127.48332113558001,50.09164705831122],[-127.48363044023779,50.09158727477503],[-127.48443065874157,50.09187637508571],[-127.48370423845346,50.091857873779816],[-127.48332113558001,50.09164705831122]]],[[[-126.71817823081817,49.59918825706194],[-126.71866145777655,49.598936168705826],[-126.71875724381883,49.598983174576674],[-126.7182070619159,49.59949447024801],[-126.71817823081817,49.59918825706194]]],[[[-126.95133306502952,49.7206092631353],[-126.95162654823609,49.72054366186341],[-126.95180204548898,49.721005162476864],[-126.9512671470095,49.72081575356364],[-126.95133306502952,49.7206092631353]]],[[[-127.5464032562821,50.074941051836475],[-127.5468692695346,50.074775864537166],[-127.54715936395702,50.07494256078147],[-127.54656395063589,50.07517755338444],[-127.5464032562821,50.074941051836475]]],[[[-127.5116294544811,50.144936767793304],[-127.51215054858524,50.14481705496335],[-127.5123457542124,50.144891161622],[-127.51191643172676,50.145146061015595],[-127.5116294544811,50.144936767793304]]],[[[-127.6083695371767,50.100156779603],[-127.60881783801265,50.10015245769764],[-127.60882314731174,50.100404569157995],[-127.6083748423246,50.10046296165308],[-127.6083695371767,50.100156779603]]],[[[-127.42825125386574,50.00562765387515],[-127.42861685580364,50.00555075583796],[-127.42894253666726,50.00584417570736],[-127.42835706578606,50.00583566954478],[-127.42825125386574,50.00562765387515]]],[[[-127.66770885321574,50.14572576589944],[-127.66807914533857,50.145496477820544],[-127.66845457345622,50.14558046928446],[-127.66834906257941,50.14581407279189],[-127.66770885321574,50.14572576589944]]],[[[-127.64616593886188,50.137875472348],[-127.64648734081022,50.13790685984946],[-127.64645922905125,50.13835686133206],[-127.64613965514933,50.13830707480125],[-127.64616593886188,50.137875472348]]],[[[-127.51772035585697,50.09138077159529],[-127.51807346368504,50.09131236864357],[-127.51834944219385,50.09144198373215],[-127.51782496422155,50.091642862767394],[-127.51772035585697,50.09138077159529]]],[[[-126.49306612723767,49.731168263928666],[-126.49356956082823,49.73109847081841],[-126.49365293254507,49.731379075408924],[-126.4932342460512,49.73143316647526],[-126.49306612723767,49.731168263928666]]],[[[-127.49614132591154,50.096103465554506],[-127.49650315359553,50.09616186668843],[-127.49652014578496,50.09651356679949],[-127.49614506108449,50.096445260017],[-127.49614132591154,50.096103465554506]]],[[[-127.43180115562323,50.026516549736186],[-127.43213843676686,50.02686265911748],[-127.4317271430453,50.02708196869954],[-127.43190174700268,50.02683277992468],[-127.43180115562323,50.026516549736186]]],[[[-126.53828733513188,49.62540226945668],[-126.53779515591008,49.625563168557036],[-126.53765813935654,49.62550617079148],[-126.53786996110152,49.62517727332777],[-126.53828733513188,49.62540226945668]]],[[[-127.6822318645065,50.136734674770246],[-127.68267804368121,50.13679458109158],[-127.68273704551456,50.1371904641438],[-127.68243165086567,50.13713347222386],[-127.6822318645065,50.136734674770246]]],[[[-126.93874524528069,49.71671688091105],[-126.9389169648473,49.71659297255565],[-126.9393914417807,49.71688067607217],[-126.93909586796141,49.71699177150229],[-126.93874524528069,49.71671688091105]]],[[[-126.92892813921907,49.83392216918632],[-126.92911603463808,49.83370857308359],[-126.9296190495486,49.834006174197114],[-126.92933465571548,49.83414437777144],[-126.92892813921907,49.83392216918632]]],[[[-127.4221331544787,49.9934649748192],[-127.4223853512488,49.99343215463427],[-127.42215052870084,49.99421976846263],[-127.4220536307889,49.994165660089905],[-127.4221331544787,49.9934649748192]]],[[[-127.07269184689119,49.84071135411942],[-127.07308044292625,49.840375272340935],[-127.07327737045642,49.84035106852543],[-127.07316225412258,49.840781153310914],[-127.07269184689119,49.84071135411942]]],[[[-127.0501682570531,49.821461752848975],[-127.05038266659552,49.8213492702489],[-127.05065093696722,49.82191037771148],[-127.05034753764545,49.821870467615675],[-127.0501682570531,49.821461752848975]]],[[[-126.57945134571561,49.62135037144539],[-126.5797279614353,49.62136457348906],[-126.57935715180054,49.622122264298426],[-126.57927653064802,49.62209375909663],[-126.57945134571561,49.62135037144539]]],[[[-127.24980773637739,49.921104775947015],[-127.25058624406635,49.92111368211508],[-127.25065114015437,49.92125897518229],[-127.24989702571457,49.92132016584784],[-127.24980773637739,49.921104775947015]]],[[[-127.17607346446528,49.878094068751004],[-127.17631496735014,49.87832326531499],[-127.17565284150443,49.87852836528266],[-127.17565616053402,49.87847426671135],[-127.17607346446528,49.878094068751004]]],[[[-127.17043914188321,49.87211376477644],[-127.16992365805301,49.87211516384339],[-127.16963625501803,49.872002659487336],[-127.17040866135272,49.87182606861341],[-127.17043914188321,49.87211376477644]]],[[[-127.5830477644789,50.05982456901756],[-127.58312474809797,50.059592366791485],[-127.58357156519861,50.059571062607105],[-127.58326456060847,50.060025361319965],[-127.5830477644789,50.05982456901756]]],[[[-126.97102085622014,49.85925027120633],[-126.97127494070992,49.859129278606],[-126.97155355370147,49.8591520540863],[-126.97118503719805,49.85963056539312],[-126.97102085622014,49.85925027120633]]],[[[-127.40417912956153,50.00306836081181],[-127.40454425755844,50.002982964811004],[-127.40474482982154,50.00327345981439],[-127.40429572141868,50.00333896313978],[-127.40417912956153,50.00306836081181]]],[[[-127.02537335975785,49.82572016196433],[-127.02581953582629,49.82569166462605],[-127.02582186830183,49.82597076653058],[-127.02537455515876,49.82602496795903],[-127.02537335975785,49.82572016196433]]],[[[-126.57240575388975,49.64470025718563],[-126.57264543047354,49.64461486663173],[-126.57325925790393,49.64478996678358],[-126.5725888379928,49.644892556154176],[-126.57240575388975,49.64470025718563]]],[[[-127.324395654435,49.96332866844467],[-127.32407925311286,49.96325175435493],[-127.32478233899278,49.96308226581283],[-127.32477305939356,49.96330725609402],[-127.324395654435,49.96332866844467]]],[[[-127.51247644040161,50.090117467789895],[-127.51285443269883,50.09006765891195],[-127.51305376025917,50.090447858345755],[-127.51274225950625,50.090507757658884],[-127.51247644040161,50.090117467789895]]],[[[-126.66321234725734,49.58078317312905],[-126.66388236575396,49.58067066230023],[-126.66406534687728,49.58089856442731],[-126.66353634385216,49.580942659010944],[-126.66321234725734,49.58078317312905]]],[[[-127.26516494292781,50.14108287913953],[-127.2654441531598,50.141069953203576],[-127.26559944771701,50.14142317310439],[-127.2650402503383,50.141450276939615],[-127.26516494292781,50.14108287913953]]],[[[-127.00418206323496,49.85068656095661],[-127.004727947236,49.8506252798099],[-127.00490454916957,49.85070925141177],[-127.00461763668588,49.85093716946233],[-127.00418206323496,49.85068656095661]]],[[[-127.2515282509519,49.939406278907306],[-127.25187723935841,49.93939338244856],[-127.25196947399336,49.939907569464346],[-127.25135054811682,49.93966397938385],[-127.2515282509519,49.939406278907306]]],[[[-127.93897595981555,50.108784560163336],[-127.93944506192034,50.10846556181709],[-127.93994994643413,50.10833456184517],[-127.93932514048595,50.10883306223777],[-127.93897595981555,50.108784560163336]]],[[[-126.9215696699792,49.758004670743865],[-126.92169856042973,49.757601663297386],[-126.92224674884683,49.75773696334599],[-126.92177264445867,49.75779245697709],[-126.9215696699792,49.758004670743865]]],[[[-127.69205513890613,50.10747005871234],[-127.69258995052716,50.107387452239756],[-127.6928339366262,50.10761386038553],[-127.69248374155273,50.107700775364115],[-127.69205513890613,50.10747005871234]]],[[[-127.40402205810209,50.00486436109648],[-127.40427604307214,50.00476038303424],[-127.40471385160987,50.00502666278306],[-127.40452726335165,50.005186166651384],[-127.40402205810209,50.00486436109648]]],[[[-126.54102733511806,49.63037276981114],[-126.54126714794783,49.63028727830386],[-126.54158223100738,49.63037556624609],[-126.5410920447467,49.63073447384823],[-126.54102733511806,49.63037276981114]]],[[[-127.54523604272579,50.10337686465518],[-127.54542377313928,50.103198871475534],[-127.54574305628408,50.103238759974325],[-127.54550855801494,50.10363176003738],[-127.54523604272579,50.10337686465518]]],[[[-127.457479754811,50.0508491727419],[-127.45783034926423,50.05079076335759],[-127.45847914432072,50.05100587310714],[-127.45791833189767,50.05109696879479],[-127.457479754811,50.0508491727419]]],[[[-127.64979712760396,50.13616506585666],[-127.65006535879664,50.13606815997887],[-127.65024945200625,50.136466970503534],[-127.649772074294,50.136515370311905],[-127.64979712760396,50.13616506585666]]],[[[-126.56792775306452,49.56355305384216],[-126.56758415313428,49.56379665236215],[-126.56746035587847,49.56375816496972],[-126.5678419370938,49.56331667590512],[-126.56829345283693,49.56344347758757],[-126.56792775306452,49.56355305384216]]],[[[-126.5324897494218,49.62007996520669],[-126.53262543482663,49.619901978242375],[-126.53313903078099,49.619867766744534],[-126.53244614897405,49.62042885129983],[-126.5324897494218,49.62007996520669]]],[[[-126.9673879513109,49.73085925803405],[-126.96780124496973,49.73089346274163],[-126.96774573365178,49.73123526653064],[-126.96746994202832,49.73118536344847],[-126.9673879513109,49.73085925803405]]],[[[-127.36676532890856,50.000181462265424],[-127.36707514116799,50.00009605581666],[-127.36745814964442,50.000326769091075],[-127.36706135703504,50.00051907015676],[-127.36676532890856,50.000181462265424]]],[[[-126.99510584087659,49.81186828173845],[-126.99563624876166,49.81179707961015],[-126.99583623211771,49.81200785928935],[-126.99563343004185,49.81219297305174],[-126.99510584087659,49.81186828173845]]],[[[-126.99501805583478,49.80285445126944],[-126.99559175400029,49.80274765838453],[-126.99560283522122,49.803179156540786],[-126.99535104746556,49.803193477466316],[-126.99501805583478,49.80285445126944]]],[[[-127.63216935484202,50.10210365334395],[-127.63263033706937,50.10209086007357],[-127.63274724706802,50.10242547746209],[-127.63232794389819,50.10241976117961],[-127.63216935484202,50.10210365334395]]],[[[-126.91081254265478,49.78664977429861],[-126.91116035909282,49.78662846620034],[-126.91112484997466,49.7871411790792],[-126.91073064343843,49.78690896788031],[-126.91081254265478,49.78664977429861]]],[[[-127.38727264495326,49.99411237655005],[-127.38759426566055,49.994095869736356],[-127.38769785706468,49.99432226226285],[-127.38699902147272,49.99435796330259],[-127.38727264495326,49.99411237655005]]],[[[-127.60691807215801,50.104437872779016],[-127.60731334161429,50.10428125536835],[-127.60783035412338,50.10428695690837],[-127.60775314978646,50.10452057664321],[-127.60691807215801,50.104437872779016]]],[[[-126.58027023731812,49.62019817541307],[-126.58074485309977,49.62009987800723],[-126.58082535305186,49.62018247401018],[-126.58048144195529,49.620669580450624],[-126.58027023731812,49.62019817541307]]],[[[-126.78146034561352,49.80156986384587],[-126.78176985366304,49.8015042703845],[-126.78237166517684,49.80173076334895],[-126.78170145170185,49.801807678559285],[-126.78146034561352,49.80156986384587]]],[[[-127.2203401706375,49.929828468025796],[-127.2206498518917,49.92975297132927],[-127.22104785437232,49.9299380502789],[-127.2205252447279,49.93011895280094],[-127.2203401706375,49.929828468025796]]],[[[-127.4083390329525,50.001731065170226],[-127.40844495445664,50.00151595842835],[-127.40924175625625,50.00188777181621],[-127.40865495076332,50.0019062585751],[-127.4083390329525,50.001731065170226]]],[[[-127.62866515214002,50.10779195510029],[-127.6291479528804,50.1080397725367],[-127.62919623478659,50.108256174619235],[-127.6287774502255,50.10826908048172],[-127.62866515214002,50.10779195510029]]],[[[-127.55505044696814,50.069976368826765],[-127.55564286684555,50.06977697128106],[-127.55649466130224,50.06979686891748],[-127.5564799456489,50.06986806853984],[-127.55505044696814,50.069976368826765]]],[[[-127.40251695141373,50.00523037420277],[-127.40274645564764,50.00504516390063],[-127.40306283701837,50.005166277035336],[-127.40277223726916,50.00552227421298],[-127.40251695141373,50.00523037420277]]],[[[-127.63332565288991,50.09786235987634],[-127.63370694162082,50.09774127095067],[-127.63408044585026,50.09787226350058],[-127.63357196069198,50.09806317578582],[-127.63332565288991,50.09786235987634]]],[[[-127.27852293246731,49.94258076253945],[-127.2786381391255,49.942456876614116],[-127.2793204322509,49.942483964071386],[-127.27903135824442,49.942767357499555],[-127.27852293246731,49.94258076253945]]],[[[-127.52143004049316,50.09492705898555],[-127.52154565093969,50.094766054127575],[-127.52202474782145,50.09513215889854],[-127.52160026849215,50.09528876980797],[-127.52143004049316,50.09492705898555]]],[[[-127.59469104082815,50.10933715877856],[-127.59506265230023,50.10957505909003],[-127.59453784495334,50.109767254375356],[-127.59445774225875,50.10964055567807],[-127.59469104082815,50.10933715877856]]],[[[-127.57202974483263,50.11371097087646],[-127.57256134765964,50.11368955260282],[-127.57262615580497,50.11388897716112],[-127.57200784930461,50.11398866198586],[-127.57202974483263,50.11371097087646]]],[[[-127.3449909374393,49.964379057217],[-127.34534763382014,49.96474436125297],[-127.34522236344077,49.965138868962555],[-127.34493413721107,49.96460477378652],[-127.3449909374393,49.964379057217]]],[[[-127.7126442440607,50.12668836627871],[-127.71331424595597,50.126749575208045],[-127.7133498583468,50.126956060504895],[-127.71298462466106,50.126997362100646],[-127.7126442440607,50.12668836627871]]],[[[-127.37717736712102,49.99676627374422],[-127.37761543870585,49.99706966463951],[-127.37763023472566,49.9974114770436],[-127.37716655561273,49.997125173728776],[-127.37717736712102,49.99676627374422]]],[[[-127.40484315905351,49.999866758300335],[-127.40516475705547,49.99986107400225],[-127.40531093790804,50.000466368894415],[-127.40507684396002,50.000363779642676],[-127.40484315905351,49.999866758300335]]],[[[-127.50437716098531,50.11350946891419],[-127.50466194923435,50.113428957997414],[-127.50519674902965,50.11380496981083],[-127.504941245367,50.113873272379614],[-127.50437716098531,50.11350946891419]]],[[[-127.18129456570634,50.0241993682461],[-127.18154985143647,50.024122473807516],[-127.18188585270791,50.02411967786366],[-127.18094734409158,50.02454546564868],[-127.18129456570634,50.0241993682461]]],[[[-127.30037835215009,49.95796936859538],[-127.3007667672678,49.958029168579905],[-127.30052783475008,49.958447861069345],[-127.30021836076524,49.95813747464653],[-127.30037835215009,49.95796936859538]]],[[[-127.36153195320307,50.02559937287695],[-127.36110075054921,50.02559227724531],[-127.36143943797865,50.025093767812656],[-127.36173226101268,50.02545835817216],[-127.36153195320307,50.02559937287695]]],[[[-127.79285753078182,50.07979906396646],[-127.79334713918502,50.07973216955105],[-127.79371765285694,50.08003266855797],[-127.79350693116284,50.0801109657536],[-127.79285753078182,50.07979906396646]]],[[[-127.41555014818374,50.013747065555606],[-127.41512925695835,50.01381407438447],[-127.41487355251245,50.01353207330623],[-127.41540594727044,50.01343946988955],[-127.41555014818374,50.013747065555606]]],[[[-126.56461165955669,49.56544447543698],[-126.56499874555108,49.56540736709829],[-126.56521134875277,49.56558254981046],[-126.56489532881349,49.56581906387141],[-126.56461165955669,49.56544447543698]]],[[[-127.36965163859689,49.997325960504625],[-127.36998826709446,49.99732166214104],[-127.37014064787517,49.9977204812709],[-127.36975876978225,49.99787576747628],[-127.36965163859689,49.997325960504625]]],[[[-127.79091235483737,50.08157795454428],[-127.79054574372918,50.08115067054731],[-127.79052283379558,50.08088146199917],[-127.79109753651544,50.081408469517754],[-127.79091235483737,50.08157795454428]]],[[[-127.35819165643693,50.03184736558368],[-127.35861585789102,50.03169216664667],[-127.35882175472388,50.03180326027847],[-127.35839456353457,50.03208526382336],[-127.35819165643693,50.03184736558368]]],[[[-127.6240626430499,50.106370579653614],[-127.62471042998094,50.10621536251227],[-127.62500024249259,50.10634495849348],[-127.62440963291692,50.10649167428866],[-127.6240626430499,50.106370579653614]]],[[[-127.60329994825253,50.100905855639375],[-127.60376632683999,50.100749163800515],[-127.60423815758143,50.10084466376907],[-127.60386995961628,50.10101975475573],[-127.60329994825253,50.100905855639375]]],[[[-127.1949765479705,49.90308757841506],[-127.19529094615882,49.903212763847534],[-127.19523256112295,49.90370557457806],[-127.1949051421362,49.90352187162716],[-127.1949765479705,49.90308757841506]]],[[[-127.09189803553726,49.85803826385449],[-127.09220492721255,49.8580525683063],[-127.0926895452892,49.85842996391425],[-127.09227015573293,49.85848547834287],[-127.09189803553726,49.85803826385449]]],[[[-127.51106774346628,50.118378082629725],[-127.51148844796577,50.11834677673197],[-127.51157574339469,50.11872555511189],[-127.51116956207994,50.11872986596134],[-127.51106774346628,50.118378082629725]]],[[[-127.51395975783049,50.089596270311716],[-127.51434273638144,50.08940397465512],[-127.5146642442747,50.08944386022231],[-127.51409054779502,50.089922354254405],[-127.51395975783049,50.089596270311716]]],[[[-127.06309275239995,49.825456676983],[-127.06266405898766,49.82535976183809],[-127.0635379436665,49.82511345417254],[-127.06357143996614,49.82527576958731],[-127.06309275239995,49.825456676983]]],[[[-127.22300536333442,49.89829785981704],[-127.22398272937335,49.89824087185933],[-127.22409964550747,49.89845876198352],[-127.22330733983918,49.898427472285775],[-127.22300536333442,49.89829785981704]]],[[[-127.24404383098623,49.96164526277636],[-127.24436264202122,49.961659474991926],[-127.24447443898983,49.96204688104384],[-127.24396794072167,49.962183582549294],[-127.24404383098623,49.96164526277636]]],[[[-127.51929713701209,50.09154457738444],[-127.51963562945835,50.09139647020084],[-127.52024394715745,50.0916200538145],[-127.51940534539848,50.09166276387499],[-127.51929713701209,50.09154457738444]]],[[[-127.43053665210172,49.99848098087514],[-127.4309613502629,49.998674664850085],[-127.430284344,49.998908283229696],[-127.43048815468603,49.99867755887362],[-127.43053665210172,49.99848098087514]]],[[[-126.63189995261243,49.722480161256534],[-126.6320190469072,49.72283097567216],[-126.63149623940373,49.72302756584258],[-126.63158426237077,49.722660066593534],[-126.63189995261243,49.722480161256534]]],[[[-127.25356234542733,49.960592771691054],[-127.25352915645243,49.96034066080837],[-127.25419695045389,49.96039477074206],[-127.25396262861311,49.960698161485475],[-127.25356234542733,49.960592771691054]]],[[[-127.26350504472337,49.94197835839207],[-127.26404675119835,49.94204097707531],[-127.26403505325996,49.94235576896923],[-127.26356083548572,49.942357163589044],[-127.26350504472337,49.94197835839207]]],[[[-127.43430383811337,50.00580856347617],[-127.43455694646337,50.00574017706227],[-127.43493405211457,50.00616746601335],[-127.43452725658881,50.006170269540846],[-127.43430383811337,50.00580856347617]]],[[[-127.38483276088861,50.01440366031609],[-127.38528714280055,50.01379837378284],[-127.38556664921937,50.01380265954861],[-127.38557145048698,50.0140803787407],[-127.38483276088861,50.01440366031609]]],[[[-127.60410064353283,50.09738947762677],[-127.60443984417572,50.097302677642816],[-127.60478176409656,50.09758605961485],[-127.60423226397525,50.09770566123221],[-127.60410064353283,50.09738947762677]]],[[[-127.58428723928563,50.106458872515574],[-127.5846375359198,50.106381957695994],[-127.58500834842992,50.1066653733672],[-127.58440455177383,50.10674795145683],[-127.58428723928563,50.106458872515574]]],[[[-127.56097666124853,50.02417806505205],[-127.56065825837497,50.02408406139139],[-127.5616730657919,50.024196560843535],[-127.56119806009961,50.02427057013643],[-127.56097666124853,50.02417806505205]]],[[[-127.62759096395283,50.10814795947238],[-127.62798552926654,50.10808106420495],[-127.6281211351739,50.10826186696003],[-127.62758184223897,50.108525355888936],[-127.62759096395283,50.10814795947238]]],[[[-127.43341895780517,50.02870556799151],[-127.43381432377718,50.02853036395788],[-127.43286335765185,50.02902177724703],[-127.43303764499316,50.02892255879327],[-127.43341895780517,50.02870556799151]]],[[[-127.02994194852498,49.85149686911158],[-127.02999304895941,49.85130036787818],[-127.03057487068966,49.851354470107175],[-127.0304507524688,49.851649264096885],[-127.02994194852498,49.85149686911158]]],[[[-127.57151585907938,50.11450427714169],[-127.57199556240596,50.11436746756518],[-127.57220153754346,50.11449567182522],[-127.57174814251724,50.11475057980913],[-127.57151585907938,50.11450427714169]]],[[[-127.3848063596055,50.0027464606779],[-127.38517955042167,50.00284047009819],[-127.38520214032856,50.003381656004755],[-127.38497983761211,50.003368865472616],[-127.3848063596055,50.0027464606779]]],[[[-126.98254724493545,49.74675917889933],[-126.9821388495546,49.746608159867264],[-126.98325065784651,49.74653695828579],[-126.98316053219706,49.746697859453846],[-126.98254724493545,49.74675917889933]]],[[[-127.36546634059847,50.02574466116726],[-127.36573426443431,50.02564927443259],[-127.36611842722995,50.0258158658934],[-127.36555194591249,50.02607796616035],[-127.36546634059847,50.02574466116726]]],[[[-126.98503115441729,49.817432666000784],[-126.98463862731356,49.8175337701443],[-126.98457493578309,49.81737996332196],[-126.98531714281094,49.81726746503403],[-126.98503115441729,49.817432666000784]]],[[[-126.98813275815435,49.854952063531],[-126.98855194361937,49.85488797470281],[-126.98833405934644,49.855459072319114],[-126.98813334748932,49.85525827358456],[-126.98813275815435,49.854952063531]]],[[[-127.39710513413449,49.99291517186146],[-127.3974124598958,49.99295507291393],[-127.39764916393206,49.99335386997482],[-127.397012838255,49.99320146551236],[-127.39710513413449,49.99291517186146]]],[[[-127.60451545679565,50.10144136583263],[-127.60479754054872,50.10131888123345],[-127.60563496023957,50.10139157473362],[-127.6055058367091,50.10153395785003],[-127.60451545679565,50.10144136583263]]],[[[-127.64213863155955,50.12807276633607],[-127.64168125711679,50.12819087223922],[-127.64154606017246,50.1280626710836],[-127.64240075845876,50.127965871621264],[-127.64213863155955,50.12807276633607]]],[[[-127.28636856525462,49.98343426658429],[-127.2868025434158,49.98337727866836],[-127.28717895433638,49.983797356074085],[-127.28680285446156,49.983791656578475],[-127.28636856525462,49.98343426658429]]],[[[-127.55199413730661,50.08162566388562],[-127.55238565614349,50.081438350791764],[-127.55295355685108,50.08164347763254],[-127.55266786826442,50.08179296442332],[-127.55199413730661,50.08162566388562]]],[[[-127.52488866515655,50.1033896594999],[-127.52558763195971,50.103371159897],[-127.52570564012143,50.10364316300624],[-127.5254807570141,50.103703058349886],[-127.52488866515655,50.1033896594999]]],[[[-127.24236744924676,49.919226570771826],[-127.24260483115009,49.919168171555064],[-127.24270414088636,49.91990736270752],[-127.24228816796207,49.91949576668886],[-127.24236744924676,49.919226570771826]]],[[[-127.90055626370751,50.108247672204776],[-127.9009942649673,50.1080083704433],[-127.90144295557084,50.107968559268784],[-127.90097175539192,50.10839575055237],[-127.90055626370751,50.108247672204776]]],[[[-127.22650946659216,49.93486156788267],[-127.22700412775528,49.93469776946143],[-127.22732935202636,49.93497267800153],[-127.22700446293237,49.93506666660071],[-127.22650946659216,49.93486156788267]]],[[[-127.2251370527803,49.90432086190998],[-127.22583176873916,49.90435787123632],[-127.2258227461797,49.90463695925385],[-127.22520074697495,49.90452027682126],[-127.2251370527803,49.90432086190998]]],[[[-127.29149292743999,49.977798663735896],[-127.29180475130681,49.97761346263035],[-127.29202484664522,49.978093458778005],[-127.29152575163211,49.9780236589333],[-127.29149292743999,49.977798663735896]]],[[[-127.38475084736676,49.99325075644051],[-127.38540294805316,49.993660053345266],[-127.38533494959856,49.99403748083309],[-127.38480663426142,49.99353616139323],[-127.38475084736676,49.99325075644051]]],[[[-127.67299834888831,50.14726105436475],[-127.67248985398673,50.1474176809087],[-127.67227323669128,50.14714426226379],[-127.67281003958652,50.146989059271874],[-127.67299834888831,50.14726105436475]]],[[[-127.37038844744266,49.997400056101625],[-127.37064684629016,49.99721485693956],[-127.37088255809701,49.99764925999775],[-127.37037144456998,49.9979113744213],[-127.37038844744266,49.997400056101625]]],[[[-127.58723103691496,50.106709568780914],[-127.58776736102801,50.10654575554604],[-127.58802405027717,50.10679215486048],[-127.58747623405124,50.10689327134193],[-127.58723103691496,50.106709568780914]]],[[[-127.06511383548441,49.84515346867],[-127.06549202532172,49.84511506653574],[-127.06606296231476,49.84545826752779],[-127.0653832416313,49.84541978334866],[-127.06511383548441,49.84515346867]]],[[[-126.93495123195781,49.74273576550132],[-126.93524693610347,49.742606160676935],[-126.93567344024225,49.74338657231694],[-126.93540876119384,49.74338236202924],[-126.93495123195781,49.74273576550132]]],[[[-126.6116615305135,49.60529646407812],[-126.61218935664517,49.60542486569167],[-126.61244624657814,49.60582505551306],[-126.61164554924846,49.60550316333722],[-126.6116615305135,49.60529646407812]]],[[[-126.71793494973979,49.599669664674224],[-126.71824224744891,49.59962976133283],[-126.71874284170957,49.599883260652504],[-126.71792245728568,49.59996587549305],[-126.71793494973979,49.599669664674224]]],[[[-127.48215687184977,50.10325157184034],[-127.48256386988841,50.10316756587275],[-127.48290633799388,50.10342386116807],[-127.4823451417243,50.103515059762806],[-127.48215687184977,50.10325157184034]]],[[[-126.80403513407458,49.869968873038815],[-126.80487594283989,49.87014695438501],[-126.80494563094604,49.870436059746545],[-126.80473584954842,49.87045886348972],[-126.80403513407458,49.869968873038815]]],[[[-126.90753335067127,49.844961166640005],[-126.90788625234059,49.84484156170714],[-126.90803286412479,49.84500676257377],[-126.9072706573804,49.84525316478975],[-126.90753335067127,49.844961166640005]]],[[[-126.95801942810839,49.79265426751159],[-126.95838385651321,49.7926072751917],[-126.95875493214302,49.793045960868916],[-126.95852894837624,49.793131369810716],[-126.95801942810839,49.79265426751159]]],[[[-127.23988103598339,49.914763164479005],[-127.240304047023,49.91467195792433],[-127.24049523743307,49.91476457123262],[-127.23995175769,49.91514195249996],[-127.23988103598339,49.914763164479005]]],[[[-127.06166153956877,49.824740260420235],[-127.06220835730653,49.824587863564346],[-127.06220985342169,49.82492966796617],[-127.06169083546739,49.82502797710858],[-127.06166153956877,49.824740260420235]]],[[[-127.23615225450058,50.01922745791848],[-127.23640693265217,50.019509465625504],[-127.23603906410808,50.01997236186718],[-127.23597524213776,50.01981846159462],[-127.23615225450058,50.01922745791848]]],[[[-126.67034294615841,49.579505655247544],[-126.67081753906378,49.57942446256116],[-126.67132194630241,49.57959687361575],[-126.670729940784,49.57981047014365],[-126.67034294615841,49.579505655247544]]],[[[-127.30388864648815,49.96398375851214],[-127.30404485973496,49.96392396031129],[-127.30463535801965,49.9642016560646],[-127.30411245733185,49.964374063193304],[-127.30388864648815,49.96398375851214]]],[[[-127.2318882622102,50.052415862218545],[-127.23260415209836,50.05235456711517],[-127.23276543824333,50.05252837697697],[-127.23200625148978,50.052677861351455],[-127.2318882622102,50.052415862218545]]],[[[-127.04947305213531,49.821810662274984],[-127.0499530539788,49.82197157228423],[-127.04967283305771,49.82237187202743],[-127.04947816088516,49.822377468985856],[-127.04947305213531,49.821810662274984]]],[[[-127.40067904099844,49.99641906637637],[-127.40095456018834,49.99636746163153],[-127.4013976369935,49.99688586925511],[-127.40107274087055,49.99698987597656],[-127.40067904099844,49.99641906637637]]],[[[-127.64152275694946,50.12637216310434],[-127.64229365425665,50.12637215607242],[-127.64241334624454,50.12654447764334],[-127.64176894216087,50.126608577058875],[-127.64152275694946,50.12637216310434]]],[[[-127.31837114417937,49.95853766282672],[-127.31869017331339,49.95900906829478],[-127.3182080312629,49.959236959769115],[-127.31826904128998,49.95872416676354],[-127.31837114417937,49.95853766282672]]],[[[-127.35820914452016,50.02401426174895],[-127.35867323909837,50.023858980505736],[-127.35909813768266,50.02414385638344],[-127.35884084531052,50.0242833699271],[-127.35820914452016,50.02401426174895]]],[[[-127.54725373571266,50.098625760133224],[-127.54762565780115,50.09882797426852],[-127.54709865147221,50.09912707355467],[-127.5471088740561,50.098812270895394],[-127.54725373571266,50.098625760133224]]],[[[-127.58587865377817,50.10650445364175],[-127.58642684203315,50.10646596946635],[-127.58662616680019,50.10677507460266],[-127.58623323491459,50.10682347704418],[-127.58587865377817,50.10650445364175]]],[[[-127.42658426140626,49.996880166355425],[-127.42629643472353,49.99667796540697],[-127.42713004406953,49.99639316340691],[-127.42676473642531,49.99687307386684],[-127.42658426140626,49.996880166355425]]],[[[-127.07661875948078,49.85040026683399],[-127.07696413810365,49.85013676981606],[-127.07755315702852,49.85035326701502],[-127.07729565249423,49.85053835969402],[-127.07661875948078,49.85040026683399]]],[[[-127.5152013548332,50.12131767347591],[-127.5154839718202,50.12126777173352],[-127.51593105058642,50.121749166174304],[-127.51549776094286,50.12173497301552],[-127.5152013548332,50.12131767347591]]],[[[-126.61439814879787,49.5961859787503],[-126.61467222846686,49.59593106061159],[-126.61527714194631,49.596042159573464],[-126.61512664505833,49.596264358170615],[-126.61439814879787,49.5961859787503]]],[[[-127.34295343774342,49.970314477200496],[-127.34338534432456,49.970275978452406],[-127.34338704121438,49.97064485536804],[-127.34270625758768,49.97059925573029],[-127.34295343774342,49.970314477200496]]],[[[-127.30279513159459,49.962996865408286],[-127.30254824486151,49.96247985918401],[-127.30325413317571,49.96265216460693],[-127.30307254465447,49.96300967612013],[-127.30279513159459,49.962996865408286]]],[[[-127.35663234540006,50.030071364198456],[-127.35681734162127,50.030011579367994],[-127.35727223205758,50.03019816510674],[-127.35675434016945,50.03061408091054],[-127.35663234540006,50.030071364198456]]],[[[-127.3689008487117,49.99768486833207],[-127.36935356598462,49.99750116545596],[-127.3696419671695,49.99801816586744],[-127.36933544748949,49.99800535796508],[-127.3689008487117,49.99768486833207]]],[[[-127.69428686041093,50.130359969691],[-127.6949462336916,50.130277358704326],[-127.69531765396637,50.13048816819549],[-127.69432474900498,50.130512355834014],[-127.69428686041093,50.130359969691]]],[[[-127.2152526593396,49.98797457479028],[-127.21565476841066,49.98805296959568],[-127.21531415687765,49.98855146165802],[-127.21504407065545,49.988303566465035],[-127.2152526593396,49.98797457479028]]],[[[-126.99203325271895,49.80312645692266],[-126.99143404923673,49.80315217770285],[-126.99145366072426,49.80271205657805],[-126.9922176488024,49.80301257441412],[-126.99203325271895,49.80312645692266]]],[[[-126.60076375069511,49.69714155797607],[-126.60109265659905,49.69715105700622],[-126.60124414143885,49.697468662509344],[-126.60082196331142,49.69756696966295],[-126.60076375069511,49.69714155797607]]],[[[-127.23887563630696,50.10577096053384],[-127.23946656166532,50.105698366913444],[-127.23961854437147,50.1061241651269],[-127.23932446271279,50.10614557492678],[-127.23887563630696,50.10577096053384]]],[[[-127.58982554084909,50.104499870784736],[-127.59025913412408,50.10450766878833],[-127.59050035620771,50.10491507096806],[-127.59023236492804,50.10494776673273],[-127.58982554084909,50.104499870784736]]],[[[-126.92904095163458,49.768726165263644],[-126.92937714305728,49.76867766465448],[-126.92980382761962,49.769053665468874],[-126.9292481265761,49.76905366671698],[-126.92904095163458,49.768726165263644]]],[[[-127.28904926462862,49.986486361058205],[-127.28970014535011,49.98626277972787],[-127.28974553667958,49.98654186958644],[-127.2895154484101,49.98673696006654],[-127.28904926462862,49.986486361058205]]],[[[-127.60692416208855,50.10275735967122],[-127.60713442971286,50.1027146687598],[-127.607548037174,50.10341245933925],[-127.60709214537334,50.1031988585333],[-127.60692416208855,50.10275735967122]]],[[[-126.93456325039155,49.742395355547075],[-126.93512883808513,49.74180286016512],[-126.93541825267486,49.74187976920662],[-126.93532602813367,49.742067760292755],[-126.93456325039155,49.742395355547075]]],[[[-127.34143774769616,49.969753255531465],[-127.34238415595797,49.969784572211346],[-127.34238934544992,49.97005516858984],[-127.34184784328981,49.97001955645639],[-127.34143774769616,49.969753255531465]]],[[[-126.65410673279752,49.787609774538396],[-126.6547898335342,49.78783045715674],[-126.65480143712524,49.78818086441508],[-126.65473145510833,49.788197954595276],[-126.65410673279752,49.787609774538396]]],[[[-127.31019515720072,49.96143767397802],[-127.31056576559433,49.96131057322766],[-127.31057885101218,49.961706454220916],[-127.31001753929384,49.961780566489765],[-127.31019515720072,49.96143767397802]]],[[[-127.60914735475929,50.10276585101846],[-127.60985184629163,50.10253945675188],[-127.61011684707812,50.10260635824151],[-127.60980143064914,50.10289976004386],[-127.60914735475929,50.10276585101846]]],[[[-127.06162763246147,49.82557626947771],[-127.0621707673218,49.82557627092037],[-127.0625196445607,49.825869669576925],[-127.06174163489945,49.8258297738105],[-127.06162763246147,49.82557626947771]]],[[[-127.5956747284141,50.106282270151716],[-127.59514445740385,50.106266562764596],[-127.59632125224991,50.106208160076164],[-127.59616515231771,50.106287955261244],[-127.5956747284141,50.106282270151716]]],[[[-127.40634895329707,50.02649235313921],[-127.4067493351751,50.026210358373085],[-127.40718244881954,50.02619897392134],[-127.40694693288967,50.02654646094201],[-127.40634895329707,50.02649235313921]]],[[[-126.56533326107129,49.57539967078277],[-126.56549262364886,49.57523166382757],[-126.56585622527147,49.57569876434003],[-126.56543203560925,49.57587817796841],[-126.56533326107129,49.57539967078277]]],[[[-127.60289125918489,50.103868256674126],[-127.60340086399545,50.10370447070869],[-127.60377444953755,50.10381556602396],[-127.60304034617296,50.104077565525124],[-127.60289125918489,50.103868256674126]]],[[[-127.54697483275761,50.068067870507655],[-127.54740315156437,50.06778586152789],[-127.54738064592783,50.068486567694386],[-127.54706303514611,50.06837545968835],[-127.54697483275761,50.068067870507655]]],[[[-127.72449447397588,50.12088187285113],[-127.7251184579012,50.120557170799756],[-127.72545317595348,50.12063257014007],[-127.72527684353024,50.120900377329455],[-127.72449447397588,50.12088187285113]]],[[[-127.32319674260711,49.96455205932858],[-127.3236366675588,49.96433417273264],[-127.32374265202041,49.9645064605256],[-127.32304445393021,49.9649280611758],[-127.32319674260711,49.96455205932858]]],[[[-127.33249524934784,50.00939897159347],[-127.33207295393682,50.00948307836842],[-127.33153972986709,50.009169660918566],[-127.33272203089939,50.009267965224275],[-127.33249524934784,50.00939897159347]]],[[[-127.40639393763263,50.00231637937296],[-127.40684656353476,50.002132674307305],[-127.40729875989264,50.002381977205],[-127.40675183008813,50.00249156948745],[-127.40639393763263,50.00231637937296]]],[[[-127.34036483063726,50.01757106771905],[-127.34073336308474,50.01739735899656],[-127.34090943072616,50.017534069895355],[-127.34039272993579,50.01798556412189],[-127.34036483063726,50.01757106771905]]],[[[-127.59873384020146,50.096389657343266],[-127.59951282550753,50.09648796580194],[-127.5998289431823,50.09667168242399],[-127.59882395544018,50.09666027958188],[-127.59873384020146,50.096389657343266]]],[[[-126.56769166707147,49.58081026443039],[-126.56771184875569,49.580388661413366],[-126.5684119528883,49.58051967670855],[-126.56803956192414,49.580781768863915],[-126.56769166707147,49.58081026443039]]],[[[-126.94251954436852,49.973867879064315],[-126.94306685869464,49.97379655907197],[-126.9431803632143,49.97407716038939],[-126.94259272678875,49.974139866779986],[-126.94251954436852,49.973867879064315]]],[[[-127.17762053585741,49.87798167371485],[-127.17828444775091,49.878129670616595],[-127.17858073753038,49.87843025677393],[-127.17824523773368,49.87843437765393],[-127.17762053585741,49.87798167371485]]],[[[-127.4429857636637,50.048504967061646],[-127.44250094905011,50.048372480870384],[-127.44221532575429,50.048134662861365],[-127.44344153663846,50.04824147058863],[-127.4429857636637,50.048504967061646]]],[[[-126.90573916103827,49.843363265734304],[-126.90647456434698,49.84308977085393],[-126.9066180393008,49.84330765939905],[-126.90602565964488,49.84349427322632],[-126.90573916103827,49.843363265734304]]],[[[-127.60045775623125,50.11832965406379],[-127.60078375329678,50.11818866014059],[-127.60099114596757,50.11824565741907],[-127.6003602402613,50.11875977162021],[-127.60045775623125,50.11832965406379]]],[[[-127.29111882907233,49.98557336079066],[-127.29148913513299,49.98575856959773],[-127.29086854066497,49.98598355519735],[-127.29082954764202,49.9858482595079],[-127.29111882907233,49.98557336079066]]],[[[-125.36854924914374,50.16633117344983],[-125.36918583267799,50.166472169856746],[-125.36913504597266,50.16686815384791],[-125.36875155503341,50.166749966280406],[-125.36854924914374,50.16633117344983]]],[[[-127.61544846697585,50.104855168109296],[-127.61510924250409,50.104986262156416],[-127.6145657493096,50.1049263631758],[-127.61521994033178,50.104610266526976],[-127.61544846697585,50.104855168109296]]],[[[-127.42654232926344,50.00241186246889],[-127.42711182560565,50.00204156777932],[-127.42759966512244,50.00208426227133],[-127.42708775187816,50.00239186044605],[-127.42654232926344,50.00241186246889]]],[[[-127.25464074359539,49.92265898069752],[-127.25488334733214,49.9225279710798],[-127.25554753609099,49.92265466156445],[-127.25531614274321,49.922903959533336],[-127.25464074359539,49.92265898069752]]],[[[-127.26285893807372,49.953716673320045],[-127.26300414567517,49.95355717005139],[-127.26391813919727,49.95372376043256],[-127.26292175266742,49.95391467366603],[-127.26285893807372,49.953716673320045]]],[[[-127.23316173787843,50.11205175804079],[-127.23360572766487,50.11180676003713],[-127.23384363028785,50.1121428627628],[-127.23333635174167,50.112279560610276],[-127.23316173787843,50.11205175804079]]],[[[-126.94534876730766,49.720500365519605],[-126.94563215653669,49.72055367175358],[-126.94576774767329,49.720969559633964],[-126.9452540542654,49.72097946627947],[-126.94534876730766,49.720500365519605]]],[[[-127.20607355989257,49.91891467134248],[-127.20675473712639,49.91894316824143],[-127.20679674229775,49.919312077377285],[-127.20642093945129,49.91928786961057],[-127.20607355989257,49.91891467134248]]],[[[-127.57218153065341,50.11284926843425],[-127.57282404781526,50.11284786311421],[-127.5729589476354,50.11302016289171],[-127.57228315364509,50.113192554084975],[-127.57218153065341,50.11284926843425]]],[[[-127.27338515884483,50.14208687764972],[-127.27371554253297,50.14227207471865],[-127.27363054339746,50.14269358256654],[-127.2732318361153,50.142444374411404],[-127.27338515884483,50.14208687764972]]],[[[-127.11733885476617,49.845015365130514],[-127.11781316296715,49.844969761284226],[-127.11793235738564,49.845475358115266],[-127.1174623469096,49.845404167508654],[-127.11733885476617,49.845015365130514]]],[[[-127.32062883396885,49.961780561656305],[-127.3210361368659,49.96132766540919],[-127.32143844571823,49.96134336339647],[-127.32096112845528,49.961894469393705],[-127.32062883396885,49.961780561656305]]],[[[-127.12025724128935,49.84901167684792],[-127.120874727225,49.84887776517668],[-127.12107445346746,49.84914266661444],[-127.12063245868582,49.84939615613198],[-127.12025724128935,49.84901167684792]]],[[[-127.24277543808745,49.97040556395943],[-127.24310223876182,49.97027456576577],[-127.24373977296372,49.970384168594585],[-127.24345294621943,49.97058647818726],[-127.24277543808745,49.97040556395943]]],[[[-127.27157953195345,49.93521766786154],[-127.27213603831761,49.93484015672127],[-127.27241306134145,49.93527606602955],[-127.27188242629664,49.93531306640299],[-127.27157953195345,49.93521766786154]]],[[[-127.43546374504642,50.03668397269711],[-127.43563345689591,50.03615556763504],[-127.43630075923792,50.03629096141295],[-127.43573005901926,50.03662556954043],[-127.43546374504642,50.03668397269711]]],[[[-126.3647691361356,49.636684858880315],[-126.36386635218322,49.63670044813042],[-126.36372553634419,49.636491166803616],[-126.36457675601159,49.63639287425599],[-126.3647691361356,49.636684858880315]]],[[[-126.9695923424873,49.82525017637498],[-126.96950023539254,49.82512336647104],[-126.9698925238899,49.82440986353961],[-126.97016336383739,49.82492686369262],[-126.9695923424873,49.82525017637498]]],[[[-127.6249057502334,50.107693653422864],[-127.62523287291161,50.10753556710886],[-127.62544344794894,50.1079329551741],[-127.62489506237749,50.108035456783085],[-127.6249057502334,50.107693653422864]]],[[[-127.4327511552399,50.00757747151657],[-127.43309014812583,50.007500555021394],[-127.43331175250982,50.00797195053807],[-127.43289076660385,50.00801036341178],[-127.4327511552399,50.00757747151657]]],[[[-126.92193155199281,49.778105954376535],[-126.92229585081141,49.778040456513644],[-126.92283605641997,49.77841925983873],[-126.9223451508241,49.7784819588367],[-126.92193155199281,49.778105954376535]]],[[[-126.90336725929413,49.8467386624882],[-126.90382153231614,49.84652216969889],[-126.90393206115296,49.84690237327696],[-126.90344753410356,49.847135962294004],[-126.90336725929413,49.8467386624882]]],[[[-126.95710357291844,49.78803267055888],[-126.95745094330965,49.78800277971299],[-126.95783026015089,49.78826196307705],[-126.95736305327475,49.7884599504617],[-126.95710357291844,49.78803267055888]]],[[[-126.65369096063412,49.586318068523056],[-126.65409363426299,49.58628346342238],[-126.65432824244236,49.58690016797395],[-126.65391924874926,49.58673926210928],[-126.65369096063412,49.586318068523056]]],[[[-127.27028034480972,49.93997587522308],[-127.27042283478147,49.93987906266598],[-127.2710257718234,49.94016677089358],[-127.27068454344675,49.94038608391304],[-127.27028034480972,49.93997587522308]]],[[[-127.58952533837049,50.1040012692239],[-127.58926463714673,50.10412597216157],[-127.58900396350685,50.10395226057342],[-127.58991756173235,50.10377427400799],[-127.58952533837049,50.1040012692239]]],[[[-127.24358385512764,49.92104325274744],[-127.24376215697336,49.92105667294986],[-127.24397463428753,49.92174317365587],[-127.24348455858718,49.92145697638428],[-127.24358385512764,49.92104325274744]]],[[[-126.97926994516938,49.8072580615916],[-126.97970024399002,49.80693336001359],[-126.98073045876191,49.80719406135592],[-126.97940616602,49.80731506647063],[-126.97926994516938,49.8072580615916]]],[[[-127.78569263977577,50.083412268306525],[-127.78581123420574,50.083188672693616],[-127.78656106444645,50.08336677518447],[-127.78616454387173,50.08360596903124],[-127.78569263977577,50.083412268306525]]],[[[-127.72647963106361,50.12144436107897],[-127.7266233424867,50.121337574023535],[-127.72717676641155,50.12156827222879],[-127.72663523638083,50.121931463862765],[-127.72647963106361,50.12144436107897]]],[[[-126.92209096010194,49.75881365624209],[-126.92245486388697,49.758721064704325],[-126.92323035216012,49.7590770546666],[-126.9227697382916,49.759141176183576],[-126.92209096010194,49.75881365624209]]],[[[-127.64913093829978,50.10211356883794],[-127.64898684025376,50.10176036654431],[-127.64979836595496,50.10174326864901],[-127.649723742328,50.101912760724],[-127.64913093829978,50.10211356883794]]],[[[-127.0529705382881,49.82198588156426],[-127.05346563897103,49.82211976234191],[-127.05334373972109,49.822693661520645],[-127.05319413520135,49.82263677262104],[-127.0529705382881,49.82198588156426]]],[[[-127.39472634855149,50.00823545694692],[-127.39438776130463,50.00832086499809],[-127.39408703100268,50.008127165248695],[-127.39498695475777,50.00798755649176],[-127.39472634855149,50.00823545694692]]],[[[-126.57436705787154,49.54859175897464],[-126.5741794504929,49.54818307886603],[-126.57472522912396,49.54805056105124],[-126.57457752406233,49.548516264737984],[-126.57436705787154,49.54859175897464]]],[[[-127.30258716146342,50.15653126376129],[-127.30310736295907,50.156458565601255],[-127.30340924706054,50.156633781085546],[-127.30309374172323,50.15689017115295],[-127.30258716146342,50.15653126376129]]],[[[-127.35918856023724,50.02185935834486],[-127.35980332841137,50.02188646084948],[-127.36017236621795,50.02207156349425],[-127.35969135879157,50.02225387654278],[-127.35918856023724,50.02185935834486]]],[[[-127.61187424975769,50.11436466249214],[-127.61223044221515,50.114108257139854],[-127.61256606399705,50.11411257037602],[-127.61248464282873,50.11456116708747],[-127.61187424975769,50.11436466249214]]],[[[-127.50983865836126,50.08634186341196],[-127.50954794603491,50.08628348100582],[-127.5108380703029,50.0861026708973],[-127.51065255244218,50.08627065290111],[-127.50983865836126,50.08634186341196]]],[[[-127.43968965342889,50.039439850789755],[-127.44009512323935,50.03943556357029],[-127.44023396429326,50.03984286670111],[-127.4395383472502,50.039778755457846],[-127.43968965342889,50.039439850789755]]],[[[-126.93613446499408,49.74264887315094],[-126.93646823105082,49.74295076946128],[-126.93584645264589,49.74321855189267],[-126.93589135368497,49.74278846026579],[-126.93613446499408,49.74264887315094]]],[[[-126.82160606751457,49.79768177162593],[-126.82194264348597,49.79763326356986],[-126.82282337167055,49.79780276988231],[-126.8218434275538,49.797955165706625],[-126.82160606751457,49.79768177162593]]],[[[-127.11168014945025,49.84955565348152],[-127.1122621398585,49.84964687577962],[-127.11226086160283,49.85002426104553],[-127.11180214313593,49.85000857227069],[-127.11168014945025,49.84955565348152]]],[[[-126.86918744068245,49.78125918000812],[-126.86972686821294,49.78101707177305],[-126.86993555388227,49.7812904781062],[-126.86917705399702,49.78147425728828],[-126.86918744068245,49.78125918000812]]],[[[-126.9973872633675,49.81179996957534],[-126.99773806549332,49.81172586612208],[-126.99816666354525,49.81211037032862],[-126.99742904489007,49.812116065948935],[-126.9973872633675,49.81179996957534]]],[[[-125.44001882554045,50.32791626443538],[-125.44046315606153,50.327825163684196],[-125.4407945348354,50.32797186685805],[-125.43958524259237,50.32824815459196],[-125.44001882554045,50.32791626443538]]],[[[-127.37864735825468,49.998288756913766],[-127.37912676325045,49.998133464723544],[-127.37942275593441,49.99847105156271],[-127.37909734216593,49.998619155337956],[-127.37864735825468,49.998288756913766]]],[[[-127.64877296105,50.1128848725915],[-127.64943695318942,50.112639951964816],[-127.64970954734167,50.112886377848035],[-127.6495494581271,50.11308286811269],[-127.64877296105,50.1128848725915]]],[[[-127.51744215942473,50.09090076724879],[-127.51788325205627,50.09064445700962],[-127.51836815611271,50.09081245475603],[-127.5176320430676,50.091073184666776],[-127.51744215942473,50.09090076724879]]],[[[-127.34073526306713,50.02503396703658],[-127.34116713620534,50.02503966255642],[-127.3411823432122,50.025462680229516],[-127.3406763551322,50.025545269796694],[-127.34073526306713,50.02503396703658]]],[[[-127.597407549917,50.109199059765395],[-127.59793124457083,50.10903386753156],[-127.59836193007757,50.10911216342023],[-127.59799112521986,50.10939556432368],[-127.597407549917,50.109199059765395]]],[[[-127.52317536198474,50.08222165976879],[-127.52296243825485,50.08231856999757],[-127.52259194895632,50.0821333767231],[-127.52324474883446,50.08177305876552],[-127.52317536198474,50.08222165976879]]],[[[-127.55228625207997,50.069410857006794],[-127.55262826341045,50.06876857202506],[-127.55313293910986,50.06870306337264],[-127.552910238736,50.069113271367186],[-127.55228625207997,50.069410857006794]]],[[[-127.22658355717313,49.93934216821341],[-127.22686863800966,49.93914846663544],[-127.22764373540795,49.93930366898792],[-127.22735774556104,49.93948025778255],[-127.22658355717313,49.93934216821341]]],[[[-127.45237432674628,50.0010588680901],[-127.45229684952494,50.00089507345009],[-127.45360683088522,50.00090356913877],[-127.4528739543509,50.00112856807187],[-127.45237432674628,50.0010588680901]]],[[[-127.1945432654753,50.022004661195346],[-127.19513784355644,50.02180817047449],[-127.19520384131235,50.02226677048071],[-127.19471245841892,50.02232227625123],[-127.1945432654753,50.022004661195346]]],[[[-127.57311595643483,50.11432615866417],[-127.57351024188907,50.11380067602222],[-127.57401113286166,50.11385197008637],[-127.57393625015514,50.114031375752525],[-127.57311595643483,50.11432615866417]]],[[[-126.97084685059329,49.73708167119675],[-126.97125057019987,49.73703467068878],[-126.97147783078015,49.73725535966369],[-126.9709489338241,49.73760576086618],[-126.97084685059329,49.73708167119675]]],[[[-126.56465085624261,49.56907047260349],[-126.56440534114508,49.56899356001444],[-126.56419364265075,49.56853926195066],[-126.56499715552378,49.568816954809996],[-126.56465085624261,49.56907047260349]]],[[[-127.50173055108267,50.11011765996497],[-127.50218414530518,50.109916863307866],[-127.5023015261344,50.11021446318566],[-127.50183153708653,50.11046087784472],[-127.50173055108267,50.11011765996497]]],[[[-126.71314744765931,49.59638116578172],[-126.71419462873678,49.596509269253936],[-126.71424904441804,49.596816964047015],[-126.71399865773488,49.596821169173175],[-126.71314744765931,49.59638116578172]]],[[[-127.41849495745129,50.04051936458197],[-127.41892086642555,50.04034566835746],[-127.41904335098624,50.04045525260968],[-127.41870574964771,50.04090967673299],[-127.41849495745129,50.04051936458197]]],[[[-127.15531944939326,50.018949779901476],[-127.15519655880381,50.018481172245956],[-127.15578935643529,50.01834587430073],[-127.15590153985806,50.01868057805651],[-127.15531944939326,50.018949779901476]]],[[[-126.93696954978009,49.94285277490591],[-126.93757195781026,49.94282856041274],[-126.93760742820275,49.943305661660375],[-126.93701745046064,49.94307926205225],[-126.93696954978009,49.94285277490591]]],[[[-127.58425436565034,50.119894867084035],[-127.58517333716404,50.12003295713638],[-127.58513844879317,50.12025655208423],[-127.58467557092602,50.12027797081664],[-127.58425436565034,50.119894867084035]]],[[[-127.49630464004998,50.095322963295665],[-127.49624465263584,50.095016773534034],[-127.49714636170577,50.09482166396307],[-127.4970982237813,50.09500966295508],[-127.49630464004998,50.095322963295665]]],[[[-127.42186275092926,49.99571806243095],[-127.42229082538995,49.995481666010164],[-127.42273324262943,49.995559970551454],[-127.42228894941029,49.99591315634435],[-127.42186275092926,49.99571806243095]]],[[[-127.36549345286043,50.00887065227191],[-127.36602702842953,50.008770962675726],[-127.36617694539885,50.0092665790337],[-127.3657188514419,50.00919816845742],[-127.36549345286043,50.00887065227191]]],[[[-127.59295824637398,50.113596979770705],[-127.59336513457197,50.11351296627281],[-127.59374703513511,50.11385046558662],[-127.59324064356898,50.11399717526323],[-127.59295824637398,50.113596979770705]]],[[[-126.98251894601744,49.747459857341745],[-126.98313583468111,49.747335956652265],[-126.98343774531736,49.747719066272076],[-126.98300603829766,49.747764575433706],[-126.98251894601744,49.747459857341745]]],[[[-126.89970613982169,49.847446468227446],[-126.90026714940333,49.84732116438836],[-126.90041074554838,49.847557577995914],[-126.90000954562029,49.847829570226445],[-126.89970613982169,49.847446468227446]]],[[[-127.40634935252943,49.99903217755585],[-127.40682193150487,49.99908347243329],[-127.40699724134504,50.00012026695045],[-127.40631414393106,49.99925715727414],[-127.40634935252943,49.99903217755585]]],[[[-126.93574932752787,49.834403560106594],[-126.93626714373157,49.83430386458838],[-126.93664355333843,49.834635658980275],[-126.93615294706831,49.83473397041949],[-126.93574932752787,49.834403560106594]]],[[[-127.23261952971004,49.952059660310866],[-127.23297604756259,49.952031867602095],[-127.23346764416281,49.95229246212676],[-127.23284965031745,49.95242636993575],[-127.23261952971004,49.952059660310866]]],[[[-127.55625766898613,50.1227973654068],[-127.55676685142545,50.12266915575312],[-127.55701083130317,50.122924162416155],[-127.55666726491482,50.12316197428472],[-127.55625766898613,50.1227973654068]]],[[[-127.7446409629691,50.1106773664272],[-127.74502085084728,50.11052925519904],[-127.74575773945452,50.11071726094757],[-127.74503995729324,50.11086106910556],[-127.7446409629691,50.1106773664272]]],[[[-127.58700044544815,50.10741737993126],[-127.58784095836475,50.10735617491116],[-127.58793116232908,50.10762676203132],[-127.58727142463715,50.107646663364555],[-127.58700044544815,50.10741737993126]]],[[[-126.94604235224904,49.720345762420074],[-126.94660736864452,49.72043547131089],[-126.94650805385766,49.72081286315932],[-126.94606266197286,49.720560760262714],[-126.94604235224904,49.720345762420074]]],[[[-127.58951824534529,50.105937555498166],[-127.58988635670484,50.1058165621758],[-127.59017613634799,50.10593617147307],[-127.58967414356923,50.10630787532755],[-127.58951824534529,50.105937555498166]]],[[[-127.69209823385809,50.129489768752975],[-127.69239586585215,50.129357266048245],[-127.69294144719024,50.12940856709032],[-127.69221544842055,50.12980596548363],[-127.69209823385809,50.129489768752975]]],[[[-127.6354841295502,50.152241466245755],[-127.63597897390561,50.15213036990259],[-127.63596396915526,50.15260607357842],[-127.6354874501854,50.15262747715568],[-127.6354841295502,50.152241466245755]]],[[[-126.94314194390103,49.74302426254452],[-126.94287356135824,49.74312876447627],[-126.94255325451118,49.74316725381166],[-126.94279483710967,49.74271295850543],[-126.94314194390103,49.74302426254452]]],[[[-126.90183966119243,49.848295257905626],[-126.9020529649651,49.8481998642742],[-126.90253623725378,49.84827956391101],[-126.90201673331973,49.84872116098383],[-126.90183966119243,49.848295257905626]]],[[[-126.97145673741215,49.83023055840189],[-126.97179064963953,49.829885971028915],[-126.97217482775308,49.83035026140897],[-126.97183045926309,49.83061515913195],[-126.97145673741215,49.83023055840189]]],[[[-126.97103534128388,49.73356535767541],[-126.97138056074215,49.73360086215333],[-126.9717019405092,49.734218962993424],[-126.9714226424759,49.73423177924085],[-126.97103534128388,49.73356535767541]]],[[[-125.99288794931877,50.41621866458264],[-125.9938016346327,50.4164109594662],[-125.99423704970134,50.4168410555132],[-125.99380733206017,50.41672576841867],[-125.99288794931877,50.41621866458264]]],[[[-126.98151286488753,49.87490516758934],[-126.98195745171638,49.87491377194969],[-126.98218365638313,49.87518717150661],[-126.98170106719644,49.87540367340634],[-126.98151286488753,49.87490516758934]]],[[[-127.5114241628848,50.092451775355904],[-127.51205285126552,50.09249446408142],[-127.512010753114,50.092917475620474],[-127.51149453705611,50.09291037605114],[-127.5114241628848,50.092451775355904]]],[[[-127.35786313848934,50.03086326148198],[-127.35833004448611,50.03065386634688],[-127.35849574247096,50.03074646660253],[-127.35814375566855,50.031244970031324],[-127.35786313848934,50.03086326148198]]],[[[-127.19593806326469,49.899336075847025],[-127.19628775894587,49.89929766500795],[-127.19639394954807,49.8998117777115],[-127.1960841299584,49.89989726782366],[-127.19593806326469,49.899336075847025]]],[[[-127.28250234468688,50.035564583509455],[-127.28316013242181,50.035115975014925],[-127.28332684994913,50.0351629742251],[-127.28288765093544,50.035714058430905],[-127.28250234468688,50.035564583509455]]],[[[-127.31580123532088,50.009796366123545],[-127.31618384108164,50.009649654681525],[-127.31712994771087,50.009726576752385],[-127.31624374616067,50.009955882084874],[-127.31580123532088,50.009796366123545]]],[[[-127.55228816029415,50.080951262317264],[-127.55267155699826,50.080767564480084],[-127.55306325902659,50.08120336924557],[-127.55234602847021,50.08137426300527],[-127.55228816029415,50.080951262317264]]],[[[-127.49612894405386,50.099198282667174],[-127.49577323318138,50.099354874253166],[-127.49551613700994,50.09909147836587],[-127.49648595620155,50.098931955690155],[-127.49612894405386,50.099198282667174]]],[[[-126.90626945091888,49.84523607954084],[-126.90690293717256,49.84510215874162],[-126.90707784588125,49.84554655509964],[-126.90655115016754,49.84548386618093],[-126.90626945091888,49.84523607954084]]],[[[-127.55889814540807,50.03250828387445],[-127.55831323334806,50.03249257237492],[-127.55987326853248,50.03210656280523],[-127.55950112902931,50.03243556619658],[-127.55889814540807,50.03250828387445]]],[[[-127.05736343107469,49.824092267934994],[-127.05807875986791,49.823924174603576],[-127.05852256207912,49.82430166403734],[-127.0582686594824,49.82440417478106],[-127.05736343107469,49.824092267934994]]],[[[-125.81252034046443,50.38072026514761],[-125.81335825425097,50.380825663256324],[-125.81383624497829,50.38105637419142],[-125.81280662726915,50.38101936236277],[-125.81252034046443,50.38072026514761]]],[[[-126.55164634762357,49.62716117879919],[-126.55189846389702,49.62710416843034],[-126.55266696297669,49.62720956096965],[-126.55146115573588,49.62752576324538],[-126.55164634762357,49.62716117879919]]],[[[-127.10712914624348,50.06260886112129],[-127.10739644217568,50.062559054666224],[-127.1078478498238,50.06279977584903],[-127.10724585081543,50.06315865338033],[-127.10712914624348,50.06260886112129]]],[[[-126.55666322743635,49.62375016866256],[-126.55630405616007,49.62371597177222],[-126.55740105413449,49.62338836328772],[-126.55713762645868,49.6236703612024],[-126.55666322743635,49.62375016866256]]],[[[-127.22337456263385,49.948108170605686],[-127.22395415464064,49.94826056507065],[-127.22398294041048,49.94862085664753],[-127.22336176732377,49.948476963813846],[-127.22337456263385,49.948108170605686]]],[[[-127.38808236044042,50.00364666096669],[-127.38836575144069,50.00355117545516],[-127.38787076829567,50.00456096588525],[-127.3879472494354,50.00395846455859],[-127.38808236044042,50.00364666096669]]],[[[-127.33929504524413,50.02026427914386],[-127.34006595380443,50.01977145087422],[-127.34035894179695,50.019765780858286],[-127.3402486591178,50.02011477014233],[-127.33929504524413,50.02026427914386]]],[[[-127.52097764416756,50.092293672014065],[-127.52140065730963,50.09221816144419],[-127.52177095988897,50.09245746920307],[-127.52116203685435,50.092692469938946],[-127.52097764416756,50.092293672014065]]],[[[-126.91211844451877,49.930255653730576],[-126.9119555242371,49.929856861613814],[-126.91202605658269,49.92951656553335],[-126.91264954099388,49.929923857617716],[-126.91211844451877,49.930255653730576]]],[[[-127.1108767507577,49.850893057891234],[-127.11145484395284,49.851090979145],[-127.1114844353301,49.85137015958071],[-127.11096866551182,49.851442774269785],[-127.1108767507577,49.850893057891234]]],[[[-127.51440045015805,50.10383975284946],[-127.5148296455054,50.1035121823002],[-127.51535834899069,50.103609075248926],[-127.51502684949871,50.1039023607665],[-127.51440045015805,50.10383975284946]]],[[[-127.59443575266764,50.11042245840452],[-127.59396083723908,50.11041677767928],[-127.59530824669135,50.11026146837425],[-127.59490875231161,50.11049077968139],[-127.59443575266764,50.11042245840452]]],[[[-127.43484616678586,49.99721626783487],[-127.43540466896833,49.99720636550869],[-127.43593396229579,49.99766346397997],[-127.43519786018682,49.997616473087234],[-127.43484616678586,49.99721626783487]]],[[[-127.52578624936552,50.08555575703445],[-127.52557244691259,50.08519257530439],[-127.52665344390834,50.08501736453582],[-127.52659446166761,50.08516126889986],[-127.52578624936552,50.08555575703445]]],[[[-127.60286766802018,50.108105267296786],[-127.60272443648068,50.107716467264794],[-127.60353913675624,50.107599677229814],[-127.60340594825101,50.10781477157915],[-127.60286766802018,50.108105267296786]]],[[[-127.31378425170186,50.01481387909202],[-127.31423916181244,50.01455886168115],[-127.31470624045885,50.014799565668326],[-127.31445624262076,50.015138582721804],[-127.31378425170186,50.01481387909202]]],[[[-127.43230766145223,50.029410567809926],[-127.43308235473307,50.029176971394975],[-127.43320025694922,50.02942195452083],[-127.43229273785684,50.02982356197855],[-127.43230766145223,50.029410567809926]]],[[[-127.20151533477629,50.05248846823542],[-127.20186243351412,50.052170871996296],[-127.20247313171848,50.052279063858435],[-127.20207214900736,50.052569666376066],[-127.20151533477629,50.05248846823542]]],[[[-127.78722853328999,50.08291526553304],[-127.7877292456609,50.083010656302406],[-127.78749377217478,50.08354756640076],[-127.78719037304296,50.083319768004344],[-127.78722853328999,50.08291526553304]]],[[[-127.41828404107243,49.994221183149186],[-127.41882123861242,49.99402176006751],[-127.41954435657014,49.99450035603911],[-127.41925104515869,49.99455016849163],[-127.41828404107243,49.994221183149186]]],[[[-127.61970692979449,50.10985067078709],[-127.62067653404812,50.10986416564402],[-127.62074306815241,50.109928270313375],[-127.62000666735256,50.11023446699987],[-127.61970692979449,50.10985067078709]]],[[[-127.05471675286275,49.8234812711721],[-127.05495662768298,49.82341296567544],[-127.0553119686398,49.823580968623574],[-127.05472196337648,49.824048161439286],[-127.05471675286275,49.8234812711721]]],[[[-125.95270673546591,50.390421974741564],[-125.95284969103295,50.39033761246633],[-125.95295965729633,50.391755075806486],[-125.95241315208888,50.3911212592879],[-125.95270673546591,50.390421974741564]]],[[[-126.57328813862622,49.63390616120346],[-126.57375204355708,49.633762358265926],[-126.57312064646905,49.634495873092575],[-126.57315584158907,49.63406427940213],[-126.57328813862622,49.63390616120346]]],[[[-126.94762886421546,49.72059787047864],[-126.94815605903776,49.72025596859194],[-126.94822603853298,49.72088696254002],[-126.94786865946075,49.72081006643473],[-126.94762886421546,49.72059787047864]]],[[[-126.83124963650698,49.77905307096074],[-126.83147653086873,49.778966161592514],[-126.83217635690457,49.779447569478094],[-126.83164203714257,49.779572878153665],[-126.83124963650698,49.77905307096074]]],[[[-127.25710406119497,49.92467565597545],[-127.25735176370759,49.92440077045117],[-127.25808745348765,49.9248436562528],[-127.25763494523541,49.925007473552384],[-127.25710406119497,49.92467565597545]]],[[[-127.71689554244948,50.122579464704344],[-127.7172607349836,50.12248407671821],[-127.71798055335982,50.1227987665295],[-127.71720754289582,50.12290708247079],[-127.71689554244948,50.122579464704344]]],[[[-126.98512005346805,49.81696696467798],[-126.98492964575861,49.81654108123152],[-126.9861128484564,49.816489879337325],[-126.985300157264,49.81699686336544],[-126.98512005346805,49.81696696467798]]],[[[-126.59024474782785,49.622879959355274],[-126.59064076226854,49.62274466619086],[-126.59088426109199,49.623100770979114],[-126.59030784507753,49.62328586970607],[-126.59024474782785,49.622879959355274]]],[[[-127.39952992421932,50.0073580646141],[-127.39942205759397,50.007202868033445],[-127.39995214922554,50.006346854508514],[-127.40021205165594,50.00692655748643],[-127.39952992421932,50.0073580646141]]],[[[-127.36161736070943,50.02641825911475],[-127.36196415446096,50.02603655897557],[-127.3626598411992,50.0261192815874],[-127.36254034521274,50.02636848106404],[-127.36161736070943,50.02641825911475]]],[[[-127.22602834664701,49.94418155339908],[-127.22636366039511,49.94416025763403],[-127.22711222319266,49.94467576421829],[-127.22619674543309,49.9445176772732],[-127.22602834664701,49.94418155339908]]],[[[-126.6473477293974,49.58359176868978],[-126.64723715170692,49.583004953695],[-126.64791546912537,49.583279866449985],[-126.64789793589019,49.58336957446927],[-126.6473477293974,49.58359176868978]]],[[[-126.97074614584241,49.735812667156104],[-126.97096922926413,49.7358254682094],[-126.97141577265941,49.7364079699382],[-126.97081562793073,49.73648776997412],[-126.97074614584241,49.735812667156104]]],[[[-126.96451846428708,49.81332386924036],[-126.96496606099264,49.813241156911296],[-126.96523432866607,49.813470458779804],[-126.96481836251787,49.813769564257626],[-126.96451846428708,49.81332386924036]]],[[[-127.02987175975458,49.83068065929788],[-127.02945076308426,49.83040437244754],[-127.03046804456191,49.830340267728204],[-127.03024476228788,49.83071336992263],[-127.02987175975458,49.83068065929788]]],[[[-126.94375084052207,49.742423872883855],[-126.94398056827205,49.74188837035473],[-126.94448555484045,49.742131862761106],[-126.94411805222231,49.74261897675745],[-126.94375084052207,49.742423872883855]]],[[[-127.25346123770463,49.961831864015465],[-127.25365805336148,49.96105277466315],[-127.25392455530252,49.96098447798453],[-127.25408623851982,49.96153556583277],[-127.25346123770463,49.961831864015465]]],[[[-126.97108596802305,49.82443977191195],[-126.97066432720709,49.82422616838307],[-126.97138415005259,49.82431866350562],[-126.97131806104608,49.824894074696516],[-126.97108596802305,49.82443977191195]]],[[[-127.40235254892475,50.00343016306198],[-127.40229243392373,50.002753675034334],[-127.40262714732509,50.00270517135667],[-127.4029471422895,50.0031595780291],[-127.40235254892475,50.00343016306198]]],[[[-126.50000256120298,49.73499796764268],[-126.50082904799841,49.73487125041569],[-126.50119322092038,49.73505066433645],[-126.50026884916053,49.73522016958884],[-126.50000256120298,49.73499796764268]]],[[[-126.97841114446685,49.81952198121675],[-126.97896714294284,49.81953196260911],[-126.9789631545508,49.8199720586409],[-126.97830185265873,49.81981677135992],[-126.97841114446685,49.81952198121675]]],[[[-126.57826866258083,49.548826763910306],[-126.57873944825434,49.549070262451316],[-126.5789082499768,49.54988357641311],[-126.57845942957192,49.54944346197812],[-126.57826866258083,49.548826763910306]]],[[[-127.24158015618953,49.91790355902459],[-127.24196453347434,49.91802456427774],[-127.24214844494799,49.91872957902577],[-127.24180463191162,49.91857996919842],[-127.24158015618953,49.91790355902459]]],[[[-126.92640925151757,49.797822774738776],[-126.92727072830179,49.797829865819274],[-126.92731905707818,49.79802927684799],[-126.92673485001886,49.79834257056896],[-126.92640925151757,49.797822774738776]]],[[[-127.30784675269103,49.96404217017068],[-127.30833513890597,49.96403937250297],[-127.30823496497695,49.964550663062475],[-127.30767936675757,49.96449797149791],[-127.30784675269103,49.96404217017068]]],[[[-127.42869003847262,50.02901887490647],[-127.42828282866502,50.029031766654406],[-127.42818786450134,50.0289491616165],[-127.42904874397986,50.028672864065754],[-127.42869003847262,50.02901887490647]]],[[[-127.52514234046801,50.087345975585045],[-127.52580905040176,50.08706686215532],[-127.52580745968436,50.0880480727981],[-127.52565276080567,50.08761377490626],[-127.52514234046801,50.087345975585045]]],[[[-126.77848365153956,49.88114896842542],[-126.77783913760436,49.88094817713744],[-126.77915613193271,49.88133266435456],[-126.77871533836665,49.88126997460923],[-126.77848365153956,49.88114896842542]]],[[[-126.64525004999379,49.58230705923028],[-126.64569764058889,49.582227361918164],[-126.64581514730526,49.58262467433875],[-126.64501645654195,49.58283406727114],[-126.64525004999379,49.58230705923028]]],[[[-127.36247474899699,50.02419086285131],[-127.36278805433835,50.023997163295164],[-127.3632842412065,50.024185180910884],[-127.36285246967151,50.02459246843185],[-127.36247474899699,50.02419086285131]]],[[[-126.71431935304771,49.59706047413336],[-126.71510033789899,49.59695935450409],[-126.7153249667775,49.59717016379373],[-126.71499396951897,49.59744356669583],[-126.71431935304771,49.59706047413336]]],[[[-127.46047604575718,50.05583535800437],[-127.46112206790445,50.055708566848246],[-127.46106434078898,50.056221262788355],[-127.46060215330294,50.05630537984517],[-127.46047604575718,50.05583535800437]]],[[[-127.20700923611118,49.91919816438881],[-127.20710265902677,49.918984466023446],[-127.20815385039445,49.91914397265964],[-127.20748866470646,49.91942176322864],[-127.20700923611118,49.91919816438881]]],[[[-126.5502338369635,49.65721337399399],[-126.55074983293666,49.65714356760069],[-126.55110266029963,49.657600771240205],[-126.5503575563523,49.65754095252782],[-126.5502338369635,49.65721337399399]]],[[[-127.42230854876968,50.01154666107859],[-127.42172776010112,50.01134017650823],[-127.42292484122831,50.01147407433267],[-127.42282013913588,50.011706160838905],[-127.42230854876968,50.01154666107859]]],[[[-126.64217925219143,49.74079597771488],[-126.64245444681775,49.740837251024026],[-126.64258484544642,49.741604869429985],[-126.6421872683557,49.74147956877613],[-126.64217925219143,49.74079597771488]]],[[[-127.60538665355267,50.104344160669555],[-127.605917946333,50.10421007240952],[-127.60638786672322,50.10433396856913],[-127.605918932743,50.104642966630976],[-127.60538665355267,50.104344160669555]]],[[[-126.98384746431309,49.817187663736064],[-126.98397436264092,49.81676756284298],[-126.98440585122327,49.8167931707332],[-126.98438206813027,49.81735856951279],[-126.98384746431309,49.817187663736064]]],[[[-127.51619374006467,50.12957277892677],[-127.51651344404053,50.13004095695778],[-127.5159591646323,50.13032146514851],[-127.51592445084728,50.13010495719062],[-127.51619374006467,50.12957277892677]]],[[[-127.40538372467587,49.9991176646479],[-127.40598125425063,49.99923446454011],[-127.40626196419386,49.99998496372877],[-127.4059848512125,49.99991808069578],[-127.40538372467587,49.9991176646479]]],[[[-126.98313545574248,49.81615746475028],[-126.98364546225841,49.815997068676026],[-126.98361985716228,49.81660806965388],[-126.98304064369343,49.81649837375103],[-126.98313545574248,49.81615746475028]]],[[[-126.58081264615217,49.60726496334783],[-126.58127024593166,49.60698576980346],[-126.58152924763785,49.60706267147807],[-126.58053833705351,49.607789057160026],[-126.58081264615217,49.60726496334783]]],[[[-127.71947453652639,50.1197837608351],[-127.72005005776583,50.11964565415182],[-127.72052237408668,50.119849272581426],[-127.71999795973585,50.12009566058183],[-127.71947453652639,50.1197837608351]]],[[[-127.32265994991512,50.01048136234641],[-127.32313715415698,50.010388861052284],[-127.3234230691418,50.010599570702446],[-127.32271534137332,50.01085028047302],[-127.32265994991512,50.01048136234641]]],[[[-126.93035475771784,49.86431477425298],[-126.93013915016982,49.86384335291375],[-126.9309332513764,49.8638134523932],[-126.93063265653286,49.864320467634364],[-126.93035475771784,49.86431477425298]]],[[[-127.26059664831186,49.94919337555655],[-127.26143575173658,49.94909797089106],[-127.26152565164703,49.9493514593375],[-127.26104235971857,49.94960497515604],[-127.26059664831186,49.94919337555655]]],[[[-127.15205974012999,50.07513336990087],[-127.1527132379265,50.074830068801376],[-127.15312755726771,50.07497956232045],[-127.15259114568413,50.07547516877098],[-127.15205974012999,50.07513336990087]]],[[[-127.247515471627,49.926672369696185],[-127.24727023651474,49.92650575640102],[-127.24839264971315,49.92669375819735],[-127.24804976588534,49.92694017186962],[-127.247515471627,49.926672369696185]]],[[[-127.17684272791091,49.878375961346464],[-127.17724145047944,49.878472880067655],[-127.1772029508392,49.87911945256311],[-127.17672135248155,49.87896846326403],[-127.17684272791091,49.878375961346464]]],[[[-127.71810214958334,50.12076786348528],[-127.718814063108,50.120927375202086],[-127.71893615891256,50.121099755656886],[-127.71781353547485,50.12115096202218],[-127.71810214958334,50.12076786348528]]],[[[-127.75737836108054,50.10212646362335],[-127.7576717411628,50.1021207678775],[-127.75806255402722,50.102735970206076],[-127.75757224325471,50.10278437760332],[-127.75737836108054,50.10212646362335]]],[[[-127.450012758358,49.995962969538034],[-127.4501344275849,49.99564116532625],[-127.45088614890243,49.99574087118943],[-127.45074804761359,49.99609827250063],[-127.450012758358,49.995962969538034]]],[[[-127.48201484799904,50.090469260651076],[-127.4828675684627,50.09049776882512],[-127.48328925688573,50.09082817550969],[-127.48231384726571,50.090742667779296],[-127.48201484799904,50.090469260651076]]],[[[-127.16958793716682,50.07692356269444],[-127.16896244829735,50.076822464644415],[-127.16962263964106,50.07637526210004],[-127.17035254657397,50.07663876468323],[-127.16958793716682,50.07692356269444]]],[[[-126.56645143408196,49.57429876147362],[-126.56727504396072,49.57445965488513],[-126.56732605243191,49.57482995721912],[-126.566657044469,49.5746448692304],[-126.56645143408196,49.57429876147362]]],[[[-126.96925294241032,49.81278545627267],[-126.97006285220503,49.81269286646256],[-126.97025963980356,49.812974881299255],[-126.96925505155704,49.81307316699115],[-126.96925294241032,49.81278545627267]]],[[[-127.2053507530316,49.912094172970285],[-127.20573215273542,49.91196456918121],[-127.20588034788281,49.91285757057082],[-127.20542442149603,49.91277776318759],[-127.2053507530316,49.912094172970285]]],[[[-127.28312252699094,50.036212567809336],[-127.28286353467506,50.03637916600765],[-127.28224535512918,50.03653155179364],[-127.28281215718711,50.035910662762866],[-127.28351764198261,50.0361014683392],[-127.28312252699094,50.036212567809336]]],[[[-127.4354472392302,50.003196556993984],[-127.43562276699183,50.002974365718785],[-127.43646945585355,50.003094074641645],[-127.43595686435032,50.00343726993912],[-127.4354472392302,50.003196556993984]]],[[[-126.6096508622523,49.6086464678237],[-126.61011644555973,49.60843138048515],[-126.61046454381332,49.6089867714186],[-126.60967055802341,49.609050875220056],[-126.6096508622523,49.6086464678237]]],[[[-127.54746185361161,50.081070863469996],[-127.54813837348286,50.08093556881597],[-127.54829665974651,50.08121615913021],[-127.54768692811174,50.08154086424423],[-127.54746185361161,50.081070863469996]]],[[[-126.5076290649518,49.70561936600294],[-126.5079624510868,49.705897166728064],[-126.50723955643966,49.70647535435823],[-126.50738074324192,49.70588425698608],[-126.5076290649518,49.70561936600294]]],[[[-127.58734415532037,50.07240747693394],[-127.5877490551477,50.07237606440285],[-127.58808625612507,50.07283896410826],[-127.58747096553508,50.07284036256897],[-127.58734415532037,50.07240747693394]]],[[[-127.63264844962976,50.161918375742516],[-127.63307643699518,50.162052860060534],[-127.63278106310554,50.162588362000584],[-127.63238114883976,50.16244025398546],[-127.63264844962976,50.161918375742516]]],[[[-127.59519406091651,50.10696877259019],[-127.59604916630767,50.10692456229523],[-127.59617026527917,50.10703426774254],[-127.59558555145651,50.107441573116574],[-127.59519406091651,50.10696877259019]]],[[[-127.38024275753124,50.02891066652865],[-127.37974454458673,50.029164159914835],[-127.37921384208909,50.029175576010076],[-127.380685332208,50.02862866150655],[-127.38024275753124,50.02891066652865]]],[[[-127.54664306561489,50.095200468127274],[-127.54739045539634,50.095002568859854],[-127.54794667271955,50.095126470737526],[-127.54699924651051,50.09544686278098],[-127.54664306561489,50.095200468127274]]],[[[-126.85884925271606,49.78980297565584],[-126.85954655436812,49.78977026085479],[-126.86021264912111,49.790097759432086],[-126.85969374435277,49.79020466114768],[-126.85884925271606,49.78980297565584]]],[[[-127.36091854387078,50.026822782657284],[-127.36121813222884,50.02661056882976],[-127.36191963261707,50.02693527044826],[-127.3610067497189,50.02711186787624],[-127.36091854387078,50.026822782657284]]],[[[-127.39652755727205,50.01872186070918],[-127.39730653905114,50.01835446164294],[-127.3976368454425,50.018484074320895],[-127.39751545540496,50.018824477446316],[-127.39652755727205,50.01872186070918]]],[[[-127.61104692548624,50.10329146179012],[-127.61111193908881,50.10304076283914],[-127.61199235574101,50.10302367618613],[-127.61136245322776,50.10356485923165],[-127.61104692548624,50.10329146179012]]],[[[-127.64017555724666,50.13642136668196],[-127.64029906046721,50.13599126587185],[-127.64117233607985,50.13579477383272],[-127.64102514189892,50.13607106403384],[-127.64017555724666,50.13642136668196]]],[[[-127.32330662301686,49.961405962601354],[-127.32357883786611,49.96155407946967],[-127.32314944461712,49.9623217707184],[-127.32288124639604,49.962002761583435],[-127.32330662301686,49.961405962601354]]],[[[-127.08221436347723,49.859102172452765],[-127.0817765707241,49.85889707097977],[-127.0827574485766,49.85909365391158],[-127.08243794619378,49.859456772084044],[-127.08221436347723,49.859102172452765]]],[[[-127.30503103819886,49.96004307780204],[-127.30527604757636,49.96064977061284],[-127.30468705775638,49.96073087658046],[-127.30456805928983,49.96054855930117],[-127.30503103819886,49.96004307780204]]],[[[-127.48319124357933,50.06162186991389],[-127.4834711434902,50.061616176506014],[-127.48370385400582,50.06220297962228],[-127.48305824075113,50.0622756555523],[-127.48319124357933,50.06162186991389]]],[[[-127.64796885342554,50.13341017237361],[-127.6484634542787,50.13328815651951],[-127.64865015868358,50.133651254109246],[-127.64809723868228,50.13389625778934],[-127.64796885342554,50.13341017237361]]],[[[-127.406945245858,50.01183158304668],[-127.40746624363868,50.0117204711305],[-127.40847356010357,50.012059472357635],[-127.40779824402799,50.01221178196789],[-127.406945245858,50.01183158304668]]],[[[-127.48517726192016,50.115649265676964],[-127.48567216539826,50.11550406809603],[-127.48627824647113,50.11582587691242],[-127.48588025157392,50.11598257892265],[-127.48517726192016,50.115649265676964]]],[[[-126.97708335605296,49.742009453850336],[-126.9762446507576,49.74212478013541],[-126.97606043819134,49.74187836604521],[-126.9764180566756,49.74160485603071],[-126.97708335605296,49.742009453850336]]],[[[-127.22664224266283,49.9403775550869],[-127.22706976131899,49.94052846699385],[-127.22753354922537,49.94114656319589],[-127.22658853583094,49.940682362869374],[-127.22664224266283,49.9403775550869]]],[[[-127.29876715374598,49.99338515958815],[-127.29935785916862,49.99327697436419],[-127.2999165351746,49.99366285996125],[-127.29939475071883,49.99378966542559],[-127.29876715374598,49.99338515958815]]],[[[-127.12361313612621,49.849290760550474],[-127.12434054688283,49.8491768673658],[-127.12477296488503,49.84989466939564],[-127.12415185613416,49.84974075872977],[-127.12361313612621,49.849290760550474]]],[[[-127.29430695694951,49.96487815668416],[-127.2947578640456,49.964712966033524],[-127.2949581449975,49.96496796182365],[-127.294207343165,49.965335381815045],[-127.29430695694951,49.96487815668416]]],[[[-126.94370205080837,49.71893576689388],[-126.94431844519747,49.71880327534675],[-126.9450381563284,49.719149369811994],[-126.94410652797416,49.71921346812992],[-126.94370205080837,49.71893576689388]]],[[[-127.45895204654587,50.05893587235886],[-127.45979786566772,50.059128065698644],[-127.4598537667317,50.05958666191011],[-127.45902375954454,50.05928766849847],[-127.45895204654587,50.05893587235886]]],[[[-127.11805275757673,49.848112961075266],[-127.11785097404805,49.84796487084891],[-127.1190054255091,49.847966263617614],[-127.11862564378843,49.84839217231612],[-127.11805275757673,49.848112961075266]]],[[[-127.48996794028321,50.00598796886207],[-127.49015824136133,50.00568466494359],[-127.49110224871146,50.00540977002747],[-127.49075164118148,50.0059267789524],[-127.48996794028321,50.00598796886207]]],[[[-127.7190845635956,50.12022957357937],[-127.71921224058923,50.120158370527],[-127.72034944583115,50.12051295737914],[-127.71995102759455,50.12080496224857],[-127.7190845635956,50.12022957357937]]],[[[-127.20258173604066,49.91841825926241],[-127.203553336473,49.918514467154246],[-127.2036332428689,49.918948876725466],[-127.2027924716549,49.918736667610645],[-127.20258173604066,49.91841825926241]]],[[[-127.31596544539319,49.95841225761853],[-127.31640233551744,49.95824856437675],[-127.31628615463,49.95918997387458],[-127.31583975392502,49.95880675193231],[-127.31596544539319,49.95841225761853]]],[[[-127.20642195685265,50.07938747023749],[-127.20578134066116,50.07932337915366],[-127.20562382926559,50.079059968754336],[-127.20694914592345,50.07910696463938],[-127.20642195685265,50.07938747023749]]],[[[-126.98058442325639,49.74722766266838],[-126.980941939218,49.74700975711732],[-126.98170972993786,49.74722056490441],[-126.98111804543655,49.747444163389886],[-126.98058442325639,49.74722766266838]]],[[[-127.23892263276609,49.973215574513205],[-127.23835653762212,49.973018978339105],[-127.23936284994232,49.97257466541282],[-127.2392053379927,49.97310306854969],[-127.23892263276609,49.973215574513205]]],[[[-127.11271055366613,49.84958137539253],[-127.11251025288041,49.84931785905293],[-127.11351314242468,49.84928936204772],[-127.11321586154615,49.84979785791193],[-127.11271055366613,49.84958137539253]]],[[[-126.633352049137,49.58799256622319],[-126.63412854086233,49.58771197291753],[-126.63453953578745,49.588070871429096],[-126.63403645038625,49.58818765610708],[-126.633352049137,49.58799256622319]]],[[[-127.51161394261914,50.116771277106885],[-127.51181205205586,50.11738827216126],[-127.51117144735487,50.11732696712265],[-127.51112235071146,50.11712767335065],[-127.51161394261914,50.116771277106885]]],[[[-127.12233942591955,49.84803896104618],[-127.12283855831724,49.84811867224072],[-127.12319483301683,49.84897887038894],[-127.12252625156817,49.84863565330166],[-127.12233942591955,49.84803896104618]]],[[[-127.54404205919201,50.0749752580017],[-127.54357183741496,50.074780172521756],[-127.54466785234956,50.07454236290176],[-127.54466493927532,50.07469476282688],[-127.54404205919201,50.0749752580017]]],[[[-127.42619564045869,49.99852085779306],[-127.42673252774337,49.99830296784302],[-127.42702525762277,49.99873027097628],[-127.4264189556633,49.99891106854659],[-127.42619564045869,49.99852085779306]]],[[[-127.43569375708265,50.002517179093225],[-127.43617306668088,50.00236197367749],[-127.43690414710424,50.00264115972106],[-127.43638104220207,50.00286757061079],[-127.43569375708265,50.002517179093225]]],[[[-127.64111744342152,50.12935308140846],[-127.64051294692271,50.12942705509763],[-127.64023304378573,50.12896566223588],[-127.64091855911892,50.12892865528353],[-127.64111744342152,50.12935308140846]]],[[[-126.99503936341979,49.8161408628673],[-126.99559413859043,49.81550286779002],[-126.99629043773727,49.81579335739467],[-126.99546563623059,49.81625627669161],[-126.99503936341979,49.8161408628673]]],[[[-126.95472376045112,49.79204757076112],[-126.95437577396635,49.79141236967254],[-126.95532775640484,49.791590369206716],[-126.95518943955146,49.7919036803091],[-126.95472376045112,49.79204757076112]]],[[[-127.53932853814084,50.029017465353796],[-127.53994045027308,50.02911436431815],[-127.54013945271544,50.02950316024688],[-127.53917114882053,50.029608563759226],[-127.53932853814084,50.029017465353796]]],[[[-127.25195913842731,49.921314460405526],[-127.25281145679836,49.92125607840925],[-127.25383515147487,49.92181155351914],[-127.25201125112778,49.92139707564396],[-127.25195913842731,49.921314460405526]]],[[[-127.55612104230086,50.07013436226036],[-127.55539304008711,50.0701785802704],[-127.55749603641812,50.06997066398574],[-127.55727913481338,50.07020276201618],[-127.55612104230086,50.07013436226036]]],[[[-126.97814203451016,49.820956167566216],[-126.97812754111956,49.82029955622916],[-126.97901086625582,49.82079096263246],[-126.97855805618309,49.82098177691954],[-126.97814203451016,49.820956167566216]]],[[[-127.2331440405242,49.971040772074126],[-127.23257706530713,49.9708983674854],[-127.23424914017198,49.970959568552985],[-127.2339901308485,49.97114476148557],[-127.2331440405242,49.971040772074126]]],[[[-126.97701515982737,49.79130557232449],[-126.97773734469737,49.791345464700804],[-126.97774545453302,49.79176837326163],[-126.97701035752307,49.79173707529817],[-126.97701515982737,49.79130557232449]]],[[[-126.40607363930599,49.63983086040148],[-126.40707435812062,49.63976397190592],[-126.40737313990384,49.64011286003185],[-126.4064135479789,49.64018125451053],[-126.40607363930599,49.63983086040148]]],[[[-126.97685415008515,49.74316017934799],[-126.97805544949388,49.74327977101246],[-126.97824963451933,49.743634362417616],[-126.9775036398252,49.74356746681308],[-126.97685415008515,49.74316017934799]]],[[[-126.97720352301764,49.82814556423578],[-126.97782714479754,49.828542962399446],[-126.97758324347431,49.82903285812825],[-126.97718843037445,49.82884626687602],[-126.97720352301764,49.82814556423578]]],[[[-126.96918686591292,49.73360796604757],[-126.96887853265918,49.73337726013438],[-126.96901193532632,49.732821774678854],[-126.96962244279331,49.733139378045315],[-126.96918686591292,49.73360796604757]]],[[[-127.32405137383073,49.96240576895224],[-127.32412285821655,49.96199417456805],[-127.32484604171842,49.96204827312069],[-127.32453053657379,49.962656467048795],[-127.32405137383073,49.96240576895224]]],[[[-127.58558857056472,50.05467606704739],[-127.58640993797466,50.05475717732333],[-127.58647174601329,50.055477879826476],[-127.58636012954345,50.05550347013555],[-127.58558857056472,50.05467606704739]]],[[[-127.27586605725489,49.97365416333422],[-127.27606214955729,49.97359437456075],[-127.27706954284896,49.9739233810109],[-127.27644602799312,49.974202468985744],[-127.27586605725489,49.97365416333422]]],[[[-127.495417855712,50.10626655875578],[-127.49607385807131,50.10629366338093],[-127.4960173546262,50.106733752844434],[-127.4954397524349,50.106870457053155],[-127.495417855712,50.10626655875578]]],[[[-126.97075823094202,49.81233546924879],[-126.97120625128143,49.812298363670706],[-126.9710967281695,49.81288086589047],[-126.97042423365012,49.81269857669489],[-126.97075823094202,49.81233546924879]]],[[[-127.68344254334934,50.13085696618326],[-127.68400705423028,50.13119596505402],[-127.6834741656614,50.131775559589556],[-127.6833359593202,50.13169296331209],[-127.68344254334934,50.13085696618326]]],[[[-127.6111409328617,50.1110126600475],[-127.61141006793179,50.11107617105622],[-127.61124497011363,50.11191927091881],[-127.610844164836,50.111779771897176],[-127.6111409328617,50.1110126600475]]],[[[-127.59206954587833,50.10383685752867],[-127.59302333672494,50.103731464935],[-127.59378784650477,50.1039109752341],[-127.59266406281122,50.104077558533625],[-127.59206954587833,50.10383685752867]]],[[[-127.01039485278442,49.88604677649339],[-127.01076516327588,49.885890167901515],[-127.0112525525201,49.88619635982617],[-127.01062244495436,49.88660795593482],[-127.01039485278442,49.88604677649339]]],[[[-126.90073384395951,49.84782525602296],[-126.90093354450559,49.84768427658049],[-126.90171153959012,49.84773417537942],[-126.90123213056872,49.84820266616139],[-126.90073384395951,49.84782525602296]]],[[[-127.38769524958111,49.99272145864309],[-127.38865484449404,49.99280695962133],[-127.3891015406307,49.99323568328143],[-127.38782274723992,49.99308326634818],[-127.38769524958111,49.99272145864309]]],[[[-126.93782715058295,49.74647286017622],[-126.9384455301094,49.74642297174048],[-126.93864154326545,49.74671357907151],[-126.93811603534235,49.747001274564624],[-126.93782715058295,49.74647286017622]]],[[[-126.92232616612938,49.75639107214373],[-126.9217198647263,49.75640526034617],[-126.92154963438465,49.75584416408561],[-126.92242865046587,49.756103356000935],[-126.92232616612938,49.75639107214373]]],[[[-127.3156694257923,49.97687436460293],[-127.31662226823622,49.97673476703752],[-127.31706104498767,49.97692985609839],[-127.31637023478284,49.97716345951227],[-127.3156694257923,49.97687436460293]]],[[[-127.4865188494586,50.06020767214589],[-127.48672025634997,50.05960807124698],[-127.48739085378804,50.05960666157212],[-127.4871755566585,50.06020767351356],[-127.4865188494586,50.06020767214589]]],[[[-127.24698623410457,49.91937755903984],[-127.24766655587409,49.919460158265494],[-127.24871055177877,49.920213554156135],[-127.24792395014468,49.92001275064033],[-127.24698623410457,49.91937755903984]]],[[[-127.33980324675865,50.00830806626464],[-127.34050545530883,50.008236869887945],[-127.34072023879621,50.00887917929283],[-127.34002473811334,50.00880657854656],[-127.33980324675865,50.00830806626464]]],[[[-127.32209314292031,50.00066855917594],[-127.32296815508309,50.00079815606482],[-127.32312926090528,50.00141206925287],[-127.32254744468379,50.00124256597329],[-127.32209314292031,50.00066855917594]]],[[[-127.19420824406099,49.90125307038011],[-127.19454396078801,49.901230256097335],[-127.1946984437163,49.90233977833422],[-127.19448845134703,49.90237247193583],[-127.19420824406099,49.90125307038011]]],[[[-126.48173515493814,49.79078996729334],[-126.4825506240936,49.790591963217615],[-126.4830202357786,49.7906560657143],[-126.48238865517945,49.79105626231313],[-126.48173515493814,49.79078996729334]]],[[[-127.37625824070133,50.01039877159494],[-127.37672193815357,50.00992737813162],[-127.37706963716006,50.0099230790071],[-127.3770271237183,50.01075906232626],[-127.37625824070133,50.01039877159494]]],[[[-127.57350375289693,50.11569335856567],[-127.57407624220502,50.1154626799927],[-127.57466076288345,50.11556956455879],[-127.5740616599307,50.11592987486559],[-127.57350375289693,50.11569335856567]]],[[[-127.54773134428127,50.12074795686595],[-127.54848664894426,50.12071377900874],[-127.54703116355384,50.12125217660909],[-127.54711813923515,50.12110965988654],[-127.54773134428127,50.12074795686595]]],[[[-126.95907254804487,49.78843716332388],[-126.95950522727915,49.78840866907417],[-126.95998093766646,49.78898407720174],[-126.95922954585514,49.78902396809793],[-126.95907254804487,49.78843716332388]]],[[[-127.6009643591851,50.096083477245095],[-127.60193556165748,50.095905464895104],[-127.60229324632789,50.09608066399888],[-127.60147373189845,50.09635975969809],[-127.6009643591851,50.096083477245095]]],[[[-127.42992086811994,50.00022566318675],[-127.43008556291728,49.999868161806276],[-127.43102414534681,49.99976428145905],[-127.43099963215292,50.00010606408566],[-127.42992086811994,50.00022566318675]]],[[[-127.13956313631193,49.856330665874495],[-127.1400711465886,49.85653717135732],[-127.13985923848247,49.85732476782393],[-127.13950854004938,49.85668106965373],[-127.13956313631193,49.856330665874495]]],[[[-127.26255005549483,49.94955655560323],[-127.26314265998508,49.949700375989224],[-127.26326694732126,49.9501604810524],[-127.26256186042934,49.95034846812095],[-127.26255005549483,49.94955655560323]]],[[[-127.3303774474339,49.964574862283825],[-127.3305967552529,49.96386847070359],[-127.33086984018033,49.96363776804902],[-127.33115432755785,49.9642985656431],[-127.3303774474339,49.964574862283825]]],[[[-126.62737844458788,49.72521085183792],[-126.62819643650691,49.72469666728327],[-126.62865956119835,49.72483196733678],[-126.62792684453402,49.725374578798096],[-126.62737844458788,49.72521085183792]]],[[[-127.40551733471477,50.00144045729845],[-127.40496723596117,50.001585772397426],[-127.40454996201625,50.00112146114375],[-127.40599473971372,50.001356481641785],[-127.40551733471477,50.00144045729845]]],[[[-127.50952623889258,50.08515987397751],[-127.5106178688797,50.08509286782625],[-127.51092663229392,50.085510160158314],[-127.5101008525622,50.085544372580074],[-127.50952623889258,50.08515987397751]]],[[[-127.43699165243378,50.03733486836428],[-127.43673074075748,50.03677375649818],[-127.43776054544489,50.03687767425065],[-127.43726926535777,50.03739185991597],[-127.43699165243378,50.03733486836428]]],[[[-126.4813048398066,49.63019467540153],[-126.4818617457627,49.6300992587401],[-126.48227173501458,49.63076436133618],[-126.4815032407639,49.630874053859834],[-126.4813048398066,49.63019467540153]]],[[[-127.77961584776142,50.08878017007807],[-127.78029114733785,50.08862636046198],[-127.78050703189739,50.08896956319852],[-127.77963473184013,50.08918606746866],[-127.77961584776142,50.08878017007807]]],[[[-127.37803765520651,49.99488057404488],[-127.37839903577299,49.99488487614154],[-127.37864906503192,49.995743673127734],[-127.37812554027869,49.995601281985365],[-127.37803765520651,49.99488057404488]]],[[[-127.23394305200753,50.02155035707447],[-127.23410073722093,50.0210675655658],[-127.23500725745059,50.020738567604155],[-127.2346952650779,50.02123846044977],[-127.23394305200753,50.02155035707447]]],[[[-127.7518691570443,50.10752706561311],[-127.7525502602838,50.10712967597151],[-127.75322155695474,50.10717236474328],[-127.75293373958709,50.10747575889241],[-127.7518691570443,50.10752706561311]]],[[[-127.64694964256354,50.10162086353227],[-127.64730034446795,50.10159658379218],[-127.64806682888708,50.10221757059934],[-127.6472541412077,50.10226177053418],[-127.64694964256354,50.10162086353227]]],[[[-126.5717790357622,49.56896797654093],[-126.57129295366055,49.56874147751733],[-126.57117165830203,49.56839826314957],[-126.57203924219314,49.56846945867408],[-126.5717790357622,49.56896797654093]]],[[[-127.50935905083439,50.10136446544142],[-127.51004463639792,50.10135597229633],[-127.51022195332301,50.1015025512636],[-127.50931043699681,50.1020210667711],[-127.50935905083439,50.10136446544142]]],[[[-127.9447170521513,50.1142250804593],[-127.94400016335688,50.11435325690424],[-127.94399626287066,50.113894670842306],[-127.9449613656894,50.113911772474424],[-127.9447170521513,50.1142250804593]]],[[[-127.4015439432222,50.01478816395511],[-127.40218885955697,50.01469706372197],[-127.40233282403581,50.01537496413101],[-127.40140662860702,50.01511006397328],[-127.4015439432222,50.01478816395511]]],[[[-127.57812225590256,50.064316458910575],[-127.57859745635588,50.06380946134482],[-127.57913206994719,50.064661173086776],[-127.57887206521038,50.06491037049591],[-127.57812225590256,50.064316458910575]]],[[[-126.96779024627094,49.73185617245622],[-126.96852643488153,49.73184195796667],[-126.9686134394532,49.73275207643635],[-126.96841674334674,49.73277627055796],[-126.96779024627094,49.73185617245622]]],[[[-126.93044127261797,49.83169046919584],[-126.93099514648644,49.831412681039545],[-126.9308696466451,49.8327243799054],[-126.93061003536302,49.83263895958497],[-126.93044127261797,49.83169046919584]]],[[[-127.39062494121477,50.00315956918327],[-127.39140493356197,50.003197961926524],[-127.39179195857989,50.003742053249546],[-127.39073992777188,50.00346716094346],[-127.39062494121477,50.00315956918327]]],[[[-127.76792724143256,50.096588378915676],[-127.76867983715154,50.09654356910642],[-127.76886854078258,50.09688817736919],[-127.76830173722088,50.09711606891533],[-127.76792724143256,50.096588378915676]]],[[[-127.34514514508462,49.971452361759745],[-127.34584467006577,49.97138116854211],[-127.34620545298401,49.97183547782758],[-127.34540833835318,49.971878173970374],[-127.34514514508462,49.971452361759745]]],[[[-127.30355174127101,49.96231235931885],[-127.30359615247248,49.96159685996381],[-127.3041588477013,49.96150567869882],[-127.30396054393272,49.96236585679541],[-127.30355174127101,49.96231235931885]]],[[[-127.22536456555973,50.10958496915534],[-127.22670216575081,50.109713169118976],[-127.2269846697378,50.11001507065461],[-127.22624403960252,50.11002225973052],[-127.22536456555973,50.10958496915534]]],[[[-126.97412294450783,49.75241325641158],[-126.97343784067206,49.75215826928471],[-126.97334785281039,49.751995979156504],[-126.97487534457929,49.752319274144774],[-126.97412294450783,49.75241325641158]]],[[[-126.91851294309137,49.75477315607912],[-126.91917635774557,49.75455235673001],[-126.91971594991595,49.75491275088492],[-126.91900104839857,49.755052271481595],[-126.91851294309137,49.75477315607912]]],[[[-127.51452836092736,50.12910665521348],[-127.51544004287852,50.12899266023608],[-127.51566494306104,50.12939145447538],[-127.51504567240683,50.12953676936698],[-127.51452836092736,50.12910665521348]]],[[[-126.85583944488579,49.78153407592395],[-126.85650493309616,49.78122216013724],[-126.85682015383686,49.78165085381152],[-126.85636366645335,49.78193137123876],[-126.85583944488579,49.78153407592395]]],[[[-126.6424708642973,49.71730507187104],[-126.64331095264711,49.71743035606117],[-126.64374852639271,49.71784486937147],[-126.6430142406561,49.71786475902017],[-126.6424708642973,49.71730507187104]]],[[[-127.4971524339919,50.1147349750629],[-127.4964193731831,50.11490587282884],[-127.49599085745946,50.11471076304204],[-127.49718126308424,50.11426776130961],[-127.4971524339919,50.1147349750629]]],[[[-127.31572812752971,49.95961436815306],[-127.31630273837511,49.959883469740944],[-127.31584785271858,49.96052435528808],[-127.31557185377704,49.96007006402179],[-127.31572812752971,49.95961436815306]]],[[[-126.80699863015117,49.79929397275994],[-126.80759454054542,49.799017661460255],[-126.80802492838131,49.799601564771905],[-126.80763053256848,49.799756759662515],[-126.80699863015117,49.79929397275994]]],[[[-126.57665242638198,49.65734726881307],[-126.5772382481463,49.65700826875686],[-126.57760154262493,49.656935678061934],[-126.57696202467292,49.657821564284134],[-126.57665242638198,49.65734726881307]]],[[[-127.75582823347514,50.10540026469477],[-127.75641236345201,50.10543487385984],[-127.75649034323254,50.10618255747618],[-127.75586894075298,50.1058962679022],[-127.75582823347514,50.10540026469477]]],[[[-125.68764845329174,50.359458275970646],[-125.68809724296788,50.35943977582737],[-125.68779925626944,50.36062466622869],[-125.68748713188018,50.35983996547411],[-125.68764845329174,50.359458275970646]]],[[[-126.65078004409263,49.58729607989643],[-126.65182615011649,49.58768635198941],[-126.65188042046006,49.58801106138331],[-126.65094986239176,49.58781167141094],[-126.65078004409263,49.58729607989643]]],[[[-127.46067696027146,50.00021566956271],[-127.46182577198871,50.00006896703791],[-127.46270982944928,50.00032397182324],[-127.4615068604199,50.00041505840298],[-127.46067696027146,50.00021566956271]]],[[[-126.55914375265064,49.58354617587114],[-126.55836774344921,49.583583170744106],[-126.55838193907468,49.582999263423964],[-126.55916946819448,49.58301496946138],[-126.55914375265064,49.58354617587114]]],[[[-127.57426934703845,50.115096673200725],[-127.57507664870683,50.11472788088473],[-127.57559883792904,50.115049676452934],[-127.57528416068573,50.11529747722522],[-127.57426934703845,50.115096673200725]]],[[[-127.30423805815902,49.96317915661111],[-127.3049335256988,49.96322616175893],[-127.3049696243644,49.963801461310474],[-127.30424684934778,49.96375598058664],[-127.30423805815902,49.96317915661111]]],[[[-127.54512946053995,50.0754566556727],[-127.5440940302191,50.075542167935794],[-127.54382665021903,50.075160481358715],[-127.54551354212249,50.07527157757074],[-127.54512946053995,50.0754566556727]]],[[[-127.36007633970394,50.02082965727045],[-127.36080495642777,50.020739952775244],[-127.36180333576225,50.02092517618792],[-127.36053963636658,50.02114156784807],[-127.36007633970394,50.02082965727045]]],[[[-127.3895242446436,50.003091163728584],[-127.38903063989711,50.00284046595696],[-127.39056234757476,50.00256566378224],[-127.39051837142698,50.002987168823154],[-127.3895242446436,50.003091163728584]]],[[[-127.5640087462756,50.09658487413063],[-127.56282587208459,50.09640826933017],[-127.56255456134126,50.09613616008935],[-127.56476345432594,50.09659477658106],[-127.5640087462756,50.09658487413063]]],[[[-127.51908422148904,50.10430546350829],[-127.5202866463192,50.10434675401352],[-127.5205663653804,50.104809672326496],[-127.51942625414527,50.104597474186534],[-127.51908422148904,50.10430546350829]]],[[[-127.08215985235148,49.830236272655334],[-127.08179053756905,49.83012095925424],[-127.08182082910761,49.82936616008697],[-127.08272905464189,49.82995717310038],[-127.08215985235148,49.830236272655334]]],[[[-126.57319885734071,49.54705646501249],[-126.57321666042888,49.54696676497351],[-126.57405923353556,49.54698527161064],[-126.57320245747206,49.54781275584515],[-126.57319885734071,49.54705646501249]]],[[[-127.74175794914021,50.09781856388292],[-127.74213775192854,50.09778826612638],[-127.74242997018567,50.098394970431784],[-127.74167395618589,50.09847616642517],[-127.74175794914021,50.09781856388292]]],[[[-127.512469859934,50.10473277512934],[-127.51327675206771,50.10441937680777],[-127.51368555581567,50.10478395734316],[-127.513104028623,50.10505606489493],[-127.512469859934,50.10473277512934]]],[[[-127.57171465004804,50.05657447361998],[-127.57092624140222,50.056771067886196],[-127.57084503386557,50.056725469060886],[-127.57131344393875,50.055966379812745],[-127.57171465004804,50.05657447361998]]],[[[-126.93621473385076,49.74239817468839],[-126.93640826279551,49.74175446405093],[-126.93705304158226,49.7419452581094],[-126.93680942445249,49.74242666559299],[-126.93621473385076,49.74239817468839]]],[[[-127.61226703836736,50.10316187916227],[-127.61269103882196,50.10306927672312],[-127.61327773676018,50.10356206699707],[-127.61223843817926,50.103684477782885],[-127.61226703836736,50.10316187916227]]],[[[-127.22632133767588,49.947622475017695],[-127.22530074144359,49.9476609696427],[-127.22545074973111,49.94698875775241],[-127.22646505528073,49.94749007825589],[-127.22632133767588,49.947622475017695]]],[[[-127.38667724316923,49.99229967324966],[-127.38725984453288,49.991995176691525],[-127.3872364534846,49.99138415969417],[-127.38759545605978,49.99197375786068],[-127.38667724316923,49.99229967324966]]],[[[-127.50958584176821,50.084611461801444],[-127.5108550531603,50.08379116141786],[-127.51107706729617,50.083839573755895],[-127.51022386057294,50.08474537454742],[-127.50958584176821,50.084611461801444]]],[[[-127.31289515032502,49.98038645238182],[-127.31369696706818,49.98060577338807],[-127.31401736786898,49.98105157185691],[-127.3135089422552,49.98117826376675],[-127.31289515032502,49.98038645238182]]],[[[-127.64836475843089,50.112447656184045],[-127.64799454155069,50.11219126268331],[-127.64959203507678,50.11205746571929],[-127.64935785140149,50.11244195322994],[-127.64836475843089,50.112447656184045]]],[[[-127.25666804926395,49.92366156872431],[-127.2570619393663,49.923504958402596],[-127.25768345891811,49.92370435852999],[-127.25693524879377,49.924330962474514],[-127.25666804926395,49.92366156872431]]],[[[-127.74251485153215,50.11065455411848],[-127.74322155470095,50.110392577588584],[-127.74354684892378,50.11076427547439],[-127.74282523016126,50.111088968751886],[-127.74251485153215,50.11065455411848]]],[[[-127.26381645157905,49.95269696417174],[-127.26422603568821,49.95255876505231],[-127.26493113422603,49.95272256571103],[-127.2642979508722,49.95326946240504],[-127.26381645157905,49.95269696417174]]],[[[-126.4771768340053,49.7889370695098],[-126.4775546605293,49.78833316354091],[-126.47805933089117,49.78851556174157],[-126.47790936128416,49.78928597206955],[-126.4771768340053,49.7889370695098]]],[[[-127.74211215002849,50.10948957710713],[-127.74251925063214,50.10941406299235],[-127.74320144982005,50.11007777885741],[-127.74237313577153,50.11017606997768],[-127.74211215002849,50.10948957710713]]],[[[-126.77260635221404,49.878796149223476],[-126.77327894446331,49.87870216326308],[-126.77450223209682,49.87931026423593],[-126.77291006440102,49.87911807299395],[-126.77260635221404,49.878796149223476]]],[[[-127.64179114637588,50.10157806531517],[-127.64254615918144,50.101568177415366],[-127.64265404361852,50.10222616354408],[-127.64201184874017,50.10217347409829],[-127.64179114637588,50.10157806531517]]],[[[-127.54607476074804,50.09275517644634],[-127.54677464298854,50.092719479051915],[-127.54715855876739,50.09294886457564],[-127.5460000702693,50.09334756513049],[-127.54607476074804,50.09275517644634]]],[[[-127.32028793082148,50.01202946524969],[-127.32015113267796,50.011578067126734],[-127.32113864989148,50.01126895848731],[-127.32105446069374,50.01168057253874],[-127.32028793082148,50.01202946524969]]],[[[-127.34085284437343,50.00904297740369],[-127.34225792686331,50.009215267656316],[-127.34268953987782,50.00959977939267],[-127.34116496385035,50.00932637107464],[-127.34085284437343,50.00904297740369]]],[[[-127.36955904319282,50.023202457572644],[-127.36875613296075,50.02300166132083],[-127.36866274537822,50.02241628221893],[-127.3693571300202,50.02251596888146],[-127.36955904319282,50.023202457572644]]],[[[-127.1425822633901,50.08494046878378],[-127.14257974895972,50.08423836841899],[-127.14345804681363,50.08430675504781],[-127.14351464111019,50.08464856965089],[-127.1425822633901,50.08494046878378]]],[[[-127.29062845417138,49.97697546391888],[-127.29027934195365,49.97619637433811],[-127.29097134665773,49.97595566411857],[-127.29109574637374,49.97678456816938],[-127.29062845417138,49.97697546391888]]],[[[-126.5705598479333,49.61052206881654],[-126.57009235757697,49.610188875104974],[-126.57012104659084,49.60986555778753],[-126.571200144714,49.61019305842366],[-126.5705598479333,49.61052206881654]]],[[[-126.4972943317059,49.733968257137725],[-126.49771294990047,49.73391415251586],[-126.49840564007663,49.73449527914158],[-126.49735894242302,49.73459926543967],[-126.4972943317059,49.733968257137725]]],[[[-127.49999994093696,50.1123860746169],[-127.49923584054622,50.11250467856896],[-127.50071795878787,50.112074556000444],[-127.50058546755973,50.11230667041026],[-127.49999994093696,50.1123860746169]]],[[[-126.97474053741124,49.815544158217605],[-126.97508004970008,49.81470527280854],[-126.97571764286333,49.815777767406715],[-126.97549853967321,49.816034083157554],[-126.97474053741124,49.815544158217605]]],[[[-126.97150354957981,49.859690363392566],[-126.972517951552,49.859698960030585],[-126.97264053761289,49.86008776553015],[-126.97168884115636,49.86054776623289],[-126.97150354957981,49.859690363392566]]],[[[-127.35443735680448,50.0101267565295],[-127.35476655002455,50.009951567874126],[-127.35484444642107,50.009250872914045],[-127.35538255030916,50.01030197642494],[-127.35443735680448,50.0101267565295]]],[[[-127.48221125049601,50.10857806464541],[-127.48292724471041,50.10848835475825],[-127.4835064545918,50.108810269490355],[-127.482407042423,50.10902956332739],[-127.48221125049601,50.10857806464541]]],[[[-127.17047395127183,49.872303172279985],[-127.17118415480688,49.87230606978415],[-127.17174224011137,49.87297117980639],[-127.17066544532413,49.872756053872145],[-127.17047395127183,49.872303172279985]]],[[[-127.32191334028634,49.962528265049556],[-127.32265094998861,49.96257527457279],[-127.32206265792118,49.96347535450881],[-127.32172326062,49.96319056102617],[-127.32191334028634,49.962528265049556]]],[[[-127.34587916146259,50.01954785920564],[-127.34578063428599,50.01920467408548],[-127.34502862433648,50.019167662980706],[-127.3466877538523,50.01922746814326],[-127.34587916146259,50.01954785920564]]],[[[-126.62272412308548,49.66249926018833],[-126.62356973969153,49.66256697202498],[-126.62344925213218,49.663301852856016],[-126.62272544134265,49.6628005560485],[-126.62272412308548,49.66249926018833]]],[[[-126.57372245123412,49.547634654610036],[-126.57414604471613,49.54776856697244],[-126.57387754629505,49.54872565535448],[-126.57326855128709,49.54815595798174],[-126.57372245123412,49.547634654610036]]],[[[-126.564353264726,49.61921686545759],[-126.5636051412926,49.61894918131542],[-126.5646416253873,49.61843076493353],[-126.56468194909428,49.61902607860219],[-126.564353264726,49.61921686545759]]],[[[-127.51706475879915,50.11534166106885],[-127.51772404552108,50.11527895429009],[-127.51882764717614,50.11580597637823],[-127.51763925916342,50.11578176665656],[-127.51706475879915,50.11534166106885]]],[[[-127.23424694147609,50.01367586469733],[-127.23396564379043,50.013365467775564],[-127.23514224742888,50.01286977865893],[-127.23463075850444,50.01386105500104],[-127.23424694147609,50.01367586469733]]],[[[-126.57878304677207,49.6549175726961],[-126.5785233594247,49.65430086555707],[-126.57970394134422,49.65449597062276],[-126.57950353382411,49.654906161284366],[-126.57878304677207,49.6549175726961]]],[[[-127.34689932730126,49.97234956895945],[-127.34611346349752,49.972473463964896],[-127.3458767453752,49.972047660655846],[-127.3471952708261,49.971849665688254],[-127.34689932730126,49.97234956895945]]],[[[-127.55633414889425,50.06905806477918],[-127.55536565118699,50.06925135836613],[-127.5544615579603,50.069141765843526],[-127.55499283414863,50.068653270112456],[-127.55633414889425,50.06905806477918]]],[[[-126.515609956705,49.6484060668505],[-126.51594105030597,49.64789196555081],[-126.51685115471211,49.64772245770661],[-126.51605553800603,49.648632559463884],[-126.515609956705,49.6484060668505]]],[[[-127.24041135833976,49.917093154211614],[-127.24098976862675,49.91721847076673],[-127.24120993134572,49.91767987336598],[-127.24009233997319,49.91777107446723],[-127.24041135833976,49.917093154211614]]],[[[-127.21440466286839,49.988653969488254],[-127.21510014278053,49.989086973107106],[-127.21471483412974,49.98964806104315],[-127.21404992128042,49.98952986373974],[-127.21440466286839,49.988653969488254]]],[[[-127.44868965672191,50.02408115847245],[-127.44907413582288,50.02338476685749],[-127.4498328601186,50.02326796071073],[-127.44934956300533,50.0239814659946],[-127.44868965672191,50.02408115847245]]],[[[-126.57709926259942,49.63720606561959],[-126.57760843028052,49.63674036366522],[-126.5779240381864,49.63678306954448],[-126.57742566186349,49.63786976743376],[-126.57709926259942,49.63720606561959]]],[[[-127.50605364992266,50.11499417341316],[-127.5053808320398,50.11458967101957],[-127.50699415050978,50.11447576721469],[-127.50680693822567,50.114652362097154],[-127.50605364992266,50.11499417341316]]],[[[-127.47311194108302,50.16775827882639],[-127.47347725058093,50.16688235778001],[-127.47420162456127,50.16699056185712],[-127.47413406981865,50.16733957133874],[-127.47311194108302,50.16775827882639]]],[[[-127.24774994701644,49.962448464487565],[-127.24835756157862,49.96263647385814],[-127.24804484356791,49.96354086530651],[-127.24767327135396,49.96343546707452],[-127.24774994701644,49.962448464487565]]],[[[-127.2365290387493,50.00241325770343],[-127.23568762430064,50.002507263100924],[-127.23555126118187,50.001713965037254],[-127.23642005301657,50.0019517586994],[-127.2365290387493,50.00241325770343]]],[[[-126.61892153681842,49.602658570128035],[-126.61976496163113,49.60250376971475],[-126.62041113578613,49.60285846204603],[-126.61904025308107,49.6031631490171],[-126.61892153681842,49.602658570128035]]],[[[-127.38746173883436,50.015555855525434],[-127.38812485057827,50.015718167199324],[-127.38772293711489,50.01650296419434],[-127.38693284942048,50.015943270651874],[-127.38746173883436,50.015555855525434]]],[[[-126.95097534123943,49.74896617203994],[-126.95130697397806,49.748251669504015],[-126.95206754209453,49.74862488164501],[-126.95177645579714,49.74897096701386],[-126.95097534123943,49.74896617203994]]],[[[-127.32167254161807,49.999916583266504],[-127.32156905118947,49.99891536232796],[-127.32280893528444,50.00016586504638],[-127.32261146110818,50.00020006320214],[-127.32167254161807,49.999916583266504]]],[[[-126.56581206368462,49.574384166127416],[-126.5662925513219,49.57445685589889],[-126.56704923957075,49.575111974601825],[-126.56564515618132,49.57495675721552],[-126.56581206368462,49.574384166127416]]],[[[-127.17008314410833,50.076382353356955],[-127.17127854088436,50.0758340569502],[-127.17165634774462,50.076191564933794],[-127.17095764133175,50.07653055958095],[-127.17008314410833,50.076382353356955]]],[[[-126.97567273567807,49.85378136681889],[-126.97678224880326,49.85386397551393],[-126.97695285095023,49.854118860450306],[-126.97625104093424,49.85460165390904],[-126.97567273567807,49.85378136681889]]],[[[-127.50705142789221,50.11810546893827],[-127.50850623277931,50.1184620670194],[-127.50857393831404,50.11901046711533],[-127.50730255849948,50.1185005709492],[-127.50705142789221,50.11810546893827]]],[[[-127.26108842913209,50.10334415962987],[-127.26199394764946,50.102637680047415],[-127.26264995908969,50.10269327619199],[-127.26212175616712,50.10339536980129],[-127.26108842913209,50.10334415962987]]],[[[-127.37886484429089,50.00094485838811],[-127.3789785391172,50.00048777066418],[-127.3800632327671,50.00063867079281],[-127.37923164555126,50.001292374869905],[-127.37886484429089,50.00094485838811]]],[[[-126.94010055594252,49.796475468189996],[-126.93991892333214,49.79582456369149],[-126.94086213865064,49.79553547696917],[-126.94072295913125,49.79687275471686],[-126.94010055594252,49.796475468189996]]],[[[-127.08678575443237,50.02565637331248],[-127.08635155271108,50.02536156357462],[-127.0880079439085,50.026171871546644],[-127.08700503735386,50.026154867300136],[-127.08678575443237,50.02565637331248]]],[[[-127.1207859363977,49.847581775945336],[-127.12012062286726,49.84714736224909],[-127.12194415399972,49.84751906895918],[-127.12169524713383,49.84779396591602],[-127.1207859363977,49.847581775945336]]],[[[-127.52679905644621,50.087125276008514],[-127.52606865258706,50.08681908076378],[-127.52762105531376,50.0863162535261],[-127.52740366705014,50.08699706747002],[-127.52679905644621,50.087125276008514]]],[[[-127.64943223873695,50.168494567514436],[-127.65011874070565,50.16841197477387],[-127.6502125587762,50.16906137324385],[-127.64916706281338,50.168968864807205],[-127.64943223873695,50.168494567514436]]],[[[-127.40757154219091,50.02582587471361],[-127.40841104090282,50.025370062471794],[-127.40825383597966,50.0267173651458],[-127.40768913010673,50.02647526834415],[-127.40757154219091,50.02582587471361]]],[[[-127.68038754050883,50.14525858071291],[-127.68154904805367,50.14528996006532],[-127.68173924135586,50.14596647165082],[-127.68030934431377,50.14555487813731],[-127.68038754050883,50.14525858071291]]],[[[-126.58071486340309,49.619604272761116],[-126.5811651344384,49.61915566369454],[-126.58205992696227,49.619011768268514],[-126.58149342929138,49.619827869796374],[-126.58071486340309,49.619604272761116]]],[[[-127.36631485358419,50.024136658436234],[-127.3672409618224,50.02405126668812],[-127.36780316970362,50.024706368942375],[-127.36702303595703,50.02469647575321],[-127.36631485358419,50.024136658436234]]],[[[-127.30028623818485,49.96055857701921],[-127.29934995374883,49.96064407317242],[-127.29941446230293,49.96001456516847],[-127.30045983163083,49.95999456923651],[-127.30028623818485,49.96055857701921]]],[[[-127.61046665461399,50.115616551615666],[-127.60960782892776,50.115335962553274],[-127.61189784302194,50.11551687575375],[-127.61172205101857,50.11574757018204],[-127.61046665461399,50.115616551615666]]],[[[-127.38629894213418,50.002757858983436],[-127.38700526730659,50.002903170499756],[-127.38721243088546,50.00383176900964],[-127.38623065467753,50.00352985697974],[-127.38629894213418,50.002757858983436]]],[[[-127.18047092662339,49.883128661965074],[-127.18142005284646,49.88322405295557],[-127.18217603665178,49.88422666285797],[-127.18174563780931,49.88419247448201],[-127.18047092662339,49.883128661965074]]],[[[-126.83380735267981,49.791144548842105],[-126.83430504337755,49.79090245589155],[-126.83476224557421,49.79095656729799],[-126.83424153468832,49.79171145899176],[-126.83380735267981,49.791144548842105]]],[[[-127.41448304891004,50.038091181251325],[-127.41532534865838,50.037985768667305],[-127.41587543979081,50.038640877701525],[-127.41503803469507,50.038629471532715],[-127.41448304891004,50.038091181251325]]],[[[-127.47660615360637,50.17768925927015],[-127.47724935636008,50.17774195647053],[-127.47778043802546,50.1786036679093],[-127.47716544789856,50.178596461407984],[-127.47660615360637,50.17768925927015]]],[[[-127.55170796341196,50.09235776928503],[-127.55199065318274,50.09225375302317],[-127.55317766309715,50.092718075195464],[-127.55148304514229,50.09283205349959],[-127.55170796341196,50.09235776928503]]],[[[-126.62498835155469,49.72216585287868],[-126.62528655754045,49.72204626847369],[-126.62688033739089,49.72237525556856],[-126.6261384351332,49.72275547359603],[-126.62498835155469,49.72216585287868]]],[[[-127.26470894013768,49.94376856225756],[-127.2642018526561,49.94353647437537],[-127.2642583507851,49.942322953611125],[-127.2653328655895,49.942671960802166],[-127.26470894013768,49.94376856225756]]],[[[-127.37090072943896,50.00252436938549],[-127.37185563288743,50.00193466882918],[-127.37228905681438,50.002742268736114],[-127.37150104857577,50.00287466709702],[-127.37090072943896,50.00252436938549]]],[[[-127.30976113611308,50.039931158650035],[-127.30994894971225,50.03938575288682],[-127.3114758577404,50.03926325581893],[-127.31038274344515,50.04016477967223],[-127.30976113611308,50.039931158650035]]],[[[-127.20040495393577,49.92072346148589],[-127.20085067185526,49.92073056817435],[-127.20282996187596,49.92144556505805],[-127.20170173967199,49.921445556432516],[-127.20040495393577,49.92072346148589]]],[[[-127.2090806423292,49.923116176233364],[-127.20865353653636,49.922596269570505],[-127.21022075392153,49.92276436465276],[-127.20994735320552,49.923372478941005],[-127.2090806423292,49.923116176233364]]],[[[-126.61670555896094,49.60307066432228],[-126.61755635229748,49.60290827752079],[-126.6184635477738,49.60333125674727],[-126.61738842773711,49.60354346066215],[-126.61670555896094,49.60307066432228]]],[[[-127.5092862415778,50.1176716672771],[-127.51034563356475,50.1177741703372],[-127.51084714525739,50.11832106866399],[-127.5102425596536,50.11842936195695],[-127.5092862415778,50.1176716672771]]],[[[-126.57792072801828,49.65580906281911],[-126.57692334515019,49.65580626402876],[-126.57690834560259,49.655265073758244],[-126.57849984170014,49.65560546776076],[-126.57792072801828,49.65580906281911]]],[[[-127.6068221493255,50.106272269201085],[-127.60781285178189,50.105870677564376],[-127.60885534187989,50.106044474486815],[-127.6084966465636,50.10636486654799],[-127.6068221493255,50.106272269201085]]],[[[-126.5601679555849,49.613191051847366],[-126.56089605362737,49.613575574816636],[-126.56034733404898,49.61432755774085],[-126.5600165426106,49.61401566170587],[-126.5601679555849,49.613191051847366]]],[[[-127.24011723693107,50.10433257591581],[-127.24081513837562,50.104369565712034],[-127.24098156036497,50.105172770864584],[-127.2401966463859,50.10524256906328],[-127.24011723693107,50.10433257591581]]],[[[-127.48671104161458,50.06298057901401],[-127.48581702782897,50.063004768256164],[-127.485248655853,50.06281686648946],[-127.48736232597818,50.06231406806437],[-127.48671104161458,50.06298057901401]]],[[[-127.28709023042882,49.98353536893382],[-127.28700974365852,49.98268795531725],[-127.2881741374009,49.982894456278295],[-127.2877593672923,49.98355386798434],[-127.28709023042882,49.98353536893382]]],[[[-127.58694426785276,50.05697616442921],[-127.5876560435022,50.057030255646644],[-127.58823996471948,50.05808987491929],[-127.58698383469715,50.0575799590949],[-127.58694426785276,50.05697616442921]]],[[[-127.2741627333864,49.93624586954115],[-127.27438504237423,49.93551247164095],[-127.27539316367266,49.935751664617975],[-127.27492155238997,49.936455260525065],[-127.2741627333864,49.93624586954115]]],[[[-127.59672956028999,50.10559295996672],[-127.59800676289483,50.10591486419884],[-127.59839693931623,50.1064588693611],[-127.597131744174,50.10621816774528],[-127.59672956028999,50.10559295996672]]],[[[-127.60014136673549,50.10275596702065],[-127.60163132780569,50.10253086451582],[-127.60217995016241,50.10290686499305],[-127.60137494464455,50.10314897990665],[-127.60014136673549,50.10275596702065]]],[[[-127.11824984130322,49.84696508153207],[-127.1169362410361,49.84678135608338],[-127.11677797340676,49.84619456932326],[-127.11871324177272,49.84689096437846],[-127.11824984130322,49.84696508153207]]],[[[-127.54423655337958,50.09345156877058],[-127.54524806433002,50.09283487311143],[-127.54566026615171,50.09305566188431],[-127.54517734591946,50.09377916660833],[-127.54423655337958,50.09345156877058]]],[[[-127.40610625679574,50.01480527318179],[-127.40675034981004,50.01435526907587],[-127.4072836404115,50.01508306919141],[-127.40627963997048,50.015491777151205],[-127.40610625679574,50.01480527318179]]],[[[-126.90593284477067,49.844653558661754],[-126.90554442702367,49.84400836312792],[-126.90681852809035,49.84412946604856],[-126.90636575833713,49.84461655751843],[-126.90593284477067,49.844653558661754]]],[[[-127.25587975936462,49.9601327603179],[-127.25498362969613,49.96022676921373],[-127.254787858748,49.95947757515074],[-127.25553034054849,49.95938075492097],[-127.25587975936462,49.9601327603179]]],[[[-126.47781574741445,49.79158607320735],[-126.47865803926078,49.79090245745626],[-126.47920832941819,49.790986558175305],[-126.47898625714727,49.79180115747446],[-126.47781574741445,49.79158607320735]]],[[[-127.38543534108808,49.992717272512856],[-127.38490965629482,49.992143278158466],[-127.38655876594807,49.992903772697765],[-127.38595586199057,49.993407965436035],[-127.38543534108808,49.992717272512856]]],[[[-126.46664136628412,49.716001867142666],[-126.46760453615033,49.715860857888444],[-126.46752624643564,49.71658867107657],[-126.46638225308887,49.71669835551959],[-126.46664136628412,49.716001867142666]]],[[[-127.26235593633086,49.941385876730344],[-127.26225195999892,49.94074496291219],[-127.26337634216436,49.940905966900814],[-127.26284635769859,49.94165367266203],[-127.26235593633086,49.941385876730344]]],[[[-127.4878850524765,50.003451455600555],[-127.48702663147827,50.003675064995555],[-127.48658494204426,50.00301135598744],[-127.48847504491506,50.00332478027485],[-127.4878850524765,50.003451455600555]]],[[[-126.5499638286876,49.62755706756621],[-126.55077865696732,49.62651317159118],[-126.5514316319923,49.62645477404946],[-126.55116244818993,49.62742177865557],[-126.5499638286876,49.62755706756621]]],[[[-126.8161546499908,49.9459431635543],[-126.81712675072238,49.94585425716737],[-126.8173641289101,49.946980065657264],[-126.81688195654345,49.94680187529944],[-126.8161546499908,49.9459431635543]]],[[[-127.2624420382729,49.952558763356166],[-127.26171275478339,49.95224265509636],[-127.26101515302835,49.95153056594429],[-127.26303924612522,49.95219847064143],[-127.2624420382729,49.952558763356166]]],[[[-126.56765185586453,49.613591252743895],[-126.5670799462063,49.61312985088435],[-126.56864533023779,49.612550159119806],[-126.56868826096188,49.61309996131162],[-126.56765185586453,49.613591252743895]]],[[[-127.20368216006283,49.916178770703056],[-127.20296264887871,49.91637385405831],[-127.20244715880317,49.916014961445285],[-127.20432264296507,49.915774373000005],[-127.20368216006283,49.916178770703056]]],[[[-126.81793774172336,49.94533406965069],[-126.81920672950987,49.94535256026437],[-126.81978945544333,49.94574607200779],[-126.81829405444758,49.946115757614216],[-126.81793774172336,49.94533406965069]]],[[[-126.57331015275537,49.63373525571471],[-126.57334346886137,49.63279956889981],[-126.57432513801105,49.632550358966284],[-126.57457284543794,49.63312287185071],[-126.57331015275537,49.63373525571471]]],[[[-127.42116024376638,49.991184771042114],[-127.42003745171397,49.991385564818145],[-127.4211141399391,49.99048266540969],[-127.4219693436601,49.99208627186135],[-127.42116024376638,49.991184771042114]]],[[[-127.58509437182984,50.06190956750317],[-127.5856693593222,50.0618454655071],[-127.58598935114509,50.0633238602428],[-127.58530994113703,50.063198469870244],[-127.58509437182984,50.06190956750317]]],[[[-126.97844557142481,49.74391637108842],[-126.97880525159758,49.74329255883261],[-126.97979194592406,49.74325695771783],[-126.9797266505927,49.74416416155574],[-126.97844557142481,49.74391637108842]]],[[[-126.56217486405886,49.63319557019619],[-126.56371794768386,49.633605663935626],[-126.56409843674793,49.63459406098933],[-126.56382415893903,49.63456135857732],[-126.56217486405886,49.63319557019619]]],[[[-127.37754324429288,49.99794976330547],[-127.37851736177078,49.998862665752995],[-127.37846805295503,49.99992377543778],[-127.37817693740736,49.99982975977009],[-127.37754324429288,49.99794976330547]]],[[[-127.10586014720421,50.06111348057039],[-127.10623453789765,50.06120036889646],[-127.10349373114848,50.063026158737756],[-127.10413934699842,50.0625689788238],[-127.10586014720421,50.06111348057039]]],[[[-127.60012793709613,50.1061383734183],[-127.60065175072785,50.10591906302274],[-127.60142904514709,50.1060899564454],[-127.6001603343094,50.106893266062166],[-127.60012793709613,50.1061383734183]]],[[[-127.58829834172734,50.11317256830084],[-127.5893336519855,50.11316685403343],[-127.589673260746,50.11354855723935],[-127.58869512728657,50.11398576542002],[-127.58829834172734,50.11317256830084]]],[[[-126.57050184046494,49.60926776069678],[-126.57012284439894,49.608713361411844],[-126.57141135094469,49.60813795742933],[-126.57141985360032,49.60854245232231],[-126.57050184046494,49.60926776069678]]],[[[-127.38116303777589,50.01397496218033],[-127.38249697280335,50.013749972059976],[-127.38314854834363,50.01390377629434],[-127.38266484723182,50.01455315976651],[-127.38116303777589,50.01397496218033]]],[[[-126.94450555034187,49.71824865217692],[-126.94325823021086,49.71826217045964],[-126.94272974837291,49.71764115506212],[-126.94403386226298,49.71768246330794],[-126.94450555034187,49.71824865217692]]],[[[-126.93586255143212,49.74446046513416],[-126.93561345662165,49.74349336921125],[-126.93697004305713,49.74387797113556],[-126.93602702893025,49.74453596868416],[-126.93586255143212,49.74446046513416]]],[[[-127.43762153760305,50.00587977261472],[-127.43733675757933,50.00475176155518],[-127.438949457978,50.00499817542942],[-127.4379251558777,50.00601935159078],[-127.43762153760305,50.00587977261472]]],[[[-126.9519943590513,49.79912446033133],[-126.95121744363132,49.799101654062866],[-126.95090294193795,49.79831265636668],[-126.95228914977731,49.798418061217895],[-126.9519943590513,49.79912446033133]]],[[[-127.34078045466278,50.01240545169622],[-127.34033644109377,50.01227306934634],[-127.33964793943473,50.011643563790535],[-127.34191305406172,50.01188286072597],[-127.34078045466278,50.01240545169622]]],[[[-126.61330834942305,49.59409386313543],[-126.61365043147363,49.59335466152709],[-126.61549894908352,49.593474273288194],[-126.61506354692696,49.59387025308225],[-126.61330834942305,49.59409386313543]]],[[[-127.54450095741662,50.104527673421714],[-127.54531443479435,50.10444787441682],[-127.5456914429622,50.10494636827415],[-127.54489534920259,50.10537785185688],[-127.54450095741662,50.104527673421714]]],[[[-126.95392374924414,49.72231116187443],[-126.95472566629107,49.72274836529808],[-126.95420414840726,49.72358437291682],[-126.953707331705,49.723494666691934],[-126.95392374924414,49.72231116187443]]],[[[-127.3871604595742,49.9932797670519],[-127.38695563352572,49.99270157397553],[-127.38879036832628,49.9937796649034],[-127.3876554670599,49.99387226830611],[-127.3871604595742,49.9932797670519]]],[[[-126.88990843846446,49.76210856963993],[-126.88961614428966,49.762220374990555],[-126.88892146462638,49.76130026101622],[-126.89012263251391,49.76142986436356],[-126.88990843846446,49.76210856963993]]],[[[-127.73811425772179,50.11739675733238],[-127.7389034452154,50.11767596476388],[-127.73732484484776,50.11868428303713],[-127.73804843005215,50.11778415986478],[-127.73811425772179,50.11739675733238]]],[[[-126.52899733347047,49.7027496646698],[-126.52970443087854,49.70332215815972],[-126.52968542474467,49.7039701632668],[-126.52862643842461,49.703766454087884],[-126.52899733347047,49.7027496646698]]],[[[-127.6472544427494,50.13700675693085],[-127.64857823942363,50.137184778771825],[-127.64898652890025,50.13754936490913],[-127.64787512713153,50.13780576939821],[-127.6472544427494,50.13700675693085]]],[[[-127.60148177177048,50.106658269895185],[-127.60290284292498,50.10635066633674],[-127.60377934971886,50.10652295345183],[-127.60159246835885,50.107172364601624],[-127.60148177177048,50.106658269895185]]],[[[-127.60026325963196,50.11920835560858],[-127.60103523265823,50.11863297456577],[-127.60225095207377,50.119159974388545],[-127.60179406194894,50.11950607273305],[-127.60026325963196,50.11920835560858]]],[[[-126.97492516025517,49.80443816344091],[-126.9740348490225,49.804468069471426],[-126.97390413257266,49.803583662890645],[-126.97511566849111,49.80387556445232],[-126.97492516025517,49.80443816344091]]],[[[-125.44452524058315,50.32455515380745],[-125.44388404223227,50.32357106436318],[-125.44553315336655,50.32394985885973],[-125.44540793911621,50.324248974275314],[-125.44452524058315,50.32455515380745]]],[[[-127.46220806335594,50.0012168606688],[-127.46146055211868,50.00102606820761],[-127.46090526953051,50.000470664039916],[-127.46322956155419,50.00067287241775],[-127.46220806335594,50.0012168606688]]],[[[-126.48548914749674,49.73198437321716],[-126.48685545077963,49.73159127605796],[-126.48737283717684,49.73232338022145],[-126.4867302619418,49.732380272592195],[-126.48548914749674,49.73198437321716]]],[[[-127.38430483813873,49.99815197539599],[-127.38392856378566,49.99728325847421],[-127.38504465831569,49.996857358316326],[-127.38505444663826,49.99783867385139],[-127.38430483813873,49.99815197539599]]],[[[-127.40692013987156,50.00161286669794],[-127.4061402554963,50.00116136880814],[-127.40681264951039,50.00019858028006],[-127.40775173938306,50.00096765766845],[-127.40692013987156,50.00161286669794]]],[[[-126.56849393375516,49.64644347214593],[-126.56913563972634,49.646647169514864],[-126.56930185308502,49.64748607581369],[-126.56805584361219,49.64719126628963],[-126.56849393375516,49.64644347214593]]],[[[-125.91268674506217,50.388993563819874],[-125.91363596690903,50.38862747259517],[-125.91420452698955,50.38941366335177],[-125.91334355350767,50.3896244611502],[-125.91268674506217,50.388993563819874]]],[[[-127.37014126327664,50.02865286860205],[-127.37089014755293,50.02837516150984],[-127.37200826617509,50.02836376571507],[-127.370524442711,50.02928805899704],[-127.37014126327664,50.02865286860205]]],[[[-127.7699514335123,50.096072075225706],[-127.7703601513088,50.097002078225415],[-127.76908444462494,50.09713317778856],[-127.76904944834719,50.096925158764265],[-127.7699514335123,50.096072075225706]]],[[[-126.57181385385697,49.572198075312436],[-126.57114364982316,49.57148306595151],[-126.57257245015852,49.5714132704766],[-126.5727791221083,49.57199436151562],[-126.57181385385697,49.572198075312436]]],[[[-127.67970504097558,50.146150172145774],[-127.68087253828588,50.14595647563497],[-127.68199834344959,50.146761161796896],[-127.68019873416918,50.146543266956556],[-127.67970504097558,50.146150172145774]]],[[[-127.30167183948414,49.963777763860556],[-127.30145893714072,49.96331866032501],[-127.30305046420177,49.963657671122576],[-127.30247755676807,49.96446656425395],[-127.30167183948414,49.963777763860556]]],[[[-127.6162881556046,50.10726636434391],[-127.61634776693019,50.10666536579464],[-127.61749664570827,50.10663407540094],[-127.6171128408904,50.10780757989029],[-127.6162881556046,50.10726636434391]]],[[[-126.28994162935844,49.639157266027965],[-126.29220284279197,49.63910316434959],[-126.29251394005433,49.63948765409249],[-126.29126053398556,49.63960305773407],[-126.28994162935844,49.639157266027965]]],[[[-127.59905383211694,50.09784956075278],[-127.5985752559206,50.09797917320177],[-127.59691065524652,50.097509162288176],[-127.60011954760293,50.09773696930929],[-127.59905383211694,50.09784956075278]]],[[[-127.32451354816251,49.965578968002184],[-127.32374115518603,49.965325377006806],[-127.32559706197783,49.96446096009607],[-127.32485246259829,49.965430770508284],[-127.32451354816251,49.965578968002184]]],[[[-127.24628294186309,49.92646448115436],[-127.2454652470243,49.925974476374805],[-127.24711025945926,49.92555007222671],[-127.24707474599646,49.92617105297872],[-127.24628294186309,49.92646448115436]]],[[[-127.31668854264683,49.96000596949217],[-127.31714144215682,49.958654463862025],[-127.31801724869901,49.95869427252116],[-127.31770814589318,49.95958866171729],[-127.31668854264683,49.96000596949217]]],[[[-127.32299314811524,49.96436127005365],[-127.3223935576503,49.96357785565938],[-127.32377464361196,49.962734755370704],[-127.32279533568017,49.963637759884485],[-127.32299314811524,49.96436127005365]]],[[[-126.60995054586849,49.6095792665552],[-126.61094105212551,49.609113565636875],[-126.61165903038723,49.609433969972706],[-126.6109880445384,49.61015897845871],[-126.60995054586849,49.6095792665552]]],[[[-127.248261526444,49.92918326771516],[-127.24971203653918,49.9287203631034],[-127.25069764213474,49.92920177690335],[-127.24995324248606,49.92939827736695],[-127.248261526444,49.92918326771516]]],[[[-126.80503273571036,49.94921517138916],[-126.80605645139285,49.94932737089014],[-126.80652023910368,49.950382477299954],[-126.80547772162407,49.9502050650628],[-126.80503273571036,49.94921517138916]]],[[[-127.28744794302816,49.98169666562998],[-127.28859875966077,49.98109285974367],[-127.2892562345154,49.981470268276716],[-127.28822325109621,49.98227347927309],[-127.28744794302816,49.98169666562998]]],[[[-126.57143045867252,49.57071545924305],[-126.57060473991781,49.570617169608596],[-126.57092104881046,49.56957035765167],[-126.57213474616987,49.56992077457641],[-126.57143045867252,49.57071545924305]]],[[[-127.26093804766626,49.948227775366234],[-127.26152815801986,49.948110955607106],[-127.26290355704374,49.94902107228832],[-127.26110935506826,49.94889575131339],[-127.26093804766626,49.948227775366234]]],[[[-127.5262738441357,50.10973886873535],[-127.52562144109848,50.10866067718374],[-127.52773937105569,50.1093884707219],[-127.52710806445359,50.10991117629378],[-127.5262738441357,50.10973886873535]]],[[[-126.96139783854825,49.78730776850603],[-126.96202646040751,49.787247975393974],[-126.96294004823795,49.78764956805594],[-126.96185875593811,49.78825205626556],[-126.96139783854825,49.78730776850603]]],[[[-126.88319592816296,49.77792655879436],[-126.88232483860311,49.77784816133474],[-126.88266304671144,49.776478077920004],[-126.88334207028674,49.77713747033194],[-126.88319592816296,49.77792655879436]]],[[[-127.5599902573351,50.1228885580623],[-127.55891906110716,50.12316337527077],[-127.55860165188032,50.12256667939647],[-127.5607993405067,50.122521064511616],[-127.5599902573351,50.1228885580623]]],[[[-127.40962324361163,49.999211661200924],[-127.40919056912223,49.999664564352884],[-127.40894704785978,49.99813205975044],[-127.41039833851744,49.9985208738719],[-127.40962324361163,49.999211661200924]]],[[[-127.61748343517505,50.10956416042777],[-127.61931363808185,50.110063571176646],[-127.61958595036957,50.1103198665874],[-127.61786136697742,50.110469465171995],[-127.61748343517505,50.10956416042777]]],[[[-127.25459894287575,49.92345937811154],[-127.25574333547586,49.92338677286488],[-127.25580185778678,49.92450327308807],[-127.25462375208909,49.9242782613612],[-127.25459894287575,49.92345937811154]]],[[[-126.98007374096176,49.79662207260723],[-126.97896833699588,49.79715047593075],[-126.97879245661473,49.796032457949295],[-126.98074776552924,49.796758862936194],[-126.98007374096176,49.79662207260723]]],[[[-127.30182894421908,50.15737437941695],[-127.30072465061384,50.15697127763272],[-127.30018174793865,50.1564785539778],[-127.30292146530535,50.15700407179837],[-127.30182894421908,50.15737437941695]]],[[[-127.09003683125007,49.858358766921185],[-127.09099024695132,49.85814087682363],[-127.09193135574601,49.85863215656728],[-127.09006786055771,49.8589341729595],[-127.09003683125007,49.858358766921185]]],[[[-127.0705054350055,49.84179947500043],[-127.07164113053463,49.84124256663469],[-127.07228526232616,49.84184646467618],[-127.07175385632935,49.842250964977644],[-127.0705054350055,49.84179947500043]]],[[[-126.57992804973195,49.61661387551791],[-126.58066445200569,49.6169766693921],[-126.58040867000604,49.617943668893886],[-126.57899896409037,49.617626062943664],[-126.57992804973195,49.61661387551791]]],[[[-127.35959035867329,50.026083558438756],[-127.359858065082,50.02555667190772],[-127.3590770594506,50.024304772466714],[-127.36079233147858,50.02558796559542],[-127.35959035867329,50.026083558438756]]],[[[-127.06506294356315,49.83740007088445],[-127.06488396033878,49.83631766484049],[-127.06627056924947,49.83604277142802],[-127.06614955936234,49.83666236432685],[-127.06506294356315,49.83740007088445]]],[[[-127.44738253704031,50.024783259756084],[-127.44622313124876,50.024344671645316],[-127.448612060439,50.02433187393417],[-127.44773037125036,50.02477906887543],[-127.44738253704031,50.024783259756084]]],[[[-127.50968284949661,50.11612927445592],[-127.50916776649711,50.11605097044407],[-127.50847415287805,50.11543847257853],[-127.51069896472296,50.11543996291599],[-127.50968284949661,50.11612927445592]]],[[[-127.65347996305057,50.160941962449186],[-127.65453294509099,50.16084516940612],[-127.65479786023059,50.16188336260528],[-127.65352154603852,50.16196747243319],[-127.65347996305057,50.160941962449186]]],[[[-127.25747964231681,49.986501979344894],[-127.25828375551819,49.98583975625152],[-127.25935696083124,49.98664726391698],[-127.25860523650948,49.98697766248382],[-127.25747964231681,49.986501979344894]]],[[[-127.22781174911569,49.947222255361616],[-127.22594382951135,49.946491661090235],[-127.22606652595464,49.94579236635336],[-127.22841214208418,49.94681777351075],[-127.22781174911569,49.947222255361616]]],[[[-127.60940794063367,50.10343387303151],[-127.60984477201185,50.10332276994384],[-127.612414159927,50.10438807750793],[-127.61128735107202,50.104688562976726],[-127.60940794063367,50.10343387303151]]],[[[-127.35466363180869,50.029298072130054],[-127.35637335260813,50.03031066334309],[-127.35621316308152,50.03089317430298],[-127.35506253648302,50.03030217949603],[-127.35466363180869,50.029298072130054]]],[[[-126.56108464493825,49.61589137354468],[-126.56120335060734,49.61490435154801],[-126.56206843226622,49.61423787307384],[-126.56216016570825,49.615437064894465],[-126.56108464493825,49.61589137354468]]],[[[-127.3181456448422,49.96062977348735],[-127.317097236972,49.960317873285284],[-127.31905496796546,49.95932947334717],[-127.3190526554087,49.96019256204566],[-127.3181456448422,49.96062977348735]]],[[[-127.23033864576958,49.95235427788275],[-127.23218835317864,49.95293766313006],[-127.23267664621504,49.95374655737368],[-127.23192903307901,49.95395876384748],[-127.23033864576958,49.95235427788275]]],[[[-126.61683632979583,49.620794970604976],[-126.61567374078734,49.620240860215205],[-126.61581134137124,49.619666961123926],[-126.61713206081579,49.61987485982722],[-126.61683632979583,49.620794970604976]]],[[[-127.65922226919612,50.14152666736342],[-127.66029752719318,50.140423368618166],[-127.66096975211076,50.14143885744407],[-127.65989593786246,50.14181346213009],[-127.65922226919612,50.14152666736342]]],[[[-127.39264756725679,50.00820697256292],[-127.39261384899308,50.007127370022495],[-127.39394684363151,50.00731676750091],[-127.39364734540325,50.00794205956605],[-127.39264756725679,50.00820697256292]]],[[[-127.05771165553345,49.82512336713183],[-127.05707863560531,49.825257261229375],[-127.05611153094887,49.8244141620843],[-127.05755044027082,49.82428458213775],[-127.05771165553345,49.82512336713183]]],[[[-127.75883165115636,50.10182356996737],[-127.75945185386477,50.10200395767848],[-127.75982524268473,50.103258657113486],[-127.75871444170261,50.10290548366827],[-127.75883165115636,50.10182356996737]]],[[[-126.92907925420066,49.73782644901265],[-126.93065545502859,49.73796316055528],[-126.93066673534778,49.73838616633412],[-126.92964165149695,49.73931197639494],[-126.92907925420066,49.73782644901265]]],[[[-127.73991184760848,50.1150069556887],[-127.74075704586816,50.11524058360519],[-127.73960365845612,50.116586472944974],[-127.7392292355116,50.11588996922602],[-127.73991184760848,50.1150069556887]]],[[[-127.51107585149177,50.12761405411116],[-127.51208175670924,50.12766385711944],[-127.51390093150148,50.129035466778305],[-127.51205917360697,50.12880617177956],[-127.51107585149177,50.12761405411116]]],[[[-127.23471303222814,49.95482896362183],[-127.23356135579373,49.95507255265869],[-127.23286636191843,49.95384765709637],[-127.23534886129602,49.9546238594635],[-127.23471303222814,49.95482896362183]]],[[[-127.5011718316117,50.1136454645881],[-127.50076517289914,50.11415246892955],[-127.49974354640548,50.113733759579965],[-127.50207683886582,50.11288347425829],[-127.5011718316117,50.1136454645881]]],[[[-127.51644136412752,50.118815273363865],[-127.51759565932889,50.11949465667888],[-127.51548867077643,50.1202238705379],[-127.51607905264925,50.1196641693609],[-127.51644136412752,50.118815273363865]]],[[[-127.36685216281062,50.02810317130714],[-127.36900884652057,50.02791655294621],[-127.36951214040154,50.0286614748729],[-127.36815613231484,50.02874116176141],[-127.36685216281062,50.02810317130714]]],[[[-127.35645035318213,50.00676417628412],[-127.35815235624412,50.007238466479116],[-127.35909474577404,50.00826815787284],[-127.35643655932567,50.00718715784268],[-127.35645035318213,50.00676417628412]]],[[[-127.31813773379096,49.97808916764558],[-127.31668742918636,49.97804076456253],[-127.31609734067415,49.97738417433407],[-127.31910576459676,49.977482463421765],[-127.31813773379096,49.97808916764558]]],[[[-126.64050025261398,49.71439825380833],[-126.64189182179963,49.7140735634082],[-126.6425293646847,49.715228569315265],[-126.64178436218818,49.715429366540434],[-126.64050025261398,49.71439825380833]]],[[[-126.97759704409071,49.83189597249445],[-126.97705504885569,49.83167757269605],[-126.97659223028488,49.83077897083926],[-126.97856923360956,49.83104666639804],[-126.97759704409071,49.83189597249445]]],[[[-126.4411882519472,49.79080134941739],[-126.44177796261867,49.79171426814547],[-126.44039083693839,49.79272687258455],[-126.44091654090279,49.79117307255118],[-126.4411882519472,49.79080134941739]]],[[[-127.19222994321534,49.890481760258545],[-127.18918743118174,49.889201467467394],[-127.1889215482982,49.88888237228383],[-127.19375354991122,49.89072105747457],[-127.19222994321534,49.890481760258545]]],[[[-126.53202523938577,49.66325057446321],[-126.53318376624331,49.66255556416597],[-126.5342618443147,49.66286608032195],[-126.5333736462081,49.66371917935946],[-126.53202523938577,49.66325057446321]]],[[[-127.2912135671552,49.991177671200134],[-127.29021764359877,49.990965460658096],[-127.2929521410466,49.99051967355915],[-127.29259136009829,49.99129725677003],[-127.2912135671552,49.991177671200134]]],[[[-127.48274936490053,50.115061072861515],[-127.48212165987331,50.11454835895885],[-127.48508953934758,50.11402147372314],[-127.48374516120347,50.11495715640285],[-127.48274936490053,50.115061072861515]]],[[[-126.56543883828196,49.6476939651337],[-126.56422845397191,49.64781217170265],[-126.56540427014184,49.64644206890534],[-126.56675606636023,49.64685796325265],[-126.56543883828196,49.6476939651337]]],[[[-127.77288076410952,50.092505875340834],[-127.77390077603111,50.09249877148711],[-127.77356915158323,50.0940511761901],[-127.77283196634687,50.09385457312562],[-127.77288076410952,50.092505875340834]]],[[[-127.50974685855995,50.09199746992575],[-127.50945563550007,50.091040365856315],[-127.51153824113045,50.091949070506686],[-127.51060275989806,50.09236916181489],[-127.50974685855995,50.09199746992575]]],[[[-127.17244494096043,50.073837360990396],[-127.17420114780091,50.07358665501625],[-127.17510603169328,50.07403246278194],[-127.17453923843426,50.07461777812443],[-127.17244494096043,50.073837360990396]]],[[[-127.00299143951187,49.846195977026866],[-127.00484062845268,49.844536763228604],[-127.00561314107611,49.84500818233895],[-127.0034032381856,49.84633846205964],[-127.00299143951187,49.846195977026866]]],[[[-127.23500394605196,50.02118007581753],[-127.23594325292864,50.0207086663216],[-127.23627593167862,50.021892163233275],[-127.2352585351909,50.022245374664465],[-127.23500394605196,50.02118007581753]]],[[[-127.5871035559517,50.1048110781767],[-127.58887904911536,50.10488656080708],[-127.58897245266591,50.105921973587066],[-127.58748625533835,50.10557155610133],[-127.5871035559517,50.1048110781767]]],[[[-127.51015483550964,50.08966456835881],[-127.50886675368326,50.08882006345233],[-127.50993136376239,50.08789856895508],[-127.51063676635134,50.089455275018096],[-127.51015483550964,50.08966456835881]]],[[[-127.17492685316738,50.021321076234216],[-127.17671402562786,50.02127686220415],[-127.17708213809777,50.02154327537635],[-127.1759307625093,50.02246897017255],[-127.17492685316738,50.021321076234216]]],[[[-126.61624034324852,49.62225755634933],[-126.61713875246053,49.62225895466738],[-126.61758726978283,49.623302966702894],[-126.6160178483366,49.623117779028924],[-126.61624034324852,49.62225755634933]]],[[[-127.75631645469058,50.10317606946073],[-127.7572585425456,50.10357337169888],[-127.75596115672015,50.10499765901507],[-127.75563914354782,50.104544764210786],[-127.75631645469058,50.10317606946073]]],[[[-127.43039504199825,50.03023808160422],[-127.4299615578018,50.02985486914721],[-127.43202104061389,50.0283082806491],[-127.43227925009515,50.02894197688463],[-127.43039504199825,50.03023808160422]]],[[[-127.61859634204738,50.10779767580129],[-127.62009444261106,50.10767227565845],[-127.62086453643661,50.108652164878514],[-127.61944845740774,50.10879747168889],[-127.61859634204738,50.10779767580129]]],[[[-126.54011474007788,49.67760945345226],[-126.54111103709535,49.6784668788004],[-126.53960814199354,49.679146171947586],[-126.5396012528319,49.67816497623869],[-126.54011474007788,49.67760945345226]]],[[[-127.1151959495083,49.85112517375648],[-127.11213923010523,49.85134447022102],[-127.11201873192405,49.85089307072694],[-127.11359585927984,49.850387477367114],[-127.1151959495083,49.85112517375648]]],[[[-126.72223405955047,49.84733245925747],[-126.72128404434014,49.84682697585503],[-126.72118192900875,49.846294262504315],[-126.72338324426087,49.84655347106616],[-126.72223405955047,49.84733245925747]]],[[[-126.96278805699976,49.804855464697624],[-126.96330126516878,49.803569369956364],[-126.9645985321916,49.80478856649196],[-126.96424402731712,49.804953766734826],[-126.96278805699976,49.804855464697624]]],[[[-126.47466402655498,49.77366096631079],[-126.47614003987393,49.77464657865653],[-126.47608065790693,49.77528455794487],[-126.47410413838315,49.77455685724248],[-126.47466402655498,49.77366096631079]]],[[[-127.33915503698137,49.957056473355834],[-127.33850155487285,49.95701945955947],[-127.33724955558907,49.954932970042584],[-127.33937953424635,49.956186274188205],[-127.33915503698137,49.957056473355834]]],[[[-126.56866655267153,49.63770314836836],[-126.56990042935577,49.63853916195602],[-126.56908603011529,49.63957457334075],[-126.56854615703267,49.639014866377124],[-126.56866655267153,49.63770314836836]]],[[[-127.32368875751011,50.01014526211843],[-127.32223184716482,50.00909845684973],[-127.32338055696849,50.00822547577509],[-127.324643038211,50.00960126420025],[-127.32368875751011,50.01014526211843]]],[[[-127.22518183761466,49.93800766714107],[-127.22438006041486,49.93596246330341],[-127.22645134198592,49.93570618138349],[-127.22654695196643,49.93726415120475],[-127.22518183761466,49.93800766714107]]],[[[-127.34077053870354,50.021580267741065],[-127.33895895584392,50.02186935987856],[-127.33830336147622,50.02143635872861],[-127.34066693360477,50.0209122762973],[-127.34077053870354,50.021580267741065]]],[[[-127.22327095477412,49.934281969861935],[-127.22394745603486,49.93293315093531],[-127.2247502452181,49.933071360378655],[-127.22441435671699,49.935026759504574],[-127.22327095477412,49.934281969861935]]],[[[-126.55585345403868,49.65540746840821],[-126.55581395243354,49.654534449400394],[-126.5575773337799,49.65390635960582],[-126.55727945109189,49.65488907520631],[-126.55585345403868,49.65540746840821]]],[[[-127.31712563357071,50.01904516994564],[-127.31621455731377,50.018384373887],[-127.31879364013193,50.01807955561927],[-127.31742374064845,50.01930157792961],[-127.31712563357071,50.01904516994564]]],[[[-127.542692558865,50.08396067855907],[-127.54166305013655,50.08428107343923],[-127.54142184776433,50.08301927031979],[-127.54408915215562,50.083502054993176],[-127.542692558865,50.08396067855907]]],[[[-127.40484044593559,50.00415645387641],[-127.40587193650796,50.003351772571754],[-127.40705136234155,50.003979858120694],[-127.40643484401225,50.00489847279228],[-127.40484044593559,50.00415645387641]]],[[[-126.99904675645466,49.84538137437475],[-126.99754574428415,49.84467207377641],[-126.9973297648729,49.8441636639209],[-127.0001574523426,49.844734776870034],[-126.99904675645466,49.84538137437475]]],[[[-126.56873184895458,49.61108607747798],[-126.56772375635784,49.6099495637845],[-126.5692581481427,49.609424062048966],[-126.56962016140236,49.61077136443833],[-126.56873184895458,49.61108607747798]]],[[[-126.98185885949914,49.87664696104856],[-126.98243725769906,49.87576686187625],[-126.98441353194299,49.876763772327244],[-126.98374025861717,49.87721955993099],[-126.98185885949914,49.87664696104856]]],[[[-126.91803455298529,49.833016359220665],[-126.91955276447263,49.83264746790711],[-126.92013276109866,49.83339516262514],[-126.91938584911597,49.83425395763183],[-126.91803455298529,49.833016359220665]]],[[[-127.55186813148201,50.087062459136334],[-127.55050286373695,50.08682897130766],[-127.5498415486461,50.08702837485756],[-127.55016365571191,50.08607845772332],[-127.55340835340394,50.08647867391527],[-127.55186813148201,50.087062459136334]]],[[[-127.37359246591421,50.00298576143263],[-127.37302314085413,50.00161856243831],[-127.37371135670756,50.00067575376397],[-127.37451556842602,50.0025129718272],[-127.37359246591421,50.00298576143263]]],[[[-126.55789895731057,49.65940945290317],[-126.55787904083476,49.6581134700216],[-126.55974116039172,49.65803516347443],[-126.55983493454215,49.658648956666376],[-126.55789895731057,49.65940945290317]]],[[[-127.51406066498623,50.13107066682732],[-127.51452924571261,50.13039266089794],[-127.51279612855971,50.12942706661173],[-127.51565105895465,50.13034425983181],[-127.51406066498623,50.13107066682732]]],[[[-127.26324263266125,49.94424137009574],[-127.26217594717401,49.94444075681074],[-127.26170124714686,49.94250106520272],[-127.262728756804,49.94264205596177],[-127.26324263266125,49.94424137009574]]],[[[-126.35856313338024,49.63923416637033],[-126.35889274119789,49.63853057237747],[-126.36089214136422,49.63892658007306],[-126.35986384439383,49.63975826796319],[-126.35856313338024,49.63923416637033]]],[[[-126.61529113841806,49.62239145464181],[-126.61359521940365,49.62139446163614],[-126.61315603542435,49.620475868053596],[-126.61615985654807,49.621922865007704],[-126.61529113841806,49.62239145464181]]],[[[-127.4296725289536,49.99801956075145],[-127.42883263915645,49.99852945812512],[-127.42888132784788,49.99657826846302],[-127.43035964233461,49.99662526706948],[-127.4296725289536,49.99801956075145]]],[[[-127.24828605692622,49.92196106815733],[-127.2496753312688,49.92203656830357],[-127.24997205336135,49.923462174612645],[-127.24857862751247,49.92313466387963],[-127.24828605692622,49.92196106815733]]],[[[-126.29251233845338,49.64127788337829],[-126.29122016413784,49.64132916979688],[-126.290523842021,49.6406740797006],[-126.29348405515971,49.64022967418302],[-126.29251233845338,49.64127788337829]]],[[[-126.97105703452421,49.75298005937559],[-126.97266834698203,49.75232495295326],[-126.97352065629929,49.75320366092613],[-126.9723764598482,49.75366086775661],[-126.97105703452421,49.75298005937559]]],[[[-127.52802555296957,50.08449615989692],[-127.52728534580959,50.08404606904693],[-127.52563904804126,50.08396207767882],[-127.52884946579432,50.08362456853922],[-127.52802555296957,50.08449615989692]]],[[[-127.23998483752607,49.92226727839126],[-127.24156092674843,49.92144556076647],[-127.24212462905878,49.923198769280724],[-127.24125764998085,49.92330268077395],[-127.23998483752607,49.92226727839126]]],[[[-126.97408635927046,49.81922147368374],[-126.97305252671029,49.81932966941034],[-126.97376446269291,49.81790267031217],[-126.9757926432689,49.8183071566524],[-126.97408635927046,49.81922147368374]]],[[[-127.36285323955198,50.02085956141954],[-127.36369003816243,50.02043945876329],[-127.36613084886206,50.021336775654184],[-127.3630787390046,50.02160017803492],[-127.36285323955198,50.02085956141954]]],[[[-126.8497858584322,49.79021036929735],[-126.85106682922421,49.789857160789225],[-126.85292303506913,49.79061057570054],[-126.85149856441886,49.791079064908004],[-126.8497858584322,49.79021036929735]]],[[[-126.58064564709662,49.61595976690093],[-126.57930146348009,49.61544556230749],[-126.58164524567069,49.61479327709999],[-126.58159415955136,49.61580025765111],[-126.58064564709662,49.61595976690093]]],[[[-127.45854253967362,50.05819387741414],[-127.45757907173541,50.058181066937976],[-127.45668864602813,50.057215353150525],[-127.46022775244381,50.057082960361726],[-127.45854253967362,50.05819387741414]]],[[[-127.38222823499589,49.99932836758602],[-127.38105766136218,49.99716217202644],[-127.38246833764097,49.99673205960764],[-127.38330555995043,49.99877587677249],[-127.38222823499589,49.99932836758602]]],[[[-127.46790926099872,50.178978174111535],[-127.46926216833276,50.178267463837244],[-127.4709853518389,50.17959346698648],[-127.47023284378199,50.17990816515464],[-127.46790926099872,50.178978174111535]]],[[[-127.50767496053217,50.087609471386166],[-127.50643085239705,50.087592366882824],[-127.51047285032053,50.08709677794555],[-127.50986764239612,50.08767358035271],[-127.50767496053217,50.087609471386166]]],[[[-127.52624686533343,50.09014025991266],[-127.52480635416777,50.08966317106085],[-127.52395185620878,50.088330067932986],[-127.52705863537096,50.08959196727125],[-127.52624686533343,50.09014025991266]]],[[[-127.6061471277533,50.10352926465287],[-127.6051053643497,50.10375996842591],[-127.6036532431143,50.102708959851455],[-127.60596044954444,50.102214765573365],[-127.6061471277533,50.10352926465287]]],[[[-127.23220595539432,49.94828756361102],[-127.23233473042217,49.94704856739924],[-127.23505335070708,49.94933867874799],[-127.23392053495841,49.949446863901954],[-127.23220595539432,49.94828756361102]]],[[[-127.54572406549387,50.099712371319434],[-127.54500433406216,50.09993736574005],[-127.54396734651563,50.100005778595694],[-127.54526833722512,50.09817847762029],[-127.54572406549387,50.099712371319434]]],[[[-127.54694123322882,50.09828816756017],[-127.54578863804811,50.0980403718147],[-127.54822642938191,50.09651506064322],[-127.54835745358781,50.097694257209604],[-127.54694123322882,50.09828816756017]]],[[[-126.6012950382524,49.69840436796741],[-126.60252525243175,49.69791726579012],[-126.60357344286788,49.69943265269804],[-126.60254736226335,49.699717460097084],[-126.6012950382524,49.69840436796741]]],[[[-125.94227121762093,50.37959516436412],[-125.9434533633756,50.38139967240229],[-125.94322292976281,50.383141460182074],[-125.94154623628515,50.38036845605835],[-125.94227121762093,50.37959516436412]]],[[[-126.63019226300042,49.723594359080465],[-126.62866174193492,49.722835254291226],[-126.62990893099716,49.721700164375726],[-126.63136743559335,49.722530458481906],[-126.63019226300042,49.723594359080465]]],[[[-127.39106875050005,50.027514968144615],[-127.38994654295117,50.026409773775306],[-127.39329405914322,50.02776135727946],[-127.39217414755564,50.02784396509077],[-127.39106875050005,50.027514968144615]]],[[[-127.50300155512454,50.11329076837995],[-127.50508983660924,50.11453127574314],[-127.50483124361634,50.115176477451115],[-127.50274274495236,50.11445726944994],[-127.50300155512454,50.11329076837995]]],[[[-127.36295086449016,50.027804066396065],[-127.36420442701707,50.027076262870615],[-127.36623725441274,50.02807606847539],[-127.36467436260592,50.02850335762303],[-127.36295086449016,50.027804066396065]]],[[[-126.62233173124312,49.66206425805532],[-126.62179412750018,49.66089216300404],[-126.62412804404104,49.66018426396879],[-126.62380863758881,49.66189617475075],[-126.62233173124312,49.66206425805532]]],[[[-126.54248546049902,49.62286577350763],[-126.54095975698554,49.623471057103615],[-126.5432403387789,49.62137027916795],[-126.5435736228096,49.62274466279068],[-126.54248546049902,49.62286577350763]]],[[[-126.97638283713457,49.81516817247259],[-126.9777658464065,49.813996069373836],[-126.97806725152682,49.81675477474559],[-126.97662653169515,49.815982873982435],[-126.97638283713457,49.81516817247259]]],[[[-127.47382444586117,50.172193256587526],[-127.47402934443218,50.17104387662935],[-127.47305996718876,50.17071636413504],[-127.47546285941287,50.17047846912559],[-127.47382444586117,50.172193256587526]]],[[[-126.61561311938901,49.65912016216394],[-126.61784674449335,49.65799525975048],[-126.6182149399967,49.659523470800785],[-126.6164250505717,49.659855273647864],[-126.61561311938901,49.65912016216394]]],[[[-127.44713555413685,50.05405647112168],[-127.4462608568889,50.05431425684073],[-127.44441915955886,50.053812969325186],[-127.44649654854823,50.052689280498],[-127.44713555413685,50.05405647112168]]],[[[-127.60067085570407,50.09722137817169],[-127.599648949969,50.09710177828454],[-127.60264894937015,50.09638256825509],[-127.60338963455207,50.0983337719322],[-127.60067085570407,50.09722137817169]]],[[[-127.3186090546738,50.01653856602728],[-127.32064084913182,50.01552457050529],[-127.32170453248746,50.01665536484643],[-127.31954537086646,50.01730766592277],[-127.3186090546738,50.01653856602728]]],[[[-127.3482294387875,49.965281264380316],[-127.34596084201632,49.9655276598832],[-127.34920854018469,49.96312646151571],[-127.3499748420743,49.963956767338956],[-127.3482294387875,49.965281264380316]]],[[[-126.84933843583619,49.78153117042429],[-126.85158374231347,49.78035768347481],[-126.85248215726972,49.78112957600679],[-126.85123263609519,49.782015459976904],[-126.84933843583619,49.78153117042429]]],[[[-126.96674943424964,49.81249917047689],[-126.96736773084388,49.8116731593098],[-126.9690904371128,49.81170307999717],[-126.96843334541269,49.81377955811168],[-126.96674943424964,49.81249917047689]]],[[[-127.32300584161122,49.97565805518527],[-127.3221210497171,49.97502565690749],[-127.32472504212708,49.97271568456058],[-127.32396783708525,49.97524076871664],[-127.32337293226064,49.97510546628651],[-127.32300584161122,49.97565805518527]]],[[[-127.34302265983779,50.01130457591979],[-127.3428423385798,50.009638275495846],[-127.34528415108876,50.01128327901193],[-127.34399483830474,50.01223605587282],[-127.34302265983779,50.01130457591979]]],[[[-127.36412864020457,50.026462475429],[-127.36287824892202,50.02548257944324],[-127.36468625605198,50.02480756608299],[-127.36497737133752,50.026160467309005],[-127.36412864020457,50.026462475429]]],[[[-126.6156345522165,49.59294596178158],[-126.61421606407401,49.59309687307471],[-126.61363015461725,49.592031550875895],[-126.61689096221252,49.59186496685787],[-126.6156345522165,49.59294596178158]]],[[[-126.471760825984,49.71386556430661],[-126.47343575029998,49.711517051103094],[-126.47435255283138,49.71148425376666],[-126.47415785751667,49.71286436486363],[-126.471760825984,49.71386556430661]]],[[[-127.05118645100295,49.8227834700305],[-127.05025236724887,49.82217386272285],[-127.05216195011118,49.821693867611486],[-127.05336046327928,49.823683566008825],[-127.05118645100295,49.8227834700305]]],[[[-126.96064753638827,49.791982062692085],[-126.9598850527946,49.79025876230914],[-126.96260825025416,49.79029865183302],[-126.96199285321352,49.791358251883985],[-126.96064753638827,49.791982062692085]]],[[[-126.92874996552425,49.868631565323604],[-126.92769125546889,49.8670649572068],[-126.92807583424417,49.86617196763025],[-126.93010995388671,49.8670990746551],[-126.92874996552425,49.868631565323604]]],[[[-127.29966946162106,49.9921010638504],[-127.30087714075506,49.99171597576411],[-127.30187243482793,49.995139763089036],[-127.30098124990165,49.993120251519656],[-127.29966946162106,49.9921010638504]]],[[[-127.31982283746636,49.97530626414851],[-127.31864452824479,49.97470526456331],[-127.32104824348677,49.97261736234259],[-127.32138706179704,49.97409716013313],[-127.31982283746636,49.97530626414851]]],[[[-126.62717515896856,49.69239846301555],[-126.6284183497432,49.690517067686805],[-126.62966503084165,49.69109957341387],[-126.62927235443588,49.69259495927892],[-126.62717515896856,49.69239846301555]]],[[[-127.42345154111982,49.995361969637564],[-127.4220119550999,49.99501017088179],[-127.42325493898652,49.993722778171666],[-127.42566864462928,49.99539185361448],[-127.42345154111982,49.995361969637564]]],[[[-127.15073475383547,50.074698957834926],[-127.14967263671599,50.07467337124059],[-127.14685075263291,50.073162275560904],[-127.14895266644201,50.07306117228102],[-127.15073475383547,50.074698957834926]]],[[[-127.22768264844052,50.10972027971967],[-127.22763913654019,50.10708405738503],[-127.22922423979982,50.107358961392244],[-127.2296766607946,50.10870627323593],[-127.22768264844052,50.10972027971967]]],[[[-126.04705655439723,49.60971455499474],[-126.04789066568397,49.61059047249233],[-126.04874313964832,49.61321245390585],[-126.04660404300772,49.6121770683264],[-126.04705655439723,49.60971455499474]]],[[[-126.9695378459057,49.814923179731885],[-126.96882504768647,49.815683764733954],[-126.96911006191739,49.81321556623257],[-126.97212863650658,49.81547157040469],[-126.9695378459057,49.814923179731885]]],[[[-126.6280860512391,49.69445925879221],[-126.62983306036544,49.69393665943428],[-126.63039605662837,49.69631505351644],[-126.62837904083423,49.696156956009986],[-126.6280860512391,49.69445925879221]]],[[[-126.5714213406539,49.608785973353214],[-126.57356103083481,49.60808385729546],[-126.57467863064933,49.60843136211148],[-126.57240753753663,49.61037116810605],[-126.5714213406539,49.608785973353214]]],[[[-126.97119555996913,49.79326386287425],[-126.9685006509414,49.793585649805756],[-126.9678410442861,49.79238647692622],[-126.97217825178762,49.79269696250855],[-126.97119555996913,49.79326386287425]]],[[[-127.5125539307271,50.1183239624992],[-127.51389885202575,50.11777565137643],[-127.51601325293821,50.11904315257718],[-127.51465924805679,50.11989917136338],[-127.5125539307271,50.1183239624992]]],[[[-127.43256745257803,50.037688079849566],[-127.43210773424246,50.03637776894981],[-127.43469104347344,50.03469436536129],[-127.43358133356426,50.038719172475226],[-127.43256745257803,50.037688079849566]]],[[[-127.34427383780577,50.024068376411016],[-127.34252534944174,50.02332347262261],[-127.34347845113098,50.02159165413614],[-127.34544805472382,50.022366471872665],[-127.34427383780577,50.024068376411016]]],[[[-127.31684605616154,50.01669376480426],[-127.31776903217447,50.01421566764929],[-127.31992724011828,50.01520836895701],[-127.31745535167676,50.017178066164455],[-127.31684605616154,50.01669376480426]]],[[[-127.48437774008652,50.06074606622122],[-127.48270763980955,50.0601492599763],[-127.48270824449514,50.058331962514494],[-127.48589635858059,50.06048676636549],[-127.48437774008652,50.06074606622122]]],[[[-127.51342294948367,50.104035057345484],[-127.51038544697737,50.10386966698459],[-127.51107405683375,50.10287126144927],[-127.51038753175835,50.1020252708631],[-127.51342294948367,50.104035057345484]]],[[[-127.15749005870978,50.07713585727301],[-127.1564339297717,50.07550086055447],[-127.16152084993992,50.07694787649298],[-127.16048215214435,50.07780376701053],[-127.15749005870978,50.07713585727301]]],[[[-127.5433489599163,50.08626147052064],[-127.54279784407188,50.084664163191185],[-127.54683385185177,50.08429245725691],[-127.54697233893633,50.08528375802227],[-127.5433489599163,50.08626147052064]]],[[[-126.57172432475103,49.646980465832314],[-126.56986282651113,49.6456815614097],[-126.57006323934618,49.6450107771374],[-126.57386225483685,49.646044762022704],[-126.57172432475103,49.646980465832314]]],[[[-127.55649656447777,50.07253136211192],[-127.55462513484557,50.07297567284443],[-127.55502095777418,50.07097466389498],[-127.55383605501572,50.07083367421501],[-127.55711685649052,50.07052467658133],[-127.5555784640003,50.07101736045155],[-127.55706044154026,50.07095476103099],[-127.55771595940165,50.07245585351562],[-127.55649656447777,50.07253136211192]]],[[[-126.54953066331686,49.629860064398194],[-126.54663325907275,49.63074305481462],[-126.54780753520865,49.62941846455683],[-126.5509230576846,49.62775787394374],[-126.55240654284125,49.62829336023907],[-126.54953066331686,49.629860064398194]]],[[[-127.21344643734399,50.03106695678269],[-127.21619804385426,50.03025517589172],[-127.21785854268316,50.031405857909306],[-127.21505543963234,50.0320994585982],[-127.21344643734399,50.03106695678269]]],[[[-127.55493103650812,50.097641569672106],[-127.55547725172913,50.09436587690341],[-127.55749584233537,50.0951007837111],[-127.55720276296681,50.09651925739097],[-127.55493103650812,50.097641569672106]]],[[[-127.31882563974057,50.03591637193553],[-127.31928073061401,50.03451917090013],[-127.32404855747271,50.032358666989595],[-127.32077545804667,50.036097277785906],[-127.31882563974057,50.03591637193553]]],[[[-127.39250424778517,50.0183957711962],[-127.38943355887899,50.01708546026897],[-127.38848575111041,50.01703557517897],[-127.392925552843,50.01660265960768],[-127.39434266359142,50.01762945872153],[-127.39250424778517,50.0183957711962]]],[[[-126.61370824073407,49.61116725431194],[-126.6119122578514,49.61190496621265],[-126.6095063504661,49.61130535780338],[-126.61410886603717,49.609745861661374],[-126.61370824073407,49.61116725431194]]],[[[-126.98109805495693,49.81976695722964],[-126.97945193216988,49.81757936262304],[-126.98385606000653,49.81761065551047],[-126.98223865734812,49.819749856191514],[-126.98109805495693,49.81976695722964]]],[[[-126.5761482510383,49.670561078572405],[-126.57473722953416,49.671062365229226],[-126.57326983094883,49.669934459120945],[-126.57511164172286,49.668839175632435],[-126.57820285113,49.67080175182703],[-126.57667946186164,49.671867070420504],[-126.5761482510383,49.670561078572405]]],[[[-126.36212733029619,49.63789396937645],[-126.3587091454864,49.63834545566836],[-126.3562019484058,49.63729867197533],[-126.35897874650308,49.63643556907128],[-126.36212733029619,49.63789396937645]]],[[[-127.32838122903493,50.01210216649954],[-127.32603683841158,50.01169905675893],[-127.32426716233176,50.01042296077038],[-127.32756426004997,50.00949017608829],[-127.32703346259689,50.010723467837465],[-127.32938974846357,50.01197257934615],[-127.32838122903493,50.01210216649954]]],[[[-125.94058506117743,50.37553476733054],[-125.9439344631605,50.37760986269828],[-125.94424104818113,50.381865358784204],[-125.94222655840844,50.37683366150422],[-125.94058506117743,50.37553476733054]]],[[[-127.4810197418086,50.11928386218873],[-127.4796967418126,50.1186543610428],[-127.48146623240343,50.11710336060924],[-127.48497614387632,50.118499180763486],[-127.4810197418086,50.11928386218873]]],[[[-126.15784463855331,49.661708180480076],[-126.16055195091408,49.66021846298344],[-126.16157713518318,49.66118836090315],[-126.15886784039137,49.66320927116098],[-126.15730703960236,49.66288316374195],[-126.15784463855331,49.661708180480076]]],[[[-127.34223464808926,49.96646336268091],[-127.3437567368171,49.96151997961795],[-127.34475694367461,49.961606756782885],[-127.34427583763997,49.964252970897626],[-127.34496993439173,49.96515306042519],[-127.34223464808926,49.96646336268091]]],[[[-127.64515643242855,50.133933272051486],[-127.64396054197803,50.132201457872725],[-127.64755404916468,50.129788857058465],[-127.64607223716385,50.133215465387366],[-127.64748533906698,50.13325967274063],[-127.64515643242855,50.133933272051486]]],[[[-127.34475774041148,49.96889166187661],[-127.3429606563053,49.96886595115404],[-127.34234756344247,49.96966787493202],[-127.34124726060838,49.96799575962353],[-127.34733045461688,49.96588795697384],[-127.34475774041148,49.96889166187661]]],[[[-126.63908163825475,49.745149768710746],[-126.63996254148338,49.74298216249965],[-126.64399414065589,49.744881964776845],[-126.64352995411116,49.74528507257382],[-126.63908163825475,49.745149768710746]]],[[[-127.43301723778406,49.996877364563474],[-127.43087325065069,49.99672206645936],[-127.4291694363831,49.99544885710683],[-127.43140406951457,49.994138566460215],[-127.4338486285595,49.99532357057533],[-127.43301723778406,49.996877364563474]]],[[[-126.50713054640245,49.70833537261429],[-126.50647374993146,49.70733987422654],[-126.50930553597419,49.7061862719281],[-126.51007115841642,49.70534026457315],[-126.51180804757284,49.70498985518072],[-126.50713054640245,49.70833537261429]]],[[[-126.9670270449902,49.809185073747614],[-126.96522624400808,49.80705726691102],[-126.96859634351259,49.80620845339535],[-126.96931763761273,49.80823515832388],[-126.9670270449902,49.809185073747614]]],[[[-127.26781683156015,50.042416468549966],[-127.26400015015523,50.042862168148716],[-127.26293013734063,50.04198346550368],[-127.26651037201673,50.040678870182425],[-127.2690271416904,50.04173286922111],[-127.26781683156015,50.042416468549966]]],[[[-126.99459354649365,49.8134704632362],[-126.99230484665102,49.81434785931766],[-126.9906806553074,49.81262025820728],[-126.99654563288422,49.812298362903135],[-126.99774464466404,49.813597281857234],[-126.99459354649365,49.8134704632362]]],[[[-126.98457585398086,49.81003105282585],[-126.98047314475119,49.810068052595774],[-126.97864202586092,49.80862395988847],[-126.98313885714596,49.80845876948003],[-126.98542206518461,49.80938877101729],[-126.98457585398086,49.81003105282585]]],[[[-127.52213015996605,50.09214695914582],[-127.52302734747877,50.08980126302786],[-127.52612596245679,50.092215370496774],[-127.52281434992248,50.09309976063831],[-127.52213015996605,50.09214695914582]]],[[[-126.90716245220297,49.77238066746917],[-126.90469782368511,49.770240065405325],[-126.90870894654643,49.77062746036674],[-126.91259915986998,49.77350436667635],[-126.90716245220297,49.77238066746917]]],[[[-126.95563322820594,49.811700271132565],[-126.95375514606724,49.81243226132267],[-126.95196344887391,49.81140256336999],[-126.95243356364479,49.81014217273648],[-126.95717394890656,49.80946137715523],[-126.95563322820594,49.811700271132565]]],[[[-126.56980725814806,49.66346567125399],[-126.56855835440955,49.66211697046872],[-126.57218944676939,49.659628860898],[-126.57472943435941,49.660662878124185],[-126.56980725814806,49.66346567125399]]],[[[-127.59004284277337,50.1118893614282],[-127.58939406570522,50.110154667713005],[-127.59345025179775,50.10967325776327],[-127.59229013878117,50.11154756129099],[-127.59265243860965,50.11300877394744],[-127.59004284277337,50.1118893614282]]],[[[-126.83410542970176,49.79632306125871],[-126.8315268476428,49.79524915551503],[-126.83319213976245,49.792483363037576],[-126.83547963945126,49.794495773693],[-126.83410542970176,49.79632306125871]]],[[[-126.83740744554085,49.779572861829934],[-126.83712813685463,49.778389356936835],[-126.83977895146928,49.77872547972446],[-126.84111615396583,49.77990187154666],[-126.8430895524839,49.78050575812319],[-126.84333343571566,49.782237570277076],[-126.83740744554085,49.779572861829934]]],[[[-127.68873532841106,50.13946206572051],[-127.68550672450118,50.13977686465635],[-127.68412823665857,50.13748527100775],[-127.6906584580484,50.13817025354895],[-127.68873532841106,50.13946206572051]]],[[[-126.5297864301711,49.70307296476626],[-126.52799714985296,49.70114455199443],[-126.53061642713135,49.69980715832878],[-126.53195664976538,49.702389251476],[-126.5297864301711,49.70307296476626]]],[[[-125.93169034695569,50.37361916597445],[-125.93724574059947,50.37338847760844],[-125.94068175233262,50.37479555456516],[-125.93471023837206,50.37470297125552],[-125.93169034695569,50.37361916597445]]],[[[-127.38127515497402,50.012330067984585],[-127.38000495364692,50.01311336031517],[-127.37681115236855,50.01181725993927],[-127.37861203998118,50.010143870026305],[-127.38292584212809,50.01091436913243],[-127.38386223719642,50.0125635612713],[-127.38127515497402,50.012330067984585]]],[[[-127.5535732725451,50.08517686760296],[-127.55168674977354,50.085585663171145],[-127.5507074557586,50.083809671654336],[-127.55570664734982,50.08253217945831],[-127.55581525394126,50.08449466581988],[-127.5535732725451,50.08517686760296]]],[[[-126.57766234915843,49.60940265434939],[-126.57376444268336,49.61093938180591],[-126.57304225260381,49.61041246773599],[-126.58080354205757,49.606058672683965],[-126.57766234915843,49.60940265434939]]],[[[-127.49586895209015,50.10748715086709],[-127.49999995720226,50.10808005297954],[-127.50147525422913,50.111086176545726],[-127.49762206091611,50.110010875088506],[-127.49586895209015,50.10748715086709]]],[[[-127.3983009584614,49.99687026512139],[-127.39696973206091,49.99726795988981],[-127.39658515081389,49.99560556100923],[-127.39980474697248,49.99231276825811],[-127.40085016329661,49.99490907194822],[-127.3983009584614,49.99687026512139]]],[[[-126.61430694898895,49.61872837749294],[-126.6129602530612,49.61878967146517],[-126.61396534451902,49.61667036148713],[-126.61208333701208,49.616055163794854],[-126.613189240149,49.61411675347277],[-126.61661174954999,49.61720167681045],[-126.61430694898895,49.61872837749294]]],[[[-127.93946816048442,50.11246756717035],[-127.9377343541881,50.111174470409054],[-127.93966864562776,50.10908795623194],[-127.94290204678235,50.11081696375406],[-127.94130635724281,50.11159455302567],[-127.94188243432372,50.11398296597576],[-127.93946816048442,50.11246756717035]]],[[[-127.2720623481046,50.14034936721326],[-127.26880236254088,50.14031085918437],[-127.26682065403351,50.13784276658283],[-127.27038223795196,50.137688973351345],[-127.27348575202166,50.14011006101883],[-127.2720623481046,50.14034936721326]]],[[[-127.00753374830984,49.88118457706275],[-127.00272483991172,49.88032856935239],[-127.00255854363499,49.87726657967575],[-127.00593965018622,49.87798145519351],[-127.00753374830984,49.88118457706275]]],[[[-127.25655674574416,49.96611586559474],[-127.25615705124407,49.962898556052465],[-127.25340815689454,49.962578063889346],[-127.25586584565421,49.96052867222367],[-127.25775464120417,49.961141078753464],[-127.25684714690998,49.96347535215421],[-127.25890685373446,49.96472016900516],[-127.25819025211496,49.966050376517344],[-127.25635835141549,49.96733635806942],[-127.25655674574416,49.96611586559474]]],[[[-127.32095073345938,50.02146636329643],[-127.31961106038261,50.018622174604076],[-127.32287323822811,50.01753545731742],[-127.3244563326491,50.019384171640354],[-127.32219104319202,50.02193345460441],[-127.32095073345938,50.02146636329643]]],[[[-127.29266303762294,49.9852814714247],[-127.2907884277198,49.983904269334154],[-127.29330746557972,49.98206127384564],[-127.29164523533682,49.97821446138934],[-127.29352514378594,49.97867306184954],[-127.29277444752915,49.97785275713366],[-127.29494935413923,49.97707517498302],[-127.29379002566097,49.97950486562577],[-127.29527626258802,49.980830771553826],[-127.29459933291419,49.983817366606594],[-127.29354537216848,49.9828559684386],[-127.29389205119934,49.98486695980652],[-127.29266303762294,49.9852814714247]]],[[[-127.47395342504886,50.16644656652049],[-127.47477186847615,50.16359817464479],[-127.47815694689993,50.164127975784126],[-127.47720965506544,50.16532996770488],[-127.47927553195682,50.16595945989311],[-127.47691964745466,50.16779957325321],[-127.47395342504886,50.16644656652049]]],[[[-127.14226994201162,50.102735984253634],[-127.13856376386423,50.10061676757535],[-127.14886114146894,50.10190568214199],[-127.14821373048915,50.10273166430245],[-127.14226994201162,50.102735984253634]]],[[[-127.47352645364104,50.17981565527225],[-127.46674154453943,50.17653427110349],[-127.46655366490366,50.17539776427034],[-127.47479005409602,50.17708115497453],[-127.47352645364104,50.17981565527225]]],[[[-127.2274134638222,49.9034207724465],[-127.2215553635343,49.900965372185674],[-127.2204455300315,49.89899566751484],[-127.22380215882143,49.89895727515532],[-127.22164085971299,49.89981466753411],[-127.22938004448277,49.901831256232256],[-127.2274134638222,49.9034207724465]]],[[[-127.51276762548815,50.095130664532114],[-127.51170605388481,50.093740672404905],[-127.512979456263,50.0923905676996],[-127.51833365452939,50.09328635684429],[-127.51824013113564,50.096765667300375],[-127.51276762548815,50.095130664532114]]],[[[-126.97463063539664,49.83079036217933],[-126.97144526012134,49.829186657500124],[-126.9710611691343,49.82738926870967],[-126.96899123101824,49.827308167744626],[-126.9687777494387,49.82610897077173],[-126.97126586185718,49.82646647527596],[-126.97218085911689,49.82520596329697],[-126.97180874172334,49.826782557372965],[-126.97547896368539,49.827161463407855],[-126.97662626086506,49.831966775009455],[-126.97463063539664,49.83079036217933]]],[[[-126.57932334501177,49.688960472152445],[-126.57936793938502,49.68726138081023],[-126.58312816380607,49.686926673642574],[-126.58587164538422,49.688081661915845],[-126.58603243912269,49.68984768295924],[-126.58431143476899,49.69099845687033],[-126.57932334501177,49.688960472152445]]],[[[-127.63916956406236,50.133882061144476],[-127.63562274034238,50.13261735949931],[-127.63489994720283,50.12850708057688],[-127.63900664533158,50.128789081405614],[-127.64093314202678,50.1323908802118],[-127.63916956406236,50.133882061144476]]],[[[-127.19128773223125,50.05069256743712],[-127.18663665077972,50.04774155343432],[-127.1868924236734,50.04612646337929],[-127.19244564797663,50.04590717273171],[-127.19443914844783,50.04751226547468],[-127.19128773223125,50.05069256743712]]],[[[-127.23071733463829,50.008656958295134],[-127.2273358616833,50.002317867338135],[-127.22751004167196,50.00103317744786],[-127.22992723712912,50.00433596819269],[-127.2356869372323,50.00329055728619],[-127.23398816297492,50.005090764065194],[-127.23243224366418,50.00798046019776],[-127.23233415312917,50.009517154497104],[-127.23071733463829,50.008656958295134]]],[[[-127.45598705015348,50.000252753192484],[-127.45564605461259,49.99997787134139],[-127.45359896436885,49.99990517470248],[-127.45229736744933,50.00044647291461],[-127.44850943420342,49.999342663662944],[-127.44780864122781,49.997256158417265],[-127.44968616168448,49.99613817715148],[-127.45527936435234,49.99704966695058],[-127.45598705015348,50.000252753192484]]],[[[-127.64087043717296,50.127651072071345],[-127.6379947341456,50.127427468723155],[-127.63550026699282,50.12367466265303],[-127.6400864397004,50.12224475717025],[-127.64027665307283,50.1214913717793],[-127.6431663340536,50.12217356507533],[-127.64237743602752,50.12383706100957],[-127.64418795768373,50.125171577440135],[-127.63910776336377,50.12666695827591],[-127.64087043717296,50.127651072071345]]],[[[-126.96163214574953,49.80756997800829],[-126.95382683443464,49.80842166700834],[-126.95214565141073,49.807716655523514],[-126.95417394502954,49.80513607606278],[-126.95701385788075,49.80465466639996],[-126.96497035187535,49.80583815439884],[-126.9634582378302,49.808086966731004],[-126.96163214574953,49.80756997800829]]],[[[-127.38009226409186,50.027982075251124],[-127.37502393503718,50.025051062226346],[-127.36893793974745,50.027493572970705],[-127.37101563175779,50.025085260305154],[-127.36977506926789,50.02341177054438],[-127.38017233580538,50.02390026681572],[-127.38262942983148,50.026821360102396],[-127.38009226409186,50.027982075251124]]],[[[-126.98862085064864,49.860277174750394],[-126.98107536450739,49.85770786641363],[-126.9836041313288,49.85712257072454],[-126.98269043927166,49.856333476308365],[-126.98419965659627,49.85616977368402],[-126.98461605993587,49.85319166773288],[-126.9874690416654,49.85484237076087],[-126.98662736797225,49.85637486988429],[-126.99008855903097,49.85677645802008],[-126.99034484139654,49.85897547348496],[-126.98862085064864,49.860277174750394]]],[[[-125.34048074955044,50.1131996543222],[-125.32762663066723,50.11411537965678],[-125.32406605380429,50.11279237494073],[-125.3255090464032,50.111065540598425],[-125.34522591858209,50.11158776177707],[-125.34048074955044,50.1131996543222]]],[[[-126.55705604642088,49.62283155959831],[-126.55284025728753,49.62348957130541],[-126.55117516336955,49.62217636588365],[-126.55880895166256,49.61571756418018],[-126.55976795612673,49.61786106386623],[-126.55701995669116,49.6196740669941],[-126.56069135021737,49.61908586492442],[-126.56121425058133,49.620823375116345],[-126.55705604642088,49.62283155959831]]],[[[-126.54266305598237,49.62542356827636],[-126.53882704803883,49.62538655359162],[-126.54634492892617,49.621598166055975],[-126.5483555559958,49.61850056790566],[-126.55222344131866,49.61701795699146],[-126.55441113760543,49.61784675487283],[-126.55227112786434,49.62076076920649],[-126.54266305598237,49.62542356827636]]],[[[-126.57763955779083,49.643378866634855],[-126.57310696106134,49.644516572591],[-126.56941634189226,49.64352246929756],[-126.56846106611934,49.64155846667389],[-126.57090624962818,49.63837107720374],[-126.57192672790683,49.63842946405513],[-126.57071645545331,49.64020267176347],[-126.57425816021134,49.638640265448764],[-126.57625884595562,49.6401840679502],[-126.57532965847186,49.64130636462045],[-126.57844283863442,49.64140748255387],[-126.57763955779083,49.643378866634855]]],[[[-127.5609346618154,50.09513497648281],[-127.55057794737829,50.091291059250274],[-127.54950788166634,50.08836423427378],[-127.55267905735712,50.087504074384555],[-127.55506595449353,50.08948517592497],[-127.55836806233654,50.089355573228055],[-127.55739325573415,50.09158297183049],[-127.56045835913196,50.09101897097289],[-127.55924694052226,50.09363955906397],[-127.56064973853466,50.09344016884124],[-127.5609346618154,50.09513497648281]]],[[[-127.38937233800414,50.00890767401107],[-127.38280686851125,50.00990456543257],[-127.37772105938117,50.006352564721865],[-127.3794666543326,50.00508216830509],[-127.38270262712581,50.005963765598025],[-127.38455426158562,50.003561175022746],[-127.39176166754956,50.008383565520944],[-127.38937233800414,50.00890767401107]]],[[[-127.35774164167769,50.0200677657018],[-127.35363304866576,50.01817497202644],[-127.34915233356489,50.01775057047385],[-127.35224464072274,50.016310675985686],[-127.35113624855254,50.015251072205594],[-127.348472944044,50.01561857133465],[-127.34774247009663,50.01410596956421],[-127.35065596145989,50.012142063300765],[-127.3532056312428,50.012681772289746],[-127.35683293888896,50.016861864245726],[-127.35980626705178,50.01684046910635],[-127.35965683147239,50.0192132717645],[-127.35774164167769,50.0200677657018]]],[[[-126.57310384765296,49.6693818595097],[-126.57069222148289,49.66908846158226],[-126.56986683414615,49.6667498597135],[-126.57193215699405,49.66448965933229],[-126.57806973814795,49.6645466558307],[-126.5815663452486,49.66138207118202],[-126.58421035278946,49.66340727646572],[-126.57310384765296,49.6693818595097]]],[[[-127.55340386297107,50.10382836888656],[-127.55172406028377,50.10198257342634],[-127.5496241603224,50.10113807089065],[-127.54944375271823,50.096952259196435],[-127.55080136580555,50.09546827213177],[-127.55270127053612,50.095113568007356],[-127.55108104433086,50.09691096706414],[-127.55299256330619,50.097915059420664],[-127.55171564639298,50.09949017915303],[-127.55293793318899,50.09978507103922],[-127.55460787039823,50.09773696583013],[-127.55662734465643,50.09797766468604],[-127.55897794700512,50.09515637705776],[-127.56397004256715,50.09742087935535],[-127.55340386297107,50.10382836888656]]],[[[-126.93840713504248,49.84842056085497],[-126.93200284636326,49.848854963767494],[-126.92959454175588,49.84726417890754],[-126.92412715225414,49.84954996057104],[-126.92234773060747,49.847584563769075],[-126.92547775088873,49.84434876207824],[-126.93450904549515,49.84621878056786],[-126.94147594114857,49.8452460787729],[-126.93840713504248,49.84842056085497]]],[[[-126.85859475911906,49.785516174598],[-126.85332614264428,49.78683066252755],[-126.84226456139429,49.78562727352239],[-126.84481355018677,49.78203965744854],[-126.85094735987337,49.78312626348516],[-126.85441724388176,49.78103127266504],[-126.85635583882708,49.78334277658614],[-126.86005505308756,49.782656369913596],[-126.85859475911906,49.785516174598]]],[[[-126.58848513393158,49.64085347246441],[-126.58217373469152,49.641018676033354],[-126.57937825544502,49.639026261234186],[-126.58007933006407,49.6371875685455],[-126.57879545568518,49.63569357580695],[-126.58029926820875,49.634709467088335],[-126.58097435016754,49.63533466345644],[-126.58194946451638,49.63520227048999],[-126.58201225471868,49.635618061625074],[-126.58451175194887,49.63578617302159],[-126.58827924082283,49.633535877151516],[-126.59125315134861,49.635837472646706],[-126.5892680289403,49.63761337123271],[-126.59093174552629,49.63957317946159],[-126.58848513393158,49.64085347246441]]],[[[-127.52823323940889,50.09779257209489],[-127.52298055773137,50.09768005782992],[-127.52448062747241,50.09662046931926],[-127.52159954597147,50.093957176577526],[-127.5286321261813,50.09346156236298],[-127.5290306513982,50.090480656318896],[-127.53120564409086,50.08929426122438],[-127.5366521415523,50.08999216130618],[-127.53598854446048,50.09113577587846],[-127.53735474777127,50.09167417344572],[-127.5358189268182,50.09390306428813],[-127.52823323940889,50.09779257209489]]],[[[-126.58751394620747,49.62773506472084],[-126.5801003546331,49.630026667309735],[-126.57794612214674,49.628811761551674],[-126.58212435588325,49.619913355605725],[-126.58669553905769,49.62240997716437],[-126.58528642992789,49.62012266833903],[-126.58883525051503,49.62032345069355],[-126.59037123297472,49.622288956612394],[-126.58955485632387,49.62370177524562],[-126.5907988506848,49.626246760375416],[-126.58751394620747,49.62773506472084]]],[[[-126.57206244031048,49.629049670426625],[-126.56460714850424,49.62747166336681],[-126.56229982145489,49.625407963027946],[-126.5672845414004,49.62123077774716],[-126.57080723302751,49.621969856973756],[-126.573262955555,49.61826976287066],[-126.57894876608296,49.61834386518417],[-126.57852223364624,49.62080065990251],[-126.57329684761754,49.624811177479515],[-126.57206244031048,49.629049670426625]]],[[[-127.30282225671586,50.04306875352149],[-127.28335305570486,50.0485106733026],[-127.27978246215793,50.04681296945216],[-127.28846006961857,50.042389366772596],[-127.29404983216898,50.041878065614384],[-127.29745716740477,50.03917636787441],[-127.30015186821375,50.040752970363194],[-127.306024537614,50.0393558726658],[-127.30783064188435,50.04082137475917],[-127.30282225671586,50.04306875352149]]],[[[-127.42006903463472,50.03513587409465],[-127.41272006333004,50.03230027370596],[-127.40936014145296,50.028719855732305],[-127.41004874673486,50.02562646130658],[-127.41470732453841,50.02369376373709],[-127.4166233602296,50.02397147517089],[-127.41360715632348,50.025278973288536],[-127.42438726003822,50.02524615614971],[-127.42336176514334,50.026698868298354],[-127.42506046416172,50.02684697316508],[-127.4263028619036,50.02983217429011],[-127.41934304382083,50.030844779233384],[-127.42283216694611,50.03261926299665],[-127.42006903463472,50.03513587409465]]],[[[-127.42022263103385,50.01128326770226],[-127.41711595799333,50.010729157130626],[-127.41771284697319,50.0053043615118],[-127.41279584169952,50.00411237596286],[-127.41024515589083,50.00616467288791],[-127.40784313582499,50.00494406106473],[-127.41119653688237,49.998918271087014],[-127.41509384722983,50.000464965895176],[-127.41776836453616,49.99929705891822],[-127.41825016054287,49.99653266732623],[-127.42086142922443,49.99480516986473],[-127.41771183963803,49.99294506131753],[-127.42010145297816,49.99287957485905],[-127.4199749652994,49.991636263986415],[-127.42402543370234,50.001325165209145],[-127.42820005406553,50.004627864503],[-127.4256227618666,50.00881226676562],[-127.42022263103385,50.01128326770226]]],[[[-126.63531913990563,49.74429096920773],[-126.62998393505404,49.7404128586854],[-126.62856004322673,49.73513896523196],[-126.62957905633841,49.73418765850747],[-126.62722722989747,49.73091056340414],[-126.62774796309446,49.725893067288396],[-126.6315869372233,49.72430645743147],[-126.63713495502823,49.72893655630021],[-126.63661734086394,49.73558195525757],[-126.6397430367501,49.73637516116954],[-126.64141284021558,49.74029466374028],[-126.64141202765637,49.74230136707457],[-126.63531913990563,49.74429096920773]]],[[[-127.21191536892412,50.01661687075441],[-127.200873858792,50.01736316473521],[-127.19582554118675,50.014613067796105],[-127.19501443596886,50.0131888709759],[-127.19625774137545,50.01239837339914],[-127.19087037042239,50.01309766669912],[-127.18342425153041,50.00993166538845],[-127.1904544474257,50.01006836753646],[-127.19634864925007,50.00810865208074],[-127.19949536117815,50.00939896138459],[-127.20143215030636,50.00726126803195],[-127.2065389418984,50.00581137449728],[-127.20661115418682,50.007998972746286],[-127.21083922640597,50.007622960407296],[-127.21129067427195,50.01086877095126],[-127.21305883295537,50.0102834595382],[-127.21437313547528,50.01360467567892],[-127.21191536892412,50.01661687075441]]],[[[-127.54244476132246,50.105921971065115],[-127.5378239662813,50.10843707073651],[-127.53144505265644,50.1080055587079],[-127.53115635519102,50.1097017782983],[-127.52643405657871,50.105406372363944],[-127.52731674936108,50.10306067468707],[-127.52255037210644,50.100750669267995],[-127.52804564589827,50.10030768039834],[-127.52766685302338,50.102156351894884],[-127.52922176618576,50.10072786495552],[-127.52851875459095,50.09856877322018],[-127.5336508500291,50.09519227271633],[-127.54144046329847,50.09483726213993],[-127.5415774407847,50.09672866448876],[-127.5432844426121,50.09716307237285],[-127.54283115405546,50.0955123759232],[-127.54575196291783,50.094666457155896],[-127.54261683014805,50.10028496622741],[-127.54689096781091,50.09999726482448],[-127.54357856119483,50.10452475800316],[-127.52900275002114,50.10376566484032],[-127.53644463358371,50.10600027465074],[-127.53719963237627,50.10461597091336],[-127.54458794853453,50.10582366382236],[-127.54244476132246,50.105921971065115]]],[[[-127.52150075808804,50.116217577515464],[-127.51766574426128,50.1144856834389],[-127.51646483188138,50.11576607033831],[-127.50873353717745,50.11471356361931],[-127.50356394695028,50.112335154915755],[-127.5026286394943,50.104605977105166],[-127.49676463163097,50.100276365725094],[-127.49843983964558,50.09903876290072],[-127.49729326198637,50.09863707199619],[-127.49793564003056,50.09594676425768],[-127.50134716435306,50.0954867751117],[-127.50658226610706,50.09847756842601],[-127.50898362758278,50.097258465067405],[-127.51205223253727,50.09886355943134],[-127.51409926797601,50.098664168024364],[-127.51887315270159,50.103896662521],[-127.50929284929869,50.10036606165016],[-127.50807854700194,50.10294957110569],[-127.50906795103403,50.104859459197385],[-127.50698753340286,50.10610996151782],[-127.51581444397317,50.10513576762199],[-127.51709145633788,50.10722935402375],[-127.52312303546198,50.10759396641852],[-127.52595713716865,50.10999517217191],[-127.52613616712448,50.113730863855814],[-127.52302585173368,50.11667757634437],[-127.52150075808804,50.116217577515464]]],[[[-127.06832836175518,49.843759561546925],[-127.05909093974964,49.84550386601016],[-127.05171225315647,49.843921549345914],[-127.04851265776925,49.84496546315433],[-127.04804394085254,49.84248447294652],[-127.03783324928031,49.838029565280756],[-127.03306065037512,49.83501595656318],[-127.03264873881498,49.833182968655144],[-127.0469033497243,49.83108657690071],[-127.05345413801483,49.828299379728136],[-127.06068825864027,49.83446617715319],[-127.0615280206459,49.83778176275538],[-127.06753443820186,49.83855656000855],[-127.06801527049676,49.84044356929017],[-127.06443175240791,49.84203875850672],[-127.06832836175518,49.843759561546925]]],[[[-126.96758265830428,49.753737767149204],[-126.96532006045477,49.753734873094],[-126.9585283658513,49.74819046405451],[-126.95443405770068,49.74846956443442],[-126.95467194641527,49.74712377663479],[-126.9526132444328,49.746556869744815],[-126.94316985494967,49.74828726420386],[-126.94113784492738,49.75001486935016],[-126.93816994128153,49.74867606693741],[-126.94957433989086,49.74156505920542],[-126.95248786158494,49.72877136947311],[-126.95495784325804,49.7247849565014],[-126.9662923576645,49.730805174619185],[-126.96562415916415,49.733832955892574],[-126.96787576532304,49.73378316528374],[-126.96750695465535,49.732310562883505],[-126.9689956312891,49.733855771944064],[-126.96582483906322,49.73438555542129],[-126.96801253765813,49.73613307408298],[-126.9704410712431,49.73549216946584],[-126.96963933682727,49.73809567685076],[-126.97275683894146,49.73821246705711],[-126.97190524299465,49.740303181508125],[-126.97559216082837,49.74109647630705],[-126.97431393780066,49.74216176408362],[-126.97623085212459,49.74311316818957],[-126.97449274517638,49.74450455686192],[-126.97885764070696,49.744723960669035],[-126.97801997241902,49.74750686976602],[-126.97974074276203,49.746511256856635],[-126.98079023381895,49.74797827467578],[-126.98204643990299,49.74814485891359],[-126.98111385978262,49.74884697586476],[-126.98255633778531,49.74889117567169],[-126.9761306470862,49.74884127715893],[-126.97397564630559,49.74757096762324],[-126.96953645008232,49.74984105931964],[-126.97086866616426,49.75120546823346],[-126.96918093742761,49.75238045860919],[-126.97144415422468,49.75404825648695],[-126.96758265830428,49.753737767149204]]],[[[-126.43003562916205,49.65037856763035],[-126.42182943417234,49.652040661236285],[-126.40699362542655,49.651187564524065],[-126.40422185766705,49.65482216544558],[-126.39814624930686,49.65339077142915],[-126.39778085456018,49.654803668119285],[-126.3923918621203,49.65448456488535],[-126.35902093749678,49.640521659988565],[-126.36184793169947,49.638165964597],[-126.3754289577807,49.63859186977768],[-126.37715562922389,49.63918006043691],[-126.38736105021256,49.64106565876483],[-126.38964024712816,49.642996959398346],[-126.41033903541597,49.646620064363105],[-126.42277243718293,49.64626836749596],[-126.43358523510528,49.648514269862936],[-126.43003562916205,49.65037856763035]]],[[[-127.23842784907278,50.08634477458945],[-127.2194687455196,50.08794417441911],[-127.19281026677362,50.0826830688885],[-127.19005755190196,50.079313468494234],[-127.20779603037802,50.08003837343507],[-127.21478642777473,50.074361467154965],[-127.21400535582737,50.07202856720835],[-127.21851256382563,50.06957037490116],[-127.22896835222049,50.06991937654402],[-127.23605822356751,50.06672626277474],[-127.23841353176667,50.07375185980924],[-127.24319235323314,50.07609046842805],[-127.2440738699211,50.07833497366173],[-127.23842784907278,50.08634477458945]]],[[[-126.62659404702863,49.721667355852844],[-126.62423112668931,49.721475164284264],[-126.62456327286968,49.71952106965024],[-126.61701365256253,49.71442675494026],[-126.60424673588088,49.700157565220415],[-126.60272032962315,49.68830527141051],[-126.60138544577455,49.68869127527656],[-126.60175283259366,49.69190147057778],[-126.59695153380426,49.69365465623546],[-126.58788723563269,49.68459666506052],[-126.58742385843173,49.68137506420858],[-126.59177013808684,49.67898385543798],[-126.5989381493455,49.67840276224813],[-126.59956795635071,49.68278785976805],[-126.60510673299862,49.68265115925716],[-126.60666135865026,49.68120845499927],[-126.61212214862448,49.6829488519459],[-126.61312744417111,49.69013966786721],[-126.6186221541355,49.693176065506194],[-126.62291413580384,49.70297176416523],[-126.63007205383408,49.71353516682599],[-126.63028456235187,49.71855837465524],[-126.62659404702863,49.721667355852844]]],[[[-127.231869064836,50.05221787262012],[-127.22615924744062,50.0524628746896],[-127.22221074666257,50.05497517952209],[-127.21241903303509,50.054177571017945],[-127.20488884795176,50.06055517078036],[-127.19944003284427,50.06093826753586],[-127.19416714372495,50.05881476050688],[-127.19279304706681,50.05711996512132],[-127.19392003910683,50.056140173510215],[-127.19104066230827,50.05543796698225],[-127.18988016270701,50.05134476889386],[-127.19922515167796,50.05101435926478],[-127.2003591374446,50.05430577287364],[-127.20196766307195,50.054591969182574],[-127.20781424279335,50.05329737928857],[-127.20013115418936,50.05142315589213],[-127.19827405139682,50.04693405210924],[-127.18843205217797,50.04306587649517],[-127.19220563943408,50.043349275467136],[-127.19232264480898,50.04172287558227],[-127.1851066294249,50.041259966331936],[-127.18612104704081,50.04100506169936],[-127.18855804502057,50.03900118000574],[-127.20060364182814,50.04179836841816],[-127.20589493021347,50.037319160708414],[-127.21249924872829,50.03584655880107],[-127.21681254031091,50.03855826725278],[-127.21363634936954,50.034200176450405],[-127.21613524222332,50.03271046327348],[-127.22177006220822,50.03290416640148],[-127.24185784489907,50.038823167834074],[-127.24061955723738,50.043292371021394],[-127.231869064836,50.05221787262012]]],[[[-126.51885306329717,49.68597956157708],[-126.51539533902823,49.684996862587035],[-126.51312222703532,49.68225805825463],[-126.49565365438896,49.67630487498202],[-126.4956736216123,49.674560262464546],[-126.48642863349993,49.668638377341566],[-126.47999213013732,49.66231776347461],[-126.48724635814457,49.658139158698035],[-126.4890941436736,49.65860197690092],[-126.48851615814306,49.65960606818099],[-126.4985459493334,49.65914035307713],[-126.4842892432963,49.65343356429536],[-126.48398234579345,49.65185266700377],[-126.48540736583229,49.65081296925466],[-126.4895076417512,49.65272857611037],[-126.4934568297801,49.65218446270764],[-126.4989236593755,49.648262269124366],[-126.4966858576488,49.64648766979737],[-126.49886504784774,49.643160659520454],[-126.5103976330894,49.63817457616082],[-126.51038715913852,49.63375666165667],[-126.51312515869532,49.62674527001605],[-126.51741662541166,49.623805660417865],[-126.52284762785183,49.623741568082586],[-126.5168978269955,49.62337986975676],[-126.51485794736776,49.621824652741154],[-126.51615592670179,49.617822566645216],[-126.52145053795016,49.61469786631445],[-126.52081695947761,49.611913557689945],[-126.52463532739976,49.60679496009624],[-126.53381295175826,49.60731477616583],[-126.53190115909386,49.604090366748025],[-126.5354356643156,49.60399497085342],[-126.53758666616322,49.60223176327366],[-126.54130086101993,49.60240126665738],[-126.54156775679286,49.6047996734434],[-126.5495468393291,49.60550886417616],[-126.54241534646609,49.60720226853264],[-126.5433298398063,49.60914626346231],[-126.5380488506617,49.611192871412726],[-126.54069424882384,49.6108809714679],[-126.54227924703291,49.61293756900729],[-126.54430104570727,49.612100176743716],[-126.5324366635319,49.61921546516639],[-126.53194166474731,49.62135466210953],[-126.52775355949177,49.62396375652415],[-126.52822554491921,49.625269753456315],[-126.52331434751734,49.628465667444104],[-126.52495105900339,49.629526770705944],[-126.52070824077478,49.63369116883931],[-126.52404134162785,49.63435627326109],[-126.5204447475982,49.63750796844197],[-126.5208093531658,49.64043906108793],[-126.5142021463151,49.643159253767294],[-126.5131658460338,49.64552067123497],[-126.51232366116719,49.64386425929639],[-126.51067865414832,49.64297556672895],[-126.51298293451241,49.64559756648626],[-126.5108877611998,49.64673115830875],[-126.5106703531909,49.648821970631495],[-126.51446435309809,49.651305770631225],[-126.52232302885061,49.651267269323434],[-126.52168055482727,49.648653855497884],[-126.51926863790118,49.64893446880575],[-126.51828597137799,49.645359668167245],[-126.52043703646642,49.644740160121565],[-126.53477934077502,49.62715407417097],[-126.53652684936094,49.62707426995341],[-126.53642695111915,49.628529751780746],[-126.54312864264386,49.6271611817467],[-126.54242353511037,49.62935865832389],[-126.5363978206562,49.632919161937295],[-126.53402715507794,49.63545995425705],[-126.54501145688053,49.63101505910873],[-126.550944031247,49.63119446919206],[-126.55249374144091,49.63317127937555],[-126.55551934591952,49.63304595901361],[-126.55863446407876,49.63583747106089],[-126.5582482280531,49.638563361217464],[-126.56288145274584,49.634847565779715],[-126.56799274614272,49.63427075502192],[-126.56632263189123,49.63527057174794],[-126.56698125043928,49.63787546383155],[-126.5651351327583,49.6382685598765],[-126.56537444100515,49.639829477675825],[-126.56209554218815,49.6419914573984],[-126.55974785456539,49.64655746202102],[-126.54841105782754,49.652704369747795],[-126.550886439904,49.6541783623787],[-126.55503895832783,49.65371696291256],[-126.55203456000427,49.657251856298416],[-126.549360543155,49.65642155808001],[-126.55020973747705,49.655233773003964],[-126.54404993515912,49.65702826328277],[-126.54262985640737,49.65524517253944],[-126.54122323291018,49.6575537722191],[-126.5300544537404,49.66301985108854],[-126.53214104634074,49.66588826735461],[-126.53520255035609,49.66563047244814],[-126.53515732346854,49.66846316205541],[-126.53218094898293,49.67058526860186],[-126.53608875245747,49.67171186442563],[-126.53020795336383,49.676984263606876],[-126.53097274516062,49.68100337331147],[-126.52120496285461,49.68498686250773],[-126.5214582330365,49.68599095992031],[-126.51885306329717,49.68597956157708]]],[[[-127.29627982974462,50.03810676685034],[-127.28360434580428,50.03950246986402],[-127.28215655315604,50.038203651820396],[-127.28511344396911,50.03594487373355],[-127.28356044219649,50.0340691721626],[-127.28025753312843,50.037410372002356],[-127.27291995416203,50.03916356439546],[-127.27632103677098,50.039681976107715],[-127.2740350384946,50.04075437289365],[-127.26654103923833,50.03903256957051],[-127.24365065575957,50.02755337078696],[-127.24243484384337,50.02528606195606],[-127.23875793393235,50.02543707219056],[-127.23693816243548,50.02365536021281],[-127.236536959315,50.01858516229288],[-127.23206844195111,50.0213053711916],[-127.22881002582412,50.01763096880011],[-127.23705613312241,50.01320587002004],[-127.23425064509337,50.01206517310357],[-127.23262285241302,50.01379407234929],[-127.23203164178418,50.01201386841488],[-127.23406022924927,50.01115366197198],[-127.2322764598788,50.00991316976809],[-127.2327833506034,50.00788787385899],[-127.23789794527637,50.00355836596237],[-127.24340207019287,50.006429568079675],[-127.24492246267053,50.00378186767111],[-127.25452313134355,50.00108306259152],[-127.25036606857367,49.998404072127606],[-127.25689735689036,49.9941129660775],[-127.2558436581128,49.990831569137626],[-127.25682264206537,49.988048677868534],[-127.26155246501963,49.98805726925961],[-127.26270285092806,49.985195973547405],[-127.26727503286978,49.98529997359561],[-127.26375125579102,49.983169373819045],[-127.27006265675702,49.982256458015456],[-127.26864246272719,49.980580160510826],[-127.27160162937182,49.9764821604592],[-127.2752475498533,49.976128073156126],[-127.27466415001884,49.97528207995335],[-127.27625636702906,49.97522506929904],[-127.27717252932418,49.97456426934446],[-127.27797015073008,49.97292926764587],[-127.28481443331574,49.97337366624955],[-127.28779572625628,49.977438363305986],[-127.28445507205569,49.97954757211417],[-127.28452774594791,49.981841972054696],[-127.28565724646741,49.98457505309055],[-127.28995883216774,49.9840452751032],[-127.28817975803062,49.98662725383897],[-127.2910262358987,49.98860265872569],[-127.2864801357794,49.9932669683059],[-127.29418232292703,49.99164476186775],[-127.29496222607098,49.99562266189568],[-127.2981257458441,49.994175669109424],[-127.30214986149566,49.99559275811652],[-127.30363386505144,49.98989447413337],[-127.30186916233399,49.98691787224887],[-127.30617506812744,49.98668426808174],[-127.3053723573177,49.98968507365255],[-127.30799924258432,49.989571163172016],[-127.31067904852505,49.99190398059803],[-127.3078185579727,49.99231135402013],[-127.3085361504678,49.99370707953364],[-127.31287375490379,49.994940455731005],[-127.31309615306398,49.996994153974235],[-127.32023465029117,50.0007583666326],[-127.31717685332494,50.001208352377546],[-127.32303143900855,50.00579146304883],[-127.3223098389207,50.00847037987686],[-127.31858485473748,50.00966675242882],[-127.31091185814623,50.00673995841214],[-127.31611172886447,50.01131316590187],[-127.31255155684079,50.01413026822231],[-127.31584826489623,50.01804536303074],[-127.3152431431764,50.02136517393892],[-127.31173296540236,50.0255409693378],[-127.31549374798897,50.02662196149097],[-127.30886284410735,50.03175056681967],[-127.30250353612152,50.03227896421049],[-127.29627982974462,50.03810676685034]]],[[[-126.95917256364581,49.83726475978734],[-126.95360143355708,49.83746415780833],[-126.95012154745604,49.835917451647155],[-126.94493145416376,49.83695005639577],[-126.9317719513637,49.832433855744],[-126.93062434953404,49.830308962112156],[-126.92899765053515,49.83162917482297],[-126.92556126355746,49.82937327240251],[-126.92145674013197,49.82944307316167],[-126.9176645617003,49.83192966868331],[-126.91670254232196,49.82971785774267],[-126.91316704561804,49.83238827256744],[-126.9048236419799,49.831743171102694],[-126.90649975517474,49.83769205874878],[-126.903031853476,49.83812496954333],[-126.90190443578713,49.84068575688281],[-126.90370186295051,49.83935126682728],[-126.90653094552796,49.840175878695845],[-126.90765182940619,49.838388463185375],[-126.90850553968109,49.84020296497543],[-126.90312505315357,49.84140066320036],[-126.9036627423361,49.843442957593545],[-126.90195214585817,49.84504947758344],[-126.90465334083638,49.845304467908605],[-126.90274133394992,49.847060468017105],[-126.89979575235222,49.84697076002714],[-126.89953125169068,49.845040956154925],[-126.88744543932778,49.84627005743332],[-126.88770714490018,49.85016098250546],[-126.88201814553936,49.8508033637295],[-126.88361353354681,49.85121916524945],[-126.88230612126296,49.85182586327074],[-126.87821385022934,49.852208956658465],[-126.87784482840551,49.85076346262716],[-126.87560673053954,49.85011116778724],[-126.87403576237544,49.85137726304058],[-126.86898035110157,49.85086165793074],[-126.86087415754437,49.85610847643868],[-126.85580033517004,49.85663547307637],[-126.83730862458688,49.8643973652762],[-126.83377525796419,49.86406985736242],[-126.82970826074454,49.866045169571244],[-126.82337465292356,49.86542284914243],[-126.82025363344236,49.86706347459374],[-126.81181475116895,49.86225397236436],[-126.80212585523752,49.86356427718957],[-126.79337245108917,49.8614193559439],[-126.80314703716338,49.867415255400495],[-126.80517103102956,49.86976526037469],[-126.80392163952689,49.869706860766854],[-126.80365504750769,49.87004297631476],[-126.80510255036165,49.871870253124726],[-126.80795872859262,49.873066567713394],[-126.80610754071175,49.88072166045941],[-126.80176274145373,49.881989271857236],[-126.79844005488624,49.880972367488106],[-126.79785943315179,49.88363277138045],[-126.7997846479018,49.88444317646293],[-126.79813515473997,49.886454173571764],[-126.7912393417506,49.88377658003978],[-126.78646985198,49.885215060047656],[-126.77884345328579,49.88087696692207],[-126.78046635893433,49.88010786639673],[-126.77953403203266,49.87918206006101],[-126.7759349488785,49.87966066369493],[-126.77169253470633,49.877772174145946],[-126.7639627570151,49.86821287149499],[-126.75737785370568,49.86464095036981],[-126.75299143981196,49.856639778483974],[-126.75163724152783,49.85702708087879],[-126.74618014644727,49.85107386775467],[-126.74009304251288,49.85275445624456],[-126.73369075066425,49.84597386687755],[-126.72995413419257,49.844371577366914],[-126.72169665786353,49.84393865809447],[-126.71430942664115,49.84897465900509],[-126.69877643189399,49.85029626037281],[-126.701374540662,49.85450337595869],[-126.70021793669785,49.85538927378743],[-126.70300243105291,49.855938971304006],[-126.70736865733677,49.85307497183395],[-126.71767224424147,49.85085887981773],[-126.72370253967448,49.85248817692863],[-126.72431013217782,49.85555877611994],[-126.72966724072994,49.85792147964694],[-126.72993464562451,49.86080557040572],[-126.72667704490198,49.86144357925964],[-126.723016443988,49.86411535825342],[-126.72335613321417,49.86547126958917],[-126.72003703568045,49.866808574396046],[-126.71203263330034,49.864195165245505],[-126.70867816230634,49.86010766959888],[-126.71157883657584,49.85848267389253],[-126.70711695010374,49.85722505056715],[-126.70247264807121,49.860074959380846],[-126.70096442529227,49.859038060912795],[-126.69716234084125,49.86027575743281],[-126.68691774695004,49.85829896011907],[-126.67971664093609,49.859028156233414],[-126.6712649515998,49.85594326551613],[-126.66951873678663,49.852651966612406],[-126.67187794394093,49.84956997085379],[-126.67046065455095,49.8457715535588],[-126.6720157665403,49.84468777216515],[-126.66851243739062,49.84289896656577],[-126.66939403940493,49.84018155854311],[-126.66826624976662,49.83818906359313],[-126.67068277106351,49.83480236861035],[-126.66897464844477,49.83330978073781],[-126.67572274653504,49.82800315902386],[-126.66783264963955,49.8246334649331],[-126.6645898552839,49.813440552233125],[-126.66490304632053,49.809857251163656],[-126.66117842432206,49.80522146055698],[-126.65997574819548,49.79900766138017],[-126.65821223438549,49.798972065401166],[-126.65887274069561,49.79680866719949],[-126.65506654013394,49.784687265269],[-126.65049064369151,49.77706485929598],[-126.64523135832682,49.773242275761504],[-126.64581924902,49.7717169595854],[-126.64432884390536,49.771479154715],[-126.64319046775817,49.766923072193876],[-126.63822692824729,49.76017375957406],[-126.6377926485157,49.755649068046615],[-126.63274663993425,49.748079382792454],[-126.63635452157601,49.746138162849135],[-126.64455053927537,49.74601706528348],[-126.64644155388663,49.744211166569286],[-126.64586943146986,49.74054816666155],[-126.64380025925401,49.741143472770815],[-126.643668760773,49.738991458287416],[-126.638694830344,49.7339426732575],[-126.63826914012424,49.73072255564833],[-126.64123882667205,49.72898356686522],[-126.64232745442821,49.734008171300935],[-126.64452515298935,49.7344838567771],[-126.64537176088766,49.73361937257591],[-126.64248545468479,49.72819885169731],[-126.6462579459448,49.728815474217235],[-126.64381174095892,49.72687718068237],[-126.64561043975472,49.72613947259992],[-126.6469620433814,49.72744547442377],[-126.65055505272623,49.72745535808475],[-126.64674945120719,49.72666635104281],[-126.6503081377835,49.72279965870745],[-126.64725963612179,49.72013776227137],[-126.64752474893822,49.716967459639534],[-126.64544865152078,49.71542226103069],[-126.64566384168842,49.713817177095486],[-126.64194374752937,49.710169755804515],[-126.64196513961677,49.706257456049634],[-126.63577315004703,49.70040966476757],[-126.63597066611301,49.6943410688827],[-126.63752224342312,49.69233155712003],[-126.63030172847441,49.689718062846744],[-126.62444175175162,49.690165275714726],[-126.62356736085843,49.68705336594139],[-126.6258314519105,49.685246065442236],[-126.62230473175023,49.68335616660519],[-126.62090613166248,49.67850675909543],[-126.61789944744002,49.676753560354165],[-126.61238096832156,49.66434156751452],[-126.61268713194009,49.66122677420187],[-126.61467845666363,49.66016147338174],[-126.62276542837955,49.666813968106645],[-126.62384625915023,49.66595516061644],[-126.62210793595882,49.66468616177412],[-126.62342413475648,49.664965371582106],[-126.62638173523547,49.66113997288797],[-126.62618423790262,49.65636737370896],[-126.63454083037982,49.655792059659795],[-126.62582963927066,49.65541605760128],[-126.62725005255312,49.65298066958401],[-126.62288136120547,49.650237567604016],[-126.62635275307325,49.65005676113286],[-126.62455603114154,49.6445763616601],[-126.6264714492551,49.64222355179769],[-126.62288952653986,49.640396359236455],[-126.62011676836521,49.636173567124104],[-126.62087134803423,49.63206037459036],[-126.62345116264227,49.63196927268454],[-126.62127456329635,49.62889297000613],[-126.62187446724108,49.62653016419539],[-126.62460535949481,49.62477846585582],[-126.62129883771424,49.6235763622646],[-126.62407374259607,49.62401226548303],[-126.62330903044942,49.62124356449208],[-126.62935315320752,49.619387774648175],[-126.62971563275042,49.61707487577908],[-126.63146344923297,49.61668745639903],[-126.62979823933516,49.615654963898926],[-126.63093154505148,49.612817975379855],[-126.62530724470324,49.61971828005096],[-126.620297168874,49.62112676830499],[-126.61864536246865,49.61181816563012],[-126.61683114292178,49.61014328184584],[-126.61870495382412,49.60918336325366],[-126.61526655859214,49.604192859700255],[-126.6206322598353,49.604563160626704],[-126.6229267543046,49.60149826950009],[-126.61543196047228,49.60136156862722],[-126.61627884936568,49.60072207703378],[-126.61405207658542,49.5989945184238],[-126.6371563897494,49.59882720751759],[-126.63720414931389,49.59275861439491],[-126.6464790515025,49.59244456927598],[-126.65210364780627,49.589680251246634],[-126.65671066167634,49.594630770073664],[-126.65874722384756,49.59402406112144],[-126.653619454402,49.59128525044053],[-126.65214633452514,49.587637870478346],[-126.65333162393954,49.58777036066146],[-126.65872285042283,49.585001649610916],[-126.65911667064525,49.58137426786649],[-126.66142382881462,49.58232986462596],[-126.6708432550051,49.580639376206356],[-126.67249597121598,49.58225576719493],[-126.67718595655643,49.579912959985556],[-126.67716573446943,49.58238685912414],[-126.67839286191985,49.58158356388217],[-126.68056395985651,49.58335386149511],[-126.67905854864357,49.58475386266947],[-126.68463663503987,49.585000271304956],[-126.68702135151494,49.587864375739],[-126.69779455357202,49.59063445505402],[-126.69751047060939,49.5919418678949],[-126.70361274440276,49.598135777524206],[-126.7110812438116,49.599128473355854],[-126.71303705114478,49.60229875915253],[-126.71627993953476,49.60367597612474],[-126.7268663419848,49.60286697397779],[-126.74355903871606,49.60885295625816],[-126.75055014677164,49.606155452266115],[-126.75356482781001,49.60772496736759],[-126.75173035011566,49.60607856362189],[-126.75312874346321,49.605449072497045],[-126.77032414671052,49.60418156248868],[-126.77652826262086,49.60534365960256],[-126.79087174264698,49.611969057042884],[-126.8119630597528,49.61709335528397],[-126.82667805611014,49.61838655375291],[-126.83432356207578,49.634857556891035],[-126.83013276740147,49.63815176947512],[-126.8293493420983,49.64300407124159],[-126.8374977328968,49.64922925818426],[-126.84018895440119,49.6578784590105],[-126.85150504977919,49.661148458032315],[-126.86340643448926,49.66120685777591],[-126.8674763532302,49.66449256983036],[-126.86630665375473,49.66905857857202],[-126.86731285574753,49.67138996695391],[-126.8729751406768,49.67406605609187],[-126.87810344071829,49.6744306721842],[-126.88532634398848,49.672475171079434],[-126.90061586200997,49.677279061937064],[-126.91127084494293,49.68904875343723],[-126.92029613291243,49.69458176508425],[-126.92175605046297,49.700661771301775],[-126.9269324316083,49.70255306380211],[-126.92957645035173,49.7052989534743],[-126.92833794191435,49.706347157086654],[-126.93005223946861,49.710399070417076],[-126.92790283203605,49.710054367194374],[-126.9301525470031,49.711292063873984],[-126.92989924830489,49.715623060603896],[-126.93347434060516,49.71670257915702],[-126.93280782812496,49.71900266012121],[-126.94124214416563,49.71741756448772],[-126.94490093982681,49.719794573358435],[-126.94558074516553,49.722100361137436],[-126.94712226688428,49.72204627389003],[-126.94690034470155,49.72073886896969],[-126.94884643900811,49.72130276422744],[-126.94884384460751,49.72007086895474],[-126.9505086593255,49.72337506697579],[-126.95154015856528,49.72324965877947],[-126.9507390571597,49.72085136330253],[-126.95421045341985,49.72411417352693],[-126.95096855301462,49.73220795722979],[-126.94921093843477,49.73404807195396],[-126.94792785594254,49.73258536814261],[-126.94623695063034,49.733176460603445],[-126.94736665306162,49.73434717033677],[-126.94314792816036,49.73860836692678],[-126.93761325347194,49.7395269487216],[-126.9332662405372,49.7428396571982],[-126.93148794440862,49.74094695871121],[-126.93473835109808,49.73659737770402],[-126.93472484781448,49.727483855807556],[-126.93342915798402,49.72433916714158],[-126.93181485070919,49.72411276036096],[-126.93016866628463,49.73378027333629],[-126.92776783194425,49.737362171516004],[-126.93110355626806,49.74309886625285],[-126.9265956497694,49.743036269385165],[-126.92282144282728,49.745289382584936],[-126.92463325953443,49.74671636449158],[-126.92331006440263,49.74713225960086],[-126.92508164459846,49.75019577938694],[-126.92349235459022,49.74936687616764],[-126.91391885454091,49.753152370912666],[-126.92135466731499,49.7575232666673],[-126.92206783475665,49.76062236602316],[-126.91491793963581,49.75895467080903],[-126.91250873990494,49.759478777120194],[-126.9132838422203,49.76112086807802],[-126.90854254029162,49.760620979941294],[-126.89993105577597,49.756822559347135],[-126.88738274299739,49.75706187760396],[-126.88496635834026,49.75929357095635],[-126.88576055674719,49.76116076143531],[-126.88369074614391,49.76214916757643],[-126.87603684480254,49.75933637846607],[-126.87051434045209,49.75986466010109],[-126.86929684659914,49.76228016790627],[-126.86707965539279,49.7609171708494],[-126.86319864150488,49.76234858073966],[-126.86287793910095,49.76585915432808],[-126.85940244027074,49.76594746791175],[-126.86009235751155,49.76920895700811],[-126.8534804613432,49.77111026502976],[-126.85725056310746,49.77252876368272],[-126.85660873949334,49.77542275888254],[-126.84726114837069,49.77542987525898],[-126.8527187422188,49.77764457603825],[-126.85452193984202,49.77642687838446],[-126.85605896313906,49.778111671330706],[-126.85960213090789,49.77810457278569],[-126.85869965745705,49.77872696061462],[-126.84342354219918,49.778631470562686],[-126.83682913893928,49.77698937974856],[-126.83555393940277,49.77848477151537],[-126.83331644475093,49.776923864915545],[-126.83521665554142,49.77635556690052],[-126.83017857063298,49.774408768856965],[-126.83089215220998,49.77555517902934],[-126.82759435723003,49.77847057102522],[-126.82918473840417,49.78173917438264],[-126.83168924754825,49.78256948082863],[-126.83073983113522,49.78392817206006],[-126.83466806123563,49.78617835925144],[-126.83466085470303,49.78789597700863],[-126.83243654950884,49.79138107053535],[-126.82741573422207,49.79300467110472],[-126.82656092168193,49.79536306355453],[-126.82114903149073,49.79765467202552],[-126.82195415845186,49.799234060100915],[-126.82599216111876,49.7990404721039],[-126.82270554286973,49.80075087398575],[-126.8106994400946,49.799508980175524],[-126.80609676261598,49.79618347094193],[-126.79952015607827,49.79871145475507],[-126.79037384705731,49.794750651945435],[-126.785139346549,49.79500136974842],[-126.78039864083333,49.79109617656958],[-126.7724109465095,49.7889100655134],[-126.76481105591915,49.79039265946402],[-126.76346812718049,49.79363126922821],[-126.76587264819841,49.79572055734497],[-126.76067902451095,49.79654666085771],[-126.75992755558694,49.79897776077168],[-126.75239535046556,49.79806765463041],[-126.74674997001058,49.79485466893035],[-126.73772915208482,49.799375068281826],[-126.75870474526558,49.80200417665868],[-126.77100813985305,49.80100866739819],[-126.77792703552082,49.80319347134036],[-126.78194665049504,49.80310797008683],[-126.7849541434596,49.80118665746686],[-126.78588035998938,49.80280606395846],[-126.78411754125634,49.80335715738928],[-126.78618505170148,49.80434137313789],[-126.81164464004209,49.80685786925363],[-126.82444335296634,49.80228617517951],[-126.8246301288999,49.80060706696086],[-126.82801085398788,49.80240724949288],[-126.83120052133722,49.80066826308413],[-126.83718655798363,49.801364761661226],[-126.84849815171039,49.79763475649832],[-126.85089585110178,49.79495436660494],[-126.86007905065064,49.79346887696415],[-126.86250975875815,49.79189375427797],[-126.86216227189925,49.789693369690525],[-126.85882497413118,49.78882177031924],[-126.86730656078925,49.78612717028247],[-126.8715728480608,49.78166227941309],[-126.87628554623114,49.780327781589996],[-126.87601374651244,49.77891917017989],[-126.88219484931881,49.78020236414738],[-126.88992634851404,49.779407655014],[-126.90038236126875,49.78300666220258],[-126.90187125760319,49.78393386623287],[-126.90121802702998,49.78521706032705],[-126.90359453454194,49.78554745982341],[-126.90290353748657,49.78641627777322],[-126.90526545853912,49.78578526281094],[-126.90572453965217,49.787690857409586],[-126.90894344510279,49.78684067041025],[-126.91745016059133,49.78832607144485],[-126.91835182578598,49.791616067598525],[-126.92116414020985,49.79345608132906],[-126.92654903901135,49.79131266005518],[-126.92421724176775,49.795804679239176],[-126.92574203431579,49.79718187267829],[-126.92396044741469,49.79724876480787],[-126.92374045046702,49.799161452291585],[-126.92599145404806,49.80177347647191],[-126.93259143595742,49.8047529685816],[-126.93157327384732,49.80578687057642],[-126.93364846316305,49.806363661982544],[-126.93184943993539,49.80679945698848],[-126.93238245379699,49.808014378393665],[-126.94012965827388,49.80820667208598],[-126.9381392246335,49.810238963682615],[-126.94096674865588,49.81405017081574],[-126.94977414144034,49.814836367210425],[-126.94641985738534,49.81035006723039],[-126.94695554008933,49.807544374114364],[-126.94051836217392,49.79906466521332],[-126.94310775952798,49.79598976726988],[-126.94694592879596,49.794312062977816],[-126.94883005323719,49.79505687458791],[-126.95345295088818,49.79223265929809],[-126.95375644260015,49.794603963416805],[-126.9564000589324,49.796135055936766],[-126.96599715399081,49.79695106522086],[-126.96979483599353,49.79883536193287],[-126.97248943906398,49.803505374580034],[-126.9710674423568,49.805648764905015],[-126.94740353412787,49.79627176260995],[-126.94912253654189,49.79835396736856],[-126.94867795022715,49.801638178582884],[-126.95380583649931,49.798994857332886],[-126.9586715464145,49.802300458412155],[-126.9574130376516,49.80378876699285],[-126.95402792203487,49.80362206334384],[-126.95090925444163,49.80770385188616],[-126.94917485378828,49.80732365924264],[-126.95194434624217,49.81083576959258],[-126.95023136395557,49.812235770154786],[-126.95208023936262,49.811908164556336],[-126.95493802688684,49.81436066253037],[-126.95633904366662,49.81210898065099],[-126.96258496099185,49.81366706526615],[-126.96400175869161,49.81536467271862],[-126.96590663273274,49.81469676759611],[-126.97084233021721,49.816672167776986],[-126.97275166193992,49.81922436486903],[-126.96900424545976,49.81936676941722],[-126.9658370549501,49.82297136024646],[-126.96141063398966,49.82276775878548],[-126.9629799368971,49.82378466329848],[-126.96218932432255,49.826379564152916],[-126.95855234378445,49.82394987163776],[-126.9561679367554,49.823439973701895],[-126.9564064537813,49.82504506770674],[-126.95980225401617,49.82659886008459],[-126.95988816511657,49.82951426436],[-126.96516756775581,49.83361876387642],[-126.95917256364581,49.83726475978734]]],[[[-127.57973849286739,50.28370837534149],[-127.56628323042318,50.288167844997716],[-127.56264963714955,50.292252695602045],[-127.55146176856825,50.2938317440676],[-127.54208904687812,50.292064631735414],[-127.52886753296052,50.285324313233936],[-127.52616174343837,50.27891655669299],[-127.52145289923382,50.27722641537866],[-127.51245720606536,50.2779174194423],[-127.50605965436127,50.27658107195478],[-127.48894605368834,50.27157033431548],[-127.48538035704516,50.26844189932359],[-127.46834567785821,50.267148378242695],[-127.45582960227412,50.26110092268354],[-127.443820834701,50.259738198952185],[-127.4404418482934,50.25783790911514],[-127.42830005154848,50.25946259421214],[-127.42104082680498,50.25879553088335],[-127.41426481796172,50.2550513462798],[-127.41038573253259,50.25047505973045],[-127.38226139979875,50.26049734298477],[-127.37776527389414,50.25757587771311],[-127.37656168383931,50.25189678352338],[-127.36500047795724,50.250361161908764],[-127.33392501461029,50.23200417496219],[-127.31309447709154,50.23080821829439],[-127.3066439674149,50.23226005577014],[-127.30425962452826,50.2365547137978],[-127.29573259559669,50.23408410167456],[-127.2910978184356,50.240110002823165],[-127.29692306381337,50.276805501539485],[-127.29438581772234,50.280044856829214],[-127.2757786107065,50.27710914918721],[-127.26931942329857,50.27855876578971],[-127.265579096475,50.28432830886704],[-127.25702800420119,50.28314785131669],[-127.24523720464035,50.27746490261557],[-127.24010797891678,50.26966318071748],[-127.23661592163704,50.26703448856142],[-127.22545510659873,50.26446365450622],[-127.21786197574157,50.270587208009694],[-127.20476387232425,50.27328778560452],[-127.2015573743293,50.275296001385115],[-127.18695232075369,50.26503226076782],[-127.17871935432836,50.262810951728106],[-127.16749819724984,50.27277818888791],[-127.16147741811166,50.287481412189734],[-127.15616220278231,50.2925213132252],[-127.14769383709204,50.29608175635616],[-127.1416476665756,50.30360136912401],[-127.12765255089141,50.31203597187933],[-127.11237259949596,50.324138964792844],[-127.1014561603289,50.3206343744655],[-127.09733907855707,50.322505111501144],[-127.09492381165603,50.32574685451109],[-127.09534610849447,50.33089032124045],[-127.09366699901126,50.33302417475303],[-127.09797435082959,50.33475084978202],[-127.09477100481037,50.34029515862101],[-127.07855983122087,50.33560873227238],[-127.06695502489507,50.33598022417478],[-127.06752243796372,50.32943758147796],[-127.0649109243329,50.32671738442988],[-127.05379096785181,50.32625773630833],[-127.04682367622758,50.32315369798699],[-127.04816439008516,50.31310259469123],[-127.0444581448183,50.31012938886871],[-127.04394016351928,50.3067647149286],[-127.02960958609556,50.29998314822232],[-127.02454701320704,50.288305352688404],[-127.01063875316218,50.28135882619225],[-126.99975391168478,50.280531534539506],[-126.99842100987807,50.2779481554411],[-126.99887331888714,50.25002000108671],[-126.98691650591624,50.24535436879924],[-126.97657524060033,50.24413917484214],[-126.97280761465933,50.240270740905686],[-126.97294027305317,50.23111371820854],[-126.98849810426901,50.2249235379596],[-126.98958666562801,50.22156158426174],[-126.99247160088134,50.19743257824563],[-126.98903890962676,50.195997814271394],[-126.99052376169686,50.181643133486034],[-126.94060983866859,50.18257879527785],[-126.93184335949675,50.184410469844906],[-126.92764966075875,50.19025925784299],[-126.91818033330365,50.194140797726],[-126.9036666603029,50.19015398137725],[-126.90028317234781,50.183016697979966],[-126.8859776680412,50.17351804371572],[-126.88720444996845,50.16660867971583],[-126.88500000738048,50.1642331025574],[-126.87190888307725,50.15949841204922],[-126.83962438785352,50.13875926978937],[-126.8200814765332,50.14336502252606],[-126.81616116239346,50.15675203727671],[-126.82193470481266,50.16974318703669],[-126.82080174572592,50.17109484925332],[-126.80789852542785,50.17458825172849],[-126.80873360579695,50.17087529974722],[-126.80469106222944,50.16963003998369],[-126.79618303565519,50.176542395172746],[-126.78814220855975,50.178862200300635],[-126.78117438702971,50.178577225532614],[-126.7799192618578,50.175049264914854],[-126.78142530865097,50.17262660616916],[-126.78940659421485,50.16691212481152],[-126.78134759776086,50.156738559895466],[-126.77167799838931,50.15199377915924],[-126.7664618427613,50.1477394068425],[-126.76556624067621,50.14443650901755],[-126.76644664488573,50.14180433821359],[-126.77244355013573,50.13623649050706],[-126.78256759005902,50.14097320776173],[-126.78646621824345,50.13943028452465],[-126.79100593556345,50.12479455992598],[-126.75641232578484,50.11212221956012],[-126.74711314667664,50.10344751377344],[-126.73442934476067,50.10639680392654],[-126.7141436063211,50.11480629713806],[-126.70296352610774,50.11470722950186],[-126.68303069375666,50.107364983814755],[-126.67859232789962,50.09856314122757],[-126.66883266957284,50.09681537941241],[-126.66538544421655,50.09068236158682],[-126.65386582844572,50.09380319322578],[-126.64705644246368,50.09336167113111],[-126.65159566864321,50.07364136617604],[-126.65485743216558,50.07098709240461],[-126.6626797664251,50.068538203722],[-126.67767877105253,50.073261097877726],[-126.6829296479363,50.064390386624744],[-126.69542462231914,50.06182237856507],[-126.69788588355406,50.05966396277271],[-126.69469371720803,50.054391853366404],[-126.69893733802564,50.049065236317205],[-126.68913100338963,50.0420554376652],[-126.6934999297101,50.03567553950745],[-126.69320557459642,50.03255048125273],[-126.67853597181268,50.027994402761294],[-126.67475479227605,50.02427874833322],[-126.67204318419347,50.01795323255363],[-126.66599080572249,50.0173595080858],[-126.63470840311233,50.02509879359412],[-126.62791535085097,50.028197387991696],[-126.61331988803461,50.02151224067454],[-126.60787173446154,50.0214070537833],[-126.59930994413286,50.02337614393962],[-126.59090009051643,50.02864166487905],[-126.55874481187605,50.0294701531028],[-126.56303683134816,50.02276957195174],[-126.56236061221834,50.02084658621196],[-126.5516503956565,50.017830483675986],[-126.5472161204726,50.0135501973258],[-126.5575752129365,49.99858749901329],[-126.56776953621501,49.999210291476956],[-126.57226358209823,49.99546078572679],[-126.57156922008598,49.990244885111785],[-126.5682220561013,49.987744859806696],[-126.56296639054534,49.986809777620905],[-126.5559211949454,49.98158438997258],[-126.54266854358843,49.98024377236969],[-126.53366837903567,49.97129443859252],[-126.52208013739936,49.97111587092978],[-126.51205382059602,49.96061897034529],[-126.49398552111565,49.96388654338652],[-126.48171775526313,49.9550365613366],[-126.47590492697944,49.94960272757685],[-126.4813283115576,49.94549834458844],[-126.47070265417389,49.93374356872959],[-126.4695198382722,49.929041104960824],[-126.47719928767208,49.91970800261673],[-126.47050597334139,49.91797485324337],[-126.46625271936499,49.91179871281925],[-126.46598813264171,49.908822149508175],[-126.45997661840174,49.90691307199847],[-126.45309208973752,49.90752250047102],[-126.44818056051244,49.910990695153906],[-126.4316682486436,49.91709290160178],[-126.41844627370297,49.914690823870345],[-126.41607213240182,49.91111193731059],[-126.41182942609016,49.90988711364009],[-126.38882947576518,49.906754995349445],[-126.37619786203528,49.90825890637242],[-126.3722903066358,49.91474751458691],[-126.34875755507015,49.920063813706825],[-126.34265879393365,49.92435961850742],[-126.34347040390963,49.93154823820515],[-126.35594969268034,49.9407010701443],[-126.35662089581277,49.942622930789284],[-126.34843448571479,49.95055385102616],[-126.32602606660495,49.95378312377306],[-126.32350198004247,49.958906330289444],[-126.3116021967435,49.963466375153956],[-126.30675557046362,49.97020513563617],[-126.2818346562164,49.988503927049976],[-126.2631410168141,50.000114604233],[-126.2437715917333,50.00547792206862],[-126.23835988187093,50.01106259014602],[-126.2262921606137,50.016230116877544],[-126.22647700436558,50.02213985503721],[-126.2377743090344,50.02504691096967],[-126.22669355325012,50.03562171195806],[-126.23812360318628,50.0451515458489],[-126.23407362306065,50.05181329641238],[-126.23522297933586,50.06073050516021],[-126.24179948313814,50.05992640388054],[-126.2448725893432,50.05793342268519],[-126.25310217904081,50.06493117276645],[-126.25422616655204,50.06899605802741],[-126.24275197838799,50.07463777514924],[-126.24396211822699,50.07698754686149],[-126.2378609073478,50.08326431698415],[-126.22575842601299,50.08053476717088],[-126.24171267471507,50.100319678659524],[-126.21795178353283,50.10999999649039],[-126.22572837875586,50.12317255550659],[-126.16034493096795,50.1214345010217],[-126.16765934881909,50.13131598505045],[-126.14917130762447,50.14422279818987],[-126.1294500804745,50.141950527258395],[-126.11700104179621,50.15798126257726],[-126.10080977582564,50.15950739856834],[-126.09514740107784,50.169318251697746],[-126.09324273830818,50.178097791724994],[-126.04457971308638,50.18055971028818],[-126.04410947883346,50.19462351873278],[-126.03876273986019,50.20309759601908],[-126.04458086688011,50.21275152457335],[-126.04238706545087,50.22123402361845],[-126.02862729644427,50.23048456336811],[-126.0336265004813,50.239029102281926],[-126.03347484053897,50.24116571066582],[-126.02951084923195,50.245613093116795],[-126.0245294603313,50.24811112744755],[-126.02359735699406,50.250696748563165],[-126.02723451245252,50.2552954414322],[-126.02770807315827,50.259223160253185],[-126.02096752192986,50.26512851099004],[-126.01394419034513,50.26850707214904],[-126.01029725355838,50.27193053416975],[-126.00903447006466,50.27586967285465],[-125.99540286400575,50.28218961242368],[-125.99570125660013,50.286417864344116],[-125.99993570083413,50.29026204735697],[-126.01070237643265,50.29459815754646],[-126.0093147373452,50.30408420809758],[-126.01259183054907,50.305477260532],[-126.03003222287788,50.30370192629047],[-126.04016987260414,50.30785844374457],[-126.04232363452977,50.312672957671026],[-126.03706463255209,50.31754899554057],[-126.03721853406383,50.322768932834364],[-126.05169248577072,50.3263745077922],[-126.0553787933178,50.331115499581145],[-126.05484599963464,50.339586375377856],[-126.04714772324411,50.34339987092812],[-126.038916938543,50.34474783629506],[-126.02798673623643,50.342039061784554],[-126.00863209821081,50.34353491667028],[-125.99985095070394,50.33952890407629],[-125.99486138960974,50.340387879213026],[-125.9923747284457,50.348137654046454],[-125.99403723836267,50.35624903574073],[-126.00063268351192,50.363507526429586],[-126.00918209953261,50.36395482420159],[-126.01458371827971,50.3671786752273],[-126.0208036475399,50.36684111848017],[-126.0258691164112,50.37192977459497],[-126.02974469085487,50.3829126663039],[-126.03775840382453,50.39064332076202],[-126.0469178914933,50.39498717814007],[-126.05601051942313,50.40462226482072],[-126.0811771791458,50.39640248680351],[-126.11107797879886,50.397592791404676],[-126.11281868787964,50.4061492317696],[-126.10987521972774,50.453830665666544],[-126.08628404796218,50.44935576963292],[-126.07722843917807,50.44471148042017],[-126.05424773940047,50.438877882399964],[-126.0395020470799,50.43095647643474],[-126.03572195408707,50.431722671628584],[-126.02214665314358,50.42880305928765],[-126.01771372626446,50.42537066799155],[-126.01363133485522,50.42493207304708],[-126.01021783212704,50.422100679714845],[-125.9944077422847,50.41663886783591],[-125.97921475177107,50.40900505220864],[-125.97576545277172,50.40562966915601],[-125.97032764895417,50.40555276632195],[-125.97128423688444,50.40327975847804],[-125.96233217696646,50.40002451913645],[-125.96222173910911,50.386238388179784],[-125.96601761855656,50.386093001920294],[-125.96590154057725,50.378264289859395],[-125.96258543683831,50.37841417008555],[-125.96236336495043,50.37258375927596],[-125.95788931117687,50.37251421769053],[-125.95764904144848,50.36886399896978],[-125.95158482762002,50.3688071507353],[-125.95106303990238,50.35765095489313],[-125.92550125238931,50.35765000093921],[-125.92808349753511,50.361037418313146],[-125.93238817528895,50.363066526729675],[-125.93448083857834,50.372658118501484],[-125.92967495937957,50.373570773603504],[-125.94174585968918,50.37678376117849],[-125.94187334409004,50.379730462508384],[-125.94003412505293,50.37797866481581],[-125.9425877576196,50.384921670611],[-125.94576725318251,50.386972565631496],[-125.94679194099159,50.38963586231365],[-125.93851384642488,50.39046617930099],[-125.92817734422457,50.388990653729195],[-125.92393166223897,50.38653387464189],[-125.91869016286711,50.38824867097006],[-125.90565284597166,50.3885662718811],[-125.85851155585326,50.380048059849216],[-125.84635803850854,50.380777274422776],[-125.84254934051836,50.38367695744446],[-125.82055312386743,50.383557262831225],[-125.81272062726956,50.37886167250861],[-125.79980743296979,50.37601618020675],[-125.79113473900992,50.36869567552362],[-125.7728876570726,50.36256587324708],[-125.7655404373827,50.36194916423404],[-125.75709133799855,50.36344606386142],[-125.74897455778897,50.36074147368279],[-125.74339173021252,50.3619349726022],[-125.7234537361196,50.358068259523186],[-125.72177363378468,50.35646028217891],[-125.71151372676523,50.356782170392066],[-125.70297605214525,50.35920185995135],[-125.6993498491888,50.35600315934604],[-125.70011313047532,50.360052162685754],[-125.69431215378131,50.35991685599677],[-125.69369744369095,50.36125276084145],[-125.69231083474662,50.359845668309596],[-125.6888885339392,50.36097786306774],[-125.68742465835322,50.35798846601026],[-125.68559472489747,50.356933161368374],[-125.68777062973884,50.363342067021314],[-125.68477703807959,50.36487735783613],[-125.68036664650492,50.363971561026965],[-125.67167425217256,50.36570055551102],[-125.66314994316991,50.36264997897328],[-125.65733135225744,50.362719660008366],[-125.65654364717305,50.36044387693543],[-125.6540421446944,50.35996095377467],[-125.65212894503927,50.362469075113644],[-125.64825254969058,50.36128976205341],[-125.63972404011315,50.36447008038101],[-125.6357374520851,50.363050167320836],[-125.61484846702184,50.3662745685054],[-125.61457095525304,50.36736836224077],[-125.57970895705134,50.368165868045736],[-125.56797934822056,50.363477376847875],[-125.56026992551197,50.35663116723512],[-125.53960873720179,50.35148127280823],[-125.52707714606257,50.34424345398804],[-125.51974154304642,50.33630636596353],[-125.51597925112594,50.34093076621589],[-125.50400862391872,50.341540265791274],[-125.48716346109522,50.33628067193424],[-125.48586672381488,50.334598660614155],[-125.48713564050824,50.33282697134378],[-125.48549422274722,50.33233136368968],[-125.4886960498338,50.332262969585024],[-125.47965362907719,50.32866826659509],[-125.47598444858804,50.32914254910129],[-125.47341994433235,50.32712865104872],[-125.47144644837107,50.32946446960106],[-125.467337816497,50.32934476248171],[-125.4651729337875,50.331226177049],[-125.46197773688148,50.32922517144988],[-125.45783421835011,50.32925786036862],[-125.4550739413138,50.33184426423708],[-125.44652865267686,50.3340218670916],[-125.4436205567052,50.33132156095371],[-125.43887115371035,50.33078177532527],[-125.45439674886507,50.32446407060464],[-125.44930743408018,50.3219189671944],[-125.44277603010735,50.32142616298736],[-125.44224263977594,50.320043281421675],[-125.44483885167227,50.32055457620606],[-125.4425589316109,50.31855216453735],[-125.44604634719252,50.31698546895633],[-125.44049265556389,50.31604977415807],[-125.43982914183563,50.31381516285951],[-125.44117443143796,50.31294216532294],[-125.43915024243265,50.310690457516614],[-125.44091313794364,50.30781077713591],[-125.43518765215053,50.30463905278547],[-125.43679163094143,50.30192445687078],[-125.4417416377436,50.30070536245488],[-125.43308793534159,50.286881983042875],[-125.44042983469073,50.28245556633852],[-125.44105145106361,50.28009415181023],[-125.43605845898068,50.27795076037144],[-125.43763024684563,50.27739535249296],[-125.43686593974864,50.276737381382134],[-125.41141503102355,50.27001797792162],[-125.40415922690863,50.25745786676204],[-125.3983952637162,50.25194616622488],[-125.3992320361766,50.247656378491655],[-125.39713824796372,50.2450814645059],[-125.40297055263153,50.2408330606636],[-125.39455074667725,50.229249977482674],[-125.39396546449305,50.22710367177941],[-125.39716562646721,50.22296205986552],[-125.39137482715395,50.21987006897153],[-125.39061772078779,50.216504664980995],[-125.38322843407546,50.20636577115499],[-125.38515985665401,50.19899547189749],[-125.38006575044996,50.1946473767981],[-125.38369455491147,50.18813157252805],[-125.38184983796367,50.18683838131395],[-125.38198335417088,50.18135806224182],[-125.37929163015812,50.17595316381191],[-125.36999014957635,50.17026916745538],[-125.36968193249484,50.16519326855112],[-125.37503774738198,50.16165694919021],[-125.3679255433279,50.15852795344675],[-125.3636452310474,50.15350616253428],[-125.36390584355107,50.14830075644997],[-125.36169333153259,50.144594972173884],[-125.36212524957074,50.14169946100385],[-125.35897734959968,50.13205755550177],[-125.35915614559634,50.129435666201914],[-125.36111954173819,50.12838886419972],[-125.3669730409559,50.130463879760406],[-125.36514046154592,50.12848706422461],[-125.36721024401342,50.12705867763577],[-125.37535533514148,50.13385495773351],[-125.38237963922957,50.137218974655184],[-125.38745472884527,50.13851777158632],[-125.39367345469577,50.13635725645044],[-125.38813732542529,50.12525416409792],[-125.38077164643892,50.11778707680535],[-125.37358944356932,50.11374228004495],[-125.373982918796,50.112068861906465],[-125.35802644507773,50.11529561752947],[-125.35636634891013,50.11181233353387],[-125.36148132129775,50.11148737819377],[-125.36286686588281,50.09538604013771],[-125.38618542591956,50.09655387593821],[-125.38649718087868,50.088488532823625],[-125.3151618867667,50.08760976638858],[-125.31353209900259,50.079325778845586],[-125.3184255493296,50.07819108830658],[-125.31887015105202,50.076823415612985],[-125.31337746544388,50.07706110653166],[-125.31349226183544,50.07363659936878],[-125.31996867981483,50.07373821302935],[-125.32071410290061,50.065337264425224],[-125.32059603935407,50.05956737571747],[-125.3144996195676,50.05954230818721],[-125.31500972361286,50.052250476139555],[-125.36391344540141,50.05180500082117],[-125.36386050559422,50.04593597382234],[-125.38151205051538,50.045208829433335],[-125.38710259818832,50.043726808076606],[-125.39151752509767,50.0396657425405],[-125.39682434925477,50.03772015448463],[-125.40560211183153,50.03788555488302],[-125.40112223780477,50.02996090690827],[-125.39637265366963,50.02940971769247],[-125.39103388483693,50.02625729728162],[-125.40958706151797,50.02512292984409],[-125.41076554878667,50.008533013623904],[-125.42217901479843,50.00910684605956],[-125.44732364985873,50.015679248756236],[-125.45491479644237,50.02049070964397],[-125.46753608850935,50.0246209039925],[-125.48365809002333,50.02648228942688],[-125.53183820801512,50.01373868450406],[-125.55624870606874,50.017934206843755],[-125.56841001994037,50.008830707509496],[-125.57417901905988,50.001232503956615],[-125.595060996222,49.99994973927907],[-125.59608463618494,49.99324340479983],[-125.60809382241803,49.99321837868528],[-125.60971593403748,49.98994864281576],[-125.62578919735024,49.99005464064832],[-125.62629531220387,49.98291371931099],[-125.63568789401933,49.98327348665809],[-125.63622564411722,49.99042336884792],[-125.63141927907628,49.990560926667065],[-125.6311647754732,49.999484041946545],[-125.70622445112535,49.99965799759591],[-125.77609745531912,49.99709040910741],[-125.90857087589706,49.999546905636485],[-125.90175910450176,49.99409931171358],[-125.90015325510024,49.98578548700634],[-125.8942896818264,49.97704875476541],[-125.89584594154341,49.97395181599944],[-125.90307583621109,49.973131539387126],[-125.90297216639608,49.9667427358396],[-125.90947417891647,49.95496031848602],[-125.91772799430358,49.9519613860438],[-125.92070265793042,49.94921023209712],[-125.92124488447217,49.943823030961646],[-125.91793936181321,49.93098407996561],[-125.91925555709837,49.92494249782235],[-125.91271323642466,49.9192352977453],[-125.91467729364318,49.90163432028204],[-125.90710234093093,49.90154921617861],[-125.8977039659105,49.90512595029614],[-125.89051569122981,49.90452059820103],[-125.88378568145403,49.89816034161801],[-125.8824067230214,49.89198523840024],[-125.88480393453153,49.884918949525144],[-125.88115963947442,49.8716063663982],[-125.90685797576175,49.840810995653605],[-125.91142857518555,49.841441701829474],[-125.91485697549818,49.83737676880545],[-125.91364886261658,49.8206922446611],[-125.91987258538501,49.81909211512196],[-125.91371005248556,49.807925543554006],[-125.91797851679279,49.80493231288342],[-125.91944909004602,49.800694161350435],[-125.91703673010677,49.793235274335444],[-125.91436161071361,49.791892744163775],[-125.91450811567245,49.776120189775845],[-125.9123906202397,49.771287050821115],[-125.90304965658218,49.76558285168631],[-125.89183495662436,49.749708994455446],[-125.88668028476214,49.74586138393706],[-125.8767479052434,49.74233341122821],[-125.86631067986166,49.74272677994477],[-125.86203776077211,49.74521256052378],[-125.85006145774089,49.735582228072936],[-125.84666587395404,49.72690723955035],[-125.8370140718048,49.72636157545643],[-125.83347714394526,49.72283597466002],[-125.8378982295387,49.715833127316685],[-125.83127803671637,49.706073102299726],[-125.8195236342622,49.69996907307344],[-125.81432142147746,49.6939353341465],[-125.8063233314341,49.69235964195893],[-125.80284223831146,49.688201642483335],[-125.80233423361867,49.676574403045656],[-125.80456799907627,49.67044551042196],[-125.80271162229063,49.66284959056192],[-125.79670729426273,49.658424202555906],[-125.77179469741624,49.65327566751991],[-125.75458214508252,49.6561072602649],[-125.73432914275246,49.64861721168139],[-125.73267980695796,49.6467449340202],[-125.73027763514422,49.635677442602876],[-125.72217529873687,49.62702594683521],[-125.71427360919789,49.63009457080259],[-125.70092494755175,49.63065467922557],[-125.69640797551654,49.62592497249275],[-125.69488012195583,49.61914025078549],[-125.68655397617239,49.607372847541946],[-125.6920428006965,49.602845486314365],[-125.70473649799392,49.60525638060169],[-125.71546453881025,49.60501831888594],[-125.72121611879525,49.602421273539356],[-125.72779944713692,49.58046032434744],[-125.74312774231761,49.57859164213772],[-125.74847634789019,49.57264702719295],[-125.7419485549816,49.56290570420764],[-125.7341580505889,49.563214817477274],[-125.7337493013627,49.55429924589652],[-125.72753538128964,49.544273022549504],[-125.74128087170227,49.52908811871],[-125.74113128355376,49.52248126552959],[-125.75613022318116,49.51369467398205],[-125.76104123824271,49.51322353202101],[-125.76627245153425,49.51579052708956],[-125.76937352194658,49.519492333459965],[-125.76854059107285,49.522335593951205],[-125.77001879739517,49.52666032170871],[-125.78460620803584,49.53984206956079],[-125.78939600026672,49.54084134537612],[-125.80750571798013,49.53938714870656],[-125.83631690550048,49.54423956155717],[-125.88432968605176,49.54466209827672],[-125.88860721124345,49.54696311568542],[-125.89325548665828,49.55449470023537],[-125.897812354145,49.55763686814834],[-125.9432999662042,49.56899577917473],[-125.94935314932454,49.573773765468424],[-125.95419599188007,49.5812336625413],[-125.95805479467926,49.5830638759076],[-125.96487616984372,49.58200155360238],[-125.96722053738878,49.584575191157654],[-125.96969334060395,49.58488365225422],[-125.97656700070182,49.58014772390798],[-125.98705326158694,49.577499996930136],[-125.99474350819834,49.582593914684146],[-125.9988412289521,49.580682591566166],[-125.99921802221483,49.57258392345287],[-126.00223683853821,49.5710917886703],[-126.01170715343679,49.57026395896592],[-126.01566130326937,49.57379671271032],[-126.02776600003595,49.57638306779032],[-126.03111449441272,49.5712631037625],[-126.0378676140238,49.56799703141715],[-126.04356918748636,49.56783980762376],[-126.04551165138128,49.56517473815079],[-126.04638023634787,49.55894991816501],[-126.06414842112316,49.5512270455525],[-126.08234347208693,49.55714080192521],[-126.09428426506604,49.56913028643341],[-126.09961584479076,49.57149304849649],[-126.10585932677452,49.56953175864685],[-126.11177242264506,49.570399074546394],[-126.11600734380333,49.56572171225242],[-126.1225328319943,49.56539633342915],[-126.13140965501006,49.569230375678394],[-126.1399410320241,49.57002636634462],[-126.14574187701606,49.57236345247907],[-126.14477778398289,49.57717091914887],[-126.14663655366951,49.57866611538196],[-126.15704043920572,49.57221055207539],[-126.16358478239117,49.57203458143166],[-126.17886221941463,49.56796251446808],[-126.17424964475165,49.564025433332034],[-126.17448223711766,49.55501360981458],[-126.1798208359751,49.55021705374619],[-126.1824015973679,49.54984220884596],[-126.18679295650625,49.55462832919722],[-126.19170142313997,49.55572472166817],[-126.20059096526782,49.55478540657641],[-126.20682546757446,49.55122724287586],[-126.21076674154433,49.55206615492801],[-126.21531484723344,49.55409591424024],[-126.22121505346055,49.559720823116756],[-126.23461805361484,49.554940119236896],[-126.24375739412574,49.553739580441274],[-126.24906143523991,49.55499628862157],[-126.25501892647411,49.56107438912907],[-126.25502941881422,49.568520401296894],[-126.25699466846999,49.57171767175589],[-126.26021998453247,49.57362985315822],[-126.26445061054355,49.57292362884538],[-126.27017919748924,49.5690809001157],[-126.27623771330718,49.57194718596478],[-126.28107813282024,49.5716369333454],[-126.28390867634866,49.57417924616429],[-126.28282442484831,49.57618703312459],[-126.28375257127956,49.57852083240313],[-126.30060679584092,49.5893834065674],[-126.30871604190077,49.592081485681135],[-126.31821749441163,49.604234808071666],[-126.33092264917147,49.60608160099528],[-126.33465441592384,49.60588758803536],[-126.33500340495493,49.598091308783566],[-126.33650765396786,49.597339996869195],[-126.34662831791255,49.598769298962935],[-126.35465189549684,49.595291391307995],[-126.35209903911345,49.58990958929325],[-126.35439588387267,49.57815503579514],[-126.36521934961777,49.57612112119748],[-126.36302498470509,49.57059918244823],[-126.36380692124035,49.56933398670314],[-126.37134103768696,49.571140105974266],[-126.37692682618405,49.56925664690951],[-126.3801826333147,49.56222913331],[-126.38318690179784,49.56072532337829],[-126.39867625464933,49.561622110510726],[-126.40399392055524,49.570015546245806],[-126.42014510161721,49.5747860039353],[-126.42710250340279,49.57490681703447],[-126.43442922014171,49.57806364993132],[-126.4430265136444,49.57626134431697],[-126.45852299453239,49.57714872328316],[-126.47418448900237,49.57031619953978],[-126.48585327788687,49.55867391347222],[-126.50221488533563,49.547085750066785],[-126.506535972201,49.54037662779237],[-126.556698133847,49.53977706970907],[-126.56349433862952,49.54617776321299],[-126.56186724561753,49.54889655878737],[-126.56442275267007,49.54950755189769],[-126.56255765381711,49.55084485878597],[-126.56504343886012,49.55259805852383],[-126.56365334657026,49.553009673760755],[-126.56536945260346,49.555185865726145],[-126.56392554012466,49.55725236552763],[-126.56600844008177,49.559022679652166],[-126.5636583688399,49.55983736817867],[-126.56571276105878,49.5616617696234],[-126.56282113127455,49.56332807411349],[-126.56563983293002,49.564755157501686],[-126.56075154919995,49.56545297410314],[-126.56387175851155,49.56864036230099],[-126.56336805198448,49.57066276464053],[-126.56800076394813,49.57208266962341],[-126.56464094642683,49.57344136963368],[-126.56458455357085,49.57487125812609],[-126.56478934475813,49.576323954895365],[-126.56653295350057,49.57713437682273],[-126.56996315840664,49.57660316119074],[-126.56825006190816,49.57818686062304],[-126.56891903842936,49.57921796059405],[-126.5638155422036,49.58059376440226],[-126.5615187438542,49.57835065339295],[-126.55634794141307,49.57772966818744],[-126.5543541337391,49.58024197116651],[-126.55839043686446,49.58226145835734],[-126.55612954020388,49.58655835366405],[-126.54837245861557,49.58699695562989],[-126.54779434773225,49.58938686497532],[-126.52629755454483,49.59062875217629],[-126.52220703008125,49.59516625738406],[-126.5157912354104,49.595586470944866],[-126.51084195973368,49.59875386571511],[-126.50609453921567,49.605785177705435],[-126.50070483862322,49.605075954665736],[-126.49352675175939,49.613340551322764],[-126.49138783902265,49.61856607698426],[-126.49211802441758,49.62053426193244],[-126.48278653974849,49.62372306554591],[-126.48492943702117,49.627304973278335],[-126.47956375603871,49.62955376724081],[-126.47962353953803,49.63375665711733],[-126.4757767349291,49.635840279189495],[-126.48010933495402,49.63561097364176],[-126.48120193305957,49.6385946578224],[-126.47818566692483,49.63986936448676],[-126.47928163865483,49.64254687633955],[-126.47747066520819,49.64272346921235],[-126.47806005207643,49.64419327684896],[-126.47122914260841,49.64609595206731],[-126.46243033204087,49.64426586831938],[-126.45952195407372,49.6373200549459],[-126.47037915062681,49.635479972307195],[-126.466820161459,49.63440326338923],[-126.45942073774764,49.63605817231801],[-126.45743875671322,49.63181405337591],[-126.45279045349693,49.62935446595826],[-126.44391774309919,49.6305535614145],[-126.44414065734261,49.633967473408944],[-126.4409012341787,49.63314997372223],[-126.44506484711916,49.63642566674175],[-126.44170972699108,49.635686463057304],[-126.44160184222052,49.63696116414799],[-126.43810084151153,49.63715335269517],[-126.43119093976082,49.63449016839067],[-126.42827463968847,49.638329778502644],[-126.42165994119726,49.6379224542681],[-126.42023434179363,49.63949195255537],[-126.39935505231152,49.63877267514278],[-126.38387023589564,49.63433917100817],[-126.37828143895366,49.63011065802798],[-126.37145592505082,49.62849846813301],[-126.37128453732974,49.62988845533226],[-126.36317045164827,49.63240226420729],[-126.34707514035253,49.63038837981359],[-126.3489953519626,49.63302314989615],[-126.35441965431045,49.634676671697754],[-126.35404844772259,49.63588297177567],[-126.34935014468287,49.63516375793659],[-126.34983794288983,49.63640706612863],[-126.30147063956588,49.63784416951388],[-126.30070044285041,49.63675607791083],[-126.3026890653041,49.63510107279809],[-126.29167415790037,49.63839815660906],[-126.28153862833916,49.63831266480609],[-126.27552526150032,49.6428231733072],[-126.26164964903619,49.641739377201915],[-126.24391093887982,49.64502497295977],[-126.23451215770186,49.64415195622765],[-126.22762373495569,49.64614726804552],[-126.2229145403787,49.651970874610214],[-126.21229504041747,49.6542524808148],[-126.20192716577563,49.65406586460049],[-126.18929544629077,49.657088064395744],[-126.17749783570689,49.65598287675599],[-126.16831673514226,49.649892971322714],[-126.16066325761479,49.650226168304],[-126.1576487252144,49.65200646733621],[-126.15527983600862,49.65010377924544],[-126.15544444317572,49.64680526663741],[-126.15399594939657,49.64955827118111],[-126.15573553818308,49.65178857459065],[-126.15246692497738,49.649881569199934],[-126.15171036002178,49.65072605855849],[-126.15507746868805,49.65310307110805],[-126.14337684127364,49.65840117873192],[-126.13587195977279,49.6563987719297],[-126.12189636796505,49.659101866541775],[-126.11413006167359,49.657082366625],[-126.10484825310523,49.65844246004388],[-126.09739272228772,49.65587176391201],[-126.09684855658622,49.6491737603635],[-126.0984157342752,49.64658596146877],[-126.09047742515088,49.63542865886764],[-126.06999856638701,49.62814666699441],[-126.06172193975338,49.620478752415096],[-126.05688803334576,49.613139765264116],[-126.05287646514421,49.611238468293756],[-126.04960254477955,49.61157887143406],[-126.0461593356168,49.60759536154731],[-126.0458259605032,49.612651268762505],[-126.05016665958478,49.61872697122449],[-126.04864574167642,49.62144146703856],[-126.05696873393286,49.62947975899848],[-126.06479736559712,49.633557269988486],[-126.07515715837413,49.63474506862732],[-126.08564583494903,49.643493966587826],[-126.08694083117057,49.64618007019144],[-126.08494585286037,49.647785158657115],[-126.08552432958334,49.650660565849826],[-126.08777885518234,49.65209475671338],[-126.08465985414648,49.65770187625019],[-126.09392853610092,49.66353965427859],[-126.09647884194123,49.66818265984131],[-126.097713225259,49.671417053250934],[-126.09686523453149,49.68359500398073],[-126.10291875586626,49.68380812379441],[-126.10296988258082,49.693289721278255],[-126.10125057459196,49.70868341795429],[-126.08205026578925,49.73490836033802],[-126.08025366062925,49.74005284409056],[-126.07221735882075,49.747059159426136],[-126.06973691787209,49.753111513301725],[-126.0561774881687,49.75145179083144],[-126.0485226963734,49.75324349080036],[-126.04865071052566,49.75620440707742],[-126.05405971950496,49.76031040252161],[-126.05407788787647,49.76707155998665],[-126.04301738701258,49.76725314586441],[-126.0418514020339,49.793463882919006],[-126.04870318819289,49.79363804954831],[-126.05032165846674,49.795646574638454],[-126.05059846018112,49.79383636518944],[-126.05704039135135,49.793707923180655],[-126.05736184005207,49.788350572747795],[-126.05959582976534,49.78851929597062],[-126.06159129468419,49.783955091865025],[-126.05987319535703,49.78201819205452],[-126.059356878999,49.77183919230006],[-126.05810422898023,49.77107145548832],[-126.0876586034045,49.732259075806944],[-126.10317660679483,49.709040282870724],[-126.1187446840472,49.69396201027429],[-126.12632746661315,49.69418074006569],[-126.12686405038154,49.68607742993079],[-126.13820951259909,49.68628349319185],[-126.13851994417166,49.67683332703473],[-126.16282634916014,49.677079671593894],[-126.17357713481981,49.67386097758731],[-126.1804346489493,49.67443346346323],[-126.18350455932273,49.67071206321118],[-126.193439144694,49.67202377413141],[-126.19787093187082,49.67013376051954],[-126.20732944796819,49.66980475808802],[-126.21378365461452,49.66723417718873],[-126.22362825380856,49.66668866122465],[-126.23237095186413,49.66357815615651],[-126.2367712405229,49.6588170605313],[-126.26675655677008,49.65072186168016],[-126.2801236484183,49.651270167977664],[-126.2877929273439,49.64914666244483],[-126.29269483301307,49.64995416764136],[-126.31408394540054,49.64751165688504],[-126.33257405449436,49.648397561149274],[-126.34832355560671,49.64463045767622],[-126.35842464540936,49.6504839727459],[-126.37237434656255,49.65207055610335],[-126.37666803849017,49.65417417056754],[-126.37966564927919,49.65822737959383],[-126.37289735137898,49.65986386951141],[-126.37017435932279,49.66205995949206],[-126.37379605168809,49.66505796410366],[-126.38556365895333,49.664253257572504],[-126.39174743018242,49.66163126439021],[-126.39875263150432,49.66333606814165],[-126.41590705468859,49.66258696070783],[-126.42826886891034,49.66000196984962],[-126.4413041436489,49.652940753142026],[-126.44583373070454,49.6548392591386],[-126.45134535169385,49.66127666630711],[-126.46038272876244,49.66310386507376],[-126.46952485303845,49.669592563786104],[-126.4668500318357,49.67333826005331],[-126.46927812585915,49.67489496322609],[-126.46922273804181,49.67672786670415],[-126.47362014927347,49.675618458548286],[-126.47314393186075,49.677865862519766],[-126.47829273293,49.68096495788873],[-126.4826590362516,49.68231937555942],[-126.48757465324603,49.68190486233661],[-126.4935203482455,49.68519195916875],[-126.50004265945718,49.68640256881345],[-126.49887576016862,49.68999436670853],[-126.49560025940634,49.692172063837226],[-126.49118845300526,49.69142007022815],[-126.4907896459872,49.68920686901712],[-126.48487536274659,49.690437364377054],[-126.49270495571376,49.69241555382243],[-126.48814604100727,49.693962277735416],[-126.49069035112078,49.69463015865425],[-126.49175092484171,49.69852116030133],[-126.48920865086555,49.69916774961036],[-126.48986866546953,49.70251036993664],[-126.48767834671044,49.70542286168725],[-126.47865564238899,49.712539654632515],[-126.46902606476667,49.704008664529475],[-126.46391674712801,49.70385196017146],[-126.4664906238065,49.70687696567],[-126.47003185629042,49.70813316258593],[-126.4674921517159,49.71032647728045],[-126.46821334628466,49.713787270219164],[-126.46452763635136,49.71636937386217],[-126.46666066374705,49.71907957124914],[-126.46332142299988,49.721408164763275],[-126.45705592845259,49.72208896419225],[-126.454280136183,49.728459474007266],[-126.45251684865066,49.72873576333865],[-126.45255252104808,49.731767860708636],[-126.45573734342562,49.73615726056953],[-126.45257904656081,49.73814697403166],[-126.44910724745051,49.73764847650612],[-126.44719485680804,49.7407631583808],[-126.44367013774765,49.74152227568438],[-126.44362945305375,49.74703546982991],[-126.4405656309566,49.74856927372126],[-126.43912844002978,49.752900281892664],[-126.43566553378497,49.75615315897803],[-126.43627334064374,49.758054560284044],[-126.42060824499832,49.75494546746821],[-126.42130055354524,49.75603215012214],[-126.4186907447903,49.75601787993813],[-126.41976364006086,49.75777828186677],[-126.41763944482055,49.75962965383816],[-126.41349524442191,49.76076056994953],[-126.40570762944327,49.75653777090346],[-126.39592425434388,49.754365873707826],[-126.3944597508068,49.7552773540469],[-126.38618634137815,49.75444415918264],[-126.38408075812424,49.755124968651636],[-126.3919216395001,49.755472474224014],[-126.39410812484716,49.75819406484126],[-126.39091804892364,49.75788785015265],[-126.39163645595916,49.75898307155808],[-126.40298113325001,49.765498858366705],[-126.40137456238986,49.767991271467714],[-126.40454535767049,49.772345059067185],[-126.41052165712155,49.7720017546158],[-126.42713724160926,49.76620096538244],[-126.4411981722119,49.76529807078623],[-126.44479725317252,49.763137573084705],[-126.45545703406908,49.7621761690145],[-126.46379224963607,49.769050851849606],[-126.46044002728772,49.771254062108206],[-126.4585520664955,49.77576456744662],[-126.45358394083394,49.78122357396247],[-126.43978443129939,49.78843146036555],[-126.44170133543858,49.7894725620802],[-126.43847064350471,49.795689259943934],[-126.4427548295369,49.792158671565474],[-126.44736354714114,49.792538853302],[-126.45120094004643,49.78981585617505],[-126.46012265973897,49.78980585930214],[-126.46350834321991,49.78805406766873],[-126.468485750258,49.790104962359294],[-126.46893043435561,49.79358716879966],[-126.47180683323292,49.79222846687451],[-126.47421354881362,49.79435047472871],[-126.4733201364219,49.79601395776131],[-126.47492354138514,49.795103869066565],[-126.47428273341696,49.79247195864891],[-126.47702204650615,49.792990368658835],[-126.48971555649841,49.80115536752212],[-126.49639443145391,49.80210957184324],[-126.49749194843314,49.79860746575523],[-126.48994873912747,49.79291208296052],[-126.49087112340743,49.79093386517302],[-126.49412035812051,49.790159058184955],[-126.48683574033323,49.78671816960294],[-126.48727875194363,49.78380425413628],[-126.48188763754239,49.78249966555946],[-126.47699885493844,49.77445005131532],[-126.47704904827755,49.77214705343533],[-126.48001853982103,49.770845354152826],[-126.47662414332662,49.76799126669984],[-126.47481604102227,49.763499272992796],[-126.46117934159577,49.75631846330803],[-126.46161456522326,49.75490707048507],[-126.45628034392449,49.74935687489911],[-126.45691954988844,49.74668935223877],[-126.46172353700746,49.744312356693946],[-126.46148873002144,49.74188686711423],[-126.47035615008639,49.733391462256634],[-126.46880283235967,49.73072107298133],[-126.47546275645162,49.72755646255417],[-126.47980513087585,49.728900957604395],[-126.48883813907251,49.72703807882942],[-126.4887815261809,49.72976256968935],[-126.48377634177962,49.73129075689015],[-126.48537535285718,49.73307956798734],[-126.48365274605199,49.73315077398058],[-126.48296366719542,49.73679677017978],[-126.49255063324433,49.73443257404208],[-126.49028813529117,49.73230486982725],[-126.49399964923408,49.73164826962771],[-126.49440704305864,49.73261955604006],[-126.49943855983763,49.736262656538564],[-126.5075441445887,49.73761718041311],[-126.51604254297796,49.74650707061933],[-126.51461183815377,49.7495163631182],[-126.51133226433498,49.7514889732077],[-126.50990914240981,49.75541547295542],[-126.51378183456205,49.7535468771574],[-126.51902474116797,49.753902968343475],[-126.520975235052,49.75189337375519],[-126.51984956002057,49.748361361937285],[-126.52264454321185,49.745541478497024],[-126.51922495371082,49.74263457464409],[-126.52134995698695,49.74208627585394],[-126.52179755271163,49.74009095575057],[-126.5152083510738,49.73701604965217],[-126.50531174936557,49.7272858776702],[-126.50255733812675,49.72687576903668],[-126.49466475271578,49.72113756945029],[-126.49121175316031,49.72058497632335],[-126.49548276993917,49.7163052679159],[-126.49645374384446,49.71172926199865],[-126.50379383726889,49.71009855619644],[-126.5107615483579,49.71300967674101],[-126.50949332853466,49.71474576377095],[-126.51422465597183,49.71552196546808],[-126.50925975410004,49.711700768928296],[-126.50869644708744,49.70915145052135],[-126.51282904730188,49.70620905558976],[-126.51872904885604,49.706379961850296],[-126.52192945569432,49.707258655726775],[-126.51978553471201,49.70934517331633],[-126.53188826482327,49.70755206977751],[-126.54115534971749,49.71384846972465],[-126.54825653812941,49.715285561037824],[-126.55508103138973,49.71283877285537],[-126.53923556497648,49.71092886858935],[-126.53015343904167,49.70511376985078],[-126.53429803029368,49.701873764746146],[-126.53985935090876,49.701623050328394],[-126.5464435332532,49.69756975792347],[-126.5518405457034,49.69699157727438],[-126.55026963374077,49.69596897263448],[-126.55090663968393,49.69374296493667],[-126.56297854991048,49.694437965818466],[-126.56609764649832,49.696950280166284],[-126.5857350570091,49.694185864033464],[-126.59177886742567,49.69702007181737],[-126.595457839904,49.70343895435112],[-126.6132600548412,49.72081856337746],[-126.61372846703664,49.72456137186045],[-126.61896106130978,49.73076805966091],[-126.61964894035037,49.73429866257319],[-126.62379505349632,49.73693915027374],[-126.6226507454991,49.739056971860634],[-126.62652433819287,49.748411170137985],[-126.62806703740002,49.76375276653738],[-126.63359574580224,49.76940686058389],[-126.63298623973483,49.772515966574225],[-126.64215425811233,49.77650797572312],[-126.641607443205,49.778071768461295],[-126.63816304673949,49.7783167783845],[-126.6410032542951,49.77848197563244],[-126.63930885415388,49.782774561872216],[-126.64155573900445,49.784277066799255],[-126.64074253061051,49.78611426477603],[-126.64308645255649,49.79708214940663],[-126.65064332347707,49.80865096188568],[-126.65289794895736,49.81634315656307],[-126.65139492562709,49.82698196828122],[-126.65304974693876,49.828985860983046],[-126.6517291443424,49.83041576510148],[-126.65313064258369,49.83507717674753],[-126.65180784760014,49.83627357524313],[-126.6520487516155,49.849663979266786],[-126.65463704989483,49.85424986364645],[-126.65084215694586,49.857628166389475],[-126.65213024571564,49.86062176487947],[-126.65132074685496,49.86584156825209],[-126.65362564092352,49.870799178996364],[-126.65187486063961,49.871609566083],[-126.6529897286634,49.87505046001236],[-126.64931316804505,49.88340486601225],[-126.65062065704501,49.8868671560507],[-126.64878803862086,49.89646487463846],[-126.6497184404846,49.898561376492985],[-126.64584096224657,49.902378160142334],[-126.64279894172614,49.91016620824022],[-126.62908136981446,49.910195638854795],[-126.62842295197038,49.91707369737165],[-126.64482211046284,49.91732364725345],[-126.64518199509375,49.91373341941037],[-126.6521217574974,49.913596664522586],[-126.65150956357392,49.91766299074897],[-126.64874923360266,49.91767106939875],[-126.6491518896466,49.93148007246551],[-126.63803511934624,49.930904250090656],[-126.63761186192676,49.9375894546853],[-126.64863778985774,49.93775315614654],[-126.64817643384549,49.94492039986863],[-126.65982117431143,49.945099887270636],[-126.66082439535428,49.92659865071072],[-126.66663072987731,49.926997440258],[-126.66682514472409,49.91586297749604],[-126.6689276380143,49.91599021043231],[-126.66891570223926,49.910492507510206],[-126.67190846776323,49.91074358114497],[-126.67163925780116,49.88969930426346],[-126.66727543064435,49.889777220476],[-126.66714554006911,49.888604657771936],[-126.6673291543709,49.886241974441305],[-126.66940703824477,49.88557395672941],[-126.66938506088174,49.8796990666312],[-126.67418182742331,49.87372306193776],[-126.67087016718342,49.87024807019519],[-126.67071862036839,49.860935162105335],[-126.67302194165133,49.859369979470216],[-126.67529305673875,49.859875572483695],[-126.67357802268238,49.86401426438201],[-126.67850754551094,49.86482326174879],[-126.68743545795995,49.862330876436054],[-126.70432464523404,49.86330507950644],[-126.70934544181046,49.86629156121969],[-126.7116554537883,49.873057971347514],[-126.71542375905149,49.87373446836925],[-126.72300263785492,49.87239007891945],[-126.72994214908454,49.868667176384925],[-126.73535865175384,49.86831537322572],[-126.73887012009929,49.870874663434755],[-126.75312364101411,49.874156069393266],[-126.76591745321394,49.88740267049476],[-126.78073513715435,49.89942588124389],[-126.78194614026835,49.90796826688632],[-126.78657086000813,49.91342577300533],[-126.78381734264414,49.9139313641038],[-126.78800044159283,49.917781079293164],[-126.79240955275209,49.931043266542275],[-126.79982513589644,49.93833526078263],[-126.80006163201188,49.94386256874162],[-126.80400975141669,49.95084547301114],[-126.80741734168184,49.953456056756615],[-126.81458494645375,49.953735155001866],[-126.81675163991025,49.9557632687146],[-126.81904544236555,49.95409835578334],[-126.84612755720664,49.959551656097354],[-126.8472769370675,49.96224487052604],[-126.84370285287216,49.97413602756877],[-126.84198024403337,49.97393524215605],[-126.84270433595248,49.97975590392385],[-126.8440938144267,49.97973616031794],[-126.84414168452015,49.993420415503095],[-126.8664755447761,49.99212505240236],[-126.86652895031196,49.98518797404747],[-126.86445161971176,49.985147614375315],[-126.86390871169183,49.97973541017889],[-126.85932298796706,49.9799149794876],[-126.85705483521066,49.977869862639565],[-126.85792813710037,49.97388346184273],[-126.856574963776,49.968236472921056],[-126.86019617146002,49.96552337059577],[-126.86080574083853,49.96119947576755],[-126.85902365661183,49.95958295452496],[-126.86110364136277,49.956688963172546],[-126.85206424034072,49.95117877439713],[-126.8185194566318,49.94474136495858],[-126.81815834138598,49.94164076813822],[-126.81535796687349,49.9388080637342],[-126.8130129713284,49.9272149696245],[-126.80901565380647,49.92012247624643],[-126.80311246111701,49.91448827322047],[-126.80345206760532,49.91040076577119],[-126.80078174129932,49.90694137594453],[-126.80442932474591,49.906354563860845],[-126.80386624467691,49.902187354093584],[-126.80973843174466,49.8973692584078],[-126.818008954373,49.89339576194806],[-126.81901954073332,49.89228196260064],[-126.81571604323662,49.887740166061256],[-126.8254808323309,49.8807985588864],[-126.83139837215676,49.8826372704833],[-126.83698213877406,49.881383958133654],[-126.83506276188352,49.879800257694576],[-126.85420443899334,49.87537096070275],[-126.85803037021365,49.87193286797975],[-126.86742875523656,49.87157537140259],[-126.87516475811525,49.873822754081296],[-126.8793192469473,49.868879363957255],[-126.89001562435604,49.87064966748896],[-126.89570265078297,49.87013127122968],[-126.89760725211481,49.86726147588785],[-126.90978343443372,49.86860596162578],[-126.90932466611063,49.87019816669875],[-126.91263102315277,49.873874065572195],[-126.91555964257486,49.87441246910633],[-126.91447432436114,49.87533816436377],[-126.91506503688662,49.885539766257885],[-126.9177610522135,49.889573149897636],[-126.91546176341025,49.89217657081999],[-126.91893774482718,49.899732077295184],[-126.92337275280342,49.903471972100746],[-126.92106063126627,49.91157147450546],[-126.9177926477782,49.914364355998536],[-126.91923403577134,49.91777245594226],[-126.91839616624249,49.92427966359214],[-126.91260733811667,49.924778177048104],[-126.91194043990102,49.92829165757463],[-126.9055859411913,49.9295720623084],[-126.90687875516308,49.931564568296984],[-126.90554084215157,49.93412237708358],[-126.90808404516665,49.93817148049615],[-126.90582205381845,49.94597326435923],[-126.90681632108824,49.94682776272305],[-126.90442566339726,49.946983068819996],[-126.90633833249474,49.94979726692536],[-126.90700453368792,49.95858886151646],[-126.89678055105246,49.95899766104425],[-126.88805232501488,49.95640986756635],[-126.86606093102229,49.957158961409775],[-126.86945645225677,49.96142166219851],[-126.88472303846494,49.95860748038492],[-126.88627944954908,49.96157685496501],[-126.88878374896653,49.96232456754612],[-126.89512975200785,49.96070386176305],[-126.90266783309627,49.96208957117553],[-126.90750754827953,49.95951467896947],[-126.91069096760086,49.960067265054505],[-126.9132248348977,49.958205766091154],[-126.9122480613432,49.953718072922136],[-126.91428645555695,49.949778766047125],[-126.91187304483938,49.94237716528938],[-126.91276195293649,49.93729266114528],[-126.91097603523725,49.93509226304171],[-126.91120562538835,49.93204736158403],[-126.91523025815366,49.931463373850654],[-126.91813286504089,49.93330486178896],[-126.91904926126999,49.93793646355389],[-126.91486623692262,49.938283973064095],[-126.91625855306664,49.94027926904446],[-126.92212026165515,49.94170635872772],[-126.92524663301867,49.94417306577417],[-126.92984125639049,49.95665057626996],[-126.928203447435,49.95942776391584],[-126.9310448509652,49.96597347682584],[-126.930710470416,49.96956526887952],[-126.92952596750445,49.971811265857745],[-126.9249426597668,49.971693057517925],[-126.92351296040181,49.97350037638256],[-126.92816845314475,49.9770936566014],[-126.93135205721158,49.98421187529453],[-126.93792998677151,49.98710709170085],[-126.93802157728236,49.99091137865962],[-126.94357948873017,49.99121758741987],[-126.94346255320691,49.98889318681894],[-126.94529225615184,49.98837196544767],[-126.94649235038644,49.98539826213189],[-126.94483283512045,49.982777670952096],[-126.94488442810584,49.97794816341857],[-126.94342596933225,49.9768614657719],[-126.94512656075811,49.97522796339072],[-126.94344095385756,49.972886564252626],[-126.9404811300519,49.97394046145976],[-126.93943755747776,49.97192375610666],[-126.94415796770764,49.97143246387573],[-126.94575753791112,49.968267860197244],[-126.9420471584979,49.96406356816638],[-126.9435349505652,49.96252546290973],[-126.94231543448853,49.9541382599618],[-126.93726834074754,49.94927176396187],[-126.93812614637669,49.94482537588809],[-126.94047336366995,49.94470567267609],[-126.93697823321303,49.94172056430344],[-126.93581857276318,49.933954371302285],[-126.93968716454394,49.932773667348926],[-126.93878793371844,49.93192915989341],[-126.94235194358806,49.92910495395585],[-126.94092664109073,49.925589974114224],[-126.94247496720932,49.92260336935115],[-126.9386824483528,49.92005406057118],[-126.93665515255634,49.91563755465509],[-126.9374938483693,49.91363795855188],[-126.94012043683092,49.91311677744708],[-126.9392721444834,49.905257969535825],[-126.9418002291086,49.90081445851594],[-126.93698116116195,49.89822807272769],[-126.93789582814024,49.894097859074414],[-126.9362360466692,49.89151436148397],[-126.93720824391927,49.88278816587907],[-126.9409909680157,49.880587772318236],[-126.93906145012774,49.87618275237917],[-126.94729976282258,49.873305869288004],[-126.93515404054018,49.87381856518023],[-126.93106202727088,49.871551166436156],[-126.93500384837195,49.870514366971626],[-126.93715074349875,49.86581307639457],[-126.94124005131913,49.86128837553547],[-126.94383115230761,49.861577463120675],[-126.94377015284307,49.85970607358661],[-126.95057696021087,49.86061756014992],[-126.95113174275164,49.85837015936852],[-126.95350274897902,49.85857377308759],[-126.95667234215867,49.856011666891106],[-126.96116103309222,49.85677506659304],[-126.96353763835285,49.85554736968988],[-126.96354162433362,49.85741876421316],[-126.96667995147361,49.85725785777856],[-126.97093344823979,49.86164156292725],[-126.97850624280447,49.86022726347121],[-126.98011963781974,49.864949981147795],[-126.97610323604914,49.86945046762687],[-126.96842755711708,49.87130335865763],[-126.96438292693438,49.8705314620195],[-126.96277873232061,49.87192437048404],[-126.96873985499965,49.87317057673403],[-126.97368246430007,49.871116763020844],[-126.9743535034803,49.876958927861004],[-126.9803742609791,49.87739647846808],[-126.98174355856824,49.8848248645425],[-126.98538356457598,49.88293347340364],[-126.9887197536747,49.886391456654174],[-126.9856532351298,49.882093169329515],[-126.98547094286026,49.88082135978183],[-126.98736634211579,49.8810705678026],[-126.9858856463898,49.87685205827066],[-126.99034144658553,49.87415895367664],[-126.99192216663052,49.87631806405274],[-126.9958993420363,49.87606306881153],[-126.99917083563676,49.87804557098242],[-127.00334785266922,49.88242646422306],[-127.00556565332775,49.881312760554344],[-127.0058251291969,49.882801069930146],[-127.00866886346563,49.88369546082299],[-127.0090943340001,49.885880171510216],[-127.01379374747472,49.889054771070285],[-127.01528415139279,49.89244435952498],[-127.01438655963985,49.89600916392795],[-127.01773574654385,49.90058226896149],[-127.01784423997897,49.90439775708188],[-127.0200142230668,49.904138562638025],[-127.01590626208127,49.90920447530039],[-127.02220134826312,49.912604069380016],[-127.0246773585918,49.92054396383326],[-127.02933683207327,49.92208075843382],[-127.03088744397633,49.92475107137486],[-127.03497873399088,49.92453315690549],[-127.04461965957756,49.94381986025194],[-127.05264824783121,49.94205666432664],[-127.05064735472044,49.937768359607496],[-127.0477891402491,49.9360835544869],[-127.0478397238105,49.932098562356956],[-127.04076463338154,49.927841667243875],[-127.04315514992261,49.92800827160921],[-127.04156224638933,49.921918361744474],[-127.0374342341866,49.91721707007147],[-127.03787464089316,49.91565896771302],[-127.03476403063627,49.9136721736496],[-127.03522904735355,49.91047765246973],[-127.03253215159714,49.907283162206625],[-127.03272502592422,49.90493896547472],[-127.0283574552421,49.90104227544139],[-127.02878303510941,49.89913387526727],[-127.02327044564028,49.89497376784234],[-127.02495404723273,49.891971468229556],[-127.02333462972477,49.89000896035659],[-127.02360644856334,49.88605677385051],[-127.02014033051941,49.88094245847083],[-127.00806894427855,49.87020107466425],[-127.00572742571394,49.868920661195595],[-127.00650263421198,49.871371771237705],[-127.00371255628743,49.871206561639276],[-126.99196234349635,49.86491297926833],[-126.9923319550525,49.86040386774677],[-126.9946926679218,49.85983276802909],[-127.00321996345652,49.86597117087364],[-127.0023203627503,49.863131273667776],[-126.99564454038789,49.85564847458358],[-126.9964218497175,49.85370156488774],[-126.99858134370533,49.85357767835829],[-126.9980621544364,49.85201245149147],[-127.00274285797818,49.8522360734346],[-127.01635285539307,49.84973516842908],[-127.02425754602322,49.85476407140913],[-127.02534324441613,49.852704653283475],[-127.02775764886488,49.854229974991696],[-127.03183674146484,49.85213206422998],[-127.0361008651536,49.85368876198486],[-127.04345974824264,49.85232867180161],[-127.0516360238531,49.85588486236337],[-127.06570053529593,49.858026877727504],[-127.07733162636451,49.863266566018986],[-127.08238504098924,49.861862959068596],[-127.0823352497135,49.85994106056068],[-127.08741743805696,49.86087957831561],[-127.09263825490035,49.85939986587094],[-127.08909085399429,49.86253455915289],[-127.09461965919327,49.86635856915377],[-127.10523396470339,49.86609216399657],[-127.11423722776671,49.86358556373622],[-127.12108625422178,49.85852397398723],[-127.12161844195326,49.85659848017144],[-127.11751625464753,49.85549745523323],[-127.12045605406841,49.854322572259996],[-127.1270342276569,49.85649726061781],[-127.12240604006874,49.85710687004185],[-127.12794872993939,49.86128835949621],[-127.13259276501559,49.861049073595986],[-127.13679616051186,49.857716457903955],[-127.15157913503825,49.85937417000161],[-127.15817514034687,49.86631577380685],[-127.16978276148943,49.87145575733607],[-127.16786964149362,49.87162385559611],[-127.1696430597222,49.87292837652701],[-127.16834854531704,49.87477985600813],[-127.16956244165236,49.87689488439467],[-127.17780795478909,49.88154917760354],[-127.17368663698088,49.88304887625572],[-127.1767319485761,49.88279105253669],[-127.17498216122591,49.88673896609892],[-127.18222714675456,49.89584817476957],[-127.18242293253572,49.899494172132435],[-127.19339463360798,49.902913669075474],[-127.19386385624777,49.904144270352425],[-127.19164956403563,49.90528787114234],[-127.19322026969824,49.90907196661929],[-127.19768134856533,49.9104449759438],[-127.19735623273097,49.91205996479033],[-127.20148485184622,49.91382315293686],[-127.19958954751297,49.92096277050582],[-127.20460224600883,49.92516127989949],[-127.2075283438672,49.92402756160317],[-127.21190993383286,49.92573236612455],[-127.21309233694696,49.92423986665249],[-127.21901483948923,49.927253470665406],[-127.21623683223206,49.93041376796708],[-127.22403823617131,49.93652365776679],[-127.22153213594142,49.93909437000481],[-127.22468142892855,49.94180456593431],[-127.22562176505085,49.945749673881664],[-127.22469623989542,49.947452957037385],[-127.22088183994049,49.94822636785807],[-127.22478313269018,49.95341906669668],[-127.22853446784309,49.95223407396152],[-127.2289773544059,49.953851969933936],[-127.2312506578493,49.95423656442037],[-127.23084362288222,49.95772016337926],[-127.23257193808932,49.959996073500044],[-127.24051113725761,49.96370606493566],[-127.24432243570759,49.962387266740265],[-127.24542673665705,49.9642657616316],[-127.24914434103434,49.96398948025265],[-127.25094884936273,49.96306235681739],[-127.25153516440268,49.959958969088085],[-127.25183453116462,49.96324746939434],[-127.25523184472293,49.96570857495154],[-127.25151695519234,49.97089695859539],[-127.25186986532061,49.968464371452896],[-127.25028544635157,49.96755856269868],[-127.24850245711299,49.96979026101191],[-127.24861606536979,49.96701166214185],[-127.24192294854602,49.96817096913965],[-127.24097104786945,49.96982027915109],[-127.24226234002202,49.97036148055386],[-127.23898946544504,49.97135546093733],[-127.23009823367892,49.96889016691028],[-127.22918215493993,49.970666166513105],[-127.23516973657232,49.97243936467684],[-127.23434365697392,49.97633886755834],[-127.23163514592153,49.97417547335184],[-127.2323418369525,49.97579617678597],[-127.23074735235534,49.97823586894791],[-127.22322392930505,49.978374070040616],[-127.21907594434059,49.98451665921721],[-127.2139059328641,49.9840323741783],[-127.21623935670637,49.98655036779203],[-127.21275814166235,49.989411675907135],[-127.21068014858834,49.988974353512866],[-127.21029753689504,49.992178872060116],[-127.20372894957403,49.99172737666879],[-127.20266376428853,49.99407596488673],[-127.1891073524045,49.997993955620885],[-127.18625144423635,50.00125107513573],[-127.17342805019238,50.002641173877365],[-127.16495352774525,49.9979739702217],[-127.1573094409691,49.999005161461874],[-127.15458325679339,49.996937173333585],[-127.14980293514598,49.99826457027907],[-127.14586675145726,49.996824675177194],[-127.12300643065144,49.99622366353726],[-127.12286695168254,49.99802955166739],[-127.12841525012131,49.9992614762739],[-127.14668454302307,49.99915898022701],[-127.15316855108462,50.000728363118874],[-127.15426065154057,50.002500176991425],[-127.15117182889148,50.0040339678812],[-127.15111514977546,50.00549945175691],[-127.15498483644659,50.00836786878312],[-127.15119885206533,50.010978473856504],[-127.15694283425648,50.01408326532884],[-127.15508565087798,50.01519557103602],[-127.15871936452872,50.01654856267189],[-127.15285964060901,50.01827328347747],[-127.15133496058864,50.02055055567844],[-127.15226684787082,50.02136666689558],[-127.14897535624756,50.02271677104286],[-127.14198336416925,50.023720864115944],[-127.13905283611088,50.01975157781841],[-127.13769594874351,50.02194347082524],[-127.1128016512982,50.01775335367343],[-127.11137143212355,50.01968177547245],[-127.1012054357932,50.020784167153714],[-127.09896274859379,50.02348297208339],[-127.09375275093862,50.02533017216604],[-127.07724004899875,50.02279227601107],[-127.08132916869428,50.025639265631376],[-127.0775881248708,50.02455116679506],[-127.07537596130274,50.02576456139318],[-127.08014834524367,50.02650086000818],[-127.08049126200534,50.02875546238104],[-127.0862481329169,50.03216927211773],[-127.09797653670178,50.02866567671705],[-127.1093153238676,50.0283025613979],[-127.11649835249108,50.02634996030294],[-127.14531833300894,50.02778555810548],[-127.16209873933708,50.02382477013889],[-127.1717580472246,50.02425635870606],[-127.1765598403381,50.02279365872813],[-127.18192243174528,50.02495566770351],[-127.1829714530836,50.02383047655695],[-127.17406343229558,50.02011906888662],[-127.17693897177944,50.01869906854982],[-127.17556993570464,50.01758817445604],[-127.18024066862907,50.018139369865615],[-127.18443805877575,50.01604575924045],[-127.19057835809483,50.021259776006445],[-127.19664703900507,50.02284776926433],[-127.19016725060618,50.025912678303946],[-127.18633355121499,50.02537577495384],[-127.18727483418243,50.0285659603723],[-127.1827504352879,50.03227326921777],[-127.18328602490197,50.033243061855096],[-127.17868525249634,50.03564576816517],[-127.1746009534652,50.03361057575851],[-127.17440936102774,50.03681077292744],[-127.1718169548684,50.03886587568254],[-127.17120314489291,50.04621336930692],[-127.17600363864884,50.04928398025702],[-127.17536463580176,50.052133864802215],[-127.17310285077907,50.05317776778448],[-127.17518776020512,50.057537262608186],[-127.17724303632086,50.05820806182971],[-127.17676634144485,50.06008947365106],[-127.18176263219551,50.061374058868935],[-127.18502446194549,50.0649146763576],[-127.18015037252016,50.06887687138532],[-127.17762694951145,50.06910756931116],[-127.17751264293062,50.071390580592286],[-127.17441553963396,50.07346415626229],[-127.16857064425385,50.073506965371436],[-127.16963926450588,50.074063769922645],[-127.16860074626972,50.07529716999476],[-127.16367074099084,50.07554358132158],[-127.15970924788488,50.072781961335075],[-127.15435726161603,50.07240885752582],[-127.15070794818187,50.068815578355405],[-127.16235256556001,50.06435926301883],[-127.17514896152481,50.06188107343957],[-127.17568514916292,50.05953255803799],[-127.1496103559097,50.063248378344944],[-127.13311523584913,50.06375827515075],[-127.11803775217271,50.060221866280784],[-127.11183414993583,50.06233396167471],[-127.10635683514224,50.060914060718716],[-127.10537614336283,50.059233474160074],[-127.09629194255636,50.0599755695456],[-127.09805414262185,50.06344915723866],[-127.10320784964001,50.06351605881273],[-127.1091302255254,50.066086761265495],[-127.13466995729614,50.06944076321916],[-127.1441330403902,50.068630457642314],[-127.14824536751331,50.0710971712253],[-127.1456404316022,50.074105063922936],[-127.150701056119,50.07590385750494],[-127.1513287677806,50.077056067952135],[-127.14916922655068,50.07760576225027],[-127.15609364983119,50.07888615299875],[-127.15401143208432,50.080354559626976],[-127.14696174963562,50.08048555480568],[-127.14871993361994,50.08128736834092],[-127.14694964633192,50.082967959811796],[-127.14077975916665,50.08382246348521],[-127.14155043707154,50.08482516257979],[-127.13743683899014,50.087798873506465],[-127.13794276662875,50.0888413639826],[-127.13343854369357,50.08928145358184],[-127.133531054751,50.09081245937076],[-127.13094117044884,50.09164286656212],[-127.13299684969263,50.09305278129748],[-127.13203723302773,50.094368761604315],[-127.12254224517866,50.09259558218364],[-127.12299783308197,50.094582363254794],[-127.12047153796293,50.09837216552705],[-127.10299106024881,50.10302655769522],[-127.09166156755931,50.103066363761634],[-127.090679255235,50.10668386430455],[-127.08508325542307,50.1109351601461],[-127.08372775985694,50.11613066011118],[-127.0862427395311,50.11410256070225],[-127.09167995560766,50.11806046246705],[-127.09052213221177,50.120443160909645],[-127.0860180539215,50.122526773067534],[-127.08588286847902,50.13047676493797],[-127.08975464503509,50.13411136264995],[-127.09004814545798,50.14187896068736],[-127.09397926576442,50.14680107032333],[-127.1004516524253,50.14633958045029],[-127.10461675071875,50.14222506327885],[-127.10527904220125,50.13753226226771],[-127.10256723666963,50.13602975640764],[-127.1042473395431,50.13460127037976],[-127.0989241475397,50.12733636083853],[-127.10101913837086,50.12388975895892],[-127.1145182410888,50.11359417404433],[-127.12856313401694,50.106410469276824],[-127.1371064400988,50.10429838106044],[-127.1503348667591,50.106480268552474],[-127.157677946719,50.10535507669242],[-127.14855766414188,50.102871266746526],[-127.15340355219992,50.101222073232506],[-127.1628299249894,50.10304506474498],[-127.17573434629432,50.101287569978666],[-127.17636605148901,50.09973235855531],[-127.17381706235193,50.09915267029061],[-127.17412712754378,50.096863970982255],[-127.16937285773628,50.09759887632192],[-127.1694993381433,50.096080675713054],[-127.18470823661573,50.095824278817645],[-127.19983203083166,50.09188636343868],[-127.21288522721169,50.0931766623588],[-127.22852413203006,50.10018096965193],[-127.22779122817573,50.10104116303665],[-127.22967684970581,50.10264485709897],[-127.226353437801,50.10404197136187],[-127.23483095705434,50.10548466683678],[-127.22292133681381,50.10683197242033],[-127.21824042968656,50.104852359242244],[-127.22708353047776,50.1115461616569],[-127.2294840252321,50.11168146824798],[-127.23002895595103,50.1086407764361],[-127.23212084377874,50.10995817550914],[-127.2324585567091,50.11219415514653],[-127.22602883127058,50.11281506837516],[-127.229906536174,50.115734761849424],[-127.22897776576073,50.117025066841705],[-127.23027915933865,50.11857456920048],[-127.23950375554195,50.12294125479524],[-127.250020431152,50.125368063391505],[-127.25191525055642,50.127122775428845],[-127.24993154840193,50.13051096617587],[-127.25072144492795,50.13146795361353],[-127.26578663226535,50.13588446105817],[-127.26350643505702,50.14201136665163],[-127.27034484325868,50.1429955629411],[-127.27038544257601,50.14647777892257],[-127.27360936665377,50.14401526993524],[-127.28115393005444,50.14555766041422],[-127.28954025409776,50.150996761494355],[-127.29050163887644,50.15347626687723],[-127.30700624714098,50.15986957261789],[-127.30232025754331,50.16330906973555],[-127.30284804364547,50.16618597678754],[-127.30000574467496,50.168528774802674],[-127.30372994765655,50.17606566491262],[-127.2994257314524,50.186428264394145],[-127.30557545037267,50.19042165421952],[-127.30509904399021,50.194372473802424],[-127.30690605209718,50.19395798070453],[-127.30844145064135,50.19611997756884],[-127.31080854379896,50.1909927700539],[-127.31072134912536,50.18271675851771],[-127.3093807416606,50.18105036380408],[-127.31267965104176,50.175665464124535],[-127.30864205074263,50.16945446662982],[-127.31092935330472,50.165755875279835],[-127.30971524741088,50.15532206566437],[-127.31122863301951,50.15323985948608],[-127.30943945699819,50.15162196489793],[-127.30886572962424,50.153951970257374],[-127.30452053515047,50.1529535731197],[-127.30735753427693,50.14951416999275],[-127.30645753693089,50.14723397863467],[-127.30172065301505,50.144250270091895],[-127.2972782479535,50.14359227911675],[-127.29807243675795,50.14216375940886],[-127.30651454734466,50.14168527264876],[-127.3091103537871,50.13910607384731],[-127.30647214116453,50.13061205569824],[-127.31122376042715,50.127964466044695],[-127.30217682581792,50.12461326086856],[-127.29633475586654,50.119365072810304],[-127.280214545532,50.11633857445242],[-127.27740185170063,50.11246475149601],[-127.27427427093825,50.111950572058674],[-127.27485134035756,50.11571058056345],[-127.28347036094932,50.119976063044604],[-127.29004093862198,50.120477378621274],[-127.29685355286215,50.12796155587283],[-127.29631363649801,50.12979736927031],[-127.301864354674,50.133854954540624],[-127.2993781607237,50.136102367010665],[-127.2908967431151,50.13534896047816],[-127.28610143293939,50.13287656696289],[-127.28675824842975,50.13169017744512],[-127.29113904015422,50.13208755985457],[-127.28951735833462,50.13049805920423],[-127.29089444862304,50.13032008161773],[-127.29016193157513,50.128502763765766],[-127.28433647032182,50.12741756663064],[-127.28235336740904,50.128917262796946],[-127.27154853333948,50.12546496320483],[-127.27042603866354,50.12440536846354],[-127.27520524957835,50.12380996232262],[-127.26507503209817,50.11839806555298],[-127.26723783971293,50.11663055720433],[-127.26571055828987,50.113964477017035],[-127.26923414791545,50.11248756664444],[-127.27109504881983,50.10972747813078],[-127.26513815815439,50.106984372785],[-127.26310275438398,50.10374287174829],[-127.2754053620517,50.10186716242267],[-127.27199982745391,50.1036232612035],[-127.27281477252704,50.10544337016575],[-127.27579944994524,50.105308077595424],[-127.27560536631117,50.10293106474367],[-127.28411466168502,50.096895264994544],[-127.28374987010028,50.09494697369955],[-127.27891015613932,50.09303136370364],[-127.27945206981943,50.08924446845272],[-127.26994685511723,50.08531647687407],[-127.26996593801861,50.082429570344615],[-127.27417525395,50.07811137831287],[-127.28170926703473,50.07576716558156],[-127.28912566015288,50.0790798694872],[-127.28687962920132,50.07576286140409],[-127.28651334251546,50.07274495515729],[-127.28840663350631,50.07095617426992],[-127.286193636879,50.06991507777751],[-127.28745633924429,50.06901635712619],[-127.28597654724699,50.06664797519839],[-127.2746593363993,50.06422245674944],[-127.26724825052433,50.05780646492152],[-127.27122544536432,50.05405225454271],[-127.28709075667717,50.05381016436138],[-127.2864437647644,50.050383469504695],[-127.29960564249343,50.04751798022058],[-127.29998095977872,50.04440315655263],[-127.31250533759761,50.042121658777766],[-127.3118476586228,50.04056495357799],[-127.31493352598396,50.04060056208626],[-127.31381086823922,50.04153767142997],[-127.31526133245995,50.04279956224333],[-127.31279964764802,50.04330377778049],[-127.31630714643174,50.04444305753094],[-127.32182545760888,50.040025166714955],[-127.3210889446744,50.036282364658504],[-127.32670177025658,50.03637206519446],[-127.32835334051468,50.030585564656086],[-127.33588605943527,50.02839936458417],[-127.33907884122499,50.02570195998946],[-127.34372763467864,50.02611915805674],[-127.34586474396725,50.02490007835335],[-127.34456625468793,50.024467155888004],[-127.34836133055657,50.024116769482475],[-127.34777254951956,50.02215707021111],[-127.34453594160007,50.02169707558311],[-127.34414844578261,50.01959485562194],[-127.34916865227984,50.020512076265526],[-127.35029524623324,50.022300853182784],[-127.35104945195167,50.02105187369876],[-127.35890553858326,50.02281786239196],[-127.35686532674289,50.024058364891026],[-127.35916602711357,50.02865996717791],[-127.35216194006233,50.029333676945],[-127.35444433140592,50.034466470252745],[-127.34806876881053,50.04081567171458],[-127.34929184612422,50.04587015370843],[-127.35700264213729,50.04705937175492],[-127.35953744807222,50.045655082478774],[-127.35773103312454,50.04211307410259],[-127.36096095793694,50.03667255757976],[-127.35998695316823,50.034905166989184],[-127.36136486805725,50.03138027431828],[-127.35848497192316,50.03144716897332],[-127.36210202723906,50.02855746288632],[-127.37429374592134,50.030941097462204],[-127.37454104893168,50.03283237566267],[-127.39025226292868,50.02979655768934],[-127.38690663572639,50.0312876723334],[-127.39196623724152,50.03278877104849],[-127.39449924072669,50.03224755790958],[-127.39120942635158,50.02910006256569],[-127.39281804458503,50.028231364455834],[-127.40324414312684,50.0363350791712],[-127.40251824372137,50.03799855869011],[-127.39942166478637,50.03704715964242],[-127.39946005625731,50.03883737404664],[-127.4048040312254,50.03853405873891],[-127.41067235439908,50.041437977091455],[-127.4137066671522,50.03879036963943],[-127.41924535126154,50.041896562104526],[-127.4205309315305,50.03725506527478],[-127.41942666570783,50.03596336197681],[-127.42298303597946,50.03486957280877],[-127.42360825492992,50.036209775938126],[-127.42870196781537,50.03589066823252],[-127.42751013347271,50.03777357080718],[-127.43028105940208,50.03755846745925],[-127.42727804938555,50.04013486764647],[-127.43201225419688,50.042745471252886],[-127.43135835975225,50.043931754926305],[-127.43596623168602,50.04398595894892],[-127.43568414124896,50.04536735883204],[-127.43659605684441,50.04653955614532],[-127.44019426510678,50.0471362723593],[-127.43845236044753,50.048741374210564],[-127.44277573226405,50.05325186284201],[-127.44032814486611,50.05508047060485],[-127.44500806039183,50.06023475616997],[-127.44254704318189,50.06417698056283],[-127.4659827443046,50.07988737447573],[-127.47174474682527,50.082374057825184],[-127.47633935934213,50.086041362842025],[-127.47521313249246,50.08715936005866],[-127.47755064136052,50.091085966938024],[-127.48474013280294,50.09274376862115],[-127.4838638352143,50.095224677010506],[-127.48045664789065,50.095116474638964],[-127.48210983809778,50.09678417322841],[-127.48109464238341,50.09834517801723],[-127.48397295450974,50.10062246149581],[-127.48327866087284,50.10225885915334],[-127.47942704196058,50.10288405861247],[-127.48179595835724,50.10447926374619],[-127.48117373224612,50.106035867075626],[-127.48284683080678,50.10666106863013],[-127.47797916837837,50.10796427243018],[-127.47945743331572,50.11209446335148],[-127.47763384171226,50.114877381269075],[-127.47001394818022,50.120047271674956],[-127.45923805366299,50.1223686750721],[-127.4587578344443,50.123838463728646],[-127.44568354065132,50.124886666716385],[-127.44318673420595,50.1233599729528],[-127.43906863365328,50.125697071928776],[-127.43486895499454,50.12448937252246],[-127.42877265602634,50.12905827669208],[-127.42223593828021,50.12916647972474],[-127.419198542998,50.13301035569897],[-127.41944675476253,50.13564096125187],[-127.42142604449435,50.136774572824805],[-127.4196863436754,50.138611865294536],[-127.42639835465106,50.137471061413464],[-127.4357983590214,50.133335159161796],[-127.44388174775345,50.134720881941995],[-127.4477813475171,50.132316760064526],[-127.45360395041565,50.13309727077392],[-127.46827546298864,50.13112336312518],[-127.47505164989794,50.12617565705501],[-127.48468095016085,50.122992467354635],[-127.486713837176,50.11974387573171],[-127.49247033916757,50.11817296253559],[-127.49513162610671,50.11675016308134],[-127.4940319567742,50.1156307650312],[-127.49860773641367,50.11470927720091],[-127.50210233899438,50.115257680605446],[-127.50734854314425,50.11971538229927],[-127.51469533825426,50.12187736497442],[-127.51313654756139,50.125221367505645],[-127.50999715086662,50.125397967637994],[-127.50790363345024,50.127915966527],[-127.50948906932868,50.130049469938264],[-127.5151108314483,50.131974966246624],[-127.51519015749724,50.1339090742508],[-127.51045993973794,50.1352606612519],[-127.50156582819233,50.142702165324934],[-127.4961372649421,50.14445815955186],[-127.48915614630845,50.14436705338549],[-127.48604906298634,50.14653896805871],[-127.48722036431835,50.150277462514396],[-127.48356734927604,50.152452280938256],[-127.4785233485318,50.151711660246065],[-127.46998116588767,50.155772061239645],[-127.46515154735445,50.16141196463663],[-127.45793493217751,50.16425756154919],[-127.45408604060204,50.1693690820405],[-127.4520270492577,50.17499895782303],[-127.45302027041305,50.178996671440494],[-127.44341814701843,50.18051347648091],[-127.44127213710104,50.18316537307428],[-127.43334603621885,50.182699664290816],[-127.43288504269006,50.18561646909111],[-127.43517042826362,50.18812016833809],[-127.43347634254818,50.18938345437049],[-127.4396693461426,50.188909161637646],[-127.44867195020804,50.185657756019275],[-127.4558311511039,50.18563497601008],[-127.45939315093032,50.18289478089584],[-127.46073973197724,50.178874267882456],[-127.47629445198034,50.1817596668562],[-127.47541744525789,50.1802642561449],[-127.4788575436191,50.18308847257341],[-127.47957933699519,50.18066877035635],[-127.48508103594813,50.1855893746886],[-127.47716726603122,50.177237768375676],[-127.47984696905829,50.175320770326984],[-127.4768588512109,50.1736715582782],[-127.47691306172545,50.171117961732854],[-127.48103525156885,50.169202363251166],[-127.48545895783052,50.17185997086859],[-127.48715084802828,50.168877654497855],[-127.49029953667282,50.168045975684066],[-127.49616164247199,50.17045997478145],[-127.49315783513157,50.16842477055162],[-127.49538767120546,50.16698777090327],[-127.4935911487605,50.16311537743782],[-127.50374223597115,50.16177086139777],[-127.51055905299006,50.15330537229047],[-127.50517682694459,50.15257906785619],[-127.5099949600753,50.14571575571272],[-127.52128695650589,50.142676466380756],[-127.52341024713847,50.14009448111462],[-127.53012415714343,50.139721255941524],[-127.53116292755156,50.13641566263627],[-127.52946555643624,50.135179456297415],[-127.53014245180562,50.13276825296456],[-127.53449133370886,50.13195075813221],[-127.53659116799898,50.12866796594613],[-127.53889874077596,50.129192079936885],[-127.53740985028381,50.127068569527204],[-127.54499755286177,50.12784767642212],[-127.54622706337285,50.12562305958444],[-127.55158913983102,50.12497926729607],[-127.55161963746704,50.123505268510634],[-127.55449634916971,50.12467306782848],[-127.55409225039598,50.12598197040755],[-127.55590274777266,50.12344118317037],[-127.56125826952986,50.12308506867104],[-127.56127285215858,50.124973575461844],[-127.56399074795655,50.12666265525063],[-127.56972355101337,50.12729078005806],[-127.57099695694122,50.125876556792434],[-127.57322816038626,50.12797296745668],[-127.57764912452426,50.12797296559641],[-127.5856828503056,50.12318617191849],[-127.58646983923012,50.120146961136],[-127.59237625163117,50.121497068676966],[-127.59341666035957,50.120824868208125],[-127.5924378567137,50.119869272888984],[-127.59651385503196,50.11826416044404],[-127.59596974932317,50.11633146589288],[-127.59740976462216,50.11534166654097],[-127.59334416060297,50.11281086596362],[-127.59300665770988,50.111016353166555],[-127.59686675309317,50.11149487842617],[-127.59980765607945,50.10893126747995],[-127.60455613411345,50.107756359296154],[-127.60841555023816,50.10776627161071],[-127.61062484091568,50.110203080532024],[-127.61012292542274,50.11202326311066],[-127.6074309386246,50.11273817214973],[-127.6081084351811,50.11494007246824],[-127.59996295937412,50.11609227588982],[-127.6010387642404,50.11755346486077],[-127.59914214276749,50.11928527266803],[-127.59915504231246,50.1207593738333],[-127.60498776272622,50.11985925884055],[-127.60485815448914,50.12136887906263],[-127.60851663908059,50.119189875685144],[-127.61262644787517,50.11932087833593],[-127.61447117174971,50.117472268700965],[-127.6158316445491,50.11923256293362],[-127.62545216225804,50.11741386723605],[-127.62594373619433,50.124650276847305],[-127.63191773804326,50.12465886419058],[-127.63029126188106,50.126312364747456],[-127.631866458567,50.12891157186618],[-127.63106126259193,50.13217577585081],[-127.63869016083508,50.13644847184019],[-127.63734905680417,50.13939226119121],[-127.63968756291557,50.14080506293612],[-127.63865606353599,50.144057975269234],[-127.64270173095163,50.14405086402805],[-127.6443596546544,50.14580545425618],[-127.64254295763682,50.148176772619],[-127.63657406276553,50.148386165725164],[-127.63514504377936,50.15188545624108],[-127.63088534744111,50.154507475465735],[-127.63171083614257,50.1623690656599],[-127.62796634712683,50.163044178893564],[-127.6214260492622,50.16750907760434],[-127.62354316984747,50.17131166853619],[-127.61812163597583,50.17426976963773],[-127.61855305346788,50.176774978775725],[-127.61397775083003,50.18635276819896],[-127.60678077146099,50.19009837122716],[-127.60705334331554,50.191297559492995],[-127.61037164462762,50.19138305656328],[-127.61011784494384,50.194285562670366],[-127.61198714231817,50.195053263015154],[-127.61404204223065,50.18992468120343],[-127.61955385360858,50.19070935548802],[-127.62399615557204,50.18328785088846],[-127.62881866010844,50.18076416183742],[-127.6256031335367,50.18049216273924],[-127.6295362722406,50.179647570456005],[-127.62537065039393,50.17743147445885],[-127.62910033398842,50.17477675921884],[-127.63384015587523,50.17559706217783],[-127.63655964382916,50.16808296505303],[-127.6409667573191,50.16925935916762],[-127.64088945321487,50.16800745346372],[-127.6448111575642,50.16745206822889],[-127.64692986228681,50.17082177351585],[-127.65267214713796,50.17279566362447],[-127.65673585938306,50.18070287589206],[-127.66118113508186,50.18249027568991],[-127.65866543996779,50.18925245937406],[-127.65040705000781,50.194966381084896],[-127.64817593208583,50.19857526157567],[-127.6403796678051,50.19931166902784],[-127.62978272792623,50.20379216386418],[-127.62809715034096,50.206919758835625],[-127.63074215978321,50.20895635397038],[-127.63803925569212,50.204697965663975],[-127.64256886591194,50.20506547033116],[-127.64494856941282,50.204193768576694],[-127.64495205189293,50.202620072175215],[-127.6504298457936,50.20166725650804],[-127.6535471415699,50.19494925646467],[-127.65858716255228,50.19508026292578],[-127.66094214685882,50.18855885912135],[-127.66566234993321,50.187047780827406],[-127.66713685327649,50.18239766080211],[-127.66553907397056,50.18039097006472],[-127.65076235460081,50.1709470542448],[-127.65466164114113,50.16878087997969],[-127.65461904825447,50.16276216329198],[-127.66166885431804,50.16298855947003],[-127.65948125534499,50.161614276892884],[-127.66100094777576,50.160912075326095],[-127.66019104403227,50.15881566521066],[-127.65560415800466,50.15714365638104],[-127.65713153783925,50.156522672910384],[-127.6568548579888,50.15447745657416],[-127.66098673393572,50.155388975120744],[-127.65897383964865,50.15028316830686],[-127.6626123455976,50.150263270163904],[-127.66199953772919,50.148682365619806],[-127.66522423192986,50.14800875998623],[-127.66391996117439,50.14757007246478],[-127.66527606272908,50.14609316878097],[-127.66982845981674,50.14698187205404],[-127.67074654952853,50.149186570529814],[-127.67276564736487,50.14957827796731],[-127.67156233026694,50.15163336261349],[-127.67274493742622,50.15340076132667],[-127.67592363682377,50.15284396707647],[-127.67494262857724,50.1503686661297],[-127.67769224568862,50.15015645549708],[-127.67630904566558,50.14803576908577],[-127.67844214202802,50.14675687990814],[-127.68564843569659,50.14839466563419],[-127.6839954569056,50.149949965530894],[-127.68649466568941,50.14921366740991],[-127.68867066017316,50.14691776040756],[-127.68569276454971,50.1411910732445],[-127.69272895204566,50.14029807955725],[-127.6965429362244,50.142049859473644],[-127.69946924385125,50.14045477822215],[-127.7013077315665,50.13563666380385],[-127.69649642811623,50.136509668247044],[-127.69889224810035,50.137453979076525],[-127.69551766425681,50.138540558142026],[-127.68989963155715,50.13518516771628],[-127.69003735701595,50.13327107193831],[-127.68401105222031,50.13307587672233],[-127.68513205861134,50.130958063846876],[-127.68852845397171,50.13059067695998],[-127.69051075566534,50.132331065114684],[-127.6944168640699,50.130711771137456],[-127.69955354946559,50.13169587550439],[-127.70835946237862,50.13150645844152],[-127.70967395886792,50.13252757146159],[-127.7153141526588,50.133544465011376],[-127.71068955721358,50.13225125940598],[-127.7119094758431,50.13007937212742],[-127.7108982613373,50.129159359738956],[-127.71210045282183,50.12921776965082],[-127.71314845543787,50.12721525871023],[-127.7186203618438,50.12713126466993],[-127.71689396660537,50.12420736878211],[-127.73343915698915,50.12283295893289],[-127.74299025754705,50.114922956986916],[-127.74494112823021,50.11197626355972],[-127.75018274806249,50.111034871745225],[-127.7523527420775,50.108251963841155],[-127.75578656204698,50.10748717646896],[-127.75674414899422,50.10664396235793],[-127.75785775415424,50.103579050118476],[-127.764109544634,50.104113164752405],[-127.78337274230263,50.087803167390284],[-127.78635767561661,50.08701697174047],[-127.78689574815124,50.08449466242357],[-127.79137033481658,50.08446056412969],[-127.79564685372401,50.080538256289174],[-127.81306105645236,50.080034053654934],[-127.81704163671607,50.0813073725913],[-127.82011854317207,50.0846570735325],[-127.817164733557,50.08709107511503],[-127.82079706870279,50.084924868324165],[-127.83386454430553,50.08852946257673],[-127.8505222499712,50.091041768340396],[-127.85187684936939,50.09000356156672],[-127.85342325532181,50.09256426325738],[-127.8584623589651,50.094655072136106],[-127.86213515243941,50.09427757814165],[-127.86365345565368,50.09214266219623],[-127.86685474449608,50.094485554574035],[-127.88224272839389,50.09831376998542],[-127.88536394752502,50.10426127130665],[-127.90593864338199,50.11201326486764],[-127.91501013500238,50.11285357351729],[-127.91701544334353,50.11452697638724],[-127.91644566235978,50.12059275887933],[-127.91911348592765,50.128436733795084],[-127.90954946030064,50.12443508973094],[-127.90758662198488,50.11910084713558],[-127.90231974159117,50.115753184020434],[-127.89541128856234,50.11540504962539],[-127.89212284195494,50.11971420247056],[-127.88045387821974,50.126179808398575],[-127.8608540663939,50.14223213392942],[-127.85064198501595,50.14386296329055],[-127.84349612684284,50.13723422557372],[-127.82790885908841,50.14531256725991],[-127.80337943408051,50.14159591059711],[-127.78251079802249,50.14881392735332],[-127.77138411478248,50.14681417914357],[-127.7653762362511,50.151559609734875],[-127.76985657554827,50.15661698603561],[-127.76332423573785,50.15928313110501],[-127.75777390491568,50.164495418936525],[-127.74805885605417,50.16289651795764],[-127.73622438918221,50.16379543532308],[-127.73219433943522,50.16642032123493],[-127.7270895573675,50.17570540751516],[-127.73946541934582,50.18050714045233],[-127.74127511111823,50.18337521823333],[-127.73472597131227,50.189646141273165],[-127.7013392973847,50.18933738521006],[-127.70063789043706,50.2020685443767],[-127.69248491638793,50.20309494557467],[-127.69552943221323,50.21135726713833],[-127.68461958046684,50.21579354995691],[-127.66413763161846,50.2332788611422],[-127.6618631410849,50.23976784716274],[-127.63977654066751,50.23957567367819],[-127.63705526883732,50.241988290710566],[-127.63853714500749,50.25022775604502],[-127.63244379722174,50.25024647528439],[-127.62381569361551,50.2570158669482],[-127.60485292667246,50.26208252129762],[-127.5980794316062,50.26711466911862],[-127.59661766708886,50.273923804776345],[-127.59909156726212,50.28110664907834],[-127.59252817447157,50.283762657112185],[-127.58576283618893,50.282579198075645],[-127.57973849286739,50.28370837534149]],[[-126.07326148661437,49.80481538442974],[-126.06876328403622,49.80151068290463],[-126.06989496588653,49.805086872650655],[-126.06667553935532,49.81104101096607],[-126.07427073038707,49.820306713761035],[-126.07591735718131,49.82452662628546],[-126.0797079578711,49.82455031681155],[-126.0806777943013,49.82629951438889],[-126.0882134886942,49.820588046039],[-126.08106583944887,49.81529075295057],[-126.08088155295376,49.81003485555018],[-126.07903781688458,49.806516418685355],[-126.07326148661437,49.80481538442974]]]]},"bbox":[-127.9449613656894,49.51322353202101,-125.31337746544388,50.453830665666544]},{"id":"5924052","type":"Feature","properties":{},"geometry":{"type":"MultiPolygon","coordinates":[[[[-125.02994765545296,50.086448767870756],[-125.03009863050102,50.086383154958156],[-125.03024083558944,50.086461560024155],[-125.0300915295289,50.08654556235697],[-125.02994765545296,50.086448767870756]]],[[[-125.01002932979176,50.144631970098295],[-125.01023086041546,50.144458168692964],[-125.01028893909707,50.1444838603921],[-125.01010185675787,50.14473876872802],[-125.01002932979176,50.144631970098295]]],[[[-125.02994102207404,50.08598156854254],[-125.03007864684501,50.08591607128441],[-125.03016655145755,50.08603146816292],[-125.0299903233901,50.08615956622935],[-125.02994102207404,50.08598156854254]]],[[[-124.92504502634706,50.062789766525654],[-124.92521235452182,50.0628139722615],[-124.92528923818007,50.06299346595157],[-124.92515205837303,50.06304046031065],[-124.92504502634706,50.062789766525654]]],[[[-125.01062284273313,50.144469558743104],[-125.01083183261053,50.144421172806666],[-125.0104531670615,50.144751570711776],[-125.01051602756473,50.144579274990946],[-125.01062284273313,50.144469558743104]]],[[[-125.01297894018428,50.089191780045105],[-125.01323863941356,50.08905217773904],[-125.01336742348299,50.08912196534008],[-125.01331642710068,50.08926576477298],[-125.01297894018428,50.089191780045105]]],[[[-124.91744656288235,50.14655886997675],[-124.91772663780954,50.14656317162338],[-124.91784013008517,50.14664146004149],[-124.917607365207,50.1467625694547],[-124.91744656288235,50.14655886997675]]],[[[-124.98880303996663,50.092819265492565],[-124.98892214688287,50.0926725598515],[-124.98914753671028,50.09271385924015],[-124.98897556377185,50.092968766479984],[-124.98880303996663,50.092819265492565]]],[[[-124.95449285403843,50.16771696140236],[-124.95443021665247,50.167564561309504],[-124.95495664084794,50.167762556161335],[-124.95461972872226,50.16778676877932],[-124.95449285403843,50.16771696140236]]],[[[-124.92664193863135,50.13786126679231],[-124.9268765177197,50.137775763138265],[-124.92702043533426,50.137864066832414],[-124.92685921637481,50.13802786206178],[-124.92664193863135,50.13786126679231]]],[[[-124.89589004489228,50.06188535371008],[-124.89613741644308,50.061835559815016],[-124.89631145271716,50.06197657557167],[-124.89610764145169,50.06211466484838],[-124.89589004489228,50.06188535371008]]],[[[-124.98620333423511,50.17191837082385],[-124.98635763208429,50.17192548040858],[-124.98644072978402,50.172265858336786],[-124.98625746324221,50.17225026530492],[-124.98620333423511,50.17191837082385]]],[[[-125.01060784511365,50.152133259086284],[-125.01109394588214,50.15202507093072],[-125.01113996109942,50.152087667783434],[-125.01095134593095,50.15227996070843],[-125.01060784511365,50.152133259086284]]],[[[-125.03579935028834,50.08894535842167],[-125.03592002206156,50.08881716867952],[-125.03620782683537,50.08901085732056],[-125.03594825531742,50.08915047160253],[-125.03579935028834,50.08894535842167]]],[[[-125.01014595873518,50.14511616678782],[-125.01041121818913,50.14506636099303],[-125.01046204402911,50.1452728680814],[-125.01021384646523,50.1453853571508],[-125.01014595873518,50.14511616678782]]],[[[-124.91768385709815,50.145835372353545],[-124.9179926512031,50.145892357419356],[-124.91812653914393,50.146078965041426],[-124.91773433058445,50.14605047384667],[-124.91768385709815,50.145835372353545]]],[[[-124.98776143681958,50.09199175868623],[-124.98803953977605,50.09198607569425],[-124.98814273061419,50.09208435691877],[-124.98777314917915,50.09226094906759],[-124.98776143681958,50.09199175868623]]],[[[-124.98891083563225,50.09208858190899],[-124.98924003951588,50.09193907235516],[-124.98933313971135,50.0921355689527],[-124.98898872844234,50.092249567955534],[-124.98891083563225,50.09208858190899]]],[[[-124.87943765308556,50.06531716945726],[-124.87960472270827,50.06527925853174],[-124.87965893063388,50.06561116531805],[-124.87917973375959,50.06551147959325],[-124.87943765308556,50.06531716945726]]],[[[-124.90546462773729,50.12614857276894],[-124.90569613321142,50.12597337814446],[-124.90602134093382,50.126058858993446],[-124.90583285082786,50.12624115354537],[-124.90546462773729,50.12614857276894]]],[[[-124.99259882105997,50.09973376540706],[-124.99283634340996,50.09972096856289],[-124.99287613063238,50.10005276010146],[-124.99259994669217,50.10010265788884],[-124.99259882105997,50.09973376540706]]],[[[-124.9177671367218,50.146876478396116],[-124.91805603528091,50.14673696262578],[-124.91825223210682,50.14679676465479],[-124.9179448331235,50.14713427035208],[-124.9177671367218,50.146876478396116]]],[[[-124.94482023717846,50.041798365918865],[-124.94501172666848,50.04169717061573],[-124.94533036462848,50.041997770561395],[-124.94474312420587,50.0419535728196],[-124.94482023717846,50.041798365918865]]],[[[-124.98868264153477,50.07542535712164],[-124.98911323357021,50.07536405853121],[-124.9890842329104,50.075651771354835],[-124.98896233634457,50.07573437505739],[-124.98868264153477,50.07542535712164]]],[[[-124.8814674320312,50.06790266429494],[-124.8817464511286,50.067925462592314],[-124.88193716381487,50.06812057134156],[-124.88156373223141,50.068234457063014],[-124.8814674320312,50.06790266429494]]],[[[-125.04257913253504,50.13858616895024],[-125.0427867324247,50.13849217790266],[-125.04323294625142,50.138791269287495],[-125.0427557542299,50.13878126815525],[-125.04257913253504,50.13858616895024]]],[[[-125.00423573335644,50.157405667293],[-125.00466814939823,50.15738145892716],[-125.00473453326974,50.157640653758726],[-125.00441762735163,50.157717575074244],[-125.00423573335644,50.157405667293]]],[[[-125.03556073913767,50.09191768143247],[-125.03592182222782,50.091849363169246],[-125.03612353723227,50.092015955507655],[-125.03582514377727,50.09219257872956],[-125.03556073913767,50.09191768143247]]],[[[-124.98647244610137,50.09056467146235],[-124.98694004856223,50.090422262017526],[-124.98706214521998,50.090635855234915],[-124.98676182981275,50.090793965356454],[-124.98647244610137,50.09056467146235]]],[[[-125.01801246008712,50.09453676875506],[-125.0184565452369,50.09448406352258],[-125.01861934414545,50.09467926185981],[-125.01809204555907,50.09477745355481],[-125.01801246008712,50.09453676875506]]],[[[-125.00282833979601,50.10059256498676],[-125.0031305438828,50.10014676789741],[-125.0034565261664,50.10024787100567],[-125.00341572723856,50.10057256166921],[-125.00282833979601,50.10059256498676]]],[[[-125.00436004134136,50.14265225628601],[-125.00452155157957,50.14247857014366],[-125.00487764485551,50.14263514957017],[-125.00459755868165,50.14298126403249],[-125.00436004134136,50.14265225628601]]],[[[-125.02245262479158,50.08740726386566],[-125.02294962442056,50.08724626972329],[-125.02327354247876,50.08730325512512],[-125.02296294199414,50.0875866512302],[-125.02245262479158,50.08740726386566]]],[[[-125.01753244870741,50.08079175586343],[-125.01791965538504,50.08067635721948],[-125.01814095276453,50.08096125850301],[-125.0175455552967,50.08111506111466],[-125.01753244870741,50.08079175586343]]],[[[-124.97935953231669,50.0713392761668],[-124.97993752710202,50.07145466528175],[-124.97951084082402,50.07193036361766],[-124.97938172682922,50.07188757410287],[-124.97935953231669,50.0713392761668]]],[[[-125.00236952765736,50.099997269045254],[-125.00281732653048,50.09999866424055],[-125.00234854079083,50.100509959738545],[-125.0021008503038,50.10026356297137],[-125.00236952765736,50.099997269045254]]],[[[-124.91300171740426,50.142880163105],[-124.9135037460653,50.14285456339283],[-124.91389342012775,50.14313656544128],[-124.91308414419905,50.14316787870251],[-124.91300171740426,50.142880163105]]],[[[-124.98961411606344,50.07597506065675],[-124.9899704536176,50.07579845579745],[-124.99017093267602,50.076254275664226],[-124.9896617380402,50.0764521584726],[-124.98961411606344,50.07597506065675]]],[[[-125.01622383473489,50.08058957428773],[-125.0166976374587,50.08019496580702],[-125.01691073505538,50.08062225410874],[-125.0166137442132,50.080870055640695],[-125.01622383473489,50.08058957428773]]],[[[-124.9936079400956,50.09949165982934],[-124.99386764981872,50.0993434662947],[-124.99416725566276,50.09980635910198],[-124.99361433422342,50.09994166283676],[-124.9936079400956,50.09949165982934]]],[[[-125.06878496237725,50.117640372398505],[-125.06842102277254,50.1173326669375],[-125.0692645196528,50.11706636705339],[-125.06909005243101,50.11759046898585],[-125.06878496237725,50.117640372398505]]],[[[-124.91857783151995,50.13358717063146],[-124.91936653317678,50.13371826228546],[-124.91927381687569,50.134205359749274],[-124.91902595232794,50.13429076871356],[-124.91857783151995,50.13358717063146]]],[[[-125.06906405029436,50.119561574435146],[-125.06954271986726,50.119309459738844],[-125.06985162418788,50.11932236415162],[-125.06942742870076,50.11988776686992],[-125.06906405029436,50.119561574435146]]],[[[-124.92020413972851,50.14307665859047],[-124.92079843854515,50.14289586784286],[-124.92091644623277,50.143388571466886],[-124.92042895949048,50.14345127271413],[-124.92020413972851,50.14307665859047]]],[[[-124.94619852695345,50.16210845870975],[-124.94699983458781,50.162185382911495],[-124.94735975965409,50.162772063721484],[-124.9464898584981,50.162418859871],[-124.94619852695345,50.16210845870975]]],[[[-124.91887533764893,50.13823297224878],[-124.91940564040753,50.13816036983379],[-124.91940093501663,50.138754256138576],[-124.91885594701027,50.13877275749925],[-124.91887533764893,50.13823297224878]]],[[[-125.0702063226316,50.11684276093788],[-125.0704013288911,50.11686555801489],[-125.07074973007337,50.117462270434636],[-125.0697228266613,50.11734556478635],[-125.0702063226316,50.11684276093788]]],[[[-125.01382624699511,50.08871747365034],[-125.01442054097778,50.08893255788952],[-125.0140520389818,50.089478058651025],[-125.01356754253108,50.08922595555662],[-125.01382624699511,50.08871747365034]]],[[[-124.97941515351008,50.0709604637536],[-124.98026814941618,50.07066706266826],[-124.98061183089061,50.07087646462788],[-124.98022144981519,50.071206866816176],[-124.97941515351008,50.0709604637536]]],[[[-124.93569203841339,50.1609533594645],[-124.93623573080696,50.16087217876068],[-124.93664076126228,50.16158437007763],[-124.93596194707341,50.16139776399744],[-124.93569203841339,50.1609533594645]]],[[[-124.98965081599242,50.09371366037823],[-124.98933634380268,50.0932236666304],[-124.99022522603883,50.09309977303371],[-124.9901734536301,50.093515671920606],[-124.98965081599242,50.09371366037823]]],[[[-124.91152344415765,50.06325687653596],[-124.9119173430507,50.06263876145202],[-124.91278613607035,50.0627142654777],[-124.91275181996735,50.06287666644203],[-124.91152344415765,50.06325687653596]]],[[[-124.8801102579279,50.06501156330832],[-124.88099573502676,50.06514967095852],[-124.88114884896137,50.06546157505356],[-124.8801734364616,50.06557698085972],[-124.8801102579279,50.06501156330832]]],[[[-125.0161153536294,50.09396715752158],[-125.01665995300645,50.093957160182015],[-125.0172999338441,50.09454966757817],[-125.01628122904532,50.09457526813712],[-125.0161153536294,50.09396715752158]]],[[[-125.05928984657557,50.12228035232121],[-125.06004355313942,50.122221956499395],[-125.06025403473956,50.12257806327462],[-125.0595821550489,50.12289566697722],[-125.05928984657557,50.12228035232121]]],[[[-124.91719585140456,50.12141307399917],[-124.91763172322987,50.121468568149524],[-124.91872643199356,50.1226022588605],[-124.91772673387715,50.12207955554988],[-124.91719585140456,50.12141307399917]]],[[[-125.03647865717593,50.0951050639783],[-125.03717595177329,50.094741860186154],[-125.03724864114794,50.0957744730242],[-125.0364482618363,50.095680464573604],[-125.03647865717593,50.0951050639783]]],[[[-124.95690943595925,50.03580236602578],[-124.95794085622668,50.0357497573003],[-124.95841032528305,50.03635355875343],[-124.9576044198923,50.036403464273015],[-124.95690943595925,50.03580236602578]]],[[[-124.91113062909513,50.12997686044989],[-124.9120355429248,50.13025026458432],[-124.91172373237353,50.13083136036257],[-124.911073042507,50.13063488009952],[-124.91113062909513,50.12997686044989]]],[[[-124.92130605976944,50.13985657344936],[-124.92197165201812,50.139692756665575],[-124.9221248332584,50.14069687570588],[-124.92132352967907,50.140646971753114],[-124.92130605976944,50.13985657344936]]],[[[-125.04222694648615,50.12926405181009],[-125.04167304464154,50.12943707025648],[-125.04134383178928,50.12860536937132],[-125.04271483296402,50.12896847412528],[-125.04222694648615,50.12926405181009]]],[[[-124.85306033463115,50.04221275390388],[-124.8525194565517,50.0419877590239],[-124.85281703165533,50.041019262411496],[-124.85362053027829,50.041933665288816],[-124.85306033463115,50.04221275390388]]],[[[-125.0318279469838,50.086937253782885],[-125.03082344799014,50.08702695125661],[-125.03055824914466,50.086330567003465],[-125.0320942418563,50.08633047372613],[-125.0318279469838,50.086937253782885]]],[[[-125.00270292238605,50.14217805799606],[-125.00383234852485,50.14239166000618],[-125.00409153270373,50.14326897860256],[-125.00317523155127,50.14309526722968],[-125.00270292238605,50.14217805799606]]],[[[-125.046406443653,50.131512177595404],[-125.04799733434591,50.13174427900218],[-125.04795493483317,50.13240225425004],[-125.04683804338256,50.13245776988772],[-125.046406443653,50.131512177595404]]],[[[-124.90130074741892,50.13300754923077],[-124.90223204695464,50.13318987348081],[-124.90354064864306,50.13441037486842],[-124.90213273312442,50.13419957107353],[-124.90130074741892,50.13300754923077]]],[[[-124.84184072956779,50.024599578946216],[-124.8412705016044,50.023100384676304],[-124.84214865051439,50.022832166872654],[-124.84281763540194,50.02352287715877],[-124.84184072956779,50.024599578946216]]],[[[-125.03143844285742,50.084704078891555],[-125.03259334883286,50.084567355896354],[-125.03312654605709,50.08527806447696],[-125.03145084045666,50.085622656077376],[-125.03143844285742,50.084704078891555]]],[[[-125.00503082712753,50.101120958940676],[-125.0065005263381,50.10110385855945],[-125.00674252520652,50.10123486018507],[-125.00426654623296,50.10220475626361],[-125.00503082712753,50.101120958940676]]],[[[-124.91283451753874,50.054446761313265],[-124.91187942369346,50.05396817000966],[-124.91379503524323,50.052244873294704],[-124.9140542348392,50.05380587533374],[-124.91283451753874,50.054446761313265]]],[[[-124.98769325433076,50.07310386662998],[-124.98933684994053,50.0726438673961],[-124.98951436018555,50.074241872568265],[-124.98775564412233,50.073965570182615],[-124.98769325433076,50.07310386662998]]],[[[-124.98991185764282,50.073056859499225],[-124.99076674745112,50.07105306059865],[-124.99208923597065,50.0715885808061],[-124.99054963977038,50.07390856288983],[-124.98991185764282,50.073056859499225]]],[[[-124.87960364665325,50.06780726358428],[-124.8780110452036,50.06674476655903],[-124.88090204084502,50.0663203589829],[-124.87978225280692,50.06734575904966],[-124.87960364665325,50.06780726358428]]],[[[-125.00221185589808,50.07810717430959],[-125.00112574955436,50.07816975543645],[-125.00252596478302,50.07654477000399],[-125.00452125888896,50.07649206423855],[-125.00221185589808,50.07810717430959]]],[[[-124.94736802210677,50.043689667919246],[-124.94534793065998,50.04276106602626],[-124.94528853391408,50.04233095446081],[-124.94851705187935,50.04237515302607],[-124.94736802210677,50.043689667919246]]],[[[-125.00441653088615,50.15969727288377],[-125.00297093713853,50.15864187706266],[-125.00283994545674,50.15781724976946],[-125.00560115356231,50.158228875313554],[-125.00574431973162,50.16001626592328],[-125.00441653088615,50.15969727288377]]],[[[-125.0115335519347,50.14683667053175],[-125.01236203426024,50.14754305677139],[-125.0117706250169,50.149450071435396],[-125.0101742380405,50.14844315332309],[-125.0115335519347,50.14683667053175]]],[[[-124.9968251180393,50.09544255998854],[-124.99471414849613,50.095127856530326],[-124.99949025848137,50.09395716247256],[-124.99912294501455,50.095241774109546],[-124.9968251180393,50.09544255998854]]],[[[-124.9398015247977,50.16043496420015],[-124.94263943339611,50.161394875331474],[-124.94309683540291,50.16298858211791],[-124.9394878658812,50.162014469332505],[-124.9398015247977,50.16043496420015]]],[[[-124.87909504897159,50.065152556156136],[-124.8770914230243,50.06428655913935],[-124.87735804629116,50.06286946864821],[-124.88000833410376,50.061676071850854],[-124.88072923426355,50.063659956902264],[-124.87909504897159,50.065152556156136]]],[[[-124.85314183091657,50.038559660306774],[-124.85213923969383,50.036478963764246],[-124.85670233109778,50.03855686301782],[-124.85514325707935,50.040496563267],[-124.85314183091657,50.038559660306774]]],[[[-124.86672406695817,50.04236236958595],[-124.86588822023936,50.03915496597276],[-124.86861055626252,50.0383916612989],[-124.869553943447,50.04004936798268],[-124.86672406695817,50.04236236958595]]],[[[-124.92119783225039,50.1353702680211],[-124.91744965657888,50.13194226795379],[-124.91692533904488,50.12966637238422],[-124.92000663451942,50.13219578236607],[-124.92263002464641,50.13200915938255],[-124.92119783225039,50.1353702680211]]],[[[-125.00939184128161,50.0960080777588],[-125.00385173411013,50.09660756438627],[-125.00252484607257,50.09565056088395],[-125.00860115626625,50.09319805962031],[-125.01102985517682,50.0947561594361],[-125.00939184128161,50.0960080777588]]],[[[-125.04716772719259,50.13820026866601],[-125.04317163311481,50.138359773612486],[-125.04525243247429,50.1349857677735],[-125.04471244119438,50.13216296273903],[-125.04900922507967,50.134443169485074],[-125.04736625671387,50.137260269184196],[-125.04862576189323,50.13761626798708],[-125.04716772719259,50.13820026866601]]],[[[-125.08531485572325,50.12363196223605],[-125.08541395285796,50.121391670052375],[-125.08415233806923,50.12101855453893],[-125.07982163681375,50.123767279756144],[-125.07619563455287,50.12338277577658],[-125.07608245345517,50.12173777316409],[-125.080551029517,50.11925675816573],[-125.07846736500412,50.11572336784338],[-125.08155691824038,50.115065361117146],[-125.0838380365303,50.116687580428504],[-125.0809054379097,50.11940346952561],[-125.08719831964473,50.121556859640485],[-125.0875267580421,50.12272046625438],[-125.08531485572325,50.12363196223605]]],[[[-124.94311732922286,50.042214165961994],[-124.93288262785097,50.03984006276354],[-124.93091733700354,50.038207877488695],[-124.93106612527492,50.03215216780752],[-124.92399696062496,50.03103697001381],[-124.91570882652961,50.02486877247657],[-124.91968354449018,50.02266266076347],[-124.91911086402759,50.020532069951415],[-124.92378893441652,50.02232516101608],[-124.92621852228118,50.02129546938069],[-124.92729763910421,50.01962197776519],[-124.92536383249228,50.018763171187004],[-124.92817204166197,50.016747869235594],[-124.93708064624255,50.01957635009754],[-124.93600863649623,50.02172556528321],[-124.94047354869535,50.02301015660417],[-124.94142512419864,50.025143664370766],[-124.93560844672605,50.03226606629056],[-124.94050032564805,50.03270615911059],[-124.94477715161544,50.03451347449264],[-124.94572155248768,50.03649455745459],[-124.95131823159035,50.03777776114167],[-124.94311732922286,50.042214165961994]]],[[[-125.04887772544936,50.086836057894104],[-125.0441525457164,50.08811506584868],[-125.04428241827289,50.084308162313064],[-125.03917363937119,50.08216755816802],[-125.03872993161444,50.0776143667541],[-125.02789694491105,50.06572505021538],[-125.03329016449442,50.058055665989805],[-125.04104146345698,50.05539236954772],[-125.04572283657595,50.05146876409085],[-125.0532965444698,50.05021116990654],[-125.06050645688363,50.056452061181645],[-125.06920085286869,50.05879767031035],[-125.07500904477736,50.069712876913904],[-125.07293216176758,50.07180076512549],[-125.07388622997182,50.07347415627664],[-125.06582153763303,50.080976863427026],[-125.04887772544936,50.086836057894104]]],[[[-125.00047355334702,50.23895446102166],[-124.99232312774238,50.23721407478171],[-124.97840413785342,50.229276957758614],[-124.97718583038345,50.2279481651789],[-124.9780186289578,50.22670205806988],[-124.97310125109269,50.22207185935123],[-124.97445662455196,50.22092396240504],[-124.9674398447899,50.21767966381639],[-124.9673601499624,50.21539667566302],[-124.96203344619575,50.210638374033216],[-124.96217503542117,50.20721736002285],[-124.94967504848738,50.19833456613263],[-124.94851472863138,50.19530537050907],[-124.93424273296384,50.18538858148529],[-124.93060565177029,50.184828870978386],[-124.9260804296811,50.178535259257046],[-124.92490003467569,50.17150247362326],[-124.91952324637487,50.16695925750178],[-124.91930954017305,50.1648044711835],[-124.90875063316321,50.15668508168263],[-124.90774245744741,50.15351756771875],[-124.90961495362954,50.153397972728825],[-124.90559993642182,50.14996417323532],[-124.90622965076254,50.14715707046079],[-124.89532063430295,50.14067976558893],[-124.89486623254885,50.13870727163039],[-124.89898474507653,50.13706657239004],[-124.89934944606901,50.13427224877375],[-124.90547623637052,50.135233580404595],[-124.90435463015977,50.13166305958764],[-124.9073042298826,50.130562163765156],[-124.9060249461703,50.12722807808758],[-124.90908793092427,50.127176861375965],[-124.91094803327,50.13101505700512],[-124.91450283508901,50.13244076709176],[-124.9160356596312,50.13156906153605],[-124.91736722090627,50.13551416665466],[-124.9198751595891,50.13663217289254],[-124.91575314589903,50.13744826114711],[-124.9152040573789,50.139507665067214],[-124.9180013478745,50.14016276959867],[-124.91692594423024,50.142645154297874],[-124.9108533323779,50.14022687048433],[-124.9104620501881,50.14132205444312],[-124.91633872282188,50.14619857156338],[-124.9162295386228,50.14764847138768],[-124.92048423287562,50.14798318284311],[-124.92487863091051,50.14581882286561],[-124.92311082825631,50.14362812903899],[-124.9249841303536,50.14185476312477],[-124.92436802270467,50.13697257046927],[-124.92709892814615,50.139490558668705],[-124.92940855449181,50.139497659554166],[-124.92784802621043,50.13721187604183],[-124.93009723703146,50.13534758007638],[-124.93335392644349,50.13772306643201],[-124.94628053157332,50.13671125405087],[-124.94530169882879,50.120559716395526],[-124.92070030198869,50.12199121104118],[-124.91231914818364,50.118022074152364],[-124.90656002844796,50.11744237051766],[-124.90374004359019,50.10415736862776],[-124.90431476201772,50.096106268157605],[-124.89936054312709,50.091420652133024],[-124.89895346269816,50.08746986897504],[-124.89368714748079,50.08616106605023],[-124.88974603791998,50.08122476965077],[-124.88768964330608,50.075844064121924],[-124.88495525082365,50.073459971912754],[-124.88873475896439,50.06968296464621],[-124.88520863446621,50.06994785478981],[-124.8864812329814,50.06640016712334],[-124.88393643125855,50.06743126960957],[-124.88202364201965,50.0646283782473],[-124.88384202237904,50.05863535825125],[-124.88603313827238,50.057484552753856],[-124.88860093718347,50.06274986423544],[-124.89168925196724,50.05885036687451],[-124.89511324581679,50.06062067691593],[-124.89402805459342,50.06220296590362],[-124.89559812937605,50.06302335783715],[-124.90131153850733,50.06191246464078],[-124.90201764621676,50.059293373612086],[-124.90548543373771,50.05865096961507],[-124.90799806306764,50.06208196533378],[-124.90422304462298,50.06484206326346],[-124.90682003309345,50.06374687435197],[-124.90822114127215,50.06771756088807],[-124.90976963718155,50.064842062203844],[-124.91272093201641,50.06384796282009],[-124.92168483508858,50.06402457758789],[-124.92295062976523,50.06528067240761],[-124.92543674743438,50.063503264971885],[-124.93260233686746,50.06658666364349],[-124.93911353818038,50.06552426963632],[-124.93133054068652,50.05996837927712],[-124.92400165864584,50.06223997292897],[-124.92239773609028,50.058084174511215],[-124.93019324540612,50.05876496257497],[-124.92957133672907,50.05584245975479],[-124.9328142396554,50.05657166450928],[-124.9327322366753,50.05384715811113],[-124.93048703291,50.0535964546697],[-124.93198013967533,50.051431676530036],[-124.93648455642546,50.04985365742951],[-124.94414505086993,50.05139036959986],[-124.94624024473671,50.04932246730348],[-124.95151286183813,50.05012426636739],[-124.95634754998525,50.044349075019696],[-124.96558163753569,50.041637353603996],[-124.97827544744683,50.031042658206694],[-124.98119013927581,50.02622456106554],[-124.98005792823054,50.01938987451854],[-124.98705573894944,50.01166917102332],[-124.9946395482326,50.01682905856515],[-124.9980200289625,50.0242990584661],[-124.99999596487909,50.023833371930614],[-124.99807325305399,50.02457676087791],[-124.99709683590608,50.027651673298394],[-124.99909965704512,50.03081057353359],[-124.99378904480415,50.03441096522681],[-124.99248763554581,50.0380583617777],[-124.99604443846121,50.041334069964705],[-124.99822494503583,50.049113073972855],[-124.9813117187309,50.07361656225667],[-124.98227815115017,50.068905273233],[-124.98029792990727,50.065287873905156],[-124.97433304214914,50.07111856896859],[-124.97990756102712,50.072732165260526],[-124.98174555328977,50.07496817527084],[-124.98094011830423,50.07713156241974],[-124.98243633640953,50.07679116064653],[-124.98350265698446,50.079623873252245],[-124.9847262465963,50.07705746530864],[-124.98909225009801,50.075858270957546],[-124.98646863696914,50.08002267748399],[-124.99008636560336,50.07996147002248],[-124.98940375585016,50.08205076970328],[-124.99605554637468,50.07861695318612],[-124.9989362557495,50.080007069335],[-125.00318325172044,50.0782609520033],[-125.00401963461546,50.08154796335907],[-125.00666492829707,50.081304457473934],[-125.00716222798151,50.08316596448516],[-125.01300773871186,50.08254355424399],[-125.01224622152455,50.084751063197835],[-125.01453094510967,50.08655555853072],[-125.01083383021341,50.08938977949157],[-125.00707615053192,50.08811506228059],[-125.00987486490784,50.08620517029298],[-125.00536694181176,50.088045269859386],[-125.00455165350098,50.08993945810872],[-125.00155454749931,50.08815637787199],[-124.99508133115334,50.092208268756686],[-124.98697963716624,50.090026366313545],[-124.98608323557022,50.09064446839346],[-124.98723106049519,50.09200887298886],[-124.98493313946302,50.092911762310735],[-124.98475694821896,50.09644955524995],[-124.98306784361317,50.09478745934123],[-124.98134584036792,50.096787060324765],[-124.98128475457561,50.099702460160685],[-124.99180315495784,50.102113564987015],[-124.99569945285178,50.100643875768405],[-124.99991662063424,50.10286416911648],[-125.00564673215612,50.10245967349472],[-125.01629105813079,50.09916266462257],[-125.03550732634092,50.10187715821065],[-125.0260198386387,50.09607926634807],[-125.02452703422864,50.09152607729287],[-125.02245421588874,50.09310116121788],[-125.01584333964303,50.09150756266784],[-125.01529456082989,50.088745972157554],[-125.0169978505266,50.08470405264529],[-125.02248184681197,50.08444765492975],[-125.0236223431945,50.08630775956427],[-125.02098033256057,50.087954156813666],[-125.02485145542475,50.087941267842766],[-125.02470145530536,50.08970735683266],[-125.02680474728966,50.086863153556735],[-125.03295684471338,50.0875111790893],[-125.03399105308105,50.09280926540934],[-125.03621926446569,50.0932649704815],[-125.03608083955797,50.09628996854592],[-125.03853084816322,50.096012275036976],[-125.03939323289448,50.097553278636205],[-125.04257354587997,50.09505096817884],[-125.0416813339692,50.097100362199335],[-125.04482801873863,50.09709896480961],[-125.04669665707952,50.0995927697017],[-125.05097646369174,50.09864566648769],[-125.05034404770582,50.103163261357395],[-125.05342043693753,50.10410606816742],[-125.05360974327156,50.106262372303235],[-125.05157894174977,50.107844677069515],[-125.05043895802038,50.10633636620888],[-125.0487437376484,50.109217552470945],[-125.04450974762027,50.109355678184286],[-125.04589095145697,50.11091377275068],[-125.04494263773954,50.11163155948334],[-125.04808694635418,50.109921056320616],[-125.05585154755596,50.11058477604796],[-125.05681663163485,50.10831885935277],[-125.06199853952963,50.107156774132186],[-125.06377814156355,50.10793435584876],[-125.06287404415254,50.108679179407744],[-125.06569583441197,50.112802279923216],[-125.070387055603,50.11262996754258],[-125.07160285559534,50.11390316859941],[-125.06365913608194,50.12041328045824],[-125.05789005207622,50.1186529547354],[-125.05616612489648,50.12156256401303],[-125.05841504211774,50.123734565188386],[-125.05522624104319,50.12541086983174],[-125.0573435401129,50.126497455055656],[-125.05724524284378,50.12841446183903],[-125.05459183129798,50.130818558792285],[-125.0457865478415,50.13110907305076],[-125.046950433166,50.12916356434782],[-125.04426793090191,50.12760977204477],[-125.03935702430978,50.12797586729574],[-125.04268684428554,50.131254356328796],[-125.04238583485166,50.1330402665199],[-125.03682145338868,50.13710495958801],[-125.03208842029737,50.138402463813186],[-125.02979141684736,50.14497236215251],[-125.02680695724317,50.14587956673065],[-125.02157272903892,50.14590666317752],[-125.01301002282106,50.14162116374441],[-125.00670274276425,50.14040916933613],[-125.0047839248857,50.13535036296505],[-125.00231712826418,50.13495305881458],[-125.00082625046845,50.130039468243474],[-124.99703054427567,50.130321457991485],[-124.98798721944097,50.12514306600839],[-124.99022672643362,50.13024886306477],[-124.98957002230817,50.13261735946188],[-124.99280355125664,50.13500856766618],[-124.99825222425548,50.134806362161534],[-124.99860465072608,50.13316277536333],[-125.00183572912222,50.13447446511602],[-124.99866702715873,50.137696060851674],[-124.99994084833472,50.14307955811058],[-125.00359962889686,50.144194777097624],[-125.00489534551406,50.1491010746025],[-125.00938462228599,50.14964515878897],[-125.00994402692265,50.152306956763105],[-125.01476523886438,50.15575785680678],[-125.01552772769794,50.15823597375912],[-125.01291203439882,50.15796686318869],[-125.01103065674928,50.16082377463591],[-125.0086136287924,50.160622978098246],[-125.00420893778396,50.15340368052808],[-125.00173745800174,50.15793546908852],[-124.99982203163815,50.156986956701374],[-125.0009945342964,50.154916164331524],[-124.996530540205,50.156297667146205],[-125.00190744614731,50.16097187209123],[-125.00190293266634,50.16323927088322],[-124.99567943916941,50.16508215738218],[-124.98883035184788,50.17148685929728],[-124.9867644474937,50.17097415577211],[-124.98410962621402,50.17414017039492],[-124.98603863693205,50.1760770730652],[-124.98583482477702,50.17961626104685],[-124.98267693129318,50.18216987238608],[-124.97591332560057,50.17882295659837],[-124.97171974785702,50.17459446074005],[-124.97048162612847,50.17547886994276],[-124.9654974395062,50.172819856452726],[-124.96070522259852,50.16760306692136],[-124.95728563270066,50.160681363797856],[-124.96047244869449,50.1581448652463],[-124.95812224746332,50.155809176072644],[-124.96219904773034,50.15586615699922],[-124.9648592261387,50.160993258931484],[-124.96786245414341,50.16320077357259],[-124.96724404578099,50.15905497784327],[-124.94870414148284,50.142484269774926],[-124.95397983966791,50.14178498055148],[-124.94611825400125,50.14015426772027],[-124.94627955541478,50.13896356776596],[-124.9427302321327,50.14048897757723],[-124.94484001869293,50.14728096401879],[-124.94669944561716,50.148598350316526],[-124.94783424219405,50.14451375938674],[-124.95335103422809,50.15173446987147],[-124.95212054463943,50.154894773063255],[-124.94803063379072,50.151733061010184],[-124.94930355149076,50.154095868564966],[-124.94828582942492,50.15456295565624],[-124.9546572453195,50.15803515606851],[-124.9537513475352,50.15914886732942],[-124.95655864257645,50.16519897529897],[-124.95500262294814,50.16717716550121],[-124.9523685546484,50.16645796254516],[-124.94798275270725,50.16226796851422],[-124.93827472412569,50.15730315756389],[-124.93457975083358,50.157706167713776],[-124.93299051508791,50.160980462741435],[-124.93929275746459,50.16413935931701],[-124.9402476438376,50.16282905960383],[-124.9470510200489,50.164486860283716],[-124.95577293099089,50.16924226453834],[-124.95810983842942,50.16918537339644],[-124.96629782067453,50.174227065556465],[-124.97357846069535,50.181318171992466],[-124.97714505120021,50.1821840682268],[-124.97844354961585,50.185129351034945],[-124.97779455315127,50.19178755604421],[-124.97323664092727,50.19782907066463],[-124.97705883146176,50.19907666743098],[-124.97997214573304,50.19768655086397],[-124.98205502544715,50.20469516363466],[-124.9868066469383,50.20606095631647],[-124.98968113801587,50.20507687983308],[-124.99440602983394,50.20984365766389],[-124.99442874108146,50.2140892510407],[-124.9987618382967,50.21779216902435],[-125.0043668324695,50.218064172548274],[-125.0036143222253,50.223870670963876],[-125.00542063145392,50.22683447776307],[-125.00771793176438,50.22746965818632],[-125.00763754093569,50.23188756432401],[-125.00394653982131,50.237500357628704],[-125.00047355334702,50.23895446102166]]]]},"bbox":[-125.0875267580421,50.01166917102332,-124.8412705016044,50.23895446102166]},{"id":"5924054","type":"Feature","properties":{},"geometry":{"type":"MultiPolygon","coordinates":[[[[-125.15658453040933,50.2277957764128],[-125.15674894576327,50.227703273375134],[-125.1568208327072,50.227773069494134],[-125.15673913777688,50.227811475089375],[-125.15658453040933,50.2277957764128]]],[[[-125.87184342302035,50.478858262815365],[-125.87188283364294,50.47880417338768],[-125.8719969418764,50.47883696387306],[-125.87194724437234,50.47894515413395],[-125.87184342302035,50.478858262815365]]],[[[-125.14543742793809,50.229073360138486],[-125.14543585711189,50.22902776768005],[-125.14563134696013,50.229006371649625],[-125.1455808434209,50.2291245559481],[-125.14543742793809,50.229073360138486]]],[[[-125.36151902536517,50.252927368777826],[-125.36159852815614,50.25280776580116],[-125.36169944323224,50.25289605893341],[-125.36164734857164,50.25295156628343],[-125.36151902536517,50.252927368777826]]],[[[-125.18164005417593,50.13434775844894],[-125.18174844225149,50.134273678998476],[-125.18186492771564,50.13433347591649],[-125.18177003104529,50.13441607082552],[-125.18164005417593,50.13434775844894]]],[[[-125.05386742263094,50.25952866765581],[-125.05379164587093,50.2594046617849],[-125.05398753866146,50.25940045374893],[-125.0539505472007,50.25952717491094],[-125.05386742263094,50.25952866765581]]],[[[-124.82113305376616,50.2508181584398],[-124.82119935223479,50.250726971822644],[-124.8213711518681,50.250805363300636],[-124.82130125798294,50.250850871653405],[-124.82113305376616,50.2508181584398]]],[[[-125.0605706502817,50.28322885813885],[-125.06071085330474,50.28318047392066],[-125.06082684625918,50.28326027634395],[-125.06068713915747,50.283298652768785],[-125.0605706502817,50.28322885813885]]],[[[-125.09684474067541,50.16688805162964],[-125.0968687418497,50.16676137568695],[-125.09705583553043,50.16687526368714],[-125.09697194468733,50.16691367324072],[-125.09684474067541,50.16688805162964]]],[[[-125.99803954613499,50.47344345537055],[-125.99819283184891,50.47340356769217],[-125.99826644136661,50.473446270248054],[-125.99810295013921,50.473540273641845],[-125.99803954613499,50.47344345537055]]],[[[-125.0592241323497,50.28224476965057],[-125.0593480579379,50.28219776925082],[-125.05945252353666,50.28234017044933],[-125.05935574740671,50.2823686534785],[-125.0592241323497,50.28224476965057]]],[[[-125.04307195828177,50.22857916429365],[-125.04312594636549,50.22852497643459],[-125.0433212496216,50.228530655007646],[-125.04321474716787,50.228640363796195],[-125.04307195828177,50.22857916429365]]],[[[-125.14515372330821,50.23335025772901],[-125.14529115586495,50.23332026258966],[-125.14535103760791,50.233382978051374],[-125.14515925236665,50.23348557233944],[-125.14515372330821,50.23335025772901]]],[[[-125.77680335795348,50.38915307118932],[-125.77701064696348,50.38910316498379],[-125.7771003449884,50.38919007830589],[-125.776962341268,50.389221368996665],[-125.77680335795348,50.38915307118932]]],[[[-124.76130325200137,50.293024564028606],[-124.76144124906071,50.292950554972975],[-124.76155493700078,50.29301177676496],[-124.76140374541596,50.29309436531735],[-124.76130325200137,50.293024564028606]]],[[[-125.94160224113352,50.54788257419105],[-125.94172562326374,50.547807067111],[-125.94191314994882,50.54788405853465],[-125.94187315639098,50.54793956047202],[-125.94160224113352,50.54788257419105]]],[[[-124.78946615814309,50.28658577087282],[-124.78961563467767,50.28649316590637],[-124.78977014720661,50.28649177144293],[-124.78957973084354,50.2866384572188],[-124.78946615814309,50.28658577087282]]],[[[-126.18830793529312,50.55811127169082],[-126.18844234291741,50.557997363886535],[-126.18852024518544,50.558098477821986],[-126.18840316140181,50.55818536161307],[-126.18830793529312,50.55811127169082]]],[[[-126.190847843881,50.56146387561324],[-126.19106143641008,50.56143397059527],[-126.19105586114502,50.56155076575],[-126.19088365333559,50.56157355370245],[-126.190847843881,50.56146387561324]]],[[[-124.82041775749695,50.25045066979818],[-124.82061004749411,50.25033966328936],[-124.82068302942726,50.250410864139745],[-124.82057175412851,50.250476367682516],[-124.82041775749695,50.25045066979818]]],[[[-125.82572654422319,50.527636070297405],[-125.8259472370074,50.52757766122703],[-125.82595435886378,50.527684470484964],[-125.82581683662092,50.527732872500394],[-125.82572654422319,50.527636070297405]]],[[[-125.11632841995356,50.242982161375245],[-125.11652012270525,50.24291516412766],[-125.11662293031385,50.243012061025034],[-125.1163576195675,50.24303486825892],[-125.11632841995356,50.242982161375245]]],[[[-125.29045494439806,50.31593866036908],[-125.2904934511325,50.315874564166464],[-125.29072094003264,50.31593296100862],[-125.29054313737386,50.31601705906035],[-125.29045494439806,50.31593866036908]]],[[[-125.53443713989172,50.37157255918426],[-125.53457505012666,50.37153277613037],[-125.53474942643216,50.37165515882789],[-125.53468212513582,50.371692273121184],[-125.53443713989172,50.37157255918426]]],[[[-125.15692676138231,50.227646267097],[-125.15708013147908,50.22759786349721],[-125.15722554707607,50.22771176279748],[-125.15695836334963,50.22770747088844],[-125.15692676138231,50.227646267097]]],[[[-125.4013571286602,50.29769746091658],[-125.40153535142079,50.29761197188739],[-125.40167722675577,50.29766326449584],[-125.40138852037333,50.297760060581126],[-125.4013571286602,50.29769746091658]]],[[[-125.08809332647388,50.184532572156755],[-125.08823084919551,50.184511275333534],[-125.08828071555386,50.18466366132494],[-125.08817012077624,50.18470206647126],[-125.08809332647388,50.184532572156755]]],[[[-126.19235755220232,50.55794745587246],[-126.19237385169261,50.55790335507244],[-126.1925815415479,50.55797166017743],[-126.19229532421022,50.5580272687469],[-126.19235755220232,50.55794745587246]]],[[[-125.48375545991647,50.44303376105848],[-125.48390873185117,50.44300375960527],[-125.48399754625733,50.443092078718095],[-125.48379042757401,50.44314057349002],[-125.48375545991647,50.44303376105848]]],[[[-124.79595883810681,50.26962057422493],[-124.79609414915362,50.269520870659264],[-124.79613672674623,50.269537968680396],[-124.79589334794352,50.26977575290702],[-124.79595883810681,50.26962057422493]]],[[[-124.78708284938467,50.28409476185295],[-124.78719021903201,50.283958062241005],[-124.78730243464541,50.28395665576126],[-124.78730964403756,50.28410905316712],[-124.78708284938467,50.28409476185295]]],[[[-125.95291334741292,50.47087277085988],[-125.95306625611725,50.470824367667085],[-125.95312662312621,50.47090406201548],[-125.95292205485842,50.4709994668856],[-125.95291334741292,50.47087277085988]]],[[[-125.23223893755367,50.32037225694057],[-125.23237444867466,50.320288265554474],[-125.2324369285024,50.32041357223008],[-125.23228586385842,50.3204975704213],[-125.23223893755367,50.32037225694057]]],[[[-124.79562463711525,50.26973445725065],[-124.79573736137486,50.26972307004099],[-124.79546464847363,50.26993535530379],[-124.79544745459549,50.2698726686482],[-124.79562463711525,50.26973445725065]]],[[[-125.53858924427514,50.37400935242717],[-125.53872653902917,50.3739524763933],[-125.53885603804595,50.37402076403285],[-125.53875044640891,50.37411336634251],[-125.53858924427514,50.37400935242717]]],[[[-124.72911303115555,50.267163757467166],[-124.72925125848738,50.267106862036464],[-124.72930905840948,50.26715096509989],[-124.72918932638618,50.26733326976782],[-124.72911303115555,50.267163757467166]]],[[[-125.23089324041008,50.27571185182714],[-125.23114146138823,50.27565207275022],[-125.23117252607231,50.27571476851698],[-125.23082382428848,50.27576606731574],[-125.23089324041008,50.27571185182714]]],[[[-125.36353262325133,50.28396376323105],[-125.36369903980757,50.28393386246514],[-125.3638300261925,50.284002273235906],[-125.36359593455346,50.28408765761581],[-125.36353262325133,50.28396376323105]]],[[[-125.14972046658517,50.21610447038834],[-125.14990074914878,50.21606457239077],[-125.15001685153918,50.21612585546782],[-125.14987965315106,50.216208459433496],[-125.14972046658517,50.21610447038834]]],[[[-125.0113509554885,49.948978363704825],[-125.01154173441748,49.94892137403037],[-125.0117157401394,49.949043860773],[-125.01137913644237,49.94902247046658],[-125.0113509554885,49.948978363704825]]],[[[-125.27211704663044,50.45734555012713],[-125.27237905124923,50.4572316719326],[-125.2724783520119,50.457284357897905],[-125.27232944496463,50.457368366022244],[-125.27211704663044,50.45734555012713]]],[[[-126.23835794787885,50.530982969684445],[-126.23855793814583,50.530924566176644],[-126.23866473415258,50.53103566595362],[-126.23850834946452,50.53105835709628],[-126.23835794787885,50.530982969684445]]],[[[-125.13408805289653,50.229245666289515],[-125.1342678555571,50.22918017529466],[-125.13434163139613,50.22927697802109],[-125.13414974578286,50.22937097447164],[-125.13408805289653,50.229245666289515]]],[[[-125.06032153273881,50.27774568075388],[-125.06051715791214,50.27775995978081],[-125.06056544463536,50.27787667337724],[-125.06043965126517,50.27790516527481],[-125.06032153273881,50.27774568075388]]],[[[-125.28271132470782,50.258954665306035],[-125.28281743327581,50.25885357414794],[-125.28300165768621,50.25888626092929],[-125.28283931882129,50.25899736240129],[-125.28271132470782,50.258954665306035]]],[[[-124.76006906199541,50.29380786657391],[-124.76025092014255,50.29379656480279],[-124.7602442401299,50.29396747593941],[-124.76007394351655,50.29395175971199],[-124.76006906199541,50.29380786657391]]],[[[-125.21839492263612,50.2752675701341],[-125.21853023303612,50.27517496338141],[-125.21861994673857,50.2752988600941],[-125.21851185389681,50.27538146768928],[-125.21839492263612,50.2752675701341]]],[[[-125.14894832105539,50.50804036516613],[-125.14901594369144,50.50800326239061],[-125.14924454168023,50.50803468075072],[-125.14906674750156,50.50815426920486],[-125.14894832105539,50.50804036516613]]],[[[-125.36560284398382,50.271930657980135],[-125.36578286155824,50.27188217314346],[-125.36584113018154,50.27192637606379],[-125.36565393783583,50.27210157548914],[-125.36560284398382,50.271930657980135]]],[[[-125.24498672177779,50.08279416311115],[-125.2451707340187,50.08282557152385],[-125.24520464933241,50.082960872023676],[-125.24510815433038,50.08298936640714],[-125.24498672177779,50.08279416311115]]],[[[-125.11759133215212,50.24330976306534],[-125.11760115344485,50.24323706660172],[-125.11789715697878,50.243268467379664],[-125.11774782342528,50.24337946589796],[-125.11759133215212,50.24330976306534]]],[[[-125.44192953183892,50.35147847887119],[-125.44205333147856,50.35143997518488],[-125.44215754391422,50.351563867575926],[-125.44205193236043,50.35166497341432],[-125.44192953183892,50.35147847887119]]],[[[-125.14877922023925,50.50805176507318],[-125.1484941152614,50.50800326403635],[-125.14849122266342,50.50790506331825],[-125.1487603256667,50.5079448691936],[-125.14877922023925,50.50805176507318]]],[[[-125.16769403499448,50.17038167456201],[-125.16790305635097,50.17034176773471],[-125.16796285376373,50.17045716348314],[-125.16781174410072,50.17050556609694],[-125.16769403499448,50.17038167456201]]],[[[-125.02304855223814,50.19777206334298],[-125.02328485034441,50.19770507142582],[-125.023328925298,50.19777635808421],[-125.02315263572426,50.19788737058183],[-125.02304855223814,50.19777206334298]]],[[[-125.77671524516505,50.472812470438924],[-125.7769070397477,50.472725665135115],[-125.77707953325897,50.4727669767347],[-125.77681841865449,50.47289086400976],[-125.77671524516505,50.472812470438924]]],[[[-125.23603013316952,50.304468155193206],[-125.2362804483937,50.30439976923947],[-125.23632694721407,50.30450796443429],[-125.23607705166512,50.30456635321345],[-125.23603013316952,50.304468155193206]]],[[[-125.23329512876262,50.310250362025286],[-125.2333625241301,50.31017776236558],[-125.233518449779,50.31020055848093],[-125.23337324167659,50.31041137803195],[-125.23329512876262,50.310250362025286]]],[[[-126.00066824786194,50.474471767036604],[-126.00077955271672,50.47449165601465],[-126.00037253912737,50.47468817883088],[-126.0005240207411,50.47453006602874],[-126.00066824786194,50.474471767036604]]],[[[-125.82102753918106,50.497391574141254],[-125.8213046247587,50.49729467046341],[-125.82143442742068,50.49734596968999],[-125.82127064272318,50.497439970454074],[-125.82102753918106,50.497391574141254]]],[[[-125.98806883613688,50.47066765793767],[-125.98828994567889,50.47062635517739],[-125.9883229499651,50.470679059681686],[-125.98810603897145,50.47082855822527],[-125.98806883613688,50.47066765793767]]],[[[-125.27638093041207,50.317761664822214],[-125.27627982466777,50.31770046366251],[-125.27668303179225,50.31759367859977],[-125.27668515406349,50.31764775567653],[-125.27638093041207,50.317761664822214]]],[[[-125.19563614900859,50.40860627398442],[-125.1957424476364,50.4084866509404],[-125.19599753973854,50.40849947500814],[-125.19579246056317,50.408629066583906],[-125.19563614900859,50.40860627398442]]],[[[-125.28988362657961,50.31575066443525],[-125.28993733296191,50.31569656068357],[-125.29026154446596,50.31569947260458],[-125.29004344380483,50.31583755866317],[-125.28988362657961,50.31575066443525]]],[[[-125.18140794893154,50.13446875008242],[-125.18154363998181,50.13438477379839],[-125.1816380232364,50.13458986644727],[-125.18148533266447,50.13462826103155],[-125.18140794893154,50.13446875008242]]],[[[-125.32112832777212,50.363082866460665],[-125.32130814906722,50.36301737567126],[-125.32137414139461,50.363222451793725],[-125.321204748364,50.3632081601465],[-125.32112832777212,50.363082866460665]]],[[[-125.12781984165036,50.23996565130951],[-125.1279730410915,50.23990016680987],[-125.12818584056562,50.239968576429106],[-125.12802155198722,50.240069673654325],[-125.12781984165036,50.23996565130951]]],[[[-124.88437194878676,50.17258205038223],[-124.88460663094122,50.172488058212544],[-124.8847877275883,50.17251225820526],[-124.88472362140551,50.17261196804291],[-124.88437194878676,50.17258205038223]]],[[[-125.21234372812268,50.29039546788423],[-125.21253553643596,50.290301457460906],[-125.21260971531413,50.29036276380966],[-125.21249184323608,50.29053647545888],[-125.21234372812268,50.29039546788423]]],[[[-125.87121852185986,50.47899926067858],[-125.87138224585475,50.47892377375269],[-125.87163945767298,50.47897077669482],[-125.87148874313733,50.47903777700173],[-125.87121852185986,50.47899926067858]]],[[[-125.24464124683128,50.083466457113346],[-125.24493666143087,50.08352336293397],[-125.2450139600342,50.08364727137281],[-125.24488792842097,50.083677171231194],[-125.24464124683128,50.083466457113346]]],[[[-125.99228595273554,50.47297056626381],[-125.99249625957331,50.47293786327155],[-125.99257672804083,50.473097373006645],[-125.9922927495342,50.47306885549522],[-125.99228595273554,50.47297056626381]]],[[[-126.27345782566768,50.508648471271236],[-126.27357555854174,50.50858866803475],[-126.27383793929911,50.50869265424851],[-126.27362054903544,50.50875956878436],[-126.27345782566768,50.508648471271236]]],[[[-125.98129973297732,50.44172346639943],[-125.98140793384064,50.44167506048945],[-125.98162495883618,50.44175906881984],[-125.98140675939787,50.4418644650037],[-125.98129973297732,50.44172346639943]]],[[[-124.75348425921527,50.22621496448255],[-124.75356765309532,50.22617786356267],[-124.75370705098335,50.22616646261004],[-124.75342062382441,50.22637876154037],[-124.75348425921527,50.22621496448255]]],[[[-125.64021343317707,50.421867181120184],[-125.64036412228982,50.4217916629987],[-125.6405155630124,50.42197676518907],[-125.64031702237867,50.421989566712796],[-125.64021343317707,50.421867181120184]]],[[[-125.03348214360834,50.25494977865875],[-125.03367554926083,50.25492845416412],[-125.03360153600191,50.25515488058227],[-125.03348973976027,50.255129271710175],[-125.03348214360834,50.25494977865875]]],[[[-125.56313963639313,50.5401120743554],[-125.56331963249106,50.54003666993566],[-125.563489754735,50.540050862759095],[-125.5632588470708,50.540217469601615],[-125.56313963639313,50.5401120743554]]],[[[-126.04725575341942,50.47447596271632],[-126.04745816468905,50.474417572026624],[-126.0475248322841,50.474456074934785],[-126.0473870419492,50.474632661474296],[-126.04725575341942,50.47447596271632]]],[[[-125.9975053481583,50.47613805142717],[-125.99764286073167,50.47607966599271],[-125.99781604675292,50.47612946804164],[-125.9976130276234,50.47628757148172],[-125.9975053481583,50.47613805142717]]],[[[-125.40128855498851,50.4662098659842],[-125.40145312656756,50.46613436796654],[-125.40161232042874,50.46621126873912],[-125.4014775419741,50.46633097922054],[-125.40128855498851,50.4662098659842]]],[[[-125.85523284820648,50.3987578698671],[-125.85548294704428,50.39869806810964],[-125.85566995381963,50.39879206840605],[-125.8553927283899,50.398861861707054],[-125.85523284820648,50.3987578698671]]],[[[-125.82049365183964,50.49717936664251],[-125.82068685512498,50.49709386756141],[-125.82087382936618,50.497170775506724],[-125.82061302337361,50.49726616069372],[-125.82049365183964,50.49717936664251]]],[[[-125.95377374787213,50.54340916144018],[-125.9538806468461,50.54331655109646],[-125.95430154562541,50.54326106672091],[-125.95409794861979,50.54339207578373],[-125.95377374787213,50.54340916144018]]],[[[-125.05368863109386,50.25962257339501],[-125.05386922579008,50.25959126022216],[-125.05409964568796,50.259722273041625],[-125.05398855572051,50.25977926059096],[-125.05368863109386,50.25962257339501]]],[[[-124.8126108556904,50.215494858468155],[-124.81287241910294,50.21540096580277],[-124.8129336187426,50.21549916388267],[-124.81275473880147,50.2156187748748],[-124.8126108556904,50.215494858468155]]],[[[-125.99893413482239,50.47910467071934],[-125.9989577389446,50.47905057674708],[-125.99935784237597,50.47889675586208],[-125.99925744378349,50.47907907397644],[-125.99893413482239,50.47910467071934]]],[[[-125.87055574763382,50.47831426461878],[-125.87078203899584,50.478318475548015],[-125.87031101975391,50.47846516741631],[-125.87036495917147,50.47841816522145],[-125.87055574763382,50.47831426461878]]],[[[-125.13319112109745,50.228947966501984],[-125.13338304230064,50.22885395896039],[-125.13355714442746,50.2289949693594],[-125.13329171790178,50.22900926259051],[-125.13319112109745,50.228947966501984]]],[[[-126.28406014014325,50.515130068612294],[-126.2841235553279,50.51503317801731],[-126.28441832731426,50.515030373195515],[-126.28429622657058,50.51518985931856],[-126.28406014014325,50.515130068612294]]],[[[-125.14169804265572,50.191615167563235],[-125.14176804713581,50.19158665594585],[-125.14208294495836,50.19174336365583],[-125.14178885621006,50.191757568820776],[-125.14169804265572,50.191615167563235]]],[[[-125.21968402779456,50.27644826192517],[-125.21980604140384,50.276355662825765],[-125.22007604051306,50.27643966036962],[-125.21984173488121,50.27652516425148],[-125.21968402779456,50.27644826192517]]],[[[-125.12160093551341,50.17912208035186],[-125.1216750631447,50.17893977229451],[-125.12184312945834,50.17892837315126],[-125.12182541833239,50.17916186476172],[-125.12160093551341,50.17912208035186]]],[[[-125.10890175616564,50.245366264071],[-125.10916174605406,50.24521676509173],[-125.10931615778989,50.24525946155503],[-125.10907044256898,50.245416165793074],[-125.10890175616564,50.245366264071]]],[[[-125.23650494550536,50.30443256459837],[-125.23664062568044,50.3042943592002],[-125.23684305052386,50.304425366528164],[-125.23677526064246,50.304480971260546],[-125.23650494550536,50.30443256459837]]],[[[-125.82142904824195,50.49418847021982],[-125.82158243941173,50.49413006533166],[-125.82165684932659,50.494226967018626],[-125.82142826168877,50.494394968175826],[-125.82142904824195,50.49418847021982]]],[[[-125.65997414902834,50.42779326685247],[-125.66020703266284,50.42764516543317],[-125.66034524537787,50.427632366759426],[-125.66027291771842,50.42783176157202],[-125.65997414902834,50.42779326685247]]],[[[-124.75952786375566,50.2936270691032],[-124.75987845029583,50.29361275602149],[-124.75996724562258,50.29370107301051],[-124.75985655603634,50.29375666607265],[-124.75952786375566,50.2936270691032]]],[[[-125.86699405397883,50.47885256380089],[-125.86741194159156,50.47876996539968],[-125.86747175507944,50.47882267161821],[-125.86733782944741,50.4789337728974],[-125.86699405397883,50.47885256380089]]],[[[-125.16794313875863,50.17060236837894],[-125.16813494451935,50.17050837199123],[-125.16820432522024,50.170534064134415],[-125.16795093562747,50.17079897730139],[-125.16794313875863,50.17060236837894]]],[[[-126.29005406021066,50.52231377399125],[-126.29021354187785,50.52222686688562],[-126.29042355729437,50.522285262100745],[-126.29020343709057,50.52242487899123],[-126.29005406021066,50.52231377399125]]],[[[-125.02378475707047,50.19629376888058],[-125.02403462772173,50.196243874549076],[-125.02407066032103,50.19641476482613],[-125.0239177457926,50.19645325348364],[-125.02378475707047,50.19629376888058]]],[[[-124.79804073599901,50.26680065257947],[-124.79826533362959,50.266770780914996],[-124.79828024784769,50.2668333486316],[-124.79793663132098,50.26701858140193],[-124.79804073599901,50.26680065257947]]],[[[-126.12931753362815,50.483627966024606],[-126.12944854961694,50.48355956592295],[-126.129886534314,50.483561077196725],[-126.12972482439847,50.48365646602753],[-126.12931753362815,50.483627966024606]]],[[[-125.33481584774538,50.250516271666385],[-125.33498215123349,50.25048627220764],[-125.33510104483807,50.25058315284414],[-125.33486683863731,50.25069567818069],[-125.33481584774538,50.250516271666385]]],[[[-125.22634116104152,50.27232656788512],[-125.22660442334318,50.27224106264946],[-125.22677354996593,50.27226386617038],[-125.22652765624606,50.27243055990333],[-125.22634116104152,50.27232656788512]]],[[[-125.19258004191052,50.41163137102343],[-125.19297053860252,50.41155157137777],[-125.19303084617138,50.4116056741795],[-125.19252845012912,50.41173105464511],[-125.19258004191052,50.41163137102343]]],[[[-125.91096983683329,50.475492881497395],[-125.91135425820103,50.47533057084854],[-125.91139874995724,50.47539176942645],[-125.91108744970916,50.47558826300447],[-125.91096983683329,50.475492881497395]]],[[[-125.35524532504958,50.2497442725023],[-125.35559234214301,50.24966455239295],[-125.35579245070262,50.24971435237612],[-125.35566833592047,50.24979845702695],[-125.35524532504958,50.2497442725023]]],[[[-125.04512883822153,50.18488295475183],[-125.04526953675848,50.18492566404664],[-125.04529224167044,50.185096576424336],[-125.04504094786131,50.18510086799107],[-125.04512883822153,50.18488295475183]]],[[[-125.50559944550633,50.442691969312015],[-125.5058156448912,50.44254237515871],[-125.50600624785845,50.44266487639882],[-125.50592564062279,50.44274747841002],[-125.50559944550633,50.442691969312015]]],[[[-125.27141123402156,50.45762906419231],[-125.27160564495826,50.4575706677785],[-125.271847255502,50.45762046523599],[-125.27159964461305,50.457741550676765],[-125.27141123402156,50.45762906419231]]],[[[-125.9338143414672,50.54707226136235],[-125.93397872003851,50.54699526503661],[-125.93425233499937,50.5470608571649],[-125.93393516109809,50.54717616704509],[-125.9338143414672,50.54707226136235]]],[[[-125.17617225322992,50.12979026757795],[-125.17635425298757,50.129777456513814],[-125.17640375082591,50.1299568711154],[-125.1761679505772,50.129988252976176],[-125.17617225322992,50.12979026757795]]],[[[-125.24582853761561,50.082255875321756],[-125.24601033541434,50.08224307575921],[-125.24616415970242,50.08252786382218],[-125.24592064396055,50.08242537596026],[-125.24582853761561,50.082255875321756]]],[[[-125.40099536739234,50.46653886993199],[-125.40117504276482,50.46647335910067],[-125.4014338363529,50.4665844612291],[-125.40122685418508,50.466659969968546],[-125.40099536739234,50.46653886993199]]],[[[-125.59494835008353,50.48240595600118],[-125.59519054499903,50.48241876187697],[-125.595102338825,50.4826281805775],[-125.5949302468301,50.48257687628473],[-125.59494835008353,50.48240595600118]]],[[[-125.14368723437981,50.19159666796786],[-125.14391193899935,50.19160097045289],[-125.14387874389911,50.191817468983324],[-125.14375253986947,50.19181177900903],[-125.14368723437981,50.19159666796786]]],[[[-124.73503435402478,50.25245885788222],[-124.73520933949109,50.25230356399202],[-124.73550875967831,50.252389064413116],[-124.73525823424978,50.252491563073654],[-124.73503435402478,50.25245885788222]]],[[[-124.72700135088752,50.27277096101606],[-124.72712174994376,50.27265265392139],[-124.72732203030976,50.27275806294251],[-124.72720132076476,50.27291186404514],[-124.72700135088752,50.27277096101606]]],[[[-125.24968883623674,50.094251959765565],[-125.24991453765227,50.094257659314984],[-125.24987184596463,50.09454537105683],[-125.24977124050992,50.09450267235776],[-125.24968883623674,50.094251959765565]]],[[[-125.14505643181482,50.230231161655254],[-125.14523412078303,50.23017426307196],[-125.14537995520182,50.23026966667057],[-125.14523233907683,50.23042637387638],[-125.14505643181482,50.230231161655254]]],[[[-124.79717884978167,50.268469762989405],[-124.79719904238925,50.26831597106065],[-124.7975070349694,50.2682931709599],[-124.79739014621883,50.26850115251202],[-124.79717884978167,50.268469762989405]]],[[[-125.25772453049464,50.473185658535364],[-125.25794584935403,50.473127253280744],[-125.25802322898394,50.47326966099866],[-125.25771813299157,50.473339483675225],[-125.25772453049464,50.473185658535364]]],[[[-125.33691545027078,50.24926866481115],[-125.33708195850608,50.24921166393772],[-125.33726874727606,50.24929707185527],[-125.3369221379639,50.24939396326885],[-125.33691545027078,50.24926866481115]]],[[[-125.22653224605129,50.068540677078715],[-125.22640913738815,50.06831857427077],[-125.22674893469717,50.06839256261545],[-125.22668614907404,50.068547874240636],[-125.22653224605129,50.068540677078715]]],[[[-125.4621091521268,50.349973061568164],[-125.46232494525226,50.34977937266877],[-125.46256625121548,50.3498377664707],[-125.46227844778163,50.34998726691717],[-125.4621091521268,50.349973061568164]]],[[[-125.13451913040883,50.234211873059316],[-125.13462756079782,50.23409366977804],[-125.13489866350905,50.23422327185745],[-125.13485993601583,50.23429585837503],[-125.13451913040883,50.234211873059316]]],[[[-125.09303622325253,50.163044165044255],[-125.0932299173291,50.16296866115345],[-125.09337796281604,50.163146668656275],[-125.09319634000347,50.16319365512142],[-125.09303622325253,50.163044165044255]]],[[[-125.28330673167427,50.259078577819416],[-125.28352331878334,50.25893896286681],[-125.2838787290236,50.25902156036983],[-125.28354753123851,50.25911845892748],[-125.28330673167427,50.259078577819416]]],[[[-125.40259263278935,50.45162886441486],[-125.40262824678257,50.451510560455624],[-125.40298345747078,50.451566175029214],[-125.40282356132067,50.451714272812865],[-125.40259263278935,50.45162886441486]]],[[[-125.1789310534298,50.31653545964689],[-125.17902584525356,50.31648845419885],[-125.1793018473015,50.316690664311864],[-125.1790225523123,50.31673197509817],[-125.1789310534298,50.31653545964689]]],[[[-125.0826676250512,50.17157797268158],[-125.08288375368157,50.17170046842707],[-125.0826804394627,50.171874264990294],[-125.08265973172728,50.171686263780025],[-125.0826676250512,50.17157797268158]]],[[[-125.18240124035091,50.15042566840361],[-125.18249473798241,50.15034157493501],[-125.1826698388263,50.15049257604181],[-125.18241084313043,50.150640653166775],[-125.18240124035091,50.15042566840361]]],[[[-125.15497204899297,50.141582753847445],[-125.15519603680252,50.14159696373053],[-125.15513714528518,50.14185897264598],[-125.15498285511549,50.14184336784645],[-125.15497204899297,50.141582753847445]]],[[[-125.11277213336412,50.24220167752151],[-125.11305322962087,50.2421874610801],[-125.11312704819204,50.242284258194736],[-125.11283652571235,50.242388265193306],[-125.11277213336412,50.24220167752151]]],[[[-125.04519793265244,50.26843416344404],[-125.04542283394255,50.26842135712768],[-125.04527951921776,50.268710464228725],[-125.04516483372808,50.268650671498165],[-125.04519793265244,50.26843416344404]]],[[[-125.04540536445414,50.26868196678352],[-125.04557023142019,50.2686065595023],[-125.04566283463022,50.268794564094364],[-125.04544192579988,50.26889707473209],[-125.04540536445414,50.26868196678352]]],[[[-125.18279135502137,50.14455367579917],[-125.18301004917926,50.1444325497111],[-125.18325175149488,50.14453507357872],[-125.18312974628938,50.14463627727515],[-125.18279135502137,50.14455367579917]]],[[[-125.0378436631056,50.19805406560328],[-125.03803564001986,50.19795148061556],[-125.03806215068133,50.19822927618083],[-125.0378108402382,50.19823346627733],[-125.0378436631056,50.19805406560328]]],[[[-125.06512402390965,50.19050996115528],[-125.06528844103225,50.19045306087114],[-125.0654656413909,50.190639580725126],[-125.06508651969025,50.19062816034528],[-125.06512402390965,50.19050996115528]]],[[[-124.83270083328814,50.1127481605762],[-124.83295162187926,50.11272677085987],[-124.83323603703117,50.11283076845918],[-124.83279002817832,50.1128820607411],[-124.83270083328814,50.1127481605762]]],[[[-125.64123934733665,50.42160077243495],[-125.64149255181898,50.42157656252117],[-125.64154364258944,50.42172897524749],[-125.64127754740385,50.421788774357424],[-125.64123934733665,50.42160077243495]]],[[[-125.47714765164166,50.35180316873663],[-125.47734112485456,50.35170916963653],[-125.47747733308772,50.351904275621116],[-125.47717065376608,50.35194696668941],[-125.47714765164166,50.35180316873663]]],[[[-125.3574810490894,50.25153307114188],[-125.35762934076946,50.25140496998864],[-125.35781815613298,50.251535960767114],[-125.35758643424185,50.25168408272266],[-125.3574810490894,50.25153307114188]]],[[[-125.13979843721815,50.22932116452],[-125.14001905632526,50.22925417393895],[-125.14011224792634,50.22943226353897],[-125.13980443045833,50.22948206522869],[-125.13979843721815,50.22932116452]]],[[[-125.97754356298829,50.47139686989811],[-125.97779404504455,50.47134556410705],[-125.97795503920996,50.47143957520979],[-125.97772123537051,50.471563477758],[-125.97754356298829,50.47139686989811]]],[[[-125.15530405748467,50.227388467041294],[-125.15546861819472,50.227340064548095],[-125.15556392422616,50.227553666642784],[-125.1552982522137,50.227586467663876],[-125.15530405748467,50.227388467041294]]],[[[-125.25681075003887,50.09167696596293],[-125.2568195299681,50.09153176161611],[-125.25723983563148,50.091578757877095],[-125.25720505551209,50.091714067694426],[-125.25681075003887,50.09167696596293]]],[[[-125.31714063315152,50.349616968639126],[-125.31748813456213,50.34953727967315],[-125.31750843346025,50.349653968858185],[-125.31717684626227,50.34976935604666],[-125.31714063315152,50.349616968639126]]],[[[-124.72647233344391,50.18165717267549],[-124.72666155710064,50.18150046703599],[-124.72684892434759,50.18165145791242],[-124.72678295213088,50.18174115865764],[-124.72647233344391,50.18165717267549]]],[[[-125.26896062588546,50.31146665768262],[-125.26916574413504,50.31137265313832],[-125.26881653329274,50.31171166766458],[-125.26877143852514,50.311631864898565],[-125.26896062588546,50.31146665768262]]],[[[-125.22450652114584,50.11777416740877],[-125.2247555505503,50.11774286642502],[-125.22493484373807,50.11797357495369],[-125.22485364804878,50.11803765855394],[-125.22450652114584,50.11777416740877]]],[[[-125.95234142788857,50.54352736426683],[-125.9527998436033,50.543397754137075],[-125.95300024362734,50.543447560014805],[-125.95258613635725,50.54358287599846],[-125.95234142788857,50.54352736426683]]],[[[-125.0829334516614,50.171267570480346],[-125.08311382971148,50.17119205597423],[-125.08326373708958,50.17144127654939],[-125.08308405083334,50.171471170945324],[-125.0829334516614,50.171267570480346]]],[[[-125.31744715805749,50.377827772047425],[-125.31770662146853,50.377713765351686],[-125.3178308349149,50.37791885769728],[-125.31752184009405,50.37794306830947],[-125.31744715805749,50.377827772047425]]],[[[-125.3635302402643,50.284188766075886],[-125.36369474203846,50.284113364248526],[-125.36403253319817,50.28413327573094],[-125.36383006112814,50.28428996530841],[-125.3635302402643,50.284188766075886]]],[[[-125.14063815352166,50.13088266569984],[-125.1406965459468,50.13063056705967],[-125.1410053622426,50.13067896667215],[-125.14099366109224,50.130741669555064],[-125.14063815352166,50.13088266569984]]],[[[-125.10707313617841,50.246855967865564],[-125.1067244590676,50.24690726709874],[-125.10661023693339,50.24687306967683],[-125.10692554939037,50.24670645355667],[-125.10707313617841,50.246855967865564]]],[[[-125.6728648255201,50.41163986803673],[-125.67316924365956,50.4115515585922],[-125.67330106010711,50.41162987183093],[-125.67309724603382,50.4117780589919],[-125.6728648255201,50.41163986803673]]],[[[-124.849025230968,50.12253676472863],[-124.84924245032774,50.1223986555366],[-124.84930981791639,50.122657862328],[-124.84895995451795,50.12269055576934],[-124.849025230968,50.12253676472863]]],[[[-125.33870924311178,50.24896235347751],[-125.33898793818585,50.248912566316946],[-125.3391611478058,50.24898097505769],[-125.3388170233485,50.24912186401305],[-125.33870924311178,50.24896235347751]]],[[[-125.76257334034646,50.45463676943949],[-125.76258312685633,50.45452856931574],[-125.76310125561817,50.454488674775426],[-125.76294024229144,50.45463676200802],[-125.76257334034646,50.45463676943949]]],[[[-124.75403553771447,50.21750017516923],[-124.75421544562016,50.21746175202281],[-124.75434893237609,50.21766686902547],[-124.75403093589563,50.217770754884896],[-124.75403553771447,50.21750017516923]]],[[[-125.35029466734966,50.24493337133761],[-125.35060334133665,50.24489916592058],[-125.35069273834605,50.245005981292785],[-125.35041614686169,50.245109950298236],[-125.35029466734966,50.24493337133761]]],[[[-125.43000472931992,50.35583936028141],[-125.43023901917151,50.355735360996384],[-125.43043764633624,50.35575817109117],[-125.43018113720255,50.35598886904924],[-125.43000472931992,50.35583936028141]]],[[[-124.72322073529742,50.291697274426184],[-124.72367333123863,50.29176276904622],[-124.72371864057841,50.29187955747249],[-124.72339532501276,50.29187527204132],[-124.72322073529742,50.291697274426184]]],[[[-125.1891363569871,50.51240837372958],[-125.18947243808034,50.51236707379557],[-125.1894937438403,50.51250097589456],[-125.18918661941117,50.5125878674717],[-125.1891363569871,50.51240837372958]]],[[[-125.10967382992698,50.144644779159414],[-125.10981093355001,50.14459777473873],[-125.11011042860362,50.14470887391079],[-125.10979464597679,50.1448412575349],[-125.10967382992698,50.144644779159414]]],[[[-125.10973874457008,50.24537135434167],[-125.11003294263283,50.24528226893125],[-125.11023404400815,50.245396167110684],[-125.10981833649551,50.24547447904597],[-125.10973874457008,50.24537135434167]]],[[[-125.31850605947544,50.30030656313327],[-125.31876735954722,50.30017557100246],[-125.31890903823736,50.30022687055014],[-125.31861212505765,50.30047465995113],[-125.31850605947544,50.30030656313327]]],[[[-125.67377984106388,50.41236476919652],[-125.67411355240871,50.41230355225311],[-125.67423495474056,50.41246305593778],[-125.67387173338709,50.412534282027835],[-125.67377984106388,50.41236476919652]]],[[[-125.5629671381061,50.53927035586119],[-125.56313116005151,50.53918636361958],[-125.56302595337803,50.53958376450023],[-125.56286605106837,50.539506876379306],[-125.5629671381061,50.53927035586119]]],[[[-124.78401404833237,50.282738959023575],[-124.78441775441058,50.28259796650232],[-124.78454542413033,50.282640668632055],[-124.78420135792338,50.28285286208169],[-124.78401404833237,50.282738959023575]]],[[[-125.17128585568892,50.16926226435677],[-125.17154896008672,50.169220969821765],[-125.1713978597996,50.1695741608713],[-125.17128343462433,50.16955847268638],[-125.17128585568892,50.16926226435677]]],[[[-125.2191335430469,50.27457825665925],[-125.21936992237411,50.274519858509514],[-125.21938434658695,50.2748345644838],[-125.21921562694725,50.27482885730725],[-125.2191335430469,50.27457825665925]]],[[[-125.753610642182,50.44295677510194],[-125.75393104701594,50.44289557723512],[-125.75427932872991,50.44304937421097],[-125.75406965534326,50.44309927662128],[-125.753610642182,50.44295677510194]]],[[[-125.11241925663262,50.24435796697853],[-125.11289014343251,50.244214072087246],[-125.11300615993606,50.24430236760698],[-125.11260553798466,50.24447045649449],[-125.11241925663262,50.24435796697853]]],[[[-125.65979683833322,50.42811227581698],[-125.66006063238231,50.42805245645324],[-125.66009142519376,50.428375771720354],[-125.65993732388995,50.428380067434276],[-125.65979683833322,50.42811227581698]]],[[[-125.22101995189308,50.078406169721404],[-125.22119585034348,50.07829517189438],[-125.22135095339179,50.078634062642465],[-125.22114045402579,50.078602770409525],[-125.22101995189308,50.078406169721404]]],[[[-125.82160215816849,50.49448046227483],[-125.82178562492533,50.494494662916956],[-125.82162412503902,50.49484927241058],[-125.82151504424861,50.49468977790225],[-125.82160215816849,50.49448046227483]]],[[[-125.02316305110236,50.197158269003346],[-125.02345524118265,50.19710837037217],[-125.02321972997215,50.19747296100409],[-125.023130949362,50.19738465261145],[-125.02316305110236,50.197158269003346]]],[[[-125.10773143166266,50.24590036465585],[-125.1079643392001,50.24576936288811],[-125.10821775435859,50.245783561563854],[-125.10789276507425,50.24603136811009],[-125.10773143166266,50.24590036465585]]],[[[-125.51539455173123,50.360174667619916],[-125.51557206179551,50.360045067562204],[-125.51574632473006,50.360167571422494],[-125.51553284694509,50.36037975954993],[-125.51539455173123,50.360174667619916]]],[[[-125.04576956116327,50.18416086502096],[-125.0460228613764,50.18419216373631],[-125.04585544000759,50.18449275511147],[-125.04568323693411,50.18443286763975],[-125.04576956116327,50.18416086502096]]],[[[-125.09372824057648,50.16250147211392],[-125.09398982391559,50.162406065354254],[-125.09409893625438,50.16265675838758],[-125.09377633111151,50.162643959421644],[-125.09372824057648,50.16250147211392]]],[[[-125.22514054849827,50.28809115782979],[-125.22543132540825,50.28800425816321],[-125.22558835610671,50.288082559022115],[-125.22517633031143,50.28826067368018],[-125.22514054849827,50.28809115782979]]],[[[-125.31966253424171,50.35898397871026],[-125.3199124551302,50.35889857435361],[-125.31981623273897,50.359241759746716],[-125.31964693695134,50.359227553940926],[-125.31966253424171,50.35898397871026]]],[[[-125.11107433577989,50.24152086871544],[-125.111139951127,50.24145686917326],[-125.11140884226538,50.2415066675302],[-125.1111258273843,50.24177297430549],[-125.11107433577989,50.24152086871544]]],[[[-125.47570913103537,50.349531557888774],[-125.47606972830437,50.349451776137975],[-125.47628644069557,50.34955576789845],[-125.47602554407929,50.34965967585485],[-125.47570913103537,50.349531557888774]]],[[[-125.22353303681344,50.28286758216271],[-125.22377423306497,50.28290847795105],[-125.22382303304924,50.283060877500965],[-125.223431624527,50.28306796530708],[-125.22353303681344,50.28286758216271]]],[[[-125.14384783490492,50.161721080929034],[-125.14406673163874,50.16159997609426],[-125.14422854286039,50.16175096727527],[-125.14385886168688,50.16193747103721],[-125.14384783490492,50.161721080929034]]],[[[-125.44298144539962,50.34926097613068],[-125.44327423054403,50.349201078171184],[-125.44347291835514,50.34925096346176],[-125.44297744884739,50.349450367992965],[-125.44298144539962,50.34926097613068]]],[[[-125.36906232924639,50.25394285728814],[-125.36935295658846,50.25386456117872],[-125.3695527278826,50.2539599694508],[-125.36919514022466,50.254092366813026],[-125.36906232924639,50.25394285728814]]],[[[-125.22357275687978,50.28731067119575],[-125.22332063590791,50.287333475533075],[-125.22324862926529,50.287272174473316],[-125.22360263056646,50.28705856448679],[-125.22357275687978,50.28731067119575]]],[[[-125.06405563847619,50.193983668806304],[-125.06434936102316,50.19398797044705],[-125.06443045189822,50.19423715710886],[-125.06411922045359,50.19416166539354],[-125.06405563847619,50.193983668806304]]],[[[-125.25091725078313,50.50284767095874],[-125.25142935071017,50.502639751962555],[-125.25165563287557,50.50268956543396],[-125.25087712264441,50.50290176666874],[-125.25091725078313,50.50284767095874]]],[[[-125.13456984834694,50.23280755220873],[-125.13492035290368,50.23281895962799],[-125.1350555404674,50.23302405443326],[-125.13481924710085,50.233046870176075],[-125.13456984834694,50.23280755220873]]],[[[-125.32216955276735,50.36652517581317],[-125.32244202829638,50.366367074108815],[-125.3225638624564,50.3665721670459],[-125.32230273234087,50.366657666997966],[-125.32216955276735,50.36652517581317]]],[[[-125.48966742795018,50.41933206284303],[-125.48989656143736,50.41940746478027],[-125.48931743606258,50.41962685745546],[-125.48939336274906,50.41949006926321],[-125.48966742795018,50.41933206284303]]],[[[-125.99819885243282,50.47928555338009],[-125.99851375535421,50.479160259474554],[-125.99872382819296,50.479137468186586],[-125.9984052430294,50.47942516649727],[-125.99819885243282,50.47928555338009]]],[[[-125.31825015773398,50.34298306720869],[-125.31848635631066,50.3428889734918],[-125.31870553937148,50.34309976665712],[-125.31834462027224,50.34315246617262],[-125.31825015773398,50.34298306720869]]],[[[-125.03730524382607,50.21799586461598],[-125.03758465007718,50.21793595131119],[-125.03762435230692,50.21823226788138],[-125.03737423170875,50.21827355804591],[-125.03730524382607,50.21799586461598]]],[[[-125.05326235888522,50.25560066577391],[-125.05354372618282,50.255603466283866],[-125.05364013244262,50.255881173484326],[-125.053229342362,50.2557900681619],[-125.05326235888522,50.25560066577391]]],[[[-125.08691624127788,50.194204361650606],[-125.08709653175427,50.194120357034635],[-125.087273963147,50.194359669304504],[-125.08701255137389,50.19447215989043],[-125.08691624127788,50.194204361650606]]],[[[-125.35772932831796,50.35167926499631],[-125.35796376169586,50.351575264159585],[-125.3582324646628,50.35163226912558],[-125.35815822572599,50.351823062597035],[-125.35772932831796,50.35167926499631]]],[[[-125.20554704916745,50.408958057936175],[-125.20607225299398,50.40876865770932],[-125.20634101841905,50.4087900644467],[-125.20601204230415,50.40896665318572],[-125.20554704916745,50.408958057936175]]],[[[-126.2788805486828,50.5132272580877],[-126.2790787544075,50.513205955260304],[-126.27922646802416,50.51357767010199],[-126.27894672091975,50.51355346385712],[-126.2788805486828,50.5132272580877]]],[[[-124.90280682512031,50.1727031625662],[-124.9030136538261,50.172637556392594],[-124.9033022368104,50.172848355970544],[-124.9029713370284,50.17295235947367],[-124.90280682512031,50.1727031625662]]],[[[-125.32211004646535,50.255781552018384],[-125.32217775567257,50.25572597501562],[-125.3228027595117,50.25587557284688],[-125.32249882464734,50.255989471988244],[-125.32211004646535,50.255781552018384]]],[[[-125.47578612915918,50.348594366139565],[-125.47615192349477,50.348612867108784],[-125.47616115479326,50.3487667677502],[-125.47592983669648,50.3489148688843],[-125.47578612915918,50.348594366139565]]],[[[-125.60062952257958,50.507006361675934],[-125.60101793705985,50.50691668323717],[-125.60114245476612,50.5071031555818],[-125.60078122920979,50.5072014701467],[-125.60062952257958,50.507006361675934]]],[[[-125.18110633519935,50.133674056517],[-125.18132713552407,50.13358866010454],[-125.18156836471049,50.133665566047185],[-125.18139576338172,50.133893365471266],[-125.18110633519935,50.133674056517]]],[[[-125.14435833519666,50.161846365394254],[-125.14450544628187,50.16169116262095],[-125.14472363213038,50.16184917059785],[-125.14429783664453,50.16204577708318],[-125.14435833519666,50.161846365394254]]],[[[-125.94842236300113,50.44377576775486],[-125.94851286754222,50.4436475712672],[-125.9488762256269,50.443808466972975],[-125.94827755692677,50.44392386256896],[-125.94842236300113,50.44377576775486]]],[[[-126.29846045204661,50.515681251333525],[-126.29883422792079,50.515581574302864],[-126.29890765364321,50.51576385317758],[-126.2985525221676,50.51580936622201],[-126.29846045204661,50.515681251333525]]],[[[-125.06483072437524,50.193483766434554],[-125.06505574263666,50.19345247499202],[-125.06534664468717,50.19370027301469],[-125.06520864036284,50.19379277773401],[-125.06483072437524,50.193483766434554]]],[[[-125.20329293942012,50.25369647013154],[-125.20298474384596,50.25372925490183],[-125.20293572377557,50.25355117050104],[-125.20322414758886,50.253428749305726],[-125.20329293942012,50.25369647013154]]],[[[-125.35217573695995,50.25141317039992],[-125.3525470354045,50.25136366941694],[-125.35259835239162,50.25155166069093],[-125.35240923492601,50.25168126034404],[-125.35217573695995,50.25141317039992]]],[[[-125.98164133835566,50.469348870422316],[-125.98194845220192,50.46929616121381],[-125.98200255848981,50.46948266684251],[-125.98165783038378,50.469609464989055],[-125.98164133835566,50.469348870422316]]],[[[-125.06501812674345,50.19225747253025],[-125.06539163403,50.19219626462043],[-125.06554172646455,50.192401369992815],[-125.06529233980808,50.19247687193144],[-125.06501812674345,50.19225747253025]]],[[[-125.19539034710189,50.1314252624552],[-125.19576305289011,50.13134697005354],[-125.19583436323397,50.13167737046742],[-125.19565215128333,50.1316730743507],[-125.19539034710189,50.1314252624552]]],[[[-125.4855006368105,50.44275315451947],[-125.48580944573212,50.44269337548148],[-125.4858901399861,50.442916956574166],[-125.48536034199003,50.44300806859565],[-125.4855006368105,50.44275315451947]]],[[[-125.23188513064258,50.307453277376624],[-125.2320903431059,50.307332172866744],[-125.23187743456732,50.307849166591],[-125.23175644963547,50.30769825639224],[-125.23188513064258,50.307453277376624]]],[[[-125.36466394694912,50.24954346840046],[-125.36496314026314,50.249358372009404],[-125.36532313062878,50.2495391782129],[-125.36490462408472,50.2496104581614],[-125.36466394694912,50.24954346840046]]],[[[-125.48423703717984,50.44307786013942],[-125.484302361255,50.443003862195106],[-125.48502583605078,50.44307928131652],[-125.48445594699872,50.443243051800955],[-125.48423703717984,50.44307786013942]]],[[[-125.76059686067136,50.4204471750493],[-125.76084743873267,50.420395862797726],[-125.76083272345262,50.42083736878177],[-125.76067645517945,50.42082316681628],[-125.76059686067136,50.4204471750493]]],[[[-125.23591085392341,50.06195655991593],[-125.23638574968862,50.06196515227817],[-125.23646616502938,50.0622058677275],[-125.23605522718142,50.06207055868724],[-125.23591085392341,50.06195655991593]]],[[[-125.25702143703028,50.324229080653836],[-125.25688232327421,50.323988365140586],[-125.2572723292023,50.32388146290959],[-125.25732332833367,50.324079471206296],[-125.25702143703028,50.324229080653836]]],[[[-125.18193595130863,50.14420896681796],[-125.18218132024069,50.14408786292291],[-125.18252393587379,50.14419755638715],[-125.18226635853686,50.1443912635366],[-125.18193595130863,50.14420896681796]]],[[[-125.58573675024476,50.523304953900826],[-125.58620811678095,50.523159764799914],[-125.58635814908756,50.52334487002341],[-125.58606664676176,50.52341465333203],[-125.58573675024476,50.523304953900826]]],[[[-125.54943785632635,50.378529873482115],[-125.54975544352321,50.378432961101915],[-125.55000244562274,50.378562567803414],[-125.54981166039454,50.378710768587545],[-125.54943785632635,50.378529873482115]]],[[[-125.28235073206008,50.31656537903068],[-125.28260123235329,50.31620928012011],[-125.28279933810049,50.31651975793855],[-125.28263652807043,50.316667875800604],[-125.28235073206008,50.31656537903068]]],[[[-125.93472462875725,50.54715627494168],[-125.93527936400358,50.54700817042347],[-125.93586463105092,50.54709216196714],[-125.93561414775881,50.547151979719395],[-125.93472462875725,50.54715627494168]]],[[[-125.31072491942032,50.31097675986297],[-125.31039164908705,50.31108216053726],[-125.31031982779164,50.311037973628345],[-125.31069571980035,50.31068056215683],[-125.31072491942032,50.31097675986297]]],[[[-125.762961263535,50.45496856617777],[-125.76343285342134,50.454867464579245],[-125.76360393935852,50.45513376570799],[-125.7633964426374,50.45518365999485],[-125.762961263535,50.45496856617777]]],[[[-125.51817353002163,50.451108978075744],[-125.51849095754234,50.45097657605372],[-125.51865073766074,50.451089053260844],[-125.51828184118527,50.451304055290564],[-125.51817353002163,50.451108978075744]]],[[[-125.16604624511203,50.1704656502957],[-125.16622361905382,50.170391666760736],[-125.16655602738383,50.17062806566786],[-125.16615614791138,50.170733456907236],[-125.16604624511203,50.1704656502957]]],[[[-125.20071915930323,50.28246696351101],[-125.20025804349798,50.28251107349936],[-125.20025172590817,50.28239426436017],[-125.20079044365563,50.28223055400336],[-125.20071915930323,50.28246696351101]]],[[[-125.36732835454804,50.25065865723705],[-125.36766824741359,50.25047207770478],[-125.36821702695605,50.25078396433533],[-125.36798241930494,50.25084376434802],[-125.36732835454804,50.25065865723705]]],[[[-126.25648564760984,50.53155546543633],[-126.256916723119,50.53144866188226],[-126.25704876007762,50.53159677284263],[-126.25641935281612,50.53172496538491],[-126.25648564760984,50.53155546543633]]],[[[-125.45633675492314,50.71240585700959],[-125.45651714746634,50.712348856300146],[-125.45704725428912,50.7127234646753],[-125.45640035723817,50.71253966233645],[-125.45633675492314,50.71240585700959]]],[[[-125.92043734829204,50.410927751768135],[-125.92081164112375,50.41084657784153],[-125.92075215233778,50.411235354321605],[-125.92047925459737,50.4111613712743],[-125.92043734829204,50.410927751768135]]],[[[-125.10875254578181,50.30427445462614],[-125.10925663291292,50.30421176284488],[-125.10964104463329,50.30432145700514],[-125.10950344320449,50.304422566063344],[-125.10875254578181,50.30427445462614]]],[[[-125.21692154520845,50.10532666245138],[-125.21739184916905,50.10519985229138],[-125.21752443503986,50.10535085450151],[-125.21718002718396,50.10547475782137],[-125.21692154520845,50.10532666245138]]],[[[-125.26932175298208,50.31109926668826],[-125.26950175048779,50.31106935049305],[-125.26972883713668,50.31141546680563],[-125.26924695189166,50.311317164923764],[-125.26932175298208,50.31109926668826]]],[[[-125.21939073020829,50.11604666227922],[-125.21966935494157,50.116013870525954],[-125.21991782966603,50.116270276429276],[-125.21950024327211,50.11631437128174],[-125.21939073020829,50.11604666227922]]],[[[-125.53442836070244,50.37194146163513],[-125.534971647967,50.37184886262361],[-125.53525942850642,50.371977062264286],[-125.53482904515687,50.37208526641895],[-125.53442836070244,50.37194146163513]]],[[[-125.14700656266803,50.231859067730554],[-125.14732464163421,50.23172665534782],[-125.14754124571729,50.23187615798472],[-125.14705933224387,50.23205557916227],[-125.14700656266803,50.231859067730554]]],[[[-125.20500973795772,50.253808965049245],[-125.2053201413488,50.25384746059629],[-125.20499934747495,50.25419495317958],[-125.20483975636535,50.254090963145764],[-125.20500973795772,50.253808965049245]]],[[[-124.79664822903912,50.8891900685942],[-124.79687183311509,50.889456478283954],[-124.79660612812505,50.88990076294887],[-124.79660693967378,50.889577468082116],[-124.79664822903912,50.8891900685942]]],[[[-125.14508774029231,50.23284745395648],[-125.14537433238158,50.23266235593594],[-125.14578453650199,50.23272786884794],[-125.14545573959327,50.23292155350528],[-125.14508774029231,50.23284745395648]]],[[[-126.29316674507207,50.5194354580775],[-126.2936418334533,50.5193015706698],[-126.29369444996432,50.51937567435941],[-126.29330583360282,50.51972595879238],[-126.29316674507207,50.5194354580775]]],[[[-125.17906282826122,50.234932577824466],[-125.17936505229912,50.234791571240486],[-125.17960764824286,50.23485847827491],[-125.17921472907078,50.235180378954496],[-125.17906282826122,50.234932577824466]]],[[[-125.86638763727407,50.40100246016206],[-125.86643273583532,50.40081157733931],[-125.8671715268116,50.40091985982599],[-125.86689804166947,50.40107936755868],[-125.86638763727407,50.40100246016206]]],[[[-125.85925642641332,50.39829077239445],[-125.85940382705733,50.39816117130246],[-125.85987195821804,50.39846446683653],[-125.85960815433174,50.398515756443956],[-125.85925642641332,50.39829077239445]]],[[[-124.7600931321203,50.29333078361515],[-124.76030133886715,50.29322825622662],[-124.76071465976462,50.293410569356574],[-124.76015964679932,50.2935814723253],[-124.7600931321203,50.29333078361515]]],[[[-125.22786613109362,50.268294663801534],[-125.22811183994659,50.26819066846935],[-125.22836774675322,50.26824046647812],[-125.22799083674589,50.268562378624324],[-125.22786613109362,50.268294663801534]]],[[[-125.4023733435065,50.45201197612805],[-125.40275095983588,50.45197637127233],[-125.40287406109003,50.45218147010167],[-125.40250033305142,50.45231387986321],[-125.4023733435065,50.45201197612805]]],[[[-125.15542334730782,50.14135767765674],[-125.155703344239,50.14136195555839],[-125.15549934161258,50.141806352414235],[-125.15538135052357,50.14170095388508],[-125.15542334730782,50.14135767765674]]],[[[-125.0732852288781,50.29699816657272],[-125.07369054734292,50.29697245928199],[-125.0738435211846,50.297267361845904],[-125.07334955023501,50.29720326748577],[-125.0732852288781,50.29699816657272]]],[[[-125.55765133528853,50.54485616716454],[-125.55795795224134,50.544769253690696],[-125.55829351444027,50.54496016247215],[-125.55794665575938,50.54508406104024],[-125.55765133528853,50.54485616716454]]],[[[-125.94034285380205,50.54760915671188],[-125.94053696197528,50.54755926309507],[-125.94113933145624,50.547687470326174],[-125.94068213458591,50.54784267036591],[-125.94034285380205,50.54760915671188]]],[[[-125.06507292684621,50.2763129714491],[-125.0653950441923,50.27629725938594],[-125.06562334107927,50.276698853712965],[-125.0654859569619,50.27678146533072],[-125.06507292684621,50.2763129714491]]],[[[-125.366607136397,50.55308097966896],[-125.3668384487488,50.5528872674157],[-125.36698466069137,50.552982663451495],[-125.36679384236594,50.55340996546586],[-125.366607136397,50.55308097966896]]],[[[-124.72564363440448,50.276029481614465],[-124.72583284703317,50.27582017665995],[-124.72625273218176,50.27615487325234],[-124.72607363076628,50.276265962855405],[-124.72564363440448,50.276029481614465]]],[[[-125.52777193349027,50.37133048167242],[-125.52814372531978,50.371205168264076],[-125.5285089330947,50.37144866231248],[-125.52818864162015,50.371509969120794],[-125.52777193349027,50.37133048167242]]],[[[-125.13417642346202,50.131271466619],[-125.13403265257976,50.1309139595042],[-125.1343227526771,50.1308014661684],[-125.13443363684232,50.13108775864692],[-125.13417642346202,50.131271466619]]],[[[-125.31966524719647,50.356411873350375],[-125.32007352918176,50.35645746713764],[-125.32009255550629,50.35682486444896],[-125.31981045105512,50.3567949765494],[-125.31966524719647,50.356411873350375]]],[[[-125.74210262197542,50.43808316034893],[-125.74236636120453,50.438004866078245],[-125.74294485674181,50.4382882755883],[-125.74244062293133,50.43833666201134],[-125.74210262197542,50.43808316034893]]],[[[-125.08679283451727,50.19328005890173],[-125.08699984226041,50.19319606483385],[-125.08725444012478,50.19357776935192],[-125.08679203754973,50.19359487153825],[-125.08679283451727,50.19328005890173]]],[[[-125.80293001546632,50.47516106250988],[-125.80319143935911,50.47506416965124],[-125.80374784677458,50.47514967131011],[-125.80326696009331,50.47536756381756],[-125.80293001546632,50.47516106250988]]],[[[-124.9696866178402,50.25892756529383],[-124.97017495620175,50.25886497232046],[-124.97028083549465,50.25907006762652],[-124.9698215311313,50.259185379442606],[-124.9696866178402,50.25892756529383]]],[[[-125.2173821256899,50.121022872681976],[-125.21757753935597,50.1210185673415],[-125.21789404098953,50.12121935885046],[-125.21759764875111,50.121432966552646],[-125.2173821256899,50.121022872681976]]],[[[-125.13184893564284,50.24004396734245],[-125.13206573994272,50.239851774054536],[-125.13238124535303,50.24032316649981],[-125.13222675257234,50.240316070651325],[-125.13184893564284,50.24004396734245]]],[[[-125.1834755616511,50.14480996491701],[-125.18356323499741,50.145231555569254],[-125.18310532016093,50.14531125920795],[-125.18321754185067,50.14502216143352],[-125.1834755616511,50.14480996491701]]],[[[-125.3382497493433,50.24927716537199],[-125.3386073520724,50.249171756888416],[-125.33882963600455,50.24937397218864],[-125.3382868310158,50.24949365806363],[-125.3382497493433,50.24927716537199]]],[[[-125.15491244466115,50.223689758392524],[-125.15563864858579,50.223639977758715],[-125.15591404333946,50.223805166997295],[-125.15567724512398,50.22387355441881],[-125.15491244466115,50.223689758392524]]],[[[-125.4927322421957,50.44230166680698],[-125.49330494642042,50.44220057092275],[-125.49387334795513,50.44229597203143],[-125.49341613557844,50.44243987909526],[-125.4927322421957,50.44230166680698]]],[[[-125.27649492217583,50.318362670646756],[-125.2767857588189,50.318275868078345],[-125.27712614267872,50.3183313630457],[-125.27667773317748,50.318654659494506],[-125.27649492217583,50.318362670646756]]],[[[-125.30897565103216,50.241506672420876],[-125.30851883496098,50.241623467503715],[-125.30828513610693,50.241466771127605],[-125.30876705337431,50.24127735534154],[-125.30897565103216,50.241506672420876]]],[[[-125.3580699269586,50.251036174544545],[-125.35762314240931,50.251027480426124],[-125.35748432586036,50.25075126532863],[-125.35802015472841,50.25080246950476],[-125.3580699269586,50.251036174544545]]],[[[-125.0590785611719,50.28248117185515],[-125.05921646389518,50.28242416948616],[-125.05993374088658,50.282753176790855],[-125.05914455966293,50.28270476171669],[-125.0590785611719,50.28248117185515]]],[[[-124.79614764264149,50.8883341663119],[-124.7965322293241,50.88835547154837],[-124.79712711397687,50.8886702657217],[-124.79638453163048,50.8885733776812],[-124.79614764264149,50.8883341663119]]],[[[-125.48940724934333,50.41868117527151],[-125.48985986569546,50.418715372517],[-125.48994514166729,50.4189930702759],[-125.48961123345376,50.41905427811561],[-125.48940724934333,50.41868117527151]]],[[[-124.8318509447365,50.17986255968812],[-124.83231152411464,50.179818458556674],[-124.83259074656254,50.180138961023005],[-124.83208296224264,50.18007486535775],[-124.8318509447365,50.17986255968812]]],[[[-125.60547054205152,50.43429905390598],[-125.60620566253917,50.434102465116325],[-125.60632642159301,50.434226365000136],[-125.60560841879729,50.434484166992895],[-125.60547054205152,50.43429905390598]]],[[[-126.29198763840371,50.519856955499655],[-126.29244632643889,50.51972457012158],[-126.29267925235028,50.51981995454226],[-126.2918593283532,50.520106266276926],[-126.29198763840371,50.519856955499655]]],[[[-125.8701825399127,50.47910606146253],[-125.87079772820192,50.47881266976447],[-125.87113496309878,50.47879567220811],[-125.87095374657449,50.479051969669875],[-125.8701825399127,50.47910606146253]]],[[[-125.2317212470063,50.30631387868585],[-125.23216514255519,50.30622416983679],[-125.23229044765569,50.30649195398925],[-125.23180176007239,50.30657306281292],[-125.2317212470063,50.30631387868585]]],[[[-125.24694233127751,50.3164101723415],[-125.2465553252605,50.3165154586628],[-125.24645145240511,50.316401555292764],[-125.24711192415748,50.31610956400181],[-125.24694233127751,50.3164101723415]]],[[[-125.99148132794389,50.48499096750422],[-125.99198844334128,50.48453806577812],[-125.99244293861867,50.48458926688691],[-125.99181524235557,50.484919772325405],[-125.99148132794389,50.48499096750422]]],[[[-125.23316484362311,50.123184773393056],[-125.23376216388516,50.123083666547004],[-125.23383173786424,50.123351365451136],[-125.2336553238248,50.12347246043561],[-125.23316484362311,50.123184773393056]]],[[[-125.17938553279953,50.31664368114133],[-125.17987202745132,50.316562469746025],[-125.18016842834479,50.31687156746909],[-125.1798052358528,50.31695126789547],[-125.17938553279953,50.31664368114133]]],[[[-125.49829303502264,50.433169665250794],[-125.49771115067043,50.43332627127992],[-125.49739395936572,50.433206670378205],[-125.49841145904242,50.433014372127765],[-125.49829303502264,50.433169665250794]]],[[[-125.5940555367814,50.45139235686645],[-125.59443822231535,50.45143796903774],[-125.59383015711981,50.4519107658365],[-125.59381664083314,50.45168577926152],[-125.5940555367814,50.45139235686645]]],[[[-125.05994684579831,50.28242985087834],[-125.06029752756886,50.28239715807141],[-125.06063283527446,50.282714768967224],[-125.0603870418267,50.282835761378486],[-125.05994684579831,50.28242985087834]]],[[[-124.99718385108378,49.950923753920364],[-124.99772844723897,49.95094945574044],[-124.99781382552852,49.95132686961167],[-124.99740854314123,49.95128835051122],[-124.99718385108378,49.950923753920364]]],[[[-125.38248502745051,50.396571767563735],[-125.38291814985267,50.39650905531364],[-125.38296744091471,50.39693066180484],[-125.3824525465709,50.39675115221435],[-125.38248502745051,50.396571767563735]]],[[[-125.51935293776472,50.450768559299846],[-125.51989755148107,50.450693159560174],[-125.5199537432898,50.45093527497839],[-125.51936664214494,50.451029256873966],[-125.51935293776472,50.450768559299846]]],[[[-125.51625341911878,50.35884296651862],[-125.51681823790722,50.35863366839031],[-125.51738554724736,50.35873757334227],[-125.51688792999288,50.35888286683764],[-125.51625341911878,50.35884296651862]]],[[[-125.14003333672518,50.22891097703258],[-125.14055604575267,50.22900067465796],[-125.14077465076488,50.22922146264233],[-125.1402615547816,50.229321175944705],[-125.14003333672518,50.22891097703258]]],[[[-125.0854017236536,50.20639276753674],[-125.08519125394655,50.20636006331187],[-125.08470544365686,50.206449755381726],[-125.08513375202882,50.20602816416757],[-125.0854017236536,50.20639276753674]]],[[[-125.2198414469963,50.11429207106842],[-125.22018605988524,50.11389897005212],[-125.2204576414348,50.1143076534845],[-125.22012813012417,50.114485659844455],[-125.2198414469963,50.11429207106842]]],[[[-124.79067175566074,50.19975316686791],[-124.79064275441897,50.19932157470291],[-124.7911163350506,50.19928737777661],[-124.79118375389466,50.199565171356475],[-124.79067175566074,50.19975316686791]]],[[[-125.09548703851596,50.203675381365144],[-125.09605033687058,50.20373666193258],[-125.09610594668558,50.20404147532953],[-125.09564163730916,50.203995863641815],[-125.09548703851596,50.203675381365144]]],[[[-126.23665984424484,50.53780627859311],[-126.23617354344658,50.53793017918005],[-126.2360199335483,50.53788037406179],[-126.23695306569033,50.53760696607079],[-126.23665984424484,50.53780627859311]]],[[[-125.07265021920068,50.221318464110276],[-125.07310753826674,50.22115755278745],[-125.07333385955053,50.22124307299812],[-125.0729998492353,50.22162755299706],[-125.07265021920068,50.221318464110276]]],[[[-125.52533374914026,50.55558326834797],[-125.52579772528654,50.55554627331189],[-125.52592824189702,50.555614659165414],[-125.52555203964222,50.55596495677604],[-125.52533374914026,50.55558326834797]]],[[[-125.0649384362593,50.1930237606133],[-125.06464724926789,50.1927588666863],[-125.06548194347498,50.19297815510838],[-125.0651870599997,50.19327157035041],[-125.0649384362593,50.1930237606133]]],[[[-124.9013440592726,50.17292526547754],[-124.90178445219111,50.172684569159316],[-124.90207124096983,50.172868361334984],[-124.90191454701618,50.17315885795435],[-124.9013440592726,50.17292526547754]]],[[[-125.2487655347635,50.09422486776977],[-125.24919833826073,50.0942163751952],[-125.24938505204545,50.094599457825865],[-125.24892325144357,50.09459946695833],[-125.2487655347635,50.09422486776977]]],[[[-125.40820082614974,50.45110757096546],[-125.40841625034744,50.45090537063955],[-125.40887855476642,50.45113035917605],[-125.40822712889579,50.45134115986891],[-125.40820082614974,50.45110757096546]]],[[[-124.69097553636594,50.173265665239256],[-124.69162765385678,50.17313895941366],[-124.69188684325755,50.17330557583067],[-124.69107942298945,50.173479258416826],[-124.69097553636594,50.173265665239256]]],[[[-125.15467165719463,50.387703163915326],[-125.15546942274047,50.387599272527204],[-125.15597433355836,50.387868381013526],[-125.1558367341842,50.38793386918315],[-125.15467165719463,50.387703163915326]]],[[[-125.815556220642,50.47365846557763],[-125.81597435619926,50.473370762725935],[-125.81659454713821,50.473588668882776],[-125.81571914062472,50.47378958172364],[-125.815556220642,50.47365846557763]]],[[[-125.60758665479116,50.4323079756013],[-125.60808224569635,50.43236927846682],[-125.60704304863216,50.43268966210722],[-125.60717434990363,50.432507375982816],[-125.60758665479116,50.4323079756013]]],[[[-125.12769813950565,50.23565036088768],[-125.12726261887458,50.23562186243107],[-125.12691012764411,50.235268657085946],[-125.12785514685847,50.23539536973733],[-125.12769813950565,50.23565036088768]]],[[[-125.08328933332598,50.20613357064467],[-125.08370944332441,50.20610795603739],[-125.08385335606826,50.2065465748643],[-125.0832905235511,50.206475369141565],[-125.08328933332598,50.20613357064467]]],[[[-125.13107354764169,50.236821052918664],[-125.13165695243947,50.2366657633097],[-125.13198185605654,50.237047462419895],[-125.13138014201184,50.237057464803115],[-125.13107354764169,50.236821052918664]]],[[[-125.22544934888353,50.2691320769095],[-125.22604164504902,50.268914160452596],[-125.22622814434489,50.269018174496146],[-125.22534172828064,50.269539361296225],[-125.22544934888353,50.2691320769095]]],[[[-125.6013918398751,50.50731395554746],[-125.60164384155789,50.50698356262251],[-125.60239715062615,50.507120256054364],[-125.60186153839045,50.507375265347704],[-125.6013918398751,50.50731395554746]]],[[[-125.38455953786963,50.398661072311995],[-125.38509595424081,50.39839755853898],[-125.38551174731353,50.39855137336785],[-125.3853392449531,50.39877925681218],[-125.38455953786963,50.398661072311995]]],[[[-124.84187334608737,50.122461250736],[-124.84224924926124,50.12208666294844],[-124.84265665548473,50.12209807234188],[-124.84233583027161,50.122516874112726],[-124.84187334608737,50.122461250736]]],[[[-125.26237245219744,50.465755576670745],[-125.26280295905396,50.46561317386367],[-125.2631041363881,50.46573275675672],[-125.26204774683399,50.46601476803513],[-125.26237245219744,50.465755576670745]]],[[[-125.49926444187761,50.444955855213934],[-125.49889283582284,50.4450575579429],[-125.4987103453415,50.444826776013755],[-125.49916752142214,50.44440376265839],[-125.49926444187761,50.444955855213934]]],[[[-125.06287764309313,50.19818647773702],[-125.06321396584588,50.19820786811134],[-125.06320863277408,50.198756155503276],[-125.0628141310394,50.198665072388394],[-125.06287764309313,50.19818647773702]]],[[[-125.18523273177964,50.408391370557894],[-125.18563144096457,50.408362772630795],[-125.18591365266178,50.4086632572794],[-125.18524176156421,50.40877436321185],[-125.18523273177964,50.408391370557894]]],[[[-125.85670545099852,50.398451666227274],[-125.85702033010263,50.39831775991328],[-125.85820192783706,50.398531470251186],[-125.85754685446118,50.39862975381997],[-125.85670545099852,50.398451666227274]]],[[[-125.22168944357126,50.2676750775065],[-125.22216222552034,50.267593857808684],[-125.22231414014136,50.2678160574895],[-125.22179332580033,50.268078167305184],[-125.22168944357126,50.2676750775065]]],[[[-125.38249054141748,50.397906254791586],[-125.38305495050854,50.3978463701308],[-125.38327164906988,50.39823666882122],[-125.38255343712463,50.3982067547408],[-125.38249054141748,50.397906254791586]]],[[[-125.97243073807304,50.53770807119049],[-125.97334055165075,50.5375855762235],[-125.973421427795,50.53774506167281],[-125.97286374099848,50.53807407172772],[-125.97243073807304,50.53770807119049]]],[[[-125.86897364211823,50.40282687105035],[-125.86960363063706,50.402767065385454],[-125.86991155539542,50.40295785864027],[-125.86926073419419,50.403125979880066],[-125.86897364211823,50.40282687105035]]],[[[-125.13960753472671,50.16769986827511],[-125.14014265087772,50.16778957558715],[-125.14010154615627,50.16813135750875],[-125.13958713928967,50.16816846973807],[-125.13960753472671,50.16769986827511]]],[[[-125.05279493142028,50.25841487237445],[-125.05372993047368,50.258668362502696],[-125.0537786288244,50.25909847628287],[-125.05317443566076,50.258785159450206],[-125.05279493142028,50.25841487237445]]],[[[-125.12638954716756,50.23271506932204],[-125.12662785929066,50.232683666073825],[-125.12701925484423,50.23297276458274],[-125.12625586457736,50.233149371888786],[-125.12638954716756,50.23271506932204]]],[[[-125.13403934303551,50.228869580594235],[-125.13452754328748,50.22874286201517],[-125.13506556373007,50.22917446814917],[-125.13393924406496,50.22903206353985],[-125.13403934303551,50.228869580594235]]],[[[-125.41796914867828,50.716185676318226],[-125.41868193806708,50.71599058272283],[-125.41953543345969,50.716063177454906],[-125.41888215311363,50.71626546369804],[-125.41796914867828,50.716185676318226]]],[[[-125.21781114530668,50.28749295521372],[-125.21874552276533,50.28734917105903],[-125.21884133179925,50.287608361371156],[-125.21830042051441,50.28777206145682],[-125.21781114530668,50.28749295521372]]],[[[-125.49743294642403,50.3573959600544],[-125.49796104039592,50.35700717170282],[-125.49832292041674,50.35720656668541],[-125.49779215593074,50.35753276130527],[-125.49743294642403,50.3573959600544]]],[[[-125.24511843114323,50.083510577618924],[-125.24467862146585,50.0833482601874],[-125.2445711187925,50.083143160426616],[-125.24555352848523,50.08323287273779],[-125.24511843114323,50.083510577618924]]],[[[-125.39135164833003,50.47484194997476],[-125.39198175210775,50.474766568635935],[-125.39207833642087,50.47499867093893],[-125.3913729284739,50.47527356683188],[-125.39135164833003,50.47484194997476]]],[[[-125.99048864704491,50.47218878064366],[-125.99095923856859,50.47204206486404],[-125.99130014170038,50.47252765895311],[-125.9909121592293,50.47263737454147],[-125.99048864704491,50.47218878064366]]],[[[-125.22755485252272,50.12044177383788],[-125.22811965532576,50.12029506423649],[-125.22850513594338,50.12072947607492],[-125.2282169365053,50.12085196885991],[-125.22755485252272,50.12044177383788]]],[[[-125.05947404625113,50.28121506663664],[-125.05975524457303,50.281236465596585],[-125.06027835311275,50.28193856316252],[-125.05949752919169,50.28178046697083],[-125.05947404625113,50.28121506663664]]],[[[-125.52049914697508,50.37210955888837],[-125.52123644417823,50.371940071847845],[-125.52154143490192,50.37239298159543],[-125.52065182473736,50.372321770104904],[-125.52049914697508,50.37210955888837]]],[[[-125.17953103290681,50.127658270701694],[-125.17998753196864,50.127541479856106],[-125.18024793993068,50.12770806448415],[-125.1797482365299,50.12809546750466],[-125.17953103290681,50.127658270701694]]],[[[-125.56351014183207,50.448014158302],[-125.56383354418979,50.44797007802709],[-125.5642509492781,50.448132377534314],[-125.56325543796589,50.44849555602683],[-125.56351014183207,50.448014158302]]],[[[-125.18612153533631,50.132275462296775],[-125.18687073744694,50.13271986159364],[-125.18695693908724,50.13310435559025],[-125.18616563664092,50.132624465302605],[-125.18612153533631,50.132275462296775]]],[[[-125.92063593223268,50.41242906470684],[-125.9207639582746,50.412359072882396],[-125.92109794980932,50.41366365166836],[-125.92064876049777,50.4132079664268],[-125.92063593223268,50.41242906470684]]],[[[-124.89818043896727,50.30218506129668],[-124.89855895485138,50.302150973430955],[-124.89917822987762,50.30251836136106],[-124.89812193586681,50.30246427304685],[-124.89818043896727,50.30218506129668]]],[[[-125.32753794147487,50.1315676629033],[-125.32823582101796,50.13154486043895],[-125.3283909378604,50.13187387455814],[-125.32779712995763,50.13203907244985],[-125.32753794147487,50.1315676629033]]],[[[-125.96314383687725,50.54290066062824],[-125.96356745246625,50.54268425564366],[-125.9641221486566,50.542724066279],[-125.9637087642794,50.54310296844402],[-125.96314383687725,50.54290066062824]]],[[[-125.77458424387122,50.47253057671254],[-125.77484803367668,50.47245216914204],[-125.77523592136636,50.4725945672974],[-125.77472963195902,50.47310167534051],[-125.77458424387122,50.47253057671254]]],[[[-125.20536485347847,50.42017796165698],[-125.20613232570673,50.420018459298106],[-125.20671933910322,50.42025916736231],[-125.20597942899836,50.4203902708802],[-125.20536485347847,50.42017796165698]]],[[[-125.03365344137985,50.25569326197373],[-125.03409912453488,50.25562196712159],[-125.03447823383996,50.255939568033796],[-125.03396852455903,50.25617316671216],[-125.03365344137985,50.25569326197373]]],[[[-126.29590833059528,50.51913066885263],[-126.29628642024909,50.51893126206264],[-126.29690373029497,50.519243164404585],[-126.2964132384977,50.51968185570519],[-126.29590833059528,50.51913066885263]]],[[[-125.50437723045779,50.44838446152555],[-125.50496965917935,50.448119561256334],[-125.50548113609527,50.448207855490644],[-125.50496693973078,50.448596675325426],[-125.50437723045779,50.44838446152555]]],[[[-125.22508353588204,50.270623164016754],[-125.22565673830772,50.27061326080978],[-125.22552673591605,50.2711102711753],[-125.22510595645859,50.27112737211328],[-125.22508353588204,50.270623164016754]]],[[[-125.44136484496445,50.35005986664922],[-125.44184905536702,50.34990606222238],[-125.44237294713672,50.35001147144743],[-125.44154023649118,50.35047867639364],[-125.44136484496445,50.35005986664922]]],[[[-125.15194893940081,50.514775453093705],[-125.15275865807953,50.51491357366154],[-125.15287082319803,50.51521697218357],[-125.1521087248626,50.515222657539404],[-125.15194893940081,50.514775453093705]]],[[[-125.24557803662744,50.08285405603503],[-125.24601902958163,50.08271016386399],[-125.24653676086312,50.083321167935544],[-125.24565005896045,50.083204364779824],[-125.24557803662744,50.08285405603503]]],[[[-124.88991083501236,50.173849553921215],[-124.89083104780185,50.17375416693857],[-124.89123004102628,50.173900864728814],[-124.8902872346739,50.17415867847175],[-124.88991083501236,50.173849553921215]]],[[[-124.80018264630732,50.26663256678756],[-124.80060215985716,50.26662686354986],[-124.79981065720041,50.26760106502566],[-124.79976666275942,50.267529866695725],[-124.80018264630732,50.26663256678756]]],[[[-125.1528308243766,50.224186868279034],[-125.15322445235249,50.22416976985133],[-125.15335614127478,50.22461695265485],[-125.15254855077892,50.22472236557577],[-125.1528308243766,50.224186868279034]]],[[[-125.85641584018589,50.39876505309057],[-125.85680423863086,50.3987009643758],[-125.85803784937792,50.39907546845362],[-125.85752695073818,50.39924065638661],[-125.85641584018589,50.39876505309057]]],[[[-125.02360133102152,50.195244069686545],[-125.02414503539295,50.19520706623769],[-125.02438355750432,50.19552746652036],[-125.0235354333922,50.195695556002214],[-125.02360133102152,50.195244069686545]]],[[[-126.30094603210661,50.51367027121041],[-126.3014051335894,50.513546360846064],[-126.3017573463998,50.513788479655894],[-126.30097685104568,50.51413877847972],[-126.30094603210661,50.51367027121041]]],[[[-125.12678604871402,50.23407515502653],[-125.12743673235944,50.23386575925422],[-125.12779922226767,50.234119262739775],[-125.12747574592701,50.23440417260443],[-125.12678604871402,50.23407515502653]]],[[[-125.15782603935392,50.387132070086174],[-125.15715634621607,50.38723466888931],[-125.15831963623305,50.38683587615262],[-125.15926872086634,50.38697116320942],[-125.15782603935392,50.387132070086174]]],[[[-125.50669553945079,50.44237996777242],[-125.50599025009465,50.44237716816966],[-125.50748683716411,50.442156370339475],[-125.50743362919991,50.4422105645431],[-125.50669553945079,50.44237996777242]]],[[[-125.14088483114548,50.2316753735904],[-125.14214753226727,50.23075247237022],[-125.14247473326442,50.23086356204562],[-125.14233582196097,50.23117116682945],[-125.14088483114548,50.2316753735904]]],[[[-125.11165174058765,50.14221645336532],[-125.11224443563286,50.14232327532892],[-125.11210366111455,50.1429100622812],[-125.11160331743058,50.142695063605714],[-125.11165174058765,50.14221645336532]]],[[[-125.32336344699976,50.36591706808366],[-125.32289684559562,50.3658899724021],[-125.32259153480776,50.36567205450227],[-125.32389284386417,50.36552826547551],[-125.32336344699976,50.36591706808366]]],[[[-125.11158852439543,50.24301485819132],[-125.11160994711005,50.24257335414971],[-125.11256102866817,50.24250217547097],[-125.11192193047778,50.242936558841265],[-125.11158852439543,50.24301485819132]]],[[[-125.47765814077512,50.352412672330836],[-125.47727294771701,50.35256506964088],[-125.47667192749603,50.352352865984145],[-125.4780596672467,50.352018171680214],[-125.47765814077512,50.352412672330836]]],[[[-125.99302824530513,50.48448385776984],[-125.99243395530144,50.484237561439365],[-125.99366343745406,50.48404388148043],[-125.99357644662888,50.48422617252077],[-125.99302824530513,50.48448385776984]]],[[[-125.35917532253833,50.24776606399196],[-125.35835566143201,50.2479455657603],[-125.35814486395196,50.247670667579854],[-125.35957125636843,50.24756095810496],[-125.35917532253833,50.24776606399196]]],[[[-125.15344693770054,50.38519945896191],[-125.15457922968604,50.38504276139183],[-125.15468904818029,50.385266371484036],[-125.1538281184828,50.38552415989384],[-125.15344693770054,50.38519945896191]]],[[[-126.11603364196984,50.59448278201355],[-126.11548383863351,50.594216366762325],[-126.11651344419853,50.59401697789782],[-126.11651964947661,50.594160878092396],[-126.11603364196984,50.59448278201355]]],[[[-124.72720845794204,50.271940571298806],[-124.72680544229767,50.272036074125474],[-124.7265526492724,50.271635872524406],[-124.72749863441736,50.27142355975831],[-124.72720845794204,50.271940571298806]]],[[[-125.22933465014569,50.27570476013698],[-125.22975693096957,50.27572475913024],[-125.22944153433986,50.276495259004015],[-125.22898863300297,50.27614347817263],[-125.22933465014569,50.27570476013698]]],[[[-125.40117711674624,50.29802496243847],[-125.40210295251723,50.298015055485116],[-125.40234453919358,50.29835117872027],[-125.40164854339567,50.298500650782486],[-125.40117711674624,50.29802496243847]]],[[[-125.13205892783108,50.12836886408358],[-125.1326194500092,50.128358975856166],[-125.1323033475834,50.12912086157448],[-125.13184784869519,50.1289670622237],[-125.13205892783108,50.12836886408358]]],[[[-125.05130204011368,50.27396587429131],[-125.05228422921304,50.27397577276923],[-125.05273544043895,50.27435466347577],[-125.05187913360527,50.27436036827029],[-125.05130204011368,50.27396587429131]]],[[[-125.77571734735542,50.47285377225864],[-125.77638955472933,50.47280117400195],[-125.77655833225035,50.473021859749615],[-125.77583793538913,50.4734719698611],[-125.77571734735542,50.47285377225864]]],[[[-125.15423913372253,50.22523936399494],[-125.15358245537072,50.225279267055484],[-125.15485884855117,50.224975850876326],[-125.15466674396096,50.22536757895269],[-125.15423913372253,50.22523936399494]]],[[[-125.4009164467232,50.29593427415985],[-125.40150424837528,50.29587726020495],[-125.40189232218387,50.296354364399775],[-125.4008968365315,50.296392855642175],[-125.4009164467232,50.29593427415985]]],[[[-125.23343274095528,50.08142406835888],[-125.2337494523301,50.081328664631386],[-125.23453395939394,50.08193397160071],[-125.23356783996584,50.0819439771904],[-125.23343274095528,50.08142406835888]]],[[[-126.24039456118584,50.536950369851944],[-126.24123114504606,50.536853568322336],[-126.24178993858872,50.53696607278079],[-126.24077976408054,50.53734627102251],[-126.24039456118584,50.536950369851944]]],[[[-125.22821131589215,50.306345262482935],[-125.22890422604567,50.30647626215991],[-125.22824565767185,50.30710006477027],[-125.22805983671557,50.3067254692576],[-125.22821131589215,50.306345262482935]]],[[[-125.14111523649443,50.22992646115434],[-125.1418512467301,50.22975976454292],[-125.14185692444342,50.2302183719497],[-125.14103972814134,50.23044905888368],[-125.14111523649443,50.22992646115434]]],[[[-125.2167789625046,50.265582966040355],[-125.21762003490568,50.26495626998799],[-125.21800204073793,50.265038875893616],[-125.21737394301782,50.26572537495655],[-125.2167789625046,50.265582966040355]]],[[[-125.76364114766031,50.45578897611409],[-125.76313316492785,50.455747665399564],[-125.76246055915762,50.45508827344862],[-125.76408605837919,50.4554371681748],[-125.76364114766031,50.45578897611409]]],[[[-124.85551514573812,50.92996236613058],[-124.85647301938306,50.929713170356635],[-124.85705224245586,50.929956677243425],[-124.85633872793451,50.93025577400863],[-124.85551514573812,50.92996236613058]]],[[[-125.06520883441571,50.19184027966567],[-125.0650983663332,50.19123066926427],[-125.06606475280157,50.1915282587293],[-125.06569733477968,50.19211086101545],[-125.06520883441571,50.19184027966567]]],[[[-125.08204823908902,50.26776197725575],[-125.08231025628743,50.26767506290199],[-125.08286435593504,50.2677918658925],[-125.08215134067741,50.26853245935041],[-125.08204823908902,50.26776197725575]]],[[[-125.18965613033451,50.162450262731866],[-125.18999505707994,50.16250577358023],[-125.19012323314466,50.163484179759486],[-125.18960352964518,50.16313387282571],[-125.18965613033451,50.162450262731866]]],[[[-125.15895533168124,50.139593068593676],[-125.15922416137069,50.13874286621334],[-125.15979515503658,50.13868586329175],[-125.15958644806939,50.13931106111999],[-125.15895533168124,50.139593068593676]]],[[[-125.19660433808485,50.40887547865865],[-125.19751322947592,50.40871457097685],[-125.19777303418851,50.408844162299275],[-125.19672664874031,50.40934976771619],[-125.19660433808485,50.40887547865865]]],[[[-125.32774566393884,50.13010646975789],[-125.32839374481871,50.12991277287126],[-125.32868985121831,50.13025737570247],[-125.32805003192867,50.130612078031845],[-125.32774566393884,50.13010646975789]]],[[[-125.17565263179493,50.12265785790524],[-125.17499554052787,50.12205825513507],[-125.17531174935691,50.12162956325862],[-125.1762381281399,50.12259376815586],[-125.17565263179493,50.12265785790524]]],[[[-125.07887843238618,50.29419956553073],[-125.07927874866616,50.29500135485209],[-125.07885442361561,50.295260561761616],[-125.07843484861102,50.2949814751212],[-125.07887843238618,50.29419956553073]]],[[[-125.98874685649163,50.471379764137616],[-125.9885864367006,50.470619270367095],[-125.98968925588453,50.47133707189573],[-125.98945901908773,50.47150506177257],[-125.98874685649163,50.471379764137616]]],[[[-125.2011118363157,50.50907007618319],[-125.20047024420943,50.5092266560712],[-125.19988135162745,50.509013069770575],[-125.20103475145481,50.508604369550646],[-125.2011118363157,50.50907007618319]]],[[[-125.48076742808738,50.430882368324205],[-125.48131392690127,50.43084387607408],[-125.48150133251457,50.43116437299045],[-125.48065885685335,50.43150617042048],[-125.48076742808738,50.430882368324205]]],[[[-125.36395773296734,50.55372755912906],[-125.36486985035056,50.553906952600336],[-125.36489113624964,50.5548868700925],[-125.36420413063205,50.554154766508624],[-125.36395773296734,50.55372755912906]]],[[[-125.05705875352055,50.15835276326712],[-125.05735544827786,50.159040662812394],[-125.05680894474906,50.15937397123589],[-125.05668353689269,50.15874728189258],[-125.05705875352055,50.15835276326712]]],[[[-125.38454054646795,50.3960611726466],[-125.38509274265924,50.396094675776354],[-125.38525493379971,50.39653185989746],[-125.38423232745411,50.396625875532536],[-125.38454054646795,50.3960611726466]]],[[[-125.5139171367971,50.35748996129423],[-125.51311652933873,50.35725646829613],[-125.51478762381173,50.3574629670702],[-125.51419264880273,50.35763816993112],[-125.5139171367971,50.35748996129423]]],[[[-125.22918995045363,50.31045546613446],[-125.23033632769825,50.3103700690561],[-125.23047773472841,50.31065485526096],[-125.22974324163822,50.31090266619803],[-125.22918995045363,50.31045546613446]]],[[[-125.31973246526546,50.35749856847176],[-125.3201530387794,50.35807397152473],[-125.31942925129837,50.358485553102156],[-125.31930974908565,50.358063977473364],[-125.31973246526546,50.35749856847176]]],[[[-125.9888173354027,50.47250207869708],[-125.98969025000856,50.47226275897654],[-125.9898461333172,50.47292508177502],[-125.98895402392829,50.47287656668624],[-125.9888173354027,50.47250207869708]]],[[[-125.51440624238732,50.35904527548398],[-125.51510024646662,50.3588501782939],[-125.51617656856631,50.359258870031375],[-125.51535605203401,50.35942975824797],[-125.51440624238732,50.35904527548398]]],[[[-125.39989351791297,50.29542436471476],[-125.40088856565107,50.295116771574655],[-125.40146562540352,50.295410169913374],[-125.40058313470496,50.29572486096839],[-125.39989351791297,50.29542436471476]]],[[[-125.19404125689249,50.30697756288852],[-125.19427355060323,50.30682947467808],[-125.19508633561298,50.306813760915404],[-125.19437904218559,50.307636962731415],[-125.19404125689249,50.30697756288852]]],[[[-125.1400619499061,50.235855365264406],[-125.14066473721653,50.23582545402657],[-125.14060094709276,50.23660026275405],[-125.13982215883651,50.23643506642397],[-125.1400619499061,50.235855365264406]]],[[[-126.29724354856064,50.51452905760124],[-126.29730505083955,50.513945068654174],[-126.29832124699061,50.51393226047906],[-126.29779893767979,50.51443357002475],[-126.29724354856064,50.51452905760124]]],[[[-125.31673913219133,50.24455446820036],[-125.31734054294125,50.24423686719801],[-125.31818013958393,50.24475106399851],[-125.31762824239524,50.24496036888362],[-125.31673913219133,50.24455446820036]]],[[[-125.31516073407855,50.3490900758469],[-125.31563664668309,50.34905296511256],[-125.3156380571252,50.349951662618466],[-125.31486425872997,50.34992317012409],[-125.31516073407855,50.3490900758469]]],[[[-125.16186863225306,50.386616561733106],[-125.16221614499524,50.38654675221561],[-125.16335635322176,50.387173365879605],[-125.16236645641338,50.38733576906276],[-125.16186863225306,50.386616561733106]]],[[[-125.5742032387887,50.57763857519339],[-125.57366464322561,50.57784796173481],[-125.57319716236296,50.57782236623971],[-125.57504944606522,50.577330955998065],[-125.5742032387887,50.57763857519339]]],[[[-125.1886737338379,50.14006167052449],[-125.18920144353761,50.13931395452299],[-125.18994723063115,50.13944357557475],[-125.1890992403965,50.140169871440605],[-125.1886737338379,50.14006167052449]]],[[[-125.18497472585558,50.407871376018086],[-125.18591072536898,50.407719064483594],[-125.1866286536685,50.407992458033355],[-125.1850630468794,50.408247369911194],[-125.18497472585558,50.407871376018086]]],[[[-125.26399304932525,50.311572077513645],[-125.26331723583284,50.31154077056232],[-125.26274122134276,50.311272968350764],[-125.26487603778081,50.311267270109184],[-125.26399304932525,50.311572077513645]]],[[[-124.82108735194402,50.2503865624233],[-124.82160834700319,50.24968586649093],[-124.82242883472317,50.2502669689092],[-124.8219099471495,50.25061736701042],[-124.82108735194402,50.2503865624233]]],[[[-125.3803922306953,50.395831163214574],[-125.38107794207956,50.39572715720123],[-125.38182993225584,50.396432180796715],[-125.38085986100737,50.3964150699419],[-125.3803922306953,50.395831163214574]]],[[[-125.09500473838482,50.16353976861193],[-125.09427612656093,50.163534060059355],[-125.09414354525572,50.16271795665168],[-125.09499913128225,50.16279348092809],[-125.09500473838482,50.16353976861193]]],[[[-125.09075065901466,50.12444376721514],[-125.09173606085757,50.124910968438556],[-125.09157863484899,50.12547206879484],[-125.09079385234195,50.12510886826488],[-125.09075065901466,50.12444376721514]]],[[[-125.37131235162275,50.283453869170735],[-125.37044044738391,50.28367035768385],[-125.37004022884906,50.28298537399486],[-125.37215685265976,50.28289706728926],[-125.37131235162275,50.283453869170735]]],[[[-124.72144225187382,50.29101355349405],[-124.72223721704927,50.29053366644148],[-124.722918438827,50.29147646227736],[-124.7221489314629,50.29156047595915],[-124.72144225187382,50.29101355349405]]],[[[-125.12228744592518,50.18010757424274],[-125.12162825017808,50.18005625501236],[-125.12202694645799,50.17896965699613],[-125.12260821861989,50.17942676637898],[-125.12228744592518,50.18010757424274]]],[[[-125.76341933142962,50.45777287027718],[-125.76438683787136,50.458164581421755],[-125.76505353335388,50.45898486046635],[-125.76380023505033,50.458735657828164],[-125.76341933142962,50.45777287027718]]],[[[-125.28006861723647,50.26093146360972],[-125.28136613296714,50.2604557583415],[-125.28152524607289,50.26056116993378],[-125.28070854895275,50.26140426364049],[-125.28006861723647,50.26093146360972]]],[[[-125.85689002230112,50.39684656134328],[-125.85793663901002,50.396927768355916],[-125.85844225279037,50.39736647165395],[-125.85693306136126,50.39730376749781],[-125.85689002230112,50.39684656134328]]],[[[-125.17644716157342,50.128769066536194],[-125.177031258547,50.12865947008084],[-125.17776062246547,50.12903256764553],[-125.17646124002478,50.129380053075465],[-125.17644716157342,50.128769066536194]]],[[[-125.2262072385744,50.066982681883516],[-125.22734294772562,50.06737426407116],[-125.22732042383161,50.067761672278074],[-125.22637093829553,50.06777027429515],[-125.2262072385744,50.066982681883516]]],[[[-125.19609753929934,50.133148574247805],[-125.19664204837542,50.13279535115505],[-125.19533074742107,50.131993473978795],[-125.19702823755293,50.132681361154006],[-125.19609753929934,50.133148574247805]]],[[[-125.41961214960065,50.71643066943186],[-125.4212883389573,50.71623408160305],[-125.42229314575138,50.716491851795745],[-125.42110204553438,50.71674115927823],[-125.41961214960065,50.71643066943186]]],[[[-125.20039292213471,50.50817566773084],[-125.19939365297405,50.50823117417417],[-125.2017048499814,50.50787227183703],[-125.20128344010857,50.508222675209346],[-125.20039292213471,50.50817566773084]]],[[[-125.0591524469442,50.277362567679816],[-125.06000735139578,50.27731985825656],[-125.06004393230415,50.27814726631581],[-125.05912333585583,50.27798357002102],[-125.0591524469442,50.277362567679816]]],[[[-125.13517406200293,50.23379456554372],[-125.1360414579985,50.23374327105719],[-125.136552934922,50.234183383371715],[-125.13554396465906,50.23451666925405],[-125.13517406200293,50.23379456554372]]],[[[-125.36367376511515,50.55568587154778],[-125.36410253469857,50.554651857662115],[-125.36440134570294,50.556669953706006],[-125.36430414093451,50.5566898810548],[-125.36367376511515,50.55568587154778]]],[[[-125.15922944867833,50.23949426529176],[-125.15997475697878,50.23923785929747],[-125.16056432288255,50.23954976924253],[-125.1598902422803,50.24014795352112],[-125.15922944867833,50.23949426529176]]],[[[-125.25055613978233,50.31824737938919],[-125.25155825958934,50.31833566361268],[-125.25156385730678,50.31904636729536],[-125.25046994733502,50.318824150320886],[-125.25055613978233,50.31824737938919]]],[[[-125.15770344356056,50.38816885857714],[-125.15683966428614,50.38831136885173],[-125.1590205362446,50.38769465791768],[-125.1589391410968,50.387804280160275],[-125.15770344356056,50.38816885857714]]],[[[-125.21726884448219,50.2779336794972],[-125.2179847555663,50.278521868528664],[-125.21736594875459,50.279118656673184],[-125.21683474728658,50.27858877623179],[-125.21726884448219,50.2779336794972]]],[[[-125.34694166337127,50.24975856978668],[-125.34571096172604,50.24982836932062],[-125.3456460533635,50.24935406794561],[-125.34676933524413,50.249106260094635],[-125.34694166337127,50.24975856978668]]],[[[-125.9916451265239,50.4532239646121],[-125.99260323174026,50.453208262957695],[-125.99382182234302,50.45375236900769],[-125.99309424733705,50.454067054139266],[-125.9916451265239,50.4532239646121]]],[[[-125.09666144421081,50.166198769452635],[-125.0976982256342,50.16591107284437],[-125.09860774558676,50.16649637677628],[-125.09776204178904,50.166682953460175],[-125.09666144421081,50.166198769452635]]],[[[-126.28929353345205,50.514164457543366],[-126.28856944934579,50.51351787817663],[-126.29015376162774,50.51369727233363],[-126.28977656283936,50.514094671015606],[-126.28929353345205,50.514164457543366]]],[[[-124.91707244527107,50.306470574533336],[-124.91804562956347,50.306221379828436],[-124.9182675166138,50.30685506025428],[-124.91715602652044,50.3071441581874],[-124.91707244527107,50.306470574533336]]],[[[-125.22471133735083,50.26568406921557],[-125.22374103529147,50.26593616077745],[-125.22338824439521,50.265295260627944],[-125.22517011454961,50.265269562707125],[-125.22471133735083,50.26568406921557]]],[[[-125.2174673450848,50.27317116360995],[-125.21675084417511,50.27281646486401],[-125.21689253115912,50.27223825664576],[-125.21848824389392,50.272782270559446],[-125.2174673450848,50.27317116360995]]],[[[-125.21835872010335,50.26273736728213],[-125.2193828331296,50.26304218141889],[-125.2188637402208,50.26396077972638],[-125.218303615557,50.26398926177873],[-125.21835872010335,50.26273736728213]]],[[[-125.23517826062046,50.06063066416931],[-125.23607412907927,50.060657771759644],[-125.2368717293111,50.0616133625953],[-125.2357348399898,50.06149225993641],[-125.23517826062046,50.06063066416931]]],[[[-125.14546666424702,50.160648568489684],[-125.14608413166518,50.161302363968396],[-125.14520704673367,50.16172386266189],[-125.14473653919089,50.16122825360662],[-125.14546666424702,50.160648568489684]]],[[[-125.86892772001595,50.478885363709686],[-125.86834255795091,50.478980773284775],[-125.8677921407091,50.47850937031364],[-125.86992774028866,50.47841966248043],[-125.86892772001595,50.478885363709686]]],[[[-125.16651274929747,50.24175166370016],[-125.16757833804361,50.2417316807606],[-125.16792733748285,50.24203938213726],[-125.16667244508395,50.24250356969071],[-125.16651274929747,50.24175166370016]]],[[[-124.79813446657546,50.26856237088388],[-124.79913373834916,50.26752125779333],[-124.79973765754403,50.26786306384386],[-124.7988529395677,50.26858656891407],[-124.79813446657546,50.26856237088388]]],[[[-125.22638064655843,50.12017546358339],[-125.22540925249275,50.11972675932108],[-125.22494702216525,50.11885376162776],[-125.22599553926781,50.11913147898518],[-125.22638064655843,50.12017546358339]]],[[[-124.90294153545017,50.17186565452815],[-124.90405943124811,50.17181016015969],[-124.90476184211326,50.172230275996924],[-124.90317544980223,50.17246387653996],[-124.90294153545017,50.17186565452815]]],[[[-125.50006493852037,50.43205166805297],[-125.50090485250497,50.43196197120612],[-125.50115134226247,50.43232647590615],[-125.49956335290095,50.432963158925624],[-125.50006493852037,50.43205166805297]]],[[[-125.24900224347117,50.09360965689889],[-125.24827943676587,50.09310977696033],[-125.25010145994166,50.09376777055134],[-125.24967174834056,50.09415365391079],[-125.24900224347117,50.09360965689889]]],[[[-125.31720644518039,50.34806887268699],[-125.31803873889453,50.3481414531884],[-125.31851503777438,50.34899608012594],[-125.31763654437785,50.34911135687987],[-125.31720644518039,50.34806887268699]]],[[[-125.09295363491826,50.164035366404505],[-125.09388616260874,50.16391006451227],[-125.09414494081255,50.16468765664521],[-125.09322136341125,50.16501097087324],[-125.09295363491826,50.164035366404505]]],[[[-125.15109396001306,50.22266296209475],[-125.15184343833872,50.222469280990246],[-125.15272855176545,50.223135755541584],[-125.15166125715619,50.2234348659267],[-125.15109396001306,50.22266296209475]]],[[[-125.39834024818218,50.2935857523191],[-125.3991576343078,50.29364127645156],[-125.40011166162071,50.29471796312791],[-125.39812406221388,50.29400446834995],[-125.39834024818218,50.2935857523191]]],[[[-125.22755501947822,50.12018116701404],[-125.22657634791176,50.11987496791807],[-125.22654696662904,50.11894067023811],[-125.22716514050389,50.11898336465081],[-125.22755501947822,50.12018116701404]]],[[[-125.28251574458382,50.26042447650903],[-125.28345355535821,50.260388875643656],[-125.28330212474687,50.2613273711961],[-125.28221132771539,50.261428464611065],[-125.28251574458382,50.26042447650903]]],[[[-125.5942556237997,50.44503756470869],[-125.59492585003986,50.44467155761984],[-125.59577632965794,50.44475277456085],[-125.59487413822208,50.44577955487741],[-125.5942556237997,50.44503756470869]]],[[[-125.98004266105818,50.44144857361566],[-125.97932523121355,50.44124206914955],[-125.97927024895715,50.440380472073514],[-125.98103835921549,50.44116226908405],[-125.98004266105818,50.44144857361566]]],[[[-126.04245554281398,50.51163075810584],[-126.04168254976369,50.51179167268877],[-126.04094314407763,50.511646474313366],[-126.04326614007314,50.511291783452315],[-126.04245554281398,50.51163075810584]]],[[[-125.22658986335816,50.30833767087834],[-125.22785733152058,50.308403155565216],[-125.22766153404633,50.30929767962853],[-125.22702394203004,50.30952546391647],[-125.22658986335816,50.30833767087834]]],[[[-126.23024012792985,50.539696268513694],[-126.23134226281158,50.53942566718155],[-126.2314959381504,50.54041826420999],[-126.2305613357131,50.540485271801764],[-126.23024012792985,50.539696268513694]]],[[[-125.16399644612623,50.1468294691119],[-125.16396364963514,50.146083256299434],[-125.16544804930142,50.14607466786611],[-125.16484834597932,50.14705737779378],[-125.16399644612623,50.1468294691119]]],[[[-125.07732586326293,50.29725876932651],[-125.07743985648615,50.29634727128456],[-125.07882243102686,50.29647547939143],[-125.07822382690999,50.29723317023077],[-125.07732586326293,50.29725876932651]]],[[[-125.53349203894697,50.37100855539726],[-125.532946921562,50.370794963539375],[-125.53593202730977,50.37060416429678],[-125.53448172373345,50.371094070887665],[-125.53349203894697,50.37100855539726]]],[[[-125.21515651775171,50.285366661401994],[-125.21622325711166,50.285355263361794],[-125.21653984424876,50.28611437818747],[-125.21486054086213,50.28620977642183],[-125.21515651775171,50.285366661401994]]],[[[-126.16106573357254,50.585172675994855],[-126.160095432504,50.585122859211026],[-126.15997813304332,50.58422847312663],[-126.16141893539971,50.58425546200295],[-126.16106573357254,50.585172675994855]]],[[[-125.31831721885021,50.37837606759156],[-125.31811664016212,50.377444559975395],[-125.31956192055279,50.37735346968644],[-125.31932435172396,50.37797865497359],[-125.31831721885021,50.37837606759156]]],[[[-125.08260604076655,50.205237752127076],[-125.0834798481004,50.20470937341208],[-125.08543291561575,50.20547416058368],[-125.08496424073736,50.205653657055095],[-125.08260604076655,50.205237752127076]]],[[[-125.37718523169916,50.39049177478526],[-125.37806744088687,50.39041056704509],[-125.37874843143736,50.39081936254892],[-125.37724353569192,50.391361972735965],[-125.37718523169916,50.39049177478526]]],[[[-125.23124252458601,50.27808887332627],[-125.2299795212002,50.27840936729863],[-125.22984703734231,50.27767447689773],[-125.23144274520325,50.27698655548046],[-125.23124252458601,50.27808887332627]]],[[[-124.7977240521627,50.2676864748505],[-124.79846404527275,50.26685757671504],[-124.79976422482886,50.266333471341895],[-124.79889772341545,50.26753406229148],[-124.7977240521627,50.2676864748505]]],[[[-125.22740292813914,50.08041576185539],[-125.22856662653332,50.08051117395906],[-125.2294332360259,50.08136717163395],[-125.22786533929921,50.081351471952836],[-125.22740292813914,50.08041576185539]]],[[[-124.8156418586296,50.213782961772395],[-124.81428254747395,50.21376025122195],[-124.81385904603356,50.21331586221731],[-124.81516653843416,50.212693481295844],[-124.8156418586296,50.213782961772395]]],[[[-125.21844424921959,50.26065805461807],[-125.21929092465598,50.26138006465323],[-125.21878534402101,50.26227165380836],[-125.21806725122892,50.26189846585347],[-125.21844424921959,50.26065805461807]]],[[[-125.91514315693257,50.450552160730375],[-125.91443413925248,50.45026298140443],[-125.91412774117026,50.44961496983125],[-125.915891150433,50.44966907937426],[-125.91514315693257,50.450552160730375]]],[[[-125.1556859272523,50.38741545858245],[-125.15466284083348,50.386885656663665],[-125.1538357478154,50.38694545966112],[-125.15590133401598,50.38627756343359],[-125.1556859272523,50.38741545858245]]],[[[-125.26128195704818,50.46650606593215],[-125.2622917228574,50.46701736733015],[-125.26045732204626,50.467565770416485],[-125.26067783603754,50.466850763764825],[-125.26128195704818,50.46650606593215]]],[[[-125.53184953952862,50.371061260237205],[-125.53090824703882,50.37109115993644],[-125.52962464756179,50.370211069236966],[-125.53125452668141,50.37018395806654],[-125.53184953952862,50.371061260237205]]],[[[-125.22797224655318,50.0788035640996],[-125.22913766445835,50.07832356640054],[-125.2301420289032,50.07949996566593],[-125.22883044310794,50.07955266695208],[-125.22797224655318,50.0788035640996]]],[[[-125.09432323964148,50.15914467397881],[-125.093670524118,50.15895805857704],[-125.09547742539858,50.15737007268601],[-125.09592162049819,50.15822456133247],[-125.09432323964148,50.15914467397881]]],[[[-125.34749805077648,50.25023427434607],[-125.348143758895,50.250256972180566],[-125.34941541979094,50.25127385942832],[-125.34720614873295,50.25115705590344],[-125.34749805077648,50.25023427434607]]],[[[-125.09435124103173,50.164899879990266],[-125.09554143930677,50.16494257981229],[-125.09612944452185,50.16620875557854],[-125.09441563052917,50.165754372090795],[-125.09435124103173,50.164899879990266]]],[[[-125.22083174964077,50.07979476921438],[-125.22031384283227,50.07978767179276],[-125.2194763567407,50.07918237411296],[-125.22089463903676,50.07874235356702],[-125.22083174964077,50.07979476921438]]],[[[-125.34064132768563,50.28753216068226],[-125.34172725479253,50.2867438603419],[-125.34277585354171,50.28748726700173],[-125.3418257366441,50.287874670204594],[-125.34064132768563,50.28753216068226]]],[[[-126.24061593597841,50.53484106181115],[-126.24204055615644,50.5346231731169],[-126.24275396370186,50.53520717290378],[-126.24071795375671,50.535734053091396],[-126.24061593597841,50.53484106181115]]],[[[-125.53607753152419,50.536100061652924],[-125.53668752510076,50.53458477172085],[-125.53849273798313,50.534544858798604],[-125.53764484250499,50.535571774828725],[-125.53607753152419,50.536100061652924]]],[[[-126.23649265168821,50.536065962351174],[-126.23768724277869,50.53593207369281],[-126.23876184386191,50.5366056583843],[-126.23633905519735,50.53725947319802],[-126.23649265168821,50.536065962351174]]],[[[-126.2374657527026,50.53804127581362],[-126.23652924018027,50.53812677655184],[-126.2402404593605,50.53738756243175],[-126.23951364096791,50.53800855666924],[-126.2374657527026,50.53804127581362]]],[[[-125.2290831363898,50.305177369891794],[-125.23075033327049,50.30571145943366],[-125.22924062955545,50.30702747825766],[-125.22905673726262,50.306698476529704],[-125.2290831363898,50.305177369891794]]],[[[-125.49054855086483,50.4428528656671],[-125.48894614627018,50.442905562351626],[-125.48991844034771,50.44209235224697],[-125.49258974326315,50.442016858997206],[-125.49054855086483,50.4428528656671]]],[[[-124.72293412721079,50.289992476115266],[-124.7246045537111,50.29034566510861],[-124.72482875556564,50.291520675168776],[-124.72321514595714,50.29113035165116],[-124.72293412721079,50.289992476115266]]],[[[-125.1414203578381,50.223570170184516],[-125.13976664113672,50.22362716174938],[-125.13934094110877,50.22287946486773],[-125.14128093245655,50.22266435693114],[-125.1414203578381,50.223570170184516]]],[[[-125.27144926346138,50.457529366848384],[-125.27018622490742,50.457337067628075],[-125.269721031546,50.45645686150557],[-125.271271635808,50.45617486029254],[-125.27144926346138,50.457529366848384]]],[[[-125.53624315655188,50.371172364562],[-125.53773355434998,50.370609873718244],[-125.53934122686296,50.370951670964054],[-125.53753465759884,50.37163097084427],[-125.53624315655188,50.371172364562]]],[[[-125.04355454095183,50.183786369008565],[-125.04488614742796,50.185112252999204],[-125.04345742485012,50.18609066392912],[-125.04323862665804,50.184565365767774],[-125.04355454095183,50.183786369008565]]],[[[-124.79780444151793,50.888183162151705],[-124.79736942965057,50.88834267657676],[-124.79565783489797,50.88782857607525],[-124.799217236008,50.887945362812395],[-124.79780444151793,50.888183162151705]]],[[[-125.14527102087037,50.22941796163724],[-125.14662094745266,50.22855636017838],[-125.14766874407854,50.229103250769164],[-125.14622425936811,50.23002047344015],[-125.14527102087037,50.22941796163724]]],[[[-125.18456363431584,50.13063195730893],[-125.18405935069447,50.1290582512239],[-125.18475083498797,50.12857687046099],[-125.1857986592138,50.13163316875152],[-125.18456363431584,50.13063195730893]]],[[[-125.25581064280152,50.08909636513322],[-125.25720825866316,50.08941106597225],[-125.25765324195993,50.090823870424074],[-125.25640623009146,50.09048776374622],[-125.25581064280152,50.08909636513322]]],[[[-125.36419102577918,50.2652140605505],[-125.36585663373037,50.26541347157099],[-125.36734096813905,50.26620246974181],[-125.36625394653909,50.266628269439565],[-125.36419102577918,50.2652140605505]]],[[[-125.96598026578914,50.54266717108488],[-125.9680204410119,50.54165306922543],[-125.96898034038905,50.541637466059235],[-125.96813415554159,50.54276537188976],[-125.96598026578914,50.54266717108488]]],[[[-125.22738995516566,50.27643536167019],[-125.2288700283735,50.27720736446775],[-125.22876385073651,50.277902372626386],[-125.226683048223,50.27783397876163],[-125.22738995516566,50.27643536167019]]],[[[-125.36054522030214,50.24771196559996],[-125.3618930434914,50.247729059824394],[-125.36302764057058,50.24853376596436],[-125.3619894534058,50.24910335459303],[-125.36054522030214,50.24771196559996]]],[[[-125.20750492421632,50.136250459897525],[-125.20805923404188,50.13520657456586],[-125.20965253010066,50.135435876111316],[-125.20919324351328,50.13702808024528],[-125.20750492421632,50.136250459897525]]],[[[-125.27585626474026,50.31761926819029],[-125.27445973184761,50.31752097488015],[-125.27764324058317,50.31654116750076],[-125.27697823002892,50.31732726587777],[-125.27585626474026,50.31761926819029]]],[[[-125.26661043391503,50.3125647655932],[-125.26527963854763,50.312348272896756],[-125.26500102471077,50.31181416185102],[-125.26735065835965,50.31129146727504],[-125.26661043391503,50.3125647655932]]],[[[-125.14422213819388,50.16380175950405],[-125.14269135485017,50.16341586483319],[-125.14263272395226,50.162733665173924],[-125.14386453931785,50.162062863843694],[-125.14518614263154,50.16343296017916],[-125.14422213819388,50.16380175950405]]],[[[-125.53953874321755,50.367016581321394],[-125.53800323496172,50.36696955888098],[-125.53742952713048,50.366263167904975],[-125.5400377424675,50.36608935801662],[-125.53953874321755,50.367016581321394]]],[[[-125.36912814295515,50.28383137228082],[-125.36745055153767,50.28339835610548],[-125.36734062222658,50.28259086377086],[-125.3700985608328,50.28329017149673],[-125.36912814295515,50.28383137228082]]],[[[-125.19752845378103,50.28210376225928],[-125.19836582656306,50.28136886506084],[-125.19988523600739,50.28174486907246],[-125.19894673676303,50.283012368744885],[-125.19752845378103,50.28210376225928]]],[[[-126.18985544428105,50.56106227187528],[-126.18894776005534,50.56019486031913],[-126.18925363821978,50.559311855902884],[-126.19088745143183,50.56007955823814],[-126.18985544428105,50.56106227187528]]],[[[-125.53533615657497,50.53780776041368],[-125.53371752882273,50.537329165319306],[-125.53358723447725,50.53674818141365],[-125.53614404836286,50.53652164995838],[-125.53533615657497,50.53780776041368]]],[[[-125.9931669425963,50.47171587464304],[-125.9907989284804,50.47194657115556],[-125.9901606318901,50.471675973943476],[-125.99448095254934,50.47109636706453],[-125.9931669425963,50.47171587464304]]],[[[-125.08381744088086,50.32628556533675],[-125.08505305724967,50.325920966428505],[-125.085376423623,50.32751607055929],[-125.08324564892591,50.32732957391712],[-125.08381744088086,50.32628556533675]]],[[[-126.03116175289065,50.473742559526386],[-126.02914374292362,50.47402307031003],[-126.02882675765514,50.47388067479965],[-126.03034675129128,50.47237246624599],[-126.03116175289065,50.473742559526386]]],[[[-125.86872466424552,50.402402470988825],[-125.8677245375851,50.402641762999366],[-125.86582365042337,50.40170887550676],[-125.86987504319167,50.402138980269946],[-125.86872466424552,50.402402470988825]]],[[[-125.3594094587515,50.389809561219046],[-125.3582706416599,50.38871727041133],[-125.3601669383355,50.38780717700945],[-125.36064232762968,50.38942507330134],[-125.3594094587515,50.389809561219046]]],[[[-125.21855435029792,50.07497245288026],[-125.22020834132827,50.07415778007294],[-125.22142155487323,50.07558345640887],[-125.2208877314572,50.07585405867306],[-125.21855435029792,50.07497245288026]]],[[[-125.38320052017933,50.397078764871786],[-125.3853494456313,50.397016054029386],[-125.38635703478013,50.39830927925257],[-125.38313163256622,50.39769968254934],[-125.38320052017933,50.397078764871786]]],[[[-125.82202783388023,50.49500166807422],[-125.82316214598517,50.49556708005687],[-125.82270023706155,50.497278979838484],[-125.82135914315197,50.49679906494194],[-125.82202783388023,50.49500166807422]]],[[[-124.8525746377017,50.92866065758743],[-124.85354544226787,50.92801547690061],[-124.85597586047162,50.92937126711575],[-124.85446552404915,50.929691758391094],[-124.8525746377017,50.92866065758743]]],[[[-125.36674674462324,50.25280206982507],[-125.36837063150374,50.25186928102792],[-125.36939135012052,50.2523790529582],[-125.3684082360123,50.253793358708045],[-125.36674674462324,50.25280206982507]]],[[[-125.35933523904721,50.384629766493184],[-125.36094253801168,50.38553266855912],[-125.35952064097958,50.38751377681692],[-125.35897165767979,50.38724596596036],[-125.35933523904721,50.384629766493184]]],[[[-126.2889451384023,50.515091562563775],[-126.29078573971657,50.51494486542327],[-126.29211543775995,50.515866365013444],[-126.29064263827628,50.51648876410183],[-126.2889451384023,50.515091562563775]]],[[[-125.18314234447662,50.14333165023777],[-125.18306143465195,50.14097745470517],[-125.18557855453805,50.141208171483605],[-125.18400845006983,50.1430282617766],[-125.18314234447662,50.14333165023777]]],[[[-125.20768965387371,50.28870216444274],[-125.20831294318147,50.28731497093037],[-125.21058753157988,50.28883596280575],[-125.20973574178852,50.2898414729428],[-125.20768965387371,50.28870216444274]]],[[[-125.2259464452025,50.26628936444983],[-125.2276296426653,50.26657276899209],[-125.22673023277741,50.268315956442216],[-125.22514334759491,50.26799557726398],[-125.2259464452025,50.26628936444983]]],[[[-125.727114144584,50.42726347325099],[-125.72866594885313,50.42730907194081],[-125.73042983591685,50.42811227535021],[-125.72740584976214,50.42866916943471],[-125.727114144584,50.42726347325099]]],[[[-125.46906925640516,50.43392016091217],[-125.4711080577309,50.4328064645881],[-125.47251225685558,50.43351426370448],[-125.47075635931776,50.43468497196464],[-125.46906925640516,50.43392016091217]]],[[[-125.86068735424433,50.4014667572892],[-125.8595657393651,50.400845768626716],[-125.86347812281207,50.400354464178385],[-125.86406654100055,50.401724567733446],[-125.86068735424433,50.4014667572892]]],[[[-125.25640664157544,50.4381059766872],[-125.25843963850384,50.43821845686645],[-125.25913815527625,50.439285175765306],[-125.2563645575892,50.43958996846028],[-125.25640664157544,50.4381059766872]]],[[[-125.45363695096133,50.44431125860245],[-125.45550794498168,50.44426276584531],[-125.4565753485543,50.4452939603312],[-125.45350913059835,50.44569126006331],[-125.45363695096133,50.44431125860245]]],[[[-125.14139083888348,50.16747917703299],[-125.13989334392672,50.166920876371826],[-125.14342263836859,50.165030875354134],[-125.14344605186987,50.1658668549805],[-125.14139083888348,50.16747917703299]]],[[[-125.49774314542805,50.44251816353705],[-125.49670853322556,50.44079627541527],[-125.50049154802821,50.44094867398534],[-125.4997651281307,50.442636374814946],[-125.49774314542805,50.44251816353705]]],[[[-125.21445094954426,50.27769016673458],[-125.21635646709366,50.27885936895657],[-125.21624843654652,50.28076788218089],[-125.2145443376939,50.28034195641337],[-125.21445094954426,50.27769016673458]]],[[[-125.99139954306939,50.451314073011744],[-125.98864473226985,50.451447959363314],[-125.98776495418092,50.44998527674545],[-125.99204592969058,50.45064047050349],[-125.99139954306939,50.451314073011744]]],[[[-125.18215744671336,50.1269432791048],[-125.17958002247249,50.12658716302715],[-125.1776161247205,50.124591867983185],[-125.18286945879399,50.12597626618779],[-125.18215744671336,50.1269432791048]]],[[[-125.07751674883593,50.17617675880035],[-125.07795864385042,50.17345226249398],[-125.07932142890688,50.17193407146883],[-125.08000004602154,50.174315377345785],[-125.07751674883593,50.17617675880035]]],[[[-125.35575784390413,50.251289553876],[-125.35347534724896,50.25167836862228],[-125.35277033694148,50.24991095407351],[-125.35713402667685,50.25047916091006],[-125.35575784390413,50.251289553876]]],[[[-125.21883354986187,50.078582861290414],[-125.21806443991231,50.07859846206743],[-125.21566675964708,50.07478447188998],[-125.21939403424037,50.07558627932798],[-125.21883354986187,50.078582861290414]]],[[[-126.09592423674836,50.481692457512565],[-126.0976149446464,50.48126665684688],[-126.10013542502298,50.4824629709206],[-126.09678534472378,50.48351257964278],[-126.09592423674836,50.481692457512565]]],[[[-125.84310125884922,50.48358527266976],[-125.83961013860551,50.48270795354205],[-125.84968383114514,50.48283036529122],[-125.84794463379366,50.48368346274382],[-125.84310125884922,50.48358527266976]]],[[[-125.36264392577513,50.25070845855864],[-125.36541493289124,50.25111157308203],[-125.36557123709252,50.253159557113975],[-125.36232224969,50.25298295110817],[-125.36264392577513,50.25070845855864]]],[[[-126.23021354295136,50.53773366934866],[-126.23343466650445,50.53647897342336],[-126.23537404332767,50.53782906000011],[-126.23356384810397,50.539109460645214],[-126.23021354295136,50.53773366934866]]],[[[-125.52033866224954,50.35979867086809],[-125.51646974667341,50.36000796663245],[-125.52493104265247,50.35864645348518],[-125.5234223382899,50.3598926781975],[-125.52033866224954,50.35979867086809]]],[[[-126.19263923342683,50.557711066259],[-126.18985504143014,50.557977371776296],[-126.18966554911232,50.55573285322119],[-126.19235454917063,50.554906778453386],[-126.19263923342683,50.557711066259]]],[[[-125.22806845366391,50.31053097472321],[-125.2281880321465,50.30855845818437],[-125.23144694286059,50.30615725407685],[-125.23108514700263,50.30866527173875],[-125.22806845366391,50.31053097472321]]],[[[-125.33765344440297,50.252293673647415],[-125.33529412327248,50.2508038599497],[-125.34137853705644,50.2504378555745],[-125.33985975224265,50.25268106289242],[-125.33765344440297,50.252293673647415]]],[[[-125.21638522212122,50.11218135898042],[-125.21398463221766,50.11167857267136],[-125.21490994368568,50.10868347924418],[-125.21725913340623,50.110204578918434],[-125.21638522212122,50.11218135898042]]],[[[-125.24949623782558,50.07669715966104],[-125.25295664624763,50.0786639552156],[-125.25552905617275,50.08253495926691],[-125.25083743379173,50.07906417077313],[-125.24949623782558,50.07669715966104]]],[[[-124.84891894237143,50.12232316993678],[-124.84661024771934,50.123780059752534],[-124.84486403610391,50.12349386931155],[-124.84863955498781,50.120914568668816],[-124.85273954564111,50.1216323730714],[-124.84891894237143,50.12232316993678]]],[[[-125.16103133326563,50.14652556747309],[-125.1587353477588,50.14624416379638],[-125.1586406487618,50.14477005198319],[-125.16234142221629,50.14364926022581],[-125.16284663362612,50.14581687791225],[-125.16103133326563,50.14652556747309]]],[[[-125.22949135432697,50.31360725685778],[-125.22785194432913,50.311892553311175],[-125.23267445802469,50.31198937419786],[-125.23200766029228,50.314250967004604],[-125.22949135432697,50.31360725685778]]],[[[-125.15490585550538,50.394112165999715],[-125.15751205233055,50.393840073298776],[-125.16037973970558,50.395027869721524],[-125.15645335801209,50.396234171940904],[-125.15402084194216,50.3953796565399],[-125.15490585550538,50.394112165999715]]],[[[-124.78556974160728,50.19930025850289],[-124.78354205968276,50.199079472163376],[-124.78287202658784,50.19722795896158],[-124.78952984544445,50.197692250719534],[-124.78556974160728,50.19930025850289]]],[[[-125.20832885673879,50.40883276816831],[-125.20659764374814,50.40822746900653],[-125.20137583178933,50.40913615888941],[-125.20071426517917,50.4082488704305],[-125.20447264746058,50.406118162956886],[-125.21036584547669,50.40876725973723],[-125.20832885673879,50.40883276816831]]],[[[-125.50013716073072,50.44514726850688],[-125.50159874532552,50.44241706811121],[-125.5010308272555,50.444499268503534],[-125.5046398461853,50.44533807779441],[-125.50108804018964,50.44716965678164],[-125.50013716073072,50.44514726850688]]],[[[-125.22559891875359,50.04901336082441],[-125.22230135948953,50.04806916641324],[-125.22129265275792,50.04498427589705],[-125.22785824313954,50.04831265766761],[-125.22559891875359,50.04901336082441]]],[[[-126.29411125605573,50.51430257279805],[-126.29158165322647,50.5126604534409],[-126.29232712240545,50.51119356907748],[-126.29881154800707,50.51102975787178],[-126.29411125605573,50.51430257279805]]],[[[-125.40716632810894,50.34265976486798],[-125.40305423796346,50.3430513798645],[-125.40223164451666,50.3412411768123],[-125.40636514557438,50.33986965390365],[-125.40926185345543,50.342121363619455],[-125.40716632810894,50.34265976486798]]],[[[-125.03315573928013,50.18433745157774],[-125.031525442497,50.18188355810225],[-125.03217733015823,50.17943396876325],[-125.0361279271016,50.179788556042126],[-125.0349927504071,50.183378966705995],[-125.03315573928013,50.18433745157774]]],[[[-125.32795635083637,50.37385706061032],[-125.32271983046817,50.373468176815265],[-125.32249786132947,50.371826072713304],[-125.32928264711084,50.37109685080474],[-125.32795635083637,50.37385706061032]]],[[[-125.1510691342101,50.226143767849614],[-125.14702372603017,50.22658806618066],[-125.14220614970168,50.22452725955567],[-125.15185522493029,50.223961857619045],[-125.1510691342101,50.226143767849614]]],[[[-124.78731696375262,50.319906569213785],[-124.78674562736389,50.318134875410124],[-124.78888552604366,50.31453155644164],[-124.7928656211574,50.316565367522706],[-124.78731696375262,50.319906569213785]]],[[[-125.31631883766318,50.25064436493511],[-125.31194924682602,50.24964177618344],[-125.31691713250416,50.24822187834589],[-125.3209727307352,50.249138979513056],[-125.3207528604932,50.25068146813556],[-125.31631883766318,50.25064436493511]]],[[[-125.21995814257652,50.280850470303676],[-125.21828513043074,50.28319326265948],[-125.21677555837856,50.280622572970834],[-125.22030385698565,50.2780191641798],[-125.22157264396208,50.27930805209882],[-125.22149441709647,50.277348363534664],[-125.22459283844837,50.27787386297873],[-125.22203314477493,50.281971275481524],[-125.21995814257652,50.280850470303676]]],[[[-124.85085782249655,50.311258760392136],[-124.84841452311899,50.30948987267958],[-124.85482804933473,50.307515955314756],[-124.85718993936469,50.308656757199365],[-124.85425042011325,50.31142966835711],[-124.85085782249655,50.311258760392136]]],[[[-125.13281502008,50.235933762223404],[-125.13014992969116,50.236217163921886],[-125.1277371595548,50.23366216586152],[-125.1269759525734,50.23359516302197],[-125.12720703658277,50.231548576124354],[-125.1315529367816,50.230551657663376],[-125.12952286095108,50.232199464048854],[-125.13397474998878,50.2339526683187],[-125.13281502008,50.235933762223404]]],[[[-125.18550812415639,50.138762766977514],[-125.1832591345316,50.13915587492763],[-125.18162523558563,50.13678456071597],[-125.18703443020216,50.13386777733084],[-125.18901796638173,50.13533327027406],[-125.1871198674181,50.13725736918965],[-125.18829025258394,50.13867445886888],[-125.18697283404137,50.13986936398015],[-125.18550812415639,50.138762766977514]]],[[[-125.2211369477166,50.27660917262395],[-125.21934995865006,50.27559087224056],[-125.2216998499864,50.27240635472879],[-125.2239061514248,50.271285474762884],[-125.22422004874764,50.27287055022392],[-125.22660734210831,50.272637065373395],[-125.22487605113047,50.274935675447445],[-125.22714515578724,50.27453267416596],[-125.22553134334765,50.27722585138564],[-125.2211369477166,50.27660917262395]]],[[[-125.22370122742,50.31021906598213],[-125.22391383991668,50.30818106902894],[-125.22206784490677,50.30624696971793],[-125.22490203868797,50.30105715641541],[-125.2277798446744,50.3061372518209],[-125.22370122742,50.31021906598213]]],[[[-125.0197667379154,50.185048154041105],[-125.01998312620763,50.1822467683452],[-125.0233613307227,50.182638361931865],[-125.0239154268734,50.18878956946323],[-125.02110822748118,50.18899177356898],[-125.0197667379154,50.185048154041105]]],[[[-125.46281525503463,50.43823556633067],[-125.457437540557,50.438043274838584],[-125.46727604848718,50.43493847094571],[-125.47208454418764,50.436671765089706],[-125.46281525503463,50.43823556633067]]],[[[-125.26693705585967,50.316200759496105],[-125.2634285163279,50.317753162007236],[-125.25936864974986,50.31686157086909],[-125.26198516234332,50.31217876900699],[-125.26609125938504,50.315255064437174],[-125.27000722420848,50.31577206160442],[-125.26693705585967,50.316200759496105]]],[[[-125.05286614965222,50.27707777077794],[-125.04897133028253,50.276876868614664],[-125.04451413228048,50.27146776674032],[-125.04644194771386,50.27128976614374],[-125.04470104076876,50.26960347477793],[-125.04779162540044,50.269045161003895],[-125.05124724726836,50.27074706067907],[-125.0488783345058,50.27277656742792],[-125.05286614965222,50.27707777077794]]],[[[-125.33157913806437,50.45573625493093],[-125.33230145842961,50.455209275124425],[-125.32771423796179,50.45390755461133],[-125.32303406179136,50.4501234700467],[-125.32669392980294,50.44979016482289],[-125.33404344559752,50.45314136731955],[-125.33540912478217,50.45741396900495],[-125.33157913806437,50.45573625493093]]],[[[-125.02415074541004,50.20127847757194],[-125.02319155488546,50.19946967375025],[-125.02758675335161,50.19177467075227],[-125.02783285281656,50.194909374373374],[-125.03078165845321,50.196729564597106],[-125.02564374903649,50.20248475579486],[-125.02415074541004,50.20127847757194]]],[[[-125.143731736401,50.23011157254244],[-125.13957044424724,50.22860475565335],[-125.13544474703316,50.23201857791064],[-125.13204045818198,50.231460270603826],[-125.13587513537607,50.22937525665119],[-125.13459594367959,50.2274368722854],[-125.13849942951856,50.22538747479799],[-125.14630723864413,50.2281390645292],[-125.143731736401,50.23011157254244]]],[[[-125.97918033966549,50.44903677616418],[-125.97326045209964,50.44854965324972],[-125.9716710324301,50.446557267773294],[-125.97920432580285,50.44336836758781],[-125.9825967225582,50.44465876640932],[-125.98085234629973,50.445836577490915],[-125.98175026202819,50.44776496476142],[-125.97918033966549,50.44903677616418]]],[[[-125.16819245695841,50.39139187140566],[-125.16413093660559,50.39243018218535],[-125.15548924336917,50.39114266187437],[-125.15662202939869,50.38944926693743],[-125.16530132165613,50.38814466673665],[-125.16939703981409,50.38973266306187],[-125.16819245695841,50.39139187140566]]],[[[-124.80810105498517,50.21634796393741],[-124.80602385173793,50.216685563686305],[-124.80470296134924,50.213962472038155],[-124.8068359558449,50.20960297161038],[-124.81080514787197,50.21038625610537],[-124.81347383704448,50.21278325410601],[-124.81310325677234,50.2148212685359],[-124.80810105498517,50.21634796393741]]],[[[-125.46846065110407,50.34992886560939],[-125.46973604408768,50.34902875725818],[-125.46202523135507,50.34781676556782],[-125.46016435525237,50.34553517473442],[-125.46600433360757,50.3451235751104],[-125.47561343732086,50.34878665708844],[-125.47425872255404,50.35112806860064],[-125.46846065110407,50.34992886560939]]],[[[-125.16864614506427,50.17036315308865],[-125.16402083397769,50.167823758214396],[-125.16447924884129,50.16679837528924],[-125.16588844144896,50.16856146688072],[-125.16419995434089,50.16183785985239],[-125.16557694125403,50.16042787924215],[-125.17142525542029,50.16402396386988],[-125.17179893967665,50.16607766791529],[-125.17017223713414,50.16634115582085],[-125.16864614506427,50.17036315308865]]],[[[-125.36074335722799,50.359154869953834],[-125.34890322656953,50.358855858028114],[-125.34525755907443,50.355645669944785],[-125.35810564816606,50.35472986783473],[-125.36176354314888,50.35761397861966],[-125.36074335722799,50.359154869953834]]],[[[-125.18876275475468,50.40821325688618],[-125.18201674724224,50.40596587071349],[-125.18165503010357,50.40454306388343],[-125.17961864921665,50.40431946613329],[-125.18606855570681,50.40228286102428],[-125.1845443247755,50.404011771298975],[-125.19693843305652,50.40268018333977],[-125.19393014744891,50.40396055144793],[-125.19538615304687,50.40531777513521],[-125.19336994871443,50.40648997428206],[-125.19475391852924,50.407794462297474],[-125.18876275475468,50.40821325688618]]],[[[-125.01092903011552,49.95157605625539],[-125.0051005535729,49.95188376175094],[-125.00110314897319,49.9539773605518],[-124.99780613127751,49.95182956604409],[-124.99932526092671,49.951128863455466],[-124.99487363748096,49.94931725537806],[-125.00702163383525,49.948153776618724],[-125.01225764733081,49.9493771713915],[-125.01092903011552,49.95157605625539]]],[[[-124.8303433543869,50.109952461219166],[-124.81982734939204,50.110747168565],[-124.81180302625827,50.10936137364566],[-124.81617953017137,50.10820496900542],[-124.82141033696017,50.11010197111025],[-124.82461132710372,50.10632785993538],[-124.82931985105333,50.10477827457587],[-124.83322514140094,50.108162263591964],[-124.8303433543869,50.109952461219166]]],[[[-125.52472444890553,50.366674770181625],[-125.51630655589834,50.36677587097269],[-125.5128362584019,50.36309997378634],[-125.5202556176797,50.360627562428924],[-125.52355193746828,50.36233657380904],[-125.52721955776444,50.36199617012454],[-125.52599166628828,50.36352577211249],[-125.52921314999078,50.36432766133416],[-125.52472444890553,50.366674770181625]]],[[[-125.06807505339958,50.16864556696025],[-125.06574224525052,50.16946014986978],[-125.0650922239186,50.16737655904747],[-125.06160254970024,50.16795056393913],[-125.05949113128429,50.16640525613807],[-125.05656465619559,50.161852073720596],[-125.05751494286012,50.15920877487824],[-125.06734593352111,50.16343296057341],[-125.06991075695291,50.16675986643741],[-125.06807505339958,50.16864556696025]]],[[[-125.01642681962464,50.196897559868525],[-125.01239175384558,50.190932974549874],[-125.01008483830998,50.17999935756025],[-125.01140155334159,50.178699074034725],[-125.01714363513213,50.18199036501758],[-125.0160256546617,50.1867315691424],[-125.01868615631709,50.19031916902517],[-125.01661893225017,50.193126254676166],[-125.01795434721618,50.19693455953031],[-125.01642681962464,50.196897559868525]]],[[[-125.04003565388832,50.26747286500562],[-125.0370680289283,50.26731757490145],[-125.02624763936949,50.26168776544391],[-125.02391714718897,50.257031976862315],[-125.02977491571467,50.25389876242872],[-125.03249133066004,50.25442706675181],[-125.03416512778155,50.25683546164277],[-125.03654303352536,50.25701916106416],[-125.04245844424088,50.26409315542021],[-125.0403228360002,50.266685270080146],[-125.04184314837366,50.268069560721635],[-125.04003565388832,50.26747286500562]]],[[[-125.24108254140987,50.08061086542329],[-125.23158556234984,50.07624286956279],[-125.22578523528402,50.07114556330382],[-125.22728114186863,50.06903066800128],[-125.22722874658336,50.06852787252935],[-125.22640013010819,50.06810347320182],[-125.2307485598315,50.06694846991053],[-125.23449304887556,50.06816325480022],[-125.23977384833275,50.07349415170113],[-125.24744314498041,50.07672845441977],[-125.24806375043829,50.07924367697514],[-125.24561936510747,50.078985869006495],[-125.2461268437465,50.08202515651239],[-125.24108254140987,50.08061086542329]]],[[[-125.89088205133856,50.40387647692926],[-125.87578534613827,50.40627487403076],[-125.87317762550434,50.40484635993725],[-125.87772992706168,50.40353756733475],[-125.86683793498003,50.40008245507136],[-125.86820323037554,50.399391678080804],[-125.86920844600878,50.39761286233433],[-125.86172824328457,50.39887755422225],[-125.85604184809445,50.394654771293816],[-125.86825575040933,50.39605336793533],[-125.86846394031177,50.39391705779765],[-125.87176304924535,50.39399675015462],[-125.87171125101136,50.39572575154081],[-125.87375604918178,50.39694347107477],[-125.88258844502785,50.39870377041282],[-125.8836692489478,50.40073616426716],[-125.89098433670581,50.40184987365378],[-125.8931443545132,50.403577469779854],[-125.89088205133856,50.40387647692926]]],[[[-125.07594323820855,50.296464071740104],[-125.07224563418605,50.29636866384512],[-125.06288465613312,50.290284463661415],[-125.05975542874559,50.28579677127076],[-125.05973765314617,50.284070568561134],[-125.06189663463833,50.283987969089104],[-125.06017032512466,50.27846777199111],[-125.06673402358938,50.277406759303126],[-125.06914143146007,50.28013408143134],[-125.06856013834182,50.282267566042066],[-125.0729074422731,50.28380995900791],[-125.07387272427799,50.288244960240036],[-125.07801482931828,50.293081573316464],[-125.07760752588419,50.29567076776583],[-125.07594323820855,50.296464071740104]]],[[[-125.13075292525846,50.42152387343053],[-125.12038613121338,50.41921237959572],[-125.11856451995962,50.417185759563935],[-125.11915186069426,50.41553797430058],[-125.11620104254703,50.41311816466353],[-125.12016122922317,50.409457974333975],[-125.11481214204143,50.4071892535674],[-125.11583733341585,50.4030518737236],[-125.11317025701149,50.39943866586745],[-125.1044508457707,50.3969705741956],[-125.10369882906737,50.393691977177156],[-125.0999998336029,50.39212246327312],[-125.09894454874515,50.38987505273814],[-125.09121102055174,50.38900635944308],[-125.08570893769239,50.38514815893812],[-125.08459793697007,50.38069748070079],[-125.09089792676077,50.37742756052354],[-125.10226134159988,50.37484825306855],[-125.10938961533148,50.36655086105665],[-125.11849024983611,50.36279665738838],[-125.122158036034,50.36372806465067],[-125.12790391935609,50.361402261391305],[-125.13605983239538,50.36139656283563],[-125.13642014034995,50.36348596253906],[-125.14670756120735,50.36770296540481],[-125.14235034965856,50.37212807583152],[-125.14407652843096,50.37234737350666],[-125.14268513050979,50.373948169913916],[-125.14382344936404,50.37516876748462],[-125.14582681814605,50.37530256270563],[-125.14438232592852,50.37821655742821],[-125.14645614350854,50.378061266943874],[-125.1445334501936,50.38185536638055],[-125.14602612827098,50.38502137116279],[-125.1401165285994,50.387792872130206],[-125.14019663344901,50.3889692685631],[-125.13455913754396,50.389981965687056],[-125.13468003452641,50.3951959562328],[-125.13916272831442,50.39724537060549],[-125.14763576115504,50.39449947059725],[-125.1477491518732,50.39699755518411],[-125.14955243454668,50.397971758055526],[-125.14483423924548,50.40006387350138],[-125.14773143422047,50.40032597268415],[-125.14995592369196,50.402839664242485],[-125.14607295894395,50.403207166463666],[-125.14082485347733,50.40758656479439],[-125.13933481404378,50.41265956171501],[-125.14166902167457,50.41349846296491],[-125.14174354349865,50.415502352877056],[-125.1397718309218,50.41891187260702],[-125.13075292525846,50.42152387343053]]],[[[-125.00466114691106,50.32633687537217],[-124.98817162958355,50.325811367606725],[-124.98571571858677,50.32114846100273],[-124.97990955230657,50.31734436591931],[-124.96652413357343,50.31229125612512],[-124.96965743421966,50.29972698123147],[-124.97298821609002,50.29470516155852],[-124.97720072630946,50.29232247448689],[-124.97957744686688,50.2877122596166],[-124.989274427848,50.28187157034945],[-124.99499616528205,50.2753515711524],[-125.00327673124818,50.27369806573101],[-125.00496353565381,50.27578165781467],[-125.00925624592702,50.27606795705423],[-125.01420543579763,50.280893180790756],[-125.02800203880322,50.28417886946904],[-125.02782114894585,50.28885026148744],[-125.03442134868341,50.293493159178354],[-125.03239774061765,50.295740555833206],[-125.03386682733932,50.29658795610511],[-125.03333931892277,50.298719965449465],[-125.04001245470202,50.300437555782764],[-125.03640122643893,50.30265937443114],[-125.03175775085202,50.302479972821956],[-125.03110035735877,50.30119666574932],[-125.00950552695222,50.31196085735558],[-125.0081944435612,50.31650835566277],[-125.00362823536828,50.3204990533305],[-125.00608562924819,50.32247156975619],[-125.00466114691106,50.32633687537217]]],[[[-125.10092206276026,50.250000076945064],[-125.1038955539979,50.24988246681907],[-125.10587944796474,50.24748975277641],[-125.11387404121943,50.24395347587183],[-125.12130985189611,50.243674355990535],[-125.12228052995866,50.23931196899156],[-125.12624173980855,50.240704860175505],[-125.13581766231985,50.24096117279995],[-125.13666953440887,50.238705278561575],[-125.13990242753229,50.23914956900287],[-125.14220826147519,50.23743486790736],[-125.1414779346144,50.23519026416093],[-125.1429245210932,50.23430015879199],[-125.1510081450133,50.232279267593874],[-125.1516483307325,50.23060435827511],[-125.15289655855017,50.23214535960148],[-125.15501485863224,50.23154006967636],[-125.15602611746861,50.2322222628422],[-125.15479745451316,50.234808664955025],[-125.1524835155013,50.23635386163479],[-125.15634156689498,50.236732768896864],[-125.15658464265856,50.23808577589893],[-125.1547777552,50.23810997113372],[-125.15560354159146,50.2396509638535],[-125.15925465438733,50.23911546008499],[-125.15712994657991,50.242383978073704],[-125.16027243958432,50.24300066545598],[-125.16116324666392,50.245017351486204],[-125.16232992696169,50.24324987636856],[-125.16399235818986,50.24367856949429],[-125.16633416523598,50.24707957103853],[-125.16449695482284,50.24801245869766],[-125.16883552822064,50.246870269863315],[-125.17286923469796,50.24857646245001],[-125.18113502996162,50.256066372773816],[-125.18067434546302,50.25887345630495],[-125.18709085036669,50.26141427362022],[-125.18746061874832,50.26520406155905],[-125.19192692558556,50.266172568508736],[-125.19141233313856,50.271506166288894],[-125.19535871982481,50.272780867828644],[-125.19363783571197,50.27685265710785],[-125.19649825533214,50.279820758885386],[-125.19518353149243,50.28118517782959],[-125.21121483351686,50.29361847247508],[-125.21100305200926,50.29722036883282],[-125.20530805458081,50.300359265076224],[-125.18384585014307,50.30455215571453],[-125.17513223705207,50.308726468367354],[-125.17411843477132,50.311453864178134],[-125.16536263973074,50.31012367826204],[-125.16346254433036,50.31279407244158],[-125.16489203536143,50.31335238220606],[-125.16228895282018,50.31481356121611],[-125.16081623960821,50.31885266354902],[-125.15465823999725,50.323095373959745],[-125.14327883285105,50.32593237605006],[-125.13828055133094,50.325385471514196],[-125.13211154338933,50.32790065866847],[-125.12613143547223,50.32738077022356],[-125.11124303699003,50.319593267110704],[-125.10826122623656,50.313161465199975],[-125.109487037981,50.312285558574736],[-125.10800844435028,50.308695161727634],[-125.10971632146179,50.304473867230286],[-125.10969232932825,50.30389847141612],[-125.10463965966768,50.303368673035315],[-125.09159494070589,50.29249615996551],[-125.0930185333701,50.28910656352423],[-125.09005154079071,50.2828998609929],[-125.0912916399906,50.28174346067235],[-125.0888675302455,50.27639126801468],[-125.08860422756516,50.270692966878414],[-125.09311684848515,50.2689568634237],[-125.09555573381934,50.26603436157746],[-125.10070685370106,50.25361815786359],[-125.10364773656995,50.25059737405774],[-125.10092206276026,50.250000076945064]]],[[[-125.10092206276026,50.250000076945064],[-125.0941270249201,50.250094663744186],[-125.0917330591901,50.256604667461986],[-125.08794726485817,50.25697926902225],[-125.0885901335964,50.2607804693685],[-125.08113403563524,50.267417263252696],[-125.08131445462499,50.27120996255846],[-125.07978912097353,50.270994966856485],[-125.0753651492317,50.27609357292227],[-125.07156551513332,50.2745411626768],[-125.06150375292535,50.26486225901213],[-125.05409884767171,50.260370374033876],[-125.0543331218305,50.25831515896946],[-125.05383322294334,50.256462267134324],[-125.05515725360539,50.255602059495416],[-125.0441121591837,50.243412266320526],[-125.04237766456195,50.23861266967822],[-125.04423675061896,50.22860475337571],[-125.03854242175045,50.22264156343891],[-125.03819473080617,50.21776368082128],[-125.03468683226889,50.213760266790025],[-125.03309395979916,50.20796796619829],[-125.03689644605322,50.2027567582765],[-125.04178323379834,50.18921397567691],[-125.04475343404941,50.18823556736038],[-125.04352742161001,50.18708766040052],[-125.04663085519097,50.184001357657266],[-125.0494262515024,50.183826156055034],[-125.05063642598961,50.18558646078386],[-125.04642702319306,50.18804465930056],[-125.04804803148843,50.19156818168734],[-125.0532584621047,50.1898847713898],[-125.05627983414257,50.191108156929445],[-125.05512225554597,50.18958147026853],[-125.05756865279884,50.18845056640545],[-125.05820213279955,50.1911736596698],[-125.06197864457248,50.19230306563137],[-125.0624083216595,50.199993762043846],[-125.06472114143288,50.19873057357553],[-125.06776535375671,50.19228886837654],[-125.07499225768892,50.1961000587263],[-125.07446465390665,50.20045387501017],[-125.07641602835827,50.20149916497275],[-125.07440293012655,50.20517796237736],[-125.07527233272423,50.2077699688717],[-125.07186974358487,50.214290077987705],[-125.06702554680244,50.21897285843811],[-125.06845343628363,50.2224820811271],[-125.07425045366197,50.22169445947344],[-125.07211933462902,50.219385865866805],[-125.0737200426198,50.215255653727894],[-125.07597392888162,50.21390125887102],[-125.07857695991427,50.22026886552684],[-125.07865214643257,50.218431669826906],[-125.08227515072122,50.21731506557659],[-125.08031642149618,50.21222206828075],[-125.0818419439119,50.21088185189915],[-125.08171615527911,50.207996457463004],[-125.085669239559,50.210282257285236],[-125.08720226525448,50.20908596719212],[-125.08594885612538,50.204790566465924],[-125.08765376313004,50.20467946592906],[-125.0828745514491,50.20109476837818],[-125.08354154071145,50.19936576280371],[-125.09144253015494,50.20477346680661],[-125.09222092579054,50.20365255732486],[-125.09352584166726,50.20528477385087],[-125.09980023293029,50.20490167666147],[-125.09911424580086,50.20329515365725],[-125.09392714804142,50.20168865052518],[-125.09703693348709,50.199707569738585],[-125.09320343176192,50.19891285660281],[-125.09290543231172,50.200069264053354],[-125.088203258717,50.195719768880636],[-125.08839773551813,50.19347666395597],[-125.09253316227381,50.1941388706025],[-125.09339654161515,50.192082365705026],[-125.0874759324209,50.18324798223571],[-125.08438054784186,50.18422066735163],[-125.08146444760551,50.18191636747385],[-125.07991804677165,50.17823907441063],[-125.0826876392996,50.17205365603401],[-125.08754974045135,50.17303777146193],[-125.08957044217131,50.17569107461943],[-125.09214024915869,50.17586917156642],[-125.09106014951004,50.17421567642126],[-125.0924930489141,50.17365016881279],[-125.0949751292579,50.17405465670837],[-125.0919020342781,50.17203226095272],[-125.0984086526873,50.16769705956956],[-125.10167154895724,50.16739505967496],[-125.09793252746213,50.162280759108086],[-125.09969445814093,50.15965027196649],[-125.10341241660934,50.15889966057813],[-125.10164014949535,50.15581055692668],[-125.09753505151622,50.15383376837742],[-125.10329794989529,50.147684063025594],[-125.105956051818,50.146988956365135],[-125.10799583644538,50.14912817227395],[-125.1110278347429,50.14773246931508],[-125.11131672859601,50.143491178566954],[-125.11258112330418,50.14328897073273],[-125.11522142796466,50.139984774164944],[-125.1182699222214,50.1443456605784],[-125.11979885431744,50.140953264482775],[-125.11823264788065,50.136214857946754],[-125.12371095485378,50.134800662507516],[-125.12435204621251,50.13283666192113],[-125.12270332594989,50.13227407357954],[-125.12830293819191,50.12761128127142],[-125.13145052286671,50.12819226649926],[-125.1320403326401,50.12980875873772],[-125.12978725831938,50.1313882624647],[-125.13204035092419,50.132984774823704],[-125.13603373434304,50.13057216249539],[-125.13593052807622,50.132976270356956],[-125.14357033782257,50.130117866433274],[-125.14511125281494,50.133948971977226],[-125.147275742736,50.13474505449132],[-125.14650905664936,50.13699957147158],[-125.14843205277096,50.13840247579353],[-125.14696076052257,50.13990496258994],[-125.15022186254001,50.14116686481045],[-125.15176005259718,50.13987086439638],[-125.15457644516957,50.14213816513805],[-125.15370853181412,50.14337867728394],[-125.14861592766978,50.143103775121624],[-125.14925352681811,50.1445493678422],[-125.14626706106205,50.14818396443942],[-125.14977513122429,50.14773246292018],[-125.1493612157215,50.15006956272669],[-125.14335603835931,50.15320286802849],[-125.14541123536252,50.155638266548536],[-125.14244334189351,50.15786996647819],[-125.14117773832119,50.16148316055582],[-125.13896993772374,50.1622066548287],[-125.13979112448253,50.164935459132124],[-125.1319672326666,50.17348927480855],[-125.12484654229583,50.1774699532691],[-125.11973596256831,50.17656556568786],[-125.12142712582353,50.17807236380094],[-125.12113205403541,50.18151327497567],[-125.12171822574521,50.18052206431276],[-125.12173265177711,50.18179095586508],[-125.12420884160665,50.18107885277154],[-125.12812685321047,50.18258147196685],[-125.12261994827374,50.189500270427956],[-125.12429035566085,50.191448565619474],[-125.12317424949475,50.19693887540716],[-125.12503914019774,50.198847363055116],[-125.12472965128697,50.20168576573626],[-125.13035263722155,50.1976438613887],[-125.12811284875073,50.199888468565234],[-125.12821145620379,50.20276535725877],[-125.13143925360808,50.20318267247218],[-125.12945864830327,50.209685573514555],[-125.13123853094588,50.210283780956395],[-125.12628284116956,50.212955562659886],[-125.12503992214184,50.21529836684534],[-125.1237880417518,50.219593780945665],[-125.12625792710985,50.21995406287757],[-125.12669223549229,50.22155637682165],[-125.1251853566604,50.223265359360845],[-125.11632373773209,50.223273968452496],[-125.111418657063,50.22678176310035],[-125.1124273623449,50.2324757642584],[-125.10820763353439,50.236644483693816],[-125.1106111360295,50.24278845800677],[-125.10418683875656,50.24599145485388],[-125.10092206276026,50.250000076945064]]],[[[-125.9659600255467,50.442402759704734],[-125.95669112415065,50.444231466889406],[-125.93699223890921,50.44140155810096],[-125.92838764948958,50.44213216021224],[-125.93404344729193,50.44519136655258],[-125.93179473763912,50.447101282132536],[-125.92354954740374,50.445914878900254],[-125.92529054849322,50.44740036357671],[-125.92219552774618,50.448854475284705],[-125.918131052743,50.44712117549533],[-125.91443672957567,50.447763565386765],[-125.91179203650756,50.45379367943485],[-125.91456304703557,50.45371526566277],[-125.91482703235907,50.455039761429894],[-125.9055197241707,50.459491869442736],[-125.89367035835664,50.46228756019122],[-125.87863194732728,50.46203975358067],[-125.87208402039262,50.46351526170303],[-125.87313834868115,50.46488397747387],[-125.86990142695736,50.46632237531869],[-125.8632294698494,50.46532547178655],[-125.85864404036009,50.46780495669856],[-125.8527292210784,50.467886163286146],[-125.83877093245958,50.472267056028315],[-125.81799225308453,50.47361856807991],[-125.80784885006746,50.47134415860184],[-125.80231984538563,50.47270995178101],[-125.80160543964077,50.476136676079975],[-125.79573954804171,50.4763231504429],[-125.79345913652226,50.474236777552896],[-125.79627092378124,50.47387216072545],[-125.79720904794317,50.47209617095639],[-125.78980803226179,50.46682226828343],[-125.76474404631752,50.4582727782343],[-125.76483022885635,50.45322396487962],[-125.76865855625753,50.45387057295051],[-125.76970914430208,50.45281097481774],[-125.7685349520603,50.451022171372166],[-125.75803345367582,50.4436617693995],[-125.74579923893641,50.438202770286004],[-125.74437383703116,50.43889355597816],[-125.74270854560898,50.435388579340895],[-125.7350679555114,50.43162865552625],[-125.73366795571407,50.42786586772091],[-125.73447102993211,50.42543616058688],[-125.74687535729993,50.42054686717898],[-125.75816165733347,50.42239407043973],[-125.76588792896526,50.41943026639706],[-125.76628683429017,50.41781096614719],[-125.77724033276589,50.41202727466552],[-125.7898070448497,50.40933267815648],[-125.8075742202234,50.40985816776413],[-125.82323735427904,50.40834567195473],[-125.84297593989513,50.41310967432281],[-125.858384041753,50.414189166753644],[-125.86514825011109,50.41661326946246],[-125.86354735066858,50.41902727364697],[-125.87053504965483,50.419574176858994],[-125.89058726699879,50.419374769926286],[-125.90323873785252,50.4148941603228],[-125.9185179320565,50.41452107602929],[-125.92124993983715,50.415891162940234],[-125.92106312980742,50.413773368415974],[-125.92316024453864,50.41605066894193],[-125.92407233758904,50.41440856922066],[-125.92677233094176,50.41411517631589],[-125.92916864810371,50.416915170399044],[-125.93840822399154,50.417879360105054],[-125.94485994555558,50.423400974121634],[-125.95692563369603,50.42832168017219],[-125.96646365372045,50.43716315349226],[-125.96904815224224,50.43705206875862],[-125.9704024425631,50.43486876759275],[-125.97466705124131,50.43840215476728],[-125.9659600255467,50.442402759704734]]],[[[-125.78528552753494,50.40110216133668],[-125.77994522188457,50.40102386817469],[-125.77507685156688,50.403442163210634],[-125.76662215962524,50.40472386503559],[-125.75728542189309,50.40416276426931],[-125.75807085651029,50.4058077687619],[-125.75514443922046,50.406544077130924],[-125.75460885203364,50.410658564605534],[-125.72951603618105,50.40831716584734],[-125.72798885162034,50.412850456303545],[-125.72428654170575,50.41429607100434],[-125.71407645342323,50.41277216843612],[-125.71284374357631,50.41065995220255],[-125.71440124196855,50.40835707083614],[-125.70509812964643,50.409365363404795],[-125.69705125294024,50.40671775882747],[-125.69661906170485,50.40925576968393],[-125.685542659873,50.40881136877038],[-125.68265424337872,50.4114775696137],[-125.67196606006964,50.41090497417791],[-125.65706413040817,50.41300997433831],[-125.65440756866353,50.416101969676795],[-125.64703682884162,50.4197592717378],[-125.64140735368365,50.420579669573954],[-125.63939805197447,50.42192125174987],[-125.63738544881605,50.4251954676423],[-125.6333893256861,50.42677926947829],[-125.61238342976175,50.428116569627115],[-125.60953703616433,50.42986266188723],[-125.60568744124842,50.43387177451369],[-125.60511633439677,50.4347832733521],[-125.60730885231682,50.43518486366488],[-125.60632134008601,50.435674868481904],[-125.57442694062169,50.44149416930228],[-125.563020246372,50.441529754410986],[-125.55540644874088,50.44350515964278],[-125.53914122898453,50.443294362458204],[-125.52486973624444,50.44615136418841],[-125.52014016103621,50.44542636473539],[-125.5039267504713,50.435549463826796],[-125.50357213762072,50.43204878016742],[-125.5057261350651,50.430707180796944],[-125.50494165544619,50.42573246639933],[-125.49992045034199,50.416989153855745],[-125.50497722290942,50.414657763722985],[-125.50034343275183,50.41166406027062],[-125.49928895066242,50.40741425510994],[-125.50554483026211,50.40353757163777],[-125.51905442609555,50.399242158701114],[-125.52675004406336,50.40055097472762],[-125.53207783216982,50.39832916152087],[-125.54450573898868,50.39809425957001],[-125.54744482206348,50.400143665803],[-125.55189822252764,50.40000126418865],[-125.55425112815388,50.39769256638567],[-125.56696565172277,50.39366067130732],[-125.5676234409325,50.391774952591014],[-125.59598632518984,50.38500146117871],[-125.60048475814139,50.38725735956268],[-125.6020123345719,50.389221368378315],[-125.60058355466023,50.39087205808808],[-125.60465546580693,50.39224637312838],[-125.6042351442034,50.39381306331982],[-125.6170878370986,50.39595218106268],[-125.62210783171197,50.3910628620009],[-125.61876904430656,50.38563377061413],[-125.621619135165,50.38271706270605],[-125.62679302416396,50.380855563704515],[-125.63434894168121,50.38063055823994],[-125.643817942206,50.384229559953134],[-125.65753613924565,50.382217176498926],[-125.66692273843795,50.38329665917179],[-125.6689202507579,50.382010658110744],[-125.66941695976864,50.38333936519241],[-125.67352675639141,50.382641566423395],[-125.68853626577922,50.384840570523906],[-125.69097164559626,50.382409362815196],[-125.70040633204309,50.37909667281289],[-125.74314432721931,50.37666556628401],[-125.75299263734159,50.378663767204316],[-125.75460064446965,50.38090116201346],[-125.76265285746743,50.37859676952383],[-125.77956334864619,50.38270845478512],[-125.78064214849493,50.38480637133117],[-125.78342613544,50.38546858224846],[-125.7840185561835,50.38764906874127],[-125.77248754682574,50.38874287999159],[-125.76934493973219,50.39034658118495],[-125.77941923125356,50.39226637081898],[-125.78303354146246,50.394643358869],[-125.78403181756262,50.39703036219349],[-125.78838744093589,50.398814878358685],[-125.78528552753494,50.40110216133668]]],[[[-124.74108253310766,50.30791756864705],[-124.73531254248918,50.30917366853982],[-124.7315997394863,50.30667425191431],[-124.71726195217887,50.30319915685364],[-124.701332359299,50.29681446447005],[-124.69105456056324,50.29126997016874],[-124.67705782790925,50.28047306700177],[-124.6668453306538,50.275871480642806],[-124.65966304312707,50.267888765313465],[-124.6565657552181,50.260700770370704],[-124.65749043316256,50.25861856608913],[-124.65513345059503,50.25540557150834],[-124.65611353681552,50.25294597510732],[-124.65380563517813,50.25026126194432],[-124.65444634925748,50.247734763669506],[-124.64868042084963,50.24322856275241],[-124.6425533633598,50.233925570270635],[-124.64381693315224,50.22988796219745],[-124.65065662868264,50.224088561519615],[-124.64839582688714,50.21952397212716],[-124.6494978508393,50.21855556036211],[-124.64818083933157,50.2165231706327],[-124.64867096500755,50.209185670855966],[-124.65813853918513,50.19526256505716],[-124.66809675931762,50.18750206626415],[-124.67002305888693,50.184065471425],[-124.69032783932535,50.17399487985795],[-124.69669274601519,50.17297516928889],[-124.69644513029704,50.171152178847095],[-124.69846362701654,50.170385971710516],[-124.69591943705704,50.16776106712446],[-124.69851883097266,50.16521317554949],[-124.70331025213818,50.16491836897052],[-124.71088404448065,50.161748072661375],[-124.72069104978124,50.16113565818775],[-124.72849743063307,50.16445556133925],[-124.72813464980612,50.16678127415295],[-124.72421083464185,50.169413163148334],[-124.72484143733317,50.17256927432437],[-124.72226163185667,50.17596316720194],[-124.72583114638346,50.17979567380137],[-124.72662754955577,50.18441576510414],[-124.73616562635982,50.189390570058535],[-124.73907035007066,50.19338685453897],[-124.74224504740418,50.194778358101665],[-124.74683482543206,50.20382067386642],[-124.73808213747672,50.21519435590838],[-124.73409603760295,50.22316997375708],[-124.72925433697486,50.22764906178206],[-124.73030883380567,50.230474753291084],[-124.7276728629918,50.23162976877815],[-124.72870656333022,50.23305396861937],[-124.72700614060028,50.23604767991368],[-124.72890242039968,50.23773675878396],[-124.72763334682006,50.23985175426861],[-124.72821856100641,50.24438496926945],[-124.71221103306573,50.24857077281331],[-124.71127135081072,50.252487360775994],[-124.70903795034069,50.25400405526552],[-124.70984294986789,50.25886775886171],[-124.70420673378042,50.26014675949124],[-124.69873415466628,50.264076171369894],[-124.69936282514448,50.27464515891903],[-124.70300554034357,50.27992475429487],[-124.70257763380997,50.28450066211614],[-124.70502964662691,50.286703963040296],[-124.72048414230635,50.29093816505377],[-124.72744303206451,50.299702655554],[-124.73477234334756,50.29935097441895],[-124.73622312086077,50.30060566104843],[-124.7331014303163,50.295076874743906],[-124.73073644886648,50.29411265871561],[-124.73177606278499,50.29376516679657],[-124.73040795687372,50.29165306266602],[-124.7311855294623,50.28908805907152],[-124.72728533082993,50.28531395766872],[-124.72841573912795,50.28280587471233],[-124.72339293482429,50.279759455459995],[-124.7232829315475,50.27708917161088],[-124.72673053660097,50.27616626324517],[-124.72637253654851,50.27323945803805],[-124.72862544791228,50.27348446473332],[-124.72933075122167,50.272026059636104],[-124.72825263537415,50.27017177916237],[-124.7296463215782,50.2667863603174],[-124.72741855699445,50.265335167617145],[-124.72577845413191,50.25991885728163],[-124.73101523305792,50.254237662852454],[-124.74546832808927,50.24585337680686],[-124.74789343385332,50.238558555596256],[-124.74648106026,50.23904847143485],[-124.74649363923209,50.237483279020786],[-124.75417354057296,50.22586315334336],[-124.75337812289085,50.22178276665563],[-124.75605676123618,50.21758707203673],[-124.75381164872859,50.21636087591354],[-124.75531815088499,50.2100515677243],[-124.760219715221,50.21032786062085],[-124.75901395852291,50.21298117011499],[-124.76054784032972,50.21281456391363],[-124.76064722931238,50.2143241759311],[-124.76528782581677,50.21285016002356],[-124.79064752009866,50.22304886676553],[-124.80016434106335,50.22929695212514],[-124.8052175538151,50.230189866944336],[-124.8070761364071,50.23264386558862],[-124.81081425054367,50.2313976717556],[-124.8142039329198,50.23350407971685],[-124.811935242211,50.24095127350514],[-124.80305464811772,50.24685457105651],[-124.79660324317699,50.25768426898291],[-124.78711881353347,50.26518846086446],[-124.78736274876432,50.26832306466797],[-124.78986494372064,50.26770077254636],[-124.78732183078985,50.27021306198473],[-124.7865288442496,50.27751927186213],[-124.78319103265355,50.28208666839674],[-124.78406735202962,50.2852569754473],[-124.78143403577367,50.28656576513811],[-124.78226273394019,50.287299274068246],[-124.76986154696745,50.292094558313835],[-124.76263185425103,50.291349763652505],[-124.75970355627769,50.29304025857954],[-124.75843613217454,50.294848976731714],[-124.75280324292058,50.29551836658354],[-124.75124634816575,50.29747526407627],[-124.75370955890341,50.30071246484493],[-124.74108253310766,50.30791756864705]]],[[[-125.48675732934474,50.428803062204494],[-125.47747083839279,50.43003497918213],[-125.4724664485127,50.428324463861564],[-125.46621622603075,50.42916766567167],[-125.46613034439186,50.431031856611575],[-125.45845386098185,50.43372226808851],[-125.45312512704491,50.43825127284497],[-125.43666793117522,50.43867846353697],[-125.42681404502405,50.44097996023554],[-125.4076871457293,50.45070457299368],[-125.40282614227928,50.45009497805186],[-125.39871664082091,50.4451785544435],[-125.3929147554508,50.4435350593884],[-125.39190882778838,50.44453626769567],[-125.39444092266785,50.44923326064114],[-125.39303883021817,50.45186237439476],[-125.39678525492542,50.45825137652836],[-125.39292446364671,50.46047176549155],[-125.37644405844178,50.463679060934986],[-125.36953242471982,50.46270486295626],[-125.36802804783404,50.457986460142735],[-125.3640350261934,50.4558729576521],[-125.36193903789939,50.45679727547039],[-125.36057203185668,50.4607736555143],[-125.35215754820001,50.459882163390624],[-125.34777693284117,50.455618066952574],[-125.32835985332764,50.44639196767095],[-125.32399404106371,50.446147078224996],[-125.32278324858132,50.445281158083404],[-125.32466545887527,50.44489236909998],[-125.3222629577829,50.44186446410642],[-125.32541035574897,50.43880667389524],[-125.32676224456642,50.4336695537344],[-125.32471913047159,50.43075986411742],[-125.32531093259193,50.422446780366464],[-125.33082783900656,50.41892757936187],[-125.3330795365872,50.412324968702805],[-125.3422351280162,50.40990095690061],[-125.35526222312747,50.391854769959416],[-125.3588922238724,50.391574165007476],[-125.36157935028828,50.39495526149993],[-125.36584885745373,50.39312376345319],[-125.37157654366648,50.393709077491465],[-125.37340753365369,50.39654037773079],[-125.37667524225851,50.39493676252933],[-125.37806433458951,50.399900170262235],[-125.38113894459296,50.40141978066557],[-125.38466103253552,50.39900857812925],[-125.38788194552225,50.39953697872792],[-125.38712621995805,50.397087267130175],[-125.37691743170726,50.38767187174769],[-125.37769444774068,50.38549707362396],[-125.37426435197698,50.38241935733271],[-125.37482984419596,50.37828775798519],[-125.3777885456703,50.37527695461908],[-125.3830042291945,50.37325457551391],[-125.3829196475475,50.366807170044964],[-125.38759322499803,50.36464236881872],[-125.40778903947368,50.36079847938318],[-125.42406603878929,50.36012767156048],[-125.43069234709914,50.35688615305053],[-125.43263704768138,50.353436671758715],[-125.43975413397405,50.35538357066205],[-125.44312983490117,50.352676158028956],[-125.44176065408139,50.3509329543742],[-125.45203515189537,50.34817997435002],[-125.4574314423681,50.34786805916616],[-125.46202175112016,50.35018235711932],[-125.45993914828328,50.35260927675822],[-125.45467713670398,50.35442085550934],[-125.48854844928239,50.35255796862482],[-125.48997784243183,50.35383267020411],[-125.48853805584578,50.355077371939686],[-125.4957934198486,50.35667536357605],[-125.49993035710516,50.35943836942962],[-125.49751292028394,50.361838162723835],[-125.50122842029631,50.36326946152514],[-125.50178263745082,50.36551547174484],[-125.50631564505538,50.36693827591218],[-125.50943073535052,50.370810675368986],[-125.52703454364594,50.37492656054795],[-125.52995576095125,50.37459336479999],[-125.52954666179157,50.37243426751566],[-125.53174205151969,50.37221486833774],[-125.53533514772313,50.375492054902814],[-125.5397910299771,50.374136175711044],[-125.54863953961618,50.37547066708425],[-125.55114774957406,50.37738615007346],[-125.5452487575173,50.37937727111814],[-125.5450194349394,50.38454568203173],[-125.54663532606178,50.38531057414189],[-125.54554064005818,50.38719616582476],[-125.52431862585462,50.38657946648184],[-125.5154944604709,50.391565663125014],[-125.50932785110723,50.39228347015736],[-125.49737564321833,50.39699327031563],[-125.48916194325552,50.39762848026732],[-125.48593235617165,50.3996408735721],[-125.48467715102223,50.40306757764274],[-125.48940502593884,50.40414425957441],[-125.48883605160637,50.40588465558163],[-125.49236274909588,50.40792267665768],[-125.49051722391707,50.40975137038945],[-125.493181251278,50.41118837246422],[-125.49123022057503,50.41315526472483],[-125.49312053953346,50.41485856244875],[-125.48961105328489,50.417182854887116],[-125.48097412624992,50.41840207255179],[-125.48115965618727,50.420610974078805],[-125.48336204391478,50.42207507949862],[-125.49714775505103,50.423687262944775],[-125.49132093898137,50.42778756647606],[-125.48675732934474,50.428803062204494]]],[[[-125.28186275151334,50.44468727657585],[-125.26533793642925,50.43697797778153],[-125.26059772463331,50.43118856300561],[-125.21787325012784,50.41007325516081],[-125.20459104572652,50.3986952585535],[-125.17910236339186,50.38814756613692],[-125.16909005847334,50.38611376486501],[-125.15774264687526,50.38654105905919],[-125.15835063157172,50.385027065330334],[-125.15508235271196,50.38248776961816],[-125.15622595424692,50.38163036448454],[-125.1543198529864,50.37896707561897],[-125.15955362541042,50.37342836580535],[-125.15865924010194,50.36519785501619],[-125.14557383864461,50.34911426529462],[-125.14564243148308,50.347826766433116],[-125.14844564944279,50.34735247443031],[-125.14823134580199,50.345710367727165],[-125.13866002531401,50.34292747227729],[-125.13329723703986,50.33523677607637],[-125.1287679247851,50.331694770237405],[-125.13364811747304,50.33018366478656],[-125.13990343312969,50.332119171816736],[-125.1534619482553,50.32681395979955],[-125.17034034383524,50.324395673035205],[-125.19035102247975,50.310132161171595],[-125.1931771419951,50.310511068121656],[-125.1953865289224,50.307231060177244],[-125.20063102957567,50.30676257166387],[-125.20639116587435,50.30224637033655],[-125.21558894553154,50.29827566208706],[-125.21781964501575,50.29973545933467],[-125.21922922066702,50.298062069218204],[-125.22082782195119,50.29860746649031],[-125.22323462323037,50.303266062947735],[-125.22124881924681,50.30615436158198],[-125.22422013215767,50.312628875809146],[-125.2222052524646,50.31458286450301],[-125.22449305941609,50.316670762835535],[-125.22411845364253,50.31828725483074],[-125.2151571205987,50.32312666952821],[-125.21614104834505,50.32436716703173],[-125.21461224093477,50.325018072163935],[-125.21706284687946,50.32724696970311],[-125.22053603327726,50.32729678085697],[-125.2209109520421,50.32931345620485],[-125.2257036386845,50.32302417072878],[-125.23238345097795,50.32288745730771],[-125.23213624907213,50.321192563390554],[-125.23465343510382,50.320352371905784],[-125.23323605502229,50.31829295690576],[-125.23428034229539,50.31628477616108],[-125.23738653579832,50.314534460724055],[-125.24356683518936,50.316313270694614],[-125.24102893697018,50.31790837073895],[-125.24353545933599,50.3189224671877],[-125.24316342995449,50.32054885919361],[-125.25403885082737,50.32120115537106],[-125.2541394491767,50.31976987434408],[-125.2584771609879,50.319982064905844],[-125.26030714561166,50.32303125347525],[-125.25648104725427,50.3223234572908],[-125.25515405128064,50.32454377207055],[-125.2589080475149,50.327286757588084],[-125.26342794370974,50.326613161469],[-125.26682333318901,50.32799607937265],[-125.26918652266362,50.32537696024028],[-125.26754774772122,50.32402397387554],[-125.27171544808716,50.32360946075761],[-125.27936044553755,50.317775951952896],[-125.28452172525911,50.31962596623486],[-125.28372864499596,50.314837756658896],[-125.28559215793801,50.31647417263293],[-125.29241402173207,50.31664656792778],[-125.2965618310549,50.314981660565685],[-125.29730475235412,50.31261886402208],[-125.3152721547581,50.31207336025082],[-125.33729772816511,50.30692775647189],[-125.3423574430574,50.29985508054084],[-125.34021315909764,50.29507687342609],[-125.35191126044904,50.29111616661823],[-125.36762502401788,50.28917776490245],[-125.37708034521567,50.29071306628286],[-125.37959153801232,50.28982438234777],[-125.37713041597827,50.291178861212394],[-125.3847285489363,50.29150067053286],[-125.39708952207923,50.29549986400213],[-125.40092486404997,50.300540169841774],[-125.39966085325088,50.30224776955642],[-125.40703584789281,50.30840035570261],[-125.4004876369071,50.31611955497715],[-125.40460014412032,50.31830007911015],[-125.40277413799375,50.320514668054805],[-125.40706233873894,50.33282988219493],[-125.4055935412184,50.33434516440069],[-125.40615474516248,50.33709535295287],[-125.40010883889164,50.339271577136095],[-125.3998913281398,50.34305277499517],[-125.39560394758188,50.343609671936115],[-125.39687773773757,50.34600237742033],[-125.39451774422741,50.34632986810558],[-125.39448486032799,50.34847186470435],[-125.3926994274179,50.34932646260119],[-125.38877114862288,50.349453169960334],[-125.38038225207562,50.35429267466088],[-125.37012716489085,50.35477257136007],[-125.36168684936744,50.35068086077262],[-125.35715853918443,50.35124915538062],[-125.34558163386882,50.34908147262107],[-125.33909203286514,50.34520046940896],[-125.32898492668721,50.344045472661485],[-125.32573375310297,50.341070271236745],[-125.32238423059485,50.340714264702314],[-125.31787304109518,50.342712354227515],[-125.31695732603062,50.341245471968165],[-125.31248074096797,50.34107456349438],[-125.3021224374808,50.33355336746599],[-125.29871594613473,50.33547315810296],[-125.29787593580924,50.33871037904815],[-125.31351372635092,50.347584669693745],[-125.3145940559878,50.35218626583966],[-125.3193513331746,50.352594977582314],[-125.31809663253985,50.34961556059992],[-125.3206376603374,50.348098765165616],[-125.31992944382375,50.34538705274324],[-125.32126792759937,50.34490146160606],[-125.3232248416759,50.34757035796183],[-125.32187525613178,50.34985486042041],[-125.32714964441243,50.352763059911986],[-125.32943244435431,50.35631505397611],[-125.33303055789892,50.357159564534854],[-125.33260432664444,50.3610818593666],[-125.32318194050399,50.3639502802601],[-125.32379065738021,50.36028716131579],[-125.32077523344259,50.359879879063655],[-125.32127004607291,50.35589346522754],[-125.31932743072619,50.3547085769628],[-125.31686414241878,50.3589683680166],[-125.31715664629746,50.36149917318667],[-125.3218076295658,50.360856861426726],[-125.32189573674059,50.362366464902166],[-125.3166511642033,50.36382916805796],[-125.31501504424703,50.3613966526895],[-125.31356075297818,50.361578857883885],[-125.31413933390822,50.36393316193456],[-125.31231053928612,50.3667943808108],[-125.31346474667164,50.368875166883726],[-125.31595984228748,50.36840376588676],[-125.3127657351362,50.371561172302314],[-125.31614063557545,50.37439967577842],[-125.31691282765202,50.37898986441079],[-125.32341063744404,50.37842725323902],[-125.32904203649512,50.375338180146876],[-125.33293805608292,50.37562016998655],[-125.33331201743802,50.378958562149926],[-125.33522664615802,50.38040405625651],[-125.33373534268131,50.384454562061634],[-125.33536944562579,50.385347560399616],[-125.31989665223811,50.39662296206252],[-125.31297386377119,50.40560267063334],[-125.31486403654054,50.40800245540803],[-125.31417384767485,50.410867953816734],[-125.30975216242113,50.41287186428467],[-125.30976933127054,50.415218870452385],[-125.30533112732812,50.4163226625772],[-125.30143284102884,50.42042156009332],[-125.3010711295309,50.42339677964965],[-125.30274344283326,50.42682626529753],[-125.30566172203002,50.42834296835897],[-125.30565375288093,50.43134666624696],[-125.30218874424757,50.43220687229908],[-125.29890165889915,50.43790227233953],[-125.29212534422877,50.439899051348085],[-125.2846887512846,50.44485666421753],[-125.28186275151334,50.44468727657585]]],[[[-124.91928154097128,50.304824169067714],[-124.91089394873278,50.30506056884588],[-124.90231654819681,50.30199996776865],[-124.88358622050274,50.3003079617093],[-124.87451044938713,50.296973972750635],[-124.85919755681276,50.28671396942781],[-124.84593942367204,50.28510885988445],[-124.82621391539588,50.285762562526855],[-124.82747224011936,50.28269336541726],[-124.82523413882114,50.28141587879479],[-124.8145265527047,50.28479407214666],[-124.79931852093269,50.28430276266249],[-124.7866120249682,50.286135670510134],[-124.78986173401391,50.28296395783402],[-124.79084225086049,50.27649096409152],[-124.79549013696779,50.27024006643788],[-124.79992373344913,50.269469564975296],[-124.80033276653793,50.27062467007099],[-124.80499974521548,50.2667464772655],[-124.8054708450288,50.2636189655883],[-124.81174684029253,50.25414795426278],[-124.81139345222522,50.250331053511374],[-124.81357685630793,50.24800386958255],[-124.81752312871504,50.24849956574489],[-124.81923154999555,50.25321367676172],[-124.82360376034757,50.25052756915738],[-124.82391693793464,50.24771625247901],[-124.8256779209129,50.24680616005854],[-124.82283516317102,50.242489369725234],[-124.82300963905723,50.236423676113034],[-124.81974102049719,50.22461126977906],[-124.82249363178285,50.22396608033751],[-124.82223472481928,50.21866376902888],[-124.82091914639935,50.21688496324866],[-124.81931353423624,50.217765069339556],[-124.81665005677353,50.2162953724142],[-124.81599613662527,50.21498366204984],[-124.8176236414149,50.21354517138165],[-124.80079234238411,50.20282517366243],[-124.79292343539137,50.201885179109794],[-124.79174574681781,50.19733486706731],[-124.7759488301762,50.191190768710904],[-124.764683646077,50.19117365015543],[-124.76121802623882,50.18985056500185],[-124.75426835690567,50.17840706344144],[-124.75412473823539,50.170996966158775],[-124.7513830310646,50.163797566886345],[-124.76030863760514,50.16129807531362],[-124.76764763722595,50.16213116620699],[-124.77474455083495,50.15829006831139],[-124.7517767161509,50.161552961297616],[-124.75118284108325,50.15912327933022],[-124.75894134334486,50.15538187180085],[-124.76369223171086,50.1550941707934],[-124.76576873653737,50.152220175197236],[-124.7725442502831,50.14993996392447],[-124.78210894380173,50.143605056389376],[-124.78115692943489,50.14249566603488],[-124.78681785688055,50.13779436010243],[-124.79903745520262,50.13413406200033],[-124.80024694415819,50.130535172102164],[-124.80561705391462,50.12638635855298],[-124.80609125411503,50.12482266647864],[-124.80359833369464,50.1243939779301],[-124.80544386450205,50.12289857175036],[-124.80416473144254,50.12160536971585],[-124.81012443257877,50.11680857238422],[-124.809044158931,50.11483746562506],[-124.8100241289576,50.11374366402235],[-124.82401605382753,50.11202186202044],[-124.8304413555215,50.11365686851708],[-124.83667394302944,50.11273966863977],[-124.84034153434166,50.11466087997448],[-124.8497679419998,50.11569765949466],[-124.84269245432115,50.11941776372986],[-124.84139934353426,50.122532468058594],[-124.83823164001647,50.12418317152363],[-124.84136005286393,50.124781366583974],[-124.83939185690542,50.12744886871725],[-124.8409560267719,50.129590876238396],[-124.84329232168963,50.12771946752644],[-124.84188003641835,50.1270315729287],[-124.84358502112954,50.125187261026305],[-124.84507465464652,50.12567577196183],[-124.84394053441535,50.12715116166816],[-124.84700774021499,50.12613997700244],[-124.84918443333149,50.127436070516744],[-124.85394492117445,50.123142061444774],[-124.86199484418607,50.12401227281546],[-124.86115052445206,50.12678656936984],[-124.86447292936529,50.129089579552634],[-124.86003854721237,50.134531449932524],[-124.86269262260103,50.134424659129806],[-124.8673595354252,50.137839867396984],[-124.87225394048997,50.146369473253536],[-124.87190313085664,50.149549781461864],[-124.86951006530543,50.15136986869419],[-124.87469791698983,50.154460365271476],[-124.88113312249153,50.16749765851549],[-124.88666403957913,50.165744459239],[-124.89099174136632,50.16787788010979],[-124.90030934175736,50.167285470213734],[-124.89965023134256,50.169012965967376],[-124.90180612955777,50.17008547044909],[-124.89870061853661,50.17125045926233],[-124.9005995567511,50.173217260940866],[-124.89097233135296,50.1726902697155],[-124.89143504184014,50.17095556934317],[-124.889919355104,50.17050415852539],[-124.88214685633275,50.17087296472496],[-124.87923695294675,50.168806473861984],[-124.87391843114372,50.170294780029835],[-124.87775303298504,50.17346226467704],[-124.87643363448275,50.17518406799064],[-124.86796124530672,50.17660685026913],[-124.86190282144675,50.1796988656777],[-124.83107195430435,50.17924446596404],[-124.81727602877734,50.181511856896584],[-124.8160793614072,50.18315966793703],[-124.81845874774935,50.184965568088344],[-124.82792032388951,50.185842870230104],[-124.82793942985165,50.18749775875494],[-124.8344827294458,50.18564066689813],[-124.83956184824756,50.18662045796101],[-124.83814846083092,50.18917976575158],[-124.84182904718996,50.190569854972],[-124.84117103555081,50.19346806843129],[-124.84342773369967,50.19493356898675],[-124.84197325334101,50.19940985472018],[-124.85303085823837,50.19868496694338],[-124.8576448513471,50.195543166272294],[-124.85949131992639,50.19222186528788],[-124.87043805262034,50.186973655113455],[-124.91034705061172,50.18690817615129],[-124.92404984441337,50.19109816570091],[-124.94050455724121,50.2016544686312],[-124.95020273071506,50.21266358134955],[-124.95669945494939,50.21730366297153],[-124.96080035973323,50.22599557178606],[-124.96711031662343,50.22978256169645],[-124.97097743879047,50.23854996855435],[-124.97795293550871,50.242416768371896],[-124.98012612631591,50.246094056425505],[-124.98070032588053,50.25186776118566],[-124.97869861769884,50.25399696562315],[-124.98025502600785,50.25567046071164],[-124.9782135342659,50.25955566598765],[-124.97293683807963,50.260185174722025],[-124.97035194149396,50.258430565291185],[-124.96836773046844,50.2582838760977],[-124.95591405200831,50.2597892565297],[-124.95393563540127,50.26285417194631],[-124.95838443678802,50.26424416021756],[-124.95661013801016,50.26717945470187],[-124.95971583888253,50.26828745574876],[-124.9587181352802,50.2706431729842],[-124.95986663828002,50.271991870925376],[-124.95347895218451,50.274320458900455],[-124.9544888568988,50.27567916130361],[-124.9532106428881,50.27702357748692],[-124.9480078435919,50.27849627982226],[-124.93496585707163,50.288850259683784],[-124.93665484135352,50.289955468110044],[-124.93209144565847,50.290993676118475],[-124.92624394323781,50.30089476069925],[-124.91928154097128,50.304824169067714]]],[[[-125.38054484176266,50.27940628023684],[-125.36472282396946,50.28164516414081],[-125.36242996293939,50.28268196428519],[-125.36237532277937,50.28467015990316],[-125.35796855696687,50.28556026640489],[-125.34624533337742,50.28413465520035],[-125.30327453292108,50.291389555942814],[-125.30124053893375,50.29375946755326],[-125.29627714449245,50.294505773316594],[-125.296412533541,50.29616638264519],[-125.30971952412995,50.29373526340483],[-125.31441204436317,50.29351596434931],[-125.3154662309199,50.294961572361046],[-125.30903484415472,50.29785975179676],[-125.30550024493425,50.29765046692368],[-125.30644976135075,50.30013286630523],[-125.2986044360566,50.30257247646561],[-125.2863741379267,50.30349678069995],[-125.28477802202649,50.303033961006385],[-125.28634202442156,50.30222926060851],[-125.2819261384596,50.30239735635415],[-125.27659812303335,50.30552485933773],[-125.27202531723269,50.30269926326783],[-125.26698264787443,50.30739487474989],[-125.2546008519387,50.30869657180788],[-125.24326636251915,50.30513896535129],[-125.24225255926207,50.30659737235294],[-125.23880644691987,50.30618717802888],[-125.23694725113758,50.305151761507],[-125.23720813719895,50.30412205718449],[-125.23576233556086,50.30145165655957],[-125.23273593826286,50.300124262617274],[-125.23348343821206,50.29926407006929],[-125.23004335580116,50.298700067959174],[-125.22669884936712,50.29594995566626],[-125.22705391709734,50.293028863627534],[-125.22415043020602,50.293084355776394],[-125.22253084485047,50.29083846421356],[-125.2261589478445,50.28856536705072],[-125.22705485610939,50.28550907547216],[-125.22390504922534,50.28268195909982],[-125.22464705668315,50.2796185607875],[-125.22611423615224,50.27830395525691],[-125.22607604596716,50.28016686790758],[-125.22922484689855,50.28057415259905],[-125.23063174320828,50.278540374753],[-125.23067944494028,50.281066958516405],[-125.2328293237433,50.28142155979091],[-125.23404085099011,50.27909585386804],[-125.23627604606072,50.27886366292651],[-125.23394402961787,50.27643535587736],[-125.23460854212055,50.2723393557184],[-125.23835804211076,50.27207735197587],[-125.23927364886266,50.27338185303435],[-125.24626832724636,50.269317158603116],[-125.25012344172332,50.2697900695282],[-125.25195993819379,50.26617538004784],[-125.25976255600433,50.26323586179602],[-125.24324275030638,50.261972555941],[-125.23766302389951,50.262358563983334],[-125.23738355499499,50.26418147351853],[-125.22587733910842,50.26328706818289],[-125.22206634443062,50.26519415147171],[-125.22080564686159,50.26436376040256],[-125.22152183229511,50.261966869160865],[-125.21975542953848,50.26170335979495],[-125.21861095506917,50.258478955605156],[-125.21494654080578,50.255724580245456],[-125.21478765855817,50.25228225952762],[-125.20479715310164,50.249215972722986],[-125.19661212348687,50.24939826839798],[-125.18954213204289,50.24358607118663],[-125.18155724757189,50.23182637240727],[-125.17895413421128,50.23439417514372],[-125.17069843416161,50.233541067529316],[-125.16377105030304,50.23198017261509],[-125.15631484354267,50.22743266980651],[-125.15600475469518,50.22615227169969],[-125.1580845375306,50.225636668040956],[-125.15744535548525,50.22418256833128],[-125.14934803435236,50.21934026284007],[-125.15152253339693,50.21813966746887],[-125.14996644647661,50.21628815868981],[-125.15077424140523,50.21492376651909],[-125.14187574110917,50.20682287611943],[-125.14103003356396,50.20263717291935],[-125.14261501986762,50.19704856021498],[-125.13837863363366,50.19223475692484],[-125.13912014685789,50.19095145842182],[-125.14310934980016,50.1924711595237],[-125.14477995431695,50.19191855800729],[-125.1445273545911,50.18686825606918],[-125.14625193719388,50.183777771845605],[-125.14870114068134,50.1825087704521],[-125.15051612572105,50.183591171541806],[-125.15142873913004,50.1814861791727],[-125.15300856072857,50.18357976213503],[-125.15311191771853,50.18150046210414],[-125.15449905795411,50.18120565981109],[-125.15272224121176,50.174123057000806],[-125.15589482955586,50.171770255698945],[-125.16124444154084,50.17204936443923],[-125.1591113272093,50.16825675820618],[-125.16228054093328,50.164311660921776],[-125.16377176278604,50.165416868859175],[-125.16318994943549,50.16987177622015],[-125.16615944029893,50.171102275323065],[-125.16556673079019,50.17258066086785],[-125.17177243874752,50.16984618071066],[-125.17531034498833,50.17122907463561],[-125.17442374852129,50.16869117493556],[-125.1786309483549,50.16450105348412],[-125.17690813070885,50.16542396615475],[-125.1741259562497,50.1633802648095],[-125.17648524092613,50.16106017200905],[-125.17430474763782,50.16173956063896],[-125.17334392861756,50.16030966173621],[-125.17557023200987,50.158792856585514],[-125.18371573481308,50.15776745627451],[-125.18771674069431,50.16231495136852],[-125.18776755178872,50.16524597563178],[-125.19130172704364,50.164478261693525],[-125.19316913438125,50.15904636911319],[-125.19562651853715,50.15828866538878],[-125.19573634983438,50.15674917292237],[-125.18745373777368,50.15286676544291],[-125.18288843272407,50.152835373351806],[-125.18254932918924,50.15121326680025],[-125.18483804231033,50.149227856313324],[-125.18401646493092,50.147182668750176],[-125.1865818593654,50.1463338629367],[-125.1834991589958,50.14565456966816],[-125.18553832838218,50.14465476808159],[-125.1855754408845,50.141783553278685],[-125.19292504653073,50.140259666088355],[-125.19197433835791,50.135996970433176],[-125.19482064966948,50.13368545821093],[-125.1963961596409,50.13383506876148],[-125.19604323634063,50.1353076638753],[-125.19899756245155,50.13807627195026],[-125.20115462325425,50.13813466608123],[-125.20240255120459,50.13544867517717],[-125.20433133397643,50.13693125689898],[-125.20426201756048,50.135700762818466],[-125.20745095127673,50.139615854694945],[-125.21175252047719,50.14064136611119],[-125.21274944367374,50.1401086760615],[-125.21087123549263,50.13823728133077],[-125.21199165478254,50.13734426322836],[-125.214315521456,50.13885536153735],[-125.21575205106201,50.13725456351137],[-125.21797832763585,50.13937947491159],[-125.22008945344763,50.13812475927545],[-125.21474082915036,50.13411555647333],[-125.21494094046736,50.12999247006996],[-125.21078954389006,50.12671685624709],[-125.21129854004798,50.12533106083233],[-125.22197174470044,50.12437966907358],[-125.22993294843222,50.12797864871883],[-125.23924842332111,50.12968777022537],[-125.23234354064532,50.125655767154576],[-125.2346399349658,50.12420878197757],[-125.23547025772264,50.12099147279163],[-125.23293903644449,50.121633868580524],[-125.2321445356668,50.11958006296633],[-125.22941583267544,50.12046025819562],[-125.22328383103607,50.1155666789662],[-125.22211032299148,50.11679437013502],[-125.21997352492943,50.115639361896285],[-125.22096835192994,50.114801866403646],[-125.22033842810053,50.112970359555376],[-125.22188953030255,50.11233797611333],[-125.21784723326898,50.11171275485593],[-125.21951901591459,50.10735466264803],[-125.21658711613698,50.102589261368095],[-125.21230402353356,50.10130326821547],[-125.20659993058919,50.103759956609565],[-125.20316583139518,50.10208085645778],[-125.19985423860906,50.092706680862996],[-125.19567364113284,50.09238195740897],[-125.19223524989418,50.08875026218846],[-125.18558153349164,50.09062876951996],[-125.18403972458103,50.09330345950189],[-125.18504124208017,50.09746636893055],[-125.19291863086367,50.10554876056009],[-125.19740842799052,50.10616546988821],[-125.19667304073357,50.10783466506521],[-125.1946814215618,50.10736746366832],[-125.18524284839397,50.0994417614564],[-125.1845744448069,50.09611767883995],[-125.1790174399874,50.090167360393686],[-125.18026104180107,50.087662164023044],[-125.1772466392035,50.083463556750225],[-125.17418302400604,50.071071571898074],[-125.17351524195755,50.05752877300651],[-125.16417465101462,50.03096156303669],[-125.15621975527463,50.02017177401333],[-125.14841804624929,50.01522547638663],[-125.14673095003758,50.0118016756066],[-125.14755663441323,50.01032047173615],[-125.16171154963152,50.000054756111446],[-125.17750071224785,49.99624307507392],[-125.17742937274697,50.01904515761929],[-125.18832500414169,50.019255990294916],[-125.18762184373136,50.033473183045665],[-125.21518725281373,50.0334339597842],[-125.22176514913367,50.039182058467816],[-125.22039603541816,50.04223125277586],[-125.2145582536008,50.04131696929011],[-125.21592046094968,50.04209176795634],[-125.21475394080211,50.04281527437136],[-125.21544415695503,50.04446726878882],[-125.22061765052374,50.04881117645962],[-125.22030592550229,50.050840671483236],[-125.23130344558247,50.05783497292443],[-125.22527545087492,50.05167235865887],[-125.23106064810294,50.05229045104321],[-125.23453454991665,50.055210062700944],[-125.2355674395294,50.05822086175914],[-125.23375805735746,50.06045115973309],[-125.23675235942851,50.06475517306481],[-125.2292380298554,50.063335260686124],[-125.22389813007949,50.05753726039355],[-125.22362213735032,50.06151796821885],[-125.22770414298714,50.06580197682356],[-125.22539362928941,50.06569376590519],[-125.22391823706681,50.06852786276482],[-125.21844365792333,50.06436916785738],[-125.21241704150508,50.066733376109454],[-125.2130276479094,50.07785786138243],[-125.21485812458413,50.081213367186756],[-125.21687213326122,50.081831481624704],[-125.21928715810705,50.08024776088995],[-125.22782495169776,50.083195865320576],[-125.23054555831509,50.08578927369663],[-125.23018175355831,50.08278275528596],[-125.23859624662944,50.08483366471084],[-125.24755586213836,50.0943744654164],[-125.25231082372676,50.09647797050016],[-125.25618633902698,50.103643155718636],[-125.25869526412745,50.103180365315765],[-125.25758685190713,50.10071925342905],[-125.25931342176888,50.099084259281476],[-125.25542035911614,50.093296360538226],[-125.26184964174057,50.09234356360253],[-125.26721915283521,50.09385747698745],[-125.27314115451924,50.10315897004894],[-125.27797565483299,50.10306495892141],[-125.28676462562487,50.10788445890241],[-125.29019084513386,50.11288067574336],[-125.29789455557386,50.11481467163422],[-125.3066484591448,50.126974562574],[-125.31415224643372,50.13230257702374],[-125.32398334568298,50.13419246928941],[-125.33055064711775,50.13168726100456],[-125.33383635723852,50.1379353663678],[-125.33673163809307,50.13991066851926],[-125.33444243798299,50.14405796705139],[-125.33547704469477,50.14517025054327],[-125.34067072027958,50.14175506637493],[-125.3362961389704,50.13930685513964],[-125.3361812428582,50.13667345203463],[-125.3396535329847,50.13724317937889],[-125.34502265390731,50.13546147293875],[-125.33793543789848,50.13274407087678],[-125.33951764684456,50.13076015155959],[-125.33867911937612,50.128779059890846],[-125.34272561940358,50.127943059750095],[-125.34801584913485,50.1305336727197],[-125.34826683837335,50.13395605591108],[-125.34534384896166,50.13541017202581],[-125.34804063804998,50.13734285576085],[-125.34530243359946,50.1397198766254],[-125.35016363289354,50.13953045552359],[-125.35145094905805,50.14153715018229],[-125.35134664919988,50.14455365408019],[-125.34889763095053,50.14455785600946],[-125.34996433914857,50.15715646840434],[-125.34796413222942,50.15862766462927],[-125.34221353627791,50.1578443653795],[-125.33591275936777,50.15412146271065],[-125.33201893910638,50.161880566770506],[-125.33498523789804,50.166984858121],[-125.34638662830021,50.17102686958746],[-125.35354684751339,50.17653137032659],[-125.35463084922878,50.17918047210985],[-125.3519346301573,50.181053256658046],[-125.3468695326192,50.18090366780274],[-125.34450666099666,50.17897246613209],[-125.3461760331582,50.17757106195201],[-125.3411747408088,50.17557575636403],[-125.33573645143409,50.17089155523591],[-125.3338198458297,50.171540978229665],[-125.33185916015702,50.1769956646688],[-125.32626404663536,50.17657696131247],[-125.32512032707439,50.177833173290765],[-125.33328546886976,50.18726707023889],[-125.34268675980523,50.19302377223648],[-125.3492233498758,50.19916915032199],[-125.35479285319612,50.20867296529274],[-125.3575031227519,50.20961576205989],[-125.35532093207993,50.211981355791785],[-125.35725932893833,50.21604327385788],[-125.3634990555478,50.22035995768391],[-125.36444415624585,50.22414556447737],[-125.36658733129627,50.224947374135276],[-125.36852833042886,50.233012658378314],[-125.36804823538006,50.238608358854044],[-125.37018984330778,50.24445615902039],[-125.36602074087578,50.24693437416735],[-125.3669189295143,50.248058070747504],[-125.36404663104638,50.24870175817853],[-125.35796283379938,50.24538905995306],[-125.35814403242428,50.24365868181493],[-125.35030725197217,50.243439373895676],[-125.33446743547739,50.24655696183221],[-125.32714495028188,50.24278986253826],[-125.31992214258196,50.242205969627506],[-125.31287945834174,50.238722365768304],[-125.31101103034229,50.24008106178535],[-125.30945545309011,50.237809463526176],[-125.303748532009,50.23696056587071],[-125.30303712304853,50.24055385963495],[-125.30653442420369,50.239756269774524],[-125.30740333654134,50.24146677574403],[-125.30958054059019,50.24215186534786],[-125.31578325416434,50.242181771959785],[-125.3162368339843,50.24546455947705],[-125.31219512385405,50.24775755825742],[-125.30530923293084,50.24865046441705],[-125.30702962658582,50.25029827066278],[-125.31301854588574,50.25086226226124],[-125.31490963389601,50.25283056069281],[-125.3068242395135,50.25449405857417],[-125.30442234592165,50.25120405428571],[-125.3027959480244,50.254419959616925],[-125.29601995017252,50.25679417208018],[-125.28929542834551,50.2584291600974],[-125.28197603760735,50.256809780108426],[-125.2784885418431,50.260450051185074],[-125.27051304017604,50.262107854962075],[-125.27848805151463,50.263687274762304],[-125.28463904905448,50.262010970493165],[-125.28625855579527,50.26299515806046],[-125.2855675486702,50.26467286838609],[-125.28789322489904,50.264914960315444],[-125.3042448214112,50.255992262087084],[-125.31748925820001,50.25483017233857],[-125.32086665698095,50.25645376026369],[-125.3159690460608,50.2581884496075],[-125.31652923488105,50.260173782718944],[-125.34512604578035,50.259924571680976],[-125.34897684244376,50.26403767131434],[-125.35546332916874,50.26668666218568],[-125.35554233295608,50.26825045631155],[-125.36237854280357,50.27027855918034],[-125.36118833398038,50.27174265701458],[-125.36887331911237,50.271640061006636],[-125.37460204931419,50.27224255823367],[-125.37721513836297,50.273438857056945],[-125.37668756439308,50.274942866272525],[-125.38190133788457,50.27537575858644],[-125.38357804737237,50.276879757006455],[-125.38054484176266,50.27940628023684]]],[[[-125.21460040269608,51.39229463687573],[-125.20562657842922,51.39474249634487],[-125.1972649742848,51.39963737066809],[-125.18534597934263,51.40019602432488],[-125.17711158308437,51.39857993963089],[-125.17136607686119,51.39203682654582],[-125.16655276502738,51.38309674440624],[-125.16675180673406,51.37974629839551],[-125.17057077448256,51.376913960376925],[-125.16730833869045,51.375001586229146],[-125.1607693687548,51.37586433283832],[-125.15295549251849,51.373722191172355],[-125.13118588452176,51.3640693289621],[-125.11357815534166,51.36054395308035],[-125.09383154580468,51.35923793155291],[-125.07569885481021,51.35252851520728],[-125.06578906221107,51.35394449105775],[-125.06192941090612,51.35739127147664],[-125.0558122649891,51.35528917511263],[-125.04812863116042,51.355060149117925],[-125.04170365204814,51.352132871457016],[-125.02016693655797,51.351785933293556],[-125.00900702942049,51.34971769733558],[-124.9945075663686,51.34286387547074],[-124.97501405964182,51.341308288606704],[-124.96928888983533,51.33896942761559],[-124.96571206654303,51.33473767272521],[-124.96529312903449,51.328250531242325],[-124.94290368663424,51.32857180081122],[-124.93701066354679,51.330123718442245],[-124.93031073011436,51.328507374117095],[-124.91262876182086,51.33250618088699],[-124.89939257625018,51.33271470421964],[-124.8878748564479,51.33039189721191],[-124.87908656576955,51.32092700536136],[-124.87237369330144,51.321740847179875],[-124.86209710921948,51.31929971089667],[-124.85302696617994,51.31507279401021],[-124.84731131432478,51.31468848018404],[-124.84029829189643,51.31075290141557],[-124.81047264937938,51.30875818376688],[-124.80380283093179,51.30561794058258],[-124.79976342245921,51.30542416060029],[-124.78226459936657,51.289089243143344],[-124.77131250132994,51.26012885631316],[-124.76679851547134,51.24348754489546],[-124.76203153464698,51.238223844778034],[-124.71469104895273,51.225604614416085],[-124.68661496549167,51.20445219887596],[-124.67959191898521,51.20894729292415],[-124.67675497419715,51.2192475991427],[-124.65581761340661,51.207150089438485],[-124.63055495510298,51.20106548896722],[-124.62599429345966,51.19647013208953],[-124.6204441329434,51.19481185498382],[-124.6124470303019,51.19561760094548],[-124.6035725655107,51.187781137963775],[-124.59401977630635,51.18741824619518],[-124.58082605475147,51.18108498847398],[-124.57017871782537,51.17961224075709],[-124.56054806264524,51.181237899788606],[-124.54480489961671,51.17954292294219],[-124.54017649842737,51.17555771351156],[-124.52453079620788,51.169853865153904],[-124.498402491511,51.16654172900666],[-124.43378308369802,51.14839911144962],[-124.42227136629243,51.151817098165075],[-124.41984269597761,51.1572710742609],[-124.4231892835027,51.16353750320506],[-124.42984090957381,51.168873247064305],[-124.41801378929082,51.17435527337607],[-124.40248995313146,51.1881150460228],[-124.37918408263214,51.193278522451045],[-124.36896881909145,51.20008500780664],[-124.3664059301865,51.196030473035286],[-124.37604214675382,51.17317311802184],[-124.37803569734706,51.15828187268423],[-124.37597315034421,51.142674120674656],[-124.35088366072205,51.146924669175064],[-124.29731995601267,51.137433922417],[-124.26897006595529,51.13917856541699],[-124.2452709845477,51.148527718436576],[-124.18532611031469,51.13529324182165],[-124.18679813183607,51.13280241022833],[-124.18413160272009,51.12978285621841],[-124.17562893247405,51.13212334624745],[-124.16802810768436,51.12602413382644],[-124.17482056554307,51.11822002205617],[-124.17460495789734,51.10960478693715],[-124.16952314020642,51.10081660058221],[-124.17026127599723,51.088116296238596],[-124.1656938016313,51.08097651343877],[-124.15989144695237,51.07777644553875],[-124.17316800622255,51.0614837463804],[-124.16922746143663,51.05540954596485],[-124.16163231887745,51.052840985368796],[-124.16351855013563,51.048034531448934],[-124.16018590021011,51.042291131179326],[-124.14867400301968,51.031852305721934],[-124.13768322184556,51.03066251649305],[-124.13013888915386,51.023459306096235],[-124.11390114202536,51.01497609300892],[-124.09782643844193,51.01417181976293],[-124.08714760732138,51.00969932464525],[-124.08327980358455,51.00121133282582],[-124.09063140643082,50.99171028558696],[-124.0829290920813,50.986297346143225],[-124.07342559769006,50.98507375030216],[-124.06675245039784,50.977075954189864],[-124.05994498589422,50.958892057455685],[-124.05068752449628,50.955260541974845],[-124.04579153821203,50.95143778461183],[-124.04541591583022,50.94652725340156],[-124.04216754328476,50.942622640482426],[-124.03205184215524,50.94525155490732],[-124.02769647330432,50.944371878836726],[-124.00224901670859,50.958171766640476],[-124.00226792050682,50.96474097473178],[-123.99579815682269,50.962711443680845],[-123.9827146239787,50.96265502564083],[-123.97137661062814,50.95803643875488],[-123.96363652584505,50.95216396965553],[-123.9518508983699,50.95000689526062],[-123.94344192830556,50.94634474156148],[-123.93665514797094,50.936184947003746],[-123.91648448816824,50.93694019067155],[-123.91986507182494,50.94200576588258],[-123.90979057811803,50.94418717608019],[-123.89420855048101,50.94005205564509],[-123.8818756528685,50.948600854881484],[-123.87485712794735,50.950704549435535],[-123.874130143033,50.94568544796951],[-123.86498751473663,50.9399694029313],[-123.83829662251715,50.93441544348501],[-123.83461670031078,50.927789886284266],[-123.82724221877602,50.92409390259681],[-123.83510537880639,50.912792355440025],[-123.83152714341176,50.90448600267875],[-123.82355681568473,50.90428795212148],[-123.8045900026671,50.911180034442545],[-123.79006579893351,50.910616905635365],[-123.77982256190691,50.906598030362964],[-123.7657888612696,50.91079016765483],[-123.75870693284996,50.90501744716056],[-123.76136420335077,50.888295987822836],[-123.75821747501882,50.883463993482124],[-123.74606044567435,50.87279042191823],[-123.73819219074927,50.875523891929554],[-123.7276481236004,50.87624089828069],[-123.71823179468849,50.87126952190054],[-123.71761931835145,50.851196696752226],[-123.71402467113357,50.848770203611664],[-123.71951609491661,50.84832936737046],[-123.72950828208901,50.84286088211256],[-123.74317899041354,50.84407220539331],[-123.7694725167476,50.84083657591639],[-123.78296196376816,50.83557789360438],[-123.7953028405357,50.8336809391126],[-123.82350807016944,50.83980284615749],[-123.82729071808538,50.837271035399105],[-123.82871162017952,50.82877045534628],[-123.82323535080297,50.82324280891377],[-123.8120387149114,50.81931252295355],[-123.80385395133706,50.80779597407857],[-123.80119101818248,50.797181976164566],[-123.81158725646824,50.795134175979015],[-123.83723359863329,50.77701394323091],[-123.83977073689833,50.76876743743761],[-123.84704458747211,50.76104805437378],[-123.85792917103065,50.7556763461033],[-123.86728277941614,50.74776361558183],[-123.8629110080718,50.74285665203403],[-123.84941097432846,50.740670916900385],[-123.83564253508334,50.73089602867305],[-123.8276784513512,50.72170535693389],[-123.82939779041986,50.71667514589661],[-123.83205492621799,50.71393825733055],[-123.84760196885043,50.71082811917884],[-123.86428154688255,50.71076968253599],[-123.91924491530902,50.74241507017063],[-123.93036489284982,50.76677550982057],[-123.94817176605898,50.77512822250142],[-123.94435988608659,50.780108556314346],[-123.9598563944044,50.78744759414927],[-123.96741240261585,50.79391961283332],[-123.97426442715714,50.80398205139511],[-123.98586810792189,50.809037728136595],[-124.00072034668109,50.80626666496178],[-124.03235191385588,50.811443223970244],[-124.03858929106005,50.831760964148316],[-124.049920995304,50.83812745354776],[-124.06926162905906,50.84046601678316],[-124.08033270522643,50.82897237053758],[-124.09189306360132,50.80817626400386],[-124.09769380783224,50.78848994520491],[-124.10926966696303,50.78745897338245],[-124.15309152429306,50.79637092298068],[-124.17151842401859,50.79657090208112],[-124.17983994716116,50.8000292537404],[-124.19060475158864,50.80079804317203],[-124.20486573964004,50.81647322555791],[-124.21323633023702,50.82052333966712],[-124.22625392525524,50.8224750686343],[-124.24569961872174,50.81834505030354],[-124.26211806771936,50.82442269007182],[-124.25231870295038,50.84769557945212],[-124.26108614660625,50.85709159149885],[-124.27363711966548,50.861493324274164],[-124.29467483378079,50.86350188907771],[-124.311198441853,50.860397287565675],[-124.32349533892014,50.853602904010394],[-124.33130095657852,50.831932118539235],[-124.32747612601175,50.81834846572656],[-124.33836525804776,50.810522455639386],[-124.36186134271136,50.79791220342574],[-124.34608078737918,50.79040478000809],[-124.35212776497829,50.78581808097336],[-124.36516031586949,50.78423755244118],[-124.37760316609263,50.779814770838456],[-124.38216357475417,50.77300833846581],[-124.35208356275014,50.75747866798303],[-124.34835663591487,50.746472947382834],[-124.36815445262798,50.73705502164747],[-124.37850346033945,50.72981146715486],[-124.38189348419986,50.723472185468125],[-124.38702100655148,50.72085200992768],[-124.42878138782548,50.722482355522594],[-124.43494360760398,50.712975843146424],[-124.4707781402472,50.7030005953458],[-124.47848669651968,50.699447593403825],[-124.48925856753108,50.697951551961026],[-124.49788412497618,50.699984687465125],[-124.51233001294327,50.69598341459991],[-124.522018075558,50.691517086581634],[-124.53025383741584,50.68105831675336],[-124.53630721217604,50.680830221465996],[-124.59133108851131,50.66166644276014],[-124.59837289677013,50.66310367841432],[-124.60334244562377,50.639000619179576],[-124.58911882909453,50.63219459288754],[-124.58298832000231,50.6258416823784],[-124.56871143265579,50.604569168331146],[-124.5694832955971,50.60238753911322],[-124.57741470452385,50.59751417757975],[-124.58398370254243,50.59110747510393],[-124.57885625833048,50.57850897735691],[-124.58127529866555,50.574076172758055],[-124.57748170045832,50.568605227596734],[-124.57069097737185,50.566571641166604],[-124.56637096161744,50.561868153566984],[-124.56142721860101,50.55969962259439],[-124.56067926703008,50.55544436827484],[-124.55580689911304,50.55267275228425],[-124.55484486054063,50.54681038655173],[-124.54943018164926,50.54086550591372],[-124.536384094778,50.540456046495905],[-124.5343230122152,50.5374439129191],[-124.53490849250566,50.534009672634134],[-124.530839820773,50.529410025803095],[-124.5155735931297,50.52614113430009],[-124.51259845368774,50.52345794278863],[-124.51465198117994,50.51843876891209],[-124.51335591543753,50.498701561519994],[-124.52460978109744,50.49019595315991],[-124.55010799461073,50.48344760415206],[-124.57406628824411,50.462589434855914],[-124.57506092431363,50.41959217371274],[-124.58861414822894,50.42071205412866],[-124.59322972091168,50.419424564522984],[-124.61338733177404,50.419344857435334],[-124.6455039314673,50.42605427438646],[-124.66198385311752,50.4371346639264],[-124.66280354971373,50.436368468055775],[-124.66147981633735,50.43561356470171],[-124.66377644783095,50.436425370999],[-124.67474433865387,50.43397436887197],[-124.67314344674676,50.430076251025504],[-124.6745848475283,50.42905797145144],[-124.67150153769165,50.42468567289009],[-124.67328884559149,50.42425557602401],[-124.67845063986178,50.41694077567801],[-124.68194532902419,50.41665596748892],[-124.68553304279968,50.40984105630546],[-124.68839554162967,50.40877437101672],[-124.6877075471002,50.40644575995744],[-124.69302793109898,50.40135847757109],[-124.70376424467733,50.3970018512102],[-124.70092354148848,50.39507347519386],[-124.69990654196761,50.39025827082836],[-124.7035836484394,50.383738167706255],[-124.70825374553013,50.382157375376046],[-124.70811284169697,50.379039752264994],[-124.71205894856898,50.37340415621091],[-124.72098134787781,50.368875171059095],[-124.73136795119858,50.35831465317296],[-124.74052962707403,50.3577905621251],[-124.74278935412723,50.353466665311174],[-124.74598793934508,50.351763260061524],[-124.74671204164511,50.34889205316083],[-124.7520294262366,50.34480175660261],[-124.76174743733043,50.34569755574438],[-124.76388716009035,50.343092668541004],[-124.77065551881115,50.34182936049535],[-124.78484243574165,50.33186275305894],[-124.78601515460335,50.329038563295704],[-124.78506233812018,50.327604369313676],[-124.79309453140735,50.32450385839575],[-124.79675383956808,50.32538266721761],[-124.8003068392312,50.32316087492304],[-124.80276305758262,50.31526076152205],[-124.80774034196769,50.3157506773755],[-124.82041914491253,50.312657377689746],[-124.82462504220737,50.3080841533483],[-124.82972772840456,50.306753965125836],[-124.83611674423553,50.308497155925075],[-124.83647242961626,50.31010226900775],[-124.84578823379125,50.31089847724363],[-124.8677533452022,50.317328766221635],[-124.87093993795257,50.31652265855746],[-124.87957123104565,50.3199093587397],[-124.88512974638941,50.31942375791647],[-124.88949635187714,50.322941562728836],[-124.89626144898172,50.32521457460941],[-124.93839114131931,50.32612035766599],[-124.94822871637086,50.32925786523865],[-124.96161253955535,50.337316063465785],[-124.96539481805225,50.34484306064288],[-124.96440743559137,50.34781966320467],[-124.95886973666468,50.35533377500605],[-124.95041654179627,50.35797566461669],[-124.94253925952965,50.36994476593258],[-124.94039843603085,50.376752460941184],[-124.93781123819234,50.377470254037526],[-124.93866155222952,50.380361366015734],[-124.94254983096103,50.383292374229626],[-124.94192162992802,50.38614505786635],[-124.94849214745877,50.38962305816669],[-124.952212440766,50.389741268829134],[-124.95257714923605,50.39247857589443],[-124.95062905022674,50.396090354411605],[-124.95247333264567,50.400556660721975],[-124.95592794300735,50.40380955707413],[-124.95461044618236,50.40839977083341],[-124.95856516114735,50.41451247077683],[-124.9632216384005,50.42945525795618],[-124.96984913545184,50.4313395771705],[-124.97277732966843,50.4354184654552],[-124.97903825540506,50.43929657330949],[-124.99886082431095,50.44583796052728],[-125.0114919477106,50.44542217301425],[-125.01301874274807,50.44423577956117],[-125.01320542420596,50.44064386184127],[-125.00884895035247,50.4355380693256],[-124.99698396262247,50.429015268447856],[-124.9873072394816,50.42020507147098],[-124.98515673458319,50.412883160974275],[-124.97995814089185,50.40466125557206],[-124.98121973186133,50.403516161797455],[-124.97995482434162,50.401557868239756],[-124.98105613865003,50.39827506222971],[-124.97458932225479,50.38483906732952],[-124.96866723790112,50.37770808118162],[-124.97521773518463,50.36847636605519],[-124.98026244479195,50.36503547615751],[-124.98332683161244,50.358902880350904],[-124.99441913945792,50.35083466630601],[-124.99441052449646,50.34728126291905],[-125.00306014832078,50.342752258457324],[-125.01127572478525,50.34192766353789],[-125.01803663775918,50.34289896954973],[-125.02665064808144,50.34747926080482],[-125.04448545431758,50.35101697442721],[-125.04188874247437,50.347815370979504],[-125.04248134461155,50.34626727430044],[-125.0372292573672,50.34044936859544],[-125.03746775101013,50.33619946978626],[-125.0320512438973,50.33308337275328],[-125.03199695785867,50.331492461950695],[-125.04083972817624,50.321092865113],[-125.05039893677383,50.3182715803147],[-125.05453094201792,50.31538327155957],[-125.06889674895699,50.31851085463206],[-125.06958576233832,50.3214218722864],[-125.08050865876282,50.32546236022157],[-125.08105664345493,50.32706317267496],[-125.07910774050322,50.32748477869029],[-125.07923063479674,50.32964956695954],[-125.07630485075728,50.3328326665526],[-125.07658384589524,50.33531937768482],[-125.07908175096294,50.33557996272394],[-125.0803078499865,50.33986687109862],[-125.09126553005949,50.34517486246251],[-125.09314463876738,50.34859437618192],[-125.08838463084119,50.355732575197685],[-125.07968994830021,50.359162077232284],[-125.06920672214679,50.359268863097164],[-125.05572312211719,50.36906026561748],[-125.0541303192597,50.37223626237645],[-125.05871545268819,50.37873917065181],[-125.05690676311657,50.38212596923355],[-125.05375472021854,50.38272126512995],[-125.05186193213355,50.38775585898375],[-125.05705523885985,50.39625417116666],[-125.0573610229127,50.40008956895145],[-125.06309554122664,50.4054018563829],[-125.06608655172238,50.41142057556084],[-125.06365365154754,50.41533997204271],[-125.05702705291436,50.41868685444311],[-125.0573146423381,50.4282603582625],[-125.0543089466205,50.43458246489253],[-125.05716241484741,50.44099996363355],[-125.05678092682767,50.44450495984041],[-125.043099644485,50.451959260558766],[-125.04484275259757,50.45677737300516],[-125.04780524642342,50.458137472459825],[-125.0506728431647,50.463536657654736],[-125.04349874910362,50.46934735934597],[-125.04862054545119,50.46986017278257],[-125.0522410420714,50.476326077782154],[-125.05213822233998,50.47978256694107],[-125.03882514358789,50.48391996496053],[-125.02411486019957,50.484392766652185],[-125.00784274695002,50.49392926957224],[-124.9927288330025,50.49834428164001],[-124.98266886040345,50.49786866947754],[-124.96949886055252,50.5006102704218],[-124.9638655414043,50.5085587660019],[-124.95030792383713,50.51672795758227],[-124.94765532199573,50.52150336670384],[-124.94153282239827,50.526310067165035],[-124.93549894697726,50.53401935066794],[-124.94039882370744,50.543057359515764],[-124.94473971848112,50.54599836282012],[-124.94590243824055,50.55023395884699],[-124.94380623139197,50.55346128213891],[-124.9327445278206,50.55431145979038],[-124.92796475183796,50.551367654375866],[-124.92230282486564,50.55066976097821],[-124.90767513267076,50.556208562319284],[-124.88632663209886,50.560405654684665],[-124.87640265297799,50.56754526815805],[-124.87635815700665,50.5721425670793],[-124.87246573561097,50.572249368565004],[-124.87419952823569,50.57361665980492],[-124.87518513513128,50.57851168341417],[-124.87397563905475,50.581839973715894],[-124.87010522038237,50.58324286355481],[-124.86877135845612,50.58991106354647],[-124.85880253695449,50.59182377589966],[-124.85963214569225,50.594247755406016],[-124.85712582804014,50.596257265719835],[-124.85775124495441,50.59817286648143],[-124.86984436020653,50.59738527170894],[-124.87143225878431,50.5996540719059],[-124.87497902873223,50.59963267325037],[-124.87550993455915,50.60090167307302],[-124.87330283483988,50.604372462661566],[-124.86742863247287,50.60631936487225],[-124.86679404935447,50.60846985147175],[-124.86818195339549,50.610714462505804],[-124.86704863714064,50.61741536752681],[-124.87513524516639,50.62631527383866],[-124.87179784336875,50.63129707063002],[-124.86484575068637,50.63571787220538],[-124.86044684374228,50.6424614695442],[-124.86104883813465,50.65091416575218],[-124.86409273606057,50.65347488102766],[-124.86519636464638,50.658493770304176],[-124.85361223590115,50.66322928005464],[-124.85252093184495,50.66537847347472],[-124.85986625831679,50.67791577205899],[-124.85770373219592,50.68156598173477],[-124.86230884897651,50.68381197055539],[-124.86367313524684,50.688988956300015],[-124.84778273242397,50.697165370629506],[-124.84216503817552,50.70232666621923],[-124.8397014509273,50.7019435703457],[-124.8408135454721,50.70759197585646],[-124.83829572886492,50.71052727236372],[-124.83471374691995,50.71060277107797],[-124.83298054827391,50.712662172566205],[-124.83417635062655,50.71389416243435],[-124.83426773884267,50.72169026024951],[-124.83232583472393,50.724921775352335],[-124.8337993451066,50.72746255024023],[-124.8321478549821,50.73266806200571],[-124.83992832978188,50.741368559663314],[-124.8468558269676,50.74635896929866],[-124.85992674673106,50.75103466601452],[-124.86109405823679,50.75863426495951],[-124.8648302423213,50.764185872368934],[-124.86929143977157,50.76405196890337],[-124.88507074472736,50.76959065692288],[-124.89400046193425,50.76906797185124],[-124.90302252861572,50.77509097706773],[-124.9068242175736,50.78099146217178],[-124.9123550354615,50.785487773630045],[-124.91155053446617,50.79429645472976],[-124.9169506579969,50.80072816871701],[-124.91263781757398,50.80391126599804],[-124.86385965631754,50.82285046685342],[-124.85989441605213,50.83099836464904],[-124.86111336033066,50.83130307104253],[-124.85384323598146,50.83560137860096],[-124.85202004407121,50.840108958004926],[-124.84393773109639,50.84551677994809],[-124.84373805119554,50.847299870618706],[-124.84586964576256,50.84874117437928],[-124.84303503017398,50.84929946542324],[-124.8424170329262,50.85523557660125],[-124.84388982148522,50.8583687676006],[-124.84190634786891,50.860684551891794],[-124.843829730356,50.86440455644246],[-124.83755933070269,50.87261657838177],[-124.82835525006979,50.87278745847068],[-124.8186522293295,50.880241765782266],[-124.80292085458422,50.888094860305976],[-124.79569972648096,50.8855611707546],[-124.78666823911365,50.88587167275998],[-124.79240673062081,50.88829287820554],[-124.79264623610185,50.890474774741165],[-124.79007802969865,50.893229168342444],[-124.79265236309762,50.89396406879509],[-124.78749753917005,50.89343997897902],[-124.79063332456482,50.89470467208351],[-124.78948634126945,50.89598215522145],[-124.79056174256,50.89916666218364],[-124.7967835433789,50.90598727186563],[-124.79971061986623,50.914774567281974],[-124.81151265167142,50.92085026175458],[-124.8185087539722,50.92656137675303],[-124.81990745924303,50.9295877706037],[-124.82477543031094,50.931427883263986],[-124.83171245688253,50.930500662762135],[-124.8350440485307,50.932327960734405],[-124.84119664008502,50.93065737287404],[-124.84749423573346,50.93261705840059],[-124.85275191999666,50.9302941708778],[-124.86071944758953,50.9305719663702],[-124.85651215735624,50.92710536905701],[-124.85340313989369,50.9144014567623],[-124.85152465241363,50.912982963769345],[-124.85205225408977,50.90582486009492],[-124.85414592068575,50.90127735922089],[-124.8595552513778,50.8964065607021],[-124.86517324702046,50.8949495735761],[-124.87128042486057,50.88841247248511],[-124.8818875253956,50.885948559155416],[-124.88283941911337,50.882722765020254],[-124.8886834458799,50.87609877502787],[-124.89473584151234,50.871800464921535],[-124.90119193072988,50.86105627429178],[-124.89670765635326,50.859096564775705],[-124.89782386102239,50.852620665788145],[-124.90411522650115,50.84595256761777],[-124.91002812487253,50.843571268952495],[-124.91211313813729,50.83658546604821],[-124.92321094719128,50.83429825721109],[-124.9412896503298,50.834593075425],[-124.9504720620543,50.83305486820008],[-124.95452247237057,50.83413817553343],[-124.9522979490064,50.832231674290185],[-124.95572814525809,50.83175177074619],[-124.95700453148689,50.827997568434036],[-124.96481434629852,50.82357674986707],[-124.97226793826914,50.82149886085267],[-124.97843165580213,50.816196571172],[-124.97993003549091,50.811997982429176],[-124.98241703149421,50.810085269136415],[-124.98094491824868,50.803103760242124],[-124.98169242724619,50.79729017516407],[-124.96357294797576,50.78720815004461],[-124.9435248414115,50.78276887183913],[-124.95177135324634,50.774301962683325],[-124.94958054644894,50.766334975160724],[-124.95118533265095,50.7599316692171],[-124.9477604580665,50.754951267972004],[-124.91561153328132,50.74645437113509],[-124.90371481676216,50.73694496088259],[-124.88960385787911,50.731777968012345],[-124.88643974320269,50.728133353886996],[-124.88744434246621,50.72562536401098],[-124.89253182714418,50.724958866228434],[-124.89760064572391,50.722079066988975],[-124.90161543668374,50.71695046580312],[-124.90919524384842,50.711357678345514],[-124.91316573569542,50.70449297651098],[-124.91580884292183,50.70336205455815],[-124.91838856203277,50.695422173524854],[-124.91181015478787,50.69031345868595],[-124.91207664081718,50.68402276613212],[-124.92916053874869,50.671518167245814],[-124.92726174213584,50.66762866712526],[-124.92245924712971,50.66508216705359],[-124.9232019454003,50.6635312697198],[-124.91648173206941,50.64618438170721],[-124.90809883976979,50.64458637596487],[-124.90674213634875,50.64215386926686],[-124.90310441861631,50.64242016429756],[-124.89810432104682,50.638777060804955],[-124.8983531242142,50.63543725990404],[-124.9098530383652,50.62084057915562],[-124.90757443919127,50.61942066847853],[-124.90663864126412,50.61302305963435],[-124.91187904603682,50.611920775835166],[-124.91543393562344,50.60475697893352],[-124.92825553959622,50.59342876407537],[-124.9291503337648,50.589752963632094],[-124.94027014028458,50.587670775119726],[-124.9480508278214,50.589331358074276],[-124.95460824475677,50.588015365155336],[-124.96454591631903,50.58133726186166],[-124.97924162669938,50.57438717093683],[-124.98294593668689,50.57078956396532],[-124.98917755731854,50.568506568833556],[-124.99308962939435,50.561163371417756],[-124.99602895739966,50.55917947024437],[-124.99424583494283,50.552383073617634],[-124.9951748339586,50.54897636941629],[-124.99052244365981,50.53977457367672],[-124.99308031925062,50.536466164150895],[-125.03755175027435,50.51797676759839],[-125.03757273363674,50.516401866201875],[-125.04547762456389,50.515859265892004],[-125.04558872613022,50.51323017449695],[-125.04726833308966,50.512580670368344],[-125.05998096443416,50.513947969438824],[-125.06585092840942,50.51044436762463],[-125.08719444281888,50.506331262909974],[-125.08768812136996,50.50473896560169],[-125.09914724957517,50.50139355733943],[-125.10985495956456,50.5024688675152],[-125.10757052058466,50.49961326005833],[-125.10615623117961,50.48938467593022],[-125.1085843521327,50.485940862849134],[-125.11201724479616,50.484854160516605],[-125.11275613709097,50.48244727097455],[-125.10795425886154,50.47845096554925],[-125.10764893769878,50.4738151623007],[-125.10585004795587,50.471384054535264],[-125.10724493865379,50.471062171289695],[-125.10694193668157,50.467109954558985],[-125.11056742380828,50.46052297115065],[-125.10717991480149,50.456284561137835],[-125.10133853212105,50.45386336331765],[-125.10213213120433,50.4523921663625],[-125.09839314921368,50.44877185123254],[-125.09762752363238,50.445466265826596],[-125.10631684441826,50.435909863652476],[-125.1157231553497,50.42956926751307],[-125.12224132062137,50.4285865628997],[-125.144477932628,50.41994018332527],[-125.15096261955051,50.422311459690604],[-125.15502483186854,50.42121197785763],[-125.15770122189791,50.422187564507325],[-125.16765624991152,50.40955337062639],[-125.17167573182033,50.40791275949393],[-125.1823578404993,50.40758797212855],[-125.18546754939422,50.409697264070594],[-125.190361535666,50.410521856190336],[-125.19502496035985,50.413663664831915],[-125.1959576593847,50.41861137231285],[-125.20427333858854,50.41910127598822],[-125.20559525269304,50.4218015736516],[-125.22526313934462,50.42330696817655],[-125.22836665689945,50.425550174885075],[-125.22378225648083,50.426257974314495],[-125.22292905346553,50.431473365883164],[-125.22582511829033,50.43531306023929],[-125.22454944143992,50.44113806025781],[-125.22750704046788,50.44440095825943],[-125.23492305084821,50.44843286249914],[-125.25043573686618,50.45298187018001],[-125.25590825319851,50.45754356684144],[-125.26826834026288,50.4573384760088],[-125.26957794525319,50.45994045588238],[-125.25654983202554,50.469223463779],[-125.25686643666181,50.47324687305205],[-125.25880245810475,50.47422676177643],[-125.25541093291845,50.4761266726145],[-125.25180033318182,50.483778968209705],[-125.2464164438165,50.48558336940116],[-125.24514844115906,50.488287956132744],[-125.24500522595014,50.49092707115519],[-125.24713493578098,50.49272006280396],[-125.24628262901962,50.49526377725876],[-125.24867434539263,50.49452595631728],[-125.24719421978465,50.50136366181471],[-125.25014221864919,50.502888967813405],[-125.22238564193668,50.50193906752396],[-125.18439913817242,50.51033045948644],[-125.17502493755278,50.508310970370715],[-125.17046354141245,50.511543869499235],[-125.16295764743937,50.510299173981636],[-125.15487593724202,50.50598806135433],[-125.1509201587779,50.505800065465785],[-125.14789545042107,50.50692656015735],[-125.14801405354673,50.50829955830395],[-125.14417053560085,50.508731061864246],[-125.13582223478794,50.506923766530214],[-125.13868153323496,50.51400347901102],[-125.1423753333561,50.51646307574968],[-125.14588705761987,50.51612847151879],[-125.14889744213421,50.518707672931725],[-125.15159473901078,50.51879306374931],[-125.15239854694435,50.516313557101284],[-125.18065074908304,50.5204921701664],[-125.18721392081679,50.51659126574875],[-125.19178003430781,50.51769217612245],[-125.198713026683,50.51512436043135],[-125.20635725040381,50.515097262776585],[-125.21387123969134,50.509844772929036],[-125.21682216017294,50.50994167241207],[-125.2167560644564,50.50849466833045],[-125.23267792603424,50.50727267013966],[-125.23894173613786,50.504589477844895],[-125.24893205754935,50.50320936130034],[-125.25252482564304,50.50314817203104],[-125.25604553660146,50.506022274932754],[-125.26337895808909,50.50000006821821],[-125.26443593306047,50.49181007948715],[-125.27287173848882,50.49074476871083],[-125.27839672503885,50.48687796257465],[-125.28365453986197,50.4807296531242],[-125.2861489313996,50.47984527784352],[-125.28642813561297,50.4754045723266],[-125.29186605795438,50.47298626321193],[-125.29878243848785,50.46507767075644],[-125.29737693798359,50.45703796954925],[-125.31001583135274,50.45528476536488],[-125.31639213276156,50.46179625982083],[-125.34121255272514,50.473056053910426],[-125.35224635298258,50.484661965168335],[-125.35314304813046,50.491613464945765],[-125.35786515315685,50.49699557555175],[-125.35453202338738,50.49887125985602],[-125.35413463233928,50.503619575305244],[-125.35105786350199,50.50756746863791],[-125.35334254260351,50.50896035396749],[-125.35401704628585,50.51348075285242],[-125.35718102502803,50.51469426651743],[-125.35719775130276,50.52323807663821],[-125.35332355418205,50.525592263395325],[-125.35706773260942,50.528818183303855],[-125.35811355513879,50.53307796307243],[-125.3571942388571,50.53503057208098],[-125.35198824941702,50.5370429525379],[-125.35456954799811,50.54299045408531],[-125.35674602757764,50.543296669314465],[-125.36114414854516,50.5488567578789],[-125.3611376612968,50.55324617389344],[-125.36359924191838,50.55727957059218],[-125.36219604906191,50.5619936760777],[-125.36501192705498,50.56856637072976],[-125.36619064977725,50.5671008704316],[-125.36481164457769,50.566284764445996],[-125.36443045577984,50.56061785901003],[-125.36588762523395,50.55535257081428],[-125.3655687259453,50.55828216255793],[-125.36703312932093,50.55508626270976],[-125.36733275179007,50.55827365993958],[-125.36812663928613,50.55550495613347],[-125.37397844019411,50.551958673556754],[-125.37658112871907,50.55206836013506],[-125.37108904241478,50.54335647168763],[-125.37340206248864,50.53882037217573],[-125.3738899281989,50.53306367138017],[-125.38062674615726,50.52899476502309],[-125.37982563064624,50.527086270399465],[-125.38624134626328,50.52671177488368],[-125.39952573169721,50.53157537764788],[-125.40307413351987,50.53029645675886],[-125.39292663061892,50.523300764617176],[-125.38825366414737,50.52241627059484],[-125.38721415111397,50.5194154711868],[-125.37346344555525,50.50519756762939],[-125.37708575110098,50.50033816756856],[-125.37598632897408,50.4981392563103],[-125.38023912814032,50.48678965819801],[-125.39554244859951,50.47351467732445],[-125.39752822946787,50.46763695835426],[-125.40358792452938,50.466521766378555],[-125.406148643,50.46368906361223],[-125.4175826255129,50.45796516596797],[-125.426454746892,50.45707925827127],[-125.43964291798623,50.44775496322917],[-125.44893203519783,50.44622828083106],[-125.45630015157522,50.447071361630684],[-125.47095804440734,50.44396376577454],[-125.47345662596966,50.4443510750698],[-125.47112773176201,50.445614379955124],[-125.47482164013046,50.44567988039281],[-125.47696715472014,50.44411465948134],[-125.47477703248396,50.44210937409468],[-125.4787022630669,50.44094727390676],[-125.48282635636798,50.44141726647671],[-125.4810201406356,50.44352368020219],[-125.49365802704165,50.44409046808593],[-125.49861073631139,50.44614278046208],[-125.50093273657369,50.44797285424719],[-125.49634665657038,50.449142163519575],[-125.49932793313071,50.44933017199631],[-125.49580104443618,50.449764558536216],[-125.49756203468128,50.45108616688228],[-125.51021213116526,50.450300077455694],[-125.50983305349543,50.45136965385835],[-125.51284412965967,50.45207886655664],[-125.51764356439095,50.45172287013034],[-125.5139171495395,50.45294626144418],[-125.51637632809019,50.45335217742357],[-125.52528974499262,50.45325668051404],[-125.53106795184117,50.44961495405833],[-125.54395643468827,50.44797577983557],[-125.54923972416945,50.450080667518755],[-125.55736963655545,50.44854396674222],[-125.5629448415871,50.44979865981019],[-125.5785097256028,50.44794296245389],[-125.58241983856749,50.446003162308365],[-125.58952422395393,50.44944266273092],[-125.59370814650543,50.44945836831243],[-125.59333843324643,50.45143656447459],[-125.59421413715539,50.45430348368392],[-125.59001034969215,50.46016407736658],[-125.5780283510785,50.468111153402276],[-125.57921243652964,50.47041556153069],[-125.57489426412114,50.47604266812625],[-125.57660135838125,50.4801870621184],[-125.56881273803491,50.48475876353096],[-125.56648782635213,50.49155506925288],[-125.56115891857272,50.49363446582349],[-125.5597103633712,50.49606696715427],[-125.55179023045771,50.49876876243104],[-125.54903983528976,50.50218397445942],[-125.5500174312715,50.503296275616776],[-125.54700071987186,50.50359676240131],[-125.55134152676496,50.505875565801254],[-125.54698154747247,50.50927225373997],[-125.54764284397407,50.5120921746963],[-125.54421525520091,50.51340815960615],[-125.54643485120974,50.51455605834884],[-125.54470064380605,50.515645563943295],[-125.54625384637514,50.517492768739196],[-125.5443478613466,50.51931436443792],[-125.54837115892246,50.521943472254],[-125.54215324341489,50.52596547788097],[-125.53848115986236,50.52645967460564],[-125.5370649343905,50.53083478140736],[-125.5288438426507,50.53462886170984],[-125.53007733292515,50.53686066108222],[-125.52783034716278,50.53756556842782],[-125.52981605095061,50.53749587543426],[-125.5300196280937,50.54077437059493],[-125.5233379490128,50.54781845278118],[-125.52177673596532,50.55244006770737],[-125.52542083479541,50.55297277923158],[-125.52477535146797,50.55650335456015],[-125.52867135118989,50.55882906794071],[-125.53634796020138,50.559813171005636],[-125.53971203038486,50.56721477108494],[-125.53761164080653,50.56965306856314],[-125.53933542519245,50.573618072987514],[-125.53747355509392,50.576546263434295],[-125.53777433258831,50.58266607755823],[-125.53234964856954,50.58320587360571],[-125.52655694935375,50.58925017511372],[-125.52847313304552,50.592591361449394],[-125.52759605931485,50.59546116597069],[-125.53043835613529,50.59890776521666],[-125.52990286123975,50.60448776966156],[-125.53432625141168,50.6110562555778],[-125.53409046030905,50.6174480695669],[-125.5286970370445,50.62971625770386],[-125.52994183089693,50.633909067814535],[-125.51798825550699,50.647345056774014],[-125.51988072562713,50.650721863387545],[-125.51731584832724,50.65382667334548],[-125.51362123799036,50.654346468881904],[-125.5125996538008,50.65743707313581],[-125.5089894567801,50.66035666764251],[-125.51119353368271,50.66132516310805],[-125.51022784809507,50.66363947720644],[-125.51719484862149,50.66320225790832],[-125.51930053793247,50.66447836672133],[-125.50987431944034,50.66656196153766],[-125.50688534499304,50.66890197945771],[-125.48515284343358,50.6669023801241],[-125.4769113508578,50.67032617726207],[-125.47012165008955,50.670667952463326],[-125.4672252348315,50.67294246978298],[-125.45831473772827,50.67386817097052],[-125.4539072633678,50.67756687074456],[-125.45489015862925,50.67958916554459],[-125.45251574434754,50.68075417079705],[-125.45329275970634,50.68289626924819],[-125.45073732916916,50.68545977609291],[-125.45134444414803,50.69276887051799],[-125.44955903490893,50.694883781302785],[-125.44435493791052,50.696404867073745],[-125.44141333496582,50.699498277931475],[-125.44032452770307,50.703891874856],[-125.42687404823633,50.71190875934729],[-125.43133514954602,50.715457878724656],[-125.4299864309832,50.71515318078654],[-125.41717104015322,50.71579827798354],[-125.40603956229094,50.71530836539386],[-125.40176025045186,50.715594676777336],[-125.41863872534803,50.717044472813065],[-125.4207739219166,50.71837616831033],[-125.41862843613764,50.71878055597725],[-125.42179763129239,50.72009086260346],[-125.43882765481321,50.71814396649473],[-125.44233363147954,50.71554337185547],[-125.45426055218114,50.71336715410401],[-125.45817184437783,50.71471585099606],[-125.4637475280644,50.72136976538201],[-125.47562403979076,50.722737063522956],[-125.47825546235818,50.721341366849536],[-125.47566175474914,50.72079447677739],[-125.47635572736651,50.71996976261286],[-125.47220693904498,50.71651467419698],[-125.47495663346949,50.71278606765261],[-125.46908413950072,50.70780136238105],[-125.47006585270624,50.70678165609323],[-125.46877493555603,50.70430916819033],[-125.46350332715767,50.699689066516434],[-125.46711815140806,50.6935421626425],[-125.46672194294456,50.68948455838563],[-125.4753986383499,50.68646665590541],[-125.48039035116733,50.682880558237564],[-125.49424073258719,50.6810817668477],[-125.49608194097632,50.678955456019175],[-125.49383934289988,50.677528360078234],[-125.51224572978265,50.67890555841531],[-125.52316803689406,50.67669098186502],[-125.52792936033605,50.67389806645588],[-125.52795534648887,50.67096565577138],[-125.53350635121471,50.665978072446954],[-125.53260285543858,50.66211276197284],[-125.53538101718304,50.65955056144273],[-125.5346455576654,50.65510566171995],[-125.53962525622975,50.654286658059945],[-125.54005785394521,50.6484217637224],[-125.55477803574523,50.63731438141344],[-125.55460694880188,50.6346838672111],[-125.5587826274876,50.62903267439176],[-125.55770976017918,50.62360496253234],[-125.55490645589168,50.6211937645754],[-125.55703515001716,50.61872705359883],[-125.55744523343503,50.607797676440335],[-125.5561399630671,50.60458036921573],[-125.55726233282805,50.603116280812806],[-125.5527858417862,50.59536146557493],[-125.56140294581564,50.585916059645434],[-125.56738755649107,50.584013361917954],[-125.56787485759394,50.58179866955085],[-125.57181202875915,50.58093846154874],[-125.57530561813715,50.57764996480486],[-125.5753743352353,50.577090257632435],[-125.57443966458685,50.57679686913284],[-125.56905793769097,50.57703187252045],[-125.5687496191189,50.57864836068026],[-125.56542163983676,50.57979347393144],[-125.56379024601428,50.57809297823495],[-125.5608818395148,50.578138467515046],[-125.55869203794559,50.56327407432547],[-125.5497873407528,50.55005737717839],[-125.5592247481913,50.54704377687697],[-125.56418216077589,50.54343616743995],[-125.5748593259093,50.52852047516306],[-125.578191361107,50.525991068858595],[-125.58312995921214,50.52518926609231],[-125.5862340508566,50.52388745372568],[-125.58823703021334,50.52210726391423],[-125.59333472852877,50.52216427609916],[-125.59488964511823,50.51991676045676],[-125.60090644782191,50.52027715562482],[-125.60010645400791,50.51828036264919],[-125.60224752235057,50.517467171376765],[-125.61174804085073,50.516562756173414],[-125.60969425196969,50.51512435697631],[-125.61121424433877,50.51379418033666],[-125.59788024778456,50.51499336689365],[-125.59015934055219,50.51414876055966],[-125.58993995488308,50.51194976253347],[-125.5989896459315,50.508508870052886],[-125.60766694960101,50.5093050659086],[-125.60545644867823,50.50758176457169],[-125.61054955317945,50.505048058208835],[-125.61794235093775,50.50561916451701],[-125.62355875381476,50.500825258161186],[-125.63555353865446,50.498143476649496],[-125.63275446104753,50.49677627253759],[-125.63853063540614,50.49440495468435],[-125.63709953574418,50.49324137751774],[-125.61809953783674,50.50002207440398],[-125.61023772991228,50.50067436992561],[-125.60853715771441,50.50309686735696],[-125.60328174805959,50.5034386769642],[-125.60608362654439,50.50387165964997],[-125.6032752462589,50.50487007022441],[-125.590344633599,50.506714358385054],[-125.58178114064107,50.50461935311725],[-125.58243985037893,50.49964037866689],[-125.58883384085479,50.494820866344305],[-125.58789862916876,50.49373556002762],[-125.59026574882316,50.49110075229951],[-125.58928185192681,50.490411470260774],[-125.59125566062136,50.48987316545871],[-125.60091734055429,50.474258069024245],[-125.60595295946185,50.46921636265793],[-125.60510835207694,50.466689862264595],[-125.6125973589568,50.46090896947065],[-125.61613773731244,50.451500670299],[-125.6223448392907,50.44657576595247],[-125.6278758383453,50.44445365874003],[-125.63491472229508,50.4377555708752],[-125.65009045539269,50.43460387394065],[-125.65715334482886,50.42870336563523],[-125.67123283763684,50.427912881577775],[-125.6877792562795,50.42445636013329],[-125.69507424423735,50.42496196181339],[-125.70411914336225,50.42206226297189],[-125.7103702323338,50.42280707965398],[-125.7179689416762,50.425679760259484],[-125.71663046467033,50.427140968826336],[-125.72132554827286,50.43339895198222],[-125.73664402604473,50.44086607025855],[-125.73954843003052,50.44458466127308],[-125.75325364592814,50.45255457662279],[-125.7550380508115,50.4553901590878],[-125.75454754011223,50.45761478180364],[-125.76234015941777,50.461505668497054],[-125.76420713755893,50.46549065602],[-125.7692619624074,50.466602963465505],[-125.76566223427784,50.472544757581716],[-125.75367042599548,50.477191971606494],[-125.73986323950189,50.48047757240782],[-125.71156193984264,50.48208556846085],[-125.70841025393723,50.4844255737797],[-125.69945923255604,50.48615307798907],[-125.69686684690188,50.490405764430825],[-125.71798843906878,50.49038157880498],[-125.7265227640571,50.48752746791518],[-125.73774405968115,50.48700336740013],[-125.74267934571499,50.48480006583382],[-125.75557332920378,50.48350687395047],[-125.7555458323762,50.47864897370865],[-125.76369004816029,50.477646269250535],[-125.76903832700722,50.47337225969386],[-125.77285173628003,50.47568376657688],[-125.77770584590469,50.4760084507746],[-125.78249123567603,50.47852927846644],[-125.78240836686932,50.48001617238853],[-125.77843855300996,50.48176655499974],[-125.76264312014641,50.481665367027496],[-125.76323223709795,50.485240159912784],[-125.76826004247404,50.488035857185636],[-125.77153253083729,50.48711156162303],[-125.77411864535097,50.48887616995375],[-125.7679379355878,50.491929676058696],[-125.76512655292237,50.49497327401322],[-125.7701323622511,50.49451317384265],[-125.77894472927497,50.49017365697048],[-125.78917323830069,50.49215896745097],[-125.80631244475607,50.48917527380197],[-125.80959804452517,50.487305260777845],[-125.81728585835752,50.48997137165545],[-125.81889595316247,50.493547558964245],[-125.81624923578944,50.5002769546518],[-125.80762164762832,50.50508225493946],[-125.79710064480244,50.50628145795309],[-125.77041134808739,50.51589627871471],[-125.75667234291583,50.51422566527178],[-125.75892795401427,50.51612417017794],[-125.75660704764161,50.51746577948682],[-125.72882615526947,50.51965047536452],[-125.72064713751375,50.52488728264041],[-125.72133765245688,50.52729986323361],[-125.72410582553833,50.52759476682598],[-125.74153875138143,50.52527045697996],[-125.75376183010955,50.52627596102996],[-125.7679429505955,50.53206535979177],[-125.77356874662165,50.5314642679854],[-125.77828764994837,50.53395956856589],[-125.77902355854845,50.53639776046705],[-125.78148794988545,50.52838796986458],[-125.78504345662235,50.528625859911706],[-125.79807263128491,50.523186758601845],[-125.80801533185925,50.521219960976154],[-125.81431775379482,50.52349587162705],[-125.82236904870815,50.532854365540196],[-125.8321030251415,50.53891437002149],[-125.8318633431851,50.541277077986784],[-125.83257195200103,50.53990986033514],[-125.8353924386261,50.54056217344639],[-125.83447335288642,50.539360164257644],[-125.83860764761694,50.5339609601318],[-125.8262587624716,50.527829767167255],[-125.82749435398736,50.52795365368467],[-125.82770896075434,50.52491726754874],[-125.82648094191647,50.52422647987624],[-125.8281172613542,50.52419656182167],[-125.82611492318227,50.52235506956516],[-125.82638274618475,50.520208755953455],[-125.82925233546511,50.514165868473036],[-125.83919885632027,50.508786665529996],[-125.84154333140508,50.50599517342945],[-125.8426117426313,50.49983405473729],[-125.8489190304989,50.49546176797554],[-125.86170104964432,50.495992950292994],[-125.87321543838013,50.49378396523412],[-125.87639632634585,50.49115066766872],[-125.88600023411976,50.490921359177804],[-125.90442145207932,50.47953337605274],[-125.91236284726911,50.47751807777878],[-125.91093876073998,50.47613237071279],[-125.91522403607755,50.473857859813826],[-125.92205504409401,50.47423386669108],[-125.93200185050338,50.471177556487824],[-125.94005133864712,50.47190107862434],[-125.94705153033014,50.4697718644787],[-125.95514264985144,50.47224707134449],[-125.9614200498974,50.46758995925392],[-125.96470682461786,50.469242071393076],[-125.97663602885159,50.470214772145646],[-125.97632713083149,50.4722285754749],[-125.9804012564041,50.472033469423366],[-125.98042023956287,50.47390486301423],[-125.98115215486841,50.47230266962327],[-125.97849024276204,50.46988856497906],[-125.98443052068566,50.469763264197766],[-125.98550653211096,50.470274559285976],[-125.98275613010915,50.47226137266933],[-125.99506352938266,50.47698257489215],[-125.99843526115315,50.47613097462986],[-125.99776313685284,50.473530379824034],[-125.99951695187522,50.474961678593296],[-126.00185605049396,50.47486196789496],[-125.99948253972597,50.47886537987906],[-125.98996845396047,50.48067555841511],[-125.9915731413926,50.482659480823834],[-125.98953886344762,50.48437566980089],[-125.99103605146226,50.484849963517256],[-125.98059724508722,50.48946296692262],[-125.98009594614315,50.4924979609837],[-125.97897224838142,50.49144686825822],[-125.97678245435574,50.49270016481465],[-125.9849175498732,50.49402895539046],[-125.9962337301114,50.49212906140108],[-126.00578025494146,50.49306196140197],[-126.01537722975695,50.48466336744469],[-126.01793224003904,50.478359755875054],[-126.02148863629259,50.47850507176624],[-126.0231033656386,50.48220807095952],[-126.0267056455382,50.482309156323524],[-126.02883933294939,50.48109567649692],[-126.02964175400548,50.4766265750285],[-126.03469824087342,50.475811877366425],[-126.03561533483331,50.47422538001599],[-126.04710242869041,50.47536187059148],[-126.04935934969963,50.47466395814427],[-126.05891024717629,50.47815326682448],[-126.06180525076321,50.477416954995796],[-126.06964913433565,50.48230207456819],[-126.08068743072015,50.48324486482245],[-126.08401644583957,50.48503795751933],[-126.08697704875951,50.49353187198474],[-126.08524875166476,50.494352278066366],[-126.08771842021413,50.49590746144692],[-126.0771408426121,50.50598665275011],[-126.07406323467319,50.506016575226816],[-126.06703075720239,50.50204436192759],[-126.05973981669617,50.503397463304836],[-126.050024734873,50.5092238587191],[-126.03935795931974,50.51040167315877],[-126.03528002184461,50.51625236892784],[-126.02552043587318,50.5195749594964],[-126.01416132572406,50.519787164584145],[-126.00898003823713,50.51830456654309],[-125.98044333535722,50.52060896597509],[-125.97819263554612,50.522286664738736],[-125.98844596355315,50.523767864052374],[-125.98741184619313,50.52483885895631],[-125.9891489475289,50.526187558988184],[-125.98942336454374,50.52941917325708],[-125.99835994843538,50.52990055534062],[-125.9927199581989,50.532680571668095],[-125.976815630581,50.53313347536776],[-125.97519233501507,50.535846567356046],[-125.96799583828408,50.53901686488781],[-125.96735783255671,50.54074308071708],[-125.9601404320156,50.54249197557499],[-125.94870304643472,50.543816479484065],[-125.93783912664145,50.54254466300947],[-125.90939974916405,50.54813465637004],[-125.91746715987199,50.5477615705224],[-125.91554093558439,50.55062567556689],[-125.92369973967786,50.54649826393838],[-125.92552446386941,50.54722606737258],[-125.92303504208763,50.54852206293157],[-125.9391515620159,50.54752226926978],[-125.93794614738144,50.547902569941755],[-125.94495595018631,50.553213349481574],[-125.94067253439417,50.55607467682304],[-125.94269665645272,50.55662576262856],[-125.9384705207851,50.559512666929564],[-125.93941754446546,50.5604241670077],[-125.93637454129266,50.56077876508119],[-125.9388825528294,50.561562173224935],[-125.94537914659176,50.55726815435203],[-125.971376222829,50.5478726623113],[-125.9763024578576,50.54359997269056],[-125.97511244657116,50.541066381064724],[-125.97630736073882,50.54030726603899],[-125.98868144392742,50.53954957953074],[-125.99328054164145,50.53727225854386],[-125.99731685086603,50.532832955372015],[-126.01104614706308,50.533829958315],[-126.02205895017396,50.532179277526765],[-126.03007074888073,50.5282185506528],[-126.0339066531111,50.52869426754858],[-126.03709565765281,50.52399006519941],[-126.049908549609,50.522642772969064],[-126.05252772929093,50.51818356174561],[-126.05508075036082,50.52092085733164],[-126.05987552419481,50.5209422631517],[-126.0596500613826,50.52276237371235],[-126.0684627446253,50.5196746545845],[-126.07411254895821,50.514329657888275],[-126.09081715887528,50.504016961139364],[-126.09515206844489,50.49381676920946],[-126.09303173205114,50.48817827832294],[-126.09520545054968,50.484921170385924],[-126.10028664808313,50.48898017501134],[-126.1054389338182,50.49025056714465],[-126.11299122963985,50.48779376232114],[-126.11922953138216,50.48769546069546],[-126.13163782018108,50.483280463216026],[-126.13984293784652,50.48562326347736],[-126.14494282184458,50.484506665799984],[-126.14661915147983,50.485933772110414],[-126.15384562892449,50.48534555973392],[-126.16548626600628,50.49131587229936],[-126.17752695680245,50.49182425618193],[-126.18010864170625,50.493910757996545],[-126.18922843976944,50.49683035881888],[-126.19446144543622,50.496596757860154],[-126.20334365411139,50.50068716812631],[-126.20832474360898,50.501130061059385],[-126.21547504286872,50.49849526136629],[-126.22932193937865,50.499969356093615],[-126.23981725060422,50.50283625880885],[-126.23970143252923,50.50483017987467],[-126.2411168638458,50.50521466764036],[-126.2398529377432,50.50655206788104],[-126.24181743869535,50.50819986686097],[-126.25482773844875,50.50687955720329],[-126.27091924680201,50.507689959274444],[-126.27741205785132,50.51077336674523],[-126.27496323602877,50.512156260834075],[-126.27538954499822,50.513821156339326],[-126.28340235247448,50.51503317952267],[-126.28427856161935,50.5187062627355],[-126.287199353113,50.52117586475074],[-126.28439372965832,50.52728136764457],[-126.25313394488963,50.52661057767332],[-126.24854344445883,50.52958717658438],[-126.2342894695704,50.53273897167644],[-126.22704852065857,50.5329896634946],[-126.2249844517783,50.53233876663213],[-126.2261234367557,50.53048585724243],[-126.22402634772676,50.53062407980097],[-126.21634835357929,50.53468586784511],[-126.21365296461816,50.538039873892735],[-126.19538485664508,50.53455197195181],[-126.19057642786443,50.53162955896151],[-126.18646315939273,50.5238931752867],[-126.18779634584305,50.517376077867816],[-126.18630382974229,50.51423705996411],[-126.18167204113244,50.52047506931398],[-126.17689253592945,50.52183526727715],[-126.17199776453342,50.521086070382964],[-126.17631962609659,50.52813596805268],[-126.17694003592185,50.5340520684832],[-126.1790918549312,50.53675807118704],[-126.18226185708022,50.53615137421089],[-126.18511186419093,50.53808116702859],[-126.18702834562806,50.542158670984556],[-126.18620804942333,50.54335215448512],[-126.1895038348129,50.547525080186674],[-126.18632474869887,50.54897775999775],[-126.18990935118546,50.55066545222836],[-126.1864235373927,50.561780056381515],[-126.18963756522574,50.56401607218478],[-126.1906932441132,50.568809978450666],[-126.17323636204688,50.57517897233141],[-126.169601139222,50.57809435929191],[-126.15835802587206,50.57688516142591],[-126.15042925369927,50.579524262792894],[-126.14975673142004,50.58644306989245],[-126.15310693882662,50.5857067709921],[-126.15349488654024,50.58753045019238],[-126.14269826844018,50.58726057049894],[-126.13248085545962,50.5898782773686],[-126.13014004646234,50.58862357511367],[-126.12605163835472,50.59311976532986],[-126.11084402962801,50.590620264004684],[-126.10817424500009,50.59336045373112],[-126.10433334554052,50.59400277772685],[-126.10283694636004,50.598113079709684],[-126.08722525309626,50.598479058688234],[-126.0842832549398,50.60033906158685],[-126.07113003792685,50.60004425549287],[-126.06739755635164,50.60279297297847],[-126.05973683880758,50.60391386439628],[-126.05546252210068,50.60671096596065],[-126.05461974429474,50.60911786761597],[-126.05585904794367,50.60963486572],[-126.05283834574034,50.61024305457241],[-126.03602782339513,50.60917626720584],[-126.03123104487901,50.612392176214186],[-126.00474944291176,50.61108327762622],[-125.99875506782351,50.614169569580675],[-126.00229133351868,50.61836957766689],[-125.98829074731016,50.61860315647817],[-125.98326426863227,50.62092747185717],[-125.97518726569955,50.61931667163725],[-125.95891275297635,50.62245707007284],[-125.95465114064497,50.624201664604634],[-125.95494472962505,50.62573277030137],[-125.94721852686575,50.62788046081237],[-125.94573114751924,50.630563678421616],[-125.94103680215306,50.632662251988],[-125.87427554819261,50.633988194775014],[-125.85968756472478,50.64112573651671],[-125.85631428022894,50.64000511664422],[-125.8552625359482,50.63491470850616],[-125.8510931709612,50.62749580551957],[-125.84910331882982,50.62697184237879],[-125.84850746896478,50.621168982769554],[-125.84990965860733,50.616585509227036],[-125.84625592997116,50.598302842097695],[-125.8358570299454,50.580270981335474],[-125.82782836945503,50.57369026167299],[-125.81976060919894,50.57321615713022],[-125.81431180329912,50.574668569078135],[-125.79891526990151,50.58791321551],[-125.7870470158504,50.59325946205849],[-125.78009277734708,50.59326841865247],[-125.74043896324162,50.60512438184294],[-125.69308304961126,50.60293285074889],[-125.67822443174856,50.60095662143368],[-125.66287557043906,50.59633688099424],[-125.64348019312327,50.597680983143725],[-125.62164347968665,50.602519934734694],[-125.60521203199768,50.60936303004691],[-125.59857650148153,50.61855178739633],[-125.59760693185817,50.63412420580004],[-125.58881968571653,50.642010620314835],[-125.59059337470056,50.64432759911875],[-125.58278397543947,50.65690424620187],[-125.58545493218085,50.66741769897095],[-125.5787640167284,50.66945808041078],[-125.5753200822913,50.6753960640321],[-125.56932328955197,50.67752943935146],[-125.56161734241483,50.68454886672763],[-125.56188675728018,50.68950916245545],[-125.5704470970954,50.70398645628123],[-125.57570697481876,50.70952020249407],[-125.57664098871737,50.71433549276287],[-125.5702876089991,50.714879524168495],[-125.54366738178061,50.73009639444554],[-125.53736274543735,50.73173199628395],[-125.5375868801928,50.73508967781187],[-125.54901412371747,50.74420544327641],[-125.54665845922095,50.753032222896],[-125.55074109146118,50.76691221731486],[-125.54991005390903,50.77410968805316],[-125.54120064634738,50.77967706604024],[-125.52313187119748,50.77988079580373],[-125.50323068065252,50.79422526815496],[-125.51009863780952,50.80129327426707],[-125.52838921913528,50.80883589369768],[-125.54445376295082,50.83172767215475],[-125.53074388495571,50.83641157343049],[-125.51415737929375,50.836232432854615],[-125.51113811363422,50.83714838273951],[-125.50489279209138,50.842941735251564],[-125.5030464638516,50.85139928852741],[-125.50477386963942,50.86057919132042],[-125.50066459560577,50.87007956839401],[-125.5034008754181,50.875818173002195],[-125.50311428862592,50.8789930663838],[-125.49704874461537,50.900673787401246],[-125.48640628171442,50.90870414608534],[-125.47143488040751,50.90995248921311],[-125.46451689051516,50.91782767952191],[-125.4431181376917,50.93064269252006],[-125.42793669942732,50.93481857212259],[-125.4157358540319,50.94310231347604],[-125.37453561951318,50.94072851967788],[-125.32585486280603,50.95476453147059],[-125.31798474029732,50.956024424837814],[-125.30825637511018,50.95490574346999],[-125.30265069465956,50.95757763511378],[-125.2852043782359,50.95929011432186],[-125.27197235882248,50.95680289324399],[-125.25476025533669,50.95996486419205],[-125.25277052260631,50.96273254999615],[-125.25232363071757,50.96923501826944],[-125.25453082641329,50.974646688874316],[-125.25472564579712,50.980476014708195],[-125.25273828527574,50.98503111917578],[-125.25479702055743,50.98822515565463],[-125.27403241936042,50.99730082449928],[-125.27689115139626,51.00450958647907],[-125.27963658615982,51.00597798445464],[-125.2799700277366,51.01072158774824],[-125.30896836045973,51.007027604773505],[-125.31528405673713,51.01755966888326],[-125.3156137720688,51.023662776802915],[-125.32190326183635,51.02594869859858],[-125.32778476748409,51.04270709914507],[-125.32507918244526,51.045933845703985],[-125.31417548575844,51.04642544942074],[-125.30947695312487,51.048587163501956],[-125.2919082266778,51.04992500392589],[-125.28356204695764,51.047564317812586],[-125.266758602649,51.05467476538489],[-125.25886928729551,51.05645033189944],[-125.24561660752053,51.0536092814896],[-125.24289830916493,51.064220508194616],[-125.25305156312471,51.082830748326394],[-125.27818580766402,51.092997931582254],[-125.29669077447937,51.10346828178366],[-125.29596860446338,51.10768765524208],[-125.29041819711362,51.11160001482564],[-125.28680779258195,51.119168485494214],[-125.28825937323177,51.123152828742384],[-125.28590839595664,51.12539999374103],[-125.28649762189163,51.13153460690907],[-125.29842866764449,51.14727367585694],[-125.29620080440384,51.15017060032731],[-125.27439020383757,51.159417318228336],[-125.26487799219474,51.157331327846826],[-125.2600901141145,51.160365915752394],[-125.26233850153795,51.16470529526613],[-125.27091871238584,51.167532346024544],[-125.28264808512971,51.16881522896479],[-125.29742945863545,51.181254578288375],[-125.29862865680893,51.187505582307544],[-125.30544537311557,51.1969432959117],[-125.33151444177092,51.19974378689835],[-125.33027060705572,51.21539320104142],[-125.32214892943702,51.22123846614284],[-125.32864381137226,51.24964934276134],[-125.29477874481849,51.270244942102266],[-125.283998663508,51.282977362710916],[-125.27758987173365,51.28387331223639],[-125.2617568533347,51.29023245330719],[-125.24691037392971,51.29232224327892],[-125.24323103130197,51.296533634506645],[-125.23355101836306,51.300656253103895],[-125.22512010960439,51.30185761953464],[-125.22161666717058,51.30662011181587],[-125.22124832551793,51.31086384337061],[-125.20366249210034,51.323185903721935],[-125.20493022072526,51.33033598014372],[-125.21630895517836,51.33520617207624],[-125.24645912598957,51.36309514407111],[-125.26666799286991,51.37685835244046],[-125.25790750126873,51.38290136025887],[-125.25620425171113,51.388671819238034],[-125.25100434677246,51.39374065532946],[-125.22819916290186,51.394684622136644],[-125.21460040269608,51.39229463687573]]]]},"bbox":[-126.3017573463998,49.948153776618724,-123.71402467113357,51.40019602432488]},{"id":"5924803","type":"Feature","properties":{},"geometry":{"type":"Polygon","coordinates":[[[-126.11623538483673,49.68460720545051],[-126.11841622961614,49.68257714485043],[-126.12275920849578,49.68282583097561],[-126.12270867005027,49.6867559787508],[-126.11666106298014,49.68632131350055],[-126.11623538483673,49.68460720545051]]]},"bbox":[-126.12275920849578,49.68257714485043,-126.11623538483673,49.6867559787508]},{"id":"5924804","type":"Feature","properties":{},"geometry":{"type":"Polygon","coordinates":[[[-125.24640314818937,50.038024164129475],[-125.24801012892112,50.034466465880506],[-125.24683788714428,50.030842779491344],[-125.26189046902468,50.03051353679569],[-125.2612032083923,50.03266242109815],[-125.25850862766018,50.03354819324697],[-125.25661259824359,50.039874247636334],[-125.2500662210511,50.04353034869433],[-125.24680131609543,50.04058066121305],[-125.24640314818937,50.038024164129475]]]},"bbox":[-125.26189046902468,50.03051353679569,-125.24640314818937,50.04353034869433]},{"id":"5924805","type":"Feature","properties":{},"geometry":{"type":"Polygon","coordinates":[[[-126.97374522676792,49.871169266980374],[-126.977319134223,49.87301526887024],[-126.97882983328275,49.87217786235172],[-126.97941765083443,49.873744458100866],[-126.9815324317407,49.87275607426044],[-126.9803742609791,49.87739647846808],[-126.9743535034803,49.876958927861004],[-126.97374522676792,49.871169266980374]]]},"bbox":[-126.9815324317407,49.871169266980374,-126.97374522676792,49.87739647846808]},{"id":"5924806","type":"Feature","properties":{},"geometry":{"type":"Polygon","coordinates":[[[-127.37454104893168,50.03283237566267],[-127.37571554228933,50.029819262294936],[-127.3803733508584,50.02956007708297],[-127.38101267118232,50.03251026528359],[-127.37454104893168,50.03283237566267]]]},"bbox":[-127.38101267118232,50.02956007708297,-127.37454104893168,50.03283237566267]},{"id":"5924812","type":"Feature","properties":{},"geometry":{"type":"Polygon","coordinates":[[[-125.28664766861218,50.02583363938032],[-125.28682822376201,50.02353636806429],[-125.28352977662024,50.02317023830086],[-125.28388849291748,50.014023294782206],[-125.3027679146093,50.01433950918259],[-125.30379000615935,50.015437586622966],[-125.3012651033114,50.01981699420253],[-125.29266889625615,50.02338912454014],[-125.28861394163341,50.02930118273676],[-125.28637290089178,50.02932902578758],[-125.28664766861218,50.02583363938032]]]},"bbox":[-125.30379000615935,50.014023294782206,-125.28352977662024,50.02932902578758]},{"id":"5924813","type":"Feature","properties":{},"geometry":{"type":"Polygon","coordinates":[[[-127.40362625669805,50.01451436892448],[-127.39632983193736,50.01459876879399],[-127.39594455982784,50.00897177495082],[-127.40042535202585,50.00727125692899],[-127.40834443766354,50.00878227084212],[-127.40981774827922,50.01104256866452],[-127.40635733850571,50.01103966361295],[-127.40763655016167,50.013288459834364],[-127.40362625669805,50.01451436892448]]]},"bbox":[-127.40981774827922,50.00727125692899,-127.39594455982784,50.01459876879399]},{"id":"5924814","type":"Feature","properties":{},"geometry":{"type":"Polygon","coordinates":[[[-126.61405207658542,49.5989945184238],[-126.61357085321052,49.59667305901076],[-126.61626314697584,49.59763725394964],[-126.61764865687418,49.59536285309016],[-126.62025353525632,49.59470487580938],[-126.61766594132014,49.59104457908633],[-126.61588624459117,49.59118847631331],[-126.61455002849821,49.58995507007982],[-126.62091875836138,49.58987956496735],[-126.6212958487004,49.59176665224611],[-126.62775014063293,49.5936722571443],[-126.63720414931389,49.59275861439491],[-126.6371563897494,49.59882720751759],[-126.61405207658542,49.5989945184238]]]},"bbox":[-126.63720414931389,49.58987956496735,-126.61357085321052,49.5989945184238]},{"id":"5924817","type":"Feature","properties":{},"geometry":{"type":"Polygon","coordinates":[[[-125.1775040632708,49.9963178106521],[-125.18638553414388,49.994860673910914],[-125.1970766382989,49.99952496445811],[-125.1979062241252,50.00209137175466],[-125.19527362886058,50.00681836093683],[-125.19585783743202,50.014695657096055],[-125.19816463591188,50.01937558220465],[-125.19690833589603,50.02395015333256],[-125.201492546029,50.02956575184938],[-125.21193503299723,50.033053213088934],[-125.18762184373136,50.033473183045665],[-125.18832500414169,50.019255990294916],[-125.17742937274697,50.01904515761929],[-125.1775040632708,49.9963178106521]]]},"bbox":[-125.21193503299723,49.994860673910914,-125.17742937274697,50.033473183045665]},{"id":"5924818","type":"Feature","properties":{},"geometry":{"type":"Polygon","coordinates":[[[-124.92311082825631,50.14362812903899],[-124.92487863091051,50.14581882286561],[-124.9207430628467,50.14768355019246],[-124.91628273273801,50.14337577760869],[-124.91949793221934,50.142242169050114],[-124.9204454449759,50.14387285386924],[-124.92311082825631,50.14362812903899]]]},"bbox":[-124.92487863091051,50.142242169050114,-124.91628273273801,50.14768355019246]},{"id":"5924820","type":"Feature","properties":{},"geometry":{"type":"Polygon","coordinates":[[[-124.93138294010828,50.13253896773329],[-124.92398243253275,50.12948546315683],[-124.92230633472536,50.13094385977388],[-124.92002054956701,50.1262781664323],[-124.92070030198869,50.12199121104118],[-124.94530169882879,50.120559716395526],[-124.94628053157332,50.13671125405087],[-124.93424809097687,50.13674813994759],[-124.93138294010828,50.13253896773329]]]},"bbox":[-124.94628053157332,50.120559716395526,-124.92002054956701,50.13674813994759]},{"id":"5924833","type":"Feature","properties":{},"geometry":{"type":"Polygon","coordinates":[[[-126.93792998677151,49.98710709170085],[-126.94346255320691,49.98889318681894],[-126.94357948873017,49.99121758741987],[-126.93802157728236,49.99091137865962],[-126.93792998677151,49.98710709170085]]]},"bbox":[-126.94357948873017,49.98710709170085,-126.93792998677151,49.99121758741987]},{"id":"5924835","type":"Feature","properties":{},"geometry":{"type":"Polygon","coordinates":[[[-126.06916698248408,49.80226331193785],[-126.069741192445,49.801345714360174],[-126.0742792447692,49.80552425029064],[-126.07903781688458,49.806516418685355],[-126.08088155295376,49.81003485555018],[-126.08106583944887,49.81529075295057],[-126.0882134886942,49.820588046039],[-126.0806777943013,49.82629951438889],[-126.0797079578711,49.82455031681155],[-126.07591735718131,49.82452662628546],[-126.07427073038707,49.820306713761035],[-126.06667553935532,49.81104101096607],[-126.06957552809182,49.806410317879234],[-126.06916698248408,49.80226331193785]]]},"bbox":[-126.0882134886942,49.801345714360174,-126.06667553935532,49.82629951438889]},{"id":"5924836","type":"Feature","properties":{},"geometry":{"type":"Polygon","coordinates":[[[-126.85885464400103,49.98380458077918],[-126.85928037430874,49.97972287232597],[-126.86390871169183,49.97973541017889],[-126.86437956636486,49.98560643333744],[-126.85748569669443,49.985439502928024],[-126.85885464400103,49.98380458077918]]]},"bbox":[-126.86437956636486,49.97972287232597,-126.85748569669443,49.98560643333744]},{"id":"5924840","type":"Feature","properties":{},"geometry":{"type":"Polygon","coordinates":[[[-125.24122563881281,49.95653000666321],[-125.24106543276633,49.95273048883406],[-125.23792446897536,49.953047522996464],[-125.23643010590558,49.94473499061132],[-125.24833729855105,49.94402985600353],[-125.24903758805291,49.95215259221646],[-125.24166808479677,49.95268747350781],[-125.24120070570123,49.95756036342779],[-125.24122563881281,49.95653000666321]]]},"bbox":[-125.24903758805291,49.94402985600353,-125.23643010590558,49.95756036342779]},{"id":"5924843","type":"Feature","properties":{},"geometry":{"type":"Polygon","coordinates":[[[-125.22345665657205,49.91577224268798],[-125.19402285003986,49.91584289578324],[-125.19402244698594,49.908542989728645],[-125.19943308871241,49.908674043251054],[-125.19973624582387,49.90479512852563],[-125.20567582842541,49.903021075794584],[-125.21048045388883,49.90303601082657],[-125.21036911067486,49.90486693983007],[-125.21593734344088,49.90526893224955],[-125.21607522009705,49.90348262882376],[-125.22437116206243,49.908596906016506],[-125.22345665657205,49.91577224268798]]]},"bbox":[-125.22437116206243,49.903021075794584,-125.19402244698594,49.91584289578324]}],"bbox":[-127.9449613656894,49.478169080700994,-123.71402467113357,51.40019602432488]}