{"type":"FeatureCollection","features":[{"id":"5927008","type":"Feature","properties":{},"geometry":{"type":"Polygon","coordinates":[[[-124.53245524214306,49.89640272135276],[-124.52419993267814,49.883836130443456],[-124.52493575687598,49.88052051286493],[-124.52127110060364,49.88031943252742],[-124.51832491485585,49.87498796798182],[-124.52035302876332,49.87501256544046],[-124.52040137916939,49.873525685239166],[-124.49843364466885,49.87365110743708],[-124.4983494811094,49.867521035683446],[-124.50225253128569,49.86726264255409],[-124.50387408837071,49.85865249990585],[-124.49778058672246,49.85878098408272],[-124.49760333327323,49.84781543663006],[-124.50359057177502,49.84772683942006],[-124.50390138835786,49.840713703903084],[-124.49285516084038,49.84094678767115],[-124.49277843714992,49.83342243271121],[-124.4870476121408,49.83368211191842],[-124.48708679958744,49.830388807742445],[-124.50366380864816,49.82960249253157],[-124.50312782101868,49.81596911333617],[-124.50856180740342,49.81602605434154],[-124.50783910697332,49.80903514572544],[-124.50951681441846,49.80166359247162],[-124.5082680378065,49.800441741546734],[-124.52671795611747,49.80460197027838],[-124.52539886106959,49.82150306413435],[-124.53032521689614,49.83837566092338],[-124.5303303251223,49.84599377411928],[-124.53446943182303,49.848899179743896],[-124.53795595856526,49.85403346510641],[-124.54905223316207,49.86078557349627],[-124.55633995925767,49.87191296380917],[-124.56670733222852,49.87194425310374],[-124.56503322437996,49.874772774063565],[-124.57770115222328,49.878747756568515],[-124.59462465923484,49.88957090137764],[-124.58775987840073,49.89579139749815],[-124.57701818329053,49.90046844717856],[-124.57685422440149,49.90797428114734],[-124.565940063126,49.90819966411967],[-124.56608314531435,49.9041046230405],[-124.56396324295943,49.90397445908145],[-124.56389221181011,49.9002992365451],[-124.5579938418282,49.89977155212219],[-124.55796240166207,49.89574770448052],[-124.53245524214306,49.89640272135276]]]},"bbox":[-124.59462465923484,49.800441741546734,-124.4870476121408,49.90819966411967]},{"id":"5927010","type":"Feature","properties":{},"geometry":{"type":"MultiPolygon","coordinates":[[[[-124.6793769356018,50.14523578152431],[-124.67953113453515,50.145242962522076],[-124.67956222691899,50.145359776022104],[-124.67942374550303,50.14536967222482],[-124.6793769356018,50.14523578152431]]],[[[-124.66977934606892,50.145778466916795],[-124.66991744163847,50.145704377526414],[-124.67005763614158,50.14572995997128],[-124.66995022525552,50.14585677575995],[-124.66977934606892,50.145778466916795]]],[[[-124.67407395534364,50.14491675700762],[-124.6743122365385,50.14487688113552],[-124.67435554753656,50.1449395669426],[-124.67423153534374,50.14500367112618],[-124.67407395534364,50.14491675700762]]],[[[-124.68427724138657,50.14411206944673],[-124.68440675311555,50.14421896307825],[-124.68411502341132,50.14425026459226],[-124.68410014137164,50.14422315480534],[-124.68427724138657,50.14411206944673]]],[[[-124.61355002537536,50.20132257598473],[-124.61367084275668,50.20120435656065],[-124.61385433299549,50.2012371555623],[-124.61363684115807,50.201439363306406],[-124.61355002537536,50.20132257598473]]],[[[-124.67643872803934,50.14088057009647],[-124.67668934252146,50.14080365343986],[-124.6768885377065,50.140909080808406],[-124.67649601979635,50.14093326611881],[-124.67643872803934,50.14088057009647]]],[[[-124.67866093620634,50.310914055779484],[-124.67892833702192,50.31090128026231],[-124.67910173048776,50.31103376801506],[-124.67885002235397,50.31105505753349],[-124.67866093620634,50.310914055779484]]],[[[-124.82913992152399,50.02767016757717],[-124.82944233788402,50.02754768129569],[-124.82952833607561,50.02760897191788],[-124.8294069470516,50.02773706304453],[-124.82913992152399,50.02767016757717]]],[[[-124.82355445076486,50.02396155657449],[-124.82369075465697,50.02386895943869],[-124.82387681627792,50.02402846003352],[-124.82362654983903,50.02404985510136],[-124.82355445076486,50.02396155657449]]],[[[-124.68033073080169,50.14367485754413],[-124.68041196019387,50.14362926870346],[-124.6805816402049,50.14365357998333],[-124.6803801423508,50.14388997758767],[-124.68033073080169,50.14367485754413]]],[[[-124.6782517291049,50.14586385524497],[-124.678292337778,50.145836868466475],[-124.67861904683491,50.14595784860716],[-124.67848114361783,50.146057567805244],[-124.6782517291049,50.14586385524497]]],[[[-124.72073103458511,50.1450805734829],[-124.72113575065539,50.14501076483005],[-124.72120812194612,50.145090559331535],[-124.72100045224255,50.14515745459021],[-124.72073103458511,50.1450805734829]]],[[[-124.84284755827247,50.08700697107246],[-124.84294255557177,50.086942972471405],[-124.84318324893378,50.08698426546384],[-124.84305001864595,50.08718356750584],[-124.84284755827247,50.08700697107246]]],[[[-124.81630136217792,50.06557696780733],[-124.81643852707896,50.065512872742936],[-124.81671132727574,50.065742167566825],[-124.81633392568214,50.06572077472586],[-124.81630136217792,50.06557696780733]]],[[[-124.71023792304582,50.11380776822477],[-124.710558230656,50.11376786013824],[-124.71059053659522,50.113856172845395],[-124.71032833767124,50.11396017162558],[-124.71023792304582,50.11380776822477]]],[[[-124.74297084863318,50.11501267152674],[-124.74337643048682,50.1149969626225],[-124.74347593995768,50.11504966069487],[-124.74320053731999,50.11516216176174],[-124.74297084863318,50.11501267152674]]],[[[-124.74304723416596,50.11670175601992],[-124.74311234111757,50.11658357979069],[-124.74348043910244,50.116731678150686],[-124.74322972728822,50.116761569459875],[-124.74304723416596,50.11670175601992]]],[[[-124.791963562649,50.07021986815908],[-124.79214974185244,50.07031527869845],[-124.79193004087162,50.07045346638067],[-124.79189572906344,50.07027396289107],[-124.791963562649,50.07021986815908]]],[[[-124.66326053486569,50.151089355103956],[-124.66349932684629,50.151122072377966],[-124.66347915169348,50.15133855890913],[-124.66332333498296,50.1513129566132],[-124.66326053486569,50.151089355103956]]],[[[-124.66995193199259,50.1455249808557],[-124.67032673153393,50.145383963860844],[-124.67051085590852,50.145445169004404],[-124.67028982452217,50.14553776002069],[-124.66995193199259,50.1455249808557]]],[[[-124.66153084096305,50.15126735716345],[-124.66169736245443,50.15122886890081],[-124.66183932597055,50.15130725780658],[-124.66149415212578,50.151446768669516],[-124.66153084096305,50.15126735716345]]],[[[-124.82371243274117,50.02593835904359],[-124.82340745507825,50.02599676237958],[-124.8233776412009,50.02593407142604],[-124.82350803752568,50.02568057180229],[-124.82371243274117,50.02593835904359]]],[[[-124.612619027932,50.201614563731034],[-124.61281332795271,50.20151347935822],[-124.61282183079223,50.20177407751028],[-124.6126546243609,50.201839563491916],[-124.612619027932,50.201614563731034]]],[[[-124.79127734445998,50.06904207041537],[-124.79144892793161,50.06917446546303],[-124.79127632835164,50.069393772033706],[-124.79123255246361,50.06936675334424],[-124.79127734445998,50.06904207041537]]],[[[-124.78763494864222,50.07032234985307],[-124.78777454152605,50.07028395662026],[-124.7879232484169,50.07056027571075],[-124.78772813531336,50.07059016725991],[-124.78763494864222,50.07032234985307]]],[[[-124.61400585455644,50.20160456961938],[-124.61407151991914,50.20145076298649],[-124.61444993164659,50.201463562007014],[-124.614287825226,50.20162736981408],[-124.61400585455644,50.20160456961938]]],[[[-124.70621913230035,50.145923677534995],[-124.70641276020037,50.14584966446092],[-124.7064975216271,50.14589236928535],[-124.70632263882086,50.14611165927511],[-124.70621913230035,50.145923677534995]]],[[[-124.74362342927985,50.02777276567501],[-124.74376081802694,50.02774286258149],[-124.744059053747,50.02789096414283],[-124.74371182552339,50.02793227482664],[-124.74362342927985,50.02777276567501]]],[[[-124.84024163263162,50.08980136006454],[-124.84049195353865,50.08971587515352],[-124.84058053690141,50.08989386013286],[-124.84037703676667,50.09000497925727],[-124.84024163263162,50.08980136006454]]],[[[-124.72071501511273,50.11305006367849],[-124.72086685887423,50.1129404697686],[-124.72117332252678,50.11293616073185],[-124.72084664756288,50.11315695203461],[-124.72071501511273,50.11305006367849]]],[[[-124.66257953361163,50.15043416773692],[-124.66277333814912,50.15037717239051],[-124.66293184740668,50.15050115871856],[-124.66251385699739,50.15059656106683],[-124.66257953361163,50.15043416773692]]],[[[-124.66183372653296,50.15035446983903],[-124.66185664916102,50.1502191522512],[-124.6622625343015,50.1502034762303],[-124.66205915273612,50.15038716339948],[-124.66183372653296,50.15035446983903]]],[[[-124.74943193740029,50.039341554197264],[-124.74952616350461,50.03922336913744],[-124.74991872799762,50.03925327294778],[-124.7497426509157,50.03943557436159],[-124.74943193740029,50.039341554197264]]],[[[-124.80358115037092,49.99911617696219],[-124.80392653619822,49.999047864889455],[-124.80397585297115,49.999244358377275],[-124.80371156231593,49.99927576958791],[-124.80358115037092,49.99911617696219]]],[[[-124.69224513163142,49.934457074397024],[-124.69226753960717,49.93431185198627],[-124.69271514546148,49.934395853916875],[-124.69269205708379,49.93451266577766],[-124.69224513163142,49.934457074397024]]],[[[-124.6690312411946,50.07520886593406],[-124.66935203311915,50.07514196445754],[-124.66952644837522,50.0753455655101],[-124.66914853035125,50.07535127682905],[-124.6690312411946,50.07520886593406]]],[[[-124.67897894962199,50.14543947584102],[-124.67938421992909,50.14545086221445],[-124.67934832580589,50.14565027351984],[-124.67915355242921,50.14565307305023],[-124.67897894962199,50.14543947584102]]],[[[-124.77622005675317,50.04317676582292],[-124.77630244122874,50.04310716780532],[-124.77664054328466,50.04318267316308],[-124.77630004678133,50.043421969159546],[-124.77622005675317,50.04317676582292]]],[[[-124.81041206323049,50.01198816899183],[-124.81065995374867,50.01188565770177],[-124.81079364350771,50.0120907520908],[-124.81049282757,50.0122488748192],[-124.81041206323049,50.01198816899183]]],[[[-124.90740333495144,49.997787471500125],[-124.90776583296122,49.99775465679021],[-124.90779834538579,49.997898457538966],[-124.90754065987898,49.99804667006935],[-124.90740333495144,49.997787471500125]]],[[[-124.79114135026843,50.06836975972743],[-124.79128134553416,50.06839546436056],[-124.79116071544095,50.068936663647186],[-124.79105105790582,50.06862335994945],[-124.79114135026843,50.06836975972743]]],[[[-124.73055253340016,50.138341261609355],[-124.73081414050674,50.138247274180955],[-124.73112575874225,50.138324165123535],[-124.7304992227539,50.138449468458376],[-124.73055253340016,50.138341261609355]]],[[[-124.70972484246875,50.07623575323475],[-124.70998855045394,50.07613317642789],[-124.70946753626389,50.07644646203873],[-124.70946435741055,50.07637526043802],[-124.70972484246875,50.07623575323475]]],[[[-124.78856523917422,50.069047759932936],[-124.78870302212799,50.068948060790014],[-124.78888595890453,50.068989372021974],[-124.78857702930904,50.069318370275774],[-124.78856523917422,50.069047759932936]]],[[[-124.67487313381335,50.31064486885363],[-124.67540965348793,50.31069045918082],[-124.67546874408013,50.31078027310943],[-124.67506495134572,50.31089416259147],[-124.67487313381335,50.31064486885363]]],[[[-124.82349603431621,50.03751717713582],[-124.82367531908378,50.03747016692351],[-124.82410474221372,50.03776067970399],[-124.82379883471549,50.03777356393819],[-124.82349603431621,50.03751717713582]]],[[[-124.75502673983303,50.047577778126055],[-124.75513162330972,50.047378372768705],[-124.75557822991324,50.04740685911222],[-124.7553071289908,50.04763616088515],[-124.75502673983303,50.047577778126055]]],[[[-124.72367701792396,50.11096506367997],[-124.72412085394635,50.11091376442458],[-124.72425264077418,50.11104625239004],[-124.72393334522293,50.1111316490854],[-124.72367701792396,50.11096506367997]]],[[[-124.75601145450959,50.04662637542234],[-124.75636032365921,50.04660366586624],[-124.75640504380566,50.04669337570087],[-124.75600665094846,50.04691557253535],[-124.75601145450959,50.04662637542234]]],[[[-124.68318465722534,50.14089056009699],[-124.68386594166297,50.14073676824427],[-124.68407914285795,50.14084067062238],[-124.68374555288727,50.140927572550844],[-124.68318465722534,50.14089056009699]]],[[[-124.66886692632615,50.074465459516844],[-124.6690589519522,50.07437287129748],[-124.66924982960336,50.074630676630896],[-124.66891654262893,50.074726061903725],[-124.66886692632615,50.074465459516844]]],[[[-124.69736776492297,50.14773527094144],[-124.69764444806434,50.1476683707645],[-124.69794104789112,50.14771816045116],[-124.697668319008,50.14793756194784],[-124.69736776492297,50.14773527094144]]],[[[-124.73993594730524,50.03316197684421],[-124.74017564679775,50.033238870810294],[-124.73997933551532,50.03360197757145],[-124.73980354919122,50.03338835131531],[-124.73993594730524,50.03316197684421]]],[[[-124.68359574070716,50.14460775452336],[-124.6834238406992,50.14447526527809],[-124.684152349218,50.14452795337227],[-124.68405811591022,50.144637660140184],[-124.68359574070716,50.14460775452336]]],[[[-124.67585131841177,50.143686266156976],[-124.6760669498782,50.14343987316782],[-124.67644814848855,50.143523853926425],[-124.67603604245912,50.14373757406056],[-124.67585131841177,50.143686266156976]]],[[[-124.77509384501354,50.043139970121125],[-124.77553272586519,50.04306445752326],[-124.7756095443815,50.043233973604266],[-124.77536402821566,50.04340056406053],[-124.77509384501354,50.043139970121125]]],[[[-124.83127074333841,50.03117086237102],[-124.83150305383563,50.03107685822804],[-124.83154293923461,50.03138306975858],[-124.83112641858563,50.031442861588296],[-124.83127074333841,50.03117086237102]]],[[[-124.70590484044072,50.07059867629959],[-124.70558623649524,50.07063996003167],[-124.70535301510428,50.07077816043372],[-124.70547962854016,50.07041636911598],[-124.70590484044072,50.07059867629959]]],[[[-124.8232805398178,50.024855973590235],[-124.82352413191558,50.02464516748828],[-124.82385554565612,50.02489295802294],[-124.82338393624887,50.025008378924014],[-124.8232805398178,50.024855973590235]]],[[[-124.7196876237851,50.00655056179294],[-124.72004555322177,50.00678845834197],[-124.71990043316849,50.007060472476276],[-124.71973195621909,50.00700916255999],[-124.7196876237851,50.00655056179294]]],[[[-124.80441694539414,50.06093256970907],[-124.80480395288102,50.060827171975646],[-124.80509733174036,50.061210258637885],[-124.80456294473424,50.06112766067776],[-124.80441694539414,50.06093256970907]]],[[[-124.82160214312475,50.02293037326788],[-124.82193174443852,50.02277236750876],[-124.82211132625669,50.02312126990088],[-124.82189302993986,50.02321387997739],[-124.82160214312475,50.02293037326788]]],[[[-124.82303863139036,50.038001370682835],[-124.82318972690965,50.037918762318846],[-124.82368276144304,50.03806407048044],[-124.82346792499702,50.0382833563483],[-124.82303863139036,50.038001370682835]]],[[[-124.70968702863205,50.11836807757394],[-124.70929713274332,50.11841797720115],[-124.70916926153122,50.11832106384064],[-124.71005843964348,50.118181569323944],[-124.70968702863205,50.11836807757394]]],[[[-124.8119932508224,50.10885575804371],[-124.812291147269,50.10859945264328],[-124.81303251266104,50.108490409488844],[-124.8119322565826,50.109051991592494],[-124.8119932508224,50.10885575804371]]],[[[-124.67395924873699,50.3106221743744],[-124.67429193858527,50.31047256762634],[-124.67463675378916,50.31071046077801],[-124.67433524422434,50.31091266029262],[-124.67395924873699,50.3106221743744]]],[[[-124.77755703643639,50.046830067245],[-124.7779398392029,50.04661645137131],[-124.77798864418288,50.047137649600636],[-124.77767714328002,50.04707075317254],[-124.77755703643639,50.046830067245]]],[[[-124.90009764993054,49.99333815577655],[-124.90044343125501,49.99324276201298],[-124.90092333270874,49.99336956660612],[-124.90038593614695,49.99355747092249],[-124.90009764993054,49.99333815577655]]],[[[-124.71997034606044,50.113332056621445],[-124.7203397414279,50.113451752258676],[-124.71971873044637,50.11373948078502],[-124.71977855609114,50.113441760616645],[-124.71997034606044,50.113332056621445]]],[[[-124.68826702898859,50.14530417459456],[-124.68878015962045,50.14514466708489],[-124.68921812631038,50.14529986128751],[-124.68860863914706,50.14544375135398],[-124.68826702898859,50.14530417459456]]],[[[-124.70817944083305,50.14082215719871],[-124.70809822880162,50.14052596461626],[-124.70878062820168,50.14043477136919],[-124.70878271893037,50.14052596486657],[-124.70817944083305,50.14082215719871]]],[[[-124.8060546368649,50.001074457526705],[-124.80593033168861,50.00076115780353],[-124.80665475475135,50.00072267404183],[-124.8063190627842,50.00106026508475],[-124.8060546368649,50.001074457526705]]],[[[-124.81403705669439,49.99108226246613],[-124.81438004048094,49.99094125860464],[-124.81479104668689,49.99110647660556],[-124.81450832923,49.99137986274766],[-124.81403705669439,49.99108226246613]]],[[[-124.7246273240729,50.08718647345437],[-124.72513621546948,50.08699986136829],[-124.7253442563244,50.087328865740076],[-124.72488582526947,50.08740867117628],[-124.7246273240729,50.08718647345437]]],[[[-124.67087112911013,50.145366879857605],[-124.67124782684789,50.14530846424936],[-124.67142242291693,50.145522062530354],[-124.6704211258411,50.14569726686397],[-124.67087112911013,50.145366879857605]]],[[[-124.81891192808898,50.02192065953157],[-124.81947724225651,50.02210157140081],[-124.8195469566906,50.022504558480584],[-124.81922444035828,50.0224290658066],[-124.81891192808898,50.02192065953157]]],[[[-124.70613423789825,50.057327970050174],[-124.70650895875161,50.05726806722227],[-124.70600313788339,50.05796027746166],[-124.70592554370043,50.057745173216304],[-124.70613423789825,50.057327970050174]]],[[[-124.70414694837905,50.06985096612828],[-124.70479713075733,50.0696615589668],[-124.7049443365821,50.06986666846937],[-124.70391534512528,50.07002475038129],[-124.70414694837905,50.06985096612828]]],[[[-124.66963471616073,50.1420028624572],[-124.67040272400894,50.14196585974947],[-124.67044043624598,50.142216480591664],[-124.6697703216824,50.14227057122237],[-124.66963471616073,50.1420028624572]]],[[[-124.7229088180522,50.14026246533944],[-124.7231073415657,50.139936369064685],[-124.72379204667172,50.13986225229573],[-124.72322322758126,50.140420570526],[-124.7229088180522,50.14026246533944]]],[[[-124.81012653019071,50.01107526958097],[-124.810392425844,50.011053959694756],[-124.8104146312983,50.011673478424356],[-124.8099867480077,50.011428472616856],[-124.81012653019071,50.01107526958097]]],[[[-124.82854651597212,50.02784106380283],[-124.82919873184875,50.027767062448895],[-124.82933432028915,50.02799916456352],[-124.8285592354972,50.028199958068875],[-124.82854651597212,50.02784106380283]]],[[[-124.76277465417364,50.042125875578925],[-124.76293434536466,50.0415661688754],[-124.76343934766611,50.04198066333573],[-124.76301693437884,50.042275470198675],[-124.76277465417364,50.042125875578925]]],[[[-124.7442926484063,50.037809175821444],[-124.74472244669086,50.03768515821169],[-124.74511734131599,50.03820077643333],[-124.7443451179708,50.038051260965844],[-124.7442926484063,50.037809175821444]]],[[[-124.79267844082776,50.00241467698284],[-124.79356223124847,50.00253577820782],[-124.7934971465189,50.00302275498763],[-124.79312904080153,50.00291176781089],[-124.79267844082776,50.00241467698284]]],[[[-124.77932742489614,50.052793267001086],[-124.77995742207992,50.052801763020334],[-124.78005785415816,50.05324047278415],[-124.77982143351551,50.05329886618044],[-124.77932742489614,50.052793267001086]]],[[[-124.78613695270998,49.994608563837396],[-124.78646744607262,49.99449605068473],[-124.78687175567083,49.995228066710375],[-124.78621115021686,49.995057165262956],[-124.78613695270998,49.994608563837396]]],[[[-124.76945473626996,50.04794236439452],[-124.76971663545609,50.04782127958083],[-124.77017662849242,50.048551963136276],[-124.76941784273335,50.048483563982295],[-124.76945473626996,50.04794236439452]]],[[[-124.75301933251893,50.047724469468264],[-124.7536238517137,50.04745526583978],[-124.7541652553284,50.04772585992056],[-124.75323914981784,50.04797365649774],[-124.75301933251893,50.047724469468264]]],[[[-124.65951245421711,49.81393056946603],[-124.65955253789878,49.813461964611925],[-124.66088773010692,49.81347906094684],[-124.65969043505602,49.81426095673802],[-124.65951245421711,49.81393056946603]]],[[[-124.8211939505003,50.0121519738404],[-124.82050572462603,50.01203806147835],[-124.820394158393,50.0116520683986],[-124.82176976240345,50.011855771939814],[-124.8211939505003,50.0121519738404]]],[[[-124.87673253266135,49.96799296769845],[-124.87728826197677,49.96799296339204],[-124.87771214694641,49.968489949964805],[-124.87697483219166,49.96851986266267],[-124.87673253266135,49.96799296769845]]],[[[-124.50840684588704,50.41696785971963],[-124.50943662565653,50.41704335765092],[-124.50968492671052,50.41729257188747],[-124.50915603308353,50.41747056935715],[-124.50840684588704,50.41696785971963]]],[[[-124.7894727470696,50.0584743604942],[-124.78905853584641,50.05861536158713],[-124.78860965812144,50.058595461747785],[-124.7889734542623,50.05786196687555],[-124.7894727470696,50.0584743604942]]],[[[-124.67746353398587,50.14857277260729],[-124.67703883215832,50.14840895817992],[-124.67846452589099,50.1479831749841],[-124.67845405913597,50.14807287353503],[-124.67746353398587,50.14857277260729]]],[[[-124.7583157316075,50.032488262910746],[-124.75879935819975,50.03232876665761],[-124.75929252544265,50.032851467454876],[-124.75885272333242,50.03303807299993],[-124.7583157316075,50.032488262910746]]],[[[-124.74811812572268,50.03006996860176],[-124.74869944757285,50.02994466335068],[-124.74895596030079,50.030444567865196],[-124.74820786117586,50.03063537025351],[-124.74811812572268,50.03006996860176]]],[[[-124.82287531756344,50.0219035622251],[-124.8234043203359,50.0222367654184],[-124.82294183568095,50.022937579284154],[-124.82278214417529,50.02239066587993],[-124.82287531756344,50.0219035622251]]],[[[-124.7235476422528,50.11126417305639],[-124.72257355783097,50.11141366101858],[-124.7224820387552,50.111190079320934],[-124.72335865642229,50.11069017120195],[-124.7235476422528,50.11126417305639]]],[[[-124.77930602867703,50.07259967612723],[-124.77979954809074,50.073051152062845],[-124.77928594456934,50.073553970634336],[-124.77883685571888,50.073119571511306],[-124.77930602867703,50.07259967612723]]],[[[-124.88565032955769,49.986044777390084],[-124.88670815107847,49.985973561133825],[-124.88710544233068,49.98616585939462],[-124.8858336497283,49.98642937132838],[-124.88565032955769,49.986044777390084]]],[[[-124.69532944963858,50.14791755841885],[-124.69688612736539,50.14761707350861],[-124.697299246793,50.14779086538175],[-124.69562823439163,50.14807568071389],[-124.69532944963858,50.14791755841885]]],[[[-124.77879253838927,50.0736399566585],[-124.77949414103206,50.07389146996031],[-124.77942262523379,50.07462207244175],[-124.77865064231123,50.07412925657162],[-124.77879253838927,50.0736399566585]]],[[[-124.77583863663571,50.04338346568828],[-124.7761760305641,50.04346035952902],[-124.77692104960369,50.04433055240256],[-124.77579253485828,50.04404995571883],[-124.77583863663571,50.04338346568828]]],[[[-124.70292375343865,50.06968866191789],[-124.70427523605724,50.06912885306995],[-124.70462934366623,50.06925997268762],[-124.70393532422729,50.069826770305966],[-124.70292375343865,50.06968866191789]]],[[[-124.72631462264768,50.055967762361014],[-124.72668194376656,50.05530696187807],[-124.72740214293223,50.05508907449084],[-124.72707526391224,50.05611876775865],[-124.72631462264768,50.055967762361014]]],[[[-124.82449635211087,50.02339755652373],[-124.82506822961082,50.023388955073855],[-124.82547585333441,50.02384187213433],[-124.82438254212498,50.0240840556332],[-124.82449635211087,50.02339755652373]]],[[[-124.77740824521047,50.04433195105672],[-124.77700213435422,50.04391465769489],[-124.77715812638424,50.043202572790825],[-124.77810411844442,50.043880562990864],[-124.77740824521047,50.04433195105672]]],[[[-124.67418225302639,49.844558162844336],[-124.67502573677154,49.84455955789993],[-124.67454553178311,49.8455379657803],[-124.67387975075988,49.84477465531741],[-124.67418225302639,49.844558162844336]]],[[[-124.72538662172812,50.05192586932154],[-124.72626714609082,50.051913060665505],[-124.72653165626845,50.052277658830924],[-124.72586573773341,50.05277326914658],[-124.72538662172812,50.05192586932154]]],[[[-124.71206612364854,50.061478063945394],[-124.71205675928823,50.062403767896875],[-124.71093452787643,50.06270856186313],[-124.71157391725468,50.06179995898687],[-124.71206612364854,50.061478063945394]]],[[[-124.74578125529243,50.117272872283806],[-124.74669155023967,50.11652087486777],[-124.74713305952807,50.11714467113583],[-124.74660723846793,50.11770156839194],[-124.74578125529243,50.117272872283806]]],[[[-124.8189093317259,50.021111661808064],[-124.81726395035919,50.02005776703642],[-124.81726653358002,50.01941976979972],[-124.81895622941607,50.02049925702432],[-124.8189093317259,50.021111661808064]]],[[[-124.72501204663553,50.13765046014287],[-124.725734443126,50.13747675603045],[-124.72635561662517,50.13798945987323],[-124.72447894403997,50.13835976056418],[-124.72501204663553,50.13765046014287]]],[[[-124.72249934471881,49.94618117757756],[-124.72355725376694,49.94614696264846],[-124.72406973882087,49.946490278563175],[-124.72288763869504,49.946930379874644],[-124.72249934471881,49.94618117757756]]],[[[-124.78735814546593,50.050912171624915],[-124.78813655265637,50.051101256911934],[-124.78816783365964,50.05193725960471],[-124.78701093472543,50.05166806251045],[-124.78735814546593,50.050912171624915]]],[[[-124.83843791398178,50.0872391620246],[-124.83973833520011,50.08720066518768],[-124.8401264247984,50.087877159310246],[-124.83881595448277,50.08795265656013],[-124.83843791398178,50.0872391620246]]],[[[-124.72696393757592,50.14205556991104],[-124.7279117261382,50.14200566155376],[-124.72795785348612,50.14288585496943],[-124.72668595587729,50.142895859629014],[-124.72696393757592,50.14205556991104]]],[[[-124.77431883616202,50.041959266616246],[-124.77499593167842,50.04175986534258],[-124.77649823791884,50.04272697258096],[-124.77492994837779,50.042624359162474],[-124.77431883616202,50.041959266616246]]],[[[-124.73389854678484,50.04080706518442],[-124.73336765174446,50.04076145786751],[-124.73499685309757,50.03985576017246],[-124.73490823390877,50.0412870541531],[-124.73389854678484,50.04080706518442]]],[[[-124.74290543277252,50.114374676202075],[-124.74182903641355,50.11437317004384],[-124.74141884228666,50.11387475671205],[-124.74259154294042,50.11340755878259],[-124.74290543277252,50.114374676202075]]],[[[-124.83905523873895,50.02404128111539],[-124.83856143245916,50.023203868238966],[-124.8392197574394,50.02254446014206],[-124.84006224147429,50.023367663070424],[-124.83905523873895,50.02404128111539]]],[[[-124.747817360389,50.034113272466236],[-124.74901144005585,50.034257159103596],[-124.75000111839691,50.03541216281761],[-124.74906775717396,50.03542496664166],[-124.747817360389,50.034113272466236]]],[[[-124.7558097178037,50.10615696566747],[-124.75649474958092,50.10500475454522],[-124.75737052955542,50.105988863261814],[-124.75622235705502,50.10633926525875],[-124.7558097178037,50.10615696566747]]],[[[-124.77693323690065,50.04582317498179],[-124.77648324420382,50.045344660977904],[-124.77668973936765,50.04451285952065],[-124.77809921810177,50.04638006527322],[-124.77693323690065,50.04582317498179]]],[[[-124.74506143175319,50.11748085462333],[-124.74594972484812,50.11805195948071],[-124.74441291826717,50.11890356196604],[-124.74435864548659,50.118157361683096],[-124.74506143175319,50.11748085462333]]],[[[-124.68200982598546,50.14488256726075],[-124.68102095319416,50.1446447634404],[-124.68059023880097,50.144337169068535],[-124.68350084713924,50.145077769568736],[-124.68200982598546,50.14488256726075]]],[[[-124.80706145642054,50.0078665599477],[-124.80885123758304,50.00868548130573],[-124.80953974962382,50.00954707107231],[-124.80695342600697,50.00867836588841],[-124.80706145642054,50.0078665599477]]],[[[-124.75367765134202,50.04545715913049],[-124.7549220488229,50.04435045044955],[-124.75605125410922,50.045042661713126],[-124.75404964859536,50.04610797103125],[-124.75367765134202,50.04545715913049]]],[[[-124.74349314006106,50.117459476056005],[-124.7442484372603,50.11592847404958],[-124.74587663010445,50.11607517920907],[-124.74558664916809,50.11694246949609],[-124.74349314006106,50.117459476056005]]],[[[-124.77764943278328,50.054967965558674],[-124.77615655164908,50.05464896289522],[-124.77606562745663,50.05335577162652],[-124.77843103259964,50.05384996781744],[-124.77764943278328,50.054967965558674]]],[[[-124.78643603458512,50.05611025559925],[-124.78799794712783,50.05676105759401],[-124.78807893951253,50.05820807547693],[-124.78650413785958,50.0571982717556],[-124.78643603458512,50.05611025559925]]],[[[-124.76856805633395,49.984291572240004],[-124.76933393442296,49.982732081450884],[-124.77092771864979,49.98387587823916],[-124.76988783437018,49.98452377021544],[-124.76856805633395,49.984291572240004]]],[[[-124.72755022818423,50.05535677788111],[-124.72829655169826,50.053986771632225],[-124.72978243012807,50.054099273477924],[-124.72877874200988,50.05607606291799],[-124.72755022818423,50.05535677788111]]],[[[-124.83028632718126,50.03102417567404],[-124.82943571649592,50.02994036103999],[-124.83114354173074,50.02897755546947],[-124.83120083803983,50.03046166526606],[-124.83028632718126,50.03102417567404]]],[[[-124.7516915552376,50.03653727143509],[-124.75049243288167,50.03622256099487],[-124.75024404072283,50.03555176019184],[-124.75155034439412,50.03497496367975],[-124.75304452468887,50.03686777284192],[-124.7516915552376,50.03653727143509]]],[[[-124.6806449379067,50.14629686588465],[-124.67955354640334,50.145899451162215],[-124.68063953790316,50.14490257444151],[-124.68298312763987,50.145470774069416],[-124.6806449379067,50.14629686588465]]],[[[-124.79365534399213,50.056772462341826],[-124.79469574063351,50.05691915361567],[-124.79645355851407,50.05911386081391],[-124.79381685821787,50.05843457165703],[-124.79365534399213,50.056772462341826]]],[[[-124.70009292494441,50.147228270858314],[-124.6976705487215,50.14723686238808],[-124.70306544824413,50.14578987096799],[-124.70147723857208,50.14683945371082],[-124.70009292494441,50.147228270858314]]],[[[-124.73422303232442,50.03698027933557],[-124.73582774261129,50.03772086315179],[-124.73503254704814,50.03968336264995],[-124.73405502983023,50.039338760738055],[-124.73422303232442,50.03698027933557]]],[[[-124.68223012748822,50.147964576430795],[-124.68096415218827,50.14822667328377],[-124.67946564003567,50.14740205485937],[-124.6844865457763,50.14685226621184],[-124.68223012748822,50.147964576430795]]],[[[-124.83905333977387,50.02549826452611],[-124.8389532238305,50.02433896997548],[-124.8412705016044,50.023100384676304],[-124.84088365468504,50.02548687086251],[-124.83905333977387,50.02549826452611]]],[[[-124.8151861236133,49.99083866421798],[-124.81497213690976,49.988873252295576],[-124.81730224728562,49.98851295731552],[-124.81674824335651,49.99048125770031],[-124.8151861236133,49.99083866421798]]],[[[-124.78023044024542,50.073404376888874],[-124.78124264615367,50.07206566825553],[-124.78318785399169,50.07246865958833],[-124.78166674941652,50.07445257224827],[-124.78023044024542,50.073404376888874]]],[[[-124.82698802933022,50.02944907687832],[-124.82537294030594,50.02808885407259],[-124.82799305143344,50.0268783626208],[-124.82794015091665,50.030279353251075],[-124.82698802933022,50.02944907687832]]],[[[-124.69921063040005,49.83968305611654],[-124.70202323498825,49.84013737602572],[-124.70315323453251,49.841433453909566],[-124.70037336424465,49.84147476979757],[-124.69921063040005,49.83968305611654]]],[[[-124.82436763941384,50.02737536936281],[-124.82347045324875,50.02619327364333],[-124.82785034100047,50.026052273941886],[-124.82513005063474,50.02797497164524],[-124.82436763941384,50.02737536936281]]],[[[-124.66658491660561,50.152093363187056],[-124.66464663390623,50.15195097547342],[-124.66358393670129,50.15115625800769],[-124.66700524719296,50.150126549942115],[-124.66821233675691,50.151405472649785],[-124.66658491660561,50.152093363187056]]],[[[-124.84073494891676,50.089865368296266],[-124.84310804063611,50.08978277853797],[-124.84423413089957,50.09107737282817],[-124.84041262806355,50.09132666129073],[-124.84073494891676,50.089865368296266]]],[[[-124.82320822627526,50.011149363551056],[-124.8199598302755,50.01089436036807],[-124.81892711666697,50.0075375652697],[-124.82398005825523,50.00938337216585],[-124.82320822627526,50.011149363551056]]],[[[-124.67480135090206,50.146903575694886],[-124.67016283806828,50.1475088547362],[-124.67335273481281,50.14471167507011],[-124.67299874101538,50.14574137630756],[-124.67484932865857,50.14587666499834],[-124.67667494298448,50.14479856476717],[-124.67497446294404,50.14423747049725],[-124.67932636050504,50.14420186545015],[-124.67480135090206,50.146903575694886]]],[[[-124.70628203417856,50.12569427957977],[-124.70308924177824,50.12403215500194],[-124.70504594118079,50.121233567264],[-124.71126952875002,50.12231037820262],[-124.70628203417856,50.12569427957977]]],[[[-124.71699924447661,50.13934245826914],[-124.7134852409297,50.13853067077035],[-124.7200005300651,50.133299575306154],[-124.72169725596834,50.137285873402995],[-124.71699924447661,50.13934245826914]]],[[[-124.75024372409642,50.03478696884425],[-124.74401302584543,50.03161526333552],[-124.74060853100036,50.02701646336783],[-124.7457054648871,50.02785816981745],[-124.74821775225436,50.03167786315357],[-124.75119744596964,50.0325594706476],[-124.75024372409642,50.03478696884425]]],[[[-124.73288803252414,50.12591217763048],[-124.72740013202508,50.126973158171886],[-124.72641415270367,50.12678235442044],[-124.72745315502019,50.124184568003145],[-124.73502992680835,50.12093307285233],[-124.73600455157154,50.12541505739046],[-124.73288803252414,50.12591217763048]]],[[[-124.81835884615964,50.01913206027589],[-124.81170454561102,50.013695871083385],[-124.81412103155432,50.011516759219596],[-124.80990573881476,50.00817417469943],[-124.81466724982313,50.00897175574442],[-124.81352073552424,50.00999716898248],[-124.815440448868,50.01132596923541],[-124.81438763776848,50.01228586808282],[-124.81671504520462,50.01257356737844],[-124.81891881989912,50.015822166971795],[-124.81835884615964,50.01913206027589]]],[[[-124.80908804283197,50.0006766574942],[-124.8024132287046,49.99779306894006],[-124.80104573162191,49.99890255805021],[-124.7978225582209,49.99779305967038],[-124.7947929542565,49.994745271169336],[-124.79752034486565,49.99342645859531],[-124.80444073315266,49.99788706115966],[-124.80896144928384,49.99673776116785],[-124.81079364386238,49.9990934596662],[-124.80908804283197,50.0006766574942]]],[[[-124.75686872038078,50.32205287037193],[-124.74787342639817,50.323430057786695],[-124.74185322726798,50.32055316592563],[-124.74489974545114,50.31824027156213],[-124.7560687314935,50.320140165627855],[-124.75811833243671,50.321260954131766],[-124.75686872038078,50.32205287037193]]],[[[-124.72425411549204,50.14420036085902],[-124.70829422792391,50.14604616702372],[-124.7064540287895,50.14547075953969],[-124.71066954753358,50.14317787128943],[-124.71280134597737,50.1440551771607],[-124.71859263247056,50.14048896684977],[-124.72475194530269,50.14127797201564],[-124.72633374538376,50.14327036263039],[-124.72425411549204,50.14420036085902]]],[[[-124.69605512566073,50.14426446683509],[-124.69192521644085,50.14425306311189],[-124.68670554497851,50.14545375059325],[-124.68503932404377,50.145054963540204],[-124.69277044721183,50.14004025738561],[-124.70310391719633,50.13940366191006],[-124.6994721418339,50.14318067467496],[-124.69605512566073,50.14426446683509]]],[[[-124.81143852539647,50.007349557736475],[-124.80447585254954,50.004408560544256],[-124.80399945450252,50.00211277109826],[-124.80737933478808,50.003293366690336],[-124.80759722992867,50.001679778049436],[-124.81423034901212,50.001431958228395],[-124.8138096303382,50.00284196334366],[-124.81623525120926,50.00349706921346],[-124.81827464279903,50.00725985601623],[-124.81686065342056,50.00864136308399],[-124.81143852539647,50.007349557736475]]],[[[-124.85955822513007,50.08494187095453],[-124.85357863780762,50.08574797158727],[-124.84956304575037,50.088248962255925],[-124.84686372610282,50.08782446921215],[-124.83981953508105,50.079095571911516],[-124.84228023311296,50.078048775384204],[-124.84953382420831,50.07913826606439],[-124.85460006392644,50.08399627159635],[-124.85909996418248,50.08360027077446],[-124.85955822513007,50.08494187095453]]],[[[-124.7579172300327,50.11826835749958],[-124.75017884276828,50.11816876608799],[-124.74822705225907,50.115689165514176],[-124.75045575097504,50.107739262167144],[-124.75854514056158,50.10598036611164],[-124.75808444578317,50.103747155226],[-124.75343614169677,50.10359336707945],[-124.75383153935068,50.10250807737089],[-124.76189334003115,50.10423857780039],[-124.77822174528008,50.09765727820802],[-124.78559434675827,50.09928934931767],[-124.7854825278289,50.101899967977076],[-124.77757043694088,50.109136360430924],[-124.76263535286083,50.11722445794254],[-124.7579172300327,50.11826835749958]]],[[[-124.85827845254788,49.94688185768015],[-124.85219534677407,49.941313252344315],[-124.83709392922846,49.93928656664241],[-124.81263053242579,49.944393755237144],[-124.80755664870672,49.94288987254913],[-124.79814262015341,49.94424996522668],[-124.79021096323706,49.941935665521655],[-124.78108102667406,49.944217175463436],[-124.7696403301535,49.94997818016326],[-124.76413522990983,49.95080846335961],[-124.76192153429984,49.94973595433137],[-124.77791393088712,49.938446279354416],[-124.79627482286746,49.935968157571565],[-124.80218052487442,49.937046259880105],[-124.81585833189096,49.93425056270006],[-124.81811073509039,49.93670737573885],[-124.82492003288696,49.937284158833535],[-124.83838141645613,49.93466926237505],[-124.85505485159098,49.93482596379447],[-124.86340281988059,49.9381201652378],[-124.86662185228491,49.94172055522221],[-124.86238425869226,49.94927176599548],[-124.86063384656379,49.949416977009285],[-124.85827845254788,49.94688185768015]]],[[[-124.65056455239983,49.880656160903804],[-124.63892864835329,49.87448937116861],[-124.63616233419378,49.8717220710243],[-124.63567983209262,49.868175863872885],[-124.63033915167632,49.86413106362805],[-124.63019675015076,49.86237075420425],[-124.63726005190173,49.85274595852842],[-124.65232513331495,49.84574027131209],[-124.65782274727677,49.84095774960269],[-124.65960505303427,49.84142635981825],[-124.66069814886802,49.83922596181704],[-124.66736614026439,49.83978565383563],[-124.66958593260415,49.837199263113675],[-124.67152684889726,49.839861063551595],[-124.66936565140229,49.84214986375148],[-124.67213836022997,49.86002796513216],[-124.66487913334906,49.867445166236834],[-124.65876503140743,49.87663567529327],[-124.65080485002544,49.882389473355715],[-124.65056455239983,49.880656160903804]]],[[[-124.91427762943536,49.99410295983294],[-124.91085475044481,49.99436646948892],[-124.90562122390001,49.998203272393724],[-124.9038658402032,49.996901566558904],[-124.90505022269181,49.9961267604402],[-124.90458053318672,49.99237398054239],[-124.90087964439621,49.992272862398956],[-124.89558225597361,49.98957116348106],[-124.89050024693029,49.99017507818753],[-124.88786283813042,49.987682657683635],[-124.90028315194013,49.977116458211825],[-124.90214265313477,49.96911667136318],[-124.90753254117475,49.962615176194824],[-124.91567624045494,49.96224765751568],[-124.92058753410387,49.968633878710605],[-124.9303506234025,49.97039555888318],[-124.9304285533109,49.97477506912709],[-124.94653364271272,49.98402247329518],[-124.94382604865962,49.988467352003674],[-124.94585161790745,50.00000006131681],[-124.94441603218878,50.00345145612475],[-124.94073365499675,50.00003197271987],[-124.93429245055617,49.99948365586676],[-124.92876634918464,49.99532067479303],[-124.91427762943536,49.99410295983294]]],[[[-124.26211806771936,50.82442269007182],[-124.24569961872174,50.81834505030354],[-124.22625392525524,50.8224750686343],[-124.21323633023702,50.82052333966712],[-124.20486573964004,50.81647322555791],[-124.19060475158864,50.80079804317203],[-124.17983994716116,50.8000292537404],[-124.17151842401859,50.79657090208112],[-124.15309152429306,50.79637092298068],[-124.10926966696303,50.78745897338245],[-124.09769380783224,50.78848994520491],[-124.09189306360132,50.80817626400386],[-124.08033270522643,50.82897237053758],[-124.06926162905906,50.84046601678316],[-124.049920995304,50.83812745354776],[-124.03858929106005,50.831760964148316],[-124.03235191385588,50.811443223970244],[-124.00072034668109,50.80626666496178],[-123.98586810792189,50.809037728136595],[-123.97426442715714,50.80398205139511],[-123.96741240261585,50.79391961283332],[-123.9598563944044,50.78744759414927],[-123.94435988608659,50.780108556314346],[-123.94817176605898,50.77512822250142],[-123.93036489284982,50.76677550982057],[-123.91924491530902,50.74241507017063],[-123.86428154688255,50.71076968253599],[-123.84760196885043,50.71082811917884],[-123.83205492621799,50.71393825733055],[-123.83296495521991,50.71300100963284],[-123.8279330629574,50.7087573976582],[-123.81989907108068,50.70377602236701],[-123.81619292802162,50.710427725800045],[-123.80411246115759,50.71295650019291],[-123.79975954687144,50.717180619307584],[-123.78975247434789,50.71718009015937],[-123.78860684275217,50.72251041903742],[-123.77826922497738,50.72357609379878],[-123.77446285593378,50.72061649857489],[-123.76636414623052,50.72137655301508],[-123.74539923734804,50.713600185457615],[-123.73469529498864,50.70669420107768],[-123.72787482218797,50.69732737770571],[-123.72801124993606,50.69458379042278],[-123.73613656347666,50.68573535018524],[-123.73723142373335,50.68091396531285],[-123.7362798556573,50.67632809684059],[-123.74479598463387,50.66416931275565],[-123.7450049468667,50.657846230402846],[-123.75379807299967,50.65386327180193],[-123.7568331111062,50.63897653915939],[-123.76124948093045,50.6338559185373],[-123.75580910889067,50.61534736826133],[-123.75973113979002,50.61206987542244],[-123.7641834781708,50.61114873978217],[-123.76296363770632,50.60537553854284],[-123.76485978157623,50.602646645064596],[-123.76403291229603,50.60023323305638],[-123.75531038628166,50.59501212726182],[-123.75724309559317,50.59290634173389],[-123.75548153416177,50.58621056537078],[-123.74542143948555,50.58145597766419],[-123.7458881279177,50.579386017137494],[-123.74080070551044,50.574328469645955],[-123.74484313883855,50.57148554028584],[-123.74335201007933,50.55929414651383],[-123.74625650370349,50.555418762789294],[-123.74531168052648,50.545897286077526],[-123.74233068911734,50.54398147458916],[-123.74412405592301,50.53805492597012],[-123.76290882685024,50.52857518946816],[-123.77699438242591,50.527096541799054],[-123.78888162607286,50.530255353933256],[-123.79313972886504,50.535291773183225],[-123.80171431566974,50.54048149956848],[-123.80746966371822,50.53604955031739],[-123.81849464786215,50.53297300685572],[-123.83246617296385,50.53350042872571],[-123.84211029093134,50.52877329199049],[-123.88639389794386,50.53059455964194],[-123.8972947128983,50.528388217074394],[-123.90440718379192,50.52138039479159],[-123.91297886431342,50.52218207271093],[-123.92512505192938,50.53146074805393],[-123.93941761002058,50.52763875059299],[-123.95617090710445,50.52007285311973],[-123.98281270360447,50.51396229251772],[-123.99882115614233,50.50554630551188],[-124.0033138511166,50.496792924016475],[-123.99640049818889,50.47388258950049],[-123.976438312137,50.47870218117922],[-123.9680992831117,50.49097371453616],[-123.96150711714785,50.48833767194678],[-123.96505046707351,50.48047496665263],[-123.96257970304661,50.473633375717846],[-123.94870930712425,50.45759153972102],[-123.93649544518897,50.451430238094964],[-123.93446497497173,50.446087928667865],[-123.93948647161916,50.43495207130717],[-123.95146448887812,50.42190663367709],[-123.94419273989283,50.408501836840436],[-123.92300735320434,50.398901527222485],[-123.92127659743436,50.39290508253625],[-123.92395431011745,50.382048582061486],[-123.90996346209364,50.359413614513414],[-123.92569811131918,50.351823355716256],[-123.93184557178782,50.35260467045668],[-123.95484687822199,50.34151716519951],[-123.96249865312693,50.3393637435958],[-123.96580407454582,50.33985572199013],[-123.97901928371101,50.34883949153616],[-123.98809425235085,50.345995456898],[-123.99997707419112,50.34640352012124],[-124.01501979934649,50.360832491506784],[-124.02979146921001,50.35023602625892],[-124.04116804298978,50.34638465358617],[-124.04944104956498,50.350284368381196],[-124.05542648100538,50.35721176830654],[-124.0639667291612,50.363418396085784],[-124.07580248441936,50.36642339676383],[-124.10291764756482,50.3614095434566],[-124.11462671642046,50.35095674754247],[-124.13670724249653,50.352620511652965],[-124.1595372553651,50.33338629428399],[-124.1550792713275,50.32627771985791],[-124.15917155741242,50.32167809656643],[-124.15706177884634,50.31891687943032],[-124.15482080537988,50.29771651351],[-124.16578875996652,50.2847509354753],[-124.17049033988955,50.28252077304178],[-124.16786816711887,50.2804979430191],[-124.16901059277393,50.27001571011449],[-124.14986246218866,50.26224166476382],[-124.14423078443116,50.25574753677779],[-124.16541448528918,50.23562704069475],[-124.1679530099912,50.22825216300805],[-124.1751606126903,50.22237583195399],[-124.17262843277487,50.21910760601092],[-124.15425568076004,50.21909803560194],[-124.13364306341458,50.21176213071236],[-124.11919612754018,50.20970908506229],[-124.07749808041305,50.20962900090023],[-124.07051618874793,50.2015469608511],[-124.07325731463044,50.196500215720874],[-124.09214443758951,50.193705131187485],[-124.09679758759442,50.180456586916755],[-124.09694418395271,50.17498236284904],[-124.09061946759222,50.17382036469646],[-124.08337224023654,50.16809293739602],[-124.0808640329294,50.16252370968505],[-124.06938167575325,50.15055123586455],[-124.07551860289776,50.14467287324452],[-124.08482678249369,50.13914073069947],[-124.09471403806313,50.13894103550679],[-124.10731000181886,50.14220793122028],[-124.11719901319417,50.137018001980486],[-124.13689850320458,50.13552882872804],[-124.13675146320529,50.118402813605805],[-124.14621719818466,50.11539047241871],[-124.1536480791259,50.094907728025774],[-124.14699244682726,50.092855900624876],[-124.13777663352387,50.07952926604394],[-124.1507847540496,50.06102401600489],[-124.13729006994791,50.05403483122486],[-124.13178632189948,50.04898713021967],[-124.1100950815318,50.04096094116011],[-124.11338642709737,50.033137823598985],[-124.11365661671296,50.02465512058609],[-124.165786367045,50.022857035065265],[-124.19876607743655,50.00751654446528],[-124.21258112508148,50.00820532008418],[-124.2373569401918,50.0209153730941],[-124.25113130877479,50.02501222557362],[-124.33678196898595,50.02566325608148],[-124.38111825845507,50.02422835648007],[-124.44010834404003,50.015533594166676],[-124.49798208859404,49.993885721634896],[-124.53109643320111,49.98682453241958],[-124.53863520465295,49.98132531285947],[-124.53925350588815,49.96310310906009],[-124.53321289145818,49.92612141602235],[-124.53452338325197,49.91328989648344],[-124.52678495718017,49.887333156125244],[-124.53327293998599,49.89735910237646],[-124.55796240166207,49.89574770448052],[-124.5579938418282,49.89977155212219],[-124.56389221181011,49.9002992365451],[-124.56396324295943,49.90397445908145],[-124.56608314531435,49.9041046230405],[-124.565940063126,49.90819966411967],[-124.57685422440149,49.90797428114734],[-124.5773330670444,49.91466495725419],[-124.6357511460186,49.91445324767708],[-124.63547152750458,49.9201199585947],[-124.64469269241572,49.91956741437649],[-124.64512930476532,49.91579792040207],[-124.64767234951066,49.915858367060366],[-124.65144722223138,49.918755170810535],[-124.66069173475049,49.920979777008625],[-124.66846284651402,49.92615676499829],[-124.68379204341852,49.931853660229585],[-124.68929615523788,49.935435560217186],[-124.6972510353483,49.935750268253024],[-124.69966883705833,49.93673156473785],[-124.69890846441318,49.93811016785915],[-124.70305525512732,49.938715464697204],[-124.70750056178719,49.94261637179696],[-124.71207196305656,49.942639165321154],[-124.71452153123707,49.944473557122535],[-124.71411904921729,49.94575676072235],[-124.72299643470232,49.94995107383043],[-124.72603675120682,49.95428636407836],[-124.73335225770172,49.95926826785073],[-124.74086144758363,49.962187867833784],[-124.75216133694124,49.96350096430114],[-124.75581304236705,49.96841167137149],[-124.75955444690274,49.97009086964086],[-124.76116004873178,49.97432077391067],[-124.75899734846139,49.975047077267256],[-124.76141982909148,49.97607106981109],[-124.75978964803502,49.977660452823294],[-124.76416055863322,49.97812275715025],[-124.76373638705644,49.979661235085175],[-124.76073053173512,49.980111568715785],[-124.76244036222417,49.98110996908543],[-124.76126876376804,49.98264807078228],[-124.7670088260829,49.9843685750552],[-124.76919724989034,49.98769976010294],[-124.76991264356049,49.98480145630313],[-124.77527153001814,49.985627478571715],[-124.77548926791873,49.98853465123614],[-124.78066735706707,49.99347916634638],[-124.77908744065965,49.995239462724335],[-124.77990775979674,49.99671926446093],[-124.78585123547902,49.996690776882765],[-124.78983883720021,49.99961606777406],[-124.79153433036376,50.00390727566665],[-124.7954106474407,50.00418066700065],[-124.79609464640056,50.00609487210992],[-124.80299024931153,50.00795767151677],[-124.80616264982855,50.010669355313254],[-124.81294564803788,50.01997236656761],[-124.81203952988895,50.02480756993699],[-124.82261113213522,50.029661261993944],[-124.82270085842113,50.03132326682549],[-124.82025376515838,50.031947068925106],[-124.82050304061654,50.033751571369244],[-124.81755472846648,50.03704436249452],[-124.82088064277582,50.03669535613109],[-124.8209072459346,50.038511251205044],[-124.82279285432186,50.03927315614847],[-124.8205870268929,50.039254675993554],[-124.83003466145477,50.04346896328508],[-124.82751995926125,50.04532466101684],[-124.83541573165718,50.04797937452679],[-124.83434086272172,50.04946347212966],[-124.83780585389789,50.052412968157874],[-124.8374079507729,50.05918225907599],[-124.84280285064828,50.06141825267288],[-124.84340973600735,50.063405075572945],[-124.82975682924004,50.06481787733701],[-124.82183723603389,50.0627114675459],[-124.81868243393266,50.06426238297236],[-124.80885113613449,50.064038770624485],[-124.80212103554432,50.05632667853151],[-124.7981277340057,50.05827788138897],[-124.79544013545156,50.05554057277015],[-124.79048175868806,50.05631816122925],[-124.78938543209861,50.05424877736844],[-124.79131914242292,50.055190170518735],[-124.79106284049863,50.05388987273592],[-124.79447893741997,50.05374747533149],[-124.78570314812958,50.048791170016706],[-124.78438802026133,50.045330366551696],[-124.77747493369807,50.03968058138963],[-124.7710228538644,50.04046247014399],[-124.76992654049369,50.038724871369716],[-124.76729125798737,50.03846856266412],[-124.76369555942176,50.032946868985086],[-124.75879474765361,50.03184305034566],[-124.75416003339657,50.02804476279346],[-124.75438823805047,50.02966975855763],[-124.7531861553411,50.0292923728196],[-124.73319183189672,50.01298796303654],[-124.73620223848015,50.01827755736976],[-124.73655713779392,50.02234647973707],[-124.74180014823885,50.02446286166187],[-124.74219165022177,50.026057958526074],[-124.73654823945182,50.02634847124468],[-124.72902832171687,50.01834876049857],[-124.72396552179188,50.015320859356216],[-124.72259582275058,50.007479166171564],[-124.73128592199147,50.01045297019617],[-124.7266042408316,50.00367795925056],[-124.72329425875374,50.0020187636086],[-124.71937933561304,49.99521246875291],[-124.70221442243557,49.98563466148428],[-124.6992607244064,49.98137055982094],[-124.69064983178711,49.97448878133828],[-124.68372404461464,49.9650547541095],[-124.67462662960932,49.96411627326244],[-124.67983682494717,49.96997687290271],[-124.67866375297643,49.97396187425484],[-124.6796526182619,49.97587166662036],[-124.68698694610168,49.98180916140266],[-124.68896824067092,49.98779796256628],[-124.69441575488904,49.992765663549605],[-124.70089571694866,49.99294936380041],[-124.7018379485089,49.99592165669469],[-124.70638472698649,49.99899376943938],[-124.70664063537771,50.00151747125443],[-124.70360263521987,50.00717436633758],[-124.70999394836774,50.01384536640139],[-124.71088795391829,50.01894116101695],[-124.71389154799634,50.020587549564645],[-124.71609314218364,50.028695557646266],[-124.7195421337083,50.031422971534155],[-124.71954265400194,50.03536376883014],[-124.71739954683241,50.03827345971189],[-124.71225876128813,50.04023736592698],[-124.70804885528412,50.04400587060461],[-124.70788073959386,50.046311653979124],[-124.70979484932106,50.04712775231424],[-124.70889004874041,50.05117955899964],[-124.71157985178708,50.052156558434106],[-124.70976742645216,50.05421595829762],[-124.71053542118705,50.05620135969129],[-124.70866434776178,50.057003161211256],[-124.70704871384586,50.055155962250126],[-124.69936725343617,50.059595262103144],[-124.6992024173532,50.06124306278107],[-124.70132284242602,50.059971256780294],[-124.70820622455476,50.06179565770836],[-124.70690124663138,50.06635597628526],[-124.69976443228472,50.06766625572248],[-124.69819794843966,50.06724036172211],[-124.69997724565744,50.066556777517725],[-124.69799283102014,50.06496736040258],[-124.68586284467564,50.06575495143824],[-124.68201986413146,50.06812347126908],[-124.67571375686458,50.068789965038796],[-124.67354723156525,50.06998195554516],[-124.67429173777305,50.07133786421902],[-124.66998965293885,50.07298285785994],[-124.65949482867654,50.07625426422984],[-124.6521595417081,50.07673706463369],[-124.65282463899202,50.079848957802255],[-124.65673624920476,50.081402776605835],[-124.65896155196285,50.08066927092599],[-124.65976864839712,50.08299645270271],[-124.66372945053946,50.082705866090485],[-124.66692552182319,50.07978196037613],[-124.67662194187209,50.07604486044366],[-124.67569163524345,50.073827374271076],[-124.68569633226528,50.07371777203053],[-124.69320574236762,50.06792406969109],[-124.68943024696414,50.06864466900838],[-124.6893481223157,50.06752236339455],[-124.69479363168124,50.06659667546997],[-124.70363213024991,50.07306116127923],[-124.70778504938508,50.071191160976724],[-124.70715312789768,50.073449956394626],[-124.70890535417048,50.0743856566268],[-124.70825313522224,50.0768780672576],[-124.71008375568496,50.07882067089144],[-124.70846103878813,50.0819482766707],[-124.7132351330656,50.083343962840225],[-124.71753994535254,50.08175167328139],[-124.71731234981183,50.08514556826618],[-124.7238223462319,50.08270164963214],[-124.71858755076593,50.07779667522695],[-124.71764854894185,50.07343856257496],[-124.71965243421292,50.071276675259114],[-124.71926724998839,50.069466466061],[-124.7221838381659,50.068586266410996],[-124.72513643801098,50.057749457820144],[-124.73020285546924,50.056459171338105],[-124.73141162823953,50.053580768949566],[-124.73043814463917,50.04940366282215],[-124.72466355623531,50.05082066839916],[-124.72301504296647,50.045331765526],[-124.72691283282306,50.04263006085172],[-124.73126523949492,50.04331086279852],[-124.73482523100745,50.04168435670491],[-124.73593055879574,50.04288216464994],[-124.738026948904,50.040601970757606],[-124.73977243214796,50.041375379347635],[-124.74305595181688,50.03638916998089],[-124.7474048440319,50.04271835742608],[-124.75188833201567,50.04274115706736],[-124.75261535286889,50.041210166327055],[-124.75480823074207,50.04235516448756],[-124.74022925021443,50.05250416040378],[-124.73984034942053,50.053697576403884],[-124.74385994943262,50.053214750846344],[-124.74409764605754,50.056709749647034],[-124.74772082735511,50.053750256609085],[-124.7466872400552,50.04950185169667],[-124.7551227370178,50.049095953053346],[-124.75645055229668,50.04717756930976],[-124.75653905788539,50.04538736034741],[-124.75726503113442,50.04501566782754],[-124.75983364277224,50.04685715329744],[-124.75966014183892,50.044421767537465],[-124.76179161471522,50.043525862422946],[-124.75979163499483,50.04342197356846],[-124.7594613510205,50.041295566981994],[-124.7633655405086,50.043367768104375],[-124.76561522476773,50.0422896679451],[-124.76567483868007,50.04465386560819],[-124.76793473975539,50.04650968085134],[-124.76726484902358,50.04916296037589],[-124.77485613282084,50.051198169096246],[-124.77409933479002,50.05573276557515],[-124.77725704912817,50.05646765122171],[-124.77582171588921,50.05773096016782],[-124.79629324496436,50.06381095870476],[-124.79760581851913,50.06639866342471],[-124.8008355339473,50.06719485482706],[-124.80462273449305,50.071290866070576],[-124.80608713029496,50.07528865654133],[-124.80069054029589,50.076739859017245],[-124.7957037223875,50.075297163673575],[-124.79260934251379,50.07330327411397],[-124.79511472636891,50.07041357358118],[-124.79400593768925,50.06878425612877],[-124.79185284304792,50.06986946575021],[-124.79162615640254,50.06677046729221],[-124.78670845827567,50.06716067240756],[-124.78269763176765,50.06831145479162],[-124.77574932507466,50.0735353599045],[-124.77942254849941,50.0757101527722],[-124.76830715389627,50.07635676228948],[-124.7542544327809,50.08078896154402],[-124.74569233990668,50.085594159450096],[-124.73213706176345,50.087263367359114],[-124.7246525589619,50.08401186443792],[-124.72420605375162,50.08522387339275],[-124.72652293082804,50.08625076973535],[-124.72420543338863,50.087139464445535],[-124.72545192834838,50.08834437081173],[-124.72396826179661,50.0883115678598],[-124.72489353114585,50.089161869106185],[-124.7216732352525,50.09253716353649],[-124.7173746449855,50.0939144535968],[-124.71067225183178,50.093401762645236],[-124.70098914122693,50.0987068617494],[-124.70027044218344,50.102918263798166],[-124.70784915312029,50.10446215706278],[-124.70429914819424,50.11000084997658],[-124.69833486094777,50.114172368318776],[-124.69974152623901,50.11559946927086],[-124.69652482783775,50.12116956520169],[-124.69034533146919,50.12245557131861],[-124.68974123667971,50.124406763362465],[-124.69602261479562,50.124378261956245],[-124.69678405144218,50.12653457354092],[-124.70053734223444,50.12582387956061],[-124.70077614173427,50.127834866455935],[-124.7028387356844,50.1279928557528],[-124.70181851682148,50.129186363809914],[-124.70427211843497,50.12857536524707],[-124.71227445136286,50.12385126650532],[-124.71082495584918,50.116894058462684],[-124.70730383282236,50.11743956049709],[-124.70878802762263,50.115115170308805],[-124.71296434479538,50.11418097699131],[-124.71509203231071,50.114591067675875],[-124.71344095598165,50.116549358553414],[-124.71972804030909,50.115133775670685],[-124.72214623605852,50.11899335625312],[-124.72923612754387,50.11972396226567],[-124.72787782090198,50.12353937036851],[-124.7252331274313,50.124298457156215],[-124.72534915389949,50.12677095811294],[-124.7222116314378,50.129038277341714],[-124.70402624922212,50.13500996212707],[-124.70095444481822,50.137969477204464],[-124.6694612250941,50.1418433732475],[-124.66845773554023,50.142407363011635],[-124.68242734514983,50.14160267406055],[-124.66429834873732,50.14672975555428],[-124.66905413066279,50.14743477113448],[-124.6605830376808,50.15021057653542],[-124.66010666191937,50.15097256639907],[-124.66219713803281,50.15230985712399],[-124.65802004077717,50.1529721572296],[-124.65911825659438,50.15400036123248],[-124.65803605801433,50.155058560677844],[-124.64891495316115,50.156861673860455],[-124.64380774767919,50.15536907548937],[-124.63152704192977,50.161020352991265],[-124.62888383959918,50.16603925392672],[-124.63057305372133,50.168382064477306],[-124.62723695018057,50.16950716408691],[-124.62508644353663,50.1746200675116],[-124.61221883649316,50.185988162314004],[-124.61396802899645,50.190055668925304],[-124.6084093302415,50.193047964323384],[-124.60600192137076,50.199827163608404],[-124.60601712648327,50.20192216931933],[-124.60796544870648,50.20324385485577],[-124.61363481817423,50.201798263469605],[-124.61631913855479,50.20409126475984],[-124.61442882500783,50.20745386569598],[-124.61650102839748,50.21158116537509],[-124.6127654436599,50.21716407056799],[-124.61581702273514,50.218273561567806],[-124.61649185814618,50.220791573437836],[-124.61391642484195,50.226736162229145],[-124.61503923741938,50.23176645779862],[-124.61399103056749,50.23480297351693],[-124.60993325234416,50.23626276699929],[-124.59718543322336,50.23419907005808],[-124.5900732296799,50.24168047172719],[-124.59111815391404,50.24819616968937],[-124.61560864707278,50.258138576538514],[-124.61807013728331,50.26164785533378],[-124.62066854255643,50.26253795925353],[-124.62055533072676,50.26418575525398],[-124.62522584184654,50.26865356810932],[-124.62498855362578,50.270779873019954],[-124.62186924784388,50.27228095346562],[-124.62160402535973,50.27602527257521],[-124.63286984642092,50.28494365206968],[-124.63396344749837,50.28821076060969],[-124.63276652429401,50.293426266559436],[-124.63681661494334,50.296472564384274],[-124.65059643201931,50.29987506977494],[-124.66419122744865,50.3068052620557],[-124.66506283080075,50.30884328177871],[-124.66186822322938,50.30905977432246],[-124.6607910278276,50.31278977354435],[-124.66432016224836,50.314528769345905],[-124.6657377239321,50.31725185955927],[-124.67409923576234,50.315782077344345],[-124.67593733141524,50.31455158128693],[-124.67497924879062,50.31123736916213],[-124.67956203889521,50.311351373847444],[-124.69335722549323,50.31737425947361],[-124.70034792170523,50.317246168626156],[-124.71037863669035,50.32191896770466],[-124.71500015140899,50.32233627224508],[-124.71909264098963,50.32052176141916],[-124.73270112761085,50.321948855511664],[-124.73592472637682,50.32558776504586],[-124.72108844160063,50.33026907253217],[-124.70924635343869,50.33659686879191],[-124.70398793959096,50.336494356579685],[-124.69836283022642,50.339534958104764],[-124.6968976469737,50.34500676893973],[-124.68783843382738,50.35307208228326],[-124.68458593329247,50.36050368238151],[-124.6791001316364,50.36401006475459],[-124.67658875333765,50.36894775771178],[-124.67038542883114,50.37093457840605],[-124.6703761463222,50.372662075404605],[-124.67426605502752,50.3760688658533],[-124.66683052887738,50.389469163328286],[-124.64570044503827,50.403709862070514],[-124.63176165887238,50.39977906354279],[-124.62452635326346,50.400553858902285],[-124.60865465538595,50.398535769805896],[-124.59242102793974,50.39948705660239],[-124.58145764263298,50.398135572464625],[-124.5607825255283,50.400150760721964],[-124.54523754245344,50.39550075422029],[-124.52447042173303,50.39686366079665],[-124.52095284372822,50.39902277173023],[-124.5152080419323,50.40775887786633],[-124.50524362823671,50.412205272181765],[-124.50490324811102,50.413874453643295],[-124.50779344426526,50.41759595959427],[-124.49861582351936,50.4225265600776],[-124.484219432704,50.425346458812186],[-124.47481443898609,50.42351347230455],[-124.47296185428999,50.42148685953613],[-124.46605545436366,50.427140963701824],[-124.4461751469938,50.43078127112448],[-124.44345126345354,50.436174769877034],[-124.43894522212635,50.438983259146156],[-124.42934235035737,50.44090025963393],[-124.41772675277342,50.43818286894946],[-124.41110784227622,50.43961136172994],[-124.40318305530585,50.447820460578306],[-124.3973066192461,50.451514861621526],[-124.38603453760471,50.45528337894617],[-124.3803922331428,50.45888515487194],[-124.38214205108332,50.468218057502696],[-124.3780981322478,50.477439760650995],[-124.37329023056353,50.482227980797354],[-124.36966653606738,50.48217097815895],[-124.36353843335829,50.48522027926819],[-124.37281042775022,50.493879468924696],[-124.36561795286812,50.50000006850861],[-124.37529503364085,50.49788006541521],[-124.38506964177168,50.49460715832547],[-124.39262384551478,50.48972356077908],[-124.40239293836005,50.47726596051882],[-124.40517133770297,50.4759016682902],[-124.40271652100742,50.47392626277261],[-124.4038921384711,50.47175287773877],[-124.41252283693322,50.466756753366425],[-124.4273275194069,50.46329306393102],[-124.42611663351653,50.461967157851575],[-124.42972472657434,50.46011566744031],[-124.4634402206218,50.45374235782395],[-124.4887070385844,50.443681771606414],[-124.50699542997849,50.43986625956285],[-124.51440892212365,50.440067059101274],[-124.51376403169488,50.43837518065149],[-124.516169160365,50.436995065202936],[-124.53031175346061,50.43578446525684],[-124.53592004340207,50.4319775646196],[-124.53438523409808,50.42937268016787],[-124.53670124451382,50.42611267028209],[-124.54509455920808,50.42055966899546],[-124.57506092431363,50.41959217371274],[-124.57406628824411,50.462589434855914],[-124.55010799461073,50.48344760415206],[-124.52460978109744,50.49019595315991],[-124.51335591543753,50.498701561519994],[-124.51465198117994,50.51843876891209],[-124.51259845368774,50.52345794278863],[-124.5155735931297,50.52614113430009],[-124.530839820773,50.529410025803095],[-124.53490849250566,50.534009672634134],[-124.5343230122152,50.5374439129191],[-124.536384094778,50.540456046495905],[-124.54943018164926,50.54086550591372],[-124.55484486054063,50.54681038655173],[-124.55580689911304,50.55267275228425],[-124.56067926703008,50.55544436827484],[-124.56142721860101,50.55969962259439],[-124.56637096161744,50.561868153566984],[-124.57069097737185,50.566571641166604],[-124.57748170045832,50.568605227596734],[-124.58127529866555,50.574076172758055],[-124.57885625833048,50.57850897735691],[-124.58398370254243,50.59110747510393],[-124.57741470452385,50.59751417757975],[-124.5694832955971,50.60238753911322],[-124.56871143265579,50.604569168331146],[-124.58298832000231,50.6258416823784],[-124.58911882909453,50.63219459288754],[-124.60334244562377,50.639000619179576],[-124.59837289677013,50.66310367841432],[-124.59133108851131,50.66166644276014],[-124.53630721217604,50.680830221465996],[-124.53025383741584,50.68105831675336],[-124.522018075558,50.691517086581634],[-124.51233001294327,50.69598341459991],[-124.49788412497618,50.699984687465125],[-124.48925856753108,50.697951551961026],[-124.47848669651968,50.699447593403825],[-124.4707781402472,50.7030005953458],[-124.43494360760398,50.712975843146424],[-124.42878138782548,50.722482355522594],[-124.38702100655148,50.72085200992768],[-124.38189348419986,50.723472185468125],[-124.37850346033945,50.72981146715486],[-124.36815445262798,50.73705502164747],[-124.34835663591487,50.746472947382834],[-124.35208356275014,50.75747866798303],[-124.38216357475417,50.77300833846581],[-124.37760316609263,50.779814770838456],[-124.36516031586949,50.78423755244118],[-124.35212776497829,50.78581808097336],[-124.34608078737918,50.79040478000809],[-124.36186134271136,50.79791220342574],[-124.33836525804776,50.810522455639386],[-124.32747612601175,50.81834846572656],[-124.33130095657852,50.831932118539235],[-124.32349533892014,50.853602904010394],[-124.311198441853,50.860397287565675],[-124.29467483378079,50.86350188907771],[-124.27363711966548,50.861493324274164],[-124.26108614660625,50.85709159149885],[-124.25231870295038,50.84769557945212],[-124.26211806771936,50.82442269007182]]]]},"bbox":[-124.94653364271272,49.813461964611925,-123.72787482218797,50.86350188907771]},{"id":"5927012","type":"Feature","properties":{},"geometry":{"type":"MultiPolygon","coordinates":[[[[-124.4726486543808,49.79065896421148],[-124.47310834779753,49.79071595886278],[-124.47313935090084,49.79082416597428],[-124.47291583929768,49.79082557177148],[-124.4726486543808,49.79065896421148]]],[[[-124.47666263480525,49.79018467217721],[-124.47727164228739,49.790104950463906],[-124.47772844110305,49.79047667941585],[-124.476960830235,49.7904054612165],[-124.47666263480525,49.79018467217721]]],[[[-124.47401245834106,49.79075006528114],[-124.47320892879054,49.790408255080635],[-124.47542033866533,49.79046095270174],[-124.47535503652556,49.79107337780149],[-124.47401245834106,49.79075006528114]]],[[[-124.49798208859404,49.993885721634896],[-124.44310768247657,50.014407103837236],[-124.4451424550729,49.987794870315206],[-124.43861377143095,49.98747298633048],[-124.43906859873576,49.97868471464747],[-124.43368407065051,49.97849761339872],[-124.43505193775776,49.955972638656775],[-124.42891035573808,49.955876764824495],[-124.42889395599435,49.95234903657479],[-124.41585316243547,49.9522871156347],[-124.41783446530546,49.91340926345507],[-124.41980322024513,49.90360267148455],[-124.43256861847023,49.89420670154633],[-124.4319398506482,49.885765791535434],[-124.43695465095136,49.88569106709714],[-124.43730269870396,49.875328354574606],[-124.44122279062843,49.87516572575926],[-124.44226523955214,49.8563493253691],[-124.43248985569258,49.856291745735795],[-124.43157100660387,49.8400952003032],[-124.4083733279744,49.840152342144435],[-124.40796715174709,49.818340387357864],[-124.40979644170051,49.80291364542231],[-124.43776986563834,49.802733886409456],[-124.4362838847536,49.79385062662434],[-124.43752401345643,49.779767687194216],[-124.43350574736108,49.77947399412517],[-124.43174070969346,49.77643029933788],[-124.43334559594956,49.77496639687206],[-124.43210033392664,49.77257480677512],[-124.45089164068234,49.778160068237995],[-124.4584073506113,49.78649456296965],[-124.47192243407926,49.79472506901861],[-124.47799684609187,49.79384636855127],[-124.48246112265748,49.79581316839066],[-124.4979499551793,49.79564086147188],[-124.50951681441846,49.80166359247162],[-124.50783910697332,49.80903514572544],[-124.50856180740342,49.81602605434154],[-124.50312782101868,49.81596911333617],[-124.50366380864816,49.82960249253157],[-124.48708679958744,49.830388807742445],[-124.4870476121408,49.83368211191842],[-124.49277843714992,49.83342243271121],[-124.49285516084038,49.84094678767115],[-124.50390138835786,49.840713703903084],[-124.50359057177502,49.84772683942006],[-124.49760333327323,49.84781543663006],[-124.49778058672246,49.85878098408272],[-124.50387408837071,49.85865249990585],[-124.50225253128569,49.86726264255409],[-124.4983494811094,49.867521035683446],[-124.49843364466885,49.87365110743708],[-124.52040137916939,49.873525685239166],[-124.52035302876332,49.87501256544046],[-124.51832491485585,49.87498796798182],[-124.52127110060364,49.88031943252742],[-124.5253455570732,49.88123017000005],[-124.52419993267814,49.883836130443456],[-124.52678495718017,49.887333156125244],[-124.53452338325197,49.91328989648344],[-124.53321289145818,49.92612141602235],[-124.53925350588815,49.96310310906009],[-124.53951109148831,49.97624398787896],[-124.53863520465295,49.98132531285947],[-124.53109643320111,49.98682453241958],[-124.49798208859404,49.993885721634896]]]]},"bbox":[-124.53951109148831,49.77257480677512,-124.40796715174709,50.014407103837236]},{"id":"5927016","type":"Feature","properties":{},"geometry":{"type":"MultiPolygon","coordinates":[[[[-124.29062053544703,49.74340365466151],[-124.29076844460161,49.743266961918614],[-124.2908877462995,49.74354324910855],[-124.29066484549365,49.74351905347759],[-124.29062053544703,49.74340365466151]]],[[[-124.29170194858143,49.74387655003197],[-124.29187902652713,49.74382957347441],[-124.29220834278279,49.74420405147806],[-124.29196084377209,49.7442425720141],[-124.29170194858143,49.74387655003197]]],[[[-124.04962413238877,49.83305765413608],[-124.04997166210495,49.83297366698966],[-124.0501425381067,49.83316165745113],[-124.04985212038343,49.83329976923816],[-124.04962413238877,49.83305765413608]]],[[[-124.05233373679538,49.834248256797764],[-124.05273694024565,49.834216956882294],[-124.0527963442018,49.834423457837524],[-124.05236763137327,49.83448187096069],[-124.05233373679538,49.834248256797764]]],[[[-124.34534363915402,49.7692516515621],[-124.34569421944391,49.76891556036066],[-124.34600195645223,49.76898386058222],[-124.3455646266327,49.76926735739193],[-124.34534363915402,49.7692516515621]]],[[[-124.04975853456398,49.8321760606901],[-124.05032902016568,49.832170362116486],[-124.05036085631306,49.83239536858044],[-124.04984802165546,49.832462363095814],[-124.04975853456398,49.8321760606901]]],[[[-124.050430228698,49.8329707565215],[-124.05085714048872,49.832812650393755],[-124.05112694526899,49.83306337487953],[-124.05053184854096,49.833238571291936],[-124.050430228698,49.8329707565215]]],[[[-124.0842169447514,49.840249954530215],[-124.08438242863969,49.84021285758266],[-124.08487594093586,49.84048776041979],[-124.08440734302599,49.840715660256286],[-124.0842169447514,49.840249954530215]]],[[[-124.04942345908475,49.831486772191816],[-124.04868722555373,49.83153805552062],[-124.04866433792606,49.83111505802221],[-124.04929084717968,49.83114496037662],[-124.04942345908475,49.831486772191816]]],[[[-124.0708214239896,49.864138165160085],[-124.0711395576837,49.86401856135234],[-124.07182474645944,49.86412967289189],[-124.07109454957961,49.864487157287066],[-124.0708214239896,49.864138165160085]]],[[[-124.05114904869593,49.83212765705844],[-124.05179404681813,49.83238257071499],[-124.05161113717529,49.832913753360415],[-124.05130394215715,49.832889578041915],[-124.05114904869593,49.83212765705844]]],[[[-124.29231172640046,49.74386936653909],[-124.2922028313917,49.74345776664736],[-124.29305385808901,49.74361017057456],[-124.29281932823966,49.74421546570889],[-124.29231172640046,49.74386936653909]]],[[[-124.05246092878507,49.833041971034405],[-124.0526985335544,49.83367865481201],[-124.05206842079686,49.83418706233375],[-124.05202092011382,49.833269858186505],[-124.05246092878507,49.833041971034405]]],[[[-124.28049912293507,49.74069056160715],[-124.2811613352413,49.741052264196334],[-124.28102982985453,49.74188976181809],[-124.28002743359296,49.741740164194795],[-124.28049912293507,49.74069056160715]]],[[[-124.08105152369613,49.81554417158888],[-124.08185392428186,49.81540177332782],[-124.0827041392293,49.816159472666676],[-124.08205245644122,49.816857262612],[-124.08105152369613,49.81554417158888]]],[[[-124.27545911872348,49.74172736432584],[-124.27477194197306,49.740375870902874],[-124.27577802955581,49.740059667896],[-124.27654284385594,49.7412203668852],[-124.27545911872348,49.74172736432584]]],[[[-124.28118313371444,49.746665175178265],[-124.27998274545911,49.74695705533697],[-124.27938125417774,49.74672916362568],[-124.28233131677628,49.74595016286926],[-124.28118313371444,49.746665175178265]]],[[[-124.27910294182549,49.745626868726156],[-124.27941562942222,49.74332965818769],[-124.28108925659512,49.74311316226111],[-124.28115895024868,49.7446769743513],[-124.27910294182549,49.745626868726156]]],[[[-124.0530074295519,49.8313457646597],[-124.05023514750424,49.831686157405],[-124.04886793965765,49.830240551457656],[-124.05184074001092,49.82879217635982],[-124.05495543118383,49.830689154868026],[-124.0530074295519,49.8313457646597]]],[[[-124.08344302712659,49.815566977122536],[-124.07954183317196,49.81394906607584],[-124.07972722596944,49.80920645865523],[-124.08170942185438,49.81328106056348],[-124.08491403617505,49.811154766448055],[-124.08533683497947,49.8139219770213],[-124.08344302712659,49.815566977122536]]],[[[-124.38111825845507,50.02422835648007],[-124.33678196898595,50.02566325608148],[-124.25113130877479,50.02501222557362],[-124.2373569401918,50.0209153730941],[-124.21258112508148,50.00820532008418],[-124.19876607743655,50.00751654446528],[-124.165786367045,50.022857035065265],[-124.11365661671296,50.02465512058609],[-124.11477396870414,50.02202039908602],[-124.11330328506672,50.0175136724279],[-124.105052475106,50.014737834827514],[-124.09663919795032,50.01643983250787],[-124.09329605952627,50.01241816408794],[-124.08710890641633,50.00906455313793],[-124.07934918379812,50.00023674639259],[-124.0675633780676,50.00061694233865],[-124.06940256706515,49.96466752421357],[-124.06024381808386,49.9629816894767],[-124.0629440111099,49.93324614759866],[-124.03993677749878,49.928976712698564],[-124.03910812691923,49.923620254532594],[-124.04005824710474,49.920508360367265],[-124.04996943177099,49.9086447638449],[-124.0513204493223,49.899737762549265],[-124.05704193964571,49.895178860006546],[-124.06506803203541,49.883367852743994],[-124.066413454273,49.8756472570344],[-124.07655525156893,49.87164945458603],[-124.07785944213649,49.870225270574664],[-124.07741421676243,49.86643396131489],[-124.07316835219392,49.865096655340075],[-124.07264593949033,49.86357276356562],[-124.06699051664813,49.86331925959564],[-124.063151123397,49.860099166946384],[-124.05379745714188,49.85933857041779],[-124.05315575084921,49.85671807143025],[-124.05453676159496,49.85497906807256],[-124.05651201870097,49.85552736140686],[-124.0563514234456,49.852623455671434],[-124.0484872285559,49.841558764941254],[-124.03962605475328,49.838176258925685],[-124.03836464023802,49.83584057489838],[-124.04707843812251,49.834916264795254],[-124.05310723207084,49.83648997243172],[-124.05304081583571,49.83480806312886],[-124.05592615440412,49.838244663952466],[-124.0595156513254,49.83449755789205],[-124.06153532549314,49.83596306295653],[-124.06630404457874,49.83402184970719],[-124.06993824766585,49.83675775159205],[-124.07017514323083,49.83922025873901],[-124.07523642393355,49.83728477026995],[-124.07973915227252,49.83910486629991],[-124.08023152047951,49.842428959369016],[-124.08451242824606,49.842873374675754],[-124.09148542865934,49.83755535869934],[-124.09304905613958,49.82243016537531],[-124.09644453746203,49.82193027445603],[-124.10046724658899,49.81724185250719],[-124.09623303669882,49.811939450765024],[-124.07900424223529,49.80162247611328],[-124.07848743554732,49.79968415773915],[-124.09260923897538,49.79852626216266],[-124.0920985435731,49.79751505094005],[-124.10145303307824,49.79820018005604],[-124.10422684181518,49.796761665400936],[-124.10435183121895,49.794880278192196],[-124.1126129346973,49.791598962011854],[-124.1194465249374,49.79277536691558],[-124.12188353746782,49.7894056568868],[-124.11928974494161,49.78834175062113],[-124.12006124446815,49.78622106579705],[-124.13052853678124,49.78172916570498],[-124.14379173224675,49.77983637906544],[-124.15431712067857,49.78088316518256],[-124.15842404841841,49.77890776375475],[-124.16581494326346,49.778429255498466],[-124.17077683757073,49.77913566053894],[-124.1701107312065,49.78141728122689],[-124.1737144374025,49.78398085775764],[-124.18065052562069,49.78017675718572],[-124.18282942873203,49.78067665558164],[-124.18069314814431,49.77900745634718],[-124.182461249932,49.7781173555172],[-124.19028592312235,49.77998026302568],[-124.20633264379194,49.77615336379857],[-124.2116518542207,49.77841785840607],[-124.2102008484418,49.779198358624136],[-124.21111463524645,49.78020526653712],[-124.2187872601063,49.78211226534142],[-124.23092182745765,49.77857456647028],[-124.24032113767815,49.778914972986726],[-124.26763872923402,49.77448137616035],[-124.27931835170412,49.77492855325681],[-124.28039195355487,49.77302016518338],[-124.27855064674604,49.770601750577526],[-124.27216254765023,49.76693017625852],[-124.2719747522807,49.76081606830087],[-124.26833623687197,49.76073067453775],[-124.26640833646704,49.7640162523152],[-124.26448045443682,49.763633166687285],[-124.26563863704926,49.76221747442691],[-124.26444741486782,49.7607548622605],[-124.26113414546985,49.760385974777485],[-124.26396682462172,49.75776536953552],[-124.26137793056891,49.754761777601225],[-124.25984794957321,49.7493369524426],[-124.26291525105127,49.74822316228304],[-124.26589834697074,49.74501585955434],[-124.26537674756163,49.74361017274542],[-124.26813303778532,49.74286817908315],[-124.26903705590033,49.74078166147378],[-124.27008982657753,49.74280267596639],[-124.27613655695536,49.7432213594479],[-124.27727752247684,49.74535917046756],[-124.27484064504279,49.748254569950134],[-124.27777944671045,49.75234207485668],[-124.28153813916087,49.751167057715264],[-124.28000183429077,49.74763216214912],[-124.28862092899806,49.74916455970394],[-124.28522134019217,49.75554366219689],[-124.29340493628092,49.75788076389257],[-124.2965033330576,49.7625863540455],[-124.30125704633336,49.76226306289219],[-124.30037993839714,49.760626679209075],[-124.30396514032036,49.7602449739466],[-124.30440074556654,49.7572982728857],[-124.3105616660799,49.75713026954282],[-124.31302811559611,49.75850596344916],[-124.31351093873948,49.76145975066719],[-124.31765203270967,49.763174576071556],[-124.31120255195142,49.76547897214476],[-124.31110933985488,49.767216473029485],[-124.31674665816942,49.76974296419107],[-124.32486173794402,49.76935275239909],[-124.3305705287594,49.77194196080762],[-124.3285100231623,49.77689315194632],[-124.33954844606225,49.77540014466694],[-124.33939044904189,49.77254529455842],[-124.34432172898717,49.77149476730007],[-124.3449953188172,49.76973306370894],[-124.34940013054074,49.77534866862648],[-124.35234114463739,49.77666327518963],[-124.36413535309853,49.773817661140235],[-124.37069222822105,49.77633136034262],[-124.37123082122372,49.77421076825125],[-124.36693485203038,49.771140168994904],[-124.37249493299387,49.770328368098134],[-124.37336135254783,49.77292617187354],[-124.3800544497753,49.77389886037145],[-124.39613275593838,49.76643887317965],[-124.43210033392664,49.77257480677512],[-124.43334559594956,49.77496639687206],[-124.43174070969346,49.77643029933788],[-124.43350574736108,49.77947399412517],[-124.43752401345643,49.779767687194216],[-124.4362838847536,49.79385062662434],[-124.43776986563834,49.802733886409456],[-124.40979644170051,49.80291364542231],[-124.40796715174709,49.818340387357864],[-124.4083733279744,49.840152342144435],[-124.43157100660387,49.8400952003032],[-124.43248985569258,49.856291745735795],[-124.44226523955214,49.8563493253691],[-124.44122279062843,49.87516572575926],[-124.43730269870396,49.875328354574606],[-124.43695465095136,49.88569106709714],[-124.4319398506482,49.885765791535434],[-124.43256861847023,49.89420670154633],[-124.41980322024513,49.90360267148455],[-124.41783446530546,49.91340926345507],[-124.41585316243547,49.9522871156347],[-124.42889395599435,49.95234903657479],[-124.42891035573808,49.955876764824495],[-124.43505193775776,49.955972638656775],[-124.43368407065051,49.97849761339872],[-124.43906859873576,49.97868471464747],[-124.43861377143095,49.98747298633048],[-124.4451424550729,49.987794870315206],[-124.44310768247657,50.014407103837236],[-124.42030792557634,50.01917376300434],[-124.38111825845507,50.02422835648007]]]]},"bbox":[-124.4451424550729,49.740059667896,-124.03836464023802,50.02566325608148]},{"id":"5927018","type":"Feature","properties":{},"geometry":{"type":"MultiPolygon","coordinates":[[[[-124.63620464854885,49.73899146531742],[-124.63611765206653,49.738884670584255],[-124.63650665805024,49.73891595946283],[-124.63638602158159,49.73899856282497],[-124.63620464854885,49.73899146531742]]],[[[-124.63550974374235,49.73899284974607],[-124.63581493494783,49.73896155990897],[-124.63592923008514,49.73905845681098],[-124.63560965448553,49.73906266884224],[-124.63550974374235,49.73899284974607]]],[[[-124.34632612246797,49.58394496789775],[-124.34654843695235,49.58392357801247],[-124.34670564048601,49.58410154961758],[-124.34646925896755,49.58409586735447],[-124.34632612246797,49.58394496789775]]],[[[-124.37222953663169,49.59196035915961],[-124.37232442681886,49.59186927243926],[-124.37262962452603,49.59194756048202],[-124.37237122514489,49.59204865808801],[-124.37222953663169,49.59196035915961]]],[[[-124.37181544358529,49.59197465954501],[-124.37204915107948,49.59193616946811],[-124.37205573232875,49.592178269623616],[-124.37179154451766,49.59210135480423],[-124.37181544358529,49.59197465954501]]],[[[-124.5892026485715,49.71114105429173],[-124.58936583622952,49.71105706827756],[-124.58963505153402,49.71126065968913],[-124.58935741620353,49.711264960050464],[-124.5892026485715,49.71114105429173]]],[[[-124.13259324107692,49.49013086127974],[-124.13290983264997,49.490100981468125],[-124.13317633505113,49.49030457101709],[-124.13269213392506,49.490219169749544],[-124.13259324107692,49.49013086127974]]],[[[-124.63513564919836,49.73821625968646],[-124.63529126335979,49.73823947082105],[-124.63541652017302,49.73869666238351],[-124.63511504884612,49.738377662886016],[-124.63513564919836,49.73821625968646]]],[[[-124.46994053419948,49.64739485842262],[-124.47049414607037,49.64738776848033],[-124.4705652164417,49.647431859883696],[-124.47022454638054,49.64758855366779],[-124.46994053419948,49.64739485842262]]],[[[-124.39838182176891,49.60256785799304],[-124.39878244977457,49.60260775932072],[-124.39898154772852,49.60279437169697],[-124.39852412050291,49.6027373667035],[-124.39838182176891,49.60256785799304]]],[[[-124.57558325528552,49.763084856672585],[-124.57593045955946,49.76306206999042],[-124.57602223062933,49.763339766813424],[-124.5756882297977,49.763308455301036],[-124.57558325528552,49.763084856672585]]],[[[-124.63509804332077,49.739096878550804],[-124.63526264491344,49.73901424941181],[-124.63568814826594,49.7392862587513],[-124.63525793785828,49.73932905282396],[-124.63509804332077,49.739096878550804]]],[[[-124.13417444810688,49.51789157004472],[-124.13450345336442,49.517843071364055],[-124.13459512205868,49.51821196432586],[-124.13430344945711,49.51810657000352],[-124.13417444810688,49.51789157004472]]],[[[-124.35735744111393,49.58861067178766],[-124.35777265859211,49.58857786189033],[-124.35799554641225,49.58866615445559],[-124.35746154573134,49.58884276672025],[-124.35735744111393,49.58861067178766]]],[[[-124.3909934186008,49.60172186415565],[-124.39133702294696,49.6016093680912],[-124.39143394797816,49.60210215047943],[-124.3910551455719,49.60192695467378],[-124.3909934186008,49.60172186415565]]],[[[-124.57040283969076,49.76266046806167],[-124.57076532347827,49.7626461627573],[-124.57111352739676,49.763136056105395],[-124.57084755004034,49.7630591584228],[-124.57040283969076,49.76266046806167]]],[[[-124.37732786338357,49.59166696751587],[-124.37707815385623,49.591632754752325],[-124.37670701458588,49.591242559848325],[-124.3776174616971,49.59161856448308],[-124.37732786338357,49.59166696751587]]],[[[-124.35134312634975,49.586260675834644],[-124.3517036389473,49.586247871521515],[-124.35213191707984,49.58671926258848],[-124.35196632622811,49.586757774329044],[-124.35134312634975,49.586260675834644]]],[[[-124.26469465146177,49.54625896507168],[-124.26496905284414,49.546201969174376],[-124.26531693257176,49.546216161143285],[-124.26502433376936,49.54667767922002],[-124.26469465146177,49.54625896507168]]],[[[-124.19798974996698,49.52236635173315],[-124.19832873829331,49.522084375394854],[-124.1986191299333,49.522135660898954],[-124.19856193764227,49.522594267287694],[-124.19798974996698,49.52236635173315]]],[[[-124.47097913390702,49.63769315899744],[-124.4716982403232,49.63769316496565],[-124.47179034781963,49.63796237674507],[-124.47129234919454,49.638013551663285],[-124.47097913390702,49.63769315899744]]],[[[-124.37205043575031,49.59149467008643],[-124.37196732604652,49.59096485857523],[-124.37218515132055,49.59088227061946],[-124.37252953177037,49.59131805498563],[-124.37205043575031,49.59149467008643]]],[[[-124.1251971495877,49.49758796871234],[-124.12579254400542,49.497699061411296],[-124.12628502464966,49.4980722667181],[-124.12539583772764,49.49786427304696],[-124.1251971495877,49.49758796871234]]],[[[-124.13380021772737,49.488606958317035],[-124.13450432794004,49.488618374448464],[-124.134678642314,49.48892306492797],[-124.1340281592338,49.488901770908875],[-124.13380021772737,49.488606958317035]]],[[[-124.37772593542397,49.59598807235775],[-124.3781684435135,49.59601937154817],[-124.37909434837474,49.59639535614356],[-124.37830264688343,49.59635975943874],[-124.37772593542397,49.59598807235775]]],[[[-124.45977805718223,49.63183536031141],[-124.46046334315632,49.631547676262436],[-124.4606600280714,49.63210317680489],[-124.4602708231538,49.632107470924346],[-124.45977805718223,49.63183536031141]]],[[[-124.47055535194046,49.63878695827398],[-124.47128974624273,49.638795452088836],[-124.47199194353045,49.639174376662446],[-124.4712328282099,49.63923697370292],[-124.47055535194046,49.63878695827398]]],[[[-124.63559254069652,49.738212072503686],[-124.63654813778038,49.73844745927203],[-124.63665443446706,49.738752171974895],[-124.6357803610522,49.73874657228452],[-124.63559254069652,49.738212072503686]]],[[[-124.46961923641243,49.63761197188124],[-124.4688922279438,49.6373954732925],[-124.46892254271727,49.63704515180954],[-124.46965984812418,49.6370978501158],[-124.46961923641243,49.63761197188124]]],[[[-124.47089004146741,49.63796376619527],[-124.46999505887904,49.6381289704943],[-124.46952656439882,49.63775726835818],[-124.47065914820588,49.637670374985],[-124.47089004146741,49.63796376619527]]],[[[-124.3799941309025,49.71451505835861],[-124.38080594692956,49.71474856658652],[-124.38131191391248,49.71545356112379],[-124.38031522017477,49.7150789611899],[-124.3799941309025,49.71451505835861]]],[[[-124.26485802904361,49.544538469722305],[-124.26538065373931,49.544415966683765],[-124.2655760555178,49.545079672676145],[-124.26431884049558,49.545029863952976],[-124.26485802904361,49.544538469722305]]],[[[-124.62934974221331,49.757285474572086],[-124.6305093372053,49.75788937742885],[-124.63054084214473,49.75880645014946],[-124.62993852494733,49.758698259956276],[-124.62934974221331,49.757285474572086]]],[[[-124.46255873933495,49.63356297714678],[-124.46176123386186,49.633276677024085],[-124.4613195397086,49.63240077809451],[-124.46394045069722,49.63343765331821],[-124.46255873933495,49.63356297714678]]],[[[-124.38621793028285,49.59875665702766],[-124.38455715264955,49.59778687132894],[-124.38873753235367,49.59975227550228],[-124.3872214187491,49.59946456466048],[-124.38621793028285,49.59875665702766]]],[[[-124.39814593486055,49.601599470303306],[-124.39625254720926,49.60119927234519],[-124.394482241001,49.59933206296844],[-124.39687216319817,49.599662469827486],[-124.39814593486055,49.601599470303306]]],[[[-124.37632774301765,49.59352275599191],[-124.373405155064,49.592468859441816],[-124.37389564661548,49.59120416038913],[-124.37601733992058,49.59185356715079],[-124.37632774301765,49.59352275599191]]],[[[-124.12964391849401,49.51317736619355],[-124.1293166399522,49.51219185006316],[-124.1321480542765,49.513963572366805],[-124.13199273314515,49.51618676616042],[-124.12964391849401,49.51317736619355]]],[[[-124.47122223068904,49.653107365229204],[-124.46898834469835,49.65346915122232],[-124.46767883689215,49.650922669024155],[-124.47112071937998,49.649331762550005],[-124.47122223068904,49.653107365229204]]],[[[-124.63298242510996,49.80011286385186],[-124.6285544289398,49.80067967798191],[-124.62640286074273,49.7978497656562],[-124.62369474569938,49.79830976949495],[-124.62026333500482,49.79583025407898],[-124.62172234136453,49.793336470025515],[-124.61445161783634,49.79238505914266],[-124.61204952571914,49.793686872672936],[-124.6135365508975,49.79622046707084],[-124.61286775135851,49.798658769302506],[-124.60780455152343,49.800636961115664],[-124.60563043411264,49.803374265465415],[-124.60297885755686,49.80302396345898],[-124.59905674785158,49.80042474809509],[-124.60011655816997,49.797171872212296],[-124.59520883226716,49.79238226019673],[-124.5928561408298,49.784678673794815],[-124.58755721771507,49.77853606052995],[-124.58084505480593,49.77502116565028],[-124.57886433854551,49.77087387890243],[-124.57412345171251,49.772477466826125],[-124.56275274575262,49.76354625939671],[-124.56666353847754,49.76252225511626],[-124.56906105307571,49.76366736970335],[-124.57874094390003,49.76409315184731],[-124.57735626551971,49.762502369339806],[-124.57141215007398,49.762502370930775],[-124.56444755947348,49.75878226859969],[-124.56203304657,49.76015525680154],[-124.5633951316856,49.76105538071167],[-124.55850644936208,49.76146266236708],[-124.55454481915193,49.75782806120455],[-124.55056923893639,49.7602919513175],[-124.54080344405075,49.75708465173211],[-124.53421792037949,49.757002059924304],[-124.51406233800536,49.74912616509789],[-124.51140745032212,49.747217752036605],[-124.51220095344586,49.744131464391934],[-124.49901572810715,49.7379161579125],[-124.49982725009637,49.73536977079895],[-124.47550194890754,49.735969256975366],[-124.45862323593973,49.73309807999642],[-124.44427911576055,49.72763766195443],[-124.43684494655061,49.728215971016326],[-124.42900972630059,49.72414835664463],[-124.4271576238609,49.72488186400589],[-124.42764952112807,49.727466758199824],[-124.4226461233475,49.726204960180624],[-124.41855073346277,49.72710076732426],[-124.41522723913921,49.72539736933003],[-124.41333623614118,49.72193946028753],[-124.40804054496971,49.72352314896834],[-124.4057609335072,49.72189666294367],[-124.39887712156865,49.72233106504006],[-124.39162663177925,49.72011497631207],[-124.38158316095131,49.71334577189269],[-124.37498912587313,49.71217366643803],[-124.3724876300048,49.713939666881934],[-124.36779833416617,49.71345535611061],[-124.36712073573442,49.712014068604276],[-124.35749802415413,49.708709972092564],[-124.35271323597831,49.70020316810409],[-124.34546505470863,49.693846869763185],[-124.33909993872801,49.68379195997653],[-124.33260752915082,49.67902797627308],[-124.32174172903554,49.66322215683168],[-124.3136397414054,49.6577559637191],[-124.29666545628767,49.641548465446185],[-124.28851315990333,49.6365124660416],[-124.28117334356557,49.62867937476337],[-124.27050301558002,49.62141155863953],[-124.25884814666752,49.60971886511903],[-124.24557255068953,49.60046286909239],[-124.23551193766323,49.59722565458571],[-124.22317464158219,49.590798257834045],[-124.21010893919872,49.578954454944686],[-124.19438203103815,49.57110285761398],[-124.18436355121153,49.561213165038914],[-124.16846502842937,49.5549978705872],[-124.16320553853166,49.54775576417183],[-124.14809603689893,49.53713965358203],[-124.14024293276773,49.527583251689336],[-124.13682015605858,49.51997086091682],[-124.13386713293343,49.517139576735204],[-124.13995484714306,49.52054196311739],[-124.12872954582087,49.50527155709552],[-124.12697913061281,49.498227454787845],[-124.12588265549243,49.497347270822424],[-124.12828631930604,49.49738716276152],[-124.12373252694276,49.49458005567166],[-124.12590014613116,49.49451316215437],[-124.12549914659172,49.492070551573406],[-124.13095464930954,49.49391496979986],[-124.13272624054774,49.49169467826638],[-124.13151463637826,49.490663469853295],[-124.1344615486233,49.49087717281499],[-124.13498983459405,49.489270565244304],[-124.13647055491998,49.490613659014215],[-124.13597485387578,49.488910266154534],[-124.13827035621544,49.48903136678743],[-124.13772693118013,49.488191078854264],[-124.14145221833066,49.48866675758383],[-124.15668132887029,49.49856356238598],[-124.1691913304968,49.50085796907207],[-124.17290824998736,49.503743463358106],[-124.17223933963511,49.50586407169953],[-124.17435534579393,49.50885636154288],[-124.18296314323017,49.511798775373556],[-124.19545334346074,49.522078666088724],[-124.2002812627886,49.524546867647096],[-124.20485952918072,49.52470637654963],[-124.20399494297021,49.52608217527965],[-124.20748783806536,49.52816857511417],[-124.22668593137946,49.528353770690806],[-124.23520772609942,49.53744735625671],[-124.23948322532866,49.53656436711746],[-124.24891973373934,49.542940575489446],[-124.25284573588627,49.54242065876342],[-124.25367931969949,49.5430686624597],[-124.25227415527237,49.543830662608634],[-124.25454433896687,49.54397595936512],[-124.25934516039811,49.54893497106436],[-124.2638991548229,49.54865157076379],[-124.26660834752464,49.546508152756424],[-124.27463383299231,49.549396468481184],[-124.27912553482705,49.547728660844726],[-124.29123914255626,49.561490865264254],[-124.3014090365574,49.567961072704605],[-124.3065565338633,49.57014295554313],[-124.31547355081435,49.570014773140386],[-124.32664353227395,49.574933963628965],[-124.33047515850096,49.574943969201776],[-124.3527388254603,49.588673261149175],[-124.3800025489938,49.59772417153137],[-124.38192984502462,49.59687386882897],[-124.38982703826335,49.60251806893835],[-124.39464666029613,49.60364747001148],[-124.39800884137354,49.60264477208945],[-124.40077172720548,49.607260672765115],[-124.40928875615971,49.61366107258041],[-124.42734173672108,49.617029261659894],[-124.43610094524392,49.620195375740145],[-124.43540924250792,49.62823635249666],[-124.43868074561554,49.63911595595057],[-124.44539565591384,49.64140606721381],[-124.4480520456916,49.644099267929704],[-124.4458090475679,49.64362356751537],[-124.4461089451118,49.644861172287875],[-124.45104204734159,49.64820805382989],[-124.4572957388063,49.64975765421172],[-124.46222054846481,49.65374395320017],[-124.46773023302023,49.653584472377],[-124.46622795759852,49.6598182641904],[-124.47741365975402,49.67871896927586],[-124.48344815186226,49.67885705911077],[-124.48550483502606,49.6744235681314],[-124.49421325140784,49.671405654300145],[-124.4991551145873,49.67163916219607],[-124.50566575739177,49.67513416139506],[-124.50860486439356,49.68007056765597],[-124.5125553565884,49.68097206850438],[-124.52200853519756,49.691625179705795],[-124.53328153278142,49.693374076918936],[-124.54208133854033,49.69804256129148],[-124.54740754845913,49.697143957554985],[-124.5507187278103,49.70100356511567],[-124.56852752276995,49.70711486005352],[-124.57599824924937,49.707364073378066],[-124.58008941810576,49.71073515822011],[-124.5966713287646,49.71391686261274],[-124.6083044534963,49.721275762496795],[-124.61251082168845,49.719660667792574],[-124.61509623273832,49.72145946825606],[-124.62029434292468,49.721791262267935],[-124.62383982593136,49.72612236603176],[-124.62365393378492,49.72933677802764],[-124.63433505364517,49.733729065094664],[-124.63651024272383,49.73609036710848],[-124.6346894372723,49.73684517375899],[-124.63457202338004,49.73994996492831],[-124.63230503040131,49.742734275133316],[-124.63585033837393,49.74288246786174],[-124.63916014098363,49.74637025366104],[-124.63453482932948,49.74838835857681],[-124.63620243386646,49.749228664464],[-124.63478475179663,49.750822356197396],[-124.63857705082084,49.75214546949326],[-124.63882452694838,49.753742067915745],[-124.63106174368774,49.7528091722503],[-124.63142256082278,49.75407246820662],[-124.6283829600176,49.75620166982097],[-124.62898422940943,49.7608701564739],[-124.6268683367589,49.76155667268908],[-124.62305112378547,49.76736746551158],[-124.62826623931961,49.77714316020089],[-124.6337939440126,49.77796495266921],[-124.63749062919838,49.78086327541159],[-124.63206673255203,49.783997956697654],[-124.6289760411389,49.78836885401738],[-124.63025794706665,49.79345035552532],[-124.63573585965894,49.79561237066336],[-124.63727254816385,49.79874847330691],[-124.63298242510996,49.80011286385186]]]]},"bbox":[-124.63916014098363,49.488191078854264,-124.12373252694276,49.803374265465415]},{"id":"5927020","type":"Feature","properties":{},"geometry":{"type":"MultiPolygon","coordinates":[[[[-124.23531343928347,49.49943237229572],[-124.23540705004365,49.499324055607026],[-124.23547844303998,49.49943946665491],[-124.2354245505421,49.49945795900797],[-124.23531343928347,49.49943237229572]]],[[[-124.43528684902503,49.487256767114204],[-124.4354246333672,49.487236875367486],[-124.43549683137265,49.487335059537216],[-124.43537495177728,49.48739066757713],[-124.43528684902503,49.487256767114204]]],[[[-124.28314243178677,49.50427327239917],[-124.28333644894502,49.50423476642352],[-124.28338072860936,49.50436006361138],[-124.28329902174683,49.50440566666559],[-124.28314243178677,49.50427327239917]]],[[[-124.23273105712055,49.511530960150395],[-124.23290824523396,49.511466952033444],[-124.2328999636469,49.511664869412236],[-124.23277593993504,49.511683363880095],[-124.23273105712055,49.511530960150395]]],[[[-124.23222215675126,49.508362164949375],[-124.23243023949465,49.508342162879956],[-124.23259702895717,49.50844756864602],[-124.2322796380572,49.5084504523249],[-124.23222215675126,49.508362164949375]]],[[[-124.18302963452865,49.474414654146],[-124.18306844883926,49.47431496845713],[-124.1833170414868,49.47435767615764],[-124.18326604085802,49.47447595186656],[-124.18302963452865,49.474414654146]]],[[[-124.43728814698407,49.48671847293027],[-124.43745004257764,49.48660876316918],[-124.43761753882954,49.48669705754798],[-124.43744145371035,49.48678816667559],[-124.43728814698407,49.48671847293027]]],[[[-124.23315965449878,49.511553768227145],[-124.23336344496235,49.5114526558356],[-124.23339751939375,49.51167765956489],[-124.23328681502709,49.511687661650356],[-124.23315965449878,49.511553768227145]]],[[[-124.25218884802948,49.50158145485884],[-124.25238243550146,49.50156018067487],[-124.25244166057898,49.501722469709186],[-124.25224884284074,49.5017423733796],[-124.25218884802948,49.50158145485884]]],[[[-124.31059114620444,49.45214435154813],[-124.31085104159877,49.45206887446801],[-124.31095324114271,49.45225685385994],[-124.3107316286461,49.45224116973494],[-124.31059114620444,49.45214435154813]]],[[[-124.16378192014793,49.45212155976928],[-124.16411513918872,49.45213715070477],[-124.16422685835148,49.452234064690806],[-124.16409042769753,49.452299577103815],[-124.16378192014793,49.45212155976928]]],[[[-124.29111324457448,49.51268456019508],[-124.29141552921428,49.512644765726634],[-124.29150173137451,49.51276156771791],[-124.29135214153571,49.51283557241494],[-124.29111324457448,49.51268456019508]]],[[[-124.43469694236994,49.48643645448809],[-124.43480593199384,49.48637236885922],[-124.4349872560606,49.486459263319325],[-124.43471694927788,49.48660736196148],[-124.43469694236994,49.48643645448809]]],[[[-124.25056462937002,49.513174565761865],[-124.25087254357223,49.51330696575759],[-124.250833633315,49.51342375267373],[-124.25061123788356,49.51337246394184],[-124.25056462937002,49.513174565761865]]],[[[-124.17003155138723,49.441039765699955],[-124.17029245303632,49.440982773438265],[-124.17036485780402,49.44109956387452],[-124.17011824248974,49.441210653750815],[-124.17003155138723,49.441039765699955]]],[[[-124.23464213326406,49.499124655795],[-124.23493165473579,49.499067760633],[-124.23499035216544,49.49924717171474],[-124.23471394459179,49.49922296712645],[-124.23464213326406,49.499124655795]]],[[[-124.39917915464942,49.50028257107302],[-124.39925903972792,49.50018285555311],[-124.39964634155213,49.50024985802548],[-124.39955252932741,49.500350976453845],[-124.39917915464942,49.50028257107302]]],[[[-124.35892734725842,49.49765066005243],[-124.35927415499327,49.497637861020436],[-124.3593756470954,49.49781587317872],[-124.35901433781538,49.4977660748686],[-124.35892734725842,49.49765066005243]]],[[[-124.21413233942738,49.4532865635379],[-124.21426764952284,49.453230965129585],[-124.21449172716898,49.45335485413795],[-124.21409464992351,49.453448869842724],[-124.21413233942738,49.4532865635379]]],[[[-124.39421773301488,49.49773466813883],[-124.39451724125436,49.49762215399349],[-124.39456432124818,49.49782016123642],[-124.39435844270808,49.49784007473168],[-124.39421773301488,49.49773466813883]]],[[[-124.39048003518346,49.504247555349664],[-124.39071402903824,49.50424477758689],[-124.39061144800759,49.504496857181394],[-124.39041443457265,49.504418475356566],[-124.39048003518346,49.504247555349664]]],[[[-124.25656652263632,49.51176026333143],[-124.25689833269729,49.511738977695906],[-124.25702531720812,49.51188136320055],[-124.25686254246978,49.511955370796585],[-124.25656652263632,49.51176026333143]]],[[[-124.34820482879799,49.473613272606954],[-124.34806202612775,49.47362567113967],[-124.34793275417604,49.473402059936674],[-124.348319343672,49.47342485346156],[-124.34820482879799,49.473613272606954]]],[[[-124.38290272575405,49.527465060236594],[-124.38316514311656,49.52747077048725],[-124.38325334514862,49.527702864665],[-124.38289213643856,49.527635976934654],[-124.38290272575405,49.527465060236594]]],[[[-124.16586714208427,49.44223326030116],[-124.16616815787219,49.44220336979655],[-124.16618913744696,49.442491072063675],[-124.1658837390637,49.44240416834877],[-124.16586714208427,49.44223326030116]]],[[[-124.17801883456578,49.48999127613607],[-124.17818202402287,49.48990867347449],[-124.17833495571703,49.48992576352005],[-124.1780680511236,49.490260457819915],[-124.17801883456578,49.48999127613607]]],[[[-124.18594346216419,49.49165616749045],[-124.18599653253901,49.4915379609901],[-124.18653913624895,49.491730253848],[-124.18616763676994,49.491788573102795],[-124.18594346216419,49.49165616749045]]],[[[-124.19511014427175,49.48816116628889],[-124.19525874483689,49.48802445184096],[-124.19565083943372,49.488263651492524],[-124.1953216282882,49.488276475475274],[-124.19511014427175,49.48816116628889]]],[[[-124.2342554523817,49.51280136712926],[-124.2344717394206,49.51267325394463],[-124.23458704982596,49.512869754274995],[-124.23439863261407,49.51305205658355],[-124.2342554523817,49.51280136712926]]],[[[-124.28395903241959,49.45206457775372],[-124.2842187517344,49.45194497270413],[-124.28449903882039,49.4521030678186],[-124.28434983653058,49.452212650762846],[-124.28395903241959,49.45206457775372]]],[[[-124.24223393043337,49.5060420668599],[-124.24266145429654,49.50604636841932],[-124.24283185506921,49.50620586339921],[-124.24247425377722,49.506210165756244],[-124.24223393043337,49.5060420668599]]],[[[-124.27962452944658,49.501766666821965],[-124.27919952699799,49.50188767084797],[-124.27900525220973,49.501853468244256],[-124.27941314370425,49.50163416928983],[-124.27962452944658,49.501766666821965]]],[[[-124.33608964355922,49.468403054090366],[-124.33658553731918,49.468353273130035],[-124.33668374341357,49.46842305656242],[-124.33633135127559,49.46862525671808],[-124.33608964355922,49.468403054090366]]],[[[-124.32455503838958,49.51256785945619],[-124.32479024994007,49.51254646639696],[-124.32519622311646,49.51271306365152],[-124.32486604673925,49.512788567310636],[-124.32455503838958,49.51256785945619]]],[[[-124.22546762833605,49.497810165757265],[-124.22574164266477,49.49776176257575],[-124.22595535328794,49.49803945673096],[-124.22580571966294,49.49808505784264],[-124.22546762833605,49.497810165757265]]],[[[-124.18607675351393,49.4834512705238],[-124.18640474911913,49.48330315985785],[-124.18655812998463,49.48335585801251],[-124.18637051227022,49.4836008595829],[-124.18607675351393,49.4834512705238]]],[[[-124.23258453285023,49.51229726681129],[-124.23290164559644,49.51230295278745],[-124.23309724732967,49.512399755591524],[-124.23271443970116,49.51254785360541],[-124.23258453285023,49.51229726681129]]],[[[-124.22029805330199,49.49153225524837],[-124.22063173499045,49.491673263517754],[-124.22065362806583,49.49201365707013],[-124.22047161905223,49.4919082606562],[-124.22029805330199,49.49153225524837]]],[[[-124.35763083246219,49.498169066882646],[-124.35818833085372,49.498351370580984],[-124.358288541256,49.49849515353789],[-124.35798453655804,49.49848957863165],[-124.35763083246219,49.498169066882646]]],[[[-124.1632024443857,49.45270406485676],[-124.16342081984965,49.45258435666196],[-124.16372695656041,49.452698358670474],[-124.16341346035429,49.45287206773384],[-124.1632024443857,49.45270406485676]]],[[[-124.38913382305878,49.499657359949126],[-124.38959106396292,49.49973286608543],[-124.38954505971769,49.50003046393161],[-124.38932263710112,49.49997926061525],[-124.38913382305878,49.499657359949126]]],[[[-124.2770840313739,49.50282055581058],[-124.27749843698636,49.50282475074524],[-124.27754314638035,49.50298576952006],[-124.27723052916674,49.503142371934544],[-124.2770840313739,49.50282055581058]]],[[[-124.39141892853232,49.50474897600835],[-124.39123572864688,49.50458795508062],[-124.39126755096729,49.50430025319593],[-124.3916483490588,49.504575151890386],[-124.39141892853232,49.50474897600835]]],[[[-124.1675776470154,49.459135776285954],[-124.16794093387534,49.459293880526054],[-124.16797364373944,49.45949185503962],[-124.16768394678824,49.45950467373523],[-124.1675776470154,49.459135776285954]]],[[[-124.31220955990625,49.452826566528564],[-124.31181953611969,49.45269697677918],[-124.31181594113018,49.45256155276857],[-124.31256993813697,49.45284075982941],[-124.31220955990625,49.452826566528564]]],[[[-124.32894734540459,49.5135519677985],[-124.3289959409037,49.51324575718836],[-124.32951963657536,49.513238664073526],[-124.32915343849474,49.51349495544646],[-124.32894734540459,49.5135519677985]]],[[[-124.20536482031203,49.48059715801581],[-124.20587245549574,49.48053027334757],[-124.2060816608629,49.48062566815463],[-124.20562944702645,49.480748149949996],[-124.20536482031203,49.48059715801581]]],[[[-124.17330644935589,49.490417070277076],[-124.17369205021639,49.49037725383753],[-124.17409733248844,49.49053525516794],[-124.17364412871234,49.49063926353372],[-124.17330644935589,49.490417070277076]]],[[[-124.20379204656037,49.50715866562599],[-124.20419313350098,49.50711875150713],[-124.20466773211251,49.50734805427205],[-124.20417092484529,49.50736235987877],[-124.20379204656037,49.50715866562599]]],[[[-124.3110216339229,49.452211267375084],[-124.31157695083657,49.45233087456998],[-124.31154153524595,49.45258296609455],[-124.31141803586772,49.45258436998153],[-124.3110216339229,49.452211267375084]]],[[[-124.2760474369527,49.502794867388175],[-124.27630844905434,49.50273795109207],[-124.27669775559598,49.502833366085106],[-124.27621812848277,49.50302706316853],[-124.2760474369527,49.502794867388175]]],[[[-124.24982115927473,49.51976716480067],[-124.25019374274835,49.51972736421987],[-124.25063015718422,49.520064867936604],[-124.24993603024072,49.51992817528197],[-124.24982115927473,49.51976716480067]]],[[[-124.36492235625374,49.496168066778644],[-124.36470925932403,49.4959814706686],[-124.36523332616797,49.49594877071972],[-124.36524473816831,49.49634326378303],[-124.36492235625374,49.496168066778644]]],[[[-124.17214943227694,49.46567427998137],[-124.17264654369255,49.46568715520339],[-124.17274723982872,49.46581247064946],[-124.1723240248587,49.466014657703205],[-124.17214943227694,49.46567427998137]]],[[[-124.16772865034348,49.45969267229789],[-124.16815714348385,49.45967836432922],[-124.16832733218303,49.45989347094271],[-124.16791493522695,49.459978866340165],[-124.16772865034348,49.45969267229789]]],[[[-124.16598365173022,49.45416956456844],[-124.16627385000741,49.45413965147023],[-124.16649735045792,49.454280655988576],[-124.16614503760572,49.454554068393904],[-124.16598365173022,49.45416956456844]]],[[[-124.26056015385922,49.519372659977634],[-124.26082094956767,49.51924305692958],[-124.26173663012119,49.51940405715473],[-124.2611042313398,49.51951085855138],[-124.26056015385922,49.519372659977634]]],[[[-124.39187034703858,49.49679044926409],[-124.39228303882726,49.496740578965344],[-124.39244434622779,49.497080968207776],[-124.39195862821782,49.4970054755403],[-124.39187034703858,49.49679044926409]]],[[[-124.22424984469717,49.49668076033114],[-124.22445584874161,49.496579674340445],[-124.22519795254857,49.496967054148335],[-124.22492292539667,49.49707815477443],[-124.22424984469717,49.49668076033114]]],[[[-124.18541152519218,49.47305027386659],[-124.18550303401902,49.47279675573659],[-124.18608152632977,49.472801065212295],[-124.18577244387465,49.473100167265045],[-124.18541152519218,49.47305027386659]]],[[[-124.23342564627134,49.51061526119756],[-124.23392154291429,49.51052976139744],[-124.2338763434928,49.51092565643348],[-124.2335860195954,49.51095566569329],[-124.23342564627134,49.51061526119756]]],[[[-124.16862174310381,49.44094577051795],[-124.16897474889,49.440699363301704],[-124.16935014980123,49.44078626455659],[-124.16901131895999,49.44109526448418],[-124.16862174310381,49.44094577051795]]],[[[-124.38180812692082,49.52301586473667],[-124.3822737498459,49.52283925551291],[-124.38250663358862,49.52325936996167],[-124.3822291234479,49.52324516058839],[-124.38180812692082,49.52301586473667]]],[[[-124.18961574741836,49.497815875990035],[-124.19003942806359,49.497721866255],[-124.19039364587718,49.498067956951985],[-124.1901616565108,49.498151968228676],[-124.18961574741836,49.497815875990035]]],[[[-124.20525554296073,49.48013145573248],[-124.2057089333377,49.48001897534816],[-124.2060463392929,49.48030237535939],[-124.20530285030505,49.48039205654435],[-124.20525554296073,49.48013145573248]]],[[[-124.37992674083203,49.52392875896154],[-124.38013104090459,49.523764974920134],[-124.38070825676182,49.52418936923906],[-124.3802397415524,49.52424067327428],[-124.37992674083203,49.52392875896154]]],[[[-124.16827994844861,49.44026916730613],[-124.16889343296482,49.440188061601205],[-124.1690785378642,49.44041166912179],[-124.16855924578168,49.440605368147885],[-124.16827994844861,49.44026916730613]]],[[[-124.25650804384523,49.50621155884602],[-124.25708835526731,49.50624146095501],[-124.25791335356931,49.50661037088307],[-124.2574861374531,49.50665027043696],[-124.25650804384523,49.50621155884602]]],[[[-124.18406862674213,49.48147447101233],[-124.18480272226783,49.4815841602793],[-124.18497765566048,49.4819772621254],[-124.18460632797526,49.48195447308508],[-124.18406862674213,49.48147447101233]]],[[[-124.20140004016511,49.47941507697212],[-124.20209253536181,49.479472067975756],[-124.20223785565717,49.479802463712865],[-124.20144755197883,49.47966716992498],[-124.20140004016511,49.47941507697212]]],[[[-124.16528614143357,49.4433540502741],[-124.16623395193879,49.44321027344523],[-124.16640563918564,49.44344234992505],[-124.16582895732111,49.443556361626996],[-124.16528614143357,49.4433540502741]]],[[[-124.22547442342686,49.45383196579477],[-124.22645634330463,49.45399296739711],[-124.22660284168431,49.454324763736906],[-124.22582705124712,49.45413537203791],[-124.22547442342686,49.45383196579477]]],[[[-124.17459884513018,49.46823075577484],[-124.17524123689066,49.468000060896316],[-124.17547274853787,49.468393168897094],[-124.17471243965471,49.468364649588224],[-124.17459884513018,49.46823075577484]]],[[[-124.30921964574837,49.451962055242426],[-124.31043805158255,49.45208306631481],[-124.310585632747,49.452422070283404],[-124.30953002656389,49.45217427452577],[-124.30921964574837,49.451962055242426]]],[[[-124.3813614555273,49.51594176816377],[-124.38211462991477,49.51618535967847],[-124.3821072420727,49.516464474871384],[-124.38152414427724,49.51635337520694],[-124.3813614555273,49.51594176816377]]],[[[-124.17042346221818,49.44123346709187],[-124.17076414467542,49.44112236861544],[-124.17141112946477,49.44159235864183],[-124.17048324340969,49.44149404963878],[-124.17042346221818,49.44123346709187]]],[[[-124.38211085253276,49.5254056586353],[-124.38294734914938,49.52562925067084],[-124.3831379237423,49.52601376535289],[-124.38277722797044,49.525990966623525],[-124.38211085253276,49.5254056586353]]],[[[-124.26185523419588,49.46010705750849],[-124.26271213037782,49.46015125617107],[-124.262930042654,49.460554274771624],[-124.26241764800272,49.460541451844236],[-124.26185523419588,49.46010705750849]]],[[[-124.18887143111237,49.48540107827647],[-124.18975155384283,49.48526575826118],[-124.18999324723111,49.48555196003001],[-124.18922253571827,49.48566737769138],[-124.18887143111237,49.48540107827647]]],[[[-124.26071105727029,49.458581769800524],[-124.26088734872128,49.458417971736644],[-124.26021433418391,49.45804627852092],[-124.26121583472708,49.45829686425727],[-124.26136582264465,49.45882525946286],[-124.26071105727029,49.458581769800524]]],[[[-124.3905532304949,49.49762506893023],[-124.3909912273915,49.49746697185961],[-124.39162463905822,49.49789987788833],[-124.39096446029274,49.49799816298834],[-124.3905532304949,49.49762506893023]]],[[[-124.25928824371819,49.50370785689979],[-124.25988295539044,49.50371925754721],[-124.26021804078032,49.50439005313135],[-124.2599011319017,49.50445695315814],[-124.25928824371819,49.50370785689979]]],[[[-124.22090543752306,49.510380271609485],[-124.22034983311181,49.510296171415106],[-124.22156603529214,49.51031045808115],[-124.22143482871246,49.510589560455045],[-124.22090543752306,49.510380271609485]]],[[[-124.24963442984854,49.51298797392545],[-124.25031793403893,49.51324147365596],[-124.25021855453271,49.51362036833268],[-124.24955023195038,49.513456562339435],[-124.24963442984854,49.51298797392545]]],[[[-124.2827582465044,49.450449454241145],[-124.28214313087342,49.45009627545432],[-124.28344654288136,49.44989406806656],[-124.28342603236648,49.450154659204],[-124.2827582465044,49.450449454241145]]],[[[-124.38252913241718,49.53186726903903],[-124.38343551855455,49.53214496622526],[-124.3835827261326,49.53248397373243],[-124.38249944841415,49.532327259681516],[-124.38252913241718,49.53186726903903]]],[[[-124.16745082364113,49.44159665683082],[-124.16789025449984,49.44152966356811],[-124.16849883400045,49.4415866689614],[-124.16778065934037,49.44209796293686],[-124.16745082364113,49.44159665683082]]],[[[-124.39756645462796,49.496775557989224],[-124.39718394212007,49.49616946631125],[-124.39823905998274,49.49642586843718],[-124.39790832811263,49.496861670168194],[-124.39756645462796,49.496775557989224]]],[[[-124.26124206084664,49.51472406980325],[-124.26251244773105,49.51468276046325],[-124.26288034721473,49.51498466544869],[-124.26162474220462,49.51504306710266],[-124.26124206084664,49.51472406980325]]],[[[-124.36690243838635,49.49289665667329],[-124.36751104497671,49.49293506204375],[-124.36847605694254,49.49339086243431],[-124.36801605154258,49.493667174138174],[-124.36690243838635,49.49289665667329]]],[[[-124.23327954226289,49.511956863948],[-124.2340814409841,49.51196676908217],[-124.2338683353549,49.51278715907906],[-124.23318712186993,49.51261486693265],[-124.23327954226289,49.511956863948]]],[[[-124.22480422516169,49.49785286549286],[-124.22564096022408,49.49815056455389],[-124.2257865227573,49.49901215572529],[-124.22546633297512,49.4989352530685],[-124.22480422516169,49.49785286549286]]],[[[-124.3829475379141,49.5315211577262],[-124.38248294326523,49.53074357457142],[-124.38280811927862,49.53050575808775],[-124.38365903439755,49.5317818743028],[-124.3829475379141,49.5315211577262]]],[[[-124.16376502460916,49.45307575753702],[-124.16419533799385,49.45266695195641],[-124.16486174990958,49.452795151280554],[-124.16442064568825,49.45343746592908],[-124.16376502460916,49.45307575753702]]],[[[-124.29628663663244,49.511340169912316],[-124.29727954495569,49.51128455243194],[-124.29795094287934,49.51164635120076],[-124.29683495217266,49.51173897254581],[-124.29628663663244,49.511340169912316]]],[[[-124.20681102792985,49.48102307529443],[-124.20787322000268,49.48105716490423],[-124.20825862746025,49.4815029545787],[-124.20750102903538,49.4815741705612],[-124.20681102792985,49.48102307529443]]],[[[-124.37843742573735,49.5195749622311],[-124.37843285711837,49.518909862211125],[-124.37969114995234,49.51894826849245],[-124.37970732756544,49.519065073974566],[-124.37843742573735,49.5195749622311]]],[[[-124.17389253283088,49.47853775867479],[-124.17520082673543,49.478425265577116],[-124.17577234444995,49.47864456738947],[-124.17496583631889,49.47895936707527],[-124.17389253283088,49.47853775867479]]],[[[-124.3776172294353,49.4947765663579],[-124.3785604223966,49.49449455895541],[-124.37923714662203,49.494973152015994],[-124.37780362025919,49.495069965717285],[-124.3776172294353,49.4947765663579]]],[[[-124.1960492325578,49.48188175948242],[-124.19729135546109,49.48188745654045],[-124.19756335177541,49.482307657755385],[-124.19611404517704,49.482267771354245],[-124.1960492325578,49.48188175948242]]],[[[-124.38154675964716,49.52352286815697],[-124.38267055400917,49.52368946880159],[-124.38312413855685,49.52411535225749],[-124.3826363522065,49.52442725920934],[-124.38154675964716,49.52352286815697]]],[[[-124.18514892304705,49.48557476205221],[-124.18551785997738,49.48548077007171],[-124.18725392819579,49.48584107805779],[-124.18598862879382,49.486104564508665],[-124.18514892304705,49.48557476205221]]],[[[-124.25354824174006,49.51963757512868],[-124.25424144053024,49.51966606544168],[-124.25479135457827,49.52066726934482],[-124.25388825549628,49.520470764898725],[-124.25354824174006,49.51963757512868]]],[[[-124.26235125241463,49.52017166569317],[-124.261506162953,49.52013606585788],[-124.26103044446431,49.51987115317828],[-124.26304134781363,49.51967747381466],[-124.26235125241463,49.52017166569317]]],[[[-124.1741607245111,49.487386362666534],[-124.17526044663056,49.487266771147006],[-124.17611391672432,49.48764556299808],[-124.17534832997096,49.487985975816734],[-124.1741607245111,49.487386362666534]]],[[[-124.18945012947216,49.494993069974015],[-124.18865263169269,49.49458717494445],[-124.18837124965258,49.49377106352999],[-124.18978102682712,49.494386363811685],[-124.18945012947216,49.494993069974015]]],[[[-124.39658746447125,49.49900076881684],[-124.39791664902083,49.499110474581585],[-124.39871334080948,49.49992936694303],[-124.3975505369393,49.49988956469391],[-124.39658746447125,49.49900076881684]]],[[[-124.22596523600042,49.49729176992791],[-124.22544074543504,49.497280361134436],[-124.224692130724,49.49612676973213],[-124.22647662224048,49.496800365946385],[-124.22596523600042,49.49729176992791]]],[[[-124.2730697486328,49.5051661647562],[-124.27229802954871,49.50419487470798],[-124.2741582388503,49.50450675426399],[-124.27355234329804,49.50516196766998],[-124.2730697486328,49.5051661647562]]],[[[-124.38250651572723,49.52224246250282],[-124.38393993386116,49.522612772047246],[-124.38423845886001,49.52344596053918],[-124.38271604108883,49.5228164594182],[-124.38250651572723,49.52224246250282]]],[[[-124.38867394918687,49.50489846757077],[-124.3874181569038,49.504949758341084],[-124.38664485334837,49.50343865713674],[-124.38921893918148,49.50463927491501],[-124.38867394918687,49.50489846757077]]],[[[-124.17000644454937,49.486331075323754],[-124.17115303672286,49.486355266764825],[-124.17278705160535,49.48713007099904],[-124.17069093395192,49.48725966796489],[-124.17000644454937,49.486331075323754]]],[[[-124.37961855089998,49.52965406310135],[-124.38075323801237,49.52920825357791],[-124.38162393036538,49.530663864161454],[-124.37990683566869,49.53052285682388],[-124.37961855089998,49.52965406310135]]],[[[-124.3843369287117,49.515691154024026],[-124.38607895165683,49.51620097117553],[-124.38680434531011,49.51737027160932],[-124.38397354019428,49.51648586195468],[-124.3843369287117,49.515691154024026]]],[[[-124.38948742513121,49.498465264506386],[-124.39133754667442,49.49843395585394],[-124.39179222746667,49.49894246010159],[-124.39055014927983,49.499910867182074],[-124.38948742513121,49.498465264506386]]],[[[-124.25489075855502,49.52027997040219],[-124.25750914426806,49.51943245013895],[-124.25778983527283,49.520688660883025],[-124.25687984598498,49.520752758789044],[-124.25489075855502,49.52027997040219]]],[[[-124.3639009237788,49.49654836278469],[-124.36154252383353,49.496837469841765],[-124.36161712830119,49.495468772320045],[-124.36491501721675,49.49640166220731],[-124.3639009237788,49.49654836278469]]],[[[-124.25971373004968,49.513841053928836],[-124.258677050304,49.51325855159364],[-124.25844463436704,49.512234561373944],[-124.26109074387324,49.51256635276911],[-124.25971373004968,49.513841053928836]]],[[[-124.39474484132619,49.501253869001815],[-124.39217683391516,49.50077255476954],[-124.39142012435815,49.49993655586944],[-124.39282663397918,49.499388163653066],[-124.39474484132619,49.501253869001815]]],[[[-124.39561493983697,49.500308276587425],[-124.39370263249661,49.49859485717439],[-124.3935294232949,49.498354171410696],[-124.39699884149657,49.49985106774604],[-124.39561493983697,49.500308276587425]]],[[[-124.38490923727606,49.520775555190724],[-124.38614703867631,49.52100345924987],[-124.38863374910959,49.52391447270958],[-124.3861481571327,49.523035771104254],[-124.38490923727606,49.520775555190724]]],[[[-124.17944825310956,49.491406954515625],[-124.17890442548855,49.49007245447521],[-124.18080745042114,49.48936886730698],[-124.18093544834171,49.49128445919946],[-124.17944825310956,49.491406954515625]]],[[[-124.25636192754123,49.51884285626936],[-124.25470924750493,49.519120661361264],[-124.25450893947058,49.517764753794445],[-124.25744703501505,49.517543971307724],[-124.25636192754123,49.51884285626936]]],[[[-124.39678914243585,49.49885417573922],[-124.39596814603877,49.49762356518493],[-124.39398341814001,49.49726896427798],[-124.39681753081076,49.49639027407479],[-124.39811824085709,49.49793976436053],[-124.39678914243585,49.49885417573922]]],[[[-124.19111393050542,49.49867326084603],[-124.19042332037114,49.49702546138635],[-124.19394173462177,49.49798676811048],[-124.19336372824644,49.49978265615951],[-124.19111393050542,49.49867326084603]]],[[[-124.37688863172404,49.493974761675226],[-124.37445742411767,49.49342785799451],[-124.37277351876175,49.4939249583882],[-124.37560045289942,49.49228995717971],[-124.37826575007857,49.49382375031464],[-124.37688863172404,49.493974761675226]]],[[[-124.30636494106594,49.51371005747303],[-124.30467273307359,49.51140856187585],[-124.3080752262291,49.51262057360255],[-124.30974464007025,49.515111472822284],[-124.30636494106594,49.51371005747303]]],[[[-124.34186771640069,49.520734262991326],[-124.33969294191377,49.520551969770935],[-124.337906133535,49.519375560383686],[-124.34231313034303,49.51883005916802],[-124.34318013095252,49.5201787797009],[-124.34186771640069,49.520734262991326]]],[[[-124.3801786404719,49.5229901718643],[-124.37865192677435,49.521776766135524],[-124.37928285028372,49.52018595629493],[-124.38233604030513,49.52113875663481],[-124.3801786404719,49.5229901718643]]],[[[-124.25984155096957,49.518777353979466],[-124.26033534779378,49.51646874954621],[-124.26414393115857,49.51739875754045],[-124.26153452423351,49.51799407143122],[-124.26257071459239,49.51905366137011],[-124.25984155096957,49.518777353979466]]],[[[-124.34523702762237,49.517150955617495],[-124.34193973106717,49.515793670432295],[-124.34147526024492,49.51494487098877],[-124.3437264583638,49.51392086741547],[-124.34687853834167,49.51549455611101],[-124.34523702762237,49.517150955617495]]],[[[-124.36766123778591,49.49531637538069],[-124.36397432731177,49.49537906161349],[-124.36200914494664,49.49318855404327],[-124.36477395657006,49.49229276497129],[-124.36833534977194,49.49428387275657],[-124.36766123778591,49.49531637538069]]],[[[-124.39281124142244,49.50364375230042],[-124.38893484023802,49.503393055469154],[-124.38695673929558,49.50131226847759],[-124.39008134948295,49.49997927548753],[-124.39410203761348,49.501927567901305],[-124.392470255837,49.5023605705271],[-124.39281124142244,49.50364375230042]]],[[[-124.23252463932101,49.501665463689],[-124.22634803514953,49.499932258025616],[-124.22607635795691,49.49792126521653],[-124.23257022012916,49.49858065869342],[-124.23252463932101,49.501665463689]]],[[[-124.17940413335019,49.485560557072574],[-124.1757175294564,49.48500505608793],[-124.1787158378915,49.485054965362245],[-124.17392133869431,49.48318776180927],[-124.17565772983541,49.48246007483821],[-124.17474962593025,49.48143456451697],[-124.17998263747373,49.48201995909176],[-124.1810064359286,49.484465351407756],[-124.17940413335019,49.485560557072574]]],[[[-124.19637842371903,49.426252156172914],[-124.19295901621071,49.42346356095046],[-124.20166453732143,49.42532505965488],[-124.20477524346829,49.42953785769133],[-124.19637842371903,49.426252156172914]]],[[[-124.2221028363752,49.50971936979809],[-124.21900803365004,49.50913117222036],[-124.21708742595685,49.50407816940578],[-124.22138654331715,49.50530147385804],[-124.2234386446183,49.50782516103992],[-124.2221028363752,49.50971936979809]]],[[[-124.20663544503762,49.488554276666555],[-124.19209403526726,49.48618575790509],[-124.1921322525367,49.48491826388559],[-124.1878496211601,49.48422466275223],[-124.18677276063784,49.48313796601404],[-124.18775014657189,49.48186895503277],[-124.1852612248405,49.480500362136276],[-124.2058080322988,49.4846504552657],[-124.2087736336404,49.48789336148299],[-124.20663544503762,49.488554276666555]]],[[[-124.30077796045998,49.456671866247405],[-124.29663904027701,49.4561776674459],[-124.2963580358657,49.45444447585187],[-124.2861962410605,49.453136977696104],[-124.28724754944386,49.45218986912264],[-124.28367993893643,49.44977447238412],[-124.28653263820489,49.44811376405344],[-124.29131753057386,49.44959066988254],[-124.29682105297515,49.44851255765575],[-124.30046644539286,49.450144771922254],[-124.30160312567064,49.452478968863645],[-124.29987644807414,49.45390176170831],[-124.3029969370554,49.454532762843876],[-124.30225513043301,49.45673595434597],[-124.30077796045998,49.456671866247405]]],[[[-124.24840114045682,49.51824476008445],[-124.24597653722498,49.519062258228026],[-124.24079975846941,49.51756257134644],[-124.23540784831417,49.51139565418443],[-124.23496453318016,49.50811717518992],[-124.24172874841501,49.50841334915278],[-124.24744896323662,49.510699268299334],[-124.24972592266569,49.51545046691932],[-124.25283534868258,49.51654135422432],[-124.25127573713783,49.51931996482164],[-124.24840114045682,49.51824476008445]]],[[[-124.2135084532889,49.51014236922857],[-124.2077867386304,49.509528551389515],[-124.1946561487952,49.50293586100844],[-124.19378524199603,49.50004906646309],[-124.1979780536067,49.498170463275],[-124.19054606452079,49.495188169551305],[-124.19274343365106,49.49468976317461],[-124.1837632189072,49.48938456109919],[-124.18621312049454,49.48962946572438],[-124.18597763987094,49.48733795794663],[-124.20041703120027,49.4889074657548],[-124.21282914712562,49.49555986045972],[-124.21030146039791,49.496656568080866],[-124.21281162496567,49.49763785973914],[-124.21064353889223,49.497669157349975],[-124.2116802350575,49.498755860951796],[-124.20904174831358,49.496508457387954],[-124.20614412461116,49.49661955973793],[-124.21098305911278,49.49966306856153],[-124.2082030270709,49.50224657602046],[-124.21273291375786,49.50118266097564],[-124.21166165121554,49.50302845686276],[-124.21544955251883,49.5043287625205],[-124.21253553997354,49.50485426640764],[-124.21538542546064,49.50621866294755],[-124.2135084532889,49.51014236922857]]],[[[-124.36380455220102,49.52550535315621],[-124.35894702549164,49.52574176877534],[-124.34508915375966,49.52025566075145],[-124.34926204498183,49.519288657375185],[-124.34965163588656,49.51786307378958],[-124.34463313003506,49.51070777843794],[-124.34079511607861,49.51382825949329],[-124.33372315811519,49.51385676480122],[-124.33130003863695,49.51318307106291],[-124.3328102426852,49.51130316734354],[-124.32742735567793,49.512993659041996],[-124.3048151324946,49.50840197799938],[-124.3002887342603,49.511691965319045],[-124.29536593493464,49.50889477745191],[-124.29363693099212,49.50990457591109],[-124.29401361788788,49.511617861686595],[-124.2986574266899,49.5127444696124],[-124.29165383564532,49.51485506615132],[-124.2907663323885,49.51371425808745],[-124.29374313986672,49.51232286985978],[-124.29083995002027,49.51225595913789],[-124.28880122717274,49.507268367860085],[-124.2861917403059,49.506775549198544],[-124.28678444972392,49.505140568144434],[-124.28419444958254,49.50485576508295],[-124.28293863055028,49.50277356185749],[-124.27803752273918,49.503942869499724],[-124.27812173160427,49.50242175845604],[-124.28158544311736,49.50175374987338],[-124.27444442861335,49.50223806398571],[-124.27101773383659,49.49848807912123],[-124.27027086384459,49.500061866309956],[-124.26830813738304,49.49948935696201],[-124.27034482013477,49.50125675779209],[-124.26946793502907,49.502121258268396],[-124.26667355415927,49.50088356767838],[-124.26300253376628,49.502048662714785],[-124.25797203928967,49.493818154410654],[-124.25544264821002,49.49210045054226],[-124.25904362962328,49.49795396625375],[-124.25922155466431,49.501675473090756],[-124.25441575061929,49.502708070113535],[-124.25703596322033,49.50365086826722],[-124.25530923046071,49.504192059435326],[-124.25174704170513,49.50043496736497],[-124.25036694295551,49.501024655280666],[-124.25248314787495,49.502810559977576],[-124.25339164435056,49.50701906784303],[-124.25152524333643,49.507506169162355],[-124.2388693317212,49.50575435779862],[-124.2336475553245,49.50238325843678],[-124.23421862175864,49.50040646072158],[-124.23861214671534,49.499334053522006],[-124.22182305246687,49.491283059219334],[-124.21995584527076,49.48337727012233],[-124.21423803456456,49.4810714772969],[-124.21082082636062,49.47679876152786],[-124.21070494596277,49.479399356962546],[-124.2069250258868,49.480060263821784],[-124.19860562592167,49.47801507516208],[-124.19531172871443,49.47882257578747],[-124.19047315517872,49.47687576646638],[-124.19166965401544,49.475514162563044],[-124.1879131148753,49.474859062290015],[-124.18672135961567,49.47127426613112],[-124.18288786000336,49.47315706979719],[-124.17533053862138,49.47110195469022],[-124.17447223478952,49.46982446764752],[-124.17593473575192,49.46809116102851],[-124.17429465125647,49.46704726230268],[-124.17987744784206,49.467376260318424],[-124.17765954898282,49.465160171149236],[-124.17972222881497,49.46431137770262],[-124.16993075685254,49.461766259938976],[-124.16610013984258,49.45671317203841],[-124.16685341967695,49.45416956394447],[-124.16482904976435,49.45314556906659],[-124.16848183526064,49.45298316870172],[-124.1620241346699,49.45070016897875],[-124.16931083931107,49.45078846224349],[-124.165658317663,49.448576661025456],[-124.17022565742234,49.448036870380434],[-124.16699012694893,49.44543346609533],[-124.16653211980439,49.44237995689759],[-124.17210283452587,49.44224175869985],[-124.1734120374707,49.438729652675505],[-124.17779554092789,49.44037606019128],[-124.17992664157087,49.43888917825723],[-124.19300845459968,49.44427696873017],[-124.1972898544249,49.44956796977144],[-124.20085645234977,49.44922466865297],[-124.2067212299229,49.453265153344034],[-124.22077492439561,49.45628446529064],[-124.2240417406373,49.45563787546086],[-124.24049203916142,49.46446655261053],[-124.24332764530007,49.46958236550848],[-124.24488533411484,49.46570567086732],[-124.24374822228283,49.46276746367541],[-124.24557284758701,49.46238865928302],[-124.24339235732421,49.460135562160865],[-124.24605742295995,49.45965706774207],[-124.24597655441167,49.458155861072086],[-124.25302183716262,49.45789096316731],[-124.25548364792186,49.45915145102563],[-124.26507094154633,49.4611695770512],[-124.26234953006262,49.4594448721641],[-124.26361354460863,49.45819865996659],[-124.25931205754499,49.45729286610014],[-124.25817464967517,49.456512365693015],[-124.26056683527106,49.45670326812082],[-124.25782232817454,49.45565357515959],[-124.2613773450388,49.45650525185471],[-124.2619095422774,49.45740816943456],[-124.26327984343219,49.4554313506007],[-124.2712221522946,49.457872462300315],[-124.27343784865242,49.46243565108301],[-124.2745779556564,49.460624072730724],[-124.27797822964477,49.46027226536923],[-124.27654212288617,49.45709487046814],[-124.28215184675521,49.45785115475069],[-124.28227772914484,49.4558159735235],[-124.28403325643187,49.45541006780187],[-124.29531434739532,49.45724586448901],[-124.30766226359185,49.46289996775536],[-124.30832504231219,49.458214271660374],[-124.31809885757463,49.45994757184094],[-124.32285844463611,49.46242995012202],[-124.32527335322173,49.46651316800822],[-124.3292312261568,49.46585516807139],[-124.33144593939531,49.46965356148925],[-124.3353800455131,49.468195161884715],[-124.33633304978034,49.47018196366409],[-124.34134324327025,49.47017765015206],[-124.34577823800228,49.47337355410721],[-124.35140944822949,49.47335225371591],[-124.3555218313642,49.47433915672581],[-124.35980963592372,49.477616276372295],[-124.36605035945838,49.47613086147003],[-124.36680913311609,49.47765186937663],[-124.36407055275416,49.47745825798606],[-124.36355435427213,49.47877845650858],[-124.36882522343461,49.47964295894319],[-124.36929143906389,49.48052735331358],[-124.36776374803634,49.47966434889495],[-124.36624585059104,49.48267796105822],[-124.36373173068974,49.482608173883335],[-124.36557913880345,49.485015065993004],[-124.36184992328964,49.487433357051515],[-124.35330494759147,49.48457496133135],[-124.3585652183126,49.48202136625162],[-124.35707592996593,49.48012296753201],[-124.3483292379301,49.48179916431796],[-124.35040373413302,49.4855163635858],[-124.35574971565529,49.48603906242517],[-124.3580008341396,49.48711866668478],[-124.35812452257603,49.4890341678218],[-124.35068193757695,49.491063676839545],[-124.35004084573382,49.49336515397976],[-124.34634762487458,49.49313876821806],[-124.34744212394745,49.49476237257328],[-124.35204195313729,49.49532917106652],[-124.35569086569089,49.49396476934256],[-124.35420974005754,49.49684165131076],[-124.35117462564106,49.49739996735919],[-124.35279515195417,49.499143266369735],[-124.35623385361329,49.498609166429326],[-124.35433473029671,49.50082526922918],[-124.3596711343547,49.49807366172321],[-124.37089192744568,49.497751755372654],[-124.3717486374232,49.496779078613095],[-124.36674382527208,49.49613676859721],[-124.37162934196031,49.494991650444035],[-124.37941852751132,49.49552857182772],[-124.38162323382625,49.49878436657813],[-124.37850035743213,49.5016469621269],[-124.38123205150141,49.50500526050629],[-124.37925874810063,49.50507364826079],[-124.38300395584375,49.507547461759515],[-124.38027363701777,49.50870535782116],[-124.38128533813176,49.51277715189827],[-124.37584374303434,49.514783863391074],[-124.37752363453903,49.516564156919806],[-124.36065385104723,49.520559068314675],[-124.36020193788413,49.52212997602737],[-124.36334942420974,49.52353135778174],[-124.36380455220102,49.52550535315621]]]]},"bbox":[-124.43761753882954,49.42346356095046,-124.1620241346699,49.53248397373243]},{"id":"5927802","type":"Feature","properties":{},"geometry":{"type":"Polygon","coordinates":[[[-124.62109068043094,49.91447005258756],[-124.5773330670444,49.91466495725419],[-124.57701818329053,49.90046844717856],[-124.58775987840073,49.89579139749815],[-124.59462465923484,49.88957090137764],[-124.60711014647391,49.89584816749099],[-124.61887241513737,49.895297060694425],[-124.62239194683957,49.90146386190349],[-124.63131293210252,49.90500877636824],[-124.6242707561308,49.90551146336033],[-124.62395545460421,49.90774746792055],[-124.63434722089931,49.910677066650884],[-124.6414745496368,49.91552367197526],[-124.64512930476532,49.91579792040207],[-124.64489120021516,49.91935399022977],[-124.63547152750458,49.9201199585947],[-124.6357511460186,49.91445324767708],[-124.62109068043094,49.91447005258756]]]},"bbox":[-124.64512930476532,49.88957090137764,-124.57701818329053,49.9201199585947]},{"id":"5927806","type":"Feature","properties":{},"geometry":{"type":"Polygon","coordinates":[[[-124.3285100231623,49.77689315194632],[-124.33059609899477,49.77345863936457],[-124.33939044904189,49.77254529455842],[-124.33954844606225,49.77540014466694],[-124.3285100231623,49.77689315194632]]]},"bbox":[-124.33954844606225,49.77254529455842,-124.3285100231623,49.77689315194632]}],"bbox":[-124.94653364271272,49.42346356095046,-123.72787482218797,50.86350188907771]}