{"type":"FeatureCollection","features":[{"id":"5929005","type":"Feature","properties":{},"geometry":{"type":"Polygon","coordinates":[[[-123.5334101170637,49.41263347252066],[-123.52944030991127,49.412758266156786],[-123.52953032351826,49.413970904845776],[-123.50994913195282,49.41423641783414],[-123.51022481931142,49.41206595682615],[-123.5073125110036,49.41217123697278],[-123.50721982356069,49.40976174945916],[-123.50124380132644,49.40809857164282],[-123.50125671497035,49.405014015311316],[-123.50746216187814,49.399827468834125],[-123.50592162646235,49.397404876687915],[-123.50127814562357,49.39747886025667],[-123.4997695358351,49.39419325516324],[-123.51115241995883,49.3915171575178],[-123.51465072086398,49.387462463529815],[-123.51758641185575,49.38712323058592],[-123.51724521221034,49.38865538992077],[-123.51879220408425,49.38849459785959],[-123.51938134770289,49.390440691926486],[-123.52410788229193,49.390013340114244],[-123.52388551563892,49.39218793560396],[-123.52073501605005,49.39225072280724],[-123.52119707528483,49.40329276480682],[-123.52750481470939,49.40431524887031],[-123.52826432389807,49.4060934507965],[-123.53507482597134,49.40534409858742],[-123.5344185098569,49.4089576906338],[-123.53706887398448,49.40904184425141],[-123.53722557178725,49.410484821880786],[-123.5350280212608,49.41054721769887],[-123.5334101170637,49.41263347252066]]]},"bbox":[-123.53722557178725,49.38712323058592,-123.4997695358351,49.41423641783414]},{"id":"5929011","type":"Feature","properties":{},"geometry":{"type":"MultiPolygon","coordinates":[[[[-123.76623093127485,49.54833967267906],[-123.76657562185585,49.54825566735181],[-123.76691062391163,49.5484251613965],[-123.76643074369998,49.548671568326704],[-123.76623093127485,49.54833967267906]]],[[[-123.76542284190023,49.548803969485135],[-123.7660155303112,49.54870005352658],[-123.7662144340999,49.5490774570367],[-123.76543273686583,49.54947767061762],[-123.76542284190023,49.548803969485135]]],[[[-123.76356543573702,49.54408417757932],[-123.76428015450698,49.5438819678898],[-123.76468483033528,49.5441040693942],[-123.76371083799194,49.54454276890425],[-123.76356543573702,49.54408417757932]]],[[[-123.76641564209204,49.54694397504424],[-123.76720083517769,49.546713266200676],[-123.76739774497905,49.54780986326757],[-123.76621433612006,49.54727866166888],[-123.76641564209204,49.54694397504424]]],[[[-123.74781202000919,49.474780840507584],[-123.74810986062224,49.47401014458872],[-123.7497540434974,49.47498333607175],[-123.7494769365613,49.47561649502988],[-123.74781202000919,49.474780840507584]]],[[[-123.76309274734007,49.55011449301146],[-123.75406357613157,49.55020829350141],[-123.75320306499573,49.546112324760315],[-123.74982634054022,49.546311188489256],[-123.749768027431,49.54381854486141],[-123.75324032883974,49.54215832676909],[-123.7543356818923,49.533834669491014],[-123.7490191233072,49.52148811098119],[-123.74231081722657,49.52128633241333],[-123.7424543604482,49.5035466960182],[-123.73807189020496,49.50341574259153],[-123.73555302117498,49.49037737653479],[-123.73683175511152,49.48763025653596],[-123.73548843156054,49.48629747633487],[-123.75269330908841,49.486169539933314],[-123.74607974198568,49.49694856178634],[-123.74789693626649,49.49836707357978],[-123.74520802623573,49.502198163573965],[-123.75656074137521,49.50676554978029],[-123.75627112417203,49.50937617010205],[-123.75822435758496,49.5106137674149],[-123.75450223389252,49.51112366300725],[-123.75425881213215,49.51631542262006],[-123.76102551209001,49.51670303435563],[-123.76039747233743,49.512958718800505],[-123.76414344252778,49.51117775764149],[-123.76432014180905,49.51267885553613],[-123.77044003191709,49.51448196827251],[-123.773960242588,49.51686896662395],[-123.77426043016192,49.5193399672158],[-123.77935494641605,49.52169845543649],[-123.77940573327471,49.5231112635868],[-123.77371446272706,49.52327506955139],[-123.76977973869604,49.52603516068836],[-123.76356083303952,49.53492796368959],[-123.76544824511947,49.53899826356955],[-123.7591336186023,49.54353725860014],[-123.76286224399055,49.544169566592245],[-123.76498172807173,49.54629737106892],[-123.76309274734007,49.55011449301146]]],[[[-123.73273181185701,49.467951998323684],[-123.71963514135311,49.46794031102506],[-123.71969144624623,49.47109440086774],[-123.70880736062712,49.4712791160657],[-123.70868065955436,49.46793057704636],[-123.6997146401993,49.4680695333055],[-123.69935019919772,49.45999408542995],[-123.6882790344234,49.46018272160131],[-123.68805987769927,49.45750691426777],[-123.67554723380303,49.45784582509136],[-123.67554830464067,49.45267375745312],[-123.68131169193171,49.45275277894384],[-123.67947499801177,49.43857741278202],[-123.68046509567993,49.43412772144879],[-123.68405482123873,49.43613906391526],[-123.6925896477994,49.436906654971544],[-123.71055574332019,49.43644665696636],[-123.7100109838671,49.439676191841635],[-123.72436181451457,49.43924806152212],[-123.72835054813153,49.442156358353856],[-123.7296241426996,49.44812096028096],[-123.73780193952206,49.4570635598297],[-123.74019544756763,49.46288567366805],[-123.74333038635427,49.46437345112363],[-123.73487701241437,49.46452179904573],[-123.73453720379935,49.46841781150726],[-123.73273181185701,49.467951998323684]]],[[[-123.79835257226793,49.508979668877984],[-123.78457713803085,49.507775372463506],[-123.77476603143778,49.50150028020053],[-123.77181004567375,49.497012563060565],[-123.76467212423393,49.492751370780645],[-123.76460067604131,49.49050391600241],[-123.76571456263841,49.49213067966048],[-123.7691987366396,49.491977033178],[-123.76719331758673,49.48944467922668],[-123.7672364270627,49.48546655921342],[-123.75713312644137,49.48200716630422],[-123.75668262844519,49.48055306790794],[-123.7534385221748,49.48122569808776],[-123.75343821623233,49.477360050371544],[-123.75108096902416,49.47752643886943],[-123.75052077140276,49.47616136951784],[-123.75345465884183,49.47503556627882],[-123.75340726132401,49.470752108082166],[-123.76342193662681,49.469212072259396],[-123.77295725539172,49.469948371847345],[-123.78858203122368,49.465697054523204],[-123.80400442983638,49.46774086425506],[-123.81611023897298,49.466980256112386],[-123.82264074035297,49.47040695772586],[-123.8411636372109,49.47206326714613],[-123.84498333957751,49.47345616164858],[-123.84480924920426,49.47532907277697],[-123.84836398487903,49.476179350375595],[-123.84794442606074,49.48156100665383],[-123.82725618610077,49.48175759068916],[-123.82733815420198,49.49637348798745],[-123.81679656727177,49.496386547574396],[-123.8168062059941,49.49890184616383],[-123.79830618975355,49.49928880377378],[-123.79835257226793,49.508979668877984]]]]},"bbox":[-123.84836398487903,49.43412772144879,-123.67554723380303,49.55020829350141]},{"id":"5929018","type":"Feature","properties":{},"geometry":{"type":"MultiPolygon","coordinates":[[[[-124.03273215597062,49.61670746700225],[-124.03289533453429,49.61655215922485],[-124.03307533527924,49.616532783732474],[-124.03277266225997,49.61682590191626],[-124.03273215597062,49.61670746700225]]],[[[-124.02912272963118,49.87149567941058],[-124.02934586025845,49.871458668031764],[-124.02934916312238,49.871646670912995],[-124.02912593181759,49.87156826851197],[-124.02912272963118,49.87149567941058]]],[[[-124.03275422277844,49.6040419610584],[-124.03276486316372,49.60384396975941],[-124.03290283674559,49.60386106779509],[-124.03289535343727,49.60413026618499],[-124.03275422277844,49.6040419610584]]],[[[-124.03027753658978,49.599450266833514],[-124.03038805662092,49.599376264986084],[-124.03055475478708,49.59946595973252],[-124.03036364633758,49.59961975978111],[-124.03027753658978,49.599450266833514]]],[[[-124.02404191563761,49.628828858448756],[-124.02429215061956,49.628817463552096],[-124.02440602692651,49.62896847383141],[-124.02414264165259,49.628979858612745],[-124.02404191563761,49.628828858448756]]],[[[-123.99492453198754,49.635037077823604],[-123.99496101522313,49.63485616306527],[-123.9951411329471,49.634864656120435],[-123.99516061698378,49.635088265590106],[-123.99492453198754,49.635037077823604]]],[[[-124.0573262270972,49.62531817167407],[-124.05757275824814,49.62525266775807],[-124.05767454273548,49.62542216241046],[-124.05737053284138,49.62544356356124],[-124.0573262270972,49.62531817167407]]],[[[-124.03774984027578,49.735581975222885],[-124.03788602987456,49.735373957085315],[-124.03806543848425,49.73536406177234],[-124.03805603965034,49.73555345224188],[-124.03774984027578,49.735581975222885]]],[[[-124.02385834661419,49.62862376453248],[-124.02388323467929,49.62848846344172],[-124.02425831785753,49.62849416041605],[-124.0241782360482,49.62863806562407],[-124.02385834661419,49.62862376453248]]],[[[-124.03323023262823,49.61656155611776],[-124.03411655475233,49.61674877196075],[-124.0341616430789,49.61688857633997],[-124.03327138666963,49.61678280461755],[-124.03323023262823,49.61656155611776]]],[[[-124.00660984820591,49.57041497354016],[-124.00680253685073,49.57035935909781],[-124.00691615157008,49.57053026026496],[-124.00661615271451,49.57064996136925],[-124.00660984820591,49.57041497354016]]],[[[-124.21642494741313,49.72548715647213],[-124.21667503251368,49.725431571070374],[-124.21682994757697,49.72558255472092],[-124.21672343303929,49.72573636482911],[-124.21642494741313,49.72548715647213]]],[[[-124.20358172973123,49.7290576668848],[-124.2036063277299,49.728851058084466],[-124.20392934418793,49.729009154101576],[-124.20376473908105,49.72912735547726],[-124.20358172973123,49.7290576668848]]],[[[-124.06075255357823,49.62948686099489],[-124.06101571630512,49.629512464393315],[-124.06099362878918,49.62976457694717],[-124.06075734541672,49.629721875497985],[-124.06075255357823,49.62948686099489]]],[[[-124.20741812809776,49.71420317679906],[-124.20754183224066,49.71411196885874],[-124.20799974428924,49.71416186630539],[-124.20762944802827,49.71431845372943],[-124.20741812809776,49.71420317679906]]],[[[-124.02957474601382,49.6179949639702],[-124.02987524262504,49.617829767777046],[-124.03005633389716,49.61782825587464],[-124.02972934309938,49.61812736671596],[-124.02957474601382,49.6179949639702]]],[[[-124.2002672248758,49.694201562750834],[-124.2004855415922,49.694081877452724],[-124.20071102333985,49.69417875915377],[-124.20054903726914,49.694378155631945],[-124.2002672248758,49.694201562750834]]],[[[-124.08079554170864,49.71044466201885],[-124.0812380324138,49.71035915400993],[-124.08127275000363,49.71063836226856],[-124.08116162291388,49.710648264190844],[-124.08079554170864,49.71044466201885]]],[[[-124.21664503880918,49.713162057255296],[-124.21684945142604,49.712998270681645],[-124.21715514411763,49.71298687448107],[-124.21671794550616,49.713297367196],[-124.21664503880918,49.713162057255296]]],[[[-123.99405484350004,49.63185106874318],[-123.99422092601407,49.63183255597863],[-123.99443543010969,49.632162963603236],[-123.99398975369644,49.63203195710483],[-123.99405484350004,49.63185106874318]]],[[[-124.21172854132695,49.727371361557985],[-124.21201512144455,49.727251763623904],[-124.21217083103154,49.72732295789481],[-124.2119131384819,49.72754937251603],[-124.21172854132695,49.727371361557985]]],[[[-124.21755595891926,49.71299116188095],[-124.2178872564238,49.71287006071822],[-124.21796053194528,49.71305805635703],[-124.21753453105192,49.71321616779889],[-124.21755595891926,49.71299116188095]]],[[[-124.06464353894717,49.61738966291557],[-124.06484763918623,49.61720735988804],[-124.06494625116915,49.617305562116535],[-124.06449714764432,49.61766025971155],[-124.06464353894717,49.61738966291557]]],[[[-124.1980060206452,49.74547736601016],[-124.198380138876,49.745428879317494],[-124.1983841362814,49.74564397566127],[-124.19801312515482,49.74571947248192],[-124.1980060206452,49.74547736601016]]],[[[-124.11248402869553,49.65241527822143],[-124.11287113953739,49.652358262764864],[-124.11298853097539,49.65262597322539],[-124.11262665288693,49.65261176437781],[-124.11248402869553,49.65241527822143]]],[[[-124.03134022859713,49.619004678296214],[-124.03094026402724,49.61905316949736],[-124.03085301867098,49.61886516234631],[-124.03115482001463,49.618762567058795],[-124.03134022859713,49.619004678296214]]],[[[-123.99394314099443,49.63583746596264],[-123.99427183156787,49.63571777797221],[-123.99433434116358,49.636004060425826],[-123.994002734969,49.63604396351216],[-123.99394314099443,49.63583746596264]]],[[[-124.00271613848106,49.62736906273822],[-124.00241064727294,49.62733625396315],[-124.00294561883746,49.627124057950084],[-124.00293484381065,49.62727797513877],[-124.00271613848106,49.62736906273822]]],[[[-124.01822013527072,49.863245175715406],[-124.01852733951034,49.86327795260932],[-124.0184508435228,49.863594156575],[-124.0181997199959,49.863551360051765],[-124.01822013527072,49.863245175715406]]],[[[-124.03122243065842,49.61931945844307],[-124.03152474054426,49.61919975528503],[-124.03151954081775,49.619578664321565],[-124.03119974423305,49.61953597611508],[-124.03122243065842,49.61931945844307]]],[[[-124.18356485927471,49.75155296555818],[-124.18388203017113,49.75145047494195],[-124.18402423100419,49.75158437325119],[-124.18368202056249,49.75180366919237],[-124.18356485927471,49.75155296555818]]],[[[-124.02932694293082,49.61972911849897],[-124.02983514418658,49.61978227273815],[-124.02997535463905,49.61988056083596],[-124.02978052187565,49.6201861370753],[-124.02932694293082,49.61972911849897]]],[[[-124.20040204418699,49.71434836917753],[-124.20070743314038,49.7143540644773],[-124.20086803928201,49.71461325505089],[-124.20041072628796,49.71464466829901],[-124.20040204418699,49.71434836917753]]],[[[-124.04997595831807,49.62928036651409],[-124.05034454537908,49.629115174378164],[-124.05045036185422,49.629464065146884],[-124.05002124335307,49.629476851936055],[-124.04997595831807,49.62928036651409]]],[[[-124.20249823659272,49.68512927450956],[-124.20297152261335,49.68523186383627],[-124.20311572657627,49.68549246639495],[-124.20288324932524,49.68555655546717],[-124.20249823659272,49.68512927450956]]],[[[-124.2005482238505,49.685941064483956],[-124.20074023722069,49.68581297815016],[-124.20101413360355,49.68628715438498],[-124.20065433844768,49.68626437939624],[-124.2005482238505,49.685941064483956]]],[[[-124.20168354327275,49.70044666116419],[-124.20202715222935,49.700335567803236],[-124.20213335518737,49.70066746324239],[-124.20167494151104,49.70071726154451],[-124.20168354327275,49.70044666116419]]],[[[-124.18258542928604,49.72093536579706],[-124.18282155974663,49.720951070554925],[-124.18316193311853,49.72128998093165],[-124.18262033210158,49.72127717628179],[-124.18258542928604,49.72093536579706]]],[[[-124.17414035186648,49.74120616583556],[-124.17451334522578,49.74113915602694],[-124.17457363514477,49.74136426542666],[-124.17412033936392,49.741547953528],[-124.17414035186648,49.74120616583556]]],[[[-124.02963053348506,49.617319876213735],[-124.02964083905421,49.61721156594942],[-124.03026285982345,49.617106266772254],[-124.03009345875559,49.6176217647949],[-124.02963053348506,49.617319876213735]]],[[[-124.18586324846387,49.751817970736035],[-124.18632893244815,49.751561571505526],[-124.18653984853363,49.751711071176665],[-124.18637912350722,49.75192897179571],[-124.18586324846387,49.751817970736035]]],[[[-124.00487752761613,49.76400777018343],[-124.0053886451749,49.763832576475345],[-124.00551852538297,49.76403767438905],[-124.00513274097722,49.76422987413482],[-124.00487752761613,49.76400777018343]]],[[[-124.15361662255013,49.750000072531236],[-124.15403994187128,49.749908055700416],[-124.15401005155373,49.75041226507165],[-124.15377475370708,49.75042366535499],[-124.15361662255013,49.750000072531236]]],[[[-124.18531854433964,49.73460777733769],[-124.18482282243843,49.73475585877604],[-124.1845290435708,49.734641966700835],[-124.18488245776385,49.734377069502855],[-124.18531854433964,49.73460777733769]]],[[[-124.05961693554676,49.62496495894572],[-124.06013884566477,49.62479696077923],[-124.0605012320434,49.624866758423174],[-124.06022744541671,49.62507607323875],[-124.05961693554676,49.62496495894572]]],[[[-124.04342702985264,49.59765008048181],[-124.04267162989264,49.5978722668692],[-124.04255501287989,49.59761305933307],[-124.04335513555766,49.59747066637483],[-124.04342702985264,49.59765008048181]]],[[[-124.05086022359127,49.62926326040225],[-124.05103664804132,49.62910805707581],[-124.05148162371928,49.62913086036272],[-124.05114314552456,49.62951246166436],[-124.05086022359127,49.62926326040225]]],[[[-124.17652204506867,49.72148366843601],[-124.1769899508676,49.72133416070575],[-124.17728441932259,49.721475167627915],[-124.17690174034621,49.7216958634846],[-124.17652204506867,49.72148366843601]]],[[[-124.1466241531262,49.75801467080331],[-124.14682784821066,49.75778676986384],[-124.1471445351785,49.75826956877044],[-124.14685313575369,49.758290977012095],[-124.1466241531262,49.75801467080331]]],[[[-124.18812095620146,49.74995077045944],[-124.18854813195101,49.74981976615425],[-124.18884904810031,49.75022136323163],[-124.18844773896234,49.750262651277765],[-124.18812095620146,49.74995077045944]]],[[[-124.02871283561173,49.607280563854346],[-124.02909014103955,49.60749277553074],[-124.02882244322925,49.60787307452037],[-124.02862752776676,49.607847463557015],[-124.02871283561173,49.607280563854346]]],[[[-124.03538022783133,49.724008771891654],[-124.03584604429452,49.72371686367714],[-124.03612446079656,49.723715369333625],[-124.03560683503903,49.72421385787076],[-124.03538022783133,49.724008771891654]]],[[[-124.0431430423683,49.74431236357744],[-124.04380664574883,49.74427107405542],[-124.04385471467201,49.74452166104982],[-124.04307834348643,49.74454735722201],[-124.0431430423683,49.74431236357744]]],[[[-124.04109692232643,49.62210095909502],[-124.04143224225928,49.62214366318187],[-124.04127695504955,49.62271046348043],[-124.0409688445431,49.6225609756195],[-124.04109692232643,49.62210095909502]]],[[[-124.20411823698252,49.728853957577975],[-124.20466972643311,49.72870445793593],[-124.20477353571266,49.7289550669512],[-124.20419551998795,49.72914166146712],[-124.20411823698252,49.728853957577975]]],[[[-124.10877423144312,49.6537468611635],[-124.10845962734763,49.65332667765019],[-124.10899822793729,49.653249765851605],[-124.1092400444815,49.65349906810498],[-124.10877423144312,49.6537468611635]]],[[[-124.16763382743508,49.72688995887922],[-124.16798843874629,49.72721896020025],[-124.16741473747304,49.72765616090866],[-124.16738464252212,49.727547950470324],[-124.16763382743508,49.72688995887922]]],[[[-123.95480132581714,49.81956757386003],[-123.95531194030677,49.819365264571424],[-123.95578734136286,49.81956895301362],[-123.95566643579781,49.819785457590875],[-123.95480132581714,49.81956757386003]]],[[[-124.0418743485315,49.78039326745277],[-124.0422782530112,49.78038045753216],[-124.04208104325146,49.78094865051206],[-124.04168981455156,49.78088036293864],[-124.0418743485315,49.78039326745277]]],[[[-124.08486693369676,49.675236754058794],[-124.085203828889,49.67477527850051],[-124.0859383485115,49.674768171151655],[-124.08581772002891,49.67493056439637],[-124.08486693369676,49.675236754058794]]],[[[-124.17549212914008,49.73978906795438],[-124.1759915254667,49.73972066914893],[-124.17619795270146,49.740240571044446],[-124.1755711446204,49.74013935562536],[-124.17549212914008,49.73978906795438]]],[[[-124.15817633420498,49.740008360822664],[-124.15747103240223,49.740123771256954],[-124.15727592007185,49.74003546217125],[-124.15773814716925,49.73966226368092],[-124.15817633420498,49.740008360822664]]],[[[-124.17280053721414,49.7040897648687],[-124.17339525732777,49.70401146579105],[-124.1735120611855,49.704216564203826],[-124.1728387216438,49.70450285646369],[-124.17280053721414,49.7040897648687]]],[[[-124.02830013625086,49.872025460832646],[-124.02897873507514,49.87184747899689],[-124.02936953391523,49.871988468309866],[-124.02893053944398,49.872234755583264],[-124.02830013625086,49.872025460832646]]],[[[-124.01849695596388,49.589308458318925],[-124.01896745794441,49.589295665078865],[-124.01904793205172,49.58988817540084],[-124.01851865375295,49.589677371381086],[-124.01849695596388,49.589308458318925]]],[[[-124.17573454222115,49.73889605571363],[-124.17633013676604,49.73879206058753],[-124.17646622623691,49.73930337162103],[-124.17571411963523,49.73914815929233],[-124.17573454222115,49.73889605571363]]],[[[-124.10954743793414,49.653010579547825],[-124.10889783493218,49.65309737956377],[-124.10876683643384,49.65284677291643],[-124.10950893241515,49.65254337561702],[-124.10954743793414,49.653010579547825]]],[[[-123.95057955886438,49.81623916793042],[-123.95151693722292,49.81582615043597],[-123.95175473495127,49.81595856799673],[-123.95141434967366,49.816357361899115],[-123.95057955886438,49.81623916793042]]],[[[-123.90328504924169,49.74508286803242],[-123.90393756358523,49.74507857018134],[-123.90432161847053,49.74557846150694],[-123.90345554476615,49.7453420610021],[-123.90328504924169,49.74508286803242]]],[[[-123.94497362117362,49.78754706524729],[-123.94565532414344,49.787514257290006],[-123.94585734196103,49.78790877595448],[-123.94519094845835,49.7879500616688],[-123.94497362117362,49.78754706524729]]],[[[-123.94486385103887,49.7597008572022],[-123.94526473528936,49.75965247726403],[-123.945638941295,49.76036037376228],[-123.94525112436828,49.76038027568653],[-123.94486385103887,49.7597008572022]]],[[[-123.92510863626879,49.75109866084157],[-123.92584393289356,49.75107587628882],[-123.92621246217799,49.75154016761581],[-123.92530782140061,49.751394964077576],[-123.92510863626879,49.75109866084157]]],[[[-124.00357214446922,49.562588848168915],[-124.00398524564505,49.562459251685254],[-124.0049095573255,49.56307316148308],[-124.0045103276729,49.56315717057762],[-124.00357214446922,49.562588848168915]]],[[[-123.89641152962656,49.741233163800224],[-123.89703301369366,49.74102955980204],[-123.89730285104659,49.7413698569969],[-123.89662675628483,49.74160916574103],[-123.89641152962656,49.741233163800224]]],[[[-124.1839108371398,49.67046135090077],[-124.18335602391139,49.67040437110918],[-124.18318301686233,49.670136657751144],[-124.18463252694333,49.67049837375657],[-124.1839108371398,49.67046135090077]]],[[[-124.00378072747704,49.56129287184907],[-124.0036885245512,49.56085276854705],[-124.00432164539666,49.56065765058841],[-124.00428074067653,49.5613868639694],[-124.00378072747704,49.56129287184907]]],[[[-123.90082424621606,49.742628850201925],[-123.90132144412429,49.74251636499481],[-123.9017418319721,49.74268446144244],[-123.90111053133523,49.74313025750762],[-123.90082424621606,49.742628850201925]]],[[[-124.19225263503323,49.71798585743196],[-124.19283213745821,49.71790747780098],[-124.1930774326761,49.71830055310509],[-124.19243063798375,49.718442950750486],[-124.19225263503323,49.71798585743196]]],[[[-123.93374354417686,49.759790670338084],[-123.93482993150853,49.760024154932694],[-123.93528562750383,49.76060527729581],[-123.93483934119398,49.76049276759498],[-123.93374354417686,49.759790670338084]]],[[[-124.00329304679215,49.563796663064],[-124.00369365782595,49.56376676913115],[-124.00440734230678,49.564129850781384],[-124.00358225196267,49.56433497295779],[-124.00329304679215,49.563796663064]]],[[[-124.00331464994741,49.55938865253284],[-124.00385262218335,49.55938445717254],[-124.00399082932492,49.56002247427063],[-124.00343675383267,49.55999965970971],[-124.00331464994741,49.55938865253284]]],[[[-124.04391302720366,49.74463846232096],[-124.0452022301103,49.744581470821984],[-124.04535733985996,49.74470687387608],[-124.04400354451025,49.74496177660878],[-124.04391302720366,49.74463846232096]]],[[[-124.00588223172929,49.62720665807221],[-124.00611616183753,49.62704296612253],[-124.00758474244374,49.627075669453625],[-124.00707736272251,49.62732206690781],[-124.00588223172929,49.62720665807221]]],[[[-124.02687302631229,49.871669374455394],[-124.02791663490896,49.87172207394504],[-124.02799144543339,49.87198276127464],[-124.02734224923324,49.87220485883875],[-124.02687302631229,49.871669374455394]]],[[[-124.09161862457125,49.63501136560033],[-124.09210173239781,49.63498007101351],[-124.09159765181626,49.63598265396546],[-124.09142564221149,49.63571495452791],[-124.09161862457125,49.63501136560033]]],[[[-124.01259932552088,49.994298069339244],[-124.01304812593206,49.99436646906788],[-124.01359852990583,49.99534261310876],[-124.01304272599334,49.99533073791741],[-124.01259932552088,49.994298069339244]]],[[[-124.04519835302224,49.597588855759774],[-124.0459406501903,49.59736665359172],[-124.04603222376241,49.597761155241166],[-124.04520643655563,49.59801186087577],[-124.04519835302224,49.597588855759774]]],[[[-123.98659314589219,49.63879545644541],[-123.9869612233827,49.63855056452378],[-123.98759844644087,49.63849077459254],[-123.98706002176219,49.63930535913265],[-123.98659314589219,49.63879545644541]]],[[[-124.21910563176412,49.72054797323546],[-124.21958705613758,49.720372759538726],[-124.21997795522758,49.72103366634389],[-124.2189623236375,49.72096385631977],[-124.21910563176412,49.72054797323546]]],[[[-124.19999983777193,49.690102678438144],[-124.20054365158893,49.69020516196825],[-124.2003972498156,49.69106116877617],[-124.19994774893402,49.69083186306986],[-124.19999983777193,49.690102678438144]]],[[[-123.94906494111207,49.816260575322524],[-123.94961773458827,49.816110951254835],[-123.95069632502462,49.816588063032405],[-123.94992165892437,49.81675616516328],[-123.94906494111207,49.816260575322524]]],[[[-124.18773473521311,49.75120407261939],[-124.18830555970573,49.750631564545856],[-124.18879323517285,49.750716956521735],[-124.1884092288149,49.751513153995056],[-124.18773473521311,49.75120407261939]]],[[[-124.01011934428531,49.99713515606602],[-124.01072953225649,49.99690435865663],[-124.01082072461253,49.99796547249978],[-124.01024612221063,49.99786285607154],[-124.01011934428531,49.99713515606602]]],[[[-124.1157300375388,49.65136847682124],[-124.11699934311459,49.651184648643444],[-124.11713073179445,49.651479452170676],[-124.11606934028461,49.65170595583342],[-124.1157300375388,49.65136847682124]]],[[[-124.02053073327126,49.59328485536683],[-124.02127061935062,49.592945960127814],[-124.02256163898389,49.59310545625542],[-124.02238633824068,49.593294866961436],[-124.02053073327126,49.59328485536683]]],[[[-124.19305953683546,49.70000515917015],[-124.19259265265293,49.70018177270399],[-124.19201955681012,49.6999980598115],[-124.19361002112085,49.699828556291045],[-124.19305953683546,49.70000515917015]]],[[[-124.17692084252951,49.71961794981272],[-124.17659963027062,49.71952256727918],[-124.17530334176787,49.71989426245034],[-124.17637054009478,49.71927185471729],[-124.17692084252951,49.71961794981272]]],[[[-124.20531323826509,49.68459665354194],[-124.20616194461931,49.68471347100543],[-124.20563693505581,49.68542126706755],[-124.20511393725208,49.68493136513467],[-124.20531323826509,49.68459665354194]]],[[[-123.89456653401368,49.74196666809735],[-123.89538393829044,49.74186127807848],[-123.89586683358291,49.742487975382666],[-123.89493734408768,49.742495062531496],[-123.89456653401368,49.74196666809735]]],[[[-124.09385273655447,49.63767896090817],[-124.09457794036078,49.63732146600818],[-124.09488843697616,49.637597772429565],[-124.09419564558979,49.63818025708209],[-124.09385273655447,49.63767896090817]]],[[[-124.18295575865017,49.72244357015486],[-124.18334565876506,49.72143236304946],[-124.18403792351863,49.72187535559692],[-124.18396873740188,49.72246065892866],[-124.18295575865017,49.72244357015486]]],[[[-124.12890716080115,49.66528157008492],[-124.12969534275565,49.66454515565358],[-124.13060761585986,49.664518163002704],[-124.12945255635137,49.66548235881455],[-124.12890716080115,49.66528157008492]]],[[[-124.21741725268916,49.71461187324413],[-124.21760715248998,49.71447515687774],[-124.21831533895894,49.71449366232227],[-124.21700544219547,49.71534387118499],[-124.21741725268916,49.71461187324413]]],[[[-123.9372784410411,49.76236985359879],[-123.93813295129507,49.762102173317615],[-123.93895793223558,49.76304066840455],[-123.93855595793941,49.76307056648688],[-123.9372784410411,49.76236985359879]]],[[[-124.08945751935667,49.638772760814234],[-124.09019554575654,49.63828986210915],[-124.09067186110634,49.63852776730469],[-124.09002382257218,49.639308260558536],[-124.08945751935667,49.638772760814234]]],[[[-124.20635412981079,49.748475257803065],[-124.20742976538007,49.74878866887234],[-124.20703542576372,49.74963746358855],[-124.20616684435011,49.74874726568003],[-124.20635412981079,49.748475257803065]]],[[[-124.08767163355677,49.75242178064101],[-124.08825082830536,49.75230786247964],[-124.08864853701763,49.75331185562859],[-124.08791464471106,49.753373172833555],[-124.08767163355677,49.75242178064101]]],[[[-123.93549204340641,49.76116216080266],[-123.93660363994172,49.76120626497211],[-123.93729543121077,49.76184006420536],[-123.9366752254175,49.76202525746184],[-123.93549204340641,49.76116216080266]]],[[[-124.17414772501508,49.73983036049773],[-124.17468683985346,49.739761969586326],[-124.17546751979869,49.740472659170536],[-124.1741524550339,49.74059516739379],[-124.17414772501508,49.73983036049773]]],[[[-123.89401445462047,49.73839046998122],[-123.89484095662407,49.73878926275668],[-123.89483234051359,49.73981465621167],[-123.89401362352378,49.73908405928346],[-123.89401445462047,49.73839046998122]]],[[[-124.20509343384613,49.69034616844799],[-124.20607864742088,49.68976936421143],[-124.20651042405109,49.69042165929378],[-124.20592835132446,49.69098566602685],[-124.20509343384613,49.69034616844799]]],[[[-124.15784063645187,49.74687447062918],[-124.15850354561879,49.74671494831223],[-124.15904354840734,49.74778886160716],[-124.1580655431817,49.74757376461328],[-124.15784063645187,49.74687447062918]]],[[[-124.10226214574325,49.65131716992831],[-124.10138374710638,49.65164046910347],[-124.10332792884677,49.650613561418034],[-124.10310525682539,49.65117326335637],[-124.10226214574325,49.65131716992831]]],[[[-123.89774254702638,49.741123567129605],[-123.8972432434436,49.74033597229228],[-123.89875632974014,49.73964945788976],[-123.89831483520193,49.740570959001026],[-123.89774254702638,49.741123567129605]]],[[[-124.21363343417345,49.713122181149274],[-124.213569217647,49.71273616404531],[-124.21538281959464,49.71258236396047],[-124.21446144936155,49.71346395095502],[-124.21363343417345,49.713122181149274]]],[[[-124.02961832129519,49.59837645651946],[-124.02995262892617,49.59983056733959],[-124.02920382483907,49.60041305546877],[-124.02905325448141,49.59977506341797],[-124.02961832129519,49.59837645651946]]],[[[-124.01966212074478,49.59408386077669],[-124.02018273768404,49.59388166466842],[-124.02117973380221,49.594546780310665],[-124.01935864511779,49.59478885930968],[-124.01966212074478,49.59408386077669]]],[[[-123.89174733464517,49.73885755774171],[-123.8923740317859,49.73819676348914],[-123.89343185373582,49.73839615999344],[-123.89287583826268,49.73910966913426],[-123.89174733464517,49.73885755774171]]],[[[-124.19394694669155,49.71811255917903],[-124.19547472743935,49.71815956668081],[-124.19568181858257,49.71866946712217],[-124.19475904508202,49.71894856741503],[-124.19394694669155,49.71811255917903]]],[[[-124.09110421215438,49.63685145960888],[-124.09187142333138,49.63761766877349],[-124.09126572540809,49.63840527338794],[-124.09067654374894,49.63752936533562],[-124.09110421215438,49.63685145960888]]],[[[-124.17519454555644,49.72050807665531],[-124.17591072336039,49.720355670385906],[-124.1764475329298,49.7212856804888],[-124.17531624232808,49.72152215929767],[-124.17519454555644,49.72050807665531]]],[[[-124.18510785960399,49.72201636235863],[-124.18435883241347,49.72197926866024],[-124.18382815661182,49.7212472665375],[-124.18571473544367,49.721237280317396],[-124.18510785960399,49.72201636235863]]],[[[-124.0267563309464,49.59979638059992],[-124.02545791914106,49.59988895898163],[-124.02485182283017,49.599353465385526],[-124.02547352921769,49.598709665460255],[-124.0267563309464,49.59979638059992]]],[[[-124.172865633396,49.72174577078177],[-124.17327173148519,49.720778669459804],[-124.17443774381266,49.720748749811214],[-124.17400114824493,49.72166166106161],[-124.172865633396,49.72174577078177]]],[[[-124.1856063472401,49.66836636298458],[-124.18458623720528,49.668557161560784],[-124.18408002214954,49.667733961175564],[-124.18525175106029,49.66742495483949],[-124.1856063472401,49.66836636298458]]],[[[-124.06153333896947,49.6335643630971],[-124.06263873787422,49.63401295995076],[-124.06176371600708,49.635216462847744],[-124.06145775151347,49.63455416637553],[-124.06153333896947,49.6335643630971]]],[[[-124.04431712275823,49.74342076357153],[-124.04605042553514,49.74337806992189],[-124.04615912145363,49.74387226522427],[-124.04486134555356,49.744252471731905],[-124.04431712275823,49.74342076357153]]],[[[-124.0592181528529,49.62955527087489],[-124.05850054342196,49.629085260094136],[-124.06105352829037,49.62862946484025],[-124.06094875436106,49.62893717065706],[-124.0592181528529,49.62955527087489]]],[[[-123.98957804116903,49.77293605113924],[-123.99082024282887,49.773303549327586],[-123.99007821259652,49.77437025979989],[-123.9891945453039,49.77394726558743],[-123.98957804116903,49.77293605113924]]],[[[-124.18274713776489,49.72078155272577],[-124.18246652413006,49.71952536434504],[-124.18463152874342,49.720627755849506],[-124.18343393444214,49.721062061400616],[-124.18274713776489,49.72078155272577]]],[[[-124.08929685006908,49.7574705537376],[-124.0895218575775,49.75697356790516],[-124.09136124834049,49.756614670017406],[-124.08985285044935,49.75875096482656],[-124.08929685006908,49.7574705537376]]],[[[-123.94187153529903,49.76361885645876],[-123.9423317306784,49.76237417178862],[-123.94407664181217,49.76423135351129],[-123.94336771894238,49.76424556095776],[-123.94187153529903,49.76361885645876]]],[[[-124.18607013061892,49.7227982596634],[-124.18617004316165,49.72174426361245],[-124.18885814477821,49.72274267173773],[-124.18767623850799,49.72315995054654],[-124.18607013061892,49.7227982596634]]],[[[-124.0332436295309,49.625832375716165],[-124.0346916493095,49.62551337103777],[-124.03501633061319,49.62646466749787],[-124.03336733081855,49.62708996491046],[-124.0332436295309,49.625832375716165]]],[[[-124.03820954973591,49.62104695989139],[-124.03979823987589,49.62156396703076],[-124.03893213040699,49.623110668515196],[-124.03787565903484,49.62288566457376],[-124.03820954973591,49.62104695989139]]],[[[-124.03761483270016,49.623643360453414],[-124.03840795303147,49.623879767108434],[-124.03826543568317,49.62692045495033],[-124.03679563035482,49.62622396800061],[-124.03761483270016,49.623643360453414]]],[[[-124.04373124064571,49.59569465785423],[-124.0459963411517,49.59546815194648],[-124.04650033265922,49.59636257546994],[-124.04439292548183,49.59684117472213],[-124.04373124064571,49.59569465785423]]],[[[-124.20322194216345,49.684707761144786],[-124.20192634649759,49.68448845942789],[-124.20245454794878,49.683393165266075],[-124.20488514118746,49.682477453126644],[-124.20322194216345,49.684707761144786]]],[[[-124.20600504218417,49.715944955768556],[-124.20431933736282,49.71619697156397],[-124.20243984307427,49.71538807490799],[-124.20387283104321,49.714411067649465],[-124.20600504218417,49.715944955768556]]],[[[-124.0698420395945,49.625319662123005],[-124.07079343857627,49.623889770736604],[-124.0722468431547,49.62447075174526],[-124.07136165522941,49.62636786244327],[-124.0698420395945,49.625319662123005]]],[[[-124.18172214539298,49.722546153550475],[-124.17880443525192,49.722342479613474],[-124.1785203565162,49.720932458998924],[-124.18130041910344,49.720607764758995],[-124.18172214539298,49.722546153550475]]],[[[-123.95793094293073,49.81473945734325],[-123.95562075050417,49.81532487168919],[-123.9549211414596,49.81443046130707],[-123.95906043836852,49.81349755900484],[-123.95793094293073,49.81473945734325]]],[[[-124.0522981348892,49.604081859089675],[-124.05048994491518,49.604251267265724],[-124.0515784312864,49.60214486920103],[-124.05360324164408,49.602325755652174],[-124.0522981348892,49.604081859089675]]],[[[-124.19595034957285,49.751038858630345],[-124.19602572715083,49.750778273366755],[-124.19350572277236,49.74933695971425],[-124.19655655390864,49.74859496417064],[-124.1976463325636,49.75001486794454],[-124.19595034957285,49.751038858630345]]],[[[-124.21737975406391,49.72420106182981],[-124.21597473926082,49.72301046178736],[-124.21902393040261,49.72175426999515],[-124.21911683063577,49.72380366425353],[-124.21737975406391,49.72420106182981]]],[[[-123.80446484052077,50.184803156277965],[-123.80688064843581,50.184363164832064],[-123.80831553218539,50.185505364119834],[-123.80661184922143,50.18674866898813],[-123.80446484052077,50.184803156277965]]],[[[-124.05754323152102,49.626449072742396],[-124.06046655557614,49.62523557129234],[-124.06257594023262,49.626034560636455],[-124.06193843610701,49.627363363871005],[-124.05754323152102,49.626449072742396]]],[[[-124.2030468206492,49.709050366859586],[-124.20338814842918,49.705996852785674],[-124.20557182692835,49.70568636974643],[-124.20550643820518,49.70813457539512],[-124.2030468206492,49.709050366859586]]],[[[-124.01568793660317,49.86325805410394],[-124.01346614639723,49.86142506845912],[-124.01309132618083,49.85948526106124],[-124.01694983424225,49.86176405897563],[-124.01719731849273,49.86359556051529],[-124.01568793660317,49.86325805410394]]],[[[-124.01964392886332,49.867415265657556],[-124.01816734164223,49.86732986594926],[-124.01915132619064,49.8665194754386],[-124.01527633803448,49.86353147199081],[-124.02103823824108,49.866243169379864],[-124.01964392886332,49.867415265657556]]],[[[-124.15978685145399,49.75629136708886],[-124.1572924281069,49.75706327677505],[-124.15598404151825,49.756365377884755],[-124.16258124581307,49.75471615614558],[-124.15978685145399,49.75629136708886]]],[[[-124.01971604944711,49.59265256294218],[-124.01763685738305,49.59124116603441],[-124.0226667473689,49.591547355519694],[-124.02170434970326,49.592527169478885],[-124.01971604944711,49.59265256294218]]],[[[-124.02969612673921,49.6047170753106],[-124.02941115765783,49.602956663349985],[-124.03165903881302,49.601911359218434],[-124.03420713500907,49.60337256577178],[-124.03267543238708,49.603530653869974],[-124.03209691985128,49.60563136395672],[-124.0334399398646,49.606312161784196],[-124.03180023442982,49.6072976617922],[-124.02969612673921,49.6047170753106]]],[[[-124.19121035995417,49.720802865925165],[-124.18838895034081,49.7188161533711],[-124.18623463368743,49.720439764773154],[-124.18371513167341,49.719439967871445],[-124.19052122874375,49.71751726894996],[-124.19121035995417,49.720802865925165]]],[[[-124.08202962848326,49.63166447499148],[-124.07866032896834,49.63205616476921],[-124.07874735321087,49.62849416015782],[-124.08308493437079,49.629280368432546],[-124.08202962848326,49.63166447499148]]],[[[-124.15351175561466,49.758071568525345],[-124.14937892576374,49.758815058477175],[-124.1492551533494,49.756584757352236],[-124.15137813163432,49.7547204715562],[-124.15265512412374,49.75592107058482],[-124.15466954521939,49.754785959583906],[-124.15521862461706,49.75687666770588],[-124.15351175561466,49.758071568525345]]],[[[-124.20937784051533,49.70982086745759],[-124.20366011613466,49.71033926381265],[-124.20908042424718,49.70678295522889],[-124.21469155330436,49.707120563310006],[-124.21329593847386,49.70901476179495],[-124.20937784051533,49.70982086745759]]],[[[-124.20448154163594,49.72729444903798],[-124.20177366097849,49.72432786394278],[-124.20659513644972,49.72576197630779],[-124.20865823902066,49.723356476619756],[-124.21289603192719,49.72302466499455],[-124.20697203274732,49.7275109808386],[-124.20448154163594,49.72729444903798]]],[[[-123.9933712170275,49.78938145815599],[-123.98373093739879,49.78940996974882],[-123.97813723554863,49.78697456325183],[-123.97762074512407,49.784729972672125],[-123.97392464143495,49.78333997496064],[-123.97330214272488,49.7813218600995],[-123.98088173046663,49.778379461975646],[-123.99395143316401,49.781694959792034],[-123.99358262649923,49.78268766590073],[-123.99813394500283,49.78446505892128],[-123.99613714296689,49.786011775162095],[-123.99685965343077,49.78809255649845],[-123.9933712170275,49.78938145815599]]],[[[-124.05979564052518,49.62430555180561],[-124.04746254583523,49.62705435851926],[-124.03932284517549,49.62591356047596],[-124.0486723440054,49.615637849852156],[-124.04325913138862,49.61571336784323],[-124.04056855511323,49.6187411605038],[-124.03701055199565,49.61737967045267],[-124.03293954750349,49.619286650849844],[-124.03512025200976,49.616433964498526],[-124.03859815739995,49.61717596057932],[-124.04202772544203,49.61370946306772],[-124.04211244915732,49.6105790711275],[-124.03837564075626,49.609334275244265],[-124.03888233456662,49.60649727425082],[-124.03718602177233,49.605450461966974],[-124.04234482130873,49.605286663162374],[-124.04394555445813,49.60313186755228],[-124.04870683055833,49.60246816258834],[-124.049856252944,49.60313325647459],[-124.04907233483047,49.60658416863412],[-124.0503968399125,49.607039877838034],[-124.05465123832305,49.60345807601426],[-124.05913574585914,49.603435261202904],[-124.06059433832917,49.60755975024012],[-124.05717834658566,49.611530468672576],[-124.0588992217193,49.611019164966926],[-124.06118044652658,49.61342746709792],[-124.0612127371441,49.61173557575153],[-124.06445353971439,49.612488969629894],[-124.06497644051146,49.61614485269053],[-124.06392402687878,49.61738677090508],[-124.06150642294946,49.61381206945522],[-124.0635500281698,49.61932516916165],[-124.06041464534246,49.62218636395787],[-124.06249135093805,49.62279735672517],[-124.05979564052518,49.62430555180561]]],[[[-124.22294743347915,49.751486073160805],[-124.21502135060828,49.75090355296787],[-124.21683195338004,49.74780876728958],[-124.21243002210689,49.74998635786017],[-124.2085967263328,49.74940527486897],[-124.20250055576786,49.74425247221305],[-124.1965904276574,49.74435786408115],[-124.19543576225891,49.74484786598202],[-124.19756804129852,49.745715165617085],[-124.19650555124565,49.747066765334914],[-124.1814758400842,49.749002250822265],[-124.18105244481895,49.750382264708065],[-124.17578223147044,49.75120976398829],[-124.17440822483263,49.75287896411848],[-124.17085463865628,49.75239327502791],[-124.16883594398114,49.753240669082636],[-124.16943603780086,49.75515057574223],[-124.16190673073619,49.75264536513442],[-124.15746424353793,49.75500106292911],[-124.15635462678988,49.75212556393519],[-124.15897701925394,49.75257556240653],[-124.15999632619224,49.751108658025466],[-124.15877234221475,49.74871885811141],[-124.15997144904402,49.74715935614843],[-124.15864176261893,49.74615666725316],[-124.16295934642889,49.74498025397841],[-124.16319843345453,49.74281836114334],[-124.16193532321502,49.742831165863805],[-124.16351775500938,49.741654766390894],[-124.17066832692174,49.74114205850705],[-124.17471126163974,49.74246936830631],[-124.17516573216112,49.7412132592695],[-124.17749105600628,49.74149666337135],[-124.17646515147959,49.740400055047374],[-124.17771965738577,49.738921664849165],[-124.18195934567726,49.74144114915971],[-124.18371883794853,49.74132436649004],[-124.18372193773575,49.73974205909196],[-124.19018502550385,49.74120466197703],[-124.18790813391688,49.73896157669457],[-124.18942812485706,49.73696625611676],[-124.19658154110782,49.74004965677837],[-124.19767894855671,49.733293256966356],[-124.20416922342923,49.72977116786813],[-124.20713502801644,49.73131496621717],[-124.2046900636411,49.733956869519496],[-124.20988703713058,49.73040495788157],[-124.21176752449678,49.73069117193296],[-124.21025221803251,49.73168665884793],[-124.21461504990894,49.73129936158512],[-124.21523893773447,49.73014146429643],[-124.21274926239124,49.72942076576936],[-124.2154339491508,49.726865756972956],[-124.21336093743754,49.7266264770064],[-124.21600263136675,49.72571646778507],[-124.21599113159182,49.72698537990779],[-124.2196500436727,49.72736135485226],[-124.21996424037728,49.7254686623771],[-124.2236046417164,49.72406297608294],[-124.22650522382857,49.72681166643501],[-124.22408363680582,49.72869875124555],[-124.22582963819296,49.73083075640366],[-124.22522021844595,49.73309525740614],[-124.22332795241695,49.735624663856036],[-124.21833253237013,49.73515466520073],[-124.22280835541805,49.73925496987106],[-124.2218952184367,49.74218736212687],[-124.22431783900478,49.74408727737839],[-124.22247664013271,49.745437461454756],[-124.22847105737667,49.74590455978217],[-124.22294743347915,49.751486073160805]]],[[[-124.13648003068863,49.76001135724181],[-124.11804624254846,49.76145125273284],[-124.1173448354392,49.75870537762533],[-124.115365155724,49.75783376608628],[-124.11612434080013,49.75455237360011],[-124.11381625344266,49.7538374629343],[-124.11376175066027,49.75202017494495],[-124.1084286490068,49.751352160022584],[-124.10742784370882,49.75248587017748],[-124.10729553751337,49.75100327855694],[-124.09757515268645,49.749647456435305],[-124.09449511813331,49.747247667707256],[-124.08885392042508,49.749432370455565],[-124.08561193642547,49.75280915222161],[-124.08690743684168,49.75427186435829],[-124.08621882713449,49.757031958287435],[-124.08928412640617,49.75931355596046],[-124.08936894587306,49.761948264384046],[-124.09692483337916,49.76632065475174],[-124.09462781853604,49.770947860810814],[-124.08916785353789,49.77397716492579],[-124.0605237156233,49.774394460510194],[-124.06478584835618,49.774967064091065],[-124.06289213457009,49.77599247116806],[-124.05572312198336,49.77461946627055],[-124.05362973278196,49.776751571780714],[-124.05431812698585,49.77831957108192],[-124.05133423619051,49.777185977199295],[-124.05000005030571,49.77907867505319],[-124.04190386007703,49.77919686419232],[-124.04030413720663,49.78104558006097],[-124.03231321237934,49.78020806028762],[-124.0300571308362,49.78182025511779],[-124.01662533440238,49.78318896507809],[-123.99780583221579,49.778029069279285],[-123.99358443793403,49.776005261787375],[-123.99097583821349,49.77137656542279],[-123.99323354202602,49.766320656685636],[-124.00046924010684,49.767022773014304],[-124.0053138315382,49.7642825765226],[-124.01427103765272,49.76759525190389],[-124.01530223416901,49.7644378671275],[-124.02438763698166,49.76134586147959],[-124.0261611501585,49.7591440532808],[-124.02480022164481,49.75787937102744],[-124.03141473192564,49.75221667733014],[-124.03897894007622,49.751501770838686],[-124.03889053128611,49.749990677801186],[-124.04299183123567,49.74955765936145],[-124.04505764578312,49.74629195813763],[-124.05402855976064,49.74517686360311],[-124.05525644879337,49.74224295606817],[-124.05715072938393,49.743187177486945],[-124.06039574469419,49.74111635161522],[-124.05840422397915,49.73445105771446],[-124.05258553267807,49.72847797642871],[-124.05085452602684,49.72218867424751],[-124.05421043324394,49.72212177673463],[-124.05769374269467,49.71835757531331],[-124.06059814019352,49.718564072493045],[-124.0646780450959,49.70725586348394],[-124.06983442685494,49.70267555826868],[-124.07534234204216,49.705917050424944],[-124.07497432628831,49.710579968436484],[-124.07577633937646,49.70925827902881],[-124.07871023584465,49.70956446920503],[-124.08200892200728,49.71384136608034],[-124.08256171794324,49.70939356509849],[-124.07903184626177,49.708373865901464],[-124.0771835458613,49.7045142725689],[-124.07942361989568,49.701066166283674],[-124.08181463783639,49.701970574791034],[-124.08177082734302,49.70434616697282],[-124.08285313794447,49.70375935434418],[-124.08085664292864,49.70004506013854],[-124.08030251621312,49.68945465836899],[-124.08427695047098,49.67615965262164],[-124.08783692886152,49.67354475320695],[-124.08729522551064,49.67164346538873],[-124.08433914724996,49.6713913627264],[-124.08369024697981,49.66908557629535],[-124.0861846443138,49.66218105489592],[-124.08601875141494,49.65289086787943],[-124.09018785621261,49.646601560972954],[-124.09341991458354,49.645536259175586],[-124.09881795071357,49.649065473638224],[-124.09738193800737,49.65115615582278],[-124.1012342553475,49.65119185888488],[-124.09983164070486,49.65288666698348],[-124.10451701365551,49.65235685959443],[-124.10597822692326,49.65506857634758],[-124.1094471381555,49.65409006812647],[-124.11142265143188,49.656293356100676],[-124.11314475334311,49.65589026519071],[-124.11264994176693,49.653645750308186],[-124.11456263000754,49.65239526849489],[-124.12166365491117,49.655223763428246],[-124.12204982387811,49.65149516812413],[-124.13002004661904,49.651049366048525],[-124.12694645185384,49.65293216794715],[-124.13167434852203,49.65315577263147],[-124.12840174083156,49.65419547693038],[-124.13089503624605,49.65659097354147],[-124.12537014064566,49.65793975512629],[-124.12644025418889,49.65864046549802],[-124.12401265155849,49.65972427074941],[-124.12039083437845,49.658851274811994],[-124.11794083402394,49.66018855136504],[-124.12009505737882,49.66171526642263],[-124.11949846283466,49.66468906721706],[-124.12471604668707,49.66255986398761],[-124.12658995167925,49.66333316169916],[-124.12514574031263,49.66744066924022],[-124.1227263180209,49.668263862686715],[-124.12757425690245,49.66810006121895],[-124.12862432211057,49.6674249630823],[-124.12693216364454,49.666146068693095],[-124.13040992044156,49.66547375952833],[-124.13189503456978,49.66616876076736],[-124.12995152443973,49.66728537447681],[-124.13236644977303,49.66736945653113],[-124.13551873767602,49.66115135790896],[-124.14211213451432,49.65926855786422],[-124.14417692333633,49.65985107190436],[-124.14174743060522,49.660873561120844],[-124.14259623827965,49.662178155116294],[-124.14687771869654,49.663323264389476],[-124.15249913013308,49.661406259317744],[-124.16270354345124,49.66167255331575],[-124.17092135061698,49.66973925364366],[-124.17847503044823,49.67320587682624],[-124.1897925359915,49.67298227490842],[-124.19317245313722,49.67113075956001],[-124.1930737316163,49.67222027657761],[-124.19593154815499,49.67236125351294],[-124.20055074163108,49.670217851980354],[-124.20555732538926,49.67264036482136],[-124.20526661888299,49.677130961386034],[-124.20378854238274,49.678486761766976],[-124.18458785816676,49.685737467361086],[-124.20125814579123,49.682074365988186],[-124.19885903888401,49.68656206813233],[-124.20136263790798,49.68687676864103],[-124.19783735976031,49.68899177090891],[-124.20042184769189,49.69204954901549],[-124.1973310557332,49.69664267134833],[-124.19832193890146,49.697414556301005],[-124.17915172747333,49.70292766281656],[-124.17410364408545,49.702933365454406],[-124.16562675858957,49.70739966417177],[-124.16652452737812,49.711924358867954],[-124.16890345845296,49.71156687082379],[-124.17065965413964,49.71314206014415],[-124.16983233856143,49.714507877399086],[-124.17259932438641,49.71412906497547],[-124.1735644255814,49.71280596390492],[-124.17140834345882,49.71251394887717],[-124.17178012998141,49.7106753564497],[-124.17503373753296,49.71096585514978],[-124.17635804432791,49.70840655305721],[-124.18842211513372,49.70091666365591],[-124.19500795264547,49.700831160615756],[-124.19929043625145,49.70300887274289],[-124.20228474106413,49.701222865795216],[-124.2032948537962,49.70168006268523],[-124.20224972741063,49.70434476720058],[-124.20414195182221,49.70453276166284],[-124.20016086147803,49.70565357132769],[-124.20266494701241,49.712130869873256],[-124.1992038302792,49.71464037593617],[-124.19332112661752,49.71403506295881],[-124.18851974193723,49.71679236006305],[-124.18249802889935,49.71737487112157],[-124.17974995065826,49.71557746959093],[-124.17852584893392,49.716048875462846],[-124.17946282620795,49.717468870495296],[-124.17619445037239,49.71659297437203],[-124.17468972775865,49.71685216243325],[-124.17739715823791,49.71751726256162],[-124.1750989389135,49.71776507809856],[-124.17616552688574,49.718816169536446],[-124.17462413965971,49.71992846010157],[-124.17140102369422,49.72030297284667],[-124.1681409479071,49.72489606097653],[-124.16643572093906,49.7250028577643],[-124.166682426561,49.72773597478848],[-124.1601168315042,49.731138361939884],[-124.1592222387052,49.73261387333491],[-124.16138522441604,49.73424745702772],[-124.15779186033689,49.73606327041407],[-124.1597728509081,49.73588247214317],[-124.15974473762427,49.73763707981326],[-124.15483562859937,49.73901717239534],[-124.1541385363786,49.74232417760041],[-124.15014833799123,49.74676337271785],[-124.15190144288992,49.746942873681576],[-124.1523921473619,49.75241606240481],[-124.14188495036643,49.7595812581292],[-124.13648003068863,49.76001135724181]]],[[[-124.0137841379081,49.75355975895939],[-124.0025953423138,49.75298146298772],[-123.99855433691097,49.750920671782985],[-123.98900702583612,49.752406072891276],[-123.98975362402108,49.75839916712711],[-123.97938903340875,49.764944861748894],[-123.9684359542683,49.7665299680084],[-123.9592033255299,49.76310907267351],[-123.94898986011849,49.76198676758675],[-123.94619004153117,49.760858749407596],[-123.94640231912169,49.758852059969776],[-123.94469273982382,49.75802887664484],[-123.92973705866582,49.754318869477096],[-123.92919815481736,49.75228076713861],[-123.93117434529718,49.75039366537366],[-123.92995822397401,49.74922587538743],[-123.93273052076769,49.74823176953564],[-123.92608743494736,49.74932837362474],[-123.91593964273105,49.746323257460276],[-123.9132168318484,49.747738966160036],[-123.907763847875,49.747062456164485],[-123.90695405989258,49.746017067012566],[-123.90936914214261,49.74530497192828],[-123.90608915983846,49.74057236669219],[-123.90337193054114,49.74080026950538],[-123.90160953484813,49.737773778028874],[-123.8975376337826,49.73749177572655],[-123.89444100088336,49.73475772888099],[-123.90422011303862,49.734084390755925],[-123.90416936215033,49.72768276850745],[-123.9135166860023,49.72479426673712],[-123.92480335851279,49.728217055147645],[-123.93936258254075,49.719265035899944],[-123.93943932515901,49.70686587862898],[-123.9355716030495,49.70011764036884],[-123.93477034898604,49.69169173659972],[-123.92890824224627,49.68362543754393],[-123.93034719117394,49.67876492919845],[-123.92850443846838,49.67145754593246],[-123.92726816052053,49.66976903504426],[-123.91000830083412,49.6648776014747],[-123.90745068217613,49.662596627082635],[-123.9067704319993,49.65844389198079],[-123.90866096894975,49.65568558453874],[-123.89516703544813,49.65128149214309],[-123.89050561813175,49.643249443000556],[-123.89341690011376,49.6349368711844],[-123.89947685705617,49.63072672915367],[-123.90070460010091,49.62102139923868],[-123.89891295980398,49.61304219241653],[-123.90945562735432,49.612525902564045],[-123.91560503391771,49.605612514580045],[-123.91866591625663,49.59686900255293],[-123.91346523521348,49.59470509039923],[-123.91300250243864,49.586822463216905],[-123.9183486777498,49.58681463329349],[-123.91792748323144,49.57964335213314],[-123.93695301994322,49.55365140173045],[-123.99399173526048,49.551271563440956],[-123.9987812405346,49.55341987489038],[-124.00171104860343,49.55533824976839],[-124.00351402341899,49.561060771551794],[-124.00072543275525,49.56262307393843],[-124.00253794651171,49.56401025256467],[-124.00173825093627,49.56613095374989],[-124.00403442964932,49.57230055752162],[-124.00919824550992,49.571139861857645],[-124.01061953162997,49.58175877703265],[-124.01360264217307,49.581426962081395],[-124.01445722259245,49.58603426125664],[-124.01582444247958,49.586489963639615],[-124.01522331994181,49.594230559086824],[-124.0211091529343,49.5964181610252],[-124.02413802177689,49.6016905558128],[-124.02453901191637,49.604927137905285],[-124.01834726443093,49.605660777428405],[-124.01873246422312,49.60742349005271],[-124.02656814152624,49.606688158107815],[-124.02911524732136,49.609948151164986],[-124.03464823653765,49.608478377667744],[-124.03476703503128,49.61084256426626],[-124.03757544747114,49.61204025310295],[-124.03497925839334,49.61365536459585],[-124.03231262016791,49.611907865630045],[-124.03082364333562,49.61226246921309],[-124.03460174929855,49.61414525740557],[-124.03182754456196,49.61782116580417],[-124.02950722957056,49.6141723653416],[-124.03030871254602,49.616072260413084],[-124.0276932282054,49.61932516260638],[-124.02898283655811,49.62077925747173],[-124.03342203593135,49.621135280036775],[-124.0288438443176,49.62406347321009],[-124.02570552794333,49.622239061923125],[-124.0226888495436,49.62499915459353],[-124.0168435409599,49.62422297168059],[-124.01806621819924,49.62576825801653],[-124.01257862828824,49.62688765595547],[-124.01010051913238,49.625533262056315],[-124.00508213867012,49.62663847760717],[-123.9861572457354,49.624030763206704],[-123.98893834462366,49.62745166330305],[-123.9962772331682,49.626722451625994],[-123.99631505447715,49.6293045646527],[-123.99231084536902,49.63257735770347],[-123.99502001755368,49.632922063014796],[-123.99371261559416,49.6347777621896],[-123.98494844554865,49.63902627066875],[-123.98943045670165,49.64074236951855],[-123.99124655173506,49.63746106467652],[-123.99713913917932,49.635702157458674],[-123.99630392603224,49.634800556660785],[-123.99977174130002,49.63308867142568],[-124.00123211972173,49.62936006310444],[-124.00608365788176,49.628895867328986],[-124.00758812548634,49.63061917387012],[-124.0187610372358,49.62659996998908],[-124.0203300605109,49.628034166964966],[-124.01832944753947,49.62977887140026],[-124.02367977866714,49.63159458399201],[-124.02339143401724,49.63280989012885],[-124.02837344926823,49.63199205732207],[-124.02457712541457,49.62922905865906],[-124.03001715490781,49.627750770195846],[-124.03389284919241,49.63039556467865],[-124.0287527376747,49.63153915999176],[-124.03732532900314,49.635428662871945],[-124.0400184356784,49.63515377784001],[-124.03835663363596,49.6325603672243],[-124.04381105897329,49.63434626947984],[-124.04452772923601,49.631640267392626],[-124.04604024724522,49.63303886838222],[-124.04704894416768,49.63161746421022],[-124.04841822230225,49.632919260870615],[-124.05430562468332,49.63171435468961],[-124.05701833858066,49.63285797135487],[-124.05856104018929,49.63118875003915],[-124.06093345723592,49.63338066346739],[-124.06040963149698,49.635984071304435],[-124.06220546369575,49.63836116795193],[-124.06835952784945,49.63918576819965],[-124.07252513345465,49.637150561139926],[-124.07162622694605,49.64035215562312],[-124.07477772970319,49.641960055849054],[-124.07403712013853,49.646058969259265],[-124.07043102314805,49.65032016563263],[-124.06852850125232,49.65158907840763],[-124.06438304746545,49.65095863646733],[-124.06360122757494,49.65322609742487],[-124.06378057634562,49.65466259408957],[-124.06926284056816,49.65428586499915],[-124.06986116378442,49.651549678544036],[-124.0723891198165,49.65109356520141],[-124.07266605128883,49.65674055351608],[-124.07431912989703,49.656966969694935],[-124.07206654215159,49.665460970484915],[-124.06630072924587,49.668572865499485],[-124.0654757371264,49.670766151171236],[-124.06796483819036,49.67435085317904],[-124.06560283166664,49.67722356703979],[-124.06680032132867,49.6781207644856],[-124.06420082972798,49.68859727309177],[-124.06466184743455,49.69057976222043],[-124.06725333555144,49.691833071360726],[-124.06667035184327,49.69434826972931],[-124.04680284819462,49.71061266696177],[-124.04304432600253,49.715845267069604],[-124.04454303543885,49.718423076378606],[-124.03539853582468,49.723541678776044],[-124.03502572528966,49.729454975880024],[-124.03681852798265,49.738064358641715],[-124.03421302560554,49.741523769527085],[-124.01813833485416,49.74866326763083],[-124.0165524465841,49.75253717017879],[-124.0137841379081,49.75355975895939]],[[-124.02062171234014,49.631314509506225],[-124.02126208182125,49.63131288460065],[-124.02113715939022,49.63093030076085],[-124.02067596826045,49.6307687973973],[-124.02062171234014,49.631314509506225]],[[-123.98673932882188,49.64374249105893],[-123.98664673767276,49.641381578482374],[-123.98359717623654,49.64136059946558],[-123.98379506212696,49.64384898983105],[-123.98673932882188,49.64374249105893]]],[[[-124.13670724249653,50.352620511652965],[-124.11462671642046,50.35095674754247],[-124.10291764756482,50.3614095434566],[-124.07580248441936,50.36642339676383],[-124.0639667291612,50.363418396085784],[-124.05542648100538,50.35721176830654],[-124.04944104956498,50.350284368381196],[-124.04116804298978,50.34638465358617],[-124.02979146921001,50.35023602625892],[-124.01501979934649,50.360832491506784],[-123.99997707419112,50.34640352012124],[-123.98809425235085,50.345995456898],[-123.97901928371101,50.34883949153616],[-123.96580407454582,50.33985572199013],[-123.96249865312693,50.3393637435958],[-123.95484687822199,50.34151716519951],[-123.93184557178782,50.35260467045668],[-123.92569811131918,50.351823355716256],[-123.90996346209364,50.359413614513414],[-123.89795078584574,50.34284814226934],[-123.87805596808238,50.330664493339285],[-123.87833350178882,50.32398698032885],[-123.88390979200445,50.3214805127943],[-123.87035646400857,50.302676488525776],[-123.84807756007876,50.30066907911139],[-123.83293350470824,50.2829781223593],[-123.81102792059188,50.28138395747024],[-123.76796087757118,50.26201762532949],[-123.75454121813245,50.244275766187265],[-123.73940555078576,50.23754758650977],[-123.73080503872309,50.23948285729586],[-123.7255410235335,50.23530813476508],[-123.71465990223103,50.23256116648873],[-123.70576232673848,50.23514774277741],[-123.69840920767015,50.229516111662925],[-123.70356787778418,50.219501191574885],[-123.7160296614533,50.20802467625221],[-123.7265110159456,50.203262229394426],[-123.72675300825158,50.19551416461871],[-123.71277599543829,50.19112204343084],[-123.69868647620603,50.190604895878955],[-123.68666264768609,50.20252963953341],[-123.6609350211386,50.20939436549334],[-123.63988443951582,50.21253250378515],[-123.63259522608118,50.203867600637786],[-123.63253470017122,50.20151027095828],[-123.6460359674031,50.19702076353076],[-123.647822074204,50.187004265880454],[-123.6446031177635,50.18300012885102],[-123.6419548892586,50.173037355621034],[-123.63314259697704,50.17582281201577],[-123.62043522998503,50.175934454927756],[-123.61117493685447,50.17400662292606],[-123.60042959689957,50.17717172698932],[-123.58820205182148,50.176316003090335],[-123.58133111401499,50.17396405901367],[-123.58360817264001,50.162907044032636],[-123.58110084351986,50.153775856706055],[-123.58537524898733,50.151026297422035],[-123.5868403609567,50.14588381184647],[-123.59580929550859,50.14111148075287],[-123.59637837248776,50.139035204792314],[-123.59510287449561,50.13410215988919],[-123.59726305388227,50.130466854597536],[-123.59021964003612,50.12492701163805],[-123.59030938753116,50.121142329417665],[-123.59157084296316,50.11837729993701],[-123.60397563176001,50.10800609399495],[-123.60368143093618,50.105181894964815],[-123.59792671471806,50.098905558729484],[-123.60820132075912,50.096352687294086],[-123.61854280022662,50.09866640789639],[-123.62644770703766,50.09662220282463],[-123.63350404052102,50.09384656013308],[-123.64294416992888,50.08661481564614],[-123.64906195282718,50.08479580907821],[-123.63671310188212,50.073162748718325],[-123.6269121062373,50.07009638369693],[-123.6227329754741,50.0638069698519],[-123.61602664496762,50.06003070893527],[-123.61517449061213,50.055826289884756],[-123.6383769121576,50.04865972161892],[-123.63154543785402,50.04267775042354],[-123.63043239361298,50.03793947426552],[-123.63682522860427,50.03656339611391],[-123.64377857707521,50.03036135689937],[-123.63371292810756,50.0185125590057],[-123.63067967976093,50.01219828233866],[-123.63332814958731,50.00663711339068],[-123.63403229686418,50.000384390348074],[-123.63027621870806,50.00007742712315],[-123.62023213332681,50.00472442979389],[-123.61603492410391,50.00894301836705],[-123.60485958383452,50.01248523342195],[-123.60211140244617,50.00307019349571],[-123.59857242238708,49.999811335734826],[-123.60296506761125,49.99676481542315],[-123.60545296849341,49.991012017091606],[-123.60128692127066,49.98609817568045],[-123.60279255586464,49.97781472722769],[-123.58626074818986,49.97111779450219],[-123.59625343441789,49.95822341174398],[-123.6077682273233,49.95354114650404],[-123.60818497240913,49.95151865575831],[-123.60286658957101,49.945011775249306],[-123.62017135198566,49.930668603198185],[-123.63472424148284,49.92688667184856],[-123.66021728321456,49.92997117693016],[-123.6756874382733,49.92182565653491],[-123.68248783649054,49.91203996676211],[-123.68867113417788,49.90767363933834],[-123.70238836319433,49.90483811905156],[-123.70955918349294,49.90532246882267],[-123.72300385633301,49.89418716441228],[-123.73348653124523,49.895510722276995],[-123.73915262144905,49.89115392445127],[-123.7418680652158,49.88515538337715],[-123.74681821886249,49.88608687514816],[-123.7589622233681,49.8703654314519],[-123.77026499001205,49.868370931121206],[-123.77515194798079,49.86126354580385],[-123.77568308103773,49.85637296872807],[-123.77276940386919,49.85412835256547],[-123.76687980826944,49.84073129377238],[-123.7717311624575,49.825543435409195],[-123.797048646609,49.79811883535794],[-123.79756744066103,49.76991482267145],[-123.80563134573147,49.759664094368446],[-123.81847684956428,49.75316672377412],[-123.83582235121423,49.74730258175955],[-123.85724684537593,49.74572185014372],[-123.87388496236251,49.74162185228961],[-123.88540757785361,49.74263902447796],[-123.88456867655219,49.73428120995299],[-123.88822134430124,49.73504496116434],[-123.88980673520177,49.7367682516713],[-123.8893288571134,49.73869666187277],[-123.89261744461876,49.74016507287387],[-123.89366453582373,49.74354755621357],[-123.89164594183066,49.74619796861211],[-123.89253681686692,49.749312766361314],[-123.91704736029365,49.75651496545567],[-123.92546041839806,49.76232146472721],[-123.93152114474469,49.764882163255116],[-123.93352391849442,49.764325360809636],[-123.93727355071692,49.766471564553605],[-123.9345814340993,49.76726776979822],[-123.93743474431122,49.77053625546976],[-123.94688723101704,49.77519918021782],[-123.94229673952506,49.77984206074893],[-123.93380784640523,49.78260934881998],[-123.93029734742487,49.78212507011071],[-123.92943273769718,49.78345387795918],[-123.92390843910876,49.78217637045522],[-123.92042474307198,49.78456906125173],[-123.92313073953329,49.78946827193107],[-123.92185512704559,49.79619766883586],[-123.92418663318878,49.79754496716354],[-123.91339873114538,49.80094176549582],[-123.91139512346768,49.80450935585374],[-123.89517424155822,49.81344205784446],[-123.88889104726289,49.82481436737007],[-123.8889394174749,49.82747616283171],[-123.88446154275495,49.832718648773216],[-123.88529622441338,49.834303874015156],[-123.87956082175232,49.836955755876964],[-123.87817123071346,49.838603575699686],[-123.87883915459098,49.84088366125183],[-123.87359184661373,49.84457527261864],[-123.87350995007456,49.847759772635776],[-123.87785653278061,49.85343807490665],[-123.87851664159143,49.857650865665654],[-123.87604403009496,49.86475766679503],[-123.8682962427631,49.87266776997674],[-123.86816954045659,49.879603675480915],[-123.87050924124394,49.88126857002314],[-123.87005284567701,49.88291776598039],[-123.87494103166863,49.889285461190795],[-123.87456403499054,49.8906811524033],[-123.88115991678288,49.89583965916639],[-123.88319362999229,49.902012171443936],[-123.88615203751475,49.90317715780049],[-123.88639095199292,49.90626055519619],[-123.88463344184233,49.90849517091176],[-123.87301914215632,49.912306353607384],[-123.86691495874028,49.91598656958696],[-123.8658622219317,49.91711026347999],[-123.86929815457715,49.921804452424546],[-123.86637696501701,49.92438256569134],[-123.8797660515661,49.92411875732671],[-123.89762743411336,49.9151675536911],[-123.93606114381575,49.918974456335924],[-123.93668233547172,49.92075905273766],[-123.94923312986548,49.92859075937724],[-123.95663454906445,49.93642675762033],[-123.9633498309786,49.94050856865621],[-123.96384485962916,49.9437514707166],[-123.97636395476167,49.96107846956235],[-123.97577363943948,49.96496797156861],[-123.97723034434884,49.96742046925386],[-123.97425064203276,49.98075675497215],[-123.96823614720668,49.98892025293537],[-123.95664602390578,49.99756095839213],[-123.92712694762776,50.00210845191088],[-123.91998873909779,50.00107735640663],[-123.90800934289933,50.003680756777776],[-123.898466145209,50.01349646472358],[-123.86547714696736,50.02857885639742],[-123.84208153331079,50.03446227488872],[-123.82225025779752,50.034325469082255],[-123.80265212892128,50.04054216848343],[-123.79864403603041,50.04387055909733],[-123.78967363186044,50.04629737370286],[-123.78633414707316,50.05121375250329],[-123.78372413610884,50.05231045766816],[-123.7865085459776,50.055943575538784],[-123.7930336213167,50.05857836219656],[-123.7888723449706,50.06206056479099],[-123.78621535382393,50.06619786343512],[-123.78718565833772,50.06828716360124],[-123.78431743269948,50.0707083799508],[-123.77616057493702,50.073208047057214],[-123.76618846657371,50.07089999271336],[-123.7640422780741,50.07092960027897],[-123.76400426049364,50.07263165693295],[-123.75653066710716,50.07277107335682],[-123.7563118192938,50.07814694049043],[-123.75113249633061,50.07816564863057],[-123.75078206405085,50.08307483757666],[-123.73808997980159,50.08350112467202],[-123.73721706442845,50.091242505328225],[-123.73036527773093,50.091331983851944],[-123.7300956284668,50.09399028123622],[-123.72022080736639,50.09415431058359],[-123.72038653678693,50.09635957688628],[-123.71547604433562,50.09653836554054],[-123.71505599041018,50.100274393856765],[-123.73316923917984,50.099346945827726],[-123.73316047584376,50.10105912378317],[-123.73864445302826,50.101088916282166],[-123.73866092549135,50.09876387155064],[-123.75942194257115,50.09849465076521],[-123.76347582894503,50.10104975472901],[-123.76474884393329,50.10639197533618],[-123.77893192404981,50.10996806909452],[-123.781191155527,50.112974662676486],[-123.78455952218815,50.11371667261751],[-123.78558515846824,50.11231527153806],[-123.79363645959342,50.117134768813216],[-123.79904612441844,50.12695606850238],[-123.79743891424656,50.1274237694098],[-123.80090328952461,50.12860485176146],[-123.79977323962154,50.13117745382395],[-123.8096573518651,50.13892515685501],[-123.8108775675732,50.14262396235622],[-123.8274885258165,50.14805436827343],[-123.8351688469546,50.154214056631034],[-123.84741044531513,50.15935967670719],[-123.85084261150028,50.16345425985102],[-123.84657052193865,50.164951170818384],[-123.8455429452631,50.167845156374355],[-123.8291750143779,50.174385064657436],[-123.81969011827863,50.174164368338296],[-123.81052112922495,50.175955980306554],[-123.788915936599,50.182283768310256],[-123.7899027368976,50.18520056335242],[-123.78849595810163,50.18649517087432],[-123.77355102107148,50.188367971952694],[-123.76703434331277,50.19343815468576],[-123.76519281958691,50.20176976776523],[-123.76787852290069,50.2023010573262],[-123.77024793976823,50.205964065196866],[-123.77626223611004,50.20524057744124],[-123.77822734467857,50.198508373652324],[-123.78316674650533,50.1946615755629],[-123.7904619409958,50.19276025660664],[-123.80034046185509,50.186972268174216],[-123.80450845913231,50.18742946914236],[-123.80783244040012,50.190149659877775],[-123.8128861516816,50.18905307214351],[-123.81733232822698,50.18533445643651],[-123.82173792601428,50.18412526283357],[-123.82092934858873,50.18269105854007],[-123.82492143140298,50.17857085995501],[-123.83263271983691,50.179901060361836],[-123.83701213071213,50.17879877347108],[-123.84253634103003,50.1727956600764],[-123.85292863625664,50.165848373289414],[-123.85003515163378,50.16453955923823],[-123.85386147547874,50.16379180323328],[-123.85511196624142,50.16499348276584],[-123.85795475782301,50.16365362274853],[-123.85675324381528,50.162069962628294],[-123.8626108525789,50.16304266081282],[-123.87324524472405,50.16959265383387],[-123.90521843302642,50.17808096693387],[-123.9504937413629,50.19474417408323],[-123.96903003078118,50.206545156856805],[-123.97078699486214,50.21569942296244],[-123.9928690331259,50.217223800748094],[-123.98660956308558,50.213048974198614],[-123.98327249617358,50.212997215426],[-123.98764733483674,50.212279077819474],[-123.98655473874595,50.211011477843336],[-123.98771881828134,50.209634260281845],[-123.98968113722442,50.21032787522019],[-123.98744063945986,50.208422272217625],[-123.99114373484521,50.209262560051336],[-123.99096305649549,50.215389564237796],[-123.99498203058711,50.21587657761138],[-123.99390215346918,50.21925906430357],[-123.99481213137231,50.22393616667061],[-123.99575825733223,50.22490897025323],[-123.99929524544646,50.225121173323195],[-123.99999994456982,50.22468374914633],[-123.99525253724238,50.224148358623054],[-123.99539635057637,50.21555896725063],[-123.99147173139676,50.214918063365175],[-123.9924195190574,50.20989916261192],[-123.9780662251612,50.198212167459715],[-123.9803716370197,50.19373155921221],[-123.97319431850343,50.18598526703742],[-123.9674986345431,50.182795076843426],[-123.95082935122386,50.17775196221451],[-123.95069254233876,50.17587336987386],[-123.94670063496454,50.174350959073436],[-123.94785355139241,50.17252365522086],[-123.94095894100585,50.16943167502875],[-123.93922384931943,50.16583987489665],[-123.92918512576749,50.164454060954164],[-123.91894972112512,50.157862869768955],[-123.90302852430507,50.155468776333436],[-123.88852882990767,50.14812406610837],[-123.87934955026184,50.146755473310414],[-123.85388511407149,50.13542445894308],[-123.85087954073025,50.13240656773976],[-123.85330943336314,50.128961363782224],[-123.8438268462983,50.121206556274295],[-123.84470133626712,50.116918250856045],[-123.83323153665866,50.104734165188],[-123.82735441880081,50.103804159158805],[-123.8231817500453,50.100173856150164],[-123.81688102995807,50.102187654299975],[-123.80757614707383,50.09756756544738],[-123.80226994617647,50.09298015645504],[-123.82339292835489,50.07900006224766],[-123.83273735853324,50.069813971310786],[-123.83378945355736,50.06690007123405],[-123.83808943381803,50.06501725267124],[-123.84237526142199,50.05764697065477],[-123.84751305173985,50.05668276246198],[-123.88455913148242,50.0405592532931],[-123.89800924258871,50.03767666490931],[-123.90502313615015,50.03183887881082],[-123.91814514744847,50.02948745031008],[-123.9374232501128,50.019277373693356],[-123.94266602110902,50.018290368628776],[-123.94308562268428,50.0197074662664],[-123.95108725710202,50.02057756611751],[-123.95823421545596,50.01849546502757],[-123.96121063246618,50.02143077665601],[-123.96524154309013,50.02048787129488],[-123.96898994188695,50.017444365899514],[-123.97766712164865,50.01511297269558],[-123.98166274637202,50.00847757353774],[-123.98592183517506,50.00719146679118],[-123.98595393799319,50.00464636960049],[-123.98981603163129,50.00181645723988],[-124.00416853102169,49.99744707057491],[-124.01557982406527,50.000000057340614],[-124.01309467096121,49.998386349860354],[-124.0150970463262,49.995101799250506],[-124.0109442414935,49.99317867322347],[-124.01140273131989,49.98841756871456],[-124.00820283443784,49.98549507056017],[-124.00872691531382,49.97655956048849],[-124.01008942522132,49.975702171667486],[-124.00613205329596,49.97113045806488],[-124.00947751222252,49.97039986001393],[-124.00968742692471,49.968455856129296],[-124.0039875256642,49.96190307349103],[-124.00385954580963,49.959763848960414],[-123.99619874448376,49.95406417392778],[-123.99393442325051,49.948435762386744],[-123.98520354604985,49.93994745130667],[-123.97777765300317,49.92355907011765],[-123.97879871351701,49.920321860719525],[-123.97543734409729,49.91663597608269],[-123.96515594066787,49.91094766159792],[-123.96122294368266,49.905151151673294],[-123.94014242556457,49.898803458564984],[-123.91135485472346,49.88743967176381],[-123.90331822140415,49.878327565043506],[-123.90514941955924,49.87198986810282],[-123.90913094357572,49.871366067136705],[-123.91159613859308,49.867721470139216],[-123.91054584023982,49.8652120764144],[-123.91324204021463,49.86281505700564],[-123.91553624425356,49.85382117503779],[-123.92051484754813,49.84861855467148],[-123.92096234129785,49.839261552980155],[-123.9228927385344,49.836934361793276],[-123.92125175591741,49.83475246590008],[-123.92267143552101,49.8310979558072],[-123.92187725012322,49.82743486418523],[-123.9303763373942,49.82610756566804],[-123.92761273344861,49.833604559953805],[-123.93129252175666,49.834033263615765],[-123.93089133710642,49.837741879816434],[-123.93773743050689,49.839432456492496],[-123.94551973293144,49.838397073344815],[-123.9518603258216,49.83130306916756],[-123.95953293470572,49.82686807118222],[-123.95881871838927,49.82380745888422],[-123.9528543258508,49.822398874743975],[-123.95925352896965,49.820511764443204],[-123.96021294892935,49.81771465103463],[-123.9666945318359,49.81722046124195],[-123.9589101284559,49.809486974173225],[-123.959385637743,49.80750447281166],[-123.970475853083,49.80466887279032],[-123.99942622756893,49.8114566772182],[-124.00559595376795,49.81815755662915],[-124.00283823480538,49.82322775406534],[-123.99978054046083,49.825341269551345],[-124.00350361777004,49.826540466078995],[-124.0026950428552,49.83042424904947],[-124.00467792931721,49.83218885735224],[-123.9940225260471,49.83607555875515],[-123.99579183873448,49.842374878150956],[-124.00326443827461,49.849253777176834],[-124.00240582386476,49.852832765457855],[-124.00584593835966,49.857677958435474],[-124.00928822049725,49.861272658241084],[-124.01318231347815,49.86250746262618],[-124.01604284462879,49.86960577589656],[-124.02207323613646,49.87372595651596],[-124.03335854814127,49.874920856701294],[-124.03338974726258,49.88358287479264],[-124.03063342437419,49.888221567608625],[-124.03133323013493,49.89362078052339],[-124.02797002711443,49.899082574134724],[-124.02459624756924,49.89954547398406],[-124.02088785648876,49.903319560856914],[-124.0169367288115,49.91412936760611],[-124.01873203056086,49.91604775322412],[-124.02144122433972,49.91566326593082],[-124.02017133240673,49.91752757020589],[-124.0246319290798,49.92094277736765],[-124.02721842213607,49.916205857489864],[-124.0327920421139,49.91498816076492],[-124.0309430197476,49.9255728683446],[-124.03357885277775,49.93282496283682],[-124.03901883741338,49.931867870336724],[-124.03993677749878,49.928976712698564],[-124.0629440111099,49.93324614759866],[-124.06024381808386,49.9629816894767],[-124.06940256706515,49.96466752421357],[-124.0675633780676,50.00061694233865],[-124.07934918379812,50.00023674639259],[-124.08710890641633,50.00906455313793],[-124.09329605952627,50.01241816408794],[-124.09663919795032,50.01643983250787],[-124.105052475106,50.014737834827514],[-124.11330328506672,50.0175136724279],[-124.11477396870414,50.02202039908602],[-124.11338642709737,50.033137823598985],[-124.1100950815318,50.04096094116011],[-124.13178632189948,50.04898713021967],[-124.13729006994791,50.05403483122486],[-124.1507847540496,50.06102401600489],[-124.13777663352387,50.07952926604394],[-124.14699244682726,50.092855900624876],[-124.1536480791259,50.094907728025774],[-124.14621719818466,50.11539047241871],[-124.13675146320529,50.118402813605805],[-124.13689850320458,50.13552882872804],[-124.11719901319417,50.137018001980486],[-124.10731000181886,50.14220793122028],[-124.09471403806313,50.13894103550679],[-124.08482678249369,50.13914073069947],[-124.07551860289776,50.14467287324452],[-124.06938167575325,50.15055123586455],[-124.0808640329294,50.16252370968505],[-124.08337224023654,50.16809293739602],[-124.09061946759222,50.17382036469646],[-124.09694418395271,50.17498236284904],[-124.09679758759442,50.180456586916755],[-124.09214443758951,50.193705131187485],[-124.07325731463044,50.196500215720874],[-124.07051618874793,50.2015469608511],[-124.07749808041305,50.20962900090023],[-124.11919612754018,50.20970908506229],[-124.13364306341458,50.21176213071236],[-124.15425568076004,50.21909803560194],[-124.17262843277487,50.21910760601092],[-124.1751606126903,50.22237583195399],[-124.1679530099912,50.22825216300805],[-124.16541448528918,50.23562704069475],[-124.14423078443116,50.25574753677779],[-124.14986246218866,50.26224166476382],[-124.16901059277393,50.27001571011449],[-124.16786816711887,50.2804979430191],[-124.17049033988955,50.28252077304178],[-124.16578875996652,50.2847509354753],[-124.15482080537988,50.29771651351],[-124.15706177884634,50.31891687943032],[-124.15917155741242,50.32167809656643],[-124.1550792713275,50.32627771985791],[-124.1595372553651,50.33338629428399],[-124.13670724249653,50.352620511652965]]]]},"bbox":[-124.22847105737667,49.551271563440956,-123.58110084351986,50.36642339676383]},{"id":"5929022","type":"Feature","properties":{},"geometry":{"type":"MultiPolygon","coordinates":[[[[-123.80501002812844,49.566884367759236],[-123.80515982588695,49.5668472604737],[-123.80515054659872,49.56703675101871],[-123.8050122460609,49.567036768546494],[-123.80501002812844,49.566884367759236]]],[[[-123.85613032104116,49.47708076168681],[-123.85628414721995,49.47715195734779],[-123.85624462236035,49.477295867850216],[-123.85606504303657,49.477251674420714],[-123.85613032104116,49.47708076168681]]],[[[-123.80509645138527,49.4577215725074],[-123.80525972940723,49.45757626065724],[-123.80542706030049,49.45771016492986],[-123.80541483123635,49.45779985823211],[-123.80509645138527,49.4577215725074]]],[[[-123.8039454222341,49.620843373058094],[-123.80418064392836,49.620750773801795],[-123.80429343597602,49.620938756992615],[-123.80400333668867,49.620958664203684],[-123.8039454222341,49.620843373058094]]],[[[-123.96561573162606,49.46729506331366],[-123.96594584968857,49.4672565749197],[-123.96600512351496,49.46744456673921],[-123.96583992735151,49.46744605944414],[-123.96561573162606,49.46729506331366]]],[[[-123.82364652456326,49.45795936424111],[-123.82382393670288,49.45790386667918],[-123.82404673923253,49.45800065735475],[-123.82382934023789,49.45812885018213],[-123.82364652456326,49.45795936424111]]],[[[-123.94304683872328,49.50377616577242],[-123.94354403541139,49.50381745114269],[-123.9436284352934,49.50391576303117],[-123.94336783757379,49.50392717175838],[-123.94304683872328,49.50377616577242]]],[[[-123.94660582698081,49.502163954028944],[-123.94649233227344,49.50199446166514],[-123.94690842761976,49.50203577186233],[-123.94691205416167,49.502233765478245],[-123.94660582698081,49.502163954028944]]],[[[-123.94606846005945,49.502168264937865],[-123.9461917555709,49.50213126379274],[-123.9465527262569,49.50224516339057],[-123.94630662751679,49.502346271434085],[-123.94606846005945,49.502168264937865]]],[[[-123.72478962358082,49.786443266793206],[-123.72492592921462,49.78624536165835],[-123.72516344036629,49.786352158558564],[-123.72509502362385,49.786514459307405],[-123.72478962358082,49.786443266793206]]],[[[-123.82284322463953,49.45700225808227],[-123.8233664153805,49.45689975926059],[-123.8233817277303,49.457035070396195],[-123.8232187276106,49.45711626613565],[-123.82284322463953,49.45700225808227]]],[[[-123.91284834713565,49.507894959136216],[-123.91315045652757,49.507847962914724],[-123.91319486414717,49.507983268550674],[-123.9127968183618,49.50812145793847],[-123.91284834713565,49.507894959136216]]],[[[-123.98182646184269,49.51042576895234],[-123.98207505143756,49.51046855695701],[-123.98223473220264,49.5107989661164],[-123.98199922024442,49.51075626475172],[-123.98182646184269,49.51042576895234]]],[[[-123.85504534181281,49.47730435576294],[-123.85513822912074,49.47707937211047],[-123.85554114389161,49.47729157071684],[-123.85527995883221,49.47738416261652],[-123.85504534181281,49.47730435576294]]],[[[-123.96961152211486,49.467658259677464],[-123.96985814510695,49.46758416603028],[-123.97026352353393,49.46784057011778],[-123.96990504324738,49.467834863270404],[-123.96961152211486,49.467658259677464]]],[[[-123.80415743694532,49.62023805141275],[-123.80433314280853,49.620013077006305],[-123.80457525334228,49.62032636423717],[-123.80442464296468,49.620453057770774],[-123.80415743694532,49.62023805141275]]],[[[-123.96288883195746,49.514695561263785],[-123.96345984817341,49.5149234685814],[-123.96346113751268,49.5150858777145],[-123.9629877341494,49.514892174516596],[-123.96288883195746,49.514695561263785]]],[[[-123.8553956266973,49.47687005753986],[-123.85564392566353,49.476832957035484],[-123.85592433313256,49.47710075769659],[-123.85552383014972,49.4771035598955],[-123.8553956266973,49.47687005753986]]],[[[-123.82748332165161,49.60616826860609],[-123.8279116187653,49.606084266970754],[-123.82795742705994,49.60632636209443],[-123.82761083064042,49.60632927170026],[-123.82748332165161,49.60616826860609]]],[[[-123.91000333908801,49.504284659691606],[-123.91041983873245,49.504397158555946],[-123.91050722666324,49.50466627271512],[-123.9100755278522,49.50448116890751],[-123.91000333908801,49.504284659691606]]],[[[-123.95159844006153,49.525969673027184],[-123.9520134435699,49.52595687342863],[-123.95215725301041,49.52621607047609],[-123.95170043235771,49.52618467883636],[-123.95159844006153,49.525969673027184]]],[[[-123.94814793842312,49.502592669970085],[-123.94896212296102,49.502531463452215],[-123.94910283706605,49.502675266736425],[-123.94843983198497,49.50271655279766],[-123.94814793842312,49.502592669970085]]],[[[-123.80433223843406,49.45822995764247],[-123.80484054053859,49.45815445798702],[-123.80509384143072,49.458351070949625],[-123.8045277238216,49.458372371227604],[-123.80433223843406,49.45822995764247]]],[[[-123.9650438494603,49.51408315462718],[-123.9653898269174,49.51408037688428],[-123.9655583564522,49.51424986289653],[-123.96496715126689,49.51437226629335],[-123.9650438494603,49.51408315462718]]],[[[-123.8062169214098,49.62165516135675],[-123.80656274257767,49.62163376195513],[-123.80674711822938,49.62192006111394],[-123.80641663991122,49.62205816251567],[-123.8062169214098,49.62165516135675]]],[[[-123.96860783377873,49.513288453931764],[-123.9690767436468,49.513329749183825],[-123.96915072589161,49.51352777170534],[-123.96879281845507,49.513628865600474],[-123.96860783377873,49.513288453931764]]],[[[-123.9625364243853,49.520059159652675],[-123.96297975804762,49.52005486578837],[-123.96315215067767,49.520422371776434],[-123.96298684233345,49.52042376454136],[-123.9625364243853,49.520059159652675]]],[[[-123.95109242938818,49.48488407281347],[-123.95139545692385,49.484827059869005],[-123.95198002032208,49.48512896138724],[-123.95157973141663,49.48516748109505],[-123.95109242938818,49.48488407281347]]],[[[-123.94757634775432,49.502282162842334],[-123.9478232292929,49.502199556067005],[-123.94818484107226,49.502340562129575],[-123.94770502134489,49.502524255666685],[-123.94757634775432,49.502282162842334]]],[[[-123.91169413405764,49.49420545290909],[-123.91192952584652,49.49420407239792],[-123.91228174513125,49.4945059515832],[-123.91189582481006,49.49459006617784],[-123.91169413405764,49.49420545290909]]],[[[-123.96265664833217,49.52192915013785],[-123.96331951620445,49.521896359950304],[-123.96337872847668,49.522057354056415],[-123.96267473133116,49.522117164484214],[-123.96265664833217,49.52192915013785]]],[[[-123.78171434438835,49.45304155358373],[-123.78204352799513,49.45291337507282],[-123.78249362870616,49.45332497131753],[-123.78220173599927,49.453317856116904],[-123.78171434438835,49.45304155358373]]],[[[-123.72540592322115,49.78587356100004],[-123.72573493169656,49.785593074803316],[-123.72597514182834,49.78595046039602],[-123.72550715180262,49.78609715851524],[-123.72540592322115,49.78587356100004]]],[[[-123.83370864924481,49.665237373960345],[-123.83412165990639,49.6650365673945],[-123.83446804311,49.6650792601154],[-123.83432244719415,49.66543957021759],[-123.83370864924481,49.665237373960345]]],[[[-123.95690811306588,49.50563335955786],[-123.95739244187837,49.50560206284355],[-123.95779913569315,49.50599367264929],[-123.95726002353331,49.50598086669574],[-123.95690811306588,49.50563335955786]]],[[[-123.87379633078405,49.72304747123786],[-123.87474113441598,49.7231129728005],[-123.87497773783282,49.72324547424024],[-123.8738432279492,49.72332656536388],[-123.87379633078405,49.72304747123786]]],[[[-123.85035155003085,49.47569366369609],[-123.8509558376559,49.47557116960323],[-123.85104144287519,49.47575055743661],[-123.85081124351345,49.47601404942035],[-123.85035155003085,49.47569366369609]]],[[[-123.7250675158457,49.784670160785346],[-123.72553252049829,49.785036158118],[-123.72570654317272,49.7855032701312],[-123.72535643273812,49.785396469073184],[-123.7250675158457,49.784670160785346]]],[[[-123.7222808360006,49.75237046020414],[-123.72276422412601,49.75214266728769],[-123.72301751541859,49.75232916231776],[-123.72279883044772,49.752601257270996],[-123.7222808360006,49.75237046020414]]],[[[-123.96490476049809,49.51465146940532],[-123.96552523542546,49.514591670872676],[-123.96566462716457,49.51468986104191],[-123.96507613559595,49.51500036312267],[-123.96490476049809,49.51465146940532]]],[[[-123.8470643574059,49.637876871493255],[-123.84623533698769,49.63801786972711],[-123.84573502699236,49.63788686021552],[-123.84595274335948,49.6377415726733],[-123.8470643574059,49.637876871493255]]],[[[-123.96133904076855,49.5138980532374],[-123.96184854059443,49.51381255166939],[-123.96195412629672,49.51429827334989],[-123.96134603841803,49.514222775955155],[-123.96133904076855,49.5138980532374]]],[[[-123.8218389554831,49.457198857823236],[-123.82229382051824,49.45710486350216],[-123.82264564718133,49.45748087228736],[-123.82203884377246,49.457556375238646],[-123.8218389554831,49.457198857823236]]],[[[-123.90863945322539,49.507397961714226],[-123.90922133947828,49.50746486919322],[-123.90942484286072,49.508102948751244],[-123.90871173532261,49.507658569418595],[-123.90863945322539,49.507397961714226]]],[[[-123.96334034299217,49.51376417533396],[-123.96299703983797,49.513910861633775],[-123.96267701464129,49.51383396322773],[-123.96308414173153,49.51343376627083],[-123.96334034299217,49.51376417533396]]],[[[-123.94709614873163,49.501054563374645],[-123.94774472369365,49.5010032662664],[-123.94824856003822,49.501305167016184],[-123.94797402732193,49.50140627341905],[-123.94709614873163,49.501054563374645]]],[[[-123.85189976022771,49.47591576745532],[-123.8513061224167,49.47580326200962],[-123.85129852577614,49.475470057069074],[-123.85171132935787,49.47536886578728],[-123.85189976022771,49.47591576745532]]],[[[-123.95478282560562,49.49010667436121],[-123.95525165191242,49.490075257138],[-123.9557037454182,49.490539574317985],[-123.95487335138644,49.49050255946659],[-123.95478282560562,49.49010667436121]]],[[[-123.9600821212477,49.530145458939295],[-123.96090203093195,49.529688270335654],[-123.96126252836163,49.52978366638278],[-123.96092742418332,49.53024517294332],[-123.9600821212477,49.530145458939295]]],[[[-123.91120892049331,49.508205459529194],[-123.91166752166973,49.50830947055266],[-123.91198374206563,49.50894607329691],[-123.91159725182355,49.50900307267604],[-123.91120892049331,49.508205459529194]]],[[[-123.82750393339495,49.6637704571088],[-123.82809062967497,49.66401827896562],[-123.82811283645042,49.664530958755634],[-123.8276397226806,49.66450676932577],[-123.82750393339495,49.6637704571088]]],[[[-123.77618214465684,49.557851974129726],[-123.77631455103696,49.5574104638905],[-123.77734553302804,49.55708006633603],[-123.77731072333741,49.55751156900933],[-123.77618214465684,49.557851974129726]]],[[[-123.94851223725513,49.50216685759066],[-123.94891934629729,49.5017310594129],[-123.94956921729185,49.50254426009259],[-123.94925155562134,49.502511464257026],[-123.94851223725513,49.50216685759066]]],[[[-123.98342344919136,49.50396277369539],[-123.98424413548805,49.50424335985317],[-123.98456383151559,49.50506795723225],[-123.9841322228079,49.50487426407195],[-123.98342344919136,49.50396277369539]]],[[[-123.8035538459362,49.62140305414764],[-123.80444314934459,49.62162235437789],[-123.80432783641417,49.62213505119413],[-123.8036643256676,49.62223906129801],[-123.8035538459362,49.62140305414764]]],[[[-123.94828853957328,49.50703476830787],[-123.94767105641057,49.507157267485944],[-123.94724982510735,49.50682825863081],[-123.9483057251816,49.5064494691979],[-123.94828853957328,49.50703476830787]]],[[[-123.90941793476213,49.46601466347001],[-123.91046791539421,49.4660061587396],[-123.91098304863324,49.46620975017797],[-123.90981451284735,49.466470460769884],[-123.90941793476213,49.46601466347001]]],[[[-123.81263455187882,49.45963846241183],[-123.81364005587227,49.45948755928985],[-123.81408643238655,49.45983507461817],[-123.81337552174404,49.4601910610702],[-123.81263455187882,49.45963846241183]]],[[[-123.96416364712792,49.52826685347145],[-123.96523952205762,49.52822136824127],[-123.96567624733918,49.52863145793109],[-123.96435243583669,49.52869697725902],[-123.96416364712792,49.52826685347145]]],[[[-123.98046423846348,49.5031324587331],[-123.98129972682666,49.50277495536935],[-123.98208875354835,49.503487066435824],[-123.98170264385303,49.5035354650105],[-123.98046423846348,49.5031324587331]]],[[[-123.80531322344373,49.62149846750775],[-123.80556313866595,49.62239716805682],[-123.80488793026028,49.62259087102606],[-123.80486014828425,49.621780465906944],[-123.80531322344373,49.62149846750775]]],[[[-123.71749634626812,49.78717149933854],[-123.71706813176876,49.78679837564802],[-123.71744603156435,49.78503185313673],[-123.71770114045337,49.78620976595097],[-123.71749634626812,49.78717149933854]]],[[[-123.94313574901109,49.5041350613388],[-123.94462502804076,49.504636374064596],[-123.94460383352383,49.50503238039458],[-123.94381442968606,49.5049397776136],[-123.94313574901109,49.5041350613388]]],[[[-123.98357922955229,49.50137926603042],[-123.98446635696317,49.5015700656231],[-123.9845399427773,49.50249586155147],[-123.98351835708307,49.50185636239002],[-123.98357922955229,49.50137926603042]]],[[[-123.82111814042808,49.603812662895834],[-123.82220885511542,49.603678768584764],[-123.82256884472447,49.60446776731141],[-123.82168402327024,49.60455467206491],[-123.82111814042808,49.603812662895834]]],[[[-123.96338783581851,49.52606936727551],[-123.96402303057056,49.52601096276696],[-123.96480732387187,49.52723575703295],[-123.96429675350893,49.52737536094186],[-123.96338783581851,49.52606936727551]]],[[[-123.94999414995236,49.50231637231451],[-123.95056992837186,49.5021497604376],[-123.95140572902021,49.503240660116944],[-123.94968945486883,49.503038463191665],[-123.94999414995236,49.50231637231451]]],[[[-123.98429712337268,49.50348706325184],[-123.98293854519764,49.50318365534424],[-123.98270845940684,49.5027535638418],[-123.98356964405534,49.502369048358325],[-123.98429712337268,49.50348706325184]]],[[[-123.9690212445871,49.51605575383692],[-123.9669488179515,49.516082764263466],[-123.96668195418493,49.51578796790748],[-123.96873462239454,49.51549176429237],[-123.9690212445871,49.51605575383692]]],[[[-123.91859742754484,49.466815053968105],[-123.91762524288235,49.46641775381392],[-123.9203969266296,49.467034464991876],[-123.9199429448001,49.46719106516705],[-123.91859742754484,49.466815053968105]]],[[[-123.89093385807509,49.732351867756705],[-123.89249705720887,49.73206126948559],[-123.89351633079403,49.73240447717294],[-123.8925803432675,49.732843173092036],[-123.89093385807509,49.732351867756705]]],[[[-123.82908682600088,49.66480296059605],[-123.82993752545644,49.66423896084975],[-123.83049134614055,49.66512484969332],[-123.82916985254975,49.665539269103235],[-123.82908682600088,49.66480296059605]]],[[[-123.9631005295282,49.53251245542937],[-123.96224723386179,49.53270897161832],[-123.96051273704252,49.53241705511208],[-123.96168734219049,49.53168787451816],[-123.9631005295282,49.53251245542937]]],[[[-123.96614712771806,49.516044357990175],[-123.96692672849797,49.51699146717339],[-123.96496034712838,49.517511252252866],[-123.96505644433803,49.51673647359126],[-123.96614712771806,49.516044357990175]]],[[[-123.94687344590862,49.50665026503342],[-123.94471433243922,49.50573307592707],[-123.94459512092085,49.505292958150434],[-123.94662383405246,49.505204656351594],[-123.94687344590862,49.50665026503342]]],[[[-123.96224314850494,49.46563295378403],[-123.96157144029516,49.465899372445726],[-123.95913475153897,49.46474996421926],[-123.9618608351075,49.46442955938054],[-123.96224314850494,49.46563295378403]]],[[[-123.96711443044819,49.511817263677806],[-123.96809503457997,49.51048705447608],[-123.9708184320222,49.511975353067],[-123.96778395415548,49.51216196826948],[-123.96711443044819,49.511817263677806]]],[[[-123.7613232425593,49.49675906028752],[-123.7630741498339,49.496514164575366],[-123.76375782359462,49.49792127275814],[-123.76131156115305,49.49862056875803],[-123.7613232425593,49.49675906028752]]],[[[-123.80079434638277,49.452795156503086],[-123.79874964361068,49.452736756146905],[-123.80451761673866,49.451023463579986],[-123.80199003542677,49.452561558225106],[-123.80079434638277,49.452795156503086]]],[[[-123.8156075476942,49.4558657606849],[-123.812731336365,49.454690777613536],[-123.81273084043573,49.45370096573039],[-123.81488264468784,49.452920468827806],[-123.81885073685355,49.455888573070204],[-123.8156075476942,49.4558657606849]]],[[[-123.81161893881908,49.45825135468272],[-123.80805775219785,49.45742106712271],[-123.80695556160255,49.45580166869134],[-123.80858882353733,49.45450276803807],[-123.81215935109431,49.45508106440147],[-123.8137163587923,49.45746236348678],[-123.81161893881908,49.45825135468272]]],[[[-123.78311003650464,49.453931662075554],[-123.78616372329616,49.45255306672808],[-123.79101403600995,49.453797873358326],[-123.79245573588321,49.45761895512623],[-123.78311003650464,49.453931662075554]]],[[[-123.9194464358304,49.470784374713794],[-123.919879933674,49.470357073341944],[-123.91149293364819,49.467014475472695],[-123.91422564008919,49.46621125624536],[-123.9236125274219,49.46993265376416],[-123.92296602664294,49.471520670606694],[-123.9194464358304,49.470784374713794]]],[[[-123.97392842463157,49.537035765693275],[-123.96897244461847,49.53591774758863],[-123.96668983351431,49.5295045655061],[-123.96958663841863,49.52859877447171],[-123.97433924763921,49.53134745622237],[-123.97328043597074,49.53431547171556],[-123.97493664628296,49.534940769025226],[-123.9751439436332,49.53704426365792],[-123.97392842463157,49.537035765693275]]],[[[-124.01321202872558,49.50779817263798],[-124.00483413137289,49.50945447885453],[-123.99719253507818,49.508629860866336],[-123.99556994337179,49.5063411610678],[-123.99691745013774,49.50331616394631],[-123.98985493307315,49.49487626857854],[-124.00193293544265,49.49589605686276],[-124.00972774672682,49.50291736514712],[-124.01674515064512,49.50428607125811],[-124.01321202872558,49.50779817263798]]],[[[-123.97972735373848,49.50771696372814],[-123.97795365478639,49.50603216978724],[-123.9792833529567,49.50905286698736],[-123.97442225309442,49.50763576272597],[-123.9679543277299,49.502635363080174],[-123.97048152455768,49.503324656581846],[-123.97007783595478,49.5023932569234],[-123.96107713230737,49.49768196430539],[-123.96184052240456,49.496461459853734],[-123.9552327270654,49.49406026857606],[-123.95411974060595,49.492181658702435],[-123.95806935955336,49.491482366870294],[-123.95563824954732,49.49000976194378],[-123.95790204457822,49.489955674202086],[-123.95621274804955,49.48837765251673],[-123.95925062648242,49.48764137257877],[-123.95443824637009,49.48584536517611],[-123.95964623478392,49.48387856123603],[-123.95084133307091,49.48055016982042],[-123.95346224833226,49.47967426932391],[-123.9531495334216,49.477805758252224],[-123.95529032782486,49.478580456197044],[-123.95593734464055,49.47638006951744],[-123.95915014686855,49.47547146970813],[-123.95272674625735,49.4737794724661],[-123.95115144017302,49.47150787253644],[-123.9566704581822,49.47220006523076],[-123.95206072834313,49.47000676059487],[-123.95196433257186,49.46788467574203],[-123.95579473703107,49.46902267479162],[-123.95502182470435,49.468300570916746],[-123.95767702043224,49.46860246301671],[-123.95631755179022,49.467498754038616],[-123.96213365104622,49.466397764572754],[-123.96474711944035,49.46870646102975],[-123.9664538420492,49.467117064498765],[-123.97839473196716,49.47139815388311],[-123.97588353901291,49.472768267592286],[-123.97889655392483,49.47438906064732],[-123.97734343800752,49.47744255195886],[-123.97906843901822,49.47890235448186],[-123.97817843349034,49.48058297317403],[-123.98046232773646,49.48155426964888],[-123.9789427375365,49.48358086930299],[-123.98601544099405,49.487263861236976],[-123.9864517399882,49.49036295646331],[-123.98936464172428,49.49246085126694],[-123.98870645291699,49.493365163160064],[-123.98333634927317,49.48931905523919],[-123.98057864506755,49.4902333692389],[-123.98191473799126,49.49211047583626],[-123.97860195314742,49.49281266076298],[-123.98384173625405,49.49663667403237],[-123.97935682197196,49.50297146615404],[-123.98279244911852,49.50700775582435],[-123.98257195459485,49.50837637256789],[-123.98071461855277,49.507322458373174],[-123.98229554796167,49.5097108536494],[-123.97972735373848,49.50771696372814]]],[[[-123.8891537269,49.71014985576827],[-123.8912002558564,49.70824426523377],[-123.89025315283155,49.699653357663564],[-123.88623642996795,49.696894653605796],[-123.8840329484678,49.69233435799403],[-123.8780210476492,49.68955576128062],[-123.87588154197718,49.68473196145485],[-123.8662065430402,49.67858076065803],[-123.86220042667394,49.67228717536603],[-123.86155135678521,49.66925227087223],[-123.86332333117052,49.667584477386974],[-123.86325963122195,49.6648414736324],[-123.86090912758313,49.66113425403041],[-123.86116232006387,49.65514256744246],[-123.85695844476214,49.65005525273004],[-123.85675205151999,49.64698895359292],[-123.84675105054032,49.63740265507478],[-123.84822534794351,49.63614215489184],[-123.84771425426707,49.63304167155663],[-123.84547171950636,49.63065756755848],[-123.84638063552741,49.6287889520368],[-123.84292425083513,49.625080356361394],[-123.84180154359852,49.62018675762],[-123.83616055045029,49.61667466668428],[-123.83094813101515,49.610560577661694],[-123.82721875580324,49.6028512640987],[-123.82009163073171,49.59954715366676],[-123.81507151771574,49.593951458125765],[-123.81554605143982,49.59247306098041],[-123.81756673689551,49.592494455264685],[-123.81630814820333,49.590983359905984],[-123.81876533034817,49.590551871438215],[-123.81723964746972,49.58874596861488],[-123.81794824095202,49.587257651794644],[-123.81321424942762,49.57879067130334],[-123.80942373804315,49.57543527357368],[-123.81509082421749,49.57188755652505],[-123.80630972455297,49.56858486526691],[-123.80869674413964,49.56488047184935],[-123.80000843030342,49.552797463684364],[-123.8017524292333,49.54876405366451],[-123.79289003777103,49.54697245989637],[-123.7984878329283,49.544370456770054],[-123.79957363403744,49.54226686974728],[-123.79979895085404,49.54079995839778],[-123.7952158421639,49.536908953594974],[-123.79727404639146,49.535150072189225],[-123.78952103612197,49.5326391618535],[-123.79481494017867,49.531038348504055],[-123.79571083231518,49.529098652661865],[-123.79416582390839,49.52848765546165],[-123.79655993327111,49.52699647354686],[-123.79584334155436,49.524501253165504],[-123.79953825636726,49.52402556908987],[-123.80069383891664,49.521984655912796],[-123.79433665551342,49.51592046381032],[-123.79851402734933,49.51288825424082],[-123.79674694177689,49.511197520800394],[-123.79823037388755,49.5113039705618],[-123.79830618975355,49.49928880377378],[-123.8168062059941,49.49890184616383],[-123.81679656727177,49.496386547574396],[-123.82733815420198,49.49637348798745],[-123.82725618610077,49.48175759068916],[-123.84794442606074,49.48156100665383],[-123.84836398487903,49.476179350375595],[-123.85772972891363,49.478499356193936],[-123.86041173623612,49.477958066049965],[-123.86272043542947,49.474998570809156],[-123.85580923854681,49.470418359443826],[-123.85646892310774,49.46873067191115],[-123.87141653053958,49.467990076088604],[-123.8882159366207,49.47345615768781],[-123.89151742907478,49.47658807482682],[-123.90195161888504,49.48024966404145],[-123.90436645424518,49.48324336771342],[-123.90729422668733,49.483985360194765],[-123.90826982628735,49.48520167315318],[-123.90643645965604,49.48833636881806],[-123.90896075416902,49.49051256476985],[-123.91229634793136,49.49828446128574],[-123.90836265274545,49.50521466690439],[-123.90929753465029,49.50640387037974],[-123.90757704190494,49.50753185373126],[-123.90847923826894,49.512176178415764],[-123.91208833926461,49.510959849922536],[-123.91228325578903,49.51248806824622],[-123.91463993608367,49.51296375160753],[-123.91916431785609,49.5110923588799],[-123.92764346481921,49.51385816962916],[-123.92684724686674,49.51190417198732],[-123.935662763677,49.50981766631643],[-123.9365192256099,49.5120066499107],[-123.93917553708467,49.51222745342835],[-123.94058672149636,49.511676265809726],[-123.93935354843438,49.50928506086862],[-123.9403668488621,49.50735096783416],[-123.94738334439012,49.5095342737462],[-123.94666215256434,49.507201369849156],[-123.95330281920661,49.50983616248957],[-123.94499772384701,49.503256371570316],[-123.94789026177683,49.50497826669146],[-123.95083545046037,49.50368645173319],[-123.96464524168877,49.50922097205464],[-123.96468315115618,49.511172062603784],[-123.96857673969473,49.514494754527604],[-123.96123565288087,49.51144415739116],[-123.95997152376584,49.5132528553271],[-123.96109133219025,49.515420576298794],[-123.96480834215018,49.5161098530598],[-123.96098273278609,49.516824776663654],[-123.96287873737676,49.517707765622376],[-123.96157044150996,49.519357051407255],[-123.96254923019153,49.52063457007846],[-123.95966603740523,49.52297875837479],[-123.96404412751,49.52781826756904],[-123.95781275072517,49.53000157345966],[-123.95217813047046,49.52520907094863],[-123.94097384093197,49.52318676835306],[-123.95044102687025,49.526859776088116],[-123.95178883771536,49.52940336569169],[-123.95933521568132,49.53087885833246],[-123.953454521005,49.53190006868123],[-123.96462363524765,49.53407336973425],[-123.96695793282144,49.53818367181123],[-123.97761494457971,49.53688767067002],[-123.97827403235519,49.54015616397169],[-123.98303873662204,49.54124005851335],[-123.98362416242564,49.5450041691176],[-123.98997734167428,49.547469454866516],[-123.99101765111175,49.548997657071666],[-123.98951423471273,49.550468853670026],[-123.99256342870237,49.5495331737769],[-123.99204762675346,49.550654060115775],[-123.99399173526048,49.551271563440956],[-123.93695301994322,49.55365140173045],[-123.91792748323144,49.57964335213314],[-123.9183486777498,49.58681463329349],[-123.91300250243864,49.586822463216905],[-123.91346523521348,49.59470509039923],[-123.91866591625663,49.59686900255293],[-123.91560503391771,49.605612514580045],[-123.90945562735432,49.612525902564045],[-123.89891295980398,49.61304219241653],[-123.90070460010091,49.62102139923868],[-123.89947685705617,49.63072672915367],[-123.89341690011376,49.6349368711844],[-123.89050561813175,49.643249443000556],[-123.89516703544813,49.65128149214309],[-123.90866096894975,49.65568558453874],[-123.9067704319993,49.65844389198079],[-123.90745068217613,49.662596627082635],[-123.91000830083412,49.6648776014747],[-123.92726816052053,49.66976903504426],[-123.92850443846838,49.67145754593246],[-123.93034719117394,49.67876492919845],[-123.92890824224627,49.68362543754393],[-123.93477034898604,49.69169173659972],[-123.9355716030495,49.70011764036884],[-123.93943932515901,49.70686587862898],[-123.93936258254075,49.719265035899944],[-123.92480335851279,49.728217055147645],[-123.9135166860023,49.72479426673712],[-123.90416936215033,49.72768276850745],[-123.90400499741453,49.723363594313234],[-123.88951982360535,49.72176999163146],[-123.89076174691616,49.71236725084713],[-123.8891537269,49.71014985576827]]],[[[-123.63472424148284,49.92688667184856],[-123.62017135198566,49.930668603198185],[-123.62064812376829,49.928993096177145],[-123.61923717759724,49.92824089843695],[-123.61149148357231,49.92709625434737],[-123.60274330844157,49.922932098648005],[-123.59598814598833,49.923186555303026],[-123.58855677376975,49.92080628055168],[-123.58134803066267,49.92534096184551],[-123.57082757450185,49.91998820023651],[-123.55243559014349,49.92021030254857],[-123.54915599083338,49.91861629030004],[-123.54934816390423,49.916552012692335],[-123.55368946170437,49.9125320447164],[-123.56499680292784,49.90531643266711],[-123.56882346432455,49.89748164733277],[-123.56758322287344,49.888681579904656],[-123.57343640906376,49.88462741589255],[-123.56907755348928,49.87991974287428],[-123.57398205512624,49.875200120663365],[-123.57750636444901,49.86747056144954],[-123.58744371326299,49.86047999790879],[-123.58029714536507,49.854758116417074],[-123.5781355603681,49.84578422383482],[-123.56524621995966,49.846079342215894],[-123.5539118746048,49.838587252328594],[-123.54966143172675,49.83858557343699],[-123.54793604530167,49.84618410274521],[-123.55126927416015,49.85475012420997],[-123.55030568131151,49.87107094950396],[-123.5483986633052,49.875237641156346],[-123.5444362526561,49.87787947069983],[-123.53015528085051,49.877906748707105],[-123.5253813675264,49.879584282007045],[-123.52752811615579,49.88582146305353],[-123.50724698873756,49.89741648998031],[-123.48794732373767,49.911352888411955],[-123.47352122623876,49.91206329927712],[-123.45714260884706,49.91044272821613],[-123.44759349863722,49.90274648583188],[-123.42795160348692,49.90092791942382],[-123.42585461569014,49.89538016803914],[-123.42286392528389,49.89488374545592],[-123.41661945157266,49.87910768804],[-123.39912048319042,49.8812322285941],[-123.37113478488956,49.866057850308984],[-123.35864043749525,49.8652595551688],[-123.3539064560383,49.860674659517535],[-123.32841734675915,49.85144342733094],[-123.32706390358132,49.845485448970024],[-123.33118582446073,49.83742265984196],[-123.33071062420477,49.82998952688352],[-123.33331084222986,49.827328438681086],[-123.32939910092979,49.82119216987068],[-123.30522437424372,49.79650951592186],[-123.30645875750777,49.79004092970342],[-123.30067823661243,49.778034510234434],[-123.29219562628609,49.77651429633824],[-123.28226179442167,49.77180006253161],[-123.27250845010185,49.770917009605725],[-123.27627460542988,49.765320163076346],[-123.28383963963195,49.75995598579737],[-123.27674357188125,49.74996983778539],[-123.28061456244802,49.746672418258385],[-123.30300648728733,49.75005324680361],[-123.32899847355438,49.749964669300404],[-123.33573019906115,49.747313711230646],[-123.335523670593,49.73486681509608],[-123.32290023777492,49.727532761078294],[-123.31982098354098,49.72370870896689],[-123.32856123339144,49.711774149679485],[-123.33844321245488,49.70543054750851],[-123.34642009510047,49.69617527875853],[-123.34638235889848,49.690266725477684],[-123.3512068277984,49.68412038740785],[-123.36401573167095,49.67435126034275],[-123.35292460264412,49.669789057227526],[-123.35131985924693,49.66275255634527],[-123.35682187442302,49.65729697901481],[-123.36861616351095,49.65113800094628],[-123.3747083932893,49.649510018608815],[-123.39091381013138,49.649622969555786],[-123.42920037098625,49.65503350485595],[-123.4432847294959,49.65542194149794],[-123.45437322150988,49.65047732946099],[-123.45719229256049,49.647649265860395],[-123.45770143714566,49.64573803301233],[-123.45197468934988,49.64032549340913],[-123.45034033264086,49.635940289756384],[-123.44989795846713,49.6315296183576],[-123.45332214886145,49.62331867841741],[-123.45775249734919,49.61903142150528],[-123.47252803959002,49.61580423934829],[-123.48051874638755,49.615881482953974],[-123.5033689870489,49.62057379541948],[-123.51983389808969,49.625470238062874],[-123.53140196687846,49.63283334480354],[-123.5383690080854,49.63477545815195],[-123.5464007898413,49.63238748638577],[-123.5627655546202,49.6311603579317],[-123.57288682214016,49.624036322525086],[-123.56752352643173,49.6186406684798],[-123.56689989785005,49.616029091634985],[-123.56831889731222,49.61430209881029],[-123.62715066477183,49.59973353238683],[-123.64410526001438,49.592825278594304],[-123.64620370709119,49.59080584562175],[-123.64610800287794,49.588422278989235],[-123.63993819071553,49.58037122637241],[-123.64477174143221,49.5770167144495],[-123.65516859288493,49.57491910438922],[-123.65819125100568,49.57025853788438],[-123.66363918569168,49.55186137101555],[-123.6748391100798,49.540211260518866],[-123.68106384392969,49.51188721406825],[-123.68208160815377,49.500312466393254],[-123.7075527125168,49.50019104356538],[-123.7244878735429,49.4910731795145],[-123.73547821833945,49.487187539127504],[-123.73683175511152,49.48763025653596],[-123.73555302117498,49.49037737653479],[-123.73807189020496,49.50341574259153],[-123.7424543604482,49.5035466960182],[-123.74231081722657,49.52128633241333],[-123.7490191233072,49.52148811098119],[-123.7543356818923,49.533834669491014],[-123.75324032883974,49.54215832676909],[-123.749768027431,49.54381854486141],[-123.74982634054022,49.546311188489256],[-123.75320306499573,49.546112324760315],[-123.75406357613157,49.55020829350141],[-123.76627294942763,49.55101005568675],[-123.76539136396994,49.552959869000986],[-123.7675028328211,49.553700452092656],[-123.76728034290153,49.55618567587883],[-123.77204885606125,49.55782636265242],[-123.77531793500215,49.55822655342324],[-123.77739934740835,49.557826358087084],[-123.77606432133904,49.56255755773177],[-123.78207255234875,49.563857862905415],[-123.7804859205337,49.565810456022426],[-123.78327913406144,49.56661946018794],[-123.78172442856665,49.568069274546644],[-123.78395012323767,49.56887255990297],[-123.78064155052014,49.57207986136809],[-123.78067074334854,49.57390565899841],[-123.78307842281332,49.57660596978522],[-123.78510961477349,49.57651056128035],[-123.78248333684105,49.581817150912705],[-123.78582114045085,49.58376407751867],[-123.7829637440842,49.590232759391874],[-123.78670325224343,49.593860273854766],[-123.78729983851868,49.59989176683536],[-123.78960374751108,49.600351872209814],[-123.79007402729752,49.602066561267975],[-123.78455805331738,49.60501036100565],[-123.7714089545869,49.607616659014866],[-123.75935323351432,49.61825697373706],[-123.73226564492462,49.624232975088155],[-123.7223692121623,49.63006936046498],[-123.71868985364354,49.63406856335719],[-123.71841253350901,49.63686717093824],[-123.70805434253188,49.63701235110936],[-123.6902803409174,49.64156277037047],[-123.68081994781768,49.6375706610755],[-123.6635512216921,49.63764475774861],[-123.64579762592221,49.64301545701808],[-123.63218832682107,49.65109635882548],[-123.63227314127892,49.65328966079573],[-123.6168308365464,49.65369695628362],[-123.60728834065185,49.65615805094241],[-123.5910565443257,49.661369253414215],[-123.58576814559797,49.667575967631585],[-123.5631546288093,49.67140276933601],[-123.55410901759184,49.67784165903477],[-123.55699313068443,49.68165847954016],[-123.54453213997769,49.681691265884375],[-123.54325112447897,49.688578758743226],[-123.5333947249973,49.6937785594631],[-123.52871614201743,49.69844996306487],[-123.5249869183901,49.706112168487365],[-123.52585044177054,49.70903185270342],[-123.53198625041985,49.71088326643099],[-123.53120081967404,49.710104265068836],[-123.53221833268472,49.710468879510856],[-123.53361144671324,49.70734124925358],[-123.53287052600172,49.704178056432724],[-123.5356947323661,49.701259853587906],[-123.53574384049784,49.698175070161994],[-123.53946922833593,49.698904275842],[-123.54761354164022,49.69688615385854],[-123.55208953196465,49.69046156628138],[-123.56244391866028,49.68068006822784],[-123.56457295863655,49.68262127147901],[-123.57436353652194,49.68284206512563],[-123.57746364572516,49.68001216039181],[-123.57160554418505,49.67932135741374],[-123.59208945763234,49.67672646213236],[-123.60057444613905,49.67246526339119],[-123.61644313802452,49.669062753310094],[-123.6295512480439,49.662480053501575],[-123.63417893703759,49.66568317052395],[-123.64212704840497,49.663031270807465],[-123.65111425724353,49.663610963512724],[-123.65923545435444,49.65859916765022],[-123.66093823045982,49.65236536993264],[-123.6643743250685,49.64933326905324],[-123.66829793053014,49.64860825625491],[-123.66998803134436,49.65053246594932],[-123.68738595475473,49.653470572111424],[-123.7165567566647,49.648220972015295],[-123.72869175008466,49.64916236035073],[-123.75149445062578,49.64116395317169],[-123.76671773335781,49.64202556157135],[-123.78693775098276,49.63505406080874],[-123.79169315025315,49.635346055193686],[-123.79995232797465,49.63225835736241],[-123.80294244392245,49.63306446928131],[-123.80406562584751,49.63144657344863],[-123.80050853740637,49.62991556195284],[-123.80471384365583,49.62454347440048],[-123.80546944945645,49.625977654799044],[-123.80824074898851,49.62520286133149],[-123.80606533904545,49.629318873009275],[-123.808347159085,49.630805666927195],[-123.81692084302502,49.63093387298019],[-123.82168123511256,49.63483046591384],[-123.82498973731488,49.63469946491971],[-123.82987205222423,49.6408435689812],[-123.82901094468724,49.64487116457801],[-123.83485204542326,49.649452848710084],[-123.83926743505613,49.65004105458898],[-123.84093233709653,49.6534292615909],[-123.84034195025674,49.6593881635098],[-123.83156461883647,49.66544105989481],[-123.83290753634101,49.663759068576546],[-123.82455305073394,49.6613720557241],[-123.82552923369977,49.65931407895459],[-123.82042714074552,49.654188361816146],[-123.81823282679521,49.654706772906266],[-123.81911962439924,49.66294867248554],[-123.82528074032611,49.66994865066119],[-123.82685163206254,49.67596305826854],[-123.79982144402733,49.682682557973905],[-123.79287832834285,49.6870747755785],[-123.79102183838565,49.690470067954145],[-123.7868122343637,49.69169487028837],[-123.78709474096183,49.702288160256444],[-123.78019683432575,49.70284786507402],[-123.77764343446398,49.70795657143662],[-123.7784120238554,49.709165670605316],[-123.77526294342277,49.71183036261631],[-123.76142624342694,49.713100759216516],[-123.75807384702273,49.71598336666019],[-123.7517213533998,49.71613295961578],[-123.7469327396574,49.72037277638067],[-123.74147895008304,49.72132557459965],[-123.73433085584628,49.73025826136533],[-123.73231323623341,49.73081087474837],[-123.72730064358623,49.73706596883496],[-123.72789142091467,49.73950846998626],[-123.72520254737574,49.74149525537993],[-123.72616514754446,49.744611366011696],[-123.7215985309793,49.752230973639364],[-123.72236152141029,49.75401546266078],[-123.72029273492136,49.75492836404244],[-123.7209249461941,49.75821687026598],[-123.71179790828491,49.75945234912888],[-123.7135312187013,49.77428683286787],[-123.71764185153506,49.77417150336192],[-123.71990933891294,49.779594255523634],[-123.71784335915221,49.780963039799055],[-123.71963236011702,49.78158884883739],[-123.71923662053378,49.78302516565512],[-123.71559683820215,49.78489946425838],[-123.71559503870671,49.793762368942275],[-123.7215665590164,49.794035659249914],[-123.72155766102166,49.80050810679571],[-123.72566297770351,49.80048958442473],[-123.72716962513208,49.786824968012304],[-123.72336471637895,49.78220765766335],[-123.72379981802764,49.779930922906544],[-123.72787135343773,49.77984613016432],[-123.72778933870106,49.760502763079245],[-123.73260444414676,49.755633358028014],[-123.73323794436958,49.75161855266836],[-123.73709083753168,49.74664655578298],[-123.73843704607259,49.74109785962802],[-123.73712494031928,49.738857554757764],[-123.74141662998457,49.73533127844857],[-123.74200984402863,49.73242155663043],[-123.74731124470186,49.72970705669972],[-123.75111143997252,49.72417825156577],[-123.75378442171375,49.724763667896525],[-123.75715962421245,49.72154776393882],[-123.77349714984916,49.715853771380466],[-123.77646065082799,49.71202126104464],[-123.78880932803517,49.71056997237911],[-123.7900430315423,49.70535446129891],[-123.79694633446708,49.70260867588971],[-123.80356435166777,49.69447636509747],[-123.81081713728837,49.69035045502669],[-123.81777855025224,49.691256262252324],[-123.83889532315735,49.68635557048328],[-123.84315452833256,49.687368160382135],[-123.84653776247318,49.693738667574365],[-123.85856263634405,49.70582875028755],[-123.85875125031487,49.708633069354015],[-123.8636099513939,49.710450355784076],[-123.86407361799857,49.71615856074825],[-123.86615002800555,49.71757276706384],[-123.8662658779054,49.720325468430374],[-123.86119595128886,49.720751024209555],[-123.86187583656388,49.72378612155574],[-123.8641124238687,49.72366434679652],[-123.86433739117592,49.72556845200943],[-123.86740284787523,49.725129504231326],[-123.87982013913039,49.733993956452885],[-123.88410673068702,49.733907054507355],[-123.88540757785361,49.74263902447796],[-123.87388496236251,49.74162185228961],[-123.85724684537593,49.74572185014372],[-123.83582235121423,49.74730258175955],[-123.81847684956428,49.75316672377412],[-123.80563134573147,49.759664094368446],[-123.79756744066103,49.76991482267145],[-123.797048646609,49.79811883535794],[-123.7717311624575,49.825543435409195],[-123.76687980826944,49.84073129377238],[-123.77276940386919,49.85412835256547],[-123.77568308103773,49.85637296872807],[-123.77515194798079,49.86126354580385],[-123.77026499001205,49.868370931121206],[-123.7589622233681,49.8703654314519],[-123.74681821886249,49.88608687514816],[-123.7418680652158,49.88515538337715],[-123.73915262144905,49.89115392445127],[-123.73348653124523,49.895510722276995],[-123.72300385633301,49.89418716441228],[-123.70955918349294,49.90532246882267],[-123.70238836319433,49.90483811905156],[-123.68867113417788,49.90767363933834],[-123.68248783649054,49.91203996676211],[-123.6756874382733,49.92182565653491],[-123.66021728321456,49.92997117693016],[-123.63472424148284,49.92688667184856]],[[-123.71071327440407,49.820306897429326],[-123.70864876538589,49.82027569930602],[-123.70925244492294,49.8232377611292],[-123.70494059451838,49.824747726531776],[-123.70869716877145,49.824534764190304],[-123.71071327440407,49.820306897429326]]]]},"bbox":[-124.01674515064512,49.451023463579986,-123.27250845010185,49.930668603198185]},{"id":"5929024","type":"Feature","properties":{},"geometry":{"type":"MultiPolygon","coordinates":[[[[-123.7128201298454,49.41853296459724],[-123.71299833080332,49.41849595433349],[-123.71316613861869,49.418584261111086],[-123.71280735543804,49.418631266139485],[-123.7128201298454,49.41853296459724]]],[[[-123.71109255724751,49.417355169824084],[-123.71120272118925,49.41728255531086],[-123.71176954580837,49.41734237468094],[-123.71106754632527,49.41755456837281],[-123.71109255724751,49.417355169824084]]],[[[-123.71215451994613,49.418339256493304],[-123.71106582939284,49.418336457156265],[-123.71221595292357,49.41775397185791],[-123.71345094670187,49.41836635089857],[-123.71215451994613,49.418339256493304]]],[[[-123.57371496970721,49.60292925126816],[-123.57482087171721,49.600185873614855],[-123.56815187734506,49.59426644147859],[-123.57331001031592,49.58871031646661],[-123.57103764584481,49.58541269413423],[-123.57120463809471,49.58200169354357],[-123.577236429904,49.57823552247733],[-123.5865207799672,49.57898627863781],[-123.59379236686723,49.567374793458335],[-123.59479473228721,49.55488612350242],[-123.59067747301393,49.549917177361834],[-123.58962578586184,49.54291118583816],[-123.59352290344243,49.53159696353782],[-123.59959129020179,49.52058608881577],[-123.59855634092182,49.490847340677156],[-123.6285387275509,49.49036920340557],[-123.62800971160095,49.475927432353274],[-123.56612388566192,49.47536215731306],[-123.56610102150302,49.46096184163077],[-123.57290696691018,49.460983925918626],[-123.57285636739633,49.45390129385177],[-123.56742382799173,49.45378095228655],[-123.56773406505532,49.450332524741825],[-123.57598186276913,49.45021105942161],[-123.5760072423052,49.44821142491613],[-123.56696485998785,49.44825071199805],[-123.56694428750545,49.44080224539153],[-123.56361948559858,49.440508300477326],[-123.56311482188833,49.43361501997066],[-123.55745231877638,49.433628243842236],[-123.5572812712457,49.43126127689416],[-123.5649640459993,49.43068463190503],[-123.56264085855211,49.40578533534179],[-123.56908086615256,49.40571851422363],[-123.56996930319417,49.40211994199119],[-123.58528694312001,49.40275986300092],[-123.59819552711939,49.40683166071559],[-123.60309121816921,49.410359457622015],[-123.62416154408918,49.41516755208869],[-123.63141585518217,49.41858286942694],[-123.64684122943238,49.41926217144648],[-123.66327465008432,49.42837995352696],[-123.67282313182125,49.429737269383985],[-123.68046509567993,49.43412772144879],[-123.67947499801177,49.43857741278202],[-123.68131169193171,49.45275277894384],[-123.67554830464067,49.45267375745312],[-123.67554723380303,49.45784582509136],[-123.68805987769927,49.45750691426777],[-123.6882790344234,49.46018272160131],[-123.69935019919772,49.45999408542995],[-123.6997146401993,49.4680695333055],[-123.70868065955436,49.46793057704636],[-123.70880736062712,49.4712791160657],[-123.71969144624623,49.47109440086774],[-123.71963514135311,49.46794031102506],[-123.7327334117013,49.467353190218006],[-123.73400486463335,49.46855524921906],[-123.73513049116114,49.46721114520692],[-123.73547821833945,49.487187539127504],[-123.7244878735429,49.4910731795145],[-123.7075527125168,49.50019104356538],[-123.68208160815377,49.500312466393254],[-123.68106384392969,49.51188721406825],[-123.6748391100798,49.540211260518866],[-123.66363918569168,49.55186137101555],[-123.65819125100568,49.57025853788438],[-123.65516859288493,49.57491910438922],[-123.64477174143221,49.5770167144495],[-123.63993819071553,49.58037122637241],[-123.64610800287794,49.588422278989235],[-123.64620370709119,49.59080584562175],[-123.64410526001438,49.592825278594304],[-123.62121121122605,49.6013823363793],[-123.57834446647755,49.610966821819126],[-123.57471303105632,49.60792925238791],[-123.57371496970721,49.60292925126816]]]]},"bbox":[-123.73547821833945,49.40211994199119,-123.5572812712457,49.610966821819126]},{"id":"5929026","type":"Feature","properties":{},"geometry":{"type":"Polygon","coordinates":[[[-123.57285618857432,49.45560099596366],[-123.52931573146235,49.455498419547546],[-123.52789054497795,49.425012672551425],[-123.51899670131297,49.42463938721818],[-123.51851590432432,49.41777960053232],[-123.51370020085074,49.41784378811339],[-123.51372304029566,49.414216866825015],[-123.52953032351826,49.413970904845776],[-123.52944030991127,49.412758266156786],[-123.53722557178725,49.410484821880786],[-123.53706887398448,49.40904184425141],[-123.5344185098569,49.4089576906338],[-123.53507482597134,49.40534409858742],[-123.52826432389807,49.4060934507965],[-123.52750481470939,49.40431524887031],[-123.52119707528483,49.40329276480682],[-123.52073501605005,49.39225072280724],[-123.52388551563892,49.39218793560396],[-123.52410788229193,49.390013340114244],[-123.51938134770289,49.390440691926486],[-123.51879220408425,49.38849459785959],[-123.51724521221034,49.38865538992077],[-123.51800444072788,49.38662075199028],[-123.53896283853777,49.384051462472],[-123.55582233543393,49.389692778148195],[-123.56157703805633,49.397823563931006],[-123.56996930319417,49.40211994199119],[-123.56908086615256,49.40571851422363],[-123.56259118452644,49.40594357284476],[-123.5649640459993,49.43068463190503],[-123.5572812712457,49.43126127689416],[-123.55745231877638,49.433628243842236],[-123.56311482188833,49.43361501997066],[-123.56361948559858,49.440508300477326],[-123.56694428750545,49.44080224539153],[-123.56696485998785,49.44825071199805],[-123.5760072423052,49.44821142491613],[-123.57598186276913,49.45021105942161],[-123.56773406505532,49.450332524741825],[-123.56742382799173,49.45378095228655],[-123.57285636739633,49.45390129385177],[-123.57285618857432,49.45560099596366]]]},"bbox":[-123.5760072423052,49.384051462472,-123.51370020085074,49.45560099596366]},{"id":"5929028","type":"Feature","properties":{},"geometry":{"type":"MultiPolygon","coordinates":[[[[-123.29717523327754,49.51760956448314],[-123.2972434551975,49.51757397059675],[-123.29729823748427,49.517573964827186],[-123.29717654375175,49.51770927174544],[-123.29717523327754,49.51760956448314]]],[[[-123.29968985019003,49.488199572200685],[-123.29985483620516,49.48817116206677],[-123.29985503071981,49.48826087481405],[-123.29968913459078,49.48830647214794],[-123.29968985019003,49.488199572200685]]],[[[-123.32047233225911,49.4758388548553],[-123.3206237529069,49.475991261039475],[-123.32037603523838,49.47605396963546],[-123.32034935118637,49.475999866946594],[-123.32047233225911,49.4758388548553]]],[[[-123.29867313505292,49.4868522648476],[-123.29888113541422,49.48688786737815],[-123.29881193203465,49.48708586855845],[-123.29866095100209,49.48698757067621],[-123.29867313505292,49.4868522648476]]],[[[-123.29966222248632,49.49051106722],[-123.29993894208627,49.49045554981802],[-123.29998094105872,49.490572367927506],[-123.2997042376741,49.4906278508761],[-123.29966222248632,49.49051106722]]],[[[-123.29958982408334,49.49012367596373],[-123.29979813315006,49.49012365309425],[-123.29975733744666,49.49032165702305],[-123.29956462812127,49.49028606208054],[-123.29958982408334,49.49012367596373]]],[[[-123.32679573853308,49.45336056102667],[-123.32697713744089,49.45343177512442],[-123.32690933052348,49.45361127917722],[-123.32672832925199,49.45359416252492],[-123.32679573853308,49.45336056102667]]],[[[-123.29885622799684,49.48966795339089],[-123.29904983955737,49.48970214920435],[-123.29889883348858,49.489991278542256],[-123.29877544063804,49.48991007243011],[-123.29885622799684,49.48966795339089]]],[[[-123.45813664909713,49.37184317036356],[-123.45827333684336,49.371743467585965],[-123.45860243183697,49.37176905900972],[-123.4584807322274,49.37190436650223],[-123.45813664909713,49.37184317036356]]],[[[-123.32716993395763,49.453584151995415],[-123.3273774260213,49.45362835489368],[-123.32724064895436,49.453907456922764],[-123.32711804934365,49.45384486590936],[-123.32716993395763,49.453584151995415]]],[[[-123.45977374733626,49.471950763416224],[-123.46010164804176,49.471787050251635],[-123.46024183667281,49.47192087002786],[-123.46002242661217,49.47207465693281],[-123.45977374733626,49.471950763416224]]],[[[-123.3774642492987,49.4538533640139],[-123.37774131964855,49.45375365639517],[-123.3779474506009,49.453843356139885],[-123.37756302716991,49.45400577287333],[-123.3774642492987,49.4538533640139]]],[[[-123.29993942614347,49.51313176923057],[-123.30025562641399,49.51301356300379],[-123.30029832179147,49.51308626928296],[-123.29973353256123,49.51339386750299],[-123.29993942614347,49.51313176923057]]],[[[-123.2987908519715,49.48584395568243],[-123.29904052209592,49.48581686804461],[-123.2989590323254,49.486150153979],[-123.29872475372353,49.48611456741218],[-123.2987908519715,49.48584395568243]]],[[[-123.29146582616234,49.53332856012758],[-123.29161784225386,49.53313905233431],[-123.29183824263795,49.533247362179154],[-123.29128793193615,49.53357207788382],[-123.29146582616234,49.53332856012758]]],[[[-123.33315174355198,49.48713577073585],[-123.33301034538728,49.486812465928274],[-123.33349421504441,49.486856564164775],[-123.33334444855926,49.48710866542095],[-123.33315174355198,49.48713577073585]]],[[[-123.31477442195158,49.4549585715648],[-123.3150105225558,49.45502975855649],[-123.31482052332555,49.45548977279378],[-123.3146818483481,49.455381570203095],[-123.31477442195158,49.4549585715648]]],[[[-123.44171984014208,49.433639563477456],[-123.44202083483286,49.43353987708724],[-123.44232663304187,49.43361966939526],[-123.442023741643,49.433871647458744],[-123.44171984014208,49.433639563477456]]],[[[-123.35090573947818,49.473231151922086],[-123.35123555640104,49.473256770520095],[-123.35112814787398,49.473554465808846],[-123.35075374287896,49.47348325903045],[-123.35090573947818,49.473231151922086]]],[[[-123.44619423079496,49.42990886305701],[-123.44689903414627,49.42987676497732],[-123.447024140324,49.43002916371135],[-123.4464454459518,49.43010467360346],[-123.44619423079496,49.42990886305701]]],[[[-123.44649101611205,49.37748296272628],[-123.44670063792094,49.37773365631164],[-123.44609824280333,49.37817657453335],[-123.44635753317084,49.377924455305454],[-123.44649101611205,49.37748296272628]]],[[[-123.44831672742895,49.3766213647534],[-123.44882612094646,49.37658286824353],[-123.44895151879575,49.37671816450247],[-123.44851343880724,49.37698874881288],[-123.44831672742895,49.3766213647534]]],[[[-123.34755944631536,49.43931216426671],[-123.34793152502044,49.43928515785309],[-123.34796351864529,49.43980636191586],[-123.34768623581479,49.43978927077012],[-123.34755944631536,49.43931216426671]]],[[[-123.3883782477275,49.458971961175294],[-123.38869315546165,49.4587184712452],[-123.38887623690391,49.45900617662704],[-123.38854573960077,49.45933086544619],[-123.3883782477275,49.458971961175294]]],[[[-123.29732845019585,49.581570770016],[-123.29761752744052,49.58148957309403],[-123.29831104480493,49.581738853846794],[-123.29767483795375,49.58180437417415],[-123.29732845019585,49.581570770016]]],[[[-123.29934063178021,49.48754306046848],[-123.29964525379019,49.487578661727824],[-123.29950883401406,49.488099857553905],[-123.29908023785363,49.48798456999883],[-123.29934063178021,49.48754306046848]]],[[[-123.2979647234633,49.486269764416406],[-123.2984224377157,49.48646636209107],[-123.29813532541837,49.487006175930915],[-123.29799604085967,49.486890762503734],[-123.2979647234633,49.486269764416406]]],[[[-123.29855033805092,49.51439504874315],[-123.29870094608317,49.51401624920148],[-123.29951421834485,49.51391515749128],[-123.29940474839688,49.51408746739933],[-123.29855033805092,49.51439504874315]]],[[[-123.46209694342424,49.35497904928342],[-123.4626198287837,49.354896455455716],[-123.46292221714579,49.355047463705986],[-123.46229382875568,49.355365078278886],[-123.46209694342424,49.35497904928342]]],[[[-123.43777574378771,49.43378056446994],[-123.43809434056581,49.433931553213284],[-123.43743774731358,49.434428562258276],[-123.43744774596385,49.434069654523526],[-123.43777574378771,49.43378056446994]]],[[[-123.46531892269475,49.34924517075842],[-123.46599614670733,49.349332070764646],[-123.46606641950503,49.34968246186352],[-123.46514344872121,49.34963256163271],[-123.46531892269475,49.34924517075842]]],[[[-123.37845393101942,49.467621167733796],[-123.37884104994919,49.46763826220796],[-123.37792202240857,49.46854126163402],[-123.3779602420323,49.468108264426995],[-123.37845393101942,49.467621167733796]]],[[[-123.48055344978837,49.38805065984696],[-123.48115933599684,49.38797657422217],[-123.48139762814363,49.38828987808974],[-123.48087674055067,49.38863455116975],[-123.48055344978837,49.38805065984696]]],[[[-123.47779106079496,49.40303046598325],[-123.47828684064156,49.40291085555173],[-123.47850834767117,49.403090263443566],[-123.47782552420203,49.40368557277421],[-123.47779106079496,49.40303046598325]]],[[[-123.50102553388207,49.405135464652865],[-123.50167859868358,49.405197462246356],[-123.49999643516696,49.40567286379748],[-123.5004761461038,49.405453074242835],[-123.50102553388207,49.405135464652865]]],[[[-123.32789364233908,49.45242204941005],[-123.32741133719549,49.45256727806722],[-123.32779393316562,49.45201756997358],[-123.32870565304907,49.45223976896935],[-123.32789364233908,49.45242204941005]]],[[[-123.46330704279113,49.354793970253866],[-123.46261884694302,49.35479675898899],[-123.46240883842313,49.35450055769621],[-123.46357541532439,49.354100358723905],[-123.46330704279113,49.354793970253866]]],[[[-123.49526505131114,49.38195216102884],[-123.49582624600696,49.38174276399719],[-123.49626054603745,49.38230815575372],[-123.49499622583417,49.38275396657524],[-123.49526505131114,49.38195216102884]]],[[[-123.44666193938177,49.376357854967125],[-123.44725302265263,49.37639205836021],[-123.44835523133221,49.37785326499561],[-123.44737324726302,49.377470157970315],[-123.44666193938177,49.376357854967125]]],[[[-123.47102672203857,49.37298677257981],[-123.47112824852927,49.37211377318922],[-123.47252035685462,49.37210806358247],[-123.4719040495358,49.372677666835514],[-123.47102672203857,49.37298677257981]]],[[[-123.46681102578502,49.355517355712976],[-123.46789853541634,49.3554419733659],[-123.46771532756742,49.35653006414528],[-123.46673573820735,49.35640896370213],[-123.46681102578502,49.355517355712976]]],[[[-123.3851671361552,49.46833756188998],[-123.3858131294303,49.467840570156376],[-123.38639403290355,49.46798157351602],[-123.38570032907856,49.46932456197839],[-123.3851671361552,49.46833756188998]]],[[[-123.30250153395188,49.499898068122704],[-123.30139102623878,49.50006756599228],[-123.30095862962686,49.49933977888534],[-123.302339125347,49.49928276122507],[-123.30250153395188,49.499898068122704]]],[[[-123.46192282785402,49.37313205979509],[-123.46202144020857,49.371944272989786],[-123.46335941505237,49.37219916230936],[-123.46306112337099,49.37264207377916],[-123.46192282785402,49.37313205979509]]],[[[-123.4777151264252,49.40080866111609],[-123.47875183131809,49.40105645054457],[-123.47800473000453,49.40226426009198],[-123.47710745000145,49.40206056184985],[-123.4777151264252,49.40080866111609]]],[[[-123.44677361958385,49.431343764784],[-123.445570431426,49.43101615817105],[-123.44802333874333,49.43064726829853],[-123.44769944171121,49.43146626499622],[-123.44677361958385,49.431343764784]]],[[[-123.44332363639815,49.43107885513737],[-123.44443785435469,49.430868070342626],[-123.44492593303345,49.4313779682908],[-123.44268213345553,49.43194477910458],[-123.44332363639815,49.43107885513737]]],[[[-123.47702254832308,49.386230454915754],[-123.47581932124002,49.385811765657586],[-123.47843184389244,49.38512675855444],[-123.47818834922833,49.38575766780012],[-123.47702254832308,49.386230454915754]]],[[[-123.45155662617181,49.37234447656807],[-123.45149042305901,49.37113106210259],[-123.45338753364001,49.370692351699795],[-123.45270912478584,49.371954171982054],[-123.45155662617181,49.37234447656807]]],[[[-123.45032924781636,49.37821507267968],[-123.44877673914691,49.377366168615154],[-123.45265201420847,49.376262462363755],[-123.4526489196615,49.37740465962303],[-123.45032924781636,49.37821507267968]]],[[[-123.48330464970778,49.36646957040018],[-123.48125194136067,49.36491296352119],[-123.48390574363104,49.364586752400065],[-123.48615465026658,49.36640267130181],[-123.48330464970778,49.36646957040018]]],[[[-123.28572245350885,49.57923507126234],[-123.28224851851273,49.57916246875378],[-123.2812201170461,49.578211061447284],[-123.28785463804701,49.57748475058065],[-123.28717592773899,49.57936607838041],[-123.28572245350885,49.57923507126234]]],[[[-123.46400924069447,49.349070076541864],[-123.45667565992251,49.34956706728829],[-123.45407139124735,49.34780537077486],[-123.45670643022379,49.34684117556238],[-123.46506204686588,49.348194165513796],[-123.46400924069447,49.349070076541864]]],[[[-123.47616692680413,49.371868763557515],[-123.47245071896151,49.370696657790674],[-123.47196095839313,49.368395063809004],[-123.478806455909,49.36977086568785],[-123.47616692680413,49.371868763557515]]],[[[-123.48774323806292,49.36398575561708],[-123.48447183673962,49.36059047277734],[-123.485264038514,49.35837436987699],[-123.49177432497879,49.36212436299748],[-123.48774323806292,49.36398575561708]]],[[[-123.45194145096005,49.517972663976714],[-123.4553813289731,49.50596805750887],[-123.45714071853358,49.50661746258271],[-123.45596073166305,49.508871968818454],[-123.45831743827206,49.50981627474748],[-123.4684059258547,49.51025206564968],[-123.45766992899695,49.51588907544136],[-123.45702803264327,49.518194874719626],[-123.45229894363725,49.51920325980405],[-123.45194145096005,49.517972663976714]]],[[[-123.4635782345251,49.370480169236615],[-123.45686092110623,49.37093016263519],[-123.4586147317248,49.36857595937607],[-123.454675318387,49.365434166771685],[-123.46092214557333,49.363484465234656],[-123.45938673318507,49.35984697235607],[-123.46146054633088,49.35909215107073],[-123.46070032464372,49.3572606696801],[-123.4662597168699,49.35833596481891],[-123.46993242518768,49.35653006705861],[-123.47004705062889,49.35985835729972],[-123.46707025210274,49.36100346928373],[-123.46934482870594,49.36423215650162],[-123.4635782345251,49.370480169236615]]],[[[-123.45697692372268,49.41039076310125],[-123.44088924301136,49.40709795258992],[-123.42955592424734,49.40231125518579],[-123.43210012650808,49.39988157809621],[-123.4323160590886,49.39640786745397],[-123.43444325201673,49.393683368397724],[-123.43901875481174,49.39068967994407],[-123.44619593702494,49.3934412568377],[-123.45623134053561,49.39084777302236],[-123.46125773827377,49.39329165720391],[-123.46484134804038,49.3920996705749],[-123.47182665143576,49.39327606567462],[-123.47467226023896,49.39122376919665],[-123.4786815464771,49.39105425293891],[-123.48486763775715,49.386818673735974],[-123.48799652171697,49.38675175650552],[-123.48874832067308,49.384733659689374],[-123.49549273401347,49.384155362008585],[-123.49468134711641,49.38844936561838],[-123.48757632728888,49.39160976185879],[-123.47865582591896,49.39839327381173],[-123.4715134383596,49.400905560304516],[-123.47156342269376,49.40602416797539],[-123.46903625674398,49.40564676916277],[-123.4635941377187,49.41020275850005],[-123.45697692372268,49.41039076310125]]],[[[-123.32101461803664,49.556772457658845],[-123.31698193350134,49.55744036035399],[-123.30670615825994,49.55047026999212],[-123.29458652926947,49.54676876671018],[-123.29113812651714,49.53869927255219],[-123.293794143191,49.52967117619561],[-123.29244354333001,49.52569905877577],[-123.28510443172678,49.52533016119996],[-123.28411724089273,49.521852263447975],[-123.28732334051982,49.51969456824392],[-123.28813784784141,49.52203026256291],[-123.29062601821205,49.52221396568498],[-123.29325995378868,49.51885147065854],[-123.29840605004654,49.517813164089624],[-123.29748133408127,49.51585487610278],[-123.30139015157215,49.51341666909801],[-123.30107314694871,49.51134866335216],[-123.30325031774106,49.510244961661634],[-123.3062865288186,49.51426688118797],[-123.30950133083341,49.513539162855984],[-123.32011085150175,49.52000366447134],[-123.3239806335039,49.52434605723043],[-123.32592123826964,49.531626568200736],[-123.32800934122233,49.5336361490156],[-123.32446364166594,49.54091387391154],[-123.31936635239136,49.54367117076742],[-123.3211681385986,49.55071816235924],[-123.32400805178911,49.55144735814253],[-123.32439624418619,49.55362346823909],[-123.3237191104335,49.55588375974316],[-123.32101461803664,49.556772457658845]]],[[[-123.42422304045918,49.52710756044723],[-123.40740864612738,49.52573747248659],[-123.39452933858054,49.52737536608307],[-123.39034692513077,49.53136456508769],[-123.38775665875418,49.5306182634443],[-123.38521954114131,49.53303656720103],[-123.38601425233205,49.53396945638423],[-123.38231881916991,49.533280058772455],[-123.38044183045334,49.535238380336],[-123.37741132366436,49.533178970568315],[-123.37773094433324,49.53161376594294],[-123.36735422452747,49.52804047146766],[-123.36237504006613,49.53117657563552],[-123.35748642412577,49.52977935668637],[-123.35537324660486,49.526197457636655],[-123.35715283832607,49.52386174930045],[-123.35596943104808,49.52271536262095],[-123.35884442042556,49.52092505661474],[-123.35750052505932,49.51841986080525],[-123.35006123566853,49.51364735883837],[-123.34647911533492,49.50926936107327],[-123.34690363573614,49.5067940639372],[-123.34302632983122,49.5053570684858],[-123.34168185864881,49.50068426690863],[-123.32944312320478,49.496186562535385],[-123.33178122842371,49.49082726869258],[-123.3366387292604,49.490237661974334],[-123.33433405414938,49.48641366689028],[-123.32524344165088,49.481257968665425],[-123.31836594331439,49.47469235165513],[-123.31431626276257,49.46076216858408],[-123.31599594158011,49.457969367054886],[-123.31469365165702,49.45305156052933],[-123.31654692896588,49.44731766271732],[-123.3214608243248,49.44550465440468],[-123.32645511624061,49.44773926529872],[-123.32304443725091,49.451482073106206],[-123.32528584461436,49.456503847886275],[-123.32981724304427,49.453262352833306],[-123.33301503321032,49.44873754995381],[-123.3330486567538,49.445399266428915],[-123.33560003152786,49.445302471545155],[-123.33605204170371,49.44277305885775],[-123.33928222484758,49.44325865299071],[-123.34140493406125,49.44112095669295],[-123.3439071385454,49.441697756218296],[-123.35389493770516,49.43810586272205],[-123.3625455192868,49.43085666234841],[-123.37110104108304,49.43152176660715],[-123.3729891356591,49.43310835557872],[-123.37502754398265,49.44000006787884],[-123.36885673493836,49.44657705510089],[-123.36397644491747,49.449139268773656],[-123.35783664229297,49.45857605967072],[-123.35739941910946,49.46460326580814],[-123.3447862341531,49.478566276768696],[-123.35133232909557,49.47510116304549],[-123.35418303897826,49.47620775082576],[-123.3594046439041,49.4747607640446],[-123.36255813922865,49.46990275894721],[-123.36480162251289,49.46340126698758],[-123.3640294118072,49.46173066129469],[-123.3732875293036,49.45788816320831],[-123.37327692682283,49.45467657068517],[-123.37663745518591,49.453901768252656],[-123.38251502476932,49.457506458104845],[-123.38163772461867,49.46156687662137],[-123.37347753457327,49.466585777487765],[-123.37750922283837,49.46860536880435],[-123.37636054767279,49.471730058482486],[-123.37149973598044,49.475128169109055],[-123.37263594352157,49.47566365220465],[-123.37139191864179,49.47721466747054],[-123.37461271577361,49.47787976413415],[-123.37559315551782,49.481518667345874],[-123.37698643175152,49.479590276936015],[-123.3804714501227,49.48047755795437],[-123.38551773167171,49.47425517981977],[-123.38867893926502,49.47266146049329],[-123.39033803587324,49.46428146980056],[-123.38787815089387,49.46372316630257],[-123.39012211636202,49.46145725821416],[-123.39068174681694,49.4554912514513],[-123.39302023509426,49.45440456674973],[-123.39571981983673,49.45550116932535],[-123.39611632896712,49.45346737839887],[-123.39811416137125,49.45300166965609],[-123.40055062685781,49.455854377501],[-123.40304223617684,49.4567630567842],[-123.40461763650433,49.45533597005052],[-123.40731035698191,49.457143268608725],[-123.40467815641979,49.46259516201756],[-123.40301794054254,49.462276157921764],[-123.39781215535723,49.46689056836141],[-123.40007895459861,49.46904256357974],[-123.40000303615955,49.47165026023583],[-123.40372875006283,49.47155626012253],[-123.40550466116026,49.46918496800134],[-123.41005062712325,49.46814387563488],[-123.41666494727795,49.46045596493143],[-123.4203116217018,49.46081206480759],[-123.4210049236217,49.45805626356726],[-123.42333815131504,49.45651096030305],[-123.42264543650894,49.453040153557644],[-123.4246051515342,49.44673657046803],[-123.42873465786724,49.44084746544721],[-123.43293043005924,49.43958276600661],[-123.43610692229707,49.43529736214371],[-123.44714612933244,49.4344285713899],[-123.4439728498107,49.43734535889083],[-123.44687042738329,49.43742367819348],[-123.44684782529967,49.43953866470405],[-123.43872733237103,49.44765525559035],[-123.43837333284561,49.44974457587128],[-123.44841884847116,49.45453555982025],[-123.4464537194864,49.45837526151462],[-123.44682672683376,49.461539853305474],[-123.45675113510549,49.464631761250956],[-123.45555613856068,49.466884877201345],[-123.45706855206049,49.46769805852148],[-123.45571374772494,49.468952867914595],[-123.45928803566622,49.471898064276004],[-123.45334642908253,49.47407995860744],[-123.44784554195108,49.48249424997401],[-123.44269063928361,49.48648055521956],[-123.44409446094322,49.495065669389476],[-123.45068305257854,49.50279345981896],[-123.44199734095832,49.51057106677911],[-123.44243714887794,49.511963952979755],[-123.43775235668116,49.51630926125811],[-123.43771554181889,49.518278866330085],[-123.43422461982544,49.52036107054068],[-123.43486091590906,49.52200466107003],[-123.42422304045918,49.52710756044723]]],[[[-123.5464007898413,49.63238748638577],[-123.5383690080854,49.63477545815195],[-123.53513592709577,49.63418145807312],[-123.51983389808969,49.625470238062874],[-123.5033689870489,49.62057379541948],[-123.48051874638755,49.615881482953974],[-123.46838324899588,49.61626446553053],[-123.45775249734919,49.61903142150528],[-123.45332214886145,49.62331867841741],[-123.44989795846713,49.6315296183576],[-123.45034033264086,49.635940289756384],[-123.45197468934988,49.64032549340913],[-123.45770143714566,49.64573803301233],[-123.45437322150988,49.65047732946099],[-123.44622133369104,49.65428573728039],[-123.43701669480292,49.6558633791547],[-123.40175635280924,49.65058464168399],[-123.37310357353753,49.64962433025724],[-123.35682187442302,49.65729697901481],[-123.35131985924693,49.66275255634527],[-123.35160869539017,49.66567098212746],[-123.33625422171325,49.65377815962556],[-123.32900964290312,49.64164421995277],[-123.32139520610326,49.633432712787],[-123.2999138594071,49.617088592230346],[-123.29406499755777,49.610063211966875],[-123.28744113972282,49.594735647247006],[-123.28187446880254,49.590347086784526],[-123.27689368976303,49.59075743004268],[-123.27672230834771,49.58365958348247],[-123.28068825360042,49.58185567125731],[-123.30882433615432,49.58367285653821],[-123.31538925553154,49.5805695710612],[-123.32434773605557,49.57987025784523],[-123.33227525672518,49.575908167792726],[-123.33348573701754,49.57099316777883],[-123.34554605008347,49.56892516184666],[-123.35090254668279,49.563575849569695],[-123.3499977325718,49.55698466255089],[-123.35537023959817,49.554270074011676],[-123.37611614425695,49.55863957007007],[-123.38153654474188,49.562435068414686],[-123.38651424665666,49.56230127005865],[-123.39624051789758,49.559354568622844],[-123.39650244466769,49.556034652898525],[-123.40140111569355,49.55295986026553],[-123.41315952804811,49.55067825589277],[-123.42261874767192,49.54459975224433],[-123.445912246641,49.53997816315849],[-123.4612038255165,49.53170636631818],[-123.46429221533513,49.53243125817044],[-123.47785133462482,49.52838226987613],[-123.48132144247089,49.525741774593996],[-123.48120313772766,49.52217126184702],[-123.48596532686723,49.52452696710002],[-123.48769304848834,49.52733405589638],[-123.48986705110242,49.52913276511358],[-123.48636753383927,49.52459667364149],[-123.48047564752065,49.521194273534434],[-123.49275865848766,49.51852526787388],[-123.49262265434942,49.51324577301409],[-123.49484914128115,49.51066366931222],[-123.49343455471455,49.50455377118652],[-123.49597444095326,49.5031566725599],[-123.49616395619343,49.50131226664068],[-123.49451543870003,49.49939385326159],[-123.48897562277881,49.49785286220327],[-123.48406392996843,49.492782670864294],[-123.46993603262318,49.48538397343529],[-123.47170126332304,49.483686268548645],[-123.47817523655306,49.48367775766883],[-123.48317825001682,49.481353453920974],[-123.48297332766647,49.47886247306605],[-123.48624014482114,49.476888554689125],[-123.48728924326078,49.46708857140719],[-123.48225102062213,49.46703725687558],[-123.47456462462536,49.45854185640914],[-123.47280182798363,49.453242353742986],[-123.4677698377398,49.44936857686012],[-123.46879155166246,49.44496486902125],[-123.46681474058018,49.443066352968025],[-123.47319635925513,49.43825546881371],[-123.47423564446962,49.43441855413666],[-123.47198553905704,49.432917472372246],[-123.4793821430667,49.42769636286354],[-123.48118475583534,49.42153666585091],[-123.48040552751787,49.419461563838674],[-123.4823761497077,49.41648495332595],[-123.48916141653014,49.41534986143194],[-123.49629191368338,49.41112816573921],[-123.50130330982232,49.41066629924258],[-123.50159904429883,49.40815954752449],[-123.503471704366,49.40973768211786],[-123.50721982356069,49.40976174945916],[-123.5073125110036,49.41217123697278],[-123.51022481931142,49.41206595682615],[-123.50994913195282,49.41423641783414],[-123.51372304029566,49.414216866825015],[-123.51370020085074,49.41784378811339],[-123.51851590432432,49.41777960053232],[-123.51899670131297,49.42463938721818],[-123.52789054497795,49.425012672551425],[-123.52931573146235,49.455498419547546],[-123.57285618857432,49.45560099596366],[-123.57290696691018,49.460983925918626],[-123.56610102150302,49.46096184163077],[-123.56612388566192,49.47536215731306],[-123.62800971160095,49.475927432353274],[-123.6285387275509,49.49036920340557],[-123.59855634092182,49.490847340677156],[-123.59959129020179,49.52058608881577],[-123.59352290344243,49.53159696353782],[-123.58962578586184,49.54291118583816],[-123.59067747301393,49.549917177361834],[-123.59479473228721,49.55488612350242],[-123.59379236686723,49.567374793458335],[-123.5865207799672,49.57898627863781],[-123.577236429904,49.57823552247733],[-123.57229070838173,49.58071604920462],[-123.57075456365689,49.58331180948915],[-123.57331001031592,49.58871031646661],[-123.56815187734506,49.59426644147859],[-123.57482087171721,49.600185873614855],[-123.57371564850963,49.60543058832608],[-123.57834446647755,49.610966821819126],[-123.56831889731222,49.61430209881029],[-123.56689989785005,49.616029091634985],[-123.56752352643173,49.6186406684798],[-123.57288682214016,49.624036322525086],[-123.56468048992812,49.630569113189125],[-123.5464007898413,49.63238748638577]]]]},"bbox":[-123.6285387275509,49.34684117556238,-123.27672230834771,49.66567098212746]},{"id":"5929801","type":"Feature","properties":{},"geometry":{"type":"Polygon","coordinates":[[[-123.49994104413007,49.40569796000378],[-123.50127671822025,49.405721450519756],[-123.50130330982232,49.41066629924258],[-123.49629191368338,49.41112816573921],[-123.49994104413007,49.40569796000378]]]},"bbox":[-123.50130330982232,49.40569796000378,-123.49629191368338,49.41112816573921]},{"id":"5929803","type":"Feature","properties":{},"geometry":{"type":"MultiPolygon","coordinates":[[[[-124.0286401175998,49.61975139799161],[-124.02881284358173,49.619656068628544],[-124.0286839658723,49.61981412200572],[-124.0286401175998,49.61975139799161]]],[[[-124.02062171234014,49.631314509506225],[-124.02067596826045,49.6307687973973],[-124.02113715939022,49.63093030076085],[-124.02126208182125,49.63131288460065],[-124.02062171234014,49.631314509506225]]],[[[-124.0291442129006,49.61986065982471],[-124.02932500670596,49.61972716648772],[-124.02978052187565,49.6201861370753],[-124.02934078451044,49.620454775489726],[-124.0291442129006,49.61986065982471]]],[[[-123.85133352974007,50.162730756823855],[-123.8518095454132,50.16270086415912],[-123.85205321763834,50.16306686936273],[-123.85120132860267,50.16317226795431],[-123.85133352974007,50.162730756823855]]],[[[-124.05023404727763,49.62971755388595],[-124.05089773619744,49.62973035330407],[-124.05081302980305,49.6302160594141],[-124.05014863263789,49.63028585222987],[-124.05023404727763,49.62971755388595]]],[[[-124.05242065444989,49.62970766445299],[-124.0535379479819,49.629499675708225],[-124.0536742503715,49.630028074927424],[-124.0525888494673,49.63041685276749],[-124.05242065444989,49.62970766445299]]],[[[-124.03334104172211,49.61737687437164],[-124.03307533527924,49.616532783732474],[-124.0347632115017,49.61738969573332],[-124.03434634427167,49.61802422127225],[-124.03334104172211,49.61737687437164]]],[[[-123.9228052844361,49.760923158806946],[-123.92179663474555,49.759674135054375],[-123.92463625399805,49.76060471374281],[-123.92462667483899,49.76060637117571],[-123.9228052844361,49.760923158806946]]],[[[-123.74892806093771,49.50289082841306],[-123.74976433239767,49.5030042681456],[-123.75189390379224,49.503829540254934],[-123.7488538712631,49.50381640891234],[-123.74892806093771,49.50289082841306]]],[[[-123.71821710500127,49.78033908074431],[-123.71992208040453,49.78002107564023],[-123.71963236011702,49.78158884883739],[-123.7179604852759,49.78124528014331],[-123.71821710500127,49.78033908074431]]],[[[-123.7982373204087,50.12854106115477],[-123.79743891424656,50.1274237694098],[-123.80090328952461,50.12860485176146],[-123.80085946192244,50.12860381004542],[-123.7982373204087,50.12854106115477]]],[[[-123.81023065218014,50.14146613022054],[-123.81094725687889,50.14069832052155],[-123.81259243393936,50.142159880999024],[-123.8108775675732,50.14262396235622],[-123.81023065218014,50.14146613022054]]],[[[-124.02491349840965,49.63295783933485],[-124.02339143401724,49.63280989012885],[-124.02367977866714,49.63159458399201],[-124.02628510712567,49.63210398202195],[-124.02491349840965,49.63295783933485]]],[[[-124.00908040269928,49.99886288694012],[-124.00557673722602,49.99877484470226],[-124.0054850671759,49.997580166292394],[-124.00917043119003,49.997781767188],[-124.00908040269928,49.99886288694012]]],[[[-123.79585824539691,49.5093263528945],[-123.79835257226793,49.508979668877984],[-123.79823037388755,49.5113039705618],[-123.79674694177689,49.511197520800394],[-123.79585824539691,49.5093263528945]]],[[[-123.70869716877145,49.824534764190304],[-123.70494059451838,49.824747726531776],[-123.70925244492294,49.8232377611292],[-123.70864876538589,49.82027569930602],[-123.71071327440407,49.820306897429326],[-123.70869716877145,49.824534764190304]]],[[[-123.87393112961284,49.723639954612594],[-123.87728012049652,49.72395606813109],[-123.87998162824566,49.72526777675776],[-123.87645745016297,49.72521365489142],[-123.87393112961284,49.723639954612594]]],[[[-123.85511196624142,50.16499348276584],[-123.85386147547874,50.16379180323328],[-123.85638374875126,50.16207428256593],[-123.85795475782301,50.16365362274853],[-123.85511196624142,50.16499348276584]]],[[[-123.98379253983236,49.64381717564883],[-123.98359717623654,49.64136059946558],[-123.98664673767276,49.641381578482374],[-123.98674191423315,49.64380844337167],[-123.98379253983236,49.64381717564883]]],[[[-123.76470416661878,49.49059545760594],[-123.76719331758673,49.48944467922668],[-123.7691987366396,49.491977033178],[-123.76571456263841,49.49213067966048],[-123.76470416661878,49.49059545760594]]],[[[-124.01197134035375,49.998243156650844],[-124.01082351460636,49.9987473596449],[-124.01142321784396,49.99607126032005],[-124.0150970463262,49.995101799250506],[-124.01436576896866,49.998163050875355],[-124.01197134035375,49.998243156650844]]],[[[-124.01862036873234,49.60715021469632],[-124.01834726443093,49.605660777428405],[-124.02453901191637,49.604927137905285],[-124.0251702790638,49.60654606156462],[-124.01862036873234,49.60715021469632]]],[[[-123.86637696501701,49.92438256569134],[-123.86929815457715,49.921804452424546],[-123.87423855677294,49.924901889230576],[-123.87084112121526,49.92496281817721],[-123.86637696501701,49.92438256569134]]],[[[-123.86187583656388,49.72378612155574],[-123.86119595128886,49.720751024209555],[-123.8662658779054,49.720325468430374],[-123.86476013943671,49.722863770464215],[-123.86740284787523,49.725129504231326],[-123.86433739117592,49.72556845200943],[-123.8641124238687,49.72366434679652],[-123.86187583656388,49.72378612155574]]],[[[-124.06372111741686,49.65398167033995],[-124.06438304746545,49.65095863646733],[-124.06986116378442,49.651549678544036],[-124.06926284056816,49.65428586499915],[-124.06372111741686,49.65398167033995]]],[[[-123.72704402866029,49.772830674930255],[-123.72787135343773,49.77984613016432],[-123.72345421784284,49.77978796634123],[-123.72397962856144,49.77602376343927],[-123.72704402866029,49.772830674930255]]],[[[-123.75425881213215,49.51631542262006],[-123.75499243231599,49.51155237444183],[-123.76054783210073,49.51383125810078],[-123.76102551209001,49.51670303435563],[-123.75425881213215,49.51631542262006]]],[[[-123.7100109838671,49.439676191841635],[-123.71255854604537,49.43863856443491],[-123.71317383232697,49.43634986106182],[-123.72343732317569,49.439272366263744],[-123.7100109838671,49.439676191841635]]],[[[-123.7135312187013,49.77428683286787],[-123.71179790828491,49.75945234912888],[-123.71801339646713,49.75943026083401],[-123.71606993025158,49.77083827269743],[-123.71764185153506,49.77417150336192],[-123.7135312187013,49.77428683286787]]],[[[-123.98568872751486,50.216728677905515],[-123.97078699486214,50.21569942296244],[-123.96978897495357,50.20833197776677],[-123.97179045677724,50.21134186155411],[-123.9740377330553,50.21094595520958],[-123.97975913122258,50.21376735979959],[-123.98660956308558,50.213048974198614],[-123.9928720739466,50.217200932994345],[-123.98568872751486,50.216728677905515]]],[[[-123.72155766102166,49.80050810679571],[-123.7215665590164,49.794035659249914],[-123.71559503870671,49.793762368942275],[-123.71634557059453,49.786516388108026],[-123.7190719353562,49.78789166525289],[-123.72659231375489,49.78764584635497],[-123.72715246451403,49.79497818187318],[-123.72571149667318,49.795010055509366],[-123.72566297770351,49.80048958442473],[-123.72155766102166,49.80050810679571]]],[[[-123.89314313690322,49.733972570947486],[-123.8945527398839,49.732118277332305],[-123.88884074822317,49.730228354109784],[-123.88990584987417,49.72850217432368],[-123.88687983342713,49.7260966595817],[-123.88951982360535,49.72176999163146],[-123.90400499741453,49.723363594313234],[-123.90422011303862,49.734084390755925],[-123.89314313690322,49.733972570947486]]],[[[-123.74745586343273,49.486232743524226],[-123.73548843156054,49.48629747633487],[-123.73487701241437,49.46452179904573],[-123.74333038635427,49.46437345112363],[-123.74222093541596,49.46639926438177],[-123.74344823294864,49.46999816567682],[-123.75350597929261,49.47090848654678],[-123.75345465884183,49.47503556627882],[-123.75052077140276,49.47616136951784],[-123.75108096902416,49.47752643886943],[-123.75343821623233,49.477360050371544],[-123.75217142552607,49.48262527384226],[-123.75407334307334,49.48415054944606],[-123.75269330908841,49.486169539933314],[-123.74745586343273,49.486232743524226]],[[-123.74821837539798,49.474091483234126],[-123.74766987967128,49.475047397395194],[-123.7494769365613,49.47561649502988],[-123.7497540434974,49.47498333607175],[-123.74821837539798,49.474091483234126]]],[[[-123.74957989341206,50.09848743105766],[-123.73866092549135,50.09876387155064],[-123.73864445302826,50.101088916282166],[-123.73316047584376,50.10105912378317],[-123.73316923917984,50.099346945827726],[-123.71505599041018,50.100274393856765],[-123.71547604433562,50.09653836554054],[-123.72038653678693,50.09635957688628],[-123.72022080736639,50.09415431058359],[-123.7300956284668,50.09399028123622],[-123.73036527773093,50.091331983851944],[-123.73721706442845,50.091242505328225],[-123.73808997980159,50.08350112467202],[-123.75078206405085,50.08307483757666],[-123.75113249633061,50.07816564863057],[-123.7563118192938,50.07814694049043],[-123.75653066710716,50.07277107335682],[-123.76400426049364,50.07263165693295],[-123.7640422780741,50.07092960027897],[-123.76618846657371,50.07089999271336],[-123.77616057493702,50.073208047057214],[-123.76809733107831,50.07613175929133],[-123.75504201593905,50.084897760115624],[-123.74294063038228,50.08701695644618],[-123.74453882723637,50.0918364598113],[-123.74209184447186,50.09273376559901],[-123.74555452604,50.09333195765408],[-123.74957989341206,50.09848743105766]]]]},"bbox":[-124.06986116378442,49.43634986106182,-123.70494059451838,50.217200932994345]}],"bbox":[-124.22847105737667,49.34684117556238,-123.27250845010185,50.36642339676383]}