{"type":"FeatureCollection","features":[{"id":"5931006","type":"Feature","properties":{},"geometry":{"type":"Polygon","coordinates":[[[-123.17727693809418,49.87252163604595],[-123.17569608453644,49.87433857362521],[-123.15023522014381,49.874209570364286],[-123.15059500792883,49.85698398778119],[-123.1471255979726,49.85679270229069],[-123.14702696942214,49.8474790265814],[-123.14221233944113,49.84752042791276],[-123.14201389541181,49.839754946600756],[-123.13133927530058,49.839753276681265],[-123.13132566876155,49.82830747044804],[-123.12689074600337,49.82807686845357],[-123.12672277927759,49.818344993062915],[-123.11861715864373,49.818093953923295],[-123.11749078257469,49.792311697839494],[-123.10953983407839,49.79253215052747],[-123.10909954243073,49.78657879874703],[-123.10217563743075,49.78644450869987],[-123.10145950173059,49.77873656307954],[-123.08938016343984,49.77890817573446],[-123.08920014263106,49.76380299589062],[-123.09303882653505,49.76370985058225],[-123.09324210620927,49.7500328869929],[-123.09829916367998,49.749980323802596],[-123.09888167110095,49.746757201296724],[-123.09860965137545,49.742719247593264],[-123.08966696424287,49.74221694842279],[-123.09002061322657,49.72670074018403],[-123.0164012213969,49.727453927607876],[-123.01547198728576,49.70907364714239],[-123.09115570150155,49.708916036347205],[-123.09148753098626,49.70331461514658],[-123.10895609292497,49.702596476102855],[-123.10840761492749,49.695586679759025],[-123.12794093479528,49.695672794059746],[-123.12765633735576,49.69391935075579],[-123.13003216799318,49.69400959105189],[-123.12995175043886,49.681272371732554],[-123.15042024942821,49.68130813281116],[-123.15044744877643,49.673593766848484],[-123.15615975628148,49.67368135897754],[-123.15666628375756,49.66173400801497],[-123.16752972393567,49.66196004411391],[-123.16794257624124,49.65721773115076],[-123.18053404685068,49.657276221983565],[-123.18085062616952,49.65322332593621],[-123.18915051318328,49.653097828896556],[-123.18924367612811,49.64932563112263],[-123.2013414783778,49.64905451699655],[-123.20327232891738,49.646302030390125],[-123.20256868344578,49.63948963520266],[-123.21776212276579,49.63874549045588],[-123.22493262608438,49.64700897480736],[-123.22041314933539,49.649220667510875],[-123.21911085190217,49.655249370300794],[-123.20575313602744,49.65798247491886],[-123.18986971936324,49.65691995786342],[-123.1779686366166,49.66068987599848],[-123.16922994349882,49.666352550338324],[-123.16837704429874,49.66821536613499],[-123.1698774429048,49.668752356668115],[-123.16655303846355,49.66975636605509],[-123.1671725219055,49.67218325912822],[-123.1589409198383,49.67674636109727],[-123.15702194135149,49.67953785182172],[-123.15570365358899,49.687615967561314],[-123.14290061811367,49.69065658279471],[-123.14287924660813,49.69182700989594],[-123.14481249198147,49.69094741222116],[-123.14479859709613,49.69249001360977],[-123.1536602588775,49.692413040754836],[-123.15098562480824,49.694880878153775],[-123.15191851348241,49.69615695728956],[-123.14999943046243,49.69867777458878],[-123.14297603391846,49.70147496377157],[-123.14402235324914,49.70833676471927],[-123.1437956364488,49.70208597129504],[-123.15141404888,49.69903526715419],[-123.15535063583309,49.69409325144213],[-123.15583832718121,49.69073646990042],[-123.16353702871106,49.68339607210729],[-123.16552115660252,49.683824764513616],[-123.16434524902331,49.684815964159434],[-123.16666564083702,49.686188966606075],[-123.15655751059393,49.6943966606353],[-123.1617766348119,49.69206947172744],[-123.170981019084,49.683511362736795],[-123.18329874060186,49.685237570107475],[-123.1900622460704,49.68161006278757],[-123.20281654514687,49.68188497360986],[-123.21221201307497,49.677721959309345],[-123.22255721867506,49.67585916388975],[-123.22529063837696,49.67352347648337],[-123.23196533547608,49.67231426740649],[-123.2369818411382,49.66952565009885],[-123.24969383988355,49.66747474796543],[-123.25026713333158,49.665539258060946],[-123.25845333519909,49.66248155114372],[-123.25932814254206,49.659889472708386],[-123.25754705073602,49.65596295793129],[-123.26023830482562,49.6526283050352],[-123.25974261458165,49.668652743942445],[-123.2570146145839,49.668757271120256],[-123.25656674015303,49.67597080926024],[-123.25103144149345,49.6757978104489],[-123.25145379719258,49.6705794006977],[-123.24287979305791,49.670614055373456],[-123.21030159862786,49.68122513598278],[-123.19615907668228,49.68388141858685],[-123.19616451268139,49.68934547228978],[-123.19999951231296,49.68935569762009],[-123.19958415987627,49.696427292208874],[-123.19444076665323,49.69656521051172],[-123.19458377318915,49.70324712230728],[-123.18984218726675,49.70333246450134],[-123.18886842425762,49.71877011607882],[-123.17691547296994,49.71885115882719],[-123.17655306459727,49.72621889341818],[-123.1727236997888,49.72617928911306],[-123.16871171904462,49.73063728555326],[-123.16782755898376,49.742153449155154],[-123.16595037308633,49.74215326981051],[-123.16557377517348,49.748407736493576],[-123.15984581001675,49.7483089405598],[-123.15999172209135,49.75310532764179],[-123.17848821644525,49.764617280344666],[-123.17854758445544,49.77167940490847],[-123.18469876101956,49.77190759745493],[-123.18483983113583,49.77878278468858],[-123.19605525577246,49.790847814402824],[-123.19392910808956,49.794034765914155],[-123.18787335320363,49.78899439912152],[-123.17848270389497,49.79290630315913],[-123.17011095918623,49.79376995524857],[-123.15076695261033,49.80270184390488],[-123.14640044330089,49.80719115960045],[-123.14675373288536,49.809679613201574],[-123.16239691477885,49.81015712549996],[-123.16054126944499,49.831133867008866],[-123.18824711052812,49.87337222342028],[-123.17727693809418,49.87252163604595]],[[-123.15736387777113,49.76825365238409],[-123.15687698204276,49.768064040393206],[-123.15768355902838,49.768458074591564],[-123.15736387777113,49.76825365238409]],[[-123.16063172289171,49.72513955532316],[-123.16012202506936,49.72609056108173],[-123.1638835154326,49.725859722610075],[-123.16308428727427,49.72565243021472],[-123.16063172289171,49.72513955532316]],[[-123.1424379405998,49.75454385474491],[-123.1417921536823,49.75222457326198],[-123.14083117377172,49.75228438425559],[-123.14122364005725,49.755796119344595],[-123.1424379405998,49.75454385474491]],[[-123.15919842729949,49.766922611165654],[-123.15811597227058,49.766851760101325],[-123.15803008945628,49.77044771119635],[-123.16087862371205,49.77055461998043],[-123.16095874387881,49.77226276233373],[-123.1635985392249,49.77238170542185],[-123.16364476375492,49.77419295160932],[-123.16651551034857,49.77429266768777],[-123.16495611777943,49.77109036144729],[-123.15899990342668,49.76844580145137],[-123.15919842729949,49.766922611165654]],[[-123.13887159262748,49.73933818570284],[-123.1370076869946,49.73940608667864],[-123.13802226576661,49.745406168808735],[-123.1427205903312,49.74679813887847],[-123.14343161742943,49.74460980612782],[-123.1417164668209,49.74078093017032],[-123.14366234775989,49.73916349101354],[-123.13887159262748,49.73933818570284]]]},"bbox":[-123.26023830482562,49.63874549045588,-123.01547198728576,49.87433857362521]},{"id":"5931012","type":"Feature","properties":{},"geometry":{"type":"Polygon","coordinates":[[[-122.97940845453542,50.341951290296336],[-122.9747732235302,50.33800589542922],[-122.95581197344943,50.34532798217584],[-122.95240154854056,50.345297213865344],[-122.94881558086689,50.340777659014414],[-122.94240665890916,50.33754359316647],[-122.93482100574394,50.34185629395757],[-122.92067786682995,50.3390855225742],[-122.91293544390179,50.341779982472325],[-122.90392693818833,50.33622506435502],[-122.8938919641004,50.335952995032706],[-122.88955485624915,50.338626502208946],[-122.88429313385376,50.33661425737517],[-122.8806975062783,50.336968870878756],[-122.87464169558424,50.33945685736532],[-122.86040830672147,50.32715846030767],[-122.83551579530986,50.325400212531044],[-122.8315430964669,50.32294701750575],[-122.82565046378123,50.32218116491098],[-122.8254693627263,50.32356809146149],[-122.82043454197238,50.32377889650129],[-122.81933470215984,50.33544324344202],[-122.81410099255987,50.335633141268616],[-122.8122658828653,50.32837044356466],[-122.80273544245894,50.32839485012916],[-122.80269669830275,50.326461039519955],[-122.79803492678094,50.326271288708874],[-122.7979031011782,50.32077640644005],[-122.79260798331357,50.32107825424328],[-122.79267779631905,50.315999678830195],[-122.7720829921955,50.315928601306375],[-122.76027697255721,50.316986760178665],[-122.75924923540097,50.320319568705486],[-122.76203133724268,50.32008317162757],[-122.76188434143045,50.31846387553876],[-122.76453493948355,50.319269951200525],[-122.76652347933533,50.32404857052552],[-122.76492815579368,50.324070666377075],[-122.76784178299931,50.32621466778214],[-122.76734365381054,50.32919431282846],[-122.7701641735484,50.33159568607551],[-122.77793811455209,50.332256724604335],[-122.77819030813154,50.329179697401614],[-122.78196119638281,50.32971960191297],[-122.78683150379585,50.33433193414589],[-122.78325407655518,50.338083155497415],[-122.77669516750903,50.33781348632726],[-122.76941144652274,50.33205746508009],[-122.76632881699476,50.3318018253033],[-122.76467966706521,50.333386371162106],[-122.76441720885138,50.341260197051646],[-122.76244428792467,50.34122395367881],[-122.7625635710836,50.331128039881825],[-122.7571398628923,50.33079827361918],[-122.75644644851484,50.335897853092014],[-122.75199078939377,50.3384840533862],[-122.7460923017671,50.33370740515816],[-122.74468117782014,50.333705454522416],[-122.74390204262262,50.33645861637557],[-122.74031542929276,50.336309583228186],[-122.73972727867853,50.33159806025362],[-122.73419554605745,50.331033293721745],[-122.7337457274201,50.324645337824016],[-122.73858704799338,50.3245781366184],[-122.73947131962329,50.31028096094133],[-122.73559229612835,50.31110467798455],[-122.73054025157536,50.310197940473635],[-122.7308181548926,50.31503663056153],[-122.72508057467955,50.31707835829063],[-122.72523556348003,50.3099493802624],[-122.73069130169216,50.30966479954942],[-122.73561522333597,50.31074591644496],[-122.74303595932528,50.30889922943312],[-122.74925052188537,50.31221286962181],[-122.75898751291736,50.31111422326993],[-122.76136734123116,50.31489041185411],[-122.76604025244838,50.31628165012842],[-122.76917333967114,50.315944528523524],[-122.76886479438173,50.30971659691632],[-122.76063605401474,50.30524397550375],[-122.7531127376024,50.303642060109986],[-122.7444095301986,50.303083755883286],[-122.72981331941676,50.30676396466562],[-122.72603604470481,50.30597073898541],[-122.72288301905317,50.30293211940766],[-122.73276444286745,50.30165838238321],[-122.73256394235216,50.30014724140339],[-122.73554057569584,50.299316537963996],[-122.75277904897447,50.30012426626877],[-122.76355272158017,50.29651385913472],[-122.76715683639534,50.29761767061115],[-122.77009874063181,50.29605957279564],[-122.77975515695508,50.29637437035532],[-122.78225783617341,50.29881686295013],[-122.77794393014348,50.29962725934351],[-122.78010221849614,50.303264669066564],[-122.77207442868323,50.305487880817324],[-122.77528534355159,50.30658305227726],[-122.77455241597112,50.30732796213251],[-122.76671911462475,50.308251472194215],[-122.76882827275291,50.309042483745664],[-122.76975530207447,50.31035636861195],[-122.7736841556427,50.310379636846754],[-122.77383602541654,50.31563620646971],[-122.79267259137391,50.3156718839517],[-122.79253668724675,50.31297852708379],[-122.79927103122766,50.314274142952755],[-122.79900987275755,50.3081695576988],[-122.80428119308405,50.30807532480595],[-122.8040922485948,50.296327390969104],[-122.80892822221007,50.29637188317707],[-122.80954166005974,50.304481687549995],[-122.81324859455174,50.299196812594],[-122.83234449812922,50.29309870235167],[-122.83892009105932,50.28787499716975],[-122.85115970882411,50.28552659121524],[-122.86281357539022,50.27559122200173],[-122.8596570286294,50.272508688584544],[-122.86215234195777,50.2674418236998],[-122.86573332764364,50.26577099498606],[-122.86431285776737,50.25658146408633],[-122.85383438653885,50.25676572390618],[-122.85359303845273,50.246917167722096],[-122.85815105130239,50.2461532098468],[-122.8563713972622,50.242424786105],[-122.86798301937874,50.24215071608879],[-122.86489749303932,50.252230147467195],[-122.86678731271438,50.26136032817418],[-122.8842498201816,50.26100015748082],[-122.88433588960568,50.26890781986062],[-122.89062580042426,50.27197442923631],[-122.89068809948904,50.276420453611976],[-122.87053963628102,50.27588005127176],[-122.86986224063935,50.28023028381383],[-122.86194917551492,50.2802689297004],[-122.86121891792031,50.284079271777095],[-122.85567039944362,50.284104241331804],[-122.8545171122511,50.288391529972536],[-122.84829260665713,50.28831864366949],[-122.84335322593937,50.290790792793615],[-122.84113023443406,50.30319900651638],[-122.82907554521661,50.303094087484176],[-122.82868754749444,50.31031555298563],[-122.83860278204062,50.30999714426573],[-122.85134210604815,50.30687531983367],[-122.86321193906986,50.30178182178496],[-122.87097397741809,50.30133566598421],[-122.87964170768555,50.29741811809212],[-122.88106812538064,50.29271313677596],[-122.89070858605075,50.296093083630865],[-122.90517925244308,50.305299171186654],[-122.91707308898448,50.30293365115072],[-122.9405560840789,50.30690657987928],[-122.96137511287112,50.31487804330012],[-122.98004730520444,50.316062206267276],[-122.99130228875799,50.32186596998847],[-122.99999752294333,50.331493072779665],[-122.99743554106736,50.33756675912326],[-122.97940845453542,50.341951290296336]]]},"bbox":[-122.99999752294333,50.24215071608879,-122.72288301905317,50.34532798217584]},{"id":"5931017","type":"Feature","properties":{},"geometry":{"type":"Polygon","coordinates":[[[-123.7953028405357,50.8336809391126],[-123.78296196376816,50.83557789360438],[-123.7694725167476,50.84083657591639],[-123.74317899041354,50.84407220539331],[-123.73126570644041,50.84392473024136],[-123.7250815268734,50.84009935902219],[-123.72380217272192,50.835755999376616],[-123.72513092496453,50.813325377232175],[-123.71987186823429,50.80125513453614],[-123.70655668696875,50.792372872106654],[-123.69639181101157,50.79221672522502],[-123.68885296862814,50.799676875987274],[-123.6788673754201,50.801073954820446],[-123.64004007880206,50.795175347408225],[-123.63005121368798,50.79259964572668],[-123.61922974570189,50.78571483553766],[-123.61275521536169,50.776304209009034],[-123.60707809443961,50.77680002524398],[-123.59656033027936,50.78096789921607],[-123.5628166792172,50.7975487575835],[-123.54448549887802,50.80120350064125],[-123.53320012935464,50.80056131408895],[-123.52510665799151,50.7977528032492],[-123.50280303472066,50.77985417913965],[-123.49672976446651,50.779147426421595],[-123.49020663377998,50.779643843436574],[-123.4888225781639,50.785009129424154],[-123.46983827779219,50.79409165525297],[-123.45429726637417,50.79820876632437],[-123.43907265322342,50.79654941957944],[-123.42640257912149,50.7909021944369],[-123.42055065186587,50.78580847946011],[-123.40770636872345,50.78055898337541],[-123.37606883069786,50.7923824728695],[-123.36551398545473,50.800620775663795],[-123.36072951473422,50.79153446703528],[-123.35825639862885,50.76116522783083],[-123.33818886062143,50.749658828918065],[-123.32132706346275,50.73135546745339],[-123.30767250119015,50.72968995053434],[-123.29090752700337,50.73288125224801],[-123.27476738514768,50.73269249976853],[-123.23580113284653,50.722960313706054],[-123.22008594570575,50.71091491522349],[-123.20005304240846,50.688478919774425],[-123.19796314589752,50.68175675369026],[-123.19822698118202,50.675022611306694],[-123.18746497919696,50.6654067008447],[-123.18069122115288,50.656631858197635],[-123.15731790722556,50.65322223391762],[-123.16712415240974,50.64283132002267],[-123.16727104786597,50.636722664307015],[-123.1637094537295,50.63470040233784],[-123.13251521883404,50.6327102320285],[-123.12164906325775,50.62915576585828],[-123.10426485944062,50.61705398728146],[-123.0954067866331,50.605372978732454],[-123.08147489078931,50.593997352074155],[-123.0608173793105,50.58317118522593],[-123.04459678712462,50.577311329834686],[-123.03549737952099,50.578803116358394],[-123.03166607737487,50.584080268079035],[-123.03159650054819,50.58808659678222],[-123.04375860099437,50.5948196067179],[-123.04268490021313,50.59898610743093],[-123.03883471343869,50.60119665039417],[-123.02844276689935,50.6030873981145],[-123.01880956994592,50.601110209702185],[-123.004206238419,50.59110273238857],[-122.99077939066477,50.57624093054291],[-122.9898501592633,50.56918255625848],[-122.98686981307219,50.56768321371959],[-122.98114412165064,50.569410868014245],[-122.9785325593737,50.568650443177],[-122.9682299441401,50.56147328702981],[-122.95676149365026,50.5487276908917],[-122.95129875602116,50.54720997656158],[-122.94724672864011,50.54812412323238],[-122.94089318722264,50.55289534157138],[-122.94175560897258,50.56239158898274],[-122.93286271150454,50.5800903110374],[-122.92793934264996,50.60117820200958],[-122.90688859883218,50.603504912481775],[-122.88871702321488,50.614156405643335],[-122.87173284736146,50.61501738088785],[-122.86490717433107,50.61701112940855],[-122.86107123926939,50.619491432216684],[-122.85852460308635,50.62350777921636],[-122.85856138323483,50.62633589607373],[-122.84873949570564,50.63027219668644],[-122.83283343313983,50.64619965115242],[-122.81638618735894,50.647398777858434],[-122.80140309478742,50.646169180500614],[-122.78056969070282,50.65330600908008],[-122.77755371779536,50.65596152593712],[-122.78282146862935,50.658903169247665],[-122.7845687204769,50.66177173772309],[-122.78015844736306,50.665442641222434],[-122.76941412831528,50.65973041969072],[-122.7669590478198,50.661413453175754],[-122.75789463853943,50.6589945119575],[-122.75151918916944,50.65412035397698],[-122.72900999726699,50.65609696887831],[-122.71676641416676,50.652040082410565],[-122.70392772308631,50.643554941452706],[-122.68764363464017,50.65036230534745],[-122.6781163262455,50.65209565972216],[-122.66371245991846,50.64989083781216],[-122.62923740503109,50.65280706497556],[-122.61867900231661,50.639401384587494],[-122.60891197783464,50.63430191256899],[-122.61251261360499,50.615612608773105],[-122.6078049971733,50.60417345201199],[-122.60986272700399,50.59979243981624],[-122.58539655671449,50.59328721706668],[-122.55039423857016,50.579817166908185],[-122.53719618576152,50.580460792659196],[-122.50414790741205,50.56650814629756],[-122.4783753265158,50.56663594487165],[-122.47808283977123,50.57768218068867],[-122.46701606154612,50.57820314073659],[-122.46677707975128,50.591048456857834],[-122.46129201188208,50.59216079248989],[-122.4624263366873,50.597379410010255],[-122.45819420950832,50.598427179213495],[-122.45801407866512,50.60211634768101],[-122.44978762408036,50.601950250420416],[-122.44816124727046,50.61945144539794],[-122.43689180491396,50.61930919817461],[-122.43708809955814,50.63025972680584],[-122.42745544594204,50.63025552578972],[-122.43041502919108,50.6211723647541],[-122.42821902539286,50.618103266121054],[-122.43161092402899,50.61576466500904],[-122.43111364951669,50.612488965297416],[-122.42937112173688,50.61165297623344],[-122.43058033279331,50.60508456275116],[-122.42906744732359,50.602945365761514],[-122.43291317914925,50.59887039992225],[-122.40893410202149,50.59131200248632],[-122.41609220086181,50.58239430273615],[-122.42707050378151,50.57401219887316],[-122.45527996280316,50.561371451029366],[-122.45041518949037,50.55812463255006],[-122.41885282488134,50.55264160634229],[-122.4073213017889,50.54564943533323],[-122.39669451241555,50.54262220650915],[-122.38773241558306,50.53660974782246],[-122.360868606555,50.52439225558375],[-122.33776736486058,50.52056794137229],[-122.32389723857342,50.508034196886705],[-122.31467146596975,50.507677560684094],[-122.31109286282502,50.50169308820558],[-122.31153188904683,50.49491058138272],[-122.29021080228807,50.481419981257964],[-122.2873003348267,50.47542888069242],[-122.29334411738839,50.46966428360928],[-122.30406681775325,50.462984750373266],[-122.30613194036202,50.454528607784226],[-122.30277854514314,50.44095002572545],[-122.30444443661662,50.43092360146041],[-122.31479906906358,50.424078257282545],[-122.33593650702055,50.41616797699034],[-122.35528157477856,50.414517073185195],[-122.37127545295529,50.41105249297561],[-122.39654677245905,50.41112056267607],[-122.40677076899448,50.405306619191904],[-122.40786307345024,50.39929330125982],[-122.41425485105846,50.398505948187456],[-122.44600480674644,50.430341977522346],[-122.4854352056282,50.44346352834096],[-122.49808536894923,50.44456707459248],[-122.50536268856037,50.44101795180887],[-122.50057378525739,50.43086831428666],[-122.49398602959374,50.42569405845536],[-122.49538560262322,50.420229108147645],[-122.50194215384899,50.42154656047118],[-122.50508771559302,50.41749838084367],[-122.51725716013262,50.41969564119116],[-122.52518821598184,50.41480004282281],[-122.52592509766686,50.40991392646785],[-122.52331986091873,50.40729124875016],[-122.5232069254467,50.399915920094344],[-122.52752409614448,50.39048513825096],[-122.51706677722572,50.38773724804593],[-122.49911534294873,50.39292343592924],[-122.48675876075453,50.39059565887493],[-122.47694583529872,50.383480209458085],[-122.47209184651581,50.371646814527665],[-122.47065018176319,50.35858463168269],[-122.4624458154551,50.35118465283926],[-122.43875097214607,50.33534754849216],[-122.40805769889788,50.33290895818832],[-122.38516078162753,50.318659300847074],[-122.36638152128049,50.311555490303135],[-122.36056960037916,50.2918928459857],[-122.35755941961926,50.28740181532821],[-122.36350526856313,50.282194522534844],[-122.37131211691072,50.27097563571546],[-122.37365936228005,50.261609514106816],[-122.36086422210445,50.257875548758015],[-122.3469854180656,50.2506912772772],[-122.35147226371448,50.24672523946741],[-122.35787365463383,50.235495331990776],[-122.35346504214182,50.230992225321685],[-122.31486661083406,50.2287178977128],[-122.30163009294054,50.22978728812549],[-122.28643632206997,50.22386352265798],[-122.27495590328068,50.2244245584937],[-122.26768438574875,50.222435979672916],[-122.26903318541916,50.21892305140843],[-122.27735027878626,50.21405139388723],[-122.27795120461367,50.20331647775552],[-122.28333360646877,50.19999384364451],[-122.29498215830682,50.20109906572194],[-122.30310842026091,50.198585847456926],[-122.30155516936284,50.192589411151204],[-122.31625116301024,50.187120216990124],[-122.31355319047263,50.17230916400236],[-122.29832096640307,50.173745009263904],[-122.29086355852465,50.15745743466391],[-122.28625880590252,50.15247916205655],[-122.27119693790776,50.145238215264385],[-122.27596392226528,50.141161656533264],[-122.25844006318634,50.12344431071744],[-122.63822520971563,50.12326298707559],[-122.6379977556344,50.12780396320511],[-122.65175238998947,50.13123724226555],[-122.65843649857544,50.13493091665373],[-122.65991648437235,50.14314756285913],[-122.7075091234556,50.14578082505148],[-122.71365186005207,50.14880609056537],[-122.71720561338846,50.15270739379332],[-122.72563947444993,50.15368275959854],[-122.73396217398353,50.15129607793523],[-122.73910317841712,50.14786056197265],[-122.74240155458375,50.144198567096595],[-122.74124412108955,50.1403467887187],[-122.7435290556875,50.137876226094875],[-122.74912408862198,50.14023454091718],[-122.7622799321068,50.13323673402735],[-122.76435774821844,50.13614868294824],[-122.7686274878366,50.13810463145477],[-122.78063202595364,50.13212985751417],[-122.78969215722019,50.13007286131928],[-122.78935746039684,50.12310115176648],[-122.79311757932263,50.10558870804859],[-122.79457357752317,50.10225515491595],[-122.80073869199936,50.09641309721583],[-122.80579703692905,50.087102183835285],[-122.80284158156142,50.07836844162932],[-122.80285281425215,50.066762089641244],[-122.8006197975203,50.05735117041807],[-122.80392133500808,50.05592268856709],[-122.79174971538099,50.04545432710563],[-122.7918417784247,50.04110298281554],[-122.79463526207127,50.03708201186323],[-122.7903814655732,50.032100486009895],[-122.79149737430086,50.02999887324441],[-122.80099930833984,50.02590225444048],[-122.80091505390834,50.017860068484],[-122.81506507978742,50.012715193680904],[-122.82424389246769,50.01545131647637],[-122.84053338474553,50.01159013881804],[-122.852176337987,50.01620149804453],[-122.86146036103722,50.01631549212499],[-122.86947286041836,50.01955470455962],[-122.870760683944,50.02579050771249],[-122.87959324182951,50.02880367862952],[-122.88482693017932,50.0327230801175],[-122.88772940681693,50.03259292286691],[-122.88882446944058,50.03006484371476],[-122.89197978813311,50.029632722807854],[-122.90024812589834,50.03601494380435],[-122.91145333083439,50.03743482987566],[-122.91631570426355,50.04018783548901],[-122.86100443772963,50.040169975916314],[-122.86058273015155,50.13684015161039],[-122.9136556953482,50.137159017730966],[-122.91398804635517,50.16529267695299],[-122.90732139858913,50.164907791998345],[-122.9073912298424,50.162649391877764],[-122.9045750682203,50.162544577931776],[-122.9045127352091,50.160232974393146],[-122.90070559510262,50.159116071351725],[-122.89767153375085,50.16102037633791],[-122.89870515143403,50.16293736101471],[-122.89694682535979,50.16612895821889],[-122.89767328473478,50.17044380489118],[-122.90867975992582,50.17027976218055],[-122.90894603215723,50.17399546118929],[-122.93025945789738,50.175357411197794],[-122.92966590117598,50.17127166688936],[-122.93426674321117,50.17109530549831],[-122.93386833814552,50.168574046420815],[-122.95204789266222,50.1682024281455],[-122.95207034011175,50.16471966521053],[-123.00682439661821,50.16500729965262],[-123.06873633753528,50.12499319029467],[-123.07402569641157,50.13038017091624],[-123.07761022328005,50.1605918299897],[-123.07551196252713,50.16560459990616],[-123.07230318101631,50.167845266162004],[-123.05596634401603,50.173315936846244],[-123.05567264946582,50.17637497829578],[-123.05252809525405,50.18031119768036],[-123.05864820851093,50.19253499275608],[-123.07145281423256,50.19108748949792],[-123.0852587510111,50.185649071805],[-123.09565583481303,50.18847439624242],[-123.10647014687976,50.18588799150606],[-123.10966843890111,50.18794114299559],[-123.11255557183146,50.19885296669938],[-123.1198332866061,50.202847660224435],[-123.12339080674502,50.19795481411043],[-123.12547032836548,50.197318238492436],[-123.12365664203583,50.204360992807366],[-123.12458720736598,50.20640872623161],[-123.13239939100306,50.21258958434829],[-123.1386384978633,50.2151244388454],[-123.14208210724081,50.21409905011678],[-123.14254622656497,50.20950752595492],[-123.15156202945121,50.20660885146879],[-123.1598672094909,50.20080127295475],[-123.16288116902871,50.20080752880172],[-123.1766589180083,50.21330675890742],[-123.17625760130726,50.22242014195317],[-123.1797100871764,50.2271506530703],[-123.18366437090924,50.228408605001874],[-123.20346808479046,50.226468463983345],[-123.20613803701877,50.22863426901521],[-123.20717734702608,50.23258386835448],[-123.21055193566605,50.23456185315422],[-123.2241414410359,50.23382984169384],[-123.22481269125637,50.229495372175386],[-123.23130592805816,50.22419685429474],[-123.23179852709053,50.21554414675999],[-123.23797079037016,50.220249160838186],[-123.2418062497104,50.23204253996094],[-123.25855831775503,50.22655568729169],[-123.26315032871422,50.22844130785571],[-123.26925420403815,50.22853314440213],[-123.27028601484001,50.229963203791286],[-123.26644150944747,50.23181609303622],[-123.2699569271224,50.235198927645826],[-123.26656671840814,50.238229892369766],[-123.26839295500262,50.24226512796033],[-123.28120576135635,50.250537427082726],[-123.28143511400333,50.25382179372113],[-123.2839776835017,50.25706146747424],[-123.28882772686734,50.258477915259576],[-123.29092284729565,50.264206264669724],[-123.29945592377197,50.27423072967236],[-123.31625688552333,50.27965199529966],[-123.30966003497525,50.2802870576721],[-123.30390175950215,50.28760837132566],[-123.29890093360571,50.29001722921313],[-123.29569683762854,50.29392607758623],[-123.29568766381101,50.30275053040543],[-123.30373680036891,50.310231574461184],[-123.30120085205968,50.314379120255445],[-123.3034265463235,50.31980898865493],[-123.29117465087907,50.32667042141843],[-123.2914765214113,50.33133628066276],[-123.2978870405749,50.3330838830181],[-123.30315740622123,50.337051919443205],[-123.30297079492045,50.346758881587974],[-123.28745616677931,50.34802351464817],[-123.34061132910938,50.3752010246925],[-123.3704694504928,50.395405413882976],[-123.3830112587606,50.40109140942667],[-123.40631511507416,50.41849570353146],[-123.40927092543912,50.41270473727532],[-123.41475886128863,50.40984740495568],[-123.41313204826594,50.402863832458884],[-123.42137929553415,50.391240314685014],[-123.42476951934927,50.381118981362214],[-123.43504985002548,50.37669887146432],[-123.43864072752768,50.37174934266072],[-123.4455193193413,50.36756935100799],[-123.44159654247106,50.362366132504604],[-123.42871837678352,50.353069546378734],[-123.42784599242363,50.34715803558385],[-123.43462151114174,50.341993444752205],[-123.45169191016994,50.34090015927615],[-123.45438652785019,50.338689282477894],[-123.45950177021115,50.32532232933756],[-123.46738204484015,50.31567162469163],[-123.46702988316117,50.31202001593858],[-123.46183909654161,50.301719744368924],[-123.50051183003026,50.28194600299469],[-123.50752576809082,50.27302627478159],[-123.51217268037297,50.270799380587384],[-123.52106652571118,50.27030123533555],[-123.53183076685268,50.27334070858889],[-123.5419103227166,50.271455675178444],[-123.58036157145423,50.25873247043453],[-123.58380859592872,50.25530306428231],[-123.58461507289519,50.24999137473767],[-123.59875830559726,50.25027146647665],[-123.59903298274571,50.245800511164],[-123.61510425571767,50.246297691673966],[-123.61934006115217,50.2415353013885],[-123.62054332444959,50.23428344688222],[-123.63181795424643,50.229687724906945],[-123.63280102876418,50.224887796071734],[-123.63988443951582,50.21253250378515],[-123.6609350211386,50.20939436549334],[-123.68666264768609,50.20252963953341],[-123.69868647620603,50.190604895878955],[-123.71277599543829,50.19112204343084],[-123.72675300825158,50.19551416461871],[-123.7265110159456,50.203262229394426],[-123.7160296614533,50.20802467625221],[-123.70356787778418,50.219501191574885],[-123.69840920767015,50.229516111662925],[-123.70576232673848,50.23514774277741],[-123.71465990223103,50.23256116648873],[-123.7255410235335,50.23530813476508],[-123.73080503872309,50.23948285729586],[-123.73940555078576,50.23754758650977],[-123.75454121813245,50.244275766187265],[-123.76796087757118,50.26201762532949],[-123.81102792059188,50.28138395747024],[-123.83293350470824,50.2829781223593],[-123.84807756007876,50.30066907911139],[-123.87035646400857,50.302676488525776],[-123.88390979200445,50.3214805127943],[-123.87833350178882,50.32398698032885],[-123.87805596808238,50.330664493339285],[-123.89795078584574,50.34284814226934],[-123.92395431011745,50.382048582061486],[-123.92127659743436,50.39290508253625],[-123.92300735320434,50.398901527222485],[-123.94419273989283,50.408501836840436],[-123.95146448887812,50.42190663367709],[-123.93948647161916,50.43495207130717],[-123.93446497497173,50.446087928667865],[-123.93649544518897,50.451430238094964],[-123.94870930712425,50.45759153972102],[-123.96257970304661,50.473633375717846],[-123.96505046707351,50.48047496665263],[-123.96150711714785,50.48833767194678],[-123.9680992831117,50.49097371453616],[-123.976438312137,50.47870218117922],[-123.99640049818889,50.47388258950049],[-124.0033138511166,50.496792924016475],[-123.99882115614233,50.50554630551188],[-123.98281270360447,50.51396229251772],[-123.95617090710445,50.52007285311973],[-123.93941761002058,50.52763875059299],[-123.92512505192938,50.53146074805393],[-123.91297886431342,50.52218207271093],[-123.90440718379192,50.52138039479159],[-123.8972947128983,50.528388217074394],[-123.88639389794386,50.53059455964194],[-123.84211029093134,50.52877329199049],[-123.83246617296385,50.53350042872571],[-123.81849464786215,50.53297300685572],[-123.80746966371822,50.53604955031739],[-123.80171431566974,50.54048149956848],[-123.79313972886504,50.535291773183225],[-123.78888162607286,50.530255353933256],[-123.77699438242591,50.527096541799054],[-123.76290882685024,50.52857518946816],[-123.74412405592301,50.53805492597012],[-123.74233068911734,50.54398147458916],[-123.74531168052648,50.545897286077526],[-123.74625650370349,50.555418762789294],[-123.74335201007933,50.55929414651383],[-123.74484313883855,50.57148554028584],[-123.74080070551044,50.574328469645955],[-123.7458881279177,50.579386017137494],[-123.74542143948555,50.58145597766419],[-123.75548153416177,50.58621056537078],[-123.75724309559317,50.59290634173389],[-123.75531038628166,50.59501212726182],[-123.76403291229603,50.60023323305638],[-123.76485978157623,50.602646645064596],[-123.76296363770632,50.60537553854284],[-123.7641834781708,50.61114873978217],[-123.75973113979002,50.61206987542244],[-123.75580910889067,50.61534736826133],[-123.76124948093045,50.6338559185373],[-123.7568331111062,50.63897653915939],[-123.75379807299967,50.65386327180193],[-123.7450049468667,50.657846230402846],[-123.74479598463387,50.66416931275565],[-123.7362798556573,50.67632809684059],[-123.73723142373335,50.68091396531285],[-123.73613656347666,50.68573535018524],[-123.72801124993606,50.69458379042278],[-123.72787482218797,50.69732737770571],[-123.73614994324825,50.708091966997905],[-123.74539923734804,50.713600185457615],[-123.76636414623052,50.72137655301508],[-123.77446285593378,50.72061649857489],[-123.77826922497738,50.72357609379878],[-123.78860684275217,50.72251041903742],[-123.78975247434789,50.71718009015937],[-123.79975954687144,50.717180619307584],[-123.80411246115759,50.71295650019291],[-123.81619292802162,50.710427725800045],[-123.81989907108068,50.70377602236701],[-123.83296495521991,50.71300100963284],[-123.82939779041986,50.71667514589661],[-123.8276784513512,50.72170535693389],[-123.83564253508334,50.73089602867305],[-123.84941097432846,50.740670916900385],[-123.8629110080718,50.74285665203403],[-123.86728277941614,50.74776361558183],[-123.85792917103065,50.7556763461033],[-123.84704458747211,50.76104805437378],[-123.83977073689833,50.76876743743761],[-123.83723359863329,50.77701394323091],[-123.81158725646824,50.795134175979015],[-123.80119101818248,50.797181976164566],[-123.80385395133706,50.80779597407857],[-123.8120387149114,50.81931252295355],[-123.82323535080297,50.82324280891377],[-123.82871162017952,50.82877045534628],[-123.82729071808538,50.837271035399105],[-123.82350807016944,50.83980284615749],[-123.7953028405357,50.8336809391126]],[[-122.49193676461392,50.526397948199524],[-122.4910009203809,50.52785424956119],[-122.49607904449671,50.52834250791265],[-122.49765247223516,50.52663624667176],[-122.49193676461392,50.526397948199524]],[[-122.48546137899731,50.529388047548096],[-122.48558523837421,50.52729804826256],[-122.48252563601486,50.52725106213899],[-122.48264768926438,50.531230252290236],[-122.48553688565694,50.53107630706924],[-122.48546137899731,50.529388047548096]],[[-122.7453110310323,50.307716777157175],[-122.74758142286106,50.31148096346678],[-122.75812046819739,50.31076473063149],[-122.75771214968465,50.30545744266704],[-122.75594253428814,50.30502355089802],[-122.74423613169283,50.30389276962414],[-122.7453110310323,50.307716777157175]],[[-122.48555198648384,50.54180626538136],[-122.46601021110506,50.542250227922906],[-122.46556929510326,50.55023822334873],[-122.46973812192155,50.54865735821537],[-122.47474666660523,50.55315928521999],[-122.4778679432116,50.54979665019836],[-122.49097589926492,50.55330996870716],[-122.49128673736266,50.54191116157429],[-122.48555198648384,50.54180626538136]],[[-122.99999752294333,50.331493072779665],[-122.99130228875799,50.32186596998847],[-122.98004730520444,50.316062206267276],[-122.96137511287112,50.31487804330012],[-122.9405560840789,50.30690657987928],[-122.91707308898448,50.30293365115072],[-122.90517925244308,50.305299171186654],[-122.89070858605075,50.296093083630865],[-122.88106812538064,50.29271313677596],[-122.87964170768555,50.29741811809212],[-122.87097397741809,50.30133566598421],[-122.86321193906986,50.30178182178496],[-122.85134210604815,50.30687531983367],[-122.83860278204062,50.30999714426573],[-122.82868754749444,50.31031555298563],[-122.82907554521661,50.303094087484176],[-122.84113023443406,50.30319900651638],[-122.84335322593937,50.290790792793615],[-122.84829260665713,50.28831864366949],[-122.8545171122511,50.288391529972536],[-122.85567039944362,50.284104241331804],[-122.86121891792031,50.284079271777095],[-122.86194917551492,50.2802689297004],[-122.86986224063935,50.28023028381383],[-122.87053963628102,50.27588005127176],[-122.89068809948904,50.276420453611976],[-122.89062580042426,50.27197442923631],[-122.88433588960568,50.26890781986062],[-122.8842498201816,50.26100015748082],[-122.86678731271438,50.26136032817418],[-122.86489749303932,50.252230147467195],[-122.86798301937874,50.24215071608879],[-122.8563713972622,50.242424786105],[-122.85815105130239,50.2461532098468],[-122.85359303845273,50.246917167722096],[-122.85383438653885,50.25676572390618],[-122.86431285776737,50.25658146408633],[-122.86573332764364,50.26577099498606],[-122.86215234195777,50.2674418236998],[-122.8596570286294,50.272508688584544],[-122.86281357539022,50.27559122200173],[-122.85115970882411,50.28552659121524],[-122.83892009105932,50.28787499716975],[-122.83234449812922,50.29309870235167],[-122.81324859455174,50.299196812594],[-122.80954166005974,50.304481687549995],[-122.80892822221007,50.29637188317707],[-122.8040922485948,50.296327390969104],[-122.80428119308405,50.30807532480595],[-122.79900987275755,50.3081695576988],[-122.79927103122766,50.314274142952755],[-122.79253668724675,50.31297852708379],[-122.79267259137391,50.3156718839517],[-122.77383602541654,50.31563620646971],[-122.7736841556427,50.310379636846754],[-122.76975530207447,50.31035636861195],[-122.76882827275291,50.309042483745664],[-122.76671911462475,50.308251472194215],[-122.77455241597112,50.30732796213251],[-122.77528534355159,50.30658305227726],[-122.77207442868323,50.305487880817324],[-122.78010221849614,50.303264669066564],[-122.77794393014348,50.29962725934351],[-122.78225783617341,50.29881686295013],[-122.77975515695508,50.29637437035532],[-122.77009874063181,50.29605957279564],[-122.76715683639534,50.29761767061115],[-122.76355272158017,50.29651385913472],[-122.75277904897447,50.30012426626877],[-122.73554057569584,50.299316537963996],[-122.73256394235216,50.30014724140339],[-122.73276444286745,50.30165838238321],[-122.72288301905317,50.30293211940766],[-122.72603604470481,50.30597073898541],[-122.72951924420575,50.3067553628934],[-122.74579994603592,50.30295986022207],[-122.76063605401474,50.30524397550375],[-122.76920960465952,50.31036089450561],[-122.76917333967114,50.315944528523524],[-122.76604025244838,50.31628165012842],[-122.76136734123116,50.31489041185411],[-122.75898751291736,50.31111422326993],[-122.74925052188537,50.31221286962181],[-122.74633267360197,50.31130297277962],[-122.74253788780348,50.30888545238612],[-122.73418742130232,50.31064075756023],[-122.71798213182767,50.30331877483399],[-122.70300204295812,50.305099066145914],[-122.66910555435068,50.29871147034596],[-122.65798903379695,50.300091557151525],[-122.6525074815578,50.29907980409517],[-122.63507892329734,50.30394518668425],[-122.60929822809264,50.301663016005975],[-122.61020823967715,50.308574060005526],[-122.61537150588153,50.31346240516973],[-122.63079850981394,50.31052320821695],[-122.63106206792207,50.32322103859946],[-122.64016709659113,50.32310704354609],[-122.63811027994427,50.34120608848026],[-122.65924892557373,50.341212301781674],[-122.65928215199162,50.34418433444411],[-122.68459389344454,50.3440728192429],[-122.68699800407003,50.35244823126581],[-122.70854920534698,50.35309095076277],[-122.71177325505114,50.32017985816676],[-122.70578282857201,50.32329895934754],[-122.70099898541001,50.321350223859866],[-122.70438134724644,50.31870682125015],[-122.70603034980242,50.313999923353364],[-122.71406721307225,50.3122044566154],[-122.71649031682237,50.31327115971784],[-122.72618643131982,50.309517951167194],[-122.72816558856546,50.30985162404174],[-122.72523556348003,50.3099493802624],[-122.72508057467955,50.31707835829063],[-122.7176651818253,50.31721835447542],[-122.71777643971512,50.324630483693916],[-122.72500813016846,50.32469173708281],[-122.72569165390058,50.31707704281336],[-122.7308181548926,50.31503663056153],[-122.73054025157536,50.310197940473635],[-122.73559229612835,50.31110467798455],[-122.73947131962329,50.31028096094133],[-122.73858704799338,50.3245781366184],[-122.7337457274201,50.324645337824016],[-122.73419554605745,50.331033293721745],[-122.73972727867853,50.33159806025362],[-122.74031542929276,50.336309583228186],[-122.74390204262262,50.33645861637557],[-122.74468117782014,50.333705454522416],[-122.7460923017671,50.33370740515816],[-122.75199078939377,50.3384840533862],[-122.75644644851484,50.335897853092014],[-122.7571398628923,50.33079827361918],[-122.7625635710836,50.331128039881825],[-122.76244428792467,50.34122395367881],[-122.76441720885138,50.341260197051646],[-122.76467966706521,50.333386371162106],[-122.76632881699476,50.3318018253033],[-122.76941144652274,50.33205746508009],[-122.77669516750903,50.33781348632726],[-122.78325407655518,50.338083155497415],[-122.78683150379585,50.33433193414589],[-122.78196119638281,50.32971960191297],[-122.77819030813154,50.329179697401614],[-122.77793811455209,50.332256724604335],[-122.7701641735484,50.33159568607551],[-122.76734365381054,50.32919431282846],[-122.76784178299931,50.32621466778214],[-122.76492815579368,50.324070666377075],[-122.76652347933533,50.32404857052552],[-122.76453493948355,50.319269951200525],[-122.76188434143045,50.31846387553876],[-122.76203133724268,50.32008317162757],[-122.75924923540097,50.320319568705486],[-122.76027697255721,50.316986760178665],[-122.76328632941339,50.31606579555933],[-122.76549517915247,50.31685410733975],[-122.79267779631905,50.315999678830195],[-122.79260798331357,50.32107825424328],[-122.7979031011782,50.32077640644005],[-122.79803492678094,50.326271288708874],[-122.80269669830275,50.326461039519955],[-122.80273544245894,50.32839485012916],[-122.8122658828653,50.32837044356466],[-122.81410099255987,50.335633141268616],[-122.81933470215984,50.33544324344202],[-122.82043454197238,50.32377889650129],[-122.8254693627263,50.32356809146149],[-122.82565046378123,50.32218116491098],[-122.8315430964669,50.32294701750575],[-122.83551579530986,50.325400212531044],[-122.86040830672147,50.32715846030767],[-122.87464169558424,50.33945685736532],[-122.8806975062783,50.336968870878756],[-122.88429313385376,50.33661425737517],[-122.88955485624915,50.338626502208946],[-122.8938919641004,50.335952995032706],[-122.90392693818833,50.33622506435502],[-122.91293544390179,50.341779982472325],[-122.92067786682995,50.3390855225742],[-122.93482100574394,50.34185629395757],[-122.94240665890916,50.33754359316647],[-122.94881558086689,50.340777659014414],[-122.95240154854056,50.345297213865344],[-122.95581197344943,50.34532798217584],[-122.9747732235302,50.33800589542922],[-122.97940845453542,50.341951290296336],[-122.99743554106736,50.33756675912326],[-122.99999752294333,50.331493072779665]]]},"bbox":[-124.0033138511166,50.01159013881804,-122.25844006318634,50.84407220539331]},{"id":"5931020","type":"Feature","properties":{},"geometry":{"type":"Polygon","coordinates":[[[-122.97565188362518,50.16473632066003],[-122.95207034011175,50.16471966521053],[-122.95204789266222,50.1682024281455],[-122.93386833814552,50.168574046420815],[-122.93426674321117,50.17109530549831],[-122.92966590117598,50.17127166688936],[-122.93025945789738,50.175357411197794],[-122.90894603215723,50.17399546118929],[-122.90867975992582,50.17027976218055],[-122.89767328473478,50.17044380489118],[-122.89694682535979,50.16612895821889],[-122.89870515143403,50.16293736101471],[-122.89767153375085,50.16102037633791],[-122.90110159072205,50.1590922170782],[-122.9045127352091,50.160232974393146],[-122.9045750682203,50.162544577931776],[-122.9073912298424,50.162649391877764],[-122.90732139858913,50.164907791998345],[-122.91398804635517,50.16529267695299],[-122.9136556953482,50.137159017730966],[-122.86058273015155,50.13684015161039],[-122.86100443772963,50.040169975916314],[-122.97865565252717,50.04036518729808],[-122.9782971255014,50.02591201525094],[-123.05826712776667,50.02701628054379],[-123.09592119506762,50.03328248548848],[-123.11383692021577,50.03296149063919],[-123.1135448164978,50.04058902759318],[-123.15055881937167,50.03994722140079],[-123.15497943315881,50.10170663573528],[-123.10143882692982,50.10149966294881],[-123.06873633753528,50.12499319029467],[-123.00682439661821,50.16500729965262],[-122.97565188362518,50.16473632066003]]]},"bbox":[-123.15497943315881,50.02591201525094,-122.86058273015155,50.175357411197794]},{"id":"5931021","type":"Feature","properties":{},"geometry":{"type":"MultiPolygon","coordinates":[[[[-123.22749572986922,49.5844462664762],[-123.22777191645153,49.584427761178496],[-123.2277316347128,49.58468836563499],[-123.22744055134125,49.5846983666219],[-123.22749572986922,49.5844462664762]]],[[[-123.211843730935,49.6313112552167],[-123.21217673538126,49.6314907784912],[-123.21214922412122,49.63176845679046],[-123.21169252306882,49.63161746343052],[-123.211843730935,49.6313112552167]]],[[[-123.27558054710583,49.57637236078369],[-123.2741736186987,49.57705886571215],[-123.2735056252942,49.57642225392462],[-123.27626843627523,49.575848254999315],[-123.27558054710583,49.57637236078369]]],[[[-123.3830112587606,50.40109140942667],[-123.3704694504928,50.395405413882976],[-123.34061132910938,50.3752010246925],[-123.28745616677931,50.34802351464817],[-123.30297079492045,50.346758881587974],[-123.30315740622123,50.337051919443205],[-123.2978870405749,50.3330838830181],[-123.2914765214113,50.33133628066276],[-123.29117465087907,50.32667042141843],[-123.3034265463235,50.31980898865493],[-123.30120085205968,50.314379120255445],[-123.30373680036891,50.310231574461184],[-123.29568766381101,50.30275053040543],[-123.29569683762854,50.29392607758623],[-123.29890093360571,50.29001722921313],[-123.30390175950215,50.28760837132566],[-123.30966003497525,50.2802870576721],[-123.31625688552333,50.27965199529966],[-123.29945592377197,50.27423072967236],[-123.29092284729565,50.264206264669724],[-123.28882772686734,50.258477915259576],[-123.2839776835017,50.25706146747424],[-123.28143511400333,50.25382179372113],[-123.28120576135635,50.250537427082726],[-123.26839295500262,50.24226512796033],[-123.26656671840814,50.238229892369766],[-123.2699569271224,50.235198927645826],[-123.26644150944747,50.23181609303622],[-123.27028601484001,50.229963203791286],[-123.26925420403815,50.22853314440213],[-123.26315032871422,50.22844130785571],[-123.25855831775503,50.22655568729169],[-123.2418062497104,50.23204253996094],[-123.23797079037016,50.220249160838186],[-123.23179852709053,50.21554414675999],[-123.23130592805816,50.22419685429474],[-123.22481269125637,50.229495372175386],[-123.2241414410359,50.23382984169384],[-123.21055193566605,50.23456185315422],[-123.20717734702608,50.23258386835448],[-123.20613803701877,50.22863426901521],[-123.20346808479046,50.226468463983345],[-123.18366437090924,50.228408605001874],[-123.1797100871764,50.2271506530703],[-123.17625760130726,50.22242014195317],[-123.1766589180083,50.21330675890742],[-123.16288116902871,50.20080752880172],[-123.1598672094909,50.20080127295475],[-123.15156202945121,50.20660885146879],[-123.14254622656497,50.20950752595492],[-123.14208210724081,50.21409905011678],[-123.1386384978633,50.2151244388454],[-123.13239939100306,50.21258958434829],[-123.12458720736598,50.20640872623161],[-123.12365664203583,50.204360992807366],[-123.12547032836548,50.197318238492436],[-123.12339080674502,50.19795481411043],[-123.1198332866061,50.202847660224435],[-123.11255557183146,50.19885296669938],[-123.10966843890111,50.18794114299559],[-123.10647014687976,50.18588799150606],[-123.09565583481303,50.18847439624242],[-123.0852587510111,50.185649071805],[-123.07145281423256,50.19108748949792],[-123.05864820851093,50.19253499275608],[-123.05252809525405,50.18031119768036],[-123.05567264946582,50.17637497829578],[-123.05596634401603,50.173315936846244],[-123.07230318101631,50.167845266162004],[-123.07551196252713,50.16560459990616],[-123.07761022328005,50.1605918299897],[-123.07402569641157,50.13038017091624],[-123.06873633753528,50.12499319029467],[-123.10143882692982,50.10149966294881],[-123.15497943315881,50.10170663573528],[-123.15055881937167,50.03994722140079],[-123.1135448164978,50.04058902759318],[-123.11383692021577,50.03296149063919],[-123.09592119506762,50.03328248548848],[-123.05826712776667,50.02701628054379],[-122.9782971255014,50.02591201525094],[-122.97865565252717,50.04036518729808],[-122.91631570426355,50.04018783548901],[-122.91145333083439,50.03743482987566],[-122.90024812589834,50.03601494380435],[-122.89197978813311,50.029632722807854],[-122.88882446944058,50.03006484371476],[-122.88772940681693,50.03259292286691],[-122.88482693017932,50.0327230801175],[-122.87959324182951,50.02880367862952],[-122.870760683944,50.02579050771249],[-122.86947286041836,50.01955470455962],[-122.86146036103722,50.01631549212499],[-122.852176337987,50.01620149804453],[-122.84053338474553,50.01159013881804],[-122.82424389246769,50.01545131647637],[-122.81506507978742,50.012715193680904],[-122.80091505390834,50.017860068484],[-122.80099930833984,50.02590225444048],[-122.79079773659747,50.03077512042871],[-122.79102474903047,50.03349562940379],[-122.79463526207127,50.03708201186323],[-122.7918417784247,50.04110298281554],[-122.77335061355356,50.0365891297084],[-122.76598806622535,50.0293753269251],[-122.76478426099983,50.02327022552509],[-122.74585271369564,50.01732692887973],[-122.7406061360409,50.01678237533292],[-122.72148995152561,50.02436875914138],[-122.69789445065945,50.02239511751279],[-122.68321644614927,50.02501959815859],[-122.6794528277033,50.02264473575369],[-122.6791746185605,50.015329766999464],[-122.68095432625923,50.00951916665356],[-122.68686414621205,50.00263201323944],[-122.68362283474345,49.99782519001227],[-122.68349289930472,49.99335945570921],[-122.68056686867607,49.98688918185204],[-122.6809702170681,49.979183043619926],[-122.68689469446316,49.97293451083738],[-122.70030911330969,49.9654355523123],[-122.72366454548339,49.95428024028573],[-122.73752309428647,49.9536743046872],[-122.7612281164249,49.94796672258339],[-122.76783096297319,49.93875099677615],[-122.76779367248396,49.93271025392249],[-122.77089292710697,49.93401686578706],[-122.7758236392669,49.931309472506115],[-122.79540779703957,49.93617978554629],[-122.79521308234497,49.930897159490044],[-122.80056069775067,49.92060048629594],[-122.8097437544055,49.91834998105263],[-122.82367432306667,49.91937334261908],[-122.82934152648569,49.91787858052032],[-122.85713999137701,49.918157602939125],[-122.8608732202335,49.91598618934375],[-122.86993473133543,49.90351494813057],[-122.89245115283623,49.8940030372044],[-122.90285300612808,49.89869210944745],[-122.90605022751738,49.904373165269384],[-122.91635487996783,49.91313602754262],[-122.93004520082405,49.91715878756779],[-122.936482576421,49.91740801083938],[-122.94369984952446,49.91313458340594],[-122.95073365626526,49.911162766425605],[-122.95456731764851,49.904467591942094],[-122.96201255292094,49.90257664708366],[-122.97389329839301,49.882799464919735],[-122.98049756402047,49.88090103789534],[-122.98534427824464,49.87734247142466],[-122.9870268029775,49.87299638175625],[-123.00248067112459,49.85610723717962],[-122.99639464220603,49.8543351798216],[-122.98921405897879,49.85759998855933],[-122.98524343308058,49.857474555591494],[-122.9755158752436,49.84288106802794],[-122.964654189162,49.834995112848674],[-122.92490854979506,49.83198750517294],[-122.91623756316135,49.83035457174645],[-122.90194464374451,49.82465259808927],[-122.88772239784099,49.8273361400652],[-122.880550753479,49.826994573518036],[-122.87220760607973,49.82195657129369],[-122.87367107394464,49.81847795264064],[-122.88991258318164,49.80195424148229],[-122.88983007460037,49.798772148163685],[-122.86759044350512,49.77566322844498],[-122.87143619651583,49.77047192699967],[-122.85579437020331,49.75617960730734],[-122.85426455456506,49.75086079049399],[-122.85592039503236,49.74277358822271],[-122.85036910937828,49.74104318853531],[-122.834662525462,49.72990417095436],[-122.83094935206258,49.72262234531283],[-122.82497599704966,49.71586643851165],[-122.81693432599106,49.71408077417259],[-122.81420399154278,49.711243939298974],[-122.81352702693219,49.700648006800826],[-122.81567519069229,49.69813557730677],[-122.81528885867087,49.696308859497975],[-122.85242732989477,49.67150864582579],[-122.85383075326152,49.665959486885434],[-122.83122868351417,49.65808638491545],[-122.83004787286796,49.65203291806804],[-122.8258097939239,49.648391571315415],[-122.82833425371663,49.64304450213386],[-122.82121141647399,49.63579626005987],[-122.82098680426867,49.63197096977269],[-122.81574409611713,49.62777516079024],[-122.8090793050418,49.62575612607011],[-122.81136175970005,49.61923292785575],[-122.82772197971508,49.612804539180374],[-122.84939276376703,49.613648084534816],[-122.85208460361494,49.60804140636141],[-122.83557734266854,49.599656417475536],[-122.83155632464918,49.59438742414939],[-122.83228392085718,49.59014570293374],[-122.82706059050595,49.58705321526625],[-122.81608574806685,49.572353863624976],[-122.87775138572917,49.57275794617919],[-122.94504470882316,49.5705427455166],[-122.92479791637403,49.55398741325462],[-122.92421431595469,49.54842971656082],[-123.10230746250488,49.547783573388465],[-123.10280206216223,49.4821966944168],[-123.24897143203387,49.482291962505805],[-123.24987652956942,49.48886616428988],[-123.2470585440617,49.494223951978356],[-123.24938785507585,49.50136076707881],[-123.26127432252872,49.50826955532569],[-123.26279884170182,49.519545073275964],[-123.26121816140198,49.52624166792209],[-123.25795332070804,49.52844346102543],[-123.254320240248,49.53636637040133],[-123.24763013858757,49.54179687414795],[-123.24498294906228,49.54861177037452],[-123.23694842882637,49.55104715872673],[-123.23884352085273,49.55136756163262],[-123.23622465661971,49.55295556397169],[-123.23728195339228,49.5572167602842],[-123.23499392050735,49.558723570479096],[-123.23606492406819,49.56012507673417],[-123.23441771565753,49.55946275717338],[-123.2332487280493,49.56093968025485],[-123.23346771850217,49.56627336582589],[-123.22681104789491,49.57723407059787],[-123.22875563194478,49.57880355705564],[-123.22662982997109,49.58286396476114],[-123.22797682005,49.58395915566203],[-123.22556923207915,49.583829576396596],[-123.2270823496992,49.585075758141926],[-123.22524291473825,49.58502585778344],[-123.22180225758548,49.58905356750899],[-123.225048244285,49.593948547210246],[-123.22047044476092,49.60067656603992],[-123.21971764045695,49.60534656751346],[-123.21612172545396,49.609284453912274],[-123.21694673097625,49.61113595186997],[-123.21488491777566,49.611336757302546],[-123.21048563493979,49.61524905630305],[-123.20969702616496,49.618470663529926],[-123.20585843537638,49.620635357472004],[-123.20745633008679,49.62185597301713],[-123.20625671802287,49.62315336440108],[-123.20861342252907,49.624039264583914],[-123.2069678205929,49.62466306763669],[-123.20784622187382,49.62911376426777],[-123.21475762995708,49.63566797265038],[-123.2144581231827,49.63690987374479],[-123.21810644560769,49.63848645030104],[-123.20256868344578,49.63948963520266],[-123.20327232891738,49.646302030390125],[-123.2013414783778,49.64905451699655],[-123.18924367612811,49.64932563112263],[-123.18915051318328,49.653097828896556],[-123.18085062616952,49.65322332593621],[-123.18053404685068,49.657276221983565],[-123.16794257624124,49.65721773115076],[-123.16752972393567,49.66196004411391],[-123.15666628375756,49.66173400801497],[-123.15615975628148,49.67368135897754],[-123.15044744877643,49.673593766848484],[-123.15042024942821,49.68130813281116],[-123.12995175043886,49.681272371732554],[-123.13003216799318,49.69400959105189],[-123.12765633735576,49.69391935075579],[-123.12794093479528,49.695672794059746],[-123.10840761492749,49.695586679759025],[-123.10895609292497,49.702596476102855],[-123.09148753098626,49.70331461514658],[-123.09115570150155,49.708916036347205],[-123.01547198728576,49.70907364714239],[-123.0164012213969,49.727453927607876],[-123.09002061322657,49.72670074018403],[-123.08966696424287,49.74221694842279],[-123.09860965137545,49.742719247593264],[-123.09888167110095,49.746757201296724],[-123.09829916367998,49.749980323802596],[-123.09324210620927,49.7500328869929],[-123.09303882653505,49.76370985058225],[-123.08920014263106,49.76380299589062],[-123.08938016343984,49.77890817573446],[-123.10145950173059,49.77873656307954],[-123.10217563743075,49.78644450869987],[-123.10909954243073,49.78657879874703],[-123.10953983407839,49.79253215052747],[-123.11749078257469,49.792311697839494],[-123.11861715864373,49.818093953923295],[-123.12672277927759,49.818344993062915],[-123.12689074600337,49.82807686845357],[-123.13132566876155,49.82830747044804],[-123.13133927530058,49.839753276681265],[-123.14201389541181,49.839754946600756],[-123.14221233944113,49.84752042791276],[-123.14702696942214,49.8474790265814],[-123.1471255979726,49.85679270229069],[-123.15059500792883,49.85698398778119],[-123.15023522014381,49.874209570364286],[-123.17569608453644,49.87433857362521],[-123.17642109052002,49.872495410107156],[-123.18824711052812,49.87337222342028],[-123.16054126944499,49.831133867008866],[-123.16236240163276,49.81074870141747],[-123.1979568797413,49.811488493537176],[-123.19793339620766,49.824516869001165],[-123.20303407927744,49.82448127046368],[-123.2026018072474,49.845942146990915],[-123.21386828624641,49.84615149707598],[-123.21328830055337,49.858470850069324],[-123.22410222552632,49.85872860745496],[-123.22425151805315,49.87112018082199],[-123.24442632336935,49.87176148548459],[-123.2521364351046,49.86867425810395],[-123.25234723169217,49.86659637271564],[-123.24896883817814,49.86455265346787],[-123.24035073890767,49.865956866677436],[-123.23660274365342,49.86510094770924],[-123.23579671172965,49.862745258112156],[-123.2377853533429,49.859341459841254],[-123.24812242469353,49.85669385834699],[-123.23876502463877,49.84664036784667],[-123.22442482142411,49.84374495858644],[-123.22111974608455,49.84154877244166],[-123.22726444308447,49.829088361876835],[-123.22259962946967,49.82783796560516],[-123.22131102354602,49.82542105856446],[-123.22723921734398,49.82404245818537],[-123.22670414216165,49.822199460886566],[-123.21730233197394,49.81855636951583],[-123.21852205303588,49.81159336865609],[-123.21416544473561,49.80710425293549],[-123.21292142524993,49.80189025694879],[-123.20111015572365,49.79553406953902],[-123.19392910808956,49.794034765914155],[-123.19605525577246,49.790847814402824],[-123.18483983113583,49.77878278468858],[-123.18469876101956,49.77190759745493],[-123.17854758445544,49.77167940490847],[-123.17848821644525,49.764617280344666],[-123.15999172209135,49.75310532764179],[-123.15984581001675,49.7483089405598],[-123.16557377517348,49.748407736493576],[-123.16595037308633,49.74215326981051],[-123.16782755898376,49.742153449155154],[-123.16871171904462,49.73063728555326],[-123.1727236997888,49.72617928911306],[-123.17655306459727,49.72621889341818],[-123.17691547296994,49.71885115882719],[-123.18886842425762,49.71877011607882],[-123.18984218726675,49.70333246450134],[-123.19458377318915,49.70324712230728],[-123.19444076665323,49.69656521051172],[-123.19958415987627,49.696427292208874],[-123.19999951231296,49.68935569762009],[-123.19616451268139,49.68934547228978],[-123.19615907668228,49.68388141858685],[-123.21030159862786,49.68122513598278],[-123.24287979305791,49.670614055373456],[-123.25145379719258,49.6705794006977],[-123.25103144149345,49.6757978104489],[-123.25656674015303,49.67597080926024],[-123.2570146145839,49.668757271120256],[-123.25974261458165,49.668652743942445],[-123.26023830482562,49.6526283050352],[-123.25908755652348,49.65274803796182],[-123.26108542953855,49.646608673221934],[-123.25798412472241,49.64153426053632],[-123.25896963013011,49.636701979819186],[-123.25103802282221,49.62684357082302],[-123.25268674382897,49.6244109561736],[-123.24917312146198,49.61165576541844],[-123.25554544593261,49.60984277316199],[-123.2565881164197,49.60518136115772],[-123.2584353390322,49.603997753857804],[-123.25841193271519,49.60201955885031],[-123.25587254553722,49.60092716685527],[-123.26140173074876,49.599646855955875],[-123.26479363519627,49.592416176300446],[-123.26450523218863,49.59001637278797],[-123.269167818046,49.58740576761913],[-123.27003995258518,49.58518256444883],[-123.27361163918113,49.585686752337566],[-123.27672230834771,49.58365958348247],[-123.27689368976303,49.59075743004268],[-123.28187446880254,49.590347086784526],[-123.28744113972282,49.594735647247006],[-123.29406499755777,49.610063211966875],[-123.2999138594071,49.617088592230346],[-123.32416714265335,49.63606720739473],[-123.33625422171325,49.65377815962556],[-123.3485376015114,49.66228272514912],[-123.35292460264412,49.669789057227526],[-123.36401573167095,49.67435126034275],[-123.3512068277984,49.68412038740785],[-123.34638235889848,49.690266725477684],[-123.34642009510047,49.69617527875853],[-123.33844321245488,49.70543054750851],[-123.32856123339144,49.711774149679485],[-123.31982098354098,49.72370870896689],[-123.32290023777492,49.727532761078294],[-123.335523670593,49.73486681509608],[-123.33573019906115,49.747313711230646],[-123.32899847355438,49.749964669300404],[-123.30300648728733,49.75005324680361],[-123.28061456244802,49.746672418258385],[-123.27674357188125,49.74996983778539],[-123.28383963963195,49.75995598579737],[-123.27627460542988,49.765320163076346],[-123.27250845010185,49.770917009605725],[-123.28226179442167,49.77180006253161],[-123.29219562628609,49.77651429633824],[-123.30067823661243,49.778034510234434],[-123.30645875750777,49.79004092970342],[-123.30522437424372,49.79650951592186],[-123.32939910092979,49.82119216987068],[-123.33331084222986,49.827328438681086],[-123.33071062420477,49.82998952688352],[-123.33118582446073,49.83742265984196],[-123.32706390358132,49.845485448970024],[-123.32841734675915,49.85144342733094],[-123.3539064560383,49.860674659517535],[-123.35864043749525,49.8652595551688],[-123.37113478488956,49.866057850308984],[-123.39912048319042,49.8812322285941],[-123.41661945157266,49.87910768804],[-123.42286392528389,49.89488374545592],[-123.42585461569014,49.89538016803914],[-123.42795160348692,49.90092791942382],[-123.44759349863722,49.90274648583188],[-123.45714260884706,49.91044272821613],[-123.47352122623876,49.91206329927712],[-123.48794732373767,49.911352888411955],[-123.50724698873756,49.89741648998031],[-123.52752811615579,49.88582146305353],[-123.5253813675264,49.879584282007045],[-123.52744431132795,49.87836011720302],[-123.5444362526561,49.87787947069983],[-123.5483986633052,49.875237641156346],[-123.55030568131151,49.87107094950396],[-123.55126927416015,49.85475012420997],[-123.54793604530167,49.84618410274521],[-123.54966143172675,49.83858557343699],[-123.5539118746048,49.838587252328594],[-123.56524621995966,49.846079342215894],[-123.5781355603681,49.84578422383482],[-123.58029714536507,49.854758116417074],[-123.58744371326299,49.86047999790879],[-123.57750636444901,49.86747056144954],[-123.57398205512624,49.875200120663365],[-123.56907755348928,49.87991974287428],[-123.57343640906376,49.88462741589255],[-123.56758322287344,49.888681579904656],[-123.56882346432455,49.89748164733277],[-123.56499680292784,49.90531643266711],[-123.55368946170437,49.9125320447164],[-123.54934816390423,49.916552012692335],[-123.54915599083338,49.91861629030004],[-123.55243559014349,49.92021030254857],[-123.57082757450185,49.91998820023651],[-123.58134803066267,49.92534096184551],[-123.58969609858399,49.920780045989844],[-123.59598814598833,49.923186555303026],[-123.60274330844157,49.922932098648005],[-123.61149148357231,49.92709625434737],[-123.62064812376829,49.928993096177145],[-123.61047474291598,49.93982974383632],[-123.60286658957101,49.945011775249306],[-123.60818497240913,49.95151865575831],[-123.6077682273233,49.95354114650404],[-123.59625343441789,49.95822341174398],[-123.58626074818986,49.97111779450219],[-123.60279255586464,49.97781472722769],[-123.60128692127066,49.98609817568045],[-123.60545296849341,49.991012017091606],[-123.60296506761125,49.99676481542315],[-123.59857242238708,49.999811335734826],[-123.60211140244617,50.00307019349571],[-123.60485958383452,50.01248523342195],[-123.61603492410391,50.00894301836705],[-123.62023213332681,50.00472442979389],[-123.63027621870806,50.00007742712315],[-123.63403229686418,50.000384390348074],[-123.63332814958731,50.00663711339068],[-123.63067967976093,50.01219828233866],[-123.63371292810756,50.0185125590057],[-123.64377857707521,50.03036135689937],[-123.63682522860427,50.03656339611391],[-123.63043239361298,50.03793947426552],[-123.63154543785402,50.04267775042354],[-123.6383769121576,50.04865972161892],[-123.61517449061213,50.055826289884756],[-123.61602664496762,50.06003070893527],[-123.6227329754741,50.0638069698519],[-123.6269121062373,50.07009638369693],[-123.63671310188212,50.073162748718325],[-123.64906195282718,50.08479580907821],[-123.64294416992888,50.08661481564614],[-123.63350404052102,50.09384656013308],[-123.62644770703766,50.09662220282463],[-123.61854280022662,50.09866640789639],[-123.60820132075912,50.096352687294086],[-123.59792671471806,50.098905558729484],[-123.60368143093618,50.105181894964815],[-123.60397563176001,50.10800609399495],[-123.59157084296316,50.11837729993701],[-123.59030938753116,50.121142329417665],[-123.59021964003612,50.12492701163805],[-123.59726305388227,50.130466854597536],[-123.59510287449561,50.13410215988919],[-123.59637837248776,50.139035204792314],[-123.59580929550859,50.14111148075287],[-123.5868403609567,50.14588381184647],[-123.58537524898733,50.151026297422035],[-123.58110084351986,50.153775856706055],[-123.58360817264001,50.162907044032636],[-123.58133111401499,50.17396405901367],[-123.58820205182148,50.176316003090335],[-123.60042959689957,50.17717172698932],[-123.61117493685447,50.17400662292606],[-123.62043522998503,50.175934454927756],[-123.63314259697704,50.17582281201577],[-123.6419548892586,50.173037355621034],[-123.6446031177635,50.18300012885102],[-123.647822074204,50.187004265880454],[-123.6460359674031,50.19702076353076],[-123.63253470017122,50.20151027095828],[-123.63259522608118,50.203867600637786],[-123.63988443951582,50.21253250378515],[-123.63280102876418,50.224887796071734],[-123.63181795424643,50.229687724906945],[-123.62054332444959,50.23428344688222],[-123.61934006115217,50.2415353013885],[-123.61510425571767,50.246297691673966],[-123.59903298274571,50.245800511164],[-123.59875830559726,50.25027146647665],[-123.58461507289519,50.24999137473767],[-123.58380859592872,50.25530306428231],[-123.58036157145423,50.25873247043453],[-123.5419103227166,50.271455675178444],[-123.53183076685268,50.27334070858889],[-123.52106652571118,50.27030123533555],[-123.51217268037297,50.270799380587384],[-123.50752576809082,50.27302627478159],[-123.50051183003026,50.28194600299469],[-123.46183909654161,50.301719744368924],[-123.46702988316117,50.31202001593858],[-123.46738204484015,50.31567162469163],[-123.45950177021115,50.32532232933756],[-123.45438652785019,50.338689282477894],[-123.45169191016994,50.34090015927615],[-123.43462151114174,50.341993444752205],[-123.42784599242363,50.34715803558385],[-123.42871837678352,50.353069546378734],[-123.44582095973776,50.366692043345445],[-123.43864072752768,50.37174934266072],[-123.43504985002548,50.37669887146432],[-123.42476951934927,50.381118981362214],[-123.42137929553415,50.391240314685014],[-123.41313204826594,50.402863832458884],[-123.41475886128863,50.40984740495568],[-123.40927092543912,50.41270473727532],[-123.40631511507416,50.41849570353146],[-123.3830112587606,50.40109140942667]]]]},"bbox":[-123.64906195282718,49.4821966944168,-122.6791746185605,50.41849570353146]},{"id":"5931026","type":"Feature","properties":{},"geometry":{"type":"Polygon","coordinates":[[[-121.92275191835633,50.72633175701885],[-121.91625176130928,50.718695207001296],[-121.90599268570018,50.71841561904685],[-121.9059659428367,50.72031685110568],[-121.90352117528408,50.720131334369455],[-121.90388346025189,50.70785766458203],[-121.89840408699054,50.70769227433937],[-121.89880388175011,50.70054599822306],[-121.88180520829744,50.69983498450147],[-121.88354047145818,50.680708672021744],[-121.87777391864478,50.68060056240488],[-121.87791900339674,50.676992126520325],[-121.87551834423961,50.67694337982465],[-121.87603195796362,50.6626397810906],[-121.86470737560698,50.662536389140776],[-121.86503415082377,50.64860100711766],[-121.87909853199037,50.64761513073343],[-121.88482629022363,50.64949516614795],[-121.89056623951248,50.662474630298796],[-121.9027952936836,50.662540700989474],[-121.91712616170949,50.665984163169576],[-121.9236102135964,50.66388091290398],[-121.92283193035408,50.65430851242874],[-121.93390402365688,50.65454608705835],[-121.9341549875772,50.66180022301875],[-121.9454958940029,50.6619679393792],[-121.9465017238961,50.66667039032037],[-121.97003185830208,50.66691129092617],[-121.96997998388935,50.66328834880507],[-121.9761636693523,50.66320981304133],[-121.97618278153679,50.659791550206876],[-121.97905450894,50.65982095399076],[-121.97938164178021,50.65461756558373],[-122.00042978642908,50.655662941943845],[-122.00062742864178,50.6589583377913],[-121.997533019861,50.6589640327644],[-121.99815532133739,50.666010916049736],[-121.99341506632318,50.66642806294727],[-121.99335642873977,50.66469337701593],[-121.9912979470326,50.6650166627965],[-121.98675876631964,50.66923351481105],[-121.99238577971134,50.668528231859746],[-121.99174539618,50.670578888481515],[-121.97934697470302,50.670889693063124],[-121.9793588441473,50.673212171635875],[-121.96510255084415,50.67326636085781],[-121.96485624740347,50.67185756192668],[-121.95520411410473,50.67185021550712],[-121.95454436173289,50.67057967103848],[-121.94564258755274,50.67228901417421],[-121.94585194485998,50.6676496699923],[-121.9274921423842,50.665737931985674],[-121.92421860974387,50.67134079663104],[-121.9270025279861,50.67578756499163],[-121.92085620231494,50.677607692183166],[-121.92685562362507,50.68180520360955],[-121.939324338283,50.675151661732365],[-121.94136073364731,50.675760611876434],[-121.94139679872478,50.68228701034941],[-121.94646755677253,50.68365319843043],[-121.94654516705312,50.687243754107826],[-121.9436549913925,50.68720186132935],[-121.9440703535978,50.69426076828931],[-121.93964154468388,50.695933646168854],[-121.94062970327414,50.69641197388284],[-121.93788263366605,50.69762182995718],[-121.93775324300852,50.69963288866815],[-121.93480825587449,50.69965522541635],[-121.93486781992794,50.704292441512074],[-121.92815197236357,50.704311221993585],[-121.92804281392785,50.70847084075134],[-121.93364121118147,50.70856561251836],[-121.93269090116083,50.732979889327964],[-121.93497423736098,50.733857867498315],[-121.93469145955196,50.737785226088974],[-121.93244513183524,50.73741926110668],[-121.92275191835633,50.72633175701885]]]},"bbox":[-122.00062742864178,50.64761513073343,-121.86470737560698,50.737785226088974]},{"id":"5931032","type":"Feature","properties":{},"geometry":{"type":"Polygon","coordinates":[[[-122.92307713776073,51.18670765212352],[-122.90525868636229,51.18390183267679],[-122.88864777573443,51.177266044572434],[-122.82251969166335,51.144786087772765],[-122.79092143602138,51.148785766400586],[-122.77604797292194,51.13761980067021],[-122.74303417971633,51.15911070612025],[-122.72633026328567,51.158036820691024],[-122.71865779047995,51.161624193077074],[-122.71005185932343,51.162302110671575],[-122.7134500560783,51.14791060491324],[-122.71261092455376,51.13776439852548],[-122.70747854309263,51.125044034810536],[-122.68350128768833,51.10407127768236],[-122.67518651607344,51.09865077371093],[-122.63383057336603,51.08150920033826],[-122.62596318151759,51.079948299825986],[-122.61844850558204,51.08119665600056],[-122.61497581995994,51.067534780351494],[-122.58979273544477,51.05636308128728],[-122.58780082704295,51.053752844899705],[-122.58908675985045,51.04987965001827],[-122.58658826289216,51.04440619167875],[-122.57253352558386,51.03406023610788],[-122.57836387051515,51.03021507716499],[-122.59453738485814,51.02727853667767],[-122.59590651107315,51.022339043730135],[-122.58863446651674,51.01818808366648],[-122.58794119484,51.00944550236113],[-122.53676667143081,50.961515940212855],[-122.50214236751938,50.94898949936751],[-122.47760733045514,50.9450208155427],[-122.45423148996926,50.9437666993454],[-122.43810475958155,50.93874298861961],[-122.43211431563886,50.9327919527222],[-122.42947248426995,50.903144192531705],[-122.42236854539009,50.89598049958283],[-122.34899819090143,50.85500018176961],[-122.32733060326866,50.8458922131741],[-122.29543274606068,50.827469652082],[-122.28787653611984,50.82685430026681],[-122.27398795156017,50.83106620953976],[-122.25976017105873,50.8388213073857],[-122.23351737873314,50.85870632885058],[-122.21920402045271,50.864337299421344],[-122.20792228116325,50.86199241208389],[-122.20509350926936,50.86399269121483],[-122.20605100489689,50.86660999149145],[-122.20096695109356,50.867558693675775],[-122.19330137315212,50.85848899777239],[-122.17300327851414,50.86345459993295],[-122.16147958027872,50.85938279284532],[-122.15728595890982,50.860883702065436],[-122.15616660872298,50.85943119585277],[-122.15730078993026,50.85721649247325],[-122.14696744616577,50.851953727005615],[-122.14906669256324,50.83260751769615],[-122.16191393656618,50.832971713408796],[-122.16239823517871,50.81906386840018],[-122.15682258906983,50.81371135256676],[-122.14814788072528,50.81033353392567],[-122.13656913408904,50.798094483218904],[-122.1155717940777,50.78686981395529],[-122.09057079573164,50.76653180365376],[-122.09051950725805,50.76348582989831],[-122.09487600051011,50.763663733968436],[-122.09616619244788,50.748819520369224],[-122.09901664240843,50.741564109919814],[-122.11686600531092,50.74455710615975],[-122.12878815403755,50.74338020781713],[-122.17212293062732,50.763977704578345],[-122.18667164900758,50.76058335436453],[-122.22596151516791,50.75565948382981],[-122.2624895158575,50.73869679091341],[-122.39152966260723,50.75452013538928],[-122.44898930404894,50.74391066668633],[-122.4889384213459,50.73971443863503],[-122.51326654858342,50.73170192602644],[-122.58818242268067,50.702155543034465],[-122.59262213081524,50.68044325811564],[-122.58767151860286,50.67772882365835],[-122.58617886527195,50.66975989760546],[-122.58768844481976,50.662799330793355],[-122.58251896182209,50.65636906973334],[-122.58914352908364,50.652382246668125],[-122.58893043695102,50.642358118576],[-122.60813780563936,50.64304593452243],[-122.6114688400327,50.63567289424704],[-122.61867900231661,50.639401384587494],[-122.62923740503109,50.65280706497556],[-122.66371245991846,50.64989083781216],[-122.6781163262455,50.65209565972216],[-122.68764363464017,50.65036230534745],[-122.70392772308631,50.643554941452706],[-122.71676641416676,50.652040082410565],[-122.72900999726699,50.65609696887831],[-122.75151918916944,50.65412035397698],[-122.75789463853943,50.6589945119575],[-122.7669590478198,50.661413453175754],[-122.76941412831528,50.65973041969072],[-122.78015844736306,50.665442641222434],[-122.7845687204769,50.66177173772309],[-122.78282146862935,50.658903169247665],[-122.77755371779536,50.65596152593712],[-122.78056969070282,50.65330600908008],[-122.80140309478742,50.646169180500614],[-122.81638618735894,50.647398777858434],[-122.83283343313983,50.64619965115242],[-122.84873949570564,50.63027219668644],[-122.85856138323483,50.62633589607373],[-122.85852460308635,50.62350777921636],[-122.86107123926939,50.619491432216684],[-122.86490717433107,50.61701112940855],[-122.87173284736146,50.61501738088785],[-122.88871702321488,50.614156405643335],[-122.90688859883218,50.603504912481775],[-122.92793934264996,50.60117820200958],[-122.93286271150454,50.5800903110374],[-122.94175560897258,50.56239158898274],[-122.94089318722264,50.55289534157138],[-122.94724672864011,50.54812412323238],[-122.95129875602116,50.54720997656158],[-122.95676149365026,50.5487276908917],[-122.9682299441401,50.56147328702981],[-122.9785325593737,50.568650443177],[-122.98114412165064,50.569410868014245],[-122.98686981307219,50.56768321371959],[-122.9898501592633,50.56918255625848],[-122.99077939066477,50.57624093054291],[-123.004206238419,50.59110273238857],[-123.01880956994592,50.601110209702185],[-123.02844276689935,50.6030873981145],[-123.03883471343869,50.60119665039417],[-123.04268490021313,50.59898610743093],[-123.04375860099437,50.5948196067179],[-123.03159650054819,50.58808659678222],[-123.03166607737487,50.584080268079035],[-123.03549737952099,50.578803116358394],[-123.04459678712462,50.577311329834686],[-123.0608173793105,50.58317118522593],[-123.08147489078931,50.593997352074155],[-123.0954067866331,50.605372978732454],[-123.10426485944062,50.61705398728146],[-123.12164906325775,50.62915576585828],[-123.13251521883404,50.6327102320285],[-123.1637094537295,50.63470040233784],[-123.16727104786597,50.636722664307015],[-123.16712415240974,50.64283132002267],[-123.15731790722556,50.65322223391762],[-123.18069122115288,50.656631858197635],[-123.18746497919696,50.6654067008447],[-123.19822698118202,50.675022611306694],[-123.19796314589752,50.68175675369026],[-123.20005304240846,50.688478919774425],[-123.22008594570575,50.71091491522349],[-123.23580113284653,50.722960313706054],[-123.27476738514768,50.73269249976853],[-123.29090752700337,50.73288125224801],[-123.30767250119015,50.72968995053434],[-123.32132706346275,50.73135546745339],[-123.33818886062143,50.749658828918065],[-123.35825639862885,50.76116522783083],[-123.36072951473422,50.79153446703528],[-123.36551398545473,50.800620775663795],[-123.37606883069786,50.7923824728695],[-123.40770636872345,50.78055898337541],[-123.42055065186587,50.78580847946011],[-123.42640257912149,50.7909021944369],[-123.43907265322342,50.79654941957944],[-123.45429726637417,50.79820876632437],[-123.46983827779219,50.79409165525297],[-123.4888225781639,50.785009129424154],[-123.49020663377998,50.779643843436574],[-123.49672976446651,50.779147426421595],[-123.50280303472066,50.77985417913965],[-123.52510665799151,50.7977528032492],[-123.53320012935464,50.80056131408895],[-123.54957709786748,50.8005146627247],[-123.5628166792172,50.7975487575835],[-123.59656033027936,50.78096789921607],[-123.60707809443961,50.77680002524398],[-123.61275521536169,50.776304209009034],[-123.61922974570189,50.78571483553766],[-123.63005121368798,50.79259964572668],[-123.64004007880206,50.795175347408225],[-123.6788673754201,50.801073954820446],[-123.68885296862814,50.799676875987274],[-123.69639181101157,50.79221672522502],[-123.70655668696875,50.792372872106654],[-123.71987186823429,50.80125513453614],[-123.72513092496453,50.813325377232175],[-123.72380217272192,50.835755999376616],[-123.7250815268734,50.84009935902219],[-123.72950828208901,50.84286088211256],[-123.71951609491661,50.84832936737046],[-123.71402467113357,50.848770203611664],[-123.71761931835145,50.851196696752226],[-123.71823179468849,50.87126952190054],[-123.7276481236004,50.87624089828069],[-123.73819219074927,50.875523891929554],[-123.74606044567435,50.87279042191823],[-123.75821747501882,50.883463993482124],[-123.75065267678643,50.88673637263213],[-123.73700070207084,50.8871853713777],[-123.70946906125077,50.88421471005877],[-123.69891292990953,50.8852316716051],[-123.68099641617437,50.88254742656292],[-123.66678941633774,50.87693883344],[-123.66218832366094,50.88037910943516],[-123.6639223570866,50.89609380090811],[-123.65507689475383,50.90149242937621],[-123.63699652034524,50.89917826841749],[-123.62878672678258,50.89530606147843],[-123.61711516097806,50.89701130388083],[-123.60709048703409,50.901569833658286],[-123.60157685982084,50.90838056461412],[-123.60100134256324,50.9135354884695],[-123.59394249355746,50.92185909476082],[-123.57743508270683,50.93133065104648],[-123.55258591629452,50.92813590674057],[-123.53553541935365,50.939662772618654],[-123.51572665229624,50.947043339859015],[-123.51262669151588,50.95408272512131],[-123.5028931595716,50.95886713416238],[-123.45174819356706,50.98080406212253],[-123.43437241314919,50.98533407558012],[-123.40225953749078,50.988229814260364],[-123.39806576829093,50.994246097257665],[-123.39061829960139,50.996615007632776],[-123.38381852350385,51.00432456737357],[-123.37733246094791,51.00466116743834],[-123.37148723105622,51.00289942108363],[-123.35956387893543,50.9904078999468],[-123.33485208503178,50.9923800361826],[-123.32547588188034,50.99138719484201],[-123.32234572754237,50.985194091677634],[-123.31383998327179,50.98125773774357],[-123.29795546744728,50.98721540818094],[-123.29452643023193,50.99461293940018],[-123.24344186576117,51.000393903187984],[-123.2423735545944,51.00263356436318],[-123.24432326771905,51.0073054951066],[-123.24987605717341,51.01207816958236],[-123.25519443682366,51.02546513753571],[-123.25230093166503,51.03143925783714],[-123.25261154573421,51.04149032660041],[-123.23744263386499,51.05194793021663],[-123.23510394670693,51.058088447701074],[-123.22114526169543,51.061556599085485],[-123.2165927978149,51.06638642601747],[-123.20036339785509,51.072137274766774],[-123.18232473037146,51.07226538313889],[-123.1794511588774,51.07716173001718],[-123.170871529152,51.08165793973378],[-123.16246925710033,51.09353372644616],[-123.14672119922807,51.122734879958124],[-123.12868808275437,51.13259564598281],[-123.1092723818984,51.139401491303175],[-123.10069008127937,51.138488018301175],[-123.08811257427685,51.13271521468252],[-123.08361771519189,51.13336428969415],[-123.06821544745806,51.1411579187286],[-123.05460586880484,51.14025491752314],[-123.04913761648966,51.143541460730795],[-123.05031959024326,51.149794907064646],[-123.05873377066182,51.15969211982826],[-123.05713122809789,51.173697266636424],[-123.0591235023886,51.18098073525441],[-123.0702653721117,51.19488214839759],[-123.08002883728776,51.21228564356642],[-123.06793762088014,51.220323105610184],[-123.06194105322314,51.21805717115915],[-123.05858651208926,51.2145521645673],[-123.0523437393716,51.213323072647796],[-123.0331586056085,51.200650941470236],[-122.9702242073224,51.194114938041686],[-122.92307713776073,51.18670765212352]]]},"bbox":[-123.75821747501882,50.54720997656158,-122.09051950725805,51.220323105610184]},{"id":"5931034","type":"Feature","properties":{},"geometry":{"type":"Polygon","coordinates":[[[-122.51470281177295,51.20423179281016],[-122.51026341072854,51.19623936437158],[-122.50785249573934,51.18771911176675],[-122.47079673661749,51.15651794547776],[-122.46077724424839,51.15187572423274],[-122.46875889647197,51.14315732492328],[-122.47584672829053,51.13934700510775],[-122.47896907421746,51.13229086976028],[-122.47775578399332,51.12589264397317],[-122.46533923265608,51.11422834890274],[-122.4542120620913,51.11163929534814],[-122.4411809105753,51.11087089709745],[-122.42966678642931,51.112265981808484],[-122.38707430832801,51.110494247606894],[-122.37633552386632,51.10698209687614],[-122.36430074087563,51.08808024701592],[-122.35839966591551,51.07455177952189],[-122.34462498760672,51.06667709343251],[-122.32731915722424,51.06127527375088],[-122.3011873754858,51.06174319414728],[-122.3063854245634,51.04441607148004],[-122.27151580073053,51.03764242578056],[-122.19715214464337,51.01838527068107],[-122.17536539484713,51.01627326797255],[-122.16946199650441,51.019949308908544],[-122.16051830891821,51.02093098218575],[-122.14412905309354,51.01486413790192],[-122.14176182195584,51.007568392680014],[-122.1442372003457,50.99939919695015],[-122.15195911505442,50.999341891984464],[-122.16533913664298,50.99025213521541],[-121.91360004295161,50.987091680510154],[-121.91510340726381,50.996834281079586],[-121.84462349110478,50.997779557280545],[-121.62749484619073,50.99610887161799],[-121.62533767050711,50.89604108947344],[-121.64872751316547,50.895666265396656],[-121.64900679838246,50.88176735949092],[-121.67283307474247,50.8816338600434],[-121.67239632457142,50.8528525633155],[-121.69632348688883,50.85270337777173],[-121.69659791483869,50.83799405630391],[-121.71989251985217,50.837700267410234],[-121.72068815755573,50.79371870631361],[-121.74291375462303,50.79371014184012],[-121.74357322772875,50.750391532662846],[-121.76596858353685,50.75021198585284],[-121.76685674093059,50.57532684036806],[-121.76235560674111,50.575331286940546],[-121.76192854178528,50.546395997803174],[-121.76624407552796,50.54638154021256],[-121.76664240742996,50.554118534674025],[-121.8025046347057,50.55505053393141],[-121.80453543715001,50.53106524220837],[-121.78490768344926,50.53058217364015],[-121.78457940505758,50.5168890734192],[-121.80697368503576,50.517309306986654],[-121.82482798202791,50.50358388406466],[-121.83195774344098,50.487830583191496],[-121.83933903010308,50.48529926486639],[-121.84123369487116,50.478459511047525],[-121.85492943929947,50.471891964474445],[-121.86243253310921,50.460884895714564],[-121.85922915278955,50.45809072894562],[-121.857552146066,50.45263717207594],[-121.8549988380405,50.449958226451365],[-121.86832445700615,50.43668509972455],[-121.86450687827532,50.42908763130238],[-121.87044281929737,50.42246492132331],[-121.88311957972213,50.41933245932384],[-121.9050536842723,50.42063130280606],[-121.91949385603704,50.419085608781685],[-121.9220080694539,50.41587406165655],[-121.92716183580244,50.41428385985205],[-121.92645666784064,50.41060160378224],[-121.92924559420442,50.408167046450075],[-121.94273345895118,50.40513424542512],[-121.9495936994891,50.405703798568965],[-121.95503998296378,50.40130735263915],[-121.9661812399834,50.40738158440028],[-121.96707420779948,50.41079634328635],[-121.96501864930208,50.41350545187649],[-121.96840525086294,50.4173237252917],[-121.99057238277891,50.416167709318486],[-122.01139709507004,50.412124911801456],[-122.01515140676125,50.41437906384207],[-122.02000721886168,50.414277657000426],[-122.02358048634666,50.41635998216941],[-122.04264675474153,50.420758774332604],[-122.04630686984233,50.43112154605098],[-122.05472258855855,50.42954000498918],[-122.06138076650686,50.425686303259965],[-122.07296789297072,50.42532343192647],[-122.084208673656,50.430862576801054],[-122.09311638086615,50.433231306900275],[-122.10413417548463,50.432419123318674],[-122.10826068258325,50.430341290385364],[-122.12009736605964,50.43274129040944],[-122.1295219630603,50.42960011232119],[-122.13146912800916,50.4284177114533],[-122.13129640017193,50.42680213959575],[-122.11927165017164,50.418058456957795],[-122.11840196930834,50.41531655846645],[-122.12376130257553,50.41310358382217],[-122.12791350213242,50.40816767416022],[-122.13267478616692,50.40565301123632],[-122.13008868007036,50.400086286728076],[-122.13956576001819,50.39719614781073],[-122.13808940183935,50.3937049972289],[-122.14114737587748,50.38908261394236],[-122.1400947219563,50.38707902173428],[-122.14409951199497,50.384857055124066],[-122.15080953675493,50.38441253371485],[-122.15510152876303,50.379744343040784],[-122.15480509869114,50.3762259172521],[-122.16412351199519,50.372795672919054],[-122.16307936605868,50.37124147291661],[-122.15126714580867,50.36844961762184],[-122.1454193472586,50.360431526376736],[-122.15100662200157,50.35782013652183],[-122.15401484548788,50.35411421158325],[-122.15294673276507,50.35157209580375],[-122.16740236721492,50.346485326846626],[-122.17240818244159,50.335560012077764],[-122.18125481626214,50.33480940653508],[-122.19219627338022,50.33929282217697],[-122.2013700813032,50.33807042031087],[-122.20483244420531,50.33484447383107],[-122.21379123168566,50.33283183138908],[-122.21528559519648,50.32595775162369],[-122.23429582188534,50.32468896557535],[-122.24192380041846,50.32225340500768],[-122.2438084534107,50.316651051610336],[-122.23869647967142,50.314453169036746],[-122.23731843631583,50.31205887036426],[-122.24939169144334,50.30561482736671],[-122.24894724773534,50.29662082640051],[-122.24669303429783,50.29166641373945],[-122.23713894595575,50.28677961345739],[-122.23619973144166,50.282747225293406],[-122.23735383671703,50.2806000601671],[-122.23461225178889,50.27512930668763],[-122.24006190296659,50.27463504474578],[-122.24754813580417,50.271338231246375],[-122.25863930165326,50.264219622020626],[-122.26299423208584,50.2589729455059],[-122.27206546249458,50.26035174357813],[-122.27741586522401,50.25694563106943],[-122.28928076889184,50.255584072101534],[-122.29830943772484,50.25271916206518],[-122.30316285113344,50.2486158648521],[-122.29602236499831,50.24026304436343],[-122.29716794320909,50.23576328435991],[-122.30053235756172,50.23373911237197],[-122.30163009294054,50.22978728812549],[-122.31486661083406,50.2287178977128],[-122.35346504214182,50.230992225321685],[-122.35787365463383,50.235495331990776],[-122.35147226371448,50.24672523946741],[-122.3469854180656,50.2506912772772],[-122.36086422210445,50.257875548758015],[-122.37365936228005,50.261609514106816],[-122.37131211691072,50.27097563571546],[-122.36350526856313,50.282194522534844],[-122.35755941961926,50.28740181532821],[-122.36056960037916,50.2918928459857],[-122.36638152128049,50.311555490303135],[-122.38516078162753,50.318659300847074],[-122.40805769889788,50.33290895818832],[-122.43875097214607,50.33534754849216],[-122.4624458154551,50.35118465283926],[-122.47065018176319,50.35858463168269],[-122.47209184651581,50.371646814527665],[-122.47694583529872,50.383480209458085],[-122.48675876075453,50.39059565887493],[-122.49911534294873,50.39292343592924],[-122.51706677722572,50.38773724804593],[-122.52752409614448,50.39048513825096],[-122.5232069254467,50.399915920094344],[-122.52331986091873,50.40729124875016],[-122.52592509766686,50.40991392646785],[-122.52518821598184,50.41480004282281],[-122.51725716013262,50.41969564119116],[-122.50508771559302,50.41749838084367],[-122.50194215384899,50.42154656047118],[-122.49538560262322,50.420229108147645],[-122.49398602959374,50.42569405845536],[-122.50057378525739,50.43086831428666],[-122.50536268856037,50.44101795180887],[-122.49808536894923,50.44456707459248],[-122.4854352056282,50.44346352834096],[-122.44600480674644,50.430341977522346],[-122.41425485105846,50.398505948187456],[-122.40786307345024,50.39929330125982],[-122.40677076899448,50.405306619191904],[-122.39654677245905,50.41112056267607],[-122.37127545295529,50.41105249297561],[-122.35528157477856,50.414517073185195],[-122.33593650702055,50.41616797699034],[-122.31479906906358,50.424078257282545],[-122.30444443661662,50.43092360146041],[-122.30277854514314,50.44095002572545],[-122.30613194036202,50.454528607784226],[-122.30406681775325,50.462984750373266],[-122.29334411738839,50.46966428360928],[-122.2873003348267,50.47542888069242],[-122.29021080228807,50.481419981257964],[-122.31153188904683,50.49491058138272],[-122.31109286282502,50.50169308820558],[-122.31467146596975,50.507677560684094],[-122.32389723857342,50.508034196886705],[-122.33776736486058,50.52056794137229],[-122.360868606555,50.52439225558375],[-122.38773241558306,50.53660974782246],[-122.39669451241555,50.54262220650915],[-122.4073213017889,50.54564943533323],[-122.41885282488134,50.55264160634229],[-122.45041518949037,50.55812463255006],[-122.45527996280316,50.561371451029366],[-122.42707050378151,50.57401219887316],[-122.41609220086181,50.58239430273615],[-122.40893410202149,50.59131200248632],[-122.43291317914925,50.59887039992225],[-122.42906744732359,50.602945365761514],[-122.43058033279331,50.60508456275116],[-122.42937112173688,50.61165297623344],[-122.43111364951669,50.612488965297416],[-122.43161092402899,50.61576466500904],[-122.42821902539286,50.618103266121054],[-122.43041502919108,50.6211723647541],[-122.42745544594204,50.63025552578972],[-122.43708809955814,50.63025972680584],[-122.43689180491396,50.61930919817461],[-122.44816124727046,50.61945144539794],[-122.44978762408036,50.601950250420416],[-122.45801407866512,50.60211634768101],[-122.45819420950832,50.598427179213495],[-122.4624263366873,50.597379410010255],[-122.46129201188208,50.59216079248989],[-122.46677707975128,50.591048456857834],[-122.46701606154612,50.57820314073659],[-122.47808283977123,50.57768218068867],[-122.4783753265158,50.56663594487165],[-122.50414790741205,50.56650814629756],[-122.53719618576152,50.580460792659196],[-122.55039423857016,50.579817166908185],[-122.58539655671449,50.59328721706668],[-122.60986272700399,50.59979243981624],[-122.6078049971733,50.60417345201199],[-122.61251261360499,50.615612608773105],[-122.60891197783464,50.63430191256899],[-122.6114688400327,50.63567289424704],[-122.60813780563936,50.64304593452243],[-122.58893043695102,50.642358118576],[-122.58914352908364,50.652382246668125],[-122.58251896182209,50.65636906973334],[-122.58768844481976,50.662799330793355],[-122.58617886527195,50.66975989760546],[-122.58767151860286,50.67772882365835],[-122.59262213081524,50.68044325811564],[-122.58818242268067,50.702155543034465],[-122.51326654858342,50.73170192602644],[-122.4889384213459,50.73971443863503],[-122.44898930404894,50.74391066668633],[-122.39152966260723,50.75452013538928],[-122.2624895158575,50.73869679091341],[-122.22596151516791,50.75565948382981],[-122.18667164900758,50.76058335436453],[-122.17212293062732,50.763977704578345],[-122.12878815403755,50.74338020781713],[-122.11686600531092,50.74455710615975],[-122.09901664240843,50.741564109919814],[-122.09616619244788,50.748819520369224],[-122.09487600051011,50.763663733968436],[-122.09051950725805,50.76348582989831],[-122.09057079573164,50.76653180365376],[-122.1155717940777,50.78686981395529],[-122.13656913408904,50.798094483218904],[-122.14814788072528,50.81033353392567],[-122.15937067527541,50.81579723066259],[-122.16239823517871,50.81906386840018],[-122.16191393656618,50.832971713408796],[-122.13740581194068,50.83235569284121],[-122.13706244146961,50.809284176091175],[-122.10274340880237,50.80867939499738],[-122.10257401875192,50.80513596518867],[-122.06566513634564,50.80492277565565],[-122.06543648139399,50.80847417216255],[-122.04300186332925,50.80817472349204],[-122.04361099321041,50.7937011213586],[-122.02428090351887,50.7936170996461],[-122.02435424043152,50.77919693546999],[-121.99049856032161,50.77893067002629],[-121.9909414835518,50.761566448200085],[-121.97641899696869,50.76163163703751],[-121.976877578913,50.743119752474925],[-121.93363001133125,50.742997070555525],[-121.93098064600241,50.75257705893703],[-121.93262793046016,50.754921366202375],[-121.92804131149255,50.7620751616699],[-121.91885282799585,50.76583935886863],[-121.90417514456045,50.76345375989936],[-121.90309436222527,50.76724893638155],[-121.92069813886889,50.77125511260667],[-121.92845659718215,50.77001224149783],[-121.92610329171013,50.76742505545585],[-121.92936985176223,50.765644651406404],[-121.9368136432342,50.75619012849157],[-121.94681151429837,50.75694164464368],[-121.95129967418725,50.759351392002195],[-121.96057077994128,50.76960625275845],[-121.9697772694709,50.787773408135905],[-122.00478815498407,50.80219838662297],[-122.01392906817884,50.801245572001086],[-122.02094851112885,50.805801603527016],[-122.0231041014803,50.826215197187544],[-122.0333675474648,50.82250766880335],[-122.03674984853782,50.81948862470149],[-122.04679232532416,50.81919054416784],[-122.052689479965,50.81720053100814],[-122.0564495573227,50.813831991861015],[-122.0692762803203,50.81294441541089],[-122.08080125566151,50.81979553507005],[-122.10504208069031,50.8264365657619],[-122.10867567218219,50.830587004122854],[-122.10996106352447,50.83533077966763],[-122.1221090086389,50.84280555988366],[-122.13181283918088,50.84463468125435],[-122.1343463526098,50.84879794130305],[-122.14005185247869,50.85268580269841],[-122.14297018686987,50.85359910571004],[-122.14696744616577,50.851953727005615],[-122.15730078993026,50.85721649247325],[-122.15621141025646,50.85977730154757],[-122.15832946421027,50.86123686743075],[-122.16147958027872,50.85938279284532],[-122.17420711820016,50.863362003185166],[-122.19330137315212,50.85848899777239],[-122.20096695109356,50.867558693675775],[-122.20605100489689,50.86660999149145],[-122.20509350926936,50.86399269121483],[-122.20792228116325,50.86199241208389],[-122.21920402045271,50.864337299421344],[-122.23351737873314,50.85870632885058],[-122.25976017105873,50.8388213073857],[-122.27398795156017,50.83106620953976],[-122.28787653611984,50.82685430026681],[-122.29543274606068,50.827469652082],[-122.32733060326866,50.8458922131741],[-122.34899819090143,50.85500018176961],[-122.42236854539009,50.89598049958283],[-122.42947248426995,50.903144192531705],[-122.43211431563886,50.9327919527222],[-122.43810475958155,50.93874298861961],[-122.45423148996926,50.9437666993454],[-122.47760733045514,50.9450208155427],[-122.50214236751938,50.94898949936751],[-122.53676667143081,50.961515940212855],[-122.58794119484,51.00944550236113],[-122.58863446651674,51.01818808366648],[-122.59590651107315,51.022339043730135],[-122.59453738485814,51.02727853667767],[-122.57836387051515,51.03021507716499],[-122.57253352558386,51.03406023610788],[-122.58658826289216,51.04440619167875],[-122.58908675985045,51.04987965001827],[-122.58780082704295,51.053752844899705],[-122.58979273544477,51.05636308128728],[-122.61497581995994,51.067534780351494],[-122.61844850558204,51.08119665600056],[-122.60411823744485,51.086236865090854],[-122.58731461912973,51.096155626602346],[-122.57939323225172,51.10340704210708],[-122.58274918940593,51.10542361445782],[-122.58090776515498,51.11032556235014],[-122.5925514478113,51.11197442151589],[-122.59400632855323,51.11334588715369],[-122.59587903122836,51.11820698902089],[-122.59114320433066,51.12240665972465],[-122.58680827758269,51.12234232990846],[-122.58661679003507,51.12759516696892],[-122.59654601859845,51.13263303589665],[-122.60249607048084,51.14257250495778],[-122.5938058263655,51.166429062117686],[-122.59414271382013,51.1733945500009],[-122.58977054944027,51.17662568857522],[-122.56815683229436,51.178847198006785],[-122.55801380491798,51.184349196538406],[-122.55235384046998,51.19113734382882],[-122.54762789243149,51.201806043244936],[-122.53027091919537,51.209186263775024],[-122.52213475991778,51.20939344687847],[-122.51470281177295,51.20423179281016]],[[-121.83578292000566,50.70415404875817],[-121.83353089945103,50.7040007929124],[-121.8329890096816,50.70829406995506],[-121.8398442876558,50.70867346379686],[-121.84026118436675,50.70460965412967],[-121.83578292000566,50.70415404875817]],[[-121.80543959181024,50.68431892928574],[-121.80337929184171,50.68430889318554],[-121.80392916060939,50.688724707751504],[-121.81206946323172,50.68879674066412],[-121.81202699929794,50.68424239449271],[-121.80543959181024,50.68431892928574]],[[-122.29384023699234,50.70094759183257],[-122.2940357749036,50.70648274110569],[-122.30283473337266,50.70589205985334],[-122.30316645806043,50.70023027368523],[-122.29384023699234,50.70094759183257]],[[-121.84695033464517,50.57957432894211],[-121.84646545762247,50.586845570408485],[-121.85135572142768,50.5865663292195],[-121.8512784318821,50.59170765840579],[-121.85716480431122,50.59182081692897],[-121.85798829103565,50.57959762559404],[-121.84695033464517,50.57957432894211]],[[-121.91591820734689,50.7586019191189],[-121.91577891907819,50.76467255106927],[-121.91848072045853,50.7647027719956],[-121.92564493926149,50.76212497635349],[-121.9315628248267,50.75508368068766],[-121.93036903436781,50.75259370009666],[-121.92267024768012,50.75512892713923],[-121.91343753904445,50.75495658508628],[-121.91315592287296,50.75878208906904],[-121.91591820734689,50.7586019191189]],[[-121.86398820763671,50.74768909463644],[-121.86843994443359,50.74669662560317],[-121.86828980686583,50.743518401721815],[-121.8875778839069,50.744987255036804],[-121.88798516261063,50.74048525369779],[-121.87748143444033,50.73667624142807],[-121.86918977300503,50.73967077867159],[-121.8698582056724,50.73180079707568],[-121.86490028908229,50.731785376683916],[-121.86503634835309,50.727588343232945],[-121.8561853687782,50.7277209579535],[-121.8564123635108,50.74236372607945],[-121.86093785785846,50.74254067720839],[-121.86211688495479,50.74746672010024],[-121.86398820763671,50.74768909463644]],[[-121.79770261853426,50.61630163308776],[-121.79537937042761,50.61780451787921],[-121.79534738767741,50.64869988224328],[-121.79945061574327,50.64856908173476],[-121.79972172930307,50.655376605780354],[-121.8104186215715,50.65530077703517],[-121.81027861667803,50.64868974658992],[-121.80364542773295,50.64857173809791],[-121.80380131523897,50.61639451498383],[-121.79770261853426,50.61630163308776]],[[-121.85153614178004,50.783151592854544],[-121.84709744417347,50.78165535405675],[-121.84314184241279,50.777424255690704],[-121.83950228697871,50.765778906607466],[-121.83589596363123,50.7656915222535],[-121.83433290462358,50.76017359137889],[-121.8308518080111,50.75833276558743],[-121.83112291958,50.76570564437848],[-121.82969440931532,50.76570983708461],[-121.82752598099152,50.7821964646211],[-121.83542706036755,50.78208426374724],[-121.83453072806586,50.78907063319964],[-121.85601582202939,50.78943620286428],[-121.85153614178004,50.783151592854544]],[[-122.2754265982455,50.703119673978534],[-122.2752529599634,50.707683464597956],[-122.26937310258644,50.708345652985884],[-122.27398525447148,50.71079217116948],[-122.2747235419157,50.71340416728607],[-122.27075261119091,50.71548356204166],[-122.24704293543883,50.72048931806992],[-122.25251625619954,50.72325747213923],[-122.25300190657168,50.72804344844223],[-122.28029999107329,50.72871932097791],[-122.2800265782939,50.70637878302346],[-122.28491447541086,50.70657436471765],[-122.28505009504143,50.702836945973836],[-122.2754265982455,50.703119673978534]],[[-122.23494306259063,50.73525226962388],[-122.23597400680337,50.735198983936556],[-122.2358671296046,50.72930837704151],[-122.22673262615191,50.72900498122883],[-122.22310557386267,50.73051151308981],[-122.21628031664083,50.72763155883957],[-122.20237280629232,50.7282558979986],[-122.19764861163198,50.72539036088836],[-122.18547561278847,50.72470386646693],[-122.17853632557821,50.720436961275205],[-122.17358065561228,50.71957915330777],[-122.17346186471089,50.73363682364839],[-122.23494306259063,50.73525226962388]],[[-121.86441591646144,50.87885099050714],[-121.86660161345263,50.87346109550076],[-121.87222783626245,50.86719887455035],[-121.85698193781138,50.86473927624098],[-121.83294714497185,50.87117526778358],[-121.83357682285413,50.8767026637898],[-121.83224761373971,50.87931606301859],[-121.82601952425141,50.883345177759594],[-121.8212641585006,50.88406250297979],[-121.8213227473952,50.88143684325111],[-121.8147755559129,50.88134218021163],[-121.81646865212056,50.89802507228632],[-121.86612772025259,50.8974044720564],[-121.86157249634694,50.8924415093545],[-121.86045199657993,50.88831270246463],[-121.86441591646144,50.87885099050714]],[[-121.90388346025189,50.70785766458203],[-121.90352117528408,50.720131334369455],[-121.9059659428367,50.72031685110568],[-121.90625456080893,50.72265629308676],[-121.91436334772773,50.72274156714445],[-121.91209683168782,50.71893669715269],[-121.91625176130928,50.718695207001296],[-121.93244513183524,50.73741926110668],[-121.93469145955196,50.737785226088974],[-121.93497423736098,50.733857867498315],[-121.93269090116083,50.732979889327964],[-121.93364121118147,50.70856561251836],[-121.92804281392785,50.70847084075134],[-121.92815197236357,50.704311221993585],[-121.93486781992794,50.704292441512074],[-121.93480825587449,50.69965522541635],[-121.93775324300852,50.69963288866815],[-121.93788263366605,50.69762182995718],[-121.94287985144258,50.6942797903723],[-121.95268740626516,50.69426785351589],[-121.95231918232423,50.701329301310295],[-121.95765084216586,50.70137631376371],[-121.95790664263866,50.70859397189919],[-121.96913198401522,50.70888952540277],[-121.96949583449359,50.698356479106536],[-121.96394494406829,50.69836699096372],[-121.96380378258199,50.69247722275775],[-121.95528658995623,50.69208606326058],[-121.95658250896182,50.67185132474627],[-121.9793588441473,50.673212171635875],[-121.97934697470302,50.670889693063124],[-121.99174539618,50.670578888481515],[-121.99238577971134,50.668528231859746],[-121.98675876631964,50.66923351481105],[-121.99153954962827,50.66492986115069],[-121.99335642873977,50.66469337701593],[-121.99341506632318,50.66642806294727],[-121.99815532133739,50.666010916049736],[-121.997533019861,50.6589640327644],[-122.00062742864178,50.6589583377913],[-122.00042978642908,50.655662941943845],[-121.97938164178021,50.65461756558373],[-121.97905450894,50.65982095399076],[-121.97618278153679,50.659791550206876],[-121.9761636693523,50.66320981304133],[-121.96997998388935,50.66328834880507],[-121.97003185830208,50.66691129092617],[-121.9465017238961,50.66667039032037],[-121.9454958940029,50.6619679393792],[-121.9341549875772,50.66180022301875],[-121.93390402365688,50.65454608705835],[-121.92283193035408,50.65430851242874],[-121.9238047730141,50.64305875433664],[-121.89874050634431,50.64312998928926],[-121.89871823678344,50.645890684072015],[-121.89265969529053,50.646309918719545],[-121.8927261007671,50.6483226382066],[-121.90764722947496,50.657447067074465],[-121.91834714571355,50.66100896449811],[-121.92140567178748,50.6653929123412],[-121.91712616170949,50.665984163169576],[-121.91556341716291,50.66209846578019],[-121.90751671367573,50.65882136320266],[-121.89515534732054,50.65080875768705],[-121.87909853199037,50.64761513073343],[-121.86503415082377,50.64860100711766],[-121.86470737560698,50.662536389140776],[-121.87603195796362,50.6626397810906],[-121.87551834423961,50.67694337982465],[-121.87791900339674,50.676992126520325],[-121.87777391864478,50.68060056240488],[-121.88354047145818,50.680708672021744],[-121.88180520829744,50.69983498450147],[-121.89880388175011,50.70054599822306],[-121.89840408699054,50.70769227433937],[-121.90388346025189,50.70785766458203]]]},"bbox":[-122.61844850558204,50.2287178977128,-121.62533767050711,51.20939344687847]},{"id":"5931801","type":"Feature","properties":{},"geometry":{"type":"Polygon","coordinates":[[[-123.24427806752752,49.87175535760556],[-123.22425151805315,49.87112018082199],[-123.22410222552632,49.85872860745496],[-123.21328830055337,49.858470850069324],[-123.21386828624641,49.84615149707598],[-123.2026018072474,49.845942146990915],[-123.20303407927744,49.82448127046368],[-123.19793339620766,49.824516869001165],[-123.1979568797413,49.811488493537176],[-123.14675373288536,49.809679613201574],[-123.14675962678871,49.80617426750757],[-123.15076695261033,49.80270184390488],[-123.16863979769722,49.79428539700522],[-123.17848270389497,49.79290630315913],[-123.18787335320363,49.78899439912152],[-123.19227905613786,49.7935429610405],[-123.20111015572365,49.79553406953902],[-123.2127113329071,49.80172787872269],[-123.21416544473561,49.80710425293549],[-123.21852205303588,49.81159336865609],[-123.21730233197394,49.81855636951583],[-123.22621472404606,49.821715258867485],[-123.22737752361019,49.82355677151715],[-123.22131102354602,49.82542105856446],[-123.22259962946967,49.82783796560516],[-123.22726444308447,49.829088361876835],[-123.22111974608455,49.84154877244166],[-123.22442482142411,49.84374495858644],[-123.23876502463877,49.84664036784667],[-123.24812242469353,49.85669385834699],[-123.24040721910731,49.857888755350835],[-123.23585213848955,49.86248465046406],[-123.23660274365342,49.86510094770924],[-123.23893094798818,49.86588707051797],[-123.2480932362026,49.86440167014181],[-123.25251651699911,49.86683846038346],[-123.2521364351046,49.86867425810395],[-123.24427806752752,49.87175535760556]]]},"bbox":[-123.25251651699911,49.78899439912152,-123.14675373288536,49.87175535760556]},{"id":"5931802","type":"Feature","properties":{},"geometry":{"type":"Polygon","coordinates":[[[-123.13830870844632,49.74566187675789],[-123.1370076869946,49.73940608667864],[-123.14366234775989,49.73916349101354],[-123.1417164668209,49.74078093017032],[-123.14343161742943,49.74460980612782],[-123.1427205903312,49.74679813887847],[-123.13830870844632,49.74566187675789]]]},"bbox":[-123.14366234775989,49.73916349101354,-123.1370076869946,49.74679813887847]},{"id":"5931806","type":"Feature","properties":{},"geometry":{"type":"Polygon","coordinates":[[[-123.14122364005725,49.755796119344595],[-123.14083117377172,49.75228438425559],[-123.1417921536823,49.75222457326198],[-123.14241456283513,49.75581628416795],[-123.14122364005725,49.755796119344595]]]},"bbox":[-123.14241456283513,49.75222457326198,-123.14083117377172,49.75581628416795]},{"id":"5931807","type":"Feature","properties":{},"geometry":{"type":"Polygon","coordinates":[[[-123.14479859709613,49.69249001360977],[-123.14481249198147,49.69094741222116],[-123.14287924660813,49.69182700989594],[-123.14290061811367,49.69065658279471],[-123.15351453706015,49.687637369568954],[-123.1536602588775,49.692413040754836],[-123.14479859709613,49.69249001360977]]]},"bbox":[-123.1536602588775,49.687637369568954,-123.14287924660813,49.69249001360977]},{"id":"5931808","type":"Feature","properties":{},"geometry":{"type":"MultiPolygon","coordinates":[[[[-123.15760356202473,49.76851290717493],[-123.15687698204276,49.768064040393206],[-123.15768355902838,49.768458074591564],[-123.15760356202473,49.76851290717493]]],[[[-123.15810223306522,49.76698034387204],[-123.16495611777943,49.77109036144729],[-123.16651551034857,49.77429266768777],[-123.16364476375492,49.77419295160932],[-123.1635985392249,49.77238170542185],[-123.16095874387881,49.77226276233373],[-123.16087862371205,49.77055461998043],[-123.15803008945628,49.77044771119635],[-123.15810223306522,49.76698034387204]]]]},"bbox":[-123.16651551034857,49.76698034387204,-123.15687698204276,49.77429266768777]},{"id":"5931809","type":"Feature","properties":{},"geometry":{"type":"Polygon","coordinates":[[[-123.16212077693247,49.726512494509564],[-123.16012202506936,49.72609056108173],[-123.16046020576154,49.7251036985058],[-123.1638835154326,49.725859722610075],[-123.16212077693247,49.726512494509564]]]},"bbox":[-123.1638835154326,49.7251036985058,-123.16012202506936,49.726512494509564]},{"id":"5931812","type":"Feature","properties":{},"geometry":{"type":"MultiPolygon","coordinates":[[[[-122.67275869250649,50.31156349730754],[-122.6684094903779,50.31291790951908],[-122.66622880190211,50.31206048792608],[-122.66683614205658,50.309492059860894],[-122.68806811199073,50.30882836509742],[-122.69085961884387,50.31869237098987],[-122.68780490488149,50.31595289170801],[-122.67926540801908,50.31525221088713],[-122.67275869250649,50.31156349730754]]],[[[-122.65877757321837,50.31090492005593],[-122.6432502074637,50.308195203511694],[-122.61568150431512,50.313558209676295],[-122.61020823967715,50.308574060005526],[-122.60929822809264,50.301663016005975],[-122.63507892329734,50.30394518668425],[-122.6525074815578,50.29907980409517],[-122.65798903379695,50.300091557151525],[-122.66736431420978,50.298634556713324],[-122.68176092620917,50.301336460689214],[-122.68048141904664,50.302688011766335],[-122.6721333376709,50.303131071749114],[-122.66704480265338,50.3057469495725],[-122.66518517892702,50.30882981736866],[-122.65877757321837,50.31090492005593]]]]},"bbox":[-122.69085961884387,50.298634556713324,-122.60929822809264,50.31869237098987]},{"id":"5931813","type":"Feature","properties":{},"geometry":{"type":"Polygon","coordinates":[[[-122.05792852580466,50.813642706703746],[-122.04679232532416,50.81919054416784],[-122.03674984853782,50.81948862470149],[-122.0333675474648,50.82250766880335],[-122.0231041014803,50.826215197187544],[-122.02094851112885,50.805801603527016],[-122.01392906817884,50.801245572001086],[-122.00478815498407,50.80219838662297],[-121.9697772694709,50.787773408135905],[-121.96057077994128,50.76960625275845],[-121.95129967418725,50.759351392002195],[-121.94681151429837,50.75694164464368],[-121.9368136432342,50.75619012849157],[-121.92936985176223,50.765644651406404],[-121.92610329171013,50.76742505545585],[-121.92845659718215,50.77001224149783],[-121.9234127119908,50.771138508663626],[-121.90309436222527,50.76724893638155],[-121.90339927759564,50.76365595941969],[-121.91885282799585,50.76583935886863],[-121.92804131149255,50.7620751616699],[-121.93262793046016,50.754921366202375],[-121.93098064600241,50.75257705893703],[-121.93363001133125,50.742997070555525],[-121.976877578913,50.743119752474925],[-121.97641899696869,50.76163163703751],[-121.9909414835518,50.761566448200085],[-121.99049856032161,50.77893067002629],[-122.02435424043152,50.77919693546999],[-122.02428090351887,50.7936170996461],[-122.04361099321041,50.7937011213586],[-122.04300186332925,50.80817472349204],[-122.06543648139399,50.80847417216255],[-122.06566513634564,50.80492277565565],[-122.10257401875192,50.80513596518867],[-122.10274340880237,50.80867939499738],[-122.13706244146961,50.809284176091175],[-122.13740581194068,50.83235569284121],[-122.14906263273353,50.83266481652803],[-122.14696744616577,50.851953727005615],[-122.14297018686987,50.85359910571004],[-122.14005185247869,50.85268580269841],[-122.1343463526098,50.84879794130305],[-122.13181283918088,50.84463468125435],[-122.1221090086389,50.84280555988366],[-122.10996106352447,50.83533077966763],[-122.10744450464111,50.82845344128058],[-122.1022789758937,50.82518701977488],[-122.08080125566151,50.81979553507005],[-122.0692762803203,50.81294441541089],[-122.05792852580466,50.813642706703746]]]},"bbox":[-122.14906263273353,50.742997070555525,-121.90309436222527,50.85359910571004]},{"id":"5931814","type":"Feature","properties":{},"geometry":{"type":"Polygon","coordinates":[[[-121.92674571767273,50.681743901079024],[-121.92085620231494,50.677607692183166],[-121.9270025279861,50.67578756499163],[-121.92421860974387,50.67134079663104],[-121.9274921423842,50.665737931985674],[-121.94585194485998,50.6676496699923],[-121.94564258755274,50.67228901417421],[-121.94151916157846,50.67403226392646],[-121.94055388880099,50.676336390068315],[-121.939324338283,50.675151661732365],[-121.92674571767273,50.681743901079024]]]},"bbox":[-121.94585194485998,50.665737931985674,-121.92085620231494,50.681743901079024]},{"id":"5931815","type":"Feature","properties":{},"geometry":{"type":"Polygon","coordinates":[[[-121.79536463825266,50.628918356428464],[-121.79537937042761,50.61780451787921],[-121.79745417072071,50.61629429098638],[-121.80380131523897,50.61639451498383],[-121.80364542773295,50.64857173809791],[-121.81027861667803,50.64868974658992],[-121.8104186215715,50.65530077703517],[-121.79972172930307,50.655376605780354],[-121.79945061574327,50.64856908173476],[-121.79534738767741,50.64869988224328],[-121.79536463825266,50.628918356428464]]]},"bbox":[-121.8104186215715,50.61629429098638,-121.79534738767741,50.655376605780354]},{"id":"5931816","type":"Feature","properties":{},"geometry":{"type":"Polygon","coordinates":[[[-121.85655845066468,50.73653139234282],[-121.8561853687782,50.7277209579535],[-121.86503634835309,50.727588343232945],[-121.86490028908229,50.731785376683916],[-121.8698582056724,50.73180079707568],[-121.86891715300223,50.73924608418166],[-121.87117228515548,50.74214758655062],[-121.8564123635108,50.74236372607945],[-121.85655845066468,50.73653139234282]]]},"bbox":[-121.87117228515548,50.727588343232945,-121.8561853687782,50.74236372607945]},{"id":"5931817","type":"Feature","properties":{},"geometry":{"type":"Polygon","coordinates":[[[-121.82923157935426,50.76922970061285],[-121.82969440931532,50.76570983708461],[-121.83950228697871,50.765778906607466],[-121.84314184241279,50.777424255690704],[-121.84709744417347,50.78165535405675],[-121.85153614178004,50.783151592854544],[-121.85601582202939,50.78943620286428],[-121.83453072806586,50.78907063319964],[-121.83542706036755,50.78208426374724],[-121.82752598099152,50.7821964646211],[-121.82923157935426,50.76922970061285]]]},"bbox":[-121.85601582202939,50.76570983708461,-121.82752598099152,50.78943620286428]},{"id":"5931818","type":"Feature","properties":{},"geometry":{"type":"Polygon","coordinates":[[[-121.91771502845602,50.764731273229046],[-121.91577891907819,50.76467255106927],[-121.91591820734689,50.7586019191189],[-121.91315592287296,50.75878208906904],[-121.91343753904445,50.75495658508628],[-121.92267024768012,50.75512892713923],[-121.93036903436781,50.75259370009666],[-121.9315741399485,50.755209063439764],[-121.92581872500237,50.761982575444144],[-121.91771502845602,50.764731273229046]]]},"bbox":[-121.9315741399485,50.75259370009666,-121.91315592287296,50.764731273229046]},{"id":"5931819","type":"Feature","properties":{},"geometry":{"type":"Polygon","coordinates":[[[-121.9059659428367,50.72031685110568],[-121.90599268570018,50.71841561904685],[-121.91209683168782,50.71893669715269],[-121.91436334772773,50.72274156714445],[-121.90625456080893,50.72265629308676],[-121.9059659428367,50.72031685110568]]]},"bbox":[-121.91436334772773,50.71841561904685,-121.9059659428367,50.72274156714445]},{"id":"5931820","type":"Feature","properties":{},"geometry":{"type":"Polygon","coordinates":[[[-121.8037033751215,50.68798260533702],[-121.80337929184171,50.68430889318554],[-121.81202699929794,50.68424239449271],[-121.81206946323172,50.68879674066412],[-121.8037033751215,50.68798260533702]]]},"bbox":[-121.81206946323172,50.68424239449271,-121.80337929184171,50.68879674066412]},{"id":"5931821","type":"Feature","properties":{},"geometry":{"type":"Polygon","coordinates":[[[-121.9440703535978,50.69426076828931],[-121.9436549913925,50.68720186132935],[-121.94654516705312,50.687243754107826],[-121.94646755677253,50.68365319843043],[-121.94139679872478,50.68228701034941],[-121.94039857896772,50.67544169771206],[-121.94908749249493,50.67077469123643],[-121.95454436173289,50.67057967103848],[-121.95658250896182,50.67185132474627],[-121.95528658995623,50.69208606326058],[-121.96380378258199,50.69247722275775],[-121.96394494406829,50.69836699096372],[-121.96949583449359,50.698356479106536],[-121.96913198401522,50.70888952540277],[-121.95790664263866,50.70859397189919],[-121.95765084216586,50.70137631376371],[-121.95231918232423,50.701329301310295],[-121.95268740626516,50.69426785351589],[-121.9440703535978,50.69426076828931]]]},"bbox":[-121.96949583449359,50.67057967103848,-121.94039857896772,50.70888952540277]},{"id":"5931822","type":"Feature","properties":{},"geometry":{"type":"Polygon","coordinates":[[[-121.83350524614063,50.70420403698992],[-121.84026118436675,50.70460965412967],[-121.8398442876558,50.70867346379686],[-121.8329890096816,50.70829406995506],[-121.83350524614063,50.70420403698992]]]},"bbox":[-121.84026118436675,50.70420403698992,-121.8329890096816,50.70867346379686]},{"id":"5931823","type":"Feature","properties":{},"geometry":{"type":"Polygon","coordinates":[[[-121.91698250516569,50.66595684678892],[-121.9027952936836,50.662540700989474],[-121.89056623951248,50.662474630298796],[-121.88482629022363,50.64949516614795],[-121.89536602942415,50.65090986930693],[-121.90751671367573,50.65882136320266],[-121.91556341716291,50.66209846578019],[-121.91698250516569,50.66595684678892]]]},"bbox":[-121.91698250516569,50.64949516614795,-121.88482629022363,50.66595684678892]},{"id":"5931824","type":"Feature","properties":{},"geometry":{"type":"Polygon","coordinates":[[[-121.98867544194115,50.668493160283035],[-121.98718153336512,50.668839257068484],[-121.9887850298566,50.66664969498012],[-121.98952891467192,50.66690887169467],[-121.98867544194115,50.668493160283035]]]},"bbox":[-121.98952891467192,50.66664969498012,-121.98718153336512,50.668839257068484]},{"id":"5931825","type":"Feature","properties":{},"geometry":{"type":"Polygon","coordinates":[[[-121.86652155060858,50.74725644339908],[-121.86211688495479,50.74746672010024],[-121.86093785785846,50.74254067720839],[-121.87117228515548,50.74214758655062],[-121.86827721751794,50.7426964668903],[-121.86843994443359,50.74669662560317],[-121.86652155060858,50.74725644339908]]]},"bbox":[-121.87117228515548,50.74214758655062,-121.86093785785846,50.74746672010024]},{"id":"5931826","type":"Feature","properties":{},"geometry":{"type":"Polygon","coordinates":[[[-122.29404420341923,50.70567418050615],[-122.29384023699234,50.70094759183257],[-122.30316645806043,50.70023027368523],[-122.30283473337266,50.70589205985334],[-122.29404420341923,50.70567418050615]]]},"bbox":[-122.30316645806043,50.70023027368523,-122.29384023699234,50.70589205985334]},{"id":"5931827","type":"Feature","properties":{},"geometry":{"type":"Polygon","coordinates":[[[-121.76664240742996,50.554118534674025],[-121.76707654845195,50.53981856203017],[-121.76921754520608,50.53986335659131],[-121.76933945162241,50.536605176638716],[-121.77593840565423,50.53651373947684],[-121.7773048046933,50.535251185798245],[-121.77656619395414,50.530985172794495],[-121.80453543715001,50.53106524220837],[-121.8025046347057,50.55505053393141],[-121.76664240742996,50.554118534674025]]]},"bbox":[-121.80453543715001,50.530985172794495,-121.76664240742996,50.55505053393141]},{"id":"5931828","type":"Feature","properties":{},"geometry":{"type":"Polygon","coordinates":[[[-121.91873924413886,50.66297295397202],[-121.91752302973977,50.6604976636219],[-121.90858344193443,50.65795825330397],[-121.8927261007671,50.6483226382066],[-121.89265969529053,50.646309918719545],[-121.89871823678344,50.645890684072015],[-121.89874050634431,50.64312998928926],[-121.9238047730141,50.64305875433664],[-121.9236102135964,50.66388091290398],[-121.92140567178748,50.6653929123412],[-121.91873924413886,50.66297295397202]]]},"bbox":[-121.9238047730141,50.64305875433664,-121.89265969529053,50.6653929123412]},{"id":"5931829","type":"Feature","properties":{},"geometry":{"type":"Polygon","coordinates":[[[-121.81648625159043,50.89596119067483],[-121.8147755559129,50.88134218021163],[-121.8213227473952,50.88143684325111],[-121.8212641585006,50.88406250297979],[-121.82601952425141,50.883345177759594],[-121.83224761373971,50.87931606301859],[-121.83357682285413,50.8767026637898],[-121.83274543830666,50.8712621627057],[-121.85698193781138,50.86473927624098],[-121.87222783626245,50.86719887455035],[-121.86660161345263,50.87346109550076],[-121.86045199657993,50.88831270246463],[-121.86157249634694,50.8924415093545],[-121.86612772025259,50.8974044720564],[-121.81646865212056,50.89802507228632],[-121.81648625159043,50.89596119067483]]]},"bbox":[-121.87222783626245,50.86473927624098,-121.8147755559129,50.89802507228632]},{"id":"5931831","type":"Feature","properties":{},"geometry":{"type":"MultiPolygon","coordinates":[[[[-122.28029999107329,50.72871932097791],[-122.25300190657168,50.72804344844223],[-122.25251625619954,50.72325747213923],[-122.24704293543883,50.72048931806992],[-122.27075261119091,50.71548356204166],[-122.27513422516559,50.7124898687205],[-122.26937310258644,50.708345652985884],[-122.2800265782939,50.70637878302346],[-122.28029999107329,50.72871932097791]]],[[[-122.2212519218683,50.73507940665472],[-122.17346186471089,50.73363682364839],[-122.17358065561228,50.71957915330777],[-122.17853632557821,50.720436961275205],[-122.18547561278847,50.72470386646693],[-122.19764861163198,50.72539036088836],[-122.20237280629232,50.7282558979986],[-122.21628031664083,50.72763155883957],[-122.22310557386267,50.73051151308981],[-122.22673262615191,50.72900498122883],[-122.2358671296046,50.72930837704151],[-122.23597400680337,50.735198983936556],[-122.2212519218683,50.73507940665472]]]]},"bbox":[-122.28029999107329,50.70637878302346,-122.17346186471089,50.735198983936556]},{"id":"5931832","type":"Feature","properties":{},"geometry":{"type":"Polygon","coordinates":[[[-121.84646545762247,50.586845570408485],[-121.84648761016538,50.579567848529855],[-121.85798829103565,50.57959762559404],[-121.85716480431122,50.59182081692897],[-121.8512784318821,50.59170765840579],[-121.85135572142768,50.5865663292195],[-121.84646545762247,50.586845570408485]]]},"bbox":[-121.85798829103565,50.579567848529855,-121.84646545762247,50.59182081692897]},{"id":"5931833","type":"Feature","properties":{},"geometry":{"type":"Polygon","coordinates":[[[-122.27957216852288,50.706360622553895],[-122.2752744179347,50.706312565070455],[-122.27543757977983,50.702888427261364],[-122.28505009504143,50.702836945973836],[-122.28491447541086,50.70657436471765],[-122.27957216852288,50.706360622553895]]]},"bbox":[-122.28505009504143,50.702836945973836,-122.2752744179347,50.70657436471765]},{"id":"5931834","type":"Feature","properties":{},"geometry":{"type":"Polygon","coordinates":[[[-121.83112291958,50.76570564437848],[-121.8308518080111,50.75833276558743],[-121.83280411992754,50.75840164752936],[-121.83576902153825,50.76240812798393],[-121.83589596363123,50.7656915222535],[-121.83112291958,50.76570564437848]]]},"bbox":[-121.83589596363123,50.75833276558743,-121.8308518080111,50.76570564437848]},{"id":"5931842","type":"Feature","properties":{},"geometry":{"type":"Polygon","coordinates":[[[-121.8875778839069,50.744987255036804],[-121.86838240568022,50.74352180239266],[-121.86827721751794,50.7426964668903],[-121.87117228515548,50.74214758655062],[-121.86918977300503,50.73967077867159],[-121.87748143444033,50.73667624142807],[-121.88798516261063,50.74048525369779],[-121.8875778839069,50.744987255036804]]]},"bbox":[-121.88798516261063,50.73667624142807,-121.86827721751794,50.744987255036804]},{"id":"5931843","type":"Feature","properties":{},"geometry":{"type":"MultiPolygon","coordinates":[[[[-122.71777643971512,50.324630483693916],[-122.7176651818253,50.31721835447542],[-122.72569165390058,50.31707704281336],[-122.72500813016846,50.32469173708281],[-122.71777643971512,50.324630483693916]]],[[[-122.75153175016763,50.31048257216058],[-122.74613773916123,50.310696151425745],[-122.74396828529109,50.30403512804895],[-122.75771214968465,50.30545744266704],[-122.75812046819739,50.31076473063149],[-122.75153175016763,50.31048257216058]]],[[[-122.65924892557373,50.341212301781674],[-122.63811027994427,50.34120608848026],[-122.64016709659113,50.32310704354609],[-122.63106206792207,50.32322103859946],[-122.63079850981394,50.31052320821695],[-122.64467460449173,50.30816819586829],[-122.65979440717375,50.310885484272575],[-122.66518517892702,50.30882981736866],[-122.66704480265338,50.3057469495725],[-122.6721333376709,50.303131071749114],[-122.68048141904664,50.302688011766335],[-122.68207483421429,50.30132916776697],[-122.70300204295812,50.305099066145914],[-122.71798213182767,50.30331877483399],[-122.73281144506807,50.30944862522179],[-122.72335577026409,50.30982002981089],[-122.71649031682237,50.31327115971784],[-122.71406721307225,50.3122044566154],[-122.70603034980242,50.313999923353364],[-122.70438134724644,50.31870682125015],[-122.70099898541001,50.321350223859866],[-122.70578282857201,50.32329895934754],[-122.71177325505114,50.32017985816676],[-122.70854920534698,50.35309095076277],[-122.68699800407003,50.35244823126581],[-122.68459389344454,50.3440728192429],[-122.65928215199162,50.34418433444411],[-122.65924892557373,50.341212301781674]],[[-122.6909909186708,50.317785467986006],[-122.68806811199073,50.30882836509742],[-122.66683614205658,50.309492059860894],[-122.66677798490625,50.31275840497982],[-122.67371320210277,50.31168878882373],[-122.67926540801908,50.31525221088713],[-122.68780490488149,50.31595289170801],[-122.6909909186708,50.317785467986006]]]]},"bbox":[-122.75812046819739,50.30132916776697,-122.63079850981394,50.35309095076277]},{"id":"5931844","type":"Feature","properties":{},"geometry":{"type":"MultiPolygon","coordinates":[[[[-122.49096725516326,50.527429359445975],[-122.4911023989173,50.526370390567116],[-122.49765247223516,50.52663624667176],[-122.49682366536456,50.52832118358821],[-122.49096725516326,50.527429359445975]]],[[[-122.48264768926438,50.531230252290236],[-122.48252563601486,50.52725106213899],[-122.48558523837421,50.52729804826256],[-122.48553688565694,50.53107630706924],[-122.48264768926438,50.531230252290236]]],[[[-122.49097589926492,50.55330996870716],[-122.4778679432116,50.54979665019836],[-122.47474666660523,50.55315928521999],[-122.46973812192155,50.54865735821537],[-122.46556929510326,50.55023822334873],[-122.46601021110506,50.542250227922906],[-122.49128673736266,50.54191116157429],[-122.49097589926492,50.55330996870716]]]]},"bbox":[-122.49765247223516,50.526370390567116,-122.46556929510326,50.55330996870716]}],"bbox":[-124.0033138511166,49.4821966944168,-121.62533767050711,51.220323105610184]}