{"type":"FeatureCollection","features":[{"id":"5933006","type":"Feature","properties":{},"geometry":{"type":"Polygon","coordinates":[[[-120.75489554282773,50.13474456924106],[-120.7335448777895,50.13465972082365],[-120.7339148337776,50.120595020875385],[-120.73957798030034,50.12067630999149],[-120.73977756574735,50.107738127886584],[-120.7398968289032,50.09527026575709],[-120.73434771660399,50.09525562273527],[-120.73423109962411,50.08385204432486],[-120.75058263508956,50.08395614533005],[-120.7523672668184,50.08571249602665],[-120.75272543505409,50.09174678539569],[-120.74899261194402,50.0916983534128],[-120.74986572652911,50.098869628425476],[-120.76322035056278,50.09862165533314],[-120.76332469395857,50.09988797548791],[-120.76709829900012,50.10006814067911],[-120.7690018851919,50.096083028613684],[-120.76650987859325,50.0953742180696],[-120.76777921687015,50.093678459159676],[-120.77058359724457,50.094519343065976],[-120.77314379832116,50.0930470432675],[-120.77313940019806,50.090535124839725],[-120.77597491161539,50.091249480774636],[-120.77403900625089,50.09415791223453],[-120.77601448347733,50.09544966385353],[-120.77679787492525,50.091942451592416],[-120.78813575076286,50.09187203988857],[-120.7882814263363,50.09349907810703],[-120.7939629543432,50.09247007725615],[-120.8069975066656,50.08098207812173],[-120.80782947921975,50.10572759350485],[-120.8184911727968,50.105000007107385],[-120.81846576048424,50.108258477167816],[-120.82339588761812,50.1090204943742],[-120.82333729972754,50.11832010643835],[-120.8167440130662,50.11896188784611],[-120.80707984280119,50.11520690776616],[-120.8077172321167,50.126356733862856],[-120.81346827613028,50.12660003119811],[-120.81376511102718,50.134522621454636],[-120.75489554282773,50.13474456924106]]]},"bbox":[-120.82339588761812,50.08098207812173,-120.7335448777895,50.13474456924106]},{"id":"5933008","type":"Feature","properties":{},"geometry":{"type":"MultiPolygon","coordinates":[[[[-120.8489639974928,50.1486922077696],[-120.85199912490557,50.142083725339155],[-120.86130331185781,50.14198897474671],[-120.86168007897062,50.15544849016229],[-120.8485709850558,50.15656519217234],[-120.8489639974928,50.1486922077696]]],[[[-120.78910772850531,50.4497976448088],[-120.77313487463681,50.44959643248368],[-120.77304228971842,50.44554889224924],[-120.72879722682663,50.4455620789866],[-120.72849640201603,50.430991176461085],[-120.63427381536428,50.43033022145918],[-120.63162066649126,50.41574809621521],[-120.56710654127093,50.415902850191664],[-120.56626609464708,50.40148418912244],[-120.43179872784935,50.40015685652379],[-120.43152892406385,50.38574296024107],[-120.33508477343375,50.385952031916425],[-120.3347850272967,50.39201240873329],[-120.32800068146992,50.39207457867055],[-120.31771737148793,50.39194559154591],[-120.31755258418549,50.385735277285754],[-120.22575087211274,50.38583837583611],[-120.22495519447057,50.37140411180893],[-120.09062125691813,50.371106587980755],[-120.09182937600926,50.35783524906915],[-119.94683382369223,50.35886194355018],[-119.7893510455953,50.35786716803138],[-119.78872819073699,50.37210678793631],[-119.76260402881941,50.37295257028626],[-119.7626399192051,50.3655897960557],[-119.75139621220552,50.36555792544028],[-119.75080681655982,50.372728797754746],[-119.72042142571841,50.372659651580335],[-119.72034682790114,50.380179382340955],[-119.71585365050544,50.38028045448822],[-119.71578034232826,50.38736060736624],[-119.6744195060276,50.387364237412946],[-119.67416287351904,50.40201812835908],[-119.64448665144647,50.402107582643204],[-119.65220209887784,50.39559141213428],[-119.6527935942428,50.392852314354535],[-119.64379768511651,50.38828947236937],[-119.63348270912162,50.37627562274003],[-119.6357932931807,50.373406625405565],[-119.64798498202848,50.370281008083246],[-119.64867631505136,50.36830179746513],[-119.64642866680185,50.363450117638614],[-119.66017386980981,50.35994222851557],[-119.66422074049352,50.353405501262515],[-119.6845133621084,50.34863155728892],[-119.6661441628311,50.33318892281986],[-119.68442243587745,50.32972607893607],[-119.72053317166917,50.317180009765174],[-119.70799517125414,50.314258073926],[-119.69642809947031,50.3069193057335],[-119.68809741080315,50.30790624097314],[-119.68267089708695,50.30617261397253],[-119.68184559052494,50.30405495369597],[-119.69038829239712,50.29079856048171],[-119.69699524146019,50.2872153460853],[-119.69806757570396,50.28505494420745],[-119.68403557888197,50.26923915265988],[-119.68231402061541,50.26239702732513],[-119.68774363148282,50.259145531820785],[-119.69853781129011,50.25779292483498],[-119.71342293733316,50.26039323204913],[-119.7249382905209,50.25995931340919],[-119.73849554223085,50.26185351149099],[-119.75099574545794,50.26021297944949],[-119.75258496444333,50.25808547261202],[-119.75315625663248,50.24971028797133],[-119.75750608581029,50.24227761777553],[-119.76280483616976,50.23815274877575],[-119.76171522930964,50.23094983457997],[-119.76603820963561,50.22618818293018],[-119.76816593761589,50.216538593105355],[-119.76577987582085,50.20333798697307],[-119.78048167855376,50.20577591067294],[-119.80524091152401,50.20366581725787],[-119.80804646252213,50.195556870665904],[-119.81480854718608,50.19285495892717],[-119.81966432635276,50.18825249328076],[-119.83283679268666,50.18377682604055],[-119.83188429097773,50.181423382234556],[-119.82788699819221,50.17982431636542],[-119.81756426784354,50.18046368636565],[-119.81714507692017,50.17778432787648],[-119.81312346953868,50.17685236256861],[-119.80352783118035,50.16064776054313],[-119.80224488108408,50.152298599168816],[-119.79859895968103,50.149769905716546],[-119.77965493880737,50.147733069426415],[-119.78027257710222,50.14046184801487],[-119.77705053137137,50.13319619907205],[-119.78064860273103,50.13178392515195],[-119.78173100655553,50.12832773694792],[-119.77720625868886,50.119972879696356],[-119.76506197084917,50.12331677681433],[-119.7543540549341,50.12160684715776],[-119.7486319288683,50.12498633074721],[-119.7411307525132,50.11604688869165],[-119.74302874436431,50.103454003944336],[-119.74178485451432,50.10102919603028],[-119.74633736757959,50.096695216406694],[-119.74172095176935,50.09314667609966],[-119.7471705213697,50.08969562689649],[-119.75501057467287,50.08882075161436],[-119.76462945657335,50.085102182095895],[-119.76704560631526,50.079597858749196],[-119.76151982824543,50.07303040927825],[-119.76214564296201,50.06970959796996],[-119.76637991160355,50.06642805978466],[-119.76687537346535,50.06362419620203],[-119.7576419039033,50.0588315776944],[-119.76022514793486,50.05571101641017],[-119.76194016650267,50.04760820612832],[-119.76910767286658,50.04315125630468],[-119.79659962254597,50.03863022689295],[-119.81010751366414,50.030927234383405],[-119.81140751061355,50.02921642486198],[-119.81042668873391,50.02753635825443],[-119.8038717897519,50.024908608402505],[-119.80053805889382,50.017241168172276],[-119.81855087890219,50.00060286036265],[-119.82768690974592,49.99742921413942],[-119.8306116498416,49.99064894215739],[-119.83682058257826,49.99043932679558],[-119.828267977867,49.98303214464202],[-119.83228513057139,49.98051641393467],[-119.84065562529653,49.98048394230061],[-119.84566351194923,49.97619369824642],[-119.85535623086915,49.9740621558027],[-119.86204526285665,49.969196339782904],[-119.8765354047702,49.96590141508915],[-119.88278617889068,49.96744497292389],[-119.89549995203878,49.96578893066953],[-119.89308444730703,49.963881768520785],[-119.89449722601985,49.95884566800968],[-119.9155541870717,49.95066118000767],[-119.92738699402692,49.936866259347774],[-119.9357664849633,49.936464929458985],[-119.94385754428988,49.92903097626053],[-119.94714759392134,49.92306557494129],[-119.94346994755955,49.91840295032744],[-119.95803718819532,49.9208704779241],[-119.97748612583004,49.931406314587534],[-119.99717610246572,49.92811050735463],[-120.00348761977428,49.92128625303088],[-120.01287802011066,49.92026915774501],[-120.02208780754532,49.91389461399057],[-120.02952679167858,49.91189011770103],[-120.02684084807011,49.9039018632084],[-120.0276400431482,49.894684751511036],[-120.0361797394015,49.89066305491647],[-120.03630863922847,49.88784877853728],[-120.034055860443,49.88494347315588],[-120.04101171321818,49.87746320804327],[-120.05322893108466,49.87299536070681],[-120.05582034743054,49.870419186275036],[-120.0568079706535,49.86831718643698],[-120.05223677003919,49.864787988521385],[-120.05479757802236,49.85570622397326],[-120.0641731972205,49.847679461754005],[-120.06832137672005,49.83975284334255],[-120.07325645940088,49.83590863329128],[-120.07952275568483,49.83456136177587],[-120.0826774029179,49.83884060465029],[-120.09457575301926,49.84452651846212],[-120.1183817311687,49.84409267562673],[-120.12325292272361,49.84945892367866],[-120.1301715929206,49.84582654422525],[-120.13612821732342,49.85057395435148],[-120.14934612065471,49.85576041065766],[-120.16113472598047,49.86525663916084],[-120.1689113441041,49.863440011024224],[-120.17623731438705,49.85667669395352],[-120.18106741630626,49.85619135004358],[-120.1981859189284,49.86044481001438],[-120.21024706022547,49.85930447476307],[-120.21338723856161,49.86052756390721],[-120.21484372310498,49.87591229514197],[-120.2128204723368,49.88178631558301],[-120.21412977554891,49.88623624745818],[-120.22871051853562,49.89592228860622],[-120.24718432368236,49.89658497793889],[-120.25828962862582,49.89449042936096],[-120.26275938763837,49.88903009295231],[-120.26842684033535,49.88794410140649],[-120.30783674699751,49.899963012667676],[-120.32040785903754,49.905240862428066],[-120.33005879904063,49.91201160895471],[-120.33363712615078,49.91172358669685],[-120.34761180561709,49.905823379011714],[-120.36334415920741,49.90318490398512],[-120.36376020915387,49.8915367148942],[-120.373851707266,49.886878716174934],[-120.3740305018932,49.88353817782195],[-120.3901453714628,49.87389074446624],[-120.38679111896063,49.866028688155545],[-120.38664185947292,49.85855522969914],[-120.39046149431167,49.853507185622064],[-120.38863736965912,49.84911137807814],[-120.39678589439737,49.83786976432142],[-120.40749194589283,49.837235488409],[-120.41652473043203,49.83020652676424],[-120.41920225850417,49.82669432049926],[-120.41963549413644,49.82264210269498],[-120.42387341428426,49.81776536396512],[-120.44534350779908,49.81060947611106],[-120.48571062206668,49.77223134512817],[-120.57172851653564,49.77286844577646],[-120.57041678133663,49.81549916419689],[-120.56181929988608,49.911060345535006],[-120.5598146892539,49.91642695655641],[-120.55437216611591,49.91621585752734],[-120.55553391186014,49.94613494228836],[-120.56123877365008,49.94595234380274],[-120.55999024977612,49.962595130987864],[-120.56631313833643,49.963835260491415],[-120.56691914752246,49.974855374131444],[-120.57821715504133,49.97489191884245],[-120.57718941218079,50.01719549798101],[-120.5773197103184,50.02184454053335],[-120.57931922330971,50.0219830183206],[-120.57952453342236,50.05729195084172],[-120.57847716388221,50.13200949692126],[-120.65068721401413,50.13146186592414],[-120.65035837935373,50.156871359166345],[-120.67030583077985,50.15712785561808],[-120.67725974172785,50.159517788403605],[-120.67899621110229,50.156740556940086],[-120.6912689989579,50.152137502396876],[-120.69105381527766,50.14885897202328],[-120.6941411479009,50.14929766695605],[-120.69379720857296,50.14741056093229],[-120.69778204304276,50.14778656445165],[-120.69884742860543,50.14541526948248],[-120.70072463062709,50.14600056003476],[-120.70108495119695,50.14490256892763],[-120.69904673032265,50.14419617200666],[-120.70042733453963,50.14225356218264],[-120.69837542916814,50.141574155004534],[-120.70292894768988,50.14058436750253],[-120.70334622129971,50.14207697427084],[-120.70726981174377,50.14171376301666],[-120.70558762045626,50.14060146659873],[-120.70802623043186,50.13995626438202],[-120.7069173275356,50.13885534943957],[-120.70957045057615,50.13720756502345],[-120.70752132848898,50.134675274508886],[-120.71356772057281,50.13557825829752],[-120.71276533756375,50.134500163323025],[-120.71496033274892,50.13102647230957],[-120.71768460629214,50.130226059883334],[-120.72211274622975,50.132130264441976],[-120.72113792783209,50.13000535700491],[-120.72545361552632,50.129568069411334],[-120.72333781872334,50.12815956076354],[-120.73378726280333,50.12760531836019],[-120.7335448777895,50.13465972082365],[-120.81376511102718,50.134522621454636],[-120.81346827613028,50.12660003119811],[-120.8077172321167,50.126356733862856],[-120.80707984280119,50.11520690776616],[-120.8167440130662,50.11896188784611],[-120.8309837934068,50.11810030724702],[-120.83202219274024,50.12177051232479],[-120.83569971399893,50.123171848748264],[-120.82926157430563,50.12626885263717],[-120.82345479632902,50.1249371801837],[-120.8266804107899,50.127629155046435],[-120.82388150385177,50.129126395640945],[-120.82368286430471,50.14078932636608],[-120.82024306063695,50.140852808981414],[-120.82001271730212,50.14818365858847],[-120.81452985841587,50.1484443910545],[-120.81660989617527,50.2492851052904],[-120.82524630521958,50.24912638867256],[-120.82515808217917,50.24383762786078],[-120.85093083845251,50.243428279703714],[-120.8506657606135,50.23955763550299],[-120.86197551387768,50.23918801266114],[-120.86163436348573,50.23606089461104],[-120.86574022134728,50.235942933630355],[-120.8658196530479,50.210084398324845],[-120.86841846909873,50.21013732234534],[-120.86851241779546,50.19229594897946],[-120.87148386147003,50.19223499026679],[-120.86965539356646,50.17783720702522],[-120.87069705603756,50.17703389072261],[-120.86967597453247,50.160011194687705],[-120.87294884617361,50.159937411274164],[-120.87269535598372,50.15641124943694],[-120.86962169060999,50.15636591028397],[-120.87575819482893,50.15188536166543],[-120.8760194048724,50.149044105747755],[-120.86561617833928,50.148836858127055],[-120.86430275565316,50.13737119190028],[-120.86950208829698,50.1360268032411],[-120.87035810827656,50.13711058700356],[-120.86780841677627,50.138567608617386],[-120.86901808800923,50.14002879008765],[-120.87226420374812,50.138910786163834],[-120.87364509157784,50.14143880053337],[-120.8789914817594,50.1396912975863],[-120.88688729439954,50.14439689363412],[-120.89579540640597,50.143777390750174],[-120.90653331862437,50.14048460671395],[-120.90882518508619,50.14167100394518],[-120.90837218785532,50.14538389803913],[-120.91199660326359,50.14683508697663],[-120.91391531946677,50.14357649749702],[-120.91599778896924,50.144093512661804],[-120.9168939120058,50.14656310319447],[-120.92027680074798,50.146406087063525],[-120.92284288589923,50.1427020980411],[-120.92627740987895,50.14174790255553],[-120.92644479260946,50.13929109542589],[-120.93216637911459,50.137623295966826],[-120.94633509278461,50.13954600121069],[-120.9496787023392,50.137648997601204],[-120.95378072381973,50.141025803401774],[-120.95773930875535,50.1414259998841],[-120.96111448262754,50.13958729869605],[-120.9659114893255,50.141803401587936],[-120.96920462168212,50.141124102058185],[-120.96876181271558,50.139450604932364],[-120.97198701984944,50.136486802097096],[-120.98090768712669,50.13891911031767],[-120.98806380165092,50.13591860104813],[-120.99617481349244,50.13856619039988],[-121.00032130963903,50.13640138902086],[-121.0056845471862,50.13866495516029],[-121.00441955145311,50.178584962881295],[-120.99975673684203,50.178479987931894],[-120.99955238460876,50.22774275595568],[-120.97007485425623,50.22785934328005],[-120.95214974654932,50.241532437988376],[-120.94492204766578,50.25264119541419],[-120.9482604921948,50.256233937995354],[-120.94712354654212,50.264682701255474],[-120.95424562271182,50.26601213762],[-120.96304888554154,50.26317517078009],[-120.96607580526614,50.27294964454112],[-120.95414614562077,50.28724811696742],[-120.94242170752639,50.292730271041805],[-120.9397980761596,50.3103645351855],[-120.91441050283241,50.31365155656159],[-120.9105794063048,50.320997058598074],[-120.91111154296425,50.3262408555828],[-120.904088542494,50.337375563834726],[-120.90316570992054,50.341784391224614],[-120.89631242451665,50.344705857360324],[-120.89224201855139,50.3536142776876],[-120.8901048053461,50.36289575029925],[-120.89382385303142,50.37943272179509],[-120.89638003497383,50.3841763146009],[-120.93492854637691,50.41659569408642],[-120.89047061058514,50.41621865611348],[-120.88821417320321,50.45961179413855],[-120.7971773195876,50.45941199376573],[-120.79748546488084,50.449902123145804],[-120.78910772850531,50.4497976448088]],[[-120.67495272206745,50.19225379531557],[-120.6740109032983,50.17158479364882],[-120.66202537658093,50.17461120591075],[-120.6616048393817,50.1937903389053],[-120.67495123492733,50.19364704292226],[-120.67495272206745,50.19225379531557]],[[-120.46335332872559,50.237271061546565],[-120.47034451389958,50.23424745562441],[-120.47503093075971,50.22757646239394],[-120.47341423418335,50.222080447300485],[-120.4750092474877,50.21921916013045],[-120.47991701172339,50.21493665955411],[-120.48174393751805,50.2151189558644],[-120.48188204767177,50.21756996501656],[-120.48297301862422,50.215748473209906],[-120.48254530838312,50.20577325975678],[-120.47363583862175,50.19267057073468],[-120.48007203927457,50.18647504007225],[-120.4246854327967,50.1853240494685],[-120.42438313338536,50.192727340127256],[-120.45273113953729,50.19248351445783],[-120.45736981365512,50.1983596325225],[-120.46323219769707,50.206863800916565],[-120.45913589121871,50.20697854095603],[-120.45864552819444,50.214376212875884],[-120.44726713841054,50.214586473721035],[-120.44699090724721,50.23689011061487],[-120.46335332872559,50.237271061546565]],[[-120.30023174071401,50.22824046213688],[-120.30562305931741,50.21181782849176],[-120.33367325211498,50.211048308696796],[-120.33183761588371,50.1894562744748],[-120.34123074121402,50.18966723428082],[-120.3365758762166,50.14928770900557],[-120.33647371275909,50.136421573366476],[-120.32185486827687,50.13637986112462],[-120.32192655920969,50.12755169370231],[-120.31040652324056,50.12779579808415],[-120.31022948776449,50.09922604112267],[-120.22420165166622,50.09860526499661],[-120.22409600416151,50.13045440143165],[-120.22170687059308,50.14731532473102],[-120.22674103581912,50.14408076307927],[-120.2338348219425,50.14533977413158],[-120.24508201734628,50.14281746602175],[-120.25924453580811,50.13552556357855],[-120.26271042942712,50.13781135139145],[-120.26990292527913,50.136855759432514],[-120.27156934224142,50.14103297118104],[-120.27474162215078,50.14257396316699],[-120.2792770336212,50.14012575380718],[-120.2831724197125,50.139550368743336],[-120.27564034884976,50.14523016773624],[-120.26547723057266,50.14550494847227],[-120.25257574395405,50.14953546163869],[-120.24725432922358,50.154204066488816],[-120.24099995181086,50.15540655748304],[-120.24486915678116,50.21330844224578],[-120.24457869361825,50.24273841335563],[-120.30028391584135,50.24332011612521],[-120.30023174071401,50.22824046213688]]]]},"bbox":[-121.0056845471862,49.77223134512817,-119.63348270912162,50.45961179413855]},{"id":"5933012","type":"Feature","properties":{},"geometry":{"type":"Polygon","coordinates":[[[-121.14031733519892,50.227215682812734],[-121.0997200994401,50.22685826403437],[-121.09957267915902,50.22561218643046],[-121.09703284916125,50.225676067258696],[-121.0959705473405,50.217213196812835],[-121.09298174414505,50.217230203253415],[-121.09184030435831,50.206950221272734],[-121.08446243897612,50.207100188953184],[-121.08395135098742,50.203688217307786],[-121.08096259704502,50.20386439822177],[-121.08015704617016,50.199103919676666],[-121.07505782557854,50.19932356076975],[-121.06686938486071,50.195244008795655],[-121.06284668876404,50.18957571084573],[-121.06129029157377,50.18380190605735],[-121.06467970523865,50.18162289432173],[-121.06101827179074,50.180590569978655],[-121.06148898183625,50.17613141250213],[-121.05896698436375,50.17588790192658],[-121.0596439974012,50.170096921874595],[-121.07410169239947,50.1691454653273],[-121.07473078676416,50.163583831876586],[-121.06002892672568,50.1633715571634],[-121.06005402422085,50.160104295002334],[-121.0548722652821,50.15975718056621],[-121.05490980959375,50.157910201132836],[-121.04941041816099,50.15609855941335],[-121.04932194780534,50.15418558946102],[-121.04446558517624,50.15417929347508],[-121.04446714554155,50.15240034162312],[-121.0417400709434,50.152357207952996],[-121.04176503373758,50.1434320945936],[-121.0316823032158,50.143423736233615],[-121.0303267488009,50.15262995156399],[-121.03300337980514,50.15653969405705],[-121.03660979747735,50.15741990688419],[-121.04391849331871,50.1558717080543],[-121.05206354235693,50.160330248310046],[-121.05044301394261,50.16188493633563],[-121.05022779524799,50.17798019872615],[-121.05538095358155,50.17826013474553],[-121.0563202562271,50.18351542326855],[-121.05340499671857,50.18336401853961],[-121.05267430183832,50.19418605871542],[-121.06098069189339,50.19449172617831],[-121.06096114744345,50.19623755554162],[-121.06402282476961,50.19628897251107],[-121.06382412757452,50.199780179047025],[-121.07020239302429,50.20000672755469],[-121.070054825225,50.20179330989641],[-121.07536060214444,50.202190592190036],[-121.07547204738323,50.2054279870662],[-121.08053010855214,50.207396186617544],[-121.08046088005544,50.21495534805227],[-121.08276377612019,50.214989429711736],[-121.08250717992493,50.22524004168093],[-121.0913303934646,50.22548387672119],[-121.09117962012067,50.227139783030275],[-120.99955238460876,50.22774275595568],[-120.99975673684203,50.178479987931894],[-121.00441955145311,50.178584962881295],[-121.0056845471862,50.13866495516029],[-121.00032130963903,50.13640138902086],[-120.99617481349244,50.13856619039988],[-120.98806380165092,50.13591860104813],[-120.98090768712669,50.13891911031767],[-120.97198701984944,50.136486802097096],[-120.96876181271558,50.139450604932364],[-120.96920462168212,50.141124102058185],[-120.9659114893255,50.141803401587936],[-120.96111448262754,50.13958729869605],[-120.95773930875535,50.1414259998841],[-120.95378072381973,50.141025803401774],[-120.9496787023392,50.137648997601204],[-120.94633509278461,50.13954600121069],[-120.93216637911459,50.137623295966826],[-120.92644479260946,50.13929109542589],[-120.92627740987895,50.14174790255553],[-120.92385219980756,50.142064005112765],[-120.92056741469104,50.14622980450143],[-120.9179944892236,50.14687360020282],[-120.91391531946677,50.14357649749702],[-120.91211637784367,50.146828000313995],[-120.90953000332534,50.14632099885244],[-120.90810541580724,50.144866904354465],[-120.90882518508619,50.14167100394518],[-120.90653331862437,50.14048460671395],[-120.89579540640597,50.143777390750174],[-120.88757430538591,50.14439260086547],[-120.8789914817594,50.1396912975863],[-120.87324792059628,50.14140040141893],[-120.87226420374812,50.138910786163834],[-120.87048520633775,50.14025240515598],[-120.86820988950784,50.139298210631146],[-120.86795580301433,50.13807619180126],[-120.87035810827656,50.13711058700356],[-120.86950208829698,50.1360268032411],[-120.86406879804798,50.137404013419236],[-120.85979699512792,50.13660929311215],[-120.86135490876215,50.13248478656696],[-120.85741557021076,50.128799353445075],[-120.85878091955578,50.12538282192728],[-120.8396628222629,50.121513470357634],[-120.83570163499188,50.123173138819986],[-120.83238210040614,50.12203540151616],[-120.82988988814624,50.11759439332995],[-120.82333729972754,50.11832010643835],[-120.8232595420967,50.108339513794824],[-120.81846576048424,50.108258477167816],[-120.8184911727968,50.105000007107385],[-120.80782947921975,50.10572759350485],[-120.8069975066656,50.08098207812173],[-120.7939629543432,50.09247007725615],[-120.7882814263363,50.09349907810703],[-120.78813575076286,50.09187203988857],[-120.77679787492525,50.091942451592416],[-120.77601448347733,50.09544966385353],[-120.77403900625089,50.09415791223453],[-120.77597491161539,50.091249480774636],[-120.77313940019806,50.090535124839725],[-120.77314379832116,50.0930470432675],[-120.77058359724457,50.094519343065976],[-120.76777921687015,50.093678459159676],[-120.76650987859325,50.0953742180696],[-120.7690018851919,50.096083028613684],[-120.76709829900012,50.10006814067911],[-120.76332469395857,50.09988797548791],[-120.76358728286047,50.085775052420274],[-120.73423109962411,50.08385204432486],[-120.73434771660399,50.09525562273527],[-120.7398968289032,50.09527026575709],[-120.73957798030034,50.12067630999149],[-120.7339148337776,50.120595020875385],[-120.73379678113514,50.12760485991136],[-120.72333781872334,50.12815956076354],[-120.72545361552632,50.129568069411334],[-120.72113792783209,50.13000535700491],[-120.72211274622975,50.132130264441976],[-120.71807584525588,50.1302331695209],[-120.71507603097051,50.13094815087411],[-120.71321052945034,50.135714952897374],[-120.70752132848898,50.134675274508886],[-120.70957045057615,50.13720756502345],[-120.7069173275356,50.13885534943957],[-120.70802623043186,50.13995626438202],[-120.70558762045626,50.14060146659873],[-120.70726981174377,50.14171376301666],[-120.70334622129971,50.14207697427084],[-120.70292894768988,50.14058436750253],[-120.69837542916814,50.141574155004534],[-120.70042733453963,50.14225356218264],[-120.69904673032265,50.14419617200666],[-120.70108495119695,50.14490256892763],[-120.70072463062709,50.14600056003476],[-120.69884742860543,50.14541526948248],[-120.69778204304276,50.14778656445165],[-120.69379720857296,50.14741056093229],[-120.6941411479009,50.14929766695605],[-120.69105381527766,50.14885897202328],[-120.6912689989579,50.152137502396876],[-120.67899621110229,50.156740556940086],[-120.67725974172785,50.159517788403605],[-120.67030583077985,50.15712785561808],[-120.65035837935373,50.156871359166345],[-120.65068721401413,50.13146186592414],[-120.57847716388221,50.13200949692126],[-120.57952453342236,50.05729195084172],[-120.57931922330971,50.0219830183206],[-120.5773197103184,50.02184454053335],[-120.57718941218079,50.01719549798101],[-120.57821715504133,49.97489191884245],[-120.56691914752246,49.974855374131444],[-120.56631313833643,49.963835260491415],[-120.55999024977612,49.962595130987864],[-120.56123877365008,49.94595234380274],[-120.55553391186014,49.94613494228836],[-120.55437216611591,49.91621585752734],[-120.5598146892539,49.91642695655641],[-120.56181929988608,49.911060345535006],[-120.57041678133663,49.81549916419689],[-120.57172851653564,49.77286844577646],[-120.57341138127732,49.77287825522282],[-120.5736042769397,49.77055239092662],[-120.60376780019236,49.77077050186347],[-120.60433288841661,49.749579507471466],[-120.69315623788206,49.74988210614494],[-120.69294986610693,49.74730068559906],[-120.70436905193594,49.746905202426774],[-120.70446608739572,49.74955856242868],[-120.75988518880236,49.749726093986155],[-120.76063483789171,49.75986929868771],[-120.77233963310285,49.75995715308462],[-120.77179116853854,49.763391096761666],[-120.83236158124953,49.76377007871322],[-120.83279722660475,49.76014549159689],[-120.83415138589646,49.760073957088714],[-120.94845229780327,49.76058055385705],[-120.94973743623004,49.75079770770913],[-120.95959002052487,49.74411715285633],[-120.96058304252348,49.7386606116688],[-120.9604603836811,49.73411551480485],[-120.95484929209097,49.719066828028524],[-120.95419675452646,49.711976441705936],[-120.9616216573456,49.69610267979331],[-120.96240832755058,49.67347949674752],[-120.9850741646472,49.673268873311095],[-120.98531158616844,49.65846427631512],[-121.00714847226708,49.65851586187515],[-121.00755165347212,49.64442940417759],[-121.01869105369231,49.64414976462038],[-121.01882394322958,49.63699736070447],[-121.05187804862551,49.636902825274845],[-121.0523502309672,49.63088099207018],[-121.05912829087202,49.63206071903852],[-121.0654462202663,49.626132504500596],[-121.07624301245492,49.625007487510125],[-121.08980717343381,49.62725196788088],[-121.09953255273619,49.625395050209164],[-121.10680776862732,49.621271036242355],[-121.11141896069726,49.615821589589075],[-121.12177898689801,49.60979432938145],[-121.12573897306346,49.61093379132848],[-121.12523908977724,49.615987965099464],[-121.12672115655643,49.61898196327481],[-121.13514804022638,49.622524873914685],[-121.15583339130264,49.61715655153724],[-121.16066197291482,49.61995070503275],[-121.163093737106,49.62358199924273],[-121.1629426762013,49.62607381752993],[-121.16931423009294,49.63531594645767],[-121.16570801393172,49.64142787218665],[-121.17078915707232,49.64836458055341],[-121.16998399706537,49.64982408774007],[-121.1560450602648,49.65488445840804],[-121.14849855158376,49.66112557606471],[-121.13332728044928,49.66683354163916],[-121.12992385360894,49.673048433970145],[-121.1187473459879,49.67774928914403],[-121.12568326358135,49.68044776001747],[-121.13489390626202,49.68882389815061],[-121.13437746162187,49.69361905637041],[-121.14215165665368,49.698106283705414],[-121.15008293374446,49.706350052512896],[-121.15528484600675,49.70918794971638],[-121.15535755648041,49.716138766099924],[-121.15757603390306,49.717785785918274],[-121.16203453680201,49.71757201771673],[-121.16760900141553,49.72234740870421],[-121.17264039823407,49.72225603629018],[-121.17415796933375,49.72402641586666],[-121.17804373985607,49.72368758058647],[-121.1857033200072,49.726605805484404],[-121.1914017506287,49.73257450674446],[-121.19367362659798,49.73615538992377],[-121.19319396116435,49.7409267000813],[-121.19808763248398,49.743352358792514],[-121.19531507583484,49.74721276933172],[-121.19714658934114,49.75478486910373],[-121.20070012273308,49.75774812696057],[-121.20332870400975,49.76573305702889],[-121.21076778370453,49.770011526607874],[-121.21182554708803,49.77926963706569],[-121.20643862049953,49.78366883972276],[-121.20236269866518,49.79058747587606],[-121.18776105953258,49.79853328824385],[-121.18336129172081,49.805451118727376],[-121.1874628143249,49.809730882235684],[-121.18826639740482,49.81304948684967],[-121.18022667996847,49.82187052814644],[-121.16390653218144,49.82281390837834],[-121.15518228846778,49.821401631087625],[-121.14790454736904,49.82541338653058],[-121.1243508937039,49.8256406731012],[-121.10935315548743,49.82935007679105],[-121.10340929915408,49.833236153534116],[-121.103247841749,49.83510180667425],[-121.11733606355699,49.84613353904034],[-121.09196723551266,49.856496393966964],[-121.08662484078565,49.85471120588131],[-121.08707080054222,49.85653717897861],[-121.09321583691181,49.862860183199516],[-121.09804464020904,49.87333026285148],[-121.10778597536414,49.86709115994539],[-121.11905437353765,49.86743065865604],[-121.13111020059266,49.862342863447786],[-121.14705088104738,49.859830788347296],[-121.16977830688015,49.86101773649852],[-121.17262562867408,49.86204626755101],[-121.17375131421235,49.86611362490739],[-121.1715918527585,49.87338483691703],[-121.1642615400686,49.88125809625435],[-121.15750927322551,49.885606014646406],[-121.15762468636942,49.88744901589193],[-121.16789961944056,49.8857965649822],[-121.17136115620838,49.883037450849315],[-121.1815039695058,49.88310408013296],[-121.19610728546246,49.8867831012462],[-121.20817363046372,49.89411807553639],[-121.22278197418188,49.89341947039459],[-121.22622592394714,49.890440738069266],[-121.23063971954936,49.88226532897586],[-121.23538827007563,49.882671096558866],[-121.24043916021061,49.8795962320681],[-121.26044089871473,49.87627129107721],[-121.26324384398382,49.8713737105669],[-121.26551239168761,49.870744732733094],[-121.28603511061802,49.87226310447114],[-121.30125617869457,49.884130014529774],[-121.31190270398073,49.88261723383598],[-121.31781598003766,49.882777427669474],[-121.32003867773822,49.88427788003995],[-121.32136293033787,49.88675628273606],[-121.3166824439252,49.893393164773215],[-121.32013551515603,49.897708432282656],[-121.32425906733606,49.89942365823054],[-121.32379675462315,49.90091938912525],[-121.31954252352159,49.902595182674446],[-121.3154258248683,49.90684279610079],[-121.31579581448385,49.9118095102505],[-121.31283549177894,49.91276711631875],[-121.29988963048162,49.91127723996365],[-121.29387520358439,49.91366980162132],[-121.2895232223324,49.91821566094275],[-121.28655499564854,49.92695035512638],[-121.2865447837246,49.9404147024116],[-121.2883473844172,49.945143812419595],[-121.28269305196719,49.95190356250923],[-121.28454131394065,49.95759062399571],[-121.28361318734785,49.9596846786995],[-121.26916391416735,49.96225564849352],[-121.26777249592011,49.96375087426202],[-121.27138141806532,49.968422941619565],[-121.27146921252219,49.97273217790889],[-121.26887370922991,49.97386815010097],[-121.26887158134166,49.9756636496236],[-121.27767195977813,49.98255665803076],[-121.27794827610626,49.98441230223174],[-121.27303386129766,49.986744499767084],[-121.27331005039902,49.98860019573766],[-121.28114434518889,49.99184230452626],[-121.28383082057188,49.995316404643084],[-121.29254717731277,49.99999457336682],[-121.2923603554721,50.002149246661304],[-121.28827885740304,50.00466191509888],[-121.2879055704433,50.007774217083416],[-121.29050095337148,50.011128521009105],[-121.30200518941079,50.01700633190853],[-121.30367414262919,50.02065889871859],[-121.31810702915737,50.02821386967462],[-121.32126328775385,50.032286426230804],[-121.3251633796156,50.03312815421638],[-121.328320740763,50.03779897011816],[-121.32321719521576,50.04378516147446],[-121.32442467636966,50.04624017776745],[-121.31653526942544,50.05013193178714],[-121.31532813877023,50.05246633520528],[-121.31622587950385,50.06032959358522],[-121.30847231351628,50.06868489220899],[-121.3159976665127,50.079514952086555],[-121.3169980347876,50.08463630477034],[-121.31348251096027,50.08846240426923],[-121.31557682392638,50.09210551414568],[-121.31521944047424,50.09769192807717],[-121.30742159517732,50.104047933261825],[-121.31993864005861,50.11421081280668],[-121.31833979503983,50.11834646284226],[-121.3217640103871,50.12603411626009],[-121.30088852126481,50.13303800631559],[-121.2934171161048,50.13967155640557],[-121.29224763032867,50.14902447257334],[-121.29779606303791,50.1523327760842],[-121.28634056267718,50.156002368727734],[-121.2791164277724,50.1565128181876],[-121.26705414949609,50.149801244414924],[-121.24817964131205,50.14537679718566],[-121.23544311398972,50.14827595750592],[-121.23931620249117,50.1584905256456],[-121.23255208615477,50.17146398352794],[-121.21943050374252,50.179355673237524],[-121.22030518343809,50.18899131122634],[-121.2096035846788,50.19156355854354],[-121.19100376604358,50.18969668952082],[-121.16888999189369,50.19350641413864],[-121.14558595380012,50.19977707949602],[-121.13955352254182,50.19817777006548],[-121.14031733519892,50.227215682812734]],[[-120.94082787698709,49.987294828315044],[-120.95019248409712,49.987522000995675],[-120.95054407736582,49.989312156102386],[-120.96150961681133,49.98943533833054],[-120.9614736671153,49.990996636987916],[-120.97790064856568,49.991221220608395],[-120.97830392990235,49.99658865967622],[-120.98055962996827,49.99643857954243],[-120.98114174516118,50.003788271296926],[-120.98682150348228,50.00339383753878],[-120.98771710277904,50.010482590725374],[-120.99528964617258,50.01053970802052],[-120.99458758943238,50.00086370951227],[-120.98938907835335,50.000874584751436],[-120.98927480193754,49.99337300487301],[-120.98403351877936,49.99346868239329],[-120.98352119035977,49.98846652621124],[-120.97914094441967,49.98840998603195],[-120.97874282217592,49.98153977366735],[-120.96216571626871,49.98169423096301],[-120.9620928879734,49.97669345801016],[-120.94114853113278,49.97692901700114],[-120.93648441245644,49.97481751925858],[-120.93154561117552,49.97839529162188],[-120.93310692076028,49.98148440307473],[-120.92581020735953,49.98561458661309],[-120.92626869410788,49.98777134075662],[-120.93021186408811,49.98821350654892],[-120.93077753784696,49.9863922709445],[-120.94082787698709,49.987294828315044]],[[-120.85393300226765,50.05564627063655],[-120.85428173146936,50.05023656179299],[-120.86795047697804,50.050109125546165],[-120.86834377352658,50.039421494575826],[-120.89053144569779,50.03966038435461],[-120.89098173474731,50.03217414575054],[-120.9024019614061,50.03221562030832],[-120.90236927381012,50.014371308996125],[-120.8831553734092,50.0139786425989],[-120.8827820765185,50.01048626337642],[-120.87032769225257,50.01106373532776],[-120.87073349149449,50.01849930350564],[-120.8548271046105,50.018976144448395],[-120.85461881383875,50.02379201706013],[-120.83235471055276,50.02248478878492],[-120.83137747262934,50.033314716900165],[-120.8144852838572,50.03317111796221],[-120.8145436950492,50.05521003785648],[-120.85393300226765,50.05564627063655]]]},"bbox":[-121.328320740763,49.60979432938145,-120.55437216611591,50.22774275595568]},{"id":"5933015","type":"Feature","properties":{},"geometry":{"type":"Polygon","coordinates":[[[-121.5584635290659,50.24827259811426],[-121.5583814373478,50.23861412044866],[-121.55332613962112,50.23853031499651],[-121.55343374953866,50.226004026715515],[-121.56291370120675,50.22601380505924],[-121.56294888354671,50.21568817794018],[-121.56833478272145,50.21586758313016],[-121.56798807587519,50.2046922853525],[-121.57503101545443,50.20448639330566],[-121.57605977515983,50.202353121593745],[-121.57392035043335,50.20238596069026],[-121.57320604672115,50.197682295019895],[-121.58573250087056,50.19975273949167],[-121.57908180066762,50.21847836642063],[-121.58546390930223,50.22474079360553],[-121.58610880227731,50.231357710876864],[-121.58488009008066,50.23550820290255],[-121.58120018403227,50.23629996469311],[-121.58037690460932,50.23438968006024],[-121.5720129517023,50.23466921307506],[-121.57214190870654,50.23850427946984],[-121.57893243547643,50.238115475297924],[-121.57419961726995,50.24663950160623],[-121.57148896868043,50.248291159986685],[-121.5584635290659,50.24827259811426]],[[-121.57900671598713,50.22595450829507],[-121.5720720411679,50.22589202556723],[-121.57205186559214,50.22652608551485],[-121.57519053680937,50.2265938961772],[-121.57528636335131,50.22872081977141],[-121.57977166684978,50.23015178487622],[-121.57900671598713,50.22595450829507]]]},"bbox":[-121.58610880227731,50.197682295019895,-121.55332613962112,50.248291159986685]},{"id":"5933019","type":"Feature","properties":{},"geometry":{"type":"Polygon","coordinates":[[[-121.35318610426877,50.727753160081576],[-121.34758029558232,50.72678326637703],[-121.34177738299633,50.73021273371673],[-121.33378433353803,50.724024324913664],[-121.32811804905418,50.72785835511502],[-121.32462071528829,50.726649742477086],[-121.32804776064413,50.72010630168482],[-121.33428840237227,50.72004676017775],[-121.3378814469871,50.721904571010455],[-121.33780081073994,50.716838991784634],[-121.34221948461132,50.70976879686721],[-121.33818802384496,50.70670187227412],[-121.33656493417693,50.70374665570994],[-121.3372221037789,50.70149657345275],[-121.33606494913023,50.70405947236779],[-121.33435518226494,50.70332229741411],[-121.32729145935475,50.717080441969316],[-121.32481144198093,50.71659631317746],[-121.32329534504112,50.719079895583036],[-121.31335581741843,50.715942169346924],[-121.31217961654711,50.71436836073045],[-121.31316993941115,50.71319627405329],[-121.31177473806754,50.712582451296356],[-121.31327601724081,50.70906037999035],[-121.31041144165519,50.70561096847933],[-121.30358813624899,50.702759667197114],[-121.30242981720284,50.69996396669005],[-121.29704792558483,50.69958795708311],[-121.29319844787203,50.703426168167375],[-121.28700321354027,50.705142365251376],[-121.28461873800777,50.70874983084284],[-121.28694739983699,50.72073541257612],[-121.2865989157598,50.723911295715254],[-121.2822408152443,50.72727163318206],[-121.28079917643905,50.74430606001246],[-121.26912394792575,50.74364701709232],[-121.2662576243708,50.74214154857374],[-121.26682230951256,50.74329035883986],[-121.26072849585536,50.74341696550507],[-121.25995297233383,50.73948031446427],[-121.25805309629659,50.73887468892201],[-121.25180089140422,50.74623360833041],[-121.24284381837644,50.75239610531873],[-121.22510929243457,50.74497371061754],[-121.22441735444433,50.73658897081277],[-121.25708699640913,50.73655309991578],[-121.25730049548802,50.732682803384485],[-121.25522373361599,50.730504632326145],[-121.25722611893072,50.72909348667238],[-121.25717672122708,50.725555514718536],[-121.26396035319198,50.724895775534456],[-121.2639531387549,50.72116402556696],[-121.26935605682398,50.72131035022192],[-121.26869012206515,50.71470117950178],[-121.27408915185062,50.71500579646512],[-121.27375616381111,50.70739304528143],[-121.27876268375188,50.707496637244894],[-121.28084651822235,50.70475553299143],[-121.27964865812991,50.69294020288682],[-121.30527054135601,50.693673306629165],[-121.31540849873865,50.69241817141234],[-121.31491519710272,50.68545250108598],[-121.32838711641104,50.685707169805035],[-121.32833774140417,50.67811766403637],[-121.32044401910127,50.678019588361146],[-121.31811987278998,50.665754533386846],[-121.34958843825095,50.66620712149724],[-121.35123066452448,50.65148100083905],[-121.34850257556886,50.65131271510098],[-121.34844321257663,50.64804598462465],[-121.35327425059064,50.64808737622655],[-121.35348261373261,50.650541080879954],[-121.37488648466358,50.649240965992675],[-121.37513313119531,50.65593009234755],[-121.36256051178248,50.6562956794976],[-121.3590755283115,50.662366989217176],[-121.41499156907807,50.658325553209416],[-121.41440858082797,50.67215511173183],[-121.4115388213578,50.672103446003504],[-121.4104263799625,50.68646026284368],[-121.41450643901007,50.686594486513286],[-121.41316785251782,50.70090428977532],[-121.39635708143834,50.70003703680072],[-121.3962427262331,50.70651801941717],[-121.38554138677854,50.706520835929396],[-121.38563090588218,50.702991952934006],[-121.361122546363,50.719999505998814],[-121.36278570132833,50.73417774991142],[-121.35530561716777,50.72792687446797],[-121.35318610426877,50.727753160081576]]]},"bbox":[-121.41499156907807,50.64804598462465,-121.22441735444433,50.75239610531873]},{"id":"5933024","type":"Feature","properties":{},"geometry":{"type":"Polygon","coordinates":[[[-121.32674335046808,50.81826074148548],[-121.32219554146403,50.816329725754485],[-121.30533389724184,50.81639084328436],[-121.30443815632971,50.81189200399116],[-121.29380732992591,50.8091259110574],[-121.29376264152086,50.807011872451774],[-121.29880688901696,50.80114512548625],[-121.28969924372063,50.79730828956586],[-121.29252261176825,50.79456497039725],[-121.30493510349073,50.806756502201566],[-121.30442389337506,50.77313151440502],[-121.31106277336012,50.77309851667334],[-121.31167544072048,50.78028425934114],[-121.3380461894378,50.78055619573691],[-121.33890876193195,50.81227211191255],[-121.33364851872504,50.812353661008984],[-121.33337546025135,50.8144247215983],[-121.32674335046808,50.81826074148548]]]},"bbox":[-121.33890876193195,50.77309851667334,-121.28969924372063,50.81826074148548]},{"id":"5933028","type":"Feature","properties":{},"geometry":{"type":"MultiPolygon","coordinates":[[[[-121.49248656926748,51.188022285024516],[-121.49367246694625,51.18602449916864],[-121.49632640459879,51.18582852459073],[-121.49695939635343,51.19082296041907],[-121.50059840518536,51.190817880913116],[-121.50190672783442,51.20323103147993],[-121.49258041501618,51.20373999227524],[-121.49338994778982,51.200959781060334],[-121.49143510461231,51.20096914720083],[-121.49248656926748,51.188022285024516]]],[[[-121.59235269479963,51.10434833034913],[-121.59137127033104,51.106462223273354],[-121.56258066717741,51.106532379275855],[-121.56234551111295,51.10500475368038],[-121.55166419121032,51.10607169301855],[-121.56193594916887,51.10113193661155],[-121.5617937436301,51.098886488344576],[-121.55767806504852,51.09892001598309],[-121.5594130624472,51.09679214323893],[-121.55997818426461,51.0916974421298],[-121.56497329637321,51.09185920172514],[-121.56617848553591,51.082490254697355],[-121.57381556927086,51.082379645734555],[-121.57428244977754,51.079384076742876],[-121.590634243024,51.07904273992581],[-121.59021684698813,51.07550223078731],[-121.59803680904704,51.08009738659948],[-121.59831354350911,51.083382040670195],[-121.59266142799945,51.08605483922035],[-121.59120796639162,51.08930281664766],[-121.59909119553883,51.083899957844565],[-121.60377978213535,51.083802460608865],[-121.60408571334256,51.085394200042],[-121.59910263620063,51.08553802607423],[-121.59984006027237,51.09081854435276],[-121.5920906448604,51.096143471922176],[-121.59223238213288,51.10124479231468],[-121.60586983699613,51.10111015187121],[-121.60588977387938,51.10424458092602],[-121.59235269479963,51.10434833034913]]]]},"bbox":[-121.60588977387938,51.07550223078731,-121.49143510461231,51.20373999227524]},{"id":"5933032","type":"Feature","properties":{},"geometry":{"type":"Polygon","coordinates":[[[-122.46952444943929,51.482172467709006],[-122.46550673265732,51.48330615630797],[-122.46910264726036,51.48502236267173],[-122.46751142221986,51.486804066512576],[-122.45859793404112,51.489091270758365],[-122.46060720730885,51.49099836140269],[-122.45584232415771,51.49309907244853],[-122.45616643435855,51.494978961000385],[-122.45216471451663,51.49465426813362],[-122.45351704338049,51.49616245893624],[-122.44441804632311,51.4991775653534],[-122.4458625219717,51.501306762463834],[-122.44343532520438,51.50190638161083],[-122.44355883681179,51.503515665907756],[-122.4390177358726,51.50251447660844],[-122.43835753425046,51.503608272230736],[-122.43987261870004,51.50455106773007],[-122.43824265200244,51.505757365524964],[-122.4356038406296,51.50487155582566],[-122.43346003074997,51.50685826284907],[-122.42732172805201,51.508104457121085],[-122.42734004961348,51.51006566592305],[-122.4166947480177,51.51199116502496],[-122.41357713927941,51.514574659225616],[-122.40843072788061,51.515816561798154],[-122.40502902693032,51.51378427327374],[-122.40216304271085,51.51683636704759],[-122.39470213999243,51.51548476585349],[-122.39148862923264,51.51761816827807],[-122.38716132290145,51.516822064812644],[-122.3820492227022,51.51867497595475],[-122.3762532411739,51.51670105996497],[-122.37283941037153,51.51752846291823],[-122.37209533981192,51.51613136265237],[-122.36940932726971,51.51751856068603],[-122.36655812321868,51.516389177593865],[-122.3641811246475,51.517329060951376],[-122.364432945075,51.518912868199344],[-122.35920842188497,51.517418855224086],[-122.35152465429614,51.520569169273976],[-122.34528702620898,51.52032705786055],[-122.34228434473647,51.5225858590478],[-122.33044234526508,51.52421796529352],[-122.31598703088947,51.52308286462959],[-122.31091392845144,51.521091863008294],[-122.30991124037278,51.52265137627688],[-122.30362471754266,51.5236924651499],[-122.29490844058702,51.5215276539673],[-122.29155562355618,51.52294617267172],[-122.28992340777897,51.52042816444978],[-122.28191759609753,51.518870005161936],[-122.2822699778561,51.5158993545457],[-121.88572777373204,51.51784655335037],[-121.88589267511746,51.566133126828035],[-121.63108047702602,51.56404830978297],[-121.63049759514641,51.54738354304934],[-121.52662721593182,51.54772399993499],[-121.5251421048273,51.45105330284407],[-121.5094945093949,51.450386969229406],[-121.50896978792375,51.446495390969766],[-121.47558436980157,51.445950979069416],[-121.47381320207735,51.43645375850758],[-121.42616168722391,51.436703199569656],[-121.42668305087471,51.401461621081275],[-121.41930258052102,51.40161148320002],[-121.42064190399024,51.37755958901558],[-121.36248565221807,51.38006779300416],[-121.33259892532514,51.37736470226751],[-121.28223123021641,51.376792366066695],[-121.22432863956965,51.40565853579386],[-121.21792021721811,51.410582718526626],[-121.17179210688901,51.430894257105315],[-121.12352001747959,51.44088525912586],[-121.11834373022359,51.44105008910492],[-121.10711773775589,51.43816698550881],[-121.08114815436006,51.4372573717689],[-121.07379621486845,51.43457980843971],[-121.06335044603973,51.43585607192717],[-121.04760100972963,51.429847610365194],[-121.00537075390794,51.4290948142846],[-121.00172025717829,51.4290600791534],[-121.00149137741884,51.438951174191786],[-120.96070954024015,51.439859287570684],[-120.94832872028847,51.44510219203316],[-120.8957482212396,51.442294101143844],[-120.83346702970557,51.435158629984514],[-120.74247678843594,51.43356718555114],[-120.56072881140315,51.434617912535344],[-120.55760814106807,51.38024442793336],[-120.55800185126692,51.31293531467387],[-120.56088075001604,51.24972170224147],[-120.55777392969644,51.1935710320538],[-120.59286182048156,51.197617510497565],[-120.60823717491692,51.205957289304834],[-120.61701807433708,51.21651610054557],[-120.63221082698189,51.2188401141263],[-120.65383730468605,51.21963222290476],[-120.67418543735852,51.21794762873673],[-120.68111126800203,51.21513990681406],[-120.69446403624472,51.229190445404996],[-120.70557941700996,51.22434997943262],[-120.72054190785057,51.22334587500117],[-120.71939066013593,51.23013493612644],[-120.72482202118196,51.23666369981222],[-120.73517022390831,51.23969265252039],[-120.74698957840123,51.23664758400064],[-120.75738260748035,51.231320438739644],[-120.77513022643952,51.2318074257875],[-120.80353461926285,51.250637801479044],[-120.84216543398767,51.24516040926492],[-120.8865875022583,51.24472714158239],[-120.90530474116538,51.23185514334969],[-120.91297059378233,51.223939220446724],[-120.91753067222353,51.21444540061833],[-120.95155403190809,51.207725333981585],[-120.96032117557581,51.20412709143151],[-120.97130675372702,51.18443472010366],[-120.9727250802531,51.178892124672686],[-120.97925461799923,51.17827661498931],[-120.97830464759286,51.174702633402994],[-120.97379111574205,51.174884663319034],[-120.9754231096896,51.16850393392107],[-121.00095810655365,51.13579793590863],[-120.99496503808037,51.127940890953695],[-120.97295083924695,51.10825473840387],[-120.93800488246279,51.09029768153857],[-120.93325888943369,51.078873099189806],[-120.93158133468744,51.06891557723281],[-120.93422479234019,51.056979763297086],[-120.94649681653753,51.049196464773274],[-120.95934248797559,51.05069379649487],[-120.97337004895097,51.05951134612948],[-120.98807547398478,51.07913978857993],[-120.9954697624529,51.082536919804944],[-121.02617790235057,51.07092156055291],[-121.0176689312978,51.05028503292524],[-121.05758770272733,51.063802361648534],[-121.07266749644788,51.07223809541595],[-121.07071083864773,51.01033508480043],[-121.07107758548405,50.92485408864991],[-121.39915681809029,50.925717549541965],[-121.39975229721833,50.937680036830365],[-121.42257432902917,50.93781370047205],[-121.44686322060011,50.93767476893155],[-121.44662517300937,50.92565487546708],[-121.626085381777,50.92495476324302],[-121.62749484619073,50.99610887161799],[-121.84462349110478,50.997779557280545],[-121.91510340726381,50.996834281079586],[-121.91360004295161,50.987091680510154],[-122.16533913664298,50.99025213521541],[-122.15195911505442,50.999341891984464],[-122.1442372003457,50.99939919695015],[-122.14176182195584,51.007568392680014],[-122.14412905309354,51.01486413790192],[-122.16051830891821,51.02093098218575],[-122.16946199650441,51.019949308908544],[-122.17536539484713,51.01627326797255],[-122.19715214464337,51.01838527068107],[-122.27151580073053,51.03764242578056],[-122.3063854245634,51.04441607148004],[-122.3011873754858,51.06174319414728],[-122.32731915722424,51.06127527375088],[-122.34462498760672,51.06667709343251],[-122.35839966591551,51.07455177952189],[-122.36430074087563,51.08808024701592],[-122.37633552386632,51.10698209687614],[-122.38707430832801,51.110494247606894],[-122.42966678642931,51.112265981808484],[-122.4411809105753,51.11087089709745],[-122.4542120620913,51.11163929534814],[-122.46533923265608,51.11422834890274],[-122.47775578399332,51.12589264397317],[-122.47896907421746,51.13229086976028],[-122.47584672829053,51.13934700510775],[-122.46875889647197,51.14315732492328],[-122.46077724424839,51.15187572423274],[-122.47079673661749,51.15651794547776],[-122.50785249573934,51.18771911176675],[-122.51026341072854,51.19623936437158],[-122.51470281177295,51.20423179281016],[-122.52213475991778,51.20939344687847],[-122.53022607904934,51.20912132445434],[-122.53855666077658,51.2210098447393],[-122.55152879077602,51.22975040116044],[-122.55177542493563,51.23692243864729],[-122.55663664025886,51.24180332295233],[-122.57133957030807,51.247587900528885],[-122.59335405030394,51.247392682852954],[-122.59891935683153,51.24877678235512],[-122.60657165847819,51.245348085939995],[-122.61397394581803,51.24466425270375],[-122.62510817430697,51.24681842420523],[-122.6308588996767,51.24876105658127],[-122.64415520116881,51.25817915208807],[-122.64734314203238,51.25813100012726],[-122.65921028675437,51.26681157872362],[-122.66706654505654,51.26836765874769],[-122.67488330795972,51.27437149261675],[-122.67542864749136,51.27889855742587],[-122.67147721574376,51.28066537049863],[-122.67422375303666,51.283586469603726],[-122.66823592867115,51.286537378049715],[-122.67387234341062,51.29259596860381],[-122.67672443181179,51.29292787000343],[-122.6774247370536,51.29513246005115],[-122.67499512128985,51.298147561103725],[-122.676862018669,51.29978967497875],[-122.67572561941748,51.30233897547519],[-122.66803494848834,51.306490574280495],[-122.6686554334549,51.31016077909662],[-122.6645463163587,51.316776171121575],[-122.66186083405672,51.31713795594273],[-122.6593263211199,51.3201059610826],[-122.65032203966605,51.3190549778562],[-122.64903711261375,51.32336310686263],[-122.65104158523023,51.32563050478729],[-122.64483752242722,51.33254070287647],[-122.64740882166677,51.33547889885672],[-122.64515481559677,51.339231605460654],[-122.63893517934918,51.3422836936963],[-122.63952002011997,51.34380339733641],[-122.63695730330684,51.34519909345053],[-122.63552719705977,51.34903309914635],[-122.63155600360314,51.35024508861601],[-122.63008350080946,51.35390389000574],[-122.63172781668476,51.3555345945321],[-122.62587418825014,51.35676940730224],[-122.61752729511542,51.361282694815536],[-122.62013307613594,51.363970199058706],[-122.61939027536266,51.36687129793143],[-122.61640309301934,51.367394001111585],[-122.61772251686259,51.36898479308243],[-122.61702189900511,51.37079919408071],[-122.61323552384886,51.372824502635744],[-122.61872558734665,51.37714700605449],[-122.62485781013193,51.37800858997361],[-122.62176898995172,51.38140388917677],[-122.62269699051483,51.384411809118575],[-122.62494289434434,51.385554112091455],[-122.62642133836431,51.389118961310565],[-122.63002613819175,51.389399453756106],[-122.6312455263177,51.393207867037866],[-122.6343242364866,51.3946918696662],[-122.63497933814257,51.398955978607596],[-122.63722682514882,51.40032037391804],[-122.63568543733898,51.4025192650308],[-122.63805313161225,51.406581162164024],[-122.63510064057284,51.40715655641944],[-122.63349383103893,51.41031685985915],[-122.62575292167111,51.41272095959976],[-122.62674903366396,51.414126578819456],[-122.62391814900349,51.41562776467131],[-122.62411995069915,51.417211467433624],[-122.59875304076704,51.42380835491945],[-122.58637093361006,51.43004076109735],[-122.5798283283286,51.43142936697795],[-122.57896253834404,51.433296475899034],[-122.55938225975255,51.435444391644445],[-122.5597113245803,51.48512284105974],[-122.46952444943929,51.482172467709006]],[[-122.15932527036848,51.4730613418209],[-122.15693688124044,51.46871351389394],[-122.15825742507407,51.465019937155446],[-122.15163071300763,51.46513988934972],[-122.142786964721,51.473290524292274],[-122.15932527036848,51.4730613418209]],[[-121.4950193554897,51.185925052265276],[-121.49367246694625,51.18602449916864],[-121.49166266295678,51.19083539828605],[-121.49143510461231,51.20096914720083],[-121.49338994778982,51.200959781060334],[-121.49258041501618,51.20373999227524],[-121.50190672783442,51.20323103147993],[-121.50059840518536,51.190817880913116],[-121.49695939635343,51.19082296041907],[-121.49632640459879,51.18582852459073],[-121.4950193554897,51.185925052265276]],[[-121.59223238213288,51.10124479231468],[-121.5920906448604,51.096143471922176],[-121.59984006027237,51.09081854435276],[-121.59910263620063,51.08553802607423],[-121.60408571334256,51.085394200042],[-121.60377978213535,51.083802460608865],[-121.59909119553883,51.083899957844565],[-121.59120796639162,51.08930281664766],[-121.59266142799945,51.08605483922035],[-121.59831354350911,51.083382040670195],[-121.59803680904704,51.08009738659948],[-121.59021684698813,51.07550223078731],[-121.590634243024,51.07904273992581],[-121.57428244977754,51.079384076742876],[-121.57381556927086,51.082379645734555],[-121.56617848553591,51.082490254697355],[-121.56497329637321,51.09185920172514],[-121.55997818426461,51.0916974421298],[-121.5594130624472,51.09679214323893],[-121.55767806504852,51.09892001598309],[-121.5617937436301,51.098886488344576],[-121.56193594916887,51.10113193661155],[-121.55166419121032,51.10607169301855],[-121.56234551111295,51.10500475368038],[-121.56258066717741,51.106532379275855],[-121.59137127033104,51.106462223273354],[-121.59128000630845,51.10434859633256],[-121.60588977387938,51.10424458092602],[-121.60586983699613,51.10111015187121],[-121.59223238213288,51.10124479231468]],[[-122.02926410776455,51.10818796649569],[-122.02715526774989,51.10845332720873],[-122.02826927290077,51.099917205231826],[-121.98630781986638,51.09909256561406],[-121.98497645473736,51.08437808032443],[-121.95885463622314,51.08298943369674],[-121.9480031544764,51.080603179378556],[-121.94904632704429,51.092073913963794],[-121.95997615724164,51.09267545467222],[-121.96088893111767,51.11177960770629],[-122.0066170663031,51.11254492261018],[-122.00693721246056,51.11707313350692],[-122.02146735867404,51.11629936711104],[-122.02368477886085,51.13306172953409],[-122.03179194541197,51.132938965985446],[-122.0300357802995,51.1366052838155],[-122.03122113667789,51.139261357625394],[-122.03969179167272,51.13981951128736],[-122.04972731387416,51.130028161731765],[-122.04996122313521,51.12357367424926],[-122.04774551353893,51.121549874963236],[-122.03814134041954,51.11884526214679],[-122.03287402512059,51.1104210570259],[-122.02926410776455,51.10818796649569]],[[-122.08686415863623,51.42535805213624],[-122.00020715943467,51.42455989228996],[-122.00094750883333,51.407005810514804],[-121.97639030575814,51.40696816103542],[-121.97839624145287,51.4123383681185],[-121.9774765748624,51.43582144620966],[-122.00023836993232,51.43645663424504],[-122.00014183464924,51.43766595727546],[-122.0666093373717,51.4384077660645],[-122.06560178382355,51.451306277182965],[-122.0863137769723,51.45165106804076],[-122.08686415863623,51.42535805213624]]]},"bbox":[-122.6774247370536,50.92485408864991,-120.55760814106807,51.566133126828035]},{"id":"5933035","type":"Feature","properties":{},"geometry":{"type":"Polygon","coordinates":[[[-121.2110274007377,50.56856015296536],[-121.20809862356337,50.56892590167904],[-121.20935728875561,50.57800399629708],[-121.12855547268474,50.58075130107897],[-121.09629070970225,50.57935065632482],[-121.09709471899302,50.56397538631681],[-121.05080137044085,50.56366684936224],[-121.05030923604706,50.53288914216211],[-121.02653782671653,50.533198385939095],[-121.02623272852247,50.54842180555353],[-120.9595568153851,50.54798979744374],[-120.95842863748351,50.503508867203884],[-120.93587070791683,50.50332256919905],[-120.93584937828709,50.518121050207725],[-120.91292807850178,50.51830947392893],[-120.91289794481258,50.50319065544353],[-120.84345095364493,50.50446574021894],[-120.84292637427804,50.5119098938303],[-120.83815709083558,50.51206957202061],[-120.8376247485823,50.50521487547692],[-120.82006753648457,50.505243860467296],[-120.8198305332788,50.50372559952656],[-120.78430848037175,50.50388764417574],[-120.78439271031715,50.49761065794499],[-120.7811346460219,50.48345577105288],[-120.7917414253589,50.48418195279201],[-120.79398692498242,50.4792413731521],[-120.79999532741695,50.47399456143921],[-120.81039884715773,50.471970581129995],[-120.81882759086005,50.474697847011655],[-120.86264569392402,50.47496804565375],[-120.86369905792188,50.45937445898119],[-120.88821417320321,50.45961179413855],[-120.89047061058514,50.41621865611348],[-120.95741346175426,50.4168345289851],[-120.95833601344863,50.38791051837674],[-121.07338678425522,50.38853784539123],[-121.07136929793191,50.43174247793545],[-121.14080765047474,50.43250986917062],[-121.13873164998563,50.490945551637346],[-121.11930095495099,50.49128075294758],[-121.11972724137783,50.520143910878886],[-121.13805066650863,50.52018099980462],[-121.13835282195548,50.53498253406163],[-121.23481790210131,50.53420186277081],[-121.234468554843,50.54958252886001],[-121.28795021393447,50.5448604247515],[-121.29678134631757,50.555502072477005],[-121.29518711031541,50.5629265593992],[-121.29694011887753,50.56708698435284],[-121.28487954419877,50.567299839693284],[-121.28476418229941,50.56182991040408],[-121.26753759328143,50.56201987953509],[-121.2495022228144,50.56291910604591],[-121.2110274007377,50.56856015296536]]]},"bbox":[-121.29694011887753,50.38791051837674,-120.7811346460219,50.58075130107897]},{"id":"5933037","type":"Feature","properties":{},"geometry":{"type":"MultiPolygon","coordinates":[[[[-121.59913731896354,50.265298484411154],[-121.59999462688198,50.264899885007026],[-121.60060998118378,50.26590830810262],[-121.59956896127555,50.26610400031167],[-121.59913731896354,50.265298484411154]]],[[[-121.56363514731639,50.116045834970315],[-121.56158859834751,50.11622942215853],[-121.56502803051298,50.112250684550645],[-121.56598929133104,50.11350437744893],[-121.56363514731639,50.116045834970315]]],[[[-121.37740266885326,50.61135181442923],[-121.37545361086737,50.60579960052018],[-121.3789947395739,50.60551277293793],[-121.38023706310521,50.61105481483815],[-121.37740266885326,50.61135181442923]]],[[[-121.32705934827223,50.62262226706423],[-121.32110078844374,50.621718300731544],[-121.31866363591956,50.61008699858957],[-121.3302360986202,50.60928391483063],[-121.33139643935255,50.62132721703508],[-121.32705934827223,50.62262226706423]]],[[[-121.3354713504385,50.72028026696936],[-121.32329534504112,50.719079895583036],[-121.32481144198093,50.71659631317746],[-121.32729145935475,50.717080441969316],[-121.33435518226494,50.70332229741411],[-121.33606494913023,50.70405947236779],[-121.3372221037789,50.70149657345275],[-121.33656493417693,50.70374665570994],[-121.33818802384496,50.70670187227412],[-121.34221948461132,50.70976879686721],[-121.33780081073994,50.716838991784634],[-121.3378814469871,50.721904571010455],[-121.3354713504385,50.72028026696936]]],[[[-121.54196790223283,50.925408118289695],[-121.44662517300937,50.92565487546708],[-121.44686322060011,50.93767476893155],[-121.42257432902917,50.93781370047205],[-121.39975229721833,50.937680036830365],[-121.39915681809029,50.925717549541965],[-121.04903656059898,50.92487998794401],[-121.0498226984231,50.83797877167961],[-121.014432908765,50.83754658452123],[-120.99270179976567,50.805390672058024],[-120.98712723741797,50.80494095239448],[-120.98364882833542,50.80268646055997],[-120.9829231343668,50.80071246903758],[-120.9790644309519,50.79902627622832],[-120.97546492097248,50.79335216455104],[-120.95078584231686,50.775535366426176],[-120.9526372100306,50.772141462851394],[-120.95699367752673,50.76985939269956],[-120.95686072083818,50.7647326361434],[-120.95857684311471,50.76334913949446],[-120.94972040498077,50.76458885978802],[-120.94311578641508,50.76126193888339],[-120.9449589030026,50.75760846349812],[-120.9452240032412,50.74989580916093],[-120.9413696113819,50.74784534066762],[-120.93700059618503,50.74845758114546],[-120.93622600478986,50.75004833151031],[-120.93856056570726,50.75444846146561],[-120.93649653474401,50.75829387539511],[-120.92668571794152,50.75313676056936],[-120.92252422437696,50.74589466810749],[-120.9108246264336,50.74374188947894],[-120.9088981311423,50.70339656563515],[-120.90956908253101,50.66202259612207],[-120.91305945617255,50.65794447194931],[-120.92183768378928,50.66296333362092],[-120.92676579603469,50.670832247800945],[-120.93266205193396,50.67016385102387],[-120.93903406654067,50.66566681694529],[-120.94883573403264,50.67062774369684],[-120.9618722535834,50.66914481677604],[-120.98556667236313,50.67207122302898],[-121.01100320811308,50.67753343371964],[-121.03915817841357,50.66555090387198],[-121.04471998507138,50.66080470667246],[-121.04902491792646,50.65134164337618],[-121.03995472875403,50.63745189822076],[-121.04745349779297,50.63081941707368],[-121.04719839541329,50.62467732270993],[-121.04374878929559,50.615098873823726],[-121.05211076608886,50.61429611101994],[-121.06476116572962,50.600734313108525],[-121.05287231485767,50.590852914605236],[-121.02182414739839,50.58262865199228],[-121.00921711449405,50.57579154444018],[-121.00914420624753,50.56288417413299],[-121.01713208342454,50.55842738753251],[-121.0173506613432,50.54851997363597],[-121.02623272852247,50.54842180555353],[-121.02653782671653,50.533198385939095],[-121.05030923604706,50.53288914216211],[-121.05080137044085,50.56366684936224],[-121.09709471899302,50.56397538631681],[-121.09629070970225,50.57935065632482],[-121.12855547268474,50.58075130107897],[-121.20935728875561,50.57800399629708],[-121.20809862356337,50.56892590167904],[-121.2495022228144,50.56291910604591],[-121.28476418229941,50.56182991040408],[-121.28487954419877,50.567299839693284],[-121.29694011887753,50.56708698435284],[-121.29518711031541,50.5629265593992],[-121.29678134631757,50.555502072477005],[-121.28795021393447,50.5448604247515],[-121.234468554843,50.54958252886001],[-121.23481790210131,50.53420186277081],[-121.13835282195548,50.53498253406163],[-121.13805066650863,50.52018099980462],[-121.11972724137783,50.520143910878886],[-121.11930095495099,50.49128075294758],[-121.13873164998563,50.490945551637346],[-121.14080765047474,50.43250986917062],[-121.07136929793191,50.43174247793545],[-121.07338678425522,50.38853784539123],[-120.95833601344863,50.38791051837674],[-120.95741346175426,50.4168345289851],[-120.93492854637691,50.41659569408642],[-120.90282158663221,50.390854842821035],[-120.89472871296708,50.381612273495776],[-120.8901048053461,50.36289575029925],[-120.89631242451665,50.344705857360324],[-120.90316570992054,50.341784391224614],[-120.904088542494,50.337375563834726],[-120.91111154296425,50.3262408555828],[-120.9105794063048,50.320997058598074],[-120.91441050283241,50.31365155656159],[-120.9397980761596,50.3103645351855],[-120.94242170752639,50.292730271041805],[-120.95414614562077,50.28724811696742],[-120.96607580526614,50.27294964454112],[-120.96304888554154,50.26317517078009],[-120.95424562271182,50.26601213762],[-120.94712354654212,50.264682701255474],[-120.9482604921948,50.256233937995354],[-120.94492204766578,50.25264119541419],[-120.95214974654932,50.241532437988376],[-120.97007485425623,50.22785934328005],[-121.09117962012067,50.227139783030275],[-121.09078182237313,50.23033648242268],[-121.09437514208778,50.23037216344504],[-121.10469288879791,50.236481195231704],[-121.1047787461633,50.231956732632725],[-121.09946634129817,50.231610369864896],[-121.09964128937544,50.226861348465185],[-121.14031733519892,50.227215682812734],[-121.13955352254182,50.19817777006548],[-121.14558595380012,50.19977707949602],[-121.16888999189369,50.19350641413864],[-121.19100376604358,50.18969668952082],[-121.2096035846788,50.19156355854354],[-121.22030518343809,50.18899131122634],[-121.21943050374252,50.179355673237524],[-121.23255208615477,50.17146398352794],[-121.23931620249117,50.1584905256456],[-121.23544311398972,50.14827595750592],[-121.24817964131205,50.14537679718566],[-121.26705414949609,50.149801244414924],[-121.2791164277724,50.1565128181876],[-121.28634056267718,50.156002368727734],[-121.29779606303791,50.1523327760842],[-121.29224763032867,50.14902447257334],[-121.2934171161048,50.13967155640557],[-121.30088852126481,50.13303800631559],[-121.3217640103871,50.12603411626009],[-121.31833979503983,50.11834646284226],[-121.31993864005861,50.11421081280668],[-121.30742159517732,50.104047933261825],[-121.31521944047424,50.09769192807717],[-121.31557682392638,50.09210551414568],[-121.31348251096027,50.08846240426923],[-121.3165628064721,50.08562377220386],[-121.31698171613887,50.0824147959302],[-121.30847231351628,50.06868489220899],[-121.31622587950385,50.06032959358522],[-121.31532813877023,50.05246633520528],[-121.52616716689751,50.05218673714334],[-121.54210692198168,50.05238788126585],[-121.54272120580714,50.05415643277596],[-121.5437070137721,50.052296108197154],[-121.5649791349343,50.05222773720743],[-121.59013256287236,50.04958859274904],[-121.60975134386621,50.04188198193913],[-121.62608457959922,50.05090707106629],[-121.63532668142571,50.05362503436355],[-121.63703841203426,50.05876292254479],[-121.64103070663792,50.05821374686712],[-121.65341048265478,50.06092892990788],[-121.65556720491621,50.06337428325406],[-121.66124885486332,50.064971888652245],[-121.65461446419563,50.07133118354843],[-121.65762433635498,50.075747514451905],[-121.65802731880916,50.07951389585596],[-121.6622227690513,50.080996359135504],[-121.67573142568344,50.078323910833944],[-121.6815915958284,50.07866413608823],[-121.68686775692615,50.075597708123304],[-121.70266746722618,50.07494715900457],[-121.70481682566428,50.07619556351931],[-121.7069143080334,50.081809736996426],[-121.714578964683,50.08620817240359],[-121.73714627118554,50.08791986261056],[-121.75346499687537,50.0923422476909],[-121.77779240753175,50.088297162733156],[-121.7936215133187,50.09002396627729],[-121.80119683960517,50.08514745475377],[-121.80815151254636,50.08332268601396],[-121.82286410708784,50.08098348309667],[-121.82925135248247,50.078442331272434],[-121.83650744013438,50.078766830992166],[-121.84800670574963,50.07620000054092],[-121.84939080264782,50.07529635678184],[-121.84852957721395,50.07302869257548],[-121.85284949007239,50.06876229895961],[-121.84850641389296,50.06238691009808],[-121.85579096687874,50.05744830359091],[-121.85091021271971,50.052749940317675],[-121.85562210514735,50.0504547408175],[-121.85845510172582,50.04637522400929],[-121.8629187380931,50.046711590998314],[-121.8727823988901,50.05150474180664],[-121.89580230533716,50.049649988449275],[-121.9004022059608,50.05309332060128],[-121.9038275952996,50.05211810844431],[-121.91036864213511,50.054773013129555],[-121.9126269644325,50.06319229820382],[-121.91990630845379,50.071762853275125],[-121.92474337697324,50.071974772749236],[-121.92793650624807,50.07422905909361],[-121.93486136142234,50.07412960652275],[-121.93574546803991,50.07729410934486],[-121.93958060111473,50.07888649371328],[-121.94803429246497,50.07835865692771],[-121.95065604426279,50.07959899977717],[-121.95219099115397,50.082699685174596],[-121.95060524796482,50.08833103115315],[-121.95343097701179,50.09070643543161],[-121.95631571852583,50.09080885346778],[-121.95939241884044,50.084691447886975],[-121.96447616338037,50.082567879070794],[-121.97239333727397,50.08341664824331],[-121.98117748953885,50.08007353425965],[-121.99031831613709,50.08187000376333],[-121.99231128933047,50.08436914095295],[-121.99765786460603,50.084335099331604],[-122.0011508281394,50.08754212088222],[-122.00468544662972,50.087579106412186],[-122.00558371117951,50.08548054155608],[-122.01039918986707,50.08419347918302],[-122.02363126977818,50.08584047213739],[-122.03148749981641,50.09392137037701],[-122.03978824899495,50.095240588179365],[-122.04217576005715,50.09881272026211],[-122.05213094157519,50.104246250013624],[-122.05696731483563,50.10941596835176],[-122.05631956346889,50.11474391561471],[-122.06736998678657,50.12124522549536],[-122.06609215471101,50.1225703510351],[-122.07006993804664,50.126370133391966],[-122.08375254133882,50.120949030038965],[-122.09592233927346,50.12474760064884],[-122.09907927497365,50.12430557647128],[-122.10322502291564,50.121882579409856],[-122.10647745053517,50.116296698341586],[-122.11423732627863,50.11312843683667],[-122.11636732123372,50.10731173026635],[-122.13111761637465,50.11228227742471],[-122.14586405309508,50.10965529417117],[-122.150640737934,50.11123229594696],[-122.15321760899877,50.11444164329044],[-122.17003270930385,50.11293080860213],[-122.17871174941051,50.10945097668942],[-122.20451333526887,50.11067090558943],[-122.21089355994408,50.10870282106944],[-122.22219798854275,50.110818461909744],[-122.22991522873804,50.11051207047463],[-122.22124801903979,50.11913839805335],[-122.22601601518778,50.12622300919972],[-122.23610829335331,50.12518403252028],[-122.24313513061722,50.1264527621738],[-122.25593936494867,50.12179977150484],[-122.2682043115107,50.132256069827015],[-122.27596392226528,50.141161656533264],[-122.27119693790776,50.145238215264385],[-122.28625880590252,50.15247916205655],[-122.29086355852465,50.15745743466391],[-122.29832096640307,50.173745009263904],[-122.31355319047263,50.17230916400236],[-122.31625116301024,50.187120216990124],[-122.30155516936284,50.192589411151204],[-122.30310842026091,50.198585847456926],[-122.29498215830682,50.20109906572194],[-122.28333360646877,50.19999384364451],[-122.27795120461367,50.20331647775552],[-122.27735027878626,50.21405139388723],[-122.26903318541916,50.21892305140843],[-122.26768438574875,50.222435979672916],[-122.27495590328068,50.2244245584937],[-122.28643632206997,50.22386352265798],[-122.30163009294054,50.22978728812549],[-122.30053235756172,50.23373911237197],[-122.29716794320909,50.23576328435991],[-122.29567883256416,50.23888363821466],[-122.30307016024372,50.249370917741096],[-122.29570553735427,50.253856284701506],[-122.27741586522401,50.25694563106943],[-122.27206546249458,50.26035174357813],[-122.26299423208584,50.2589729455059],[-122.25863930165326,50.264219622020626],[-122.24754813580417,50.271338231246375],[-122.24006190296659,50.27463504474578],[-122.23461225178889,50.27512930668763],[-122.23735383671703,50.2806000601671],[-122.23619973144166,50.282747225293406],[-122.23713894595575,50.28677961345739],[-122.24669303429783,50.29166641373945],[-122.24894724773534,50.29662082640051],[-122.24939169144334,50.30561482736671],[-122.23731843631583,50.31205887036426],[-122.23869647967142,50.314453169036746],[-122.2438084534107,50.316651051610336],[-122.24192380041846,50.32225340500768],[-122.23429582188534,50.32468896557535],[-122.21528559519648,50.32595775162369],[-122.21379123168566,50.33283183138908],[-122.20483244420531,50.33484447383107],[-122.2013700813032,50.33807042031087],[-122.19219627338022,50.33929282217697],[-122.18125481626214,50.33480940653508],[-122.17240818244159,50.335560012077764],[-122.16740236721492,50.346485326846626],[-122.15294673276507,50.35157209580375],[-122.15401484548788,50.35411421158325],[-122.15100662200157,50.35782013652183],[-122.1454193472586,50.360431526376736],[-122.15126714580867,50.36844961762184],[-122.16307936605868,50.37124147291661],[-122.16412351199519,50.372795672919054],[-122.15480509869114,50.3762259172521],[-122.15510152876303,50.379744343040784],[-122.15080953675493,50.38441253371485],[-122.14409951199497,50.384857055124066],[-122.1400947219563,50.38707902173428],[-122.14114737587748,50.38908261394236],[-122.13808940183935,50.3937049972289],[-122.13956576001819,50.39719614781073],[-122.13008868007036,50.400086286728076],[-122.13267478616692,50.40565301123632],[-122.12791350213242,50.40816767416022],[-122.12376130257553,50.41310358382217],[-122.11840196930834,50.41531655846645],[-122.11927165017164,50.418058456957795],[-122.13129640017193,50.42680213959575],[-122.13146912800916,50.4284177114533],[-122.1295219630603,50.42960011232119],[-122.12009736605964,50.43274129040944],[-122.10826068258325,50.430341290385364],[-122.10413417548463,50.432419123318674],[-122.09311638086615,50.433231306900275],[-122.084208673656,50.430862576801054],[-122.07296789297072,50.42532343192647],[-122.06138076650686,50.425686303259965],[-122.05472258855855,50.42954000498918],[-122.04630686984233,50.43112154605098],[-122.04264675474153,50.420758774332604],[-122.02358048634666,50.41635998216941],[-122.02000721886168,50.414277657000426],[-122.01515140676125,50.41437906384207],[-122.01139709507004,50.412124911801456],[-121.99057238277891,50.416167709318486],[-121.96840525086294,50.4173237252917],[-121.96501864930208,50.41350545187649],[-121.96707420779948,50.41079634328635],[-121.9661812399834,50.40738158440028],[-121.95503998296378,50.40130735263915],[-121.9495936994891,50.405703798568965],[-121.94273345895118,50.40513424542512],[-121.92924559420442,50.408167046450075],[-121.92645666784064,50.41060160378224],[-121.92716183580244,50.41428385985205],[-121.9220080694539,50.41587406165655],[-121.91949385603704,50.419085608781685],[-121.9050536842723,50.42063130280606],[-121.88311957972213,50.41933245932384],[-121.87044281929737,50.42246492132331],[-121.86799692012055,50.42479453064166],[-121.86450687827532,50.42908763130238],[-121.86832445700615,50.43668509972455],[-121.8549988380405,50.449958226451365],[-121.857552146066,50.45263717207594],[-121.85922915278955,50.45809072894562],[-121.86243253310921,50.460884895714564],[-121.85492943929947,50.471891964474445],[-121.84123369487116,50.478459511047525],[-121.83933903010308,50.48529926486639],[-121.83195774344098,50.487830583191496],[-121.82482798202791,50.50358388406466],[-121.80697368503576,50.517309306986654],[-121.78457940505758,50.5168890734192],[-121.78487115233949,50.530778714552646],[-121.77656619395414,50.530985172794495],[-121.7773048046933,50.535251185798245],[-121.77593840565423,50.53651373947684],[-121.76933945162241,50.536605176638716],[-121.76921754520608,50.53986335659131],[-121.76707654845195,50.53981856203017],[-121.76641119314337,50.546380289293396],[-121.76192854178528,50.546395997803174],[-121.76235560674111,50.575331286940546],[-121.76685674093059,50.57532684036806],[-121.76596858353685,50.75021198585284],[-121.74357322772875,50.750391532662846],[-121.74291375462303,50.79371014184012],[-121.72068815755573,50.79371870631361],[-121.71989251985217,50.837700267410234],[-121.69659791483869,50.83799405630391],[-121.69632348688883,50.85270337777173],[-121.67239632457142,50.8528525633155],[-121.67283307474247,50.8816338600434],[-121.64900679838246,50.88176735949092],[-121.64872751316547,50.895666265396656],[-121.62533767050711,50.89604108947344],[-121.62613737115028,50.924953954056974],[-121.54196790223283,50.925408118289695]],[[-121.34606544209552,50.4248289362277],[-121.34611740747803,50.423745090312664],[-121.34520296366824,50.424019815477486],[-121.3460633153328,50.42487294431237],[-121.34606544209552,50.4248289362277]],[[-121.54263500309182,50.05777264609621],[-121.54171774643898,50.0547212171783],[-121.54175028834405,50.05791284898122],[-121.54263500309182,50.05777264609621]],[[-121.54612397071777,50.05691343036696],[-121.54454125208872,50.05473298096969],[-121.54408223517049,50.0548951742089],[-121.54528653149238,50.05705104816928],[-121.54612397071777,50.05691343036696]],[[-121.34504420566884,50.4238325853165],[-121.34630607371025,50.42344782939998],[-121.34624370025543,50.42127239661238],[-121.34397019101165,50.42249610929074],[-121.34504420566884,50.4238325853165]],[[-121.33923817410674,50.46341552849921],[-121.3397607863323,50.46162991654094],[-121.33402061205928,50.461295490861794],[-121.33393847226294,50.463105059684764],[-121.33923817410674,50.46341552849921]],[[-121.34500889706538,50.44902338912042],[-121.34499725236324,50.44525190823556],[-121.34207250613589,50.4451301935039],[-121.34192663702223,50.44911976693365],[-121.34500889706538,50.44902338912042]],[[-121.30888521386531,50.616532359937885],[-121.30932343013934,50.61968557629744],[-121.31405752261703,50.621264958364165],[-121.31166763840565,50.61697667451642],[-121.30888521386531,50.616532359937885]],[[-121.5736802230566,50.17316983577713],[-121.57504139200363,50.17354005861019],[-121.5760661931424,50.17173292821848],[-121.58094425179682,50.17552162477375],[-121.58205317040931,50.1711880113362],[-121.57480319771572,50.170386896673676],[-121.5736802230566,50.17316983577713]],[[-121.6002771377105,50.252119335918884],[-121.60132675439588,50.251699717238814],[-121.59963509021873,50.25030135918137],[-121.60319296194245,50.248796369343125],[-121.60160150250287,50.24730938508429],[-121.59701581563601,50.249206693497044],[-121.59443879759489,50.24844344234819],[-121.6002771377105,50.252119335918884]],[[-121.36053793744239,50.416210148641134],[-121.36321873418582,50.41333987134998],[-121.35756988714073,50.413453833361],[-121.35713671661851,50.41597999826263],[-121.35421734075744,50.416167577015514],[-121.35486540161116,50.41777689635638],[-121.36053793744239,50.416210148641134]],[[-121.31852523317927,50.425981665300135],[-121.32169354795043,50.42337112891898],[-121.31597076205574,50.42134287101323],[-121.3162106262255,50.42734176215156],[-121.31852523317927,50.425981665300135]],[[-121.33605073612273,50.430534259038204],[-121.33860215754407,50.430564719381614],[-121.33864733172003,50.42543420038031],[-121.3327267517773,50.426036640394514],[-121.33317636432416,50.43064421548345],[-121.33605073612273,50.430534259038204]],[[-121.57850260969501,50.15698882346754],[-121.57876307452591,50.15131166623188],[-121.5735910229463,50.15150584962948],[-121.5726053550897,50.15700818075979],[-121.57850260969501,50.15698882346754]],[[-121.58670033726587,50.23484567221865],[-121.58952520955522,50.2400228550775],[-121.59981760882056,50.23914271052874],[-121.59988549214565,50.23747273532575],[-121.59699039221152,50.23738611860708],[-121.5970368984924,50.23404794016277],[-121.58670033726587,50.23484567221865]],[[-121.67679863532997,50.370322174788015],[-121.67492973851898,50.37282734925801],[-121.67606913380425,50.37787750398077],[-121.68340306241653,50.37769526412387],[-121.6839320827416,50.36851787804327],[-121.67902498549937,50.368593832417744],[-121.67679863532997,50.370322174788015]],[[-121.567898719509,50.13579687767738],[-121.56818691496032,50.14276170367206],[-121.57423169912771,50.1427308274137],[-121.57309972126399,50.13371826982796],[-121.56990706996785,50.131080252112675],[-121.56431960389281,50.130484490594164],[-121.56475111801892,50.135390853092126],[-121.567898719509,50.13579687767738]],[[-121.40356481874451,50.26708267699447],[-121.40640271796114,50.26365885787538],[-121.41276099595376,50.26324303293351],[-121.41118922750042,50.259931755565084],[-121.3933622660051,50.26198199054683],[-121.39355718509019,50.26697861598914],[-121.40356481874451,50.26708267699447]],[[-121.31281911272406,50.47230970814418],[-121.32006505601605,50.465724416285845],[-121.31149091097198,50.46129308573943],[-121.30360710844445,50.46824094531795],[-121.31281911272406,50.47230970814418]],[[-121.52193013314985,50.142125288740935],[-121.51380159124088,50.14877675597092],[-121.51103600910264,50.15127168096126],[-121.51883766156223,50.15527985922601],[-121.52116311919092,50.15030176685426],[-121.52784329583518,50.14887042195163],[-121.52869965379202,50.14627534333126],[-121.52193013314985,50.142125288740935]],[[-121.24073410545559,50.36073431280966],[-121.2389412079377,50.35658879945881],[-121.23363559424472,50.354596719510376],[-121.23370686798631,50.36916118749545],[-121.24731775671931,50.36953733884912],[-121.24806067963523,50.36659630173311],[-121.24025159713766,50.366052294019504],[-121.24073410545559,50.36073431280966]],[[-121.57542722491843,50.196206942916334],[-121.58359437466574,50.196735177630366],[-121.5814597498084,50.1931020652495],[-121.58092560926154,50.18605366103593],[-121.57758313267186,50.18255862412664],[-121.5721314745597,50.182312580692425],[-121.57309275507224,50.19600584025271],[-121.57542722491843,50.196206942916334]],[[-121.72205402458466,50.42184952870119],[-121.71344905619367,50.421960136472066],[-121.71346085961135,50.42401535854234],[-121.69621501537834,50.42387990281816],[-121.69644065991338,50.43157531689754],[-121.70418616296462,50.43156468053254],[-121.70430542217991,50.428668105347306],[-121.72179698353044,50.4284129916349],[-121.72205402458466,50.42184952870119]],[[-121.55842996453391,50.12440325078427],[-121.56084771976127,50.12461297157215],[-121.56007103696132,50.12257526471985],[-121.5672745566971,50.116485268668335],[-121.56753363027234,50.113924555192845],[-121.56393492472294,50.10893415803651],[-121.56336972199632,50.105392130976085],[-121.55265490384701,50.10535399969369],[-121.55304679630126,50.110897252771416],[-121.55606081096154,50.110795158431536],[-121.55516091319717,50.120772196947975],[-121.55851880240674,50.12143189828578],[-121.55842996453391,50.12440325078427]],[[-121.72854522390284,50.4906586151228],[-121.72642083299245,50.49638455203957],[-121.72737893600994,50.49961475465913],[-121.7314736242503,50.50199737934886],[-121.7342561130138,50.50716306557379],[-121.74199628404658,50.508850671457566],[-121.74063271470742,50.49858746127251],[-121.74250285529587,50.49092376042938],[-121.72854522390284,50.4906586151228]],[[-121.64005512183364,50.295462864530315],[-121.63876335319351,50.29346036741227],[-121.63125133135723,50.2925545594324],[-121.62387089216483,50.285569525594546],[-121.6219298302265,50.285449515086576],[-121.62255505037655,50.29222838048455],[-121.61441504165337,50.29235988204593],[-121.61493821880165,50.2992986218867],[-121.6402337049916,50.30025351494714],[-121.64005512183364,50.295462864530315]],[[-121.66273833089025,50.34648189032949],[-121.65803394941794,50.342072959185394],[-121.65713321682712,50.33418285380754],[-121.65369101565543,50.32718738002753],[-121.64581564766667,50.32779326198104],[-121.64474030464521,50.3460202766103],[-121.66273833089025,50.34648189032949]],[[-121.61140502497575,50.28913097598219],[-121.61080098164844,50.28358407925129],[-121.6232345376588,50.284087976995785],[-121.61962008035462,50.28061616120616],[-121.59261476741604,50.280727728463134],[-121.59364098884944,50.291988151481114],[-121.61163128656686,50.29206566959833],[-121.61140502497575,50.28913097598219]],[[-121.39590923111781,50.619502114739596],[-121.39590104243003,50.61219412381712],[-121.3849514912871,50.61210932337839],[-121.38463544243359,50.60502222219231],[-121.3724723397474,50.60503914612309],[-121.37215419532443,50.61957764600799],[-121.39590923111781,50.619502114739596]],[[-121.70355753656673,50.45085685360328],[-121.70846212444624,50.44556025762958],[-121.72126768590485,50.443912090524954],[-121.7251178145047,50.442668330396224],[-121.7279358561635,50.43961203840725],[-121.73759190119137,50.43968436210852],[-121.73762546982279,50.43778735853228],[-121.69933680772372,50.437292734546645],[-121.69965243362432,50.440659556918455],[-121.69450234714208,50.44973035787609],[-121.70242584076954,50.45257166638469],[-121.70355753656673,50.45085685360328]],[[-121.64563658972482,50.81911071958594],[-121.65905238944224,50.81935421410925],[-121.6590276622316,50.823189485206676],[-121.67036489643601,50.823249805423664],[-121.67127032599731,50.82928368396688],[-121.68381985536412,50.82976819765607],[-121.68312824944054,50.819644702876694],[-121.6713026941883,50.81948168002759],[-121.6710940221227,50.813707928091844],[-121.65951074882828,50.81351395364114],[-121.65940666791731,50.81024036235445],[-121.64548489110165,50.81010174302774],[-121.64563658972482,50.81911071958594]],[[-121.27546222493586,50.66858792189755],[-121.27596979790071,50.66261749928516],[-121.27422598545131,50.66452053026852],[-121.26617080755464,50.66156615488421],[-121.27284631544578,50.65325807775834],[-121.2807435607551,50.6566243450254],[-121.28096762784958,50.64808607668286],[-121.26696404594543,50.64804489190928],[-121.26716850569345,50.65678562139554],[-121.25249535372227,50.65674319245225],[-121.25272387234625,50.67078352798423],[-121.2726604065203,50.67080294496562],[-121.27543829299762,50.670460347727705],[-121.27546222493586,50.66858792189755]],[[-121.61691901345,50.27746998901209],[-121.60542873792203,50.26912347453683],[-121.60344882609913,50.26633776705496],[-121.60473464311475,50.2631161699021],[-121.59878544065552,50.2545353523364],[-121.5941493993444,50.25140164951995],[-121.57908318529115,50.2515487404082],[-121.57929283352496,50.25662056390116],[-121.56502210441136,50.25649696232499],[-121.56539738218177,50.267248491115964],[-121.57913937935189,50.26757260303596],[-121.57923960070349,50.26564850773325],[-121.58634465979911,50.26554554973804],[-121.58844358796782,50.26777378156139],[-121.58855814760608,50.27675922473647],[-121.60043773687126,50.27688686024242],[-121.60199361060947,50.274781359322056],[-121.60195003904835,50.27770554760857],[-121.61691901345,50.27746998901209]],[[-121.37998413787241,50.85213705809043],[-121.37970704034792,50.84692570983434],[-121.38333668916692,50.84517566434668],[-121.38864911329131,50.8432661377106],[-121.38962109479364,50.84523427299369],[-121.39606186866116,50.845196853249114],[-121.39591947527329,50.837885360639575],[-121.40208920043858,50.83796687903255],[-121.40221707370489,50.83027273813712],[-121.3670985756326,50.83059026874086],[-121.3620425746093,50.828911220860846],[-121.35562336533717,50.83475184043636],[-121.35045230520338,50.83223153790724],[-121.35001033478429,50.85171422068121],[-121.37998413787241,50.85213705809043]],[[-121.6545911246853,50.32419767937556],[-121.65937491575613,50.334433471864095],[-121.65995124317061,50.34136657307188],[-121.66185633586873,50.344608060116805],[-121.66663582118677,50.34655205565861],[-121.67353934516595,50.35459880103587],[-121.67876507921092,50.354983924181404],[-121.67890113881352,50.342287315850264],[-121.66715300905626,50.342319866794234],[-121.66749500168324,50.33499963362346],[-121.66461637875689,50.33500581226191],[-121.66448157487928,50.33142053276878],[-121.65978391832918,50.33139134382884],[-121.65928462632519,50.31704433680264],[-121.65623115011456,50.31694704199482],[-121.65609297674318,50.30913704553004],[-121.6546209103687,50.309034084351026],[-121.65495929538682,50.29948953813503],[-121.65034853091296,50.29942241940511],[-121.64042692049603,50.28110712683882],[-121.6354408003562,50.28095942688935],[-121.63557894654268,50.26994655681369],[-121.61942783447485,50.27004401874218],[-121.61944069338135,50.26850291692092],[-121.61609356297687,50.26831937647711],[-121.61571962883806,50.27523626180975],[-121.62747582005697,50.287158277439],[-121.63285962192266,50.29128705373222],[-121.6427012198544,50.29378517517179],[-121.64150892146198,50.297684554719396],[-121.64352965335466,50.30210536606859],[-121.64304404316826,50.30735215241161],[-121.64882603061073,50.313427878228936],[-121.6545911246853,50.32419767937556]],[[-121.52298981568842,50.89002407421598],[-121.5223717440575,50.86956096724793],[-121.49844493600685,50.86962963024726],[-121.49894276460195,50.87910649185685],[-121.44517462354737,50.87864040991164],[-121.44531361383069,50.88953329574495],[-121.52298981568842,50.89002407421598]],[[-121.59163736286003,50.82604332421356],[-121.59163770498267,50.80804343778687],[-121.60630765856068,50.80822179146949],[-121.60595413171318,50.79724900470318],[-121.57471761304043,50.79705466450583],[-121.57462132214894,50.80815422804544],[-121.56036507131955,50.80818363381574],[-121.560565642719,50.82271164257391],[-121.5422507401762,50.8227311673217],[-121.54254297382782,50.833818681763326],[-121.5661073032067,50.83352629467969],[-121.56619738503345,50.82608779354765],[-121.59163736286003,50.82604332421356]],[[-121.57090157917393,50.24828361975353],[-121.57432637719751,50.246508398511416],[-121.5796319992512,50.23744620537145],[-121.58488009008066,50.23550820290255],[-121.58610880227731,50.231357710876864],[-121.58546390930223,50.22474079360553],[-121.57908180066762,50.21847836642063],[-121.59067503279039,50.21426579625085],[-121.58973639170767,50.19799707368697],[-121.59645614583717,50.19790491753128],[-121.5963457196081,50.18746352522836],[-121.58343823907703,50.18729843430269],[-121.58382272136389,50.19233867683216],[-121.5864670189898,50.197173875057004],[-121.58573250087056,50.19975273949167],[-121.57911054528064,50.19908412497716],[-121.57834285146933,50.1976532906037],[-121.56848823996224,50.19955627794506],[-121.56859461100503,50.202498333078324],[-121.57605977515983,50.202353121593745],[-121.57503101545443,50.20448639330566],[-121.56798807587519,50.2046922853525],[-121.56833478272145,50.21586758313016],[-121.56294888354671,50.21568817794018],[-121.56291370120675,50.22601380505924],[-121.55343374953866,50.226004026715515],[-121.55332613962112,50.23853031499651],[-121.5583814373478,50.23861412044866],[-121.5584635290659,50.24827259811426],[-121.57090157917393,50.24828361975353]],[[-121.31628288458329,50.634855170956506],[-121.3123238721807,50.63633532593421],[-121.31203740466115,50.64736686031421],[-121.32749009052941,50.64803792943377],[-121.32750895210637,50.628782807622],[-121.33301744237613,50.62926927340548],[-121.33284879759427,50.62064328118997],[-121.33623030190587,50.62067638948238],[-121.33648014825233,50.61619434660873],[-121.34792449457898,50.616314872536165],[-121.34826987645958,50.60923166245875],[-121.33712182585563,50.60889830767288],[-121.33464586229782,50.58948261585027],[-121.31022090903791,50.589798112465125],[-121.30298303102548,50.5947262588761],[-121.30274714787097,50.596952266015485],[-121.30511263212053,50.5995685642975],[-121.30557532928545,50.60084325391678],[-121.30301573404383,50.59849475134665],[-121.30398391099929,50.601845867508594],[-121.31292711639627,50.6038910629355],[-121.31506793825513,50.606467474759285],[-121.31555433527109,50.61067456752298],[-121.3126509223963,50.61434756525872],[-121.3182020766397,50.6206848182175],[-121.31822740807944,50.622694285998605],[-121.31070844137503,50.63413254863147],[-121.31628288458329,50.634855170956506]],[[-121.32847061935352,50.816609566358025],[-121.33337546025135,50.8144247215983],[-121.33364851872504,50.812353661008984],[-121.33890876193195,50.81227211191255],[-121.3380461894378,50.78055619573691],[-121.31167544072048,50.78028425934114],[-121.31106277336012,50.77309851667334],[-121.30442389337506,50.77313151440502],[-121.30493510349073,50.806756502201566],[-121.29252261176825,50.79456497039725],[-121.28969924372063,50.79730828956586],[-121.29880688901696,50.80114512548625],[-121.29376264152086,50.807011872451774],[-121.29380732992591,50.8091259110574],[-121.30443815632971,50.81189200399116],[-121.30533389724184,50.81639084328436],[-121.32219554146403,50.816329725754485],[-121.32674335046808,50.81826074148548],[-121.32847061935352,50.816609566358025]],[[-121.27904751712181,50.51094716752625],[-121.28367123571645,50.5055735751182],[-121.2824236302335,50.494887763210016],[-121.28539604842534,50.49299786584772],[-121.29356594479391,50.492056463184],[-121.29570014253382,50.488796356394914],[-121.29473923380196,50.48647924989551],[-121.29639862034581,50.483868655553465],[-121.29572933532134,50.47740985026846],[-121.29704971368571,50.47321126469052],[-121.29440314209499,50.468791957486175],[-121.2952796177905,50.46674537325546],[-121.28927893576497,50.46321335718625],[-121.28019402959502,50.46308795205389],[-121.27766863134397,50.464741552045886],[-121.27176873247842,50.463466859888065],[-121.26773273999162,50.464791362447265],[-121.25998891208262,50.46157406986835],[-121.25537644090267,50.45710636907147],[-121.24783796591836,50.45315090360403],[-121.24938698958924,50.475993390109714],[-121.24087961757424,50.476148705956795],[-121.24163401117272,50.48743921451609],[-121.23909518980945,50.48741009414461],[-121.23940611070196,50.509221213055284],[-121.26827710032904,50.50909734654273],[-121.26834079280502,50.51436956713176],[-121.2738317197699,50.51440736036049],[-121.27419609876334,50.525101611800046],[-121.28241511592645,50.525174026219624],[-121.28218021983405,50.52143506144624],[-121.27754962074651,50.51412596165485],[-121.27904751712181,50.51094716752625]],[[-121.24330283371042,50.31547178550273],[-121.24420470736203,50.28268754748006],[-121.21078296231975,50.282638004677125],[-121.21040267450859,50.271790803777144],[-121.18592409272706,50.27168150237065],[-121.18568526741387,50.264379000828804],[-121.14395118139235,50.26410615347656],[-121.14448905676647,50.278934132731834],[-121.13894821387224,50.27481175671883],[-121.1290076430817,50.275633554705095],[-121.12378111371574,50.27400147106903],[-121.1217496344874,50.272511661460115],[-121.12260042645904,50.269764357785554],[-121.12103954424335,50.2673460719317],[-121.12266677338981,50.26231378591205],[-121.11567558773396,50.26362229412916],[-121.11534823770796,50.27421832384191],[-121.1240193058888,50.27442924150706],[-121.1244042707664,50.2781568992299],[-121.12745555133573,50.27800959679382],[-121.12737717650069,50.27989624997992],[-121.13794265799069,50.280271350228304],[-121.13805893580901,50.28729527969167],[-121.15433706936146,50.2872865619633],[-121.15454799879649,50.29079428407998],[-121.16223211774522,50.29076445958289],[-121.16241456801366,50.2948264953499],[-121.17441045797382,50.29479424627907],[-121.1745554002566,50.2966601907338],[-121.18013346592468,50.29684966107685],[-121.18050325872075,50.300434493746444],[-121.18859494340919,50.30024939134717],[-121.18856162679711,50.30192604091224],[-121.19644819451541,50.30224645105851],[-121.19641150656712,50.30383145705725],[-121.19905477736671,50.30389951949439],[-121.19922369514518,50.30738565056032],[-121.20846398944191,50.30729955620069],[-121.20849599168804,50.308686615806025],[-121.21332170691993,50.31065049527112],[-121.22077727897745,50.311825499300696],[-121.21535959931227,50.315219395959424],[-121.24330283371042,50.31547178550273]],[[-121.34430451977028,50.749751735940734],[-121.34427777178307,50.732896212632575],[-121.32811804905418,50.72785835511502],[-121.33378433353803,50.724024324913664],[-121.34177738299633,50.73021273371673],[-121.34758029558232,50.72678326637703],[-121.35515203897772,50.727852763097616],[-121.36278570132833,50.73417774991142],[-121.361122546363,50.719999505998814],[-121.38563090588218,50.702991952934006],[-121.38554138677854,50.706520835929396],[-121.3962427262331,50.70651801941717],[-121.39635708143834,50.70003703680072],[-121.41316785251782,50.70090428977532],[-121.41450643901007,50.686594486513286],[-121.4104263799625,50.68646026284368],[-121.4115388213578,50.672103446003504],[-121.41440858082797,50.67215511173183],[-121.41499156907807,50.658325553209416],[-121.3590755283115,50.662366989217176],[-121.36256051178248,50.6562956794976],[-121.37513313119531,50.65593009234755],[-121.37488648466358,50.649240965992675],[-121.35348261373261,50.650541080879954],[-121.35327425059064,50.64808737622655],[-121.34844321257663,50.64804598462465],[-121.34850257556886,50.65131271510098],[-121.35123066452448,50.65148100083905],[-121.34958843825095,50.66620712149724],[-121.31811987278998,50.665754533386846],[-121.32044401910127,50.678019588361146],[-121.32833774140417,50.67811766403637],[-121.32838711641104,50.685707169805035],[-121.31491519710272,50.68545250108598],[-121.31540849873865,50.69241817141234],[-121.30527054135601,50.693673306629165],[-121.27964865812991,50.69294020288682],[-121.28084651822235,50.70475553299143],[-121.27876268375188,50.707496637244894],[-121.27375616381111,50.70739304528143],[-121.27408915185062,50.71500579646512],[-121.26869012206515,50.71470117950178],[-121.26935605682398,50.72131035022192],[-121.2639531387549,50.72116402556696],[-121.26396035319198,50.724895775534456],[-121.25717672122708,50.725555514718536],[-121.25722611893072,50.72909348667238],[-121.25522373361599,50.730504632326145],[-121.25730049548802,50.732682803384485],[-121.25708699640913,50.73655309991578],[-121.22441735444433,50.73658897081277],[-121.22510929243457,50.74497371061754],[-121.24203469233059,50.75235250760725],[-121.25180089140422,50.74623360833041],[-121.25805309629659,50.73887468892201],[-121.25995297233383,50.73948031446427],[-121.26072849585536,50.74341696550507],[-121.26682230951256,50.74329035883986],[-121.2662576243708,50.74214154857374],[-121.26912394792575,50.74364701709232],[-121.28079917643905,50.74430606001246],[-121.28200423820351,50.73459867398595],[-121.28498181016958,50.73437692764813],[-121.31215530330913,50.73496841432089],[-121.31066663977272,50.7459822670038],[-121.31124380387119,50.7566282205483],[-121.34430470178495,50.75693954243174],[-121.34430451977028,50.749751735940734]]]]},"bbox":[-122.31625116301024,50.04188198193913,-120.8901048053461,50.93781370047205]},{"id":"5933039","type":"Feature","properties":{},"geometry":{"type":"Polygon","coordinates":[[[-120.80353461926285,51.250637801479044],[-120.77513022643952,51.2318074257875],[-120.75738260748035,51.231320438739644],[-120.74698957840123,51.23664758400064],[-120.73517022390831,51.23969265252039],[-120.72482202118196,51.23666369981222],[-120.71939066013593,51.23013493612644],[-120.72054190785057,51.22334587500117],[-120.70557941700996,51.22434997943262],[-120.69446403624472,51.229190445404996],[-120.68111126800203,51.21513990681406],[-120.67418543735852,51.21794762873673],[-120.65383730468605,51.21963222290476],[-120.63221082698189,51.2188401141263],[-120.61701807433708,51.21651610054557],[-120.60823717491692,51.205957289304834],[-120.59286182048156,51.197617510497565],[-120.55777392969644,51.1935710320538],[-120.55670226120947,51.040671142095285],[-120.56033804117999,51.040660799473024],[-120.55960142628791,51.02859665535368],[-120.51343356010443,51.0283209818912],[-120.51263876254929,51.01454163243699],[-120.46663198976172,51.013132246907446],[-120.46812023379015,50.99708847313329],[-120.5017538352876,50.99727010878911],[-120.51101966793462,50.99436527388169],[-120.51524589346029,50.991078202466376],[-120.51496779310146,50.98680215384119],[-120.50871957374885,50.98289850577376],[-120.50936387820451,50.968024236047306],[-120.46348321649168,50.95274517478819],[-120.45552361592975,50.96070273433858],[-120.4507320386883,50.96140318018943],[-120.44753700669119,50.955523289345756],[-120.44094560882019,50.95466301322961],[-120.43808263243655,50.949683457045516],[-120.43111702469454,50.94801739337991],[-120.4218358409902,50.94317529956969],[-120.41854444272623,50.938670373865776],[-120.42919533539103,50.926168885015954],[-120.39531794189017,50.91949518629387],[-120.39366349806456,50.91463603017826],[-120.38733018450547,50.909170850485175],[-120.37856391170935,50.907154781049734],[-120.3701536653543,50.90227981683913],[-120.35735577524126,50.90258230609936],[-120.35672478583473,50.894892770996655],[-120.33406841103952,50.894626325728225],[-120.33385385165434,50.88076462079371],[-120.31278582065012,50.88140460057962],[-120.31176328701488,50.86622761450588],[-120.31312697045503,50.84483352156553],[-120.32337215535706,50.84452636147916],[-120.32385900621743,50.83370224457492],[-120.33512795610679,50.83359961606545],[-120.3351508376946,50.82289291562954],[-120.38206410362602,50.82278165313496],[-120.38191234107734,50.74205420752739],[-120.47242593867156,50.74196989694482],[-120.47229937029188,50.72786777338345],[-120.50958788049373,50.727933199964035],[-120.50952675087888,50.729187221837066],[-120.51497526960115,50.729263907002846],[-120.52068286592834,50.732141510820675],[-120.52454911319282,50.73095801567794],[-120.52484353150142,50.729194936308296],[-120.53838152448674,50.72904163990043],[-120.53833028684971,50.726814836369684],[-120.54113968919003,50.72579930299528],[-120.54128435859265,50.72468643225882],[-120.5381670360481,50.7246605975551],[-120.53895212886322,50.71389399097037],[-120.51913422198754,50.710844320828215],[-120.51871753282774,50.69311471887845],[-120.4828342597938,50.69278000522844],[-120.48244031098395,50.689632031111465],[-120.47400116094882,50.68668163992385],[-120.47411181222579,50.668819934419275],[-120.47666828210275,50.65617557861699],[-120.47372173336896,50.64634483768173],[-120.47394067027795,50.61945527620802],[-120.44574421278453,50.61791745832033],[-120.35791164421275,50.618268970754976],[-120.35719054386391,50.57512297520895],[-120.33987025544093,50.57495307551976],[-120.338860059179,50.502956595947936],[-120.34233901152845,50.43186591083162],[-120.340921107837,50.38585948754841],[-120.43152892406385,50.38574296024107],[-120.43179872784935,50.40015685652379],[-120.56626609464708,50.40148418912244],[-120.56710654127093,50.415902850191664],[-120.63162066649126,50.41574809621521],[-120.63427381536428,50.43033022145918],[-120.72849640201603,50.430991176461085],[-120.72879722682663,50.4455620789866],[-120.77304228971842,50.44554889224924],[-120.77313487463681,50.44959643248368],[-120.79748546488084,50.449902123145804],[-120.7971773195876,50.45941199376573],[-120.86370023016991,50.45934653869283],[-120.86264569392402,50.47496804565375],[-120.81882759086005,50.474697847011655],[-120.81039884715773,50.471970581129995],[-120.79999532741695,50.47399456143921],[-120.79398692498242,50.4792413731521],[-120.7917414253589,50.48418195279201],[-120.7811346460219,50.48345577105288],[-120.78439271031715,50.49761065794499],[-120.78430848037175,50.50388764417574],[-120.8198305332788,50.50372559952656],[-120.82006753648457,50.505243860467296],[-120.8376247485823,50.50521487547692],[-120.83815709083558,50.51206957202061],[-120.84292637427804,50.5119098938303],[-120.84345095364493,50.50446574021894],[-120.91289794481258,50.50319065544353],[-120.91292807850178,50.51830947392893],[-120.93584937828709,50.518121050207725],[-120.93587070791683,50.50332256919905],[-120.95842863748351,50.503508867203884],[-120.9595568153851,50.54798979744374],[-121.0173506613432,50.54851997363597],[-121.01713208342454,50.55842738753251],[-121.00914420624753,50.56288417413299],[-121.00921711449405,50.57579154444018],[-121.02182414739839,50.58262865199228],[-121.05287231485767,50.590852914605236],[-121.06476116572962,50.600734313108525],[-121.05211076608886,50.61429611101994],[-121.04374878929559,50.615098873823726],[-121.04719839541329,50.62467732270993],[-121.04745349779297,50.63081941707368],[-121.03995472875403,50.63745189822076],[-121.04902491792646,50.65134164337618],[-121.04471998507138,50.66080470667246],[-121.03915817841357,50.66555090387198],[-121.01499901661796,50.67604399271355],[-121.00653214079597,50.67720661094849],[-120.99778441092089,50.67419818797669],[-120.9618722535834,50.66914481677604],[-120.94883573403264,50.67062774369684],[-120.93903406654067,50.66566681694529],[-120.93266205193396,50.67016385102387],[-120.92676579603469,50.670832247800945],[-120.92183768378928,50.66296333362092],[-120.91305945617255,50.65794447194931],[-120.90956908253101,50.66202259612207],[-120.9088981311423,50.70339656563515],[-120.9108246264336,50.74374188947894],[-120.89548392217138,50.74320576360086],[-120.87882997159855,50.749183443072496],[-120.95146385433873,50.87542934701799],[-120.96259121392119,50.87307892835287],[-120.96310011552586,50.87604227596101],[-120.96665875248888,50.87525872809578],[-120.96384703277391,50.872616599462035],[-120.969962498819,50.87142319389143],[-120.97279122656666,50.87964647882281],[-120.97600223847564,50.879703460501965],[-120.97919971521344,50.882358173236256],[-120.98806431800975,50.88350035861556],[-120.99147951952892,50.88179557212385],[-120.9979849465848,50.88158334056654],[-120.99617448714632,50.88226620903956],[-121.01062221820767,50.885972764180195],[-121.01391333728068,50.89015714926418],[-121.01374816324835,50.8934141258137],[-121.01685514348623,50.892917165446015],[-121.02369686037733,50.88932104092644],[-121.03206348329861,50.87978987639538],[-121.03100663574702,50.87802413000328],[-121.0390515655265,50.87536680780053],[-121.014432908765,50.83754658452123],[-121.0498226984231,50.83797877167961],[-121.04903656059898,50.92487998794401],[-121.07107758548405,50.92485408864991],[-121.07071083864773,51.01033508480043],[-121.07266749644788,51.07223809541595],[-121.05758770272733,51.063802361648534],[-121.0176689312978,51.05028503292524],[-121.02617790235057,51.07092156055291],[-120.9954697624529,51.082536919804944],[-120.98807547398478,51.07913978857993],[-120.97337004895097,51.05951134612948],[-120.95934248797559,51.05069379649487],[-120.94649681653753,51.049196464773274],[-120.93422479234019,51.056979763297086],[-120.93158133468744,51.06891557723281],[-120.93325888943369,51.078873099189806],[-120.93800488246279,51.09029768153857],[-120.97295083924695,51.10825473840387],[-120.99496503808037,51.127940890953695],[-121.00095810655365,51.13579793590863],[-120.9754231096896,51.16850393392107],[-120.97379111574205,51.174884663319034],[-120.97830464759286,51.174702633402994],[-120.97925461799923,51.17827661498931],[-120.9727250802531,51.178892124672686],[-120.97130675372702,51.18443472010366],[-120.96032117557581,51.20412709143151],[-120.95155403190809,51.207725333981585],[-120.91753067222353,51.21444540061833],[-120.91297059378233,51.223939220446724],[-120.90530474116538,51.23185514334969],[-120.8865875022583,51.24472714158239],[-120.84216543398767,51.24516040926492],[-120.80353461926285,51.250637801479044]]]},"bbox":[-121.07266749644788,50.38574296024107,-120.31176328701488,51.250637801479044]},{"id":"5933042","type":"Feature","properties":{},"geometry":{"type":"Polygon","coordinates":[[[-120.28896263800499,50.863316539272866],[-120.28920728096821,50.86178158167956],[-120.27015019164972,50.86235909455217],[-120.2664165895981,50.86380348878848],[-120.26507329116063,50.8660566108436],[-120.24561681514965,50.86637260933952],[-120.24618590106573,50.85945347844484],[-120.25446379302777,50.85949183957044],[-120.25491969696158,50.8557604816581],[-120.26052625638917,50.8556670373511],[-120.26030003918605,50.83847052403521],[-120.2659047209633,50.83774227208959],[-120.26585236354191,50.830312823371635],[-120.27648104220123,50.830468034223834],[-120.27790650067777,50.824030982063334],[-120.27751218174735,50.80825705358827],[-120.28942568410189,50.808180445670374],[-120.28916741125322,50.80117174680193],[-120.30070960816617,50.80064012081539],[-120.3008827725268,50.781509237626345],[-120.32417014753713,50.78192276913957],[-120.32904399810559,50.77375360263242],[-120.33960729047614,50.762603290685625],[-120.34593179231018,50.74361019960936],[-120.3493554005728,50.73984319603154],[-120.35578748797566,50.73677399286029],[-120.3553653067595,50.717027311611666],[-120.35283298887106,50.70415671566833],[-120.34658531745895,50.69263489444453],[-120.33974540939721,50.685734295335],[-120.34176071066085,50.680392509005436],[-120.32146951319224,50.68071849348909],[-120.31699528261228,50.67803529897354],[-120.29749881171827,50.67446769606013],[-120.29271919347165,50.677172295764926],[-120.29237359355915,50.68088401509775],[-120.26600859093446,50.68175961283665],[-120.25362778806767,50.67882719299248],[-120.23929230904218,50.677938301929835],[-120.22392559495746,50.673529112552984],[-120.20939070660835,50.67305020232635],[-120.19957078460321,50.67097409385754],[-120.1816372093686,50.672375501516086],[-120.16752930899362,50.67043290629887],[-120.1546744069409,50.67181128369444],[-120.12811959385726,50.66464059026224],[-120.09109489637841,50.65946220101453],[-120.07760219452116,50.659961213669504],[-120.06491997162205,50.65738043558069],[-120.06382826794103,50.6627512849358],[-120.07070608356152,50.66538444290647],[-120.07063955823698,50.668587430926365],[-120.0672242939535,50.66856031925632],[-120.06399797409883,50.66815987338213],[-120.06397308418238,50.666536973111256],[-120.0567409777783,50.66664772305753],[-120.05742862856559,50.661055530992556],[-120.05377103302007,50.65931258238537],[-120.05465065860939,50.657853911830244],[-120.04199037799164,50.65818407584252],[-120.04180636632724,50.64889468410575],[-120.08003373076235,50.64865034881994],[-120.08105930100459,50.63712784701926],[-120.0789494352504,50.63701950156072],[-120.0784290772911,50.63442580151781],[-120.08132861529306,50.63459460982951],[-120.08157116028626,50.619346080358895],[-120.25422684964953,50.619324244509656],[-120.30341149506071,50.61736019595197],[-120.32626193569753,50.61837766906713],[-120.32775845113281,50.61719053007764],[-120.32896910198791,50.618383889018304],[-120.44574421278453,50.61791745832033],[-120.47394067027795,50.61945527620802],[-120.47372173336896,50.64634483768173],[-120.47666828210275,50.65617557861699],[-120.47411181222579,50.668819934419275],[-120.47400116094882,50.68668163992385],[-120.48244031098395,50.689632031111465],[-120.4828342597938,50.69278000522844],[-120.51871753282774,50.69311471887845],[-120.51913422198754,50.710844320828215],[-120.53895212886322,50.71389399097037],[-120.5381670360481,50.7246605975551],[-120.54128435859265,50.72468643225882],[-120.54113968919003,50.72579930299528],[-120.53833028684971,50.726814836369684],[-120.53838152448674,50.72904163990043],[-120.52484353150142,50.729194936308296],[-120.52454911319282,50.73095801567794],[-120.52068286592834,50.732141510820675],[-120.51497526960115,50.729263907002846],[-120.50952675087888,50.729187221837066],[-120.50958788049373,50.727933199964035],[-120.47229937029188,50.72786777338345],[-120.47242593867156,50.74196989694482],[-120.38191234107734,50.74205420752739],[-120.38206410362602,50.82278165313496],[-120.3351508376946,50.82289291562954],[-120.33512795610679,50.83359961606545],[-120.32385900621743,50.83370224457492],[-120.32337215535706,50.84452636147916],[-120.31312697045503,50.84483352156553],[-120.31176328701488,50.86622761450588],[-120.28872120576271,50.86654213267158],[-120.28896263800499,50.863316539272866]]]},"bbox":[-120.54128435859265,50.61719053007764,-120.04180636632724,50.86654213267158]},{"id":"5933044","type":"Feature","properties":{},"geometry":{"type":"Polygon","coordinates":[[[-119.92154990607577,50.92464755246164],[-119.96148377835019,50.91441881732023],[-119.93079360046328,50.872168788523176],[-119.91881877329403,50.87321459065369],[-119.91767391164036,50.86152855018113],[-119.91390564693293,50.85854726058058],[-119.87259864494297,50.86012095725617],[-119.85576411334878,50.86572539878489],[-119.83017883927512,50.866210087270076],[-119.83232960743513,50.88863406928446],[-119.92154990607577,50.92464755246164],[-119.80436074992117,50.924590620737455],[-119.80401486391344,50.984022917053835],[-119.70453126634072,50.983704756772404],[-119.69334002552264,50.981112864695554],[-119.68701570644853,50.97718345801674],[-119.68596721856323,50.97160485299594],[-119.6753231310368,50.96982456997871],[-119.6695736107296,50.96098877899353],[-119.66846472476436,50.952064649370534],[-119.665144128816,50.952546067981245],[-119.66030720933036,50.95034425884666],[-119.65676651698578,50.94495645495594],[-119.65545710675013,50.9354612558987],[-119.64851912565638,50.934863068533765],[-119.64877391577751,50.93082827477774],[-119.64382924396006,50.92822336791474],[-119.64232267453933,50.925710199139004],[-119.66435129344259,50.92539225877826],[-119.66419384765223,50.86772659089616],[-119.66965783306232,50.86558477192767],[-119.64958725734736,50.85898682957575],[-119.64943611539987,50.86310995878819],[-119.64614623506911,50.86773575268484],[-119.6392477011366,50.86892645878984],[-119.63890573826079,50.87064405869521],[-119.63225242129671,50.87415757705115],[-119.6280822284076,50.87863246207461],[-119.61768573177719,50.87552055998085],[-119.6099614257753,50.87006325084068],[-119.62712717384655,50.85797623697332],[-119.6444996007482,50.84816696293757],[-119.67017774818525,50.837065507811246],[-119.69888323785278,50.82747510427196],[-119.70709648938225,50.82598279908121],[-119.70972610506189,50.81791549299668],[-119.71431610063212,50.81515960084463],[-119.71562410295537,50.80947699043435],[-119.72117321346607,50.80549490366123],[-119.71767250767576,50.797555008483606],[-119.7134626156886,50.79472980131605],[-119.7198007256999,50.779374993477504],[-119.72111376960724,50.780820829520245],[-119.7168613402426,50.79463825952],[-119.72223572954542,50.80312085579295],[-119.72131163526885,50.81041845933356],[-119.72061103762111,50.8112900603279],[-119.71982893909075,50.80883476488812],[-119.71568183214916,50.81567666299652],[-119.71180351184428,50.81832147571291],[-119.7075009194322,50.82666156034856],[-119.69913513063945,50.82859136434106],[-119.69864892477892,50.831256065027446],[-119.69635100997029,50.83254076232343],[-119.69964583037343,50.83253645178976],[-119.7010328137388,50.83565267427121],[-119.69788547689491,50.83710517322954],[-119.75310230125528,50.837464758543156],[-119.75552001880006,50.83106806967689],[-119.75927261418336,50.828451859831596],[-119.757644630939,50.826133258426935],[-119.75942390725385,50.824508160562445],[-119.75865662730232,50.82281765147904],[-119.76042540220153,50.81813485746748],[-119.75829193456435,50.81036866621608],[-119.75891612719478,50.80772674822077],[-119.76173002000996,50.80633817076055],[-119.76239481848866,50.80147446334115],[-119.76398623619137,50.800787963904334],[-119.75763174414179,50.79893366479395],[-119.76077583406318,50.79426227256485],[-119.76517362931249,50.79254755718667],[-119.76054562015625,50.791551965128065],[-119.76614131164746,50.78752437061037],[-119.76852152995622,50.78363625663446],[-119.7673574179637,50.77859026853996],[-119.77993203952917,50.77028567111961],[-119.78467001636214,50.764325354867744],[-119.77575773860528,50.76327856352218],[-119.77393822325163,50.7603361687051],[-119.7680547271163,50.75819136166489],[-119.75980943295727,50.75013886631324],[-119.75429558697495,50.750204306703026],[-119.75631939437027,50.745970099484566],[-119.76425622598774,50.73800595783181],[-119.76892542218042,50.72631751502835],[-119.78314144685748,50.72030580425352],[-119.7876317201946,50.71691563320467],[-119.7913871639501,50.71387200280264],[-119.79820363508962,50.703164700511294],[-119.8052923185674,50.69995369502501],[-119.82129751271032,50.68884631057217],[-119.83573041667512,50.675446177777204],[-119.84728262844133,50.671944071902935],[-119.85409761422945,50.672542167266805],[-119.8629201243981,50.66538127782642],[-119.87808360627416,50.65946655750444],[-119.89189631457828,50.65187407788055],[-119.90629862796395,50.64701754890954],[-119.91731453929306,50.64512335706871],[-119.92700402522644,50.647829358889034],[-119.94429874343338,50.6490398662392],[-119.95548232865264,50.65300206554598],[-119.96277184169809,50.6536899629803],[-119.97291731573318,50.650804471349],[-119.99914021366084,50.64819815873125],[-120.00007074082636,50.64980689173502],[-120.0272736841491,50.658616206409775],[-120.05465065860939,50.657853911830244],[-120.05377103302007,50.65931258238537],[-120.05742862856559,50.661055530992556],[-120.0567409777783,50.66664772305753],[-120.06397308418238,50.666536973111256],[-120.06399797409883,50.66815987338213],[-120.0672242939535,50.66856031925632],[-120.07063955823698,50.668587430926365],[-120.07070608356152,50.66538444290647],[-120.06382826794103,50.6627512849358],[-120.06491997162205,50.65738043558069],[-120.07760219452116,50.659961213669504],[-120.09109489637841,50.65946220101453],[-120.12811959385726,50.66464059026224],[-120.1546744069409,50.67181128369444],[-120.16752930899362,50.67043290629887],[-120.1816372093686,50.672375501516086],[-120.19165210906282,50.67087149123459],[-120.20662698471362,50.6721663067743],[-120.20970153728054,50.673065061135496],[-120.2094075118325,50.67818701114153],[-120.17857740100658,50.67820100215377],[-120.17881236816262,50.718879865978096],[-120.17711678154615,50.752201293821116],[-120.10544225216651,50.75027094618058],[-120.10340259125637,50.74871636085922],[-120.10381122464476,50.74480779917104],[-120.08543020049251,50.74328415948096],[-120.08066873750528,50.740296159878305],[-120.08253540790206,50.73834635614641],[-120.05400933511466,50.73796002187026],[-120.05654672604918,50.74021444471915],[-120.07341910892944,50.74224501864216],[-120.08223107203628,50.74791120989156],[-120.09648123522885,50.74873897143047],[-120.10449279079567,50.7543801438416],[-120.11302501056535,50.75615919736373],[-120.177832050939,50.756869486351576],[-120.17612461427306,50.78023762161516],[-120.3008827725268,50.781509237626345],[-120.30070960816617,50.80064012081539],[-120.28916741125322,50.80117174680193],[-120.28942568410189,50.808180445670374],[-120.27751218174735,50.80825705358827],[-120.27790650067777,50.824030982063334],[-120.27648104220123,50.830468034223834],[-120.26585236354191,50.830312823371635],[-120.2659047209633,50.83774227208959],[-120.26030003918605,50.83847052403521],[-120.26052625638917,50.8556670373511],[-120.25491969696158,50.8557604816581],[-120.25446379302777,50.85949183957044],[-120.24618590106573,50.85945347844484],[-120.24561681514965,50.86637260933952],[-120.26507329116063,50.8660566108436],[-120.2693700974314,50.86245190081671],[-120.28920728096821,50.86178158167956],[-120.28872120576271,50.86654213267158],[-120.31176328701488,50.86622761450588],[-120.31278582065012,50.88140460057962],[-120.33385385165434,50.88076462079371],[-120.33406841103952,50.894626325728225],[-120.35672478583473,50.894892770996655],[-120.35735577524126,50.90258230609936],[-120.3701536653543,50.90227981683913],[-120.37856391170935,50.907154781049734],[-120.38733018450547,50.909170850485175],[-120.39366349806456,50.91463603017826],[-120.39531794189017,50.91949518629387],[-120.42919533539103,50.926168885015954],[-120.41854444272623,50.938670373865776],[-120.4218358409902,50.94317529956969],[-120.43111702469454,50.94801739337991],[-120.43808263243655,50.949683457045516],[-120.44094560882019,50.95466301322961],[-120.44753700669119,50.955523289345756],[-120.4507320386883,50.96140318018943],[-120.45552361592975,50.96070273433858],[-120.46348321649168,50.95274517478819],[-120.50936387820451,50.968024236047306],[-120.50871957374885,50.98289850577376],[-120.51496779310146,50.98680215384119],[-120.51524589346029,50.991078202466376],[-120.51101966793462,50.99436527388169],[-120.5017538352876,50.99727010878911],[-120.46812023379015,50.99708847313329],[-120.46663198976172,51.013132246907446],[-120.51263876254929,51.01454163243699],[-120.51343356010443,51.0283209818912],[-120.55960142628791,51.02859665535368],[-120.56033804117999,51.040660799473024],[-120.55670226120947,51.040671142095285],[-120.55730203601492,51.08872382552489],[-120.23394407322016,51.094041073816676],[-120.1734318682695,51.093609337531],[-120.17223628971908,51.09855169044488],[-120.16992739475734,51.10055010079015],[-120.15167718361373,51.09927230506429],[-120.14287509306418,51.102716905088954],[-120.1351155161938,51.10210445905536],[-120.13569835898342,51.06847877330604],[-120.11100729064323,51.06777033015334],[-120.11096706194844,51.04138720465114],[-120.11476046970401,51.04146615839752],[-120.11418639511076,51.01140385108823],[-120.09542328636343,51.0114089103219],[-120.0960166446973,50.925042450196045],[-119.92154990607577,50.92464755246164]],[[-119.68130944539892,50.95508933051898],[-119.68131576790907,50.95681771259395],[-119.67822273185217,50.95683296747843],[-119.6832278312444,50.960918972312314],[-119.68256601514504,50.963992461110436],[-119.69487686751087,50.965391813506685],[-119.6946385389227,50.96208064316254],[-119.68979929336086,50.961975755859655],[-119.68954024556757,50.95692575940321],[-119.68664763466671,50.95680374897711],[-119.6865618387365,50.95513889028711],[-119.68130944539892,50.95508933051898]],[[-120.23115346788947,51.00620643310189],[-120.2448912967013,51.00645494896867],[-120.24495863734592,50.99856555706094],[-120.25052915047742,50.998573652010215],[-120.25072760448137,50.98377829100467],[-120.26228375643943,50.983735934203224],[-120.26290426328795,50.968202372301256],[-120.2377459528327,50.968304102241305],[-120.23622282413886,50.97997916994714],[-120.23375031803788,50.984445471959376],[-120.23390011543918,50.99051976514971],[-120.2314855017099,50.99446475683078],[-120.23155644374697,50.99783016989237],[-120.22707164330232,51.002500162133636],[-120.2263117558797,51.005501583849764],[-120.23115346788947,51.00620643310189]]]},"bbox":[-120.56033804117999,50.64512335706871,-119.6099614257753,51.102716905088954]},{"id":"5933045","type":"Feature","properties":{},"geometry":{"type":"Polygon","coordinates":[[[-119.83209111213954,50.8861485875282],[-119.83017883927512,50.866210087270076],[-119.85576411334878,50.86572539878489],[-119.87259864494297,50.86012095725617],[-119.91390564693293,50.85854726058058],[-119.91767391164036,50.86152855018113],[-119.91881877329403,50.87321459065369],[-119.93079360046328,50.872168788523176],[-119.96148377835019,50.91441881732023],[-119.92154990607577,50.92464755246164],[-119.83232960743513,50.88863406928446],[-119.83209111213954,50.8861485875282]]]},"bbox":[-119.96148377835019,50.85854726058058,-119.83017883927512,50.92464755246164]},{"id":"5933054","type":"Feature","properties":{},"geometry":{"type":"MultiPolygon","coordinates":[[[[-119.68859223027785,50.96525716720505],[-119.68256601514504,50.963992461110436],[-119.6832278312444,50.960918972312314],[-119.67823122202331,50.956707053459745],[-119.68131576790907,50.95681771259395],[-119.68130944539892,50.95508933051898],[-119.6865618387365,50.95513889028711],[-119.68664763466671,50.95680374897711],[-119.68954024556757,50.95692575940321],[-119.68979929336086,50.961975755859655],[-119.6946385389227,50.96208064316254],[-119.69487686751087,50.965391813506685],[-119.68859223027785,50.96525716720505]]],[[[-119.69934395133821,50.827392432160565],[-119.68991719804168,50.830645919335716],[-119.679307420537,50.830556442902356],[-119.67183135071892,50.82930486745416],[-119.67146486737663,50.82555055509356],[-119.67337233835579,50.82534782540588],[-119.67317360499919,50.819196792345764],[-119.68020341988273,50.818828812956376],[-119.6798713452108,50.81498692400767],[-119.68362511080805,50.81646593968547],[-119.69957096444139,50.80545241062176],[-119.6989515106399,50.808183615903204],[-119.7042596275525,50.80913535396122],[-119.70318558614095,50.81104714619232],[-119.69813689203023,50.809552695669375],[-119.69448316637441,50.815898718373354],[-119.70926818374144,50.821145352153785],[-119.70709648938225,50.82598279908121],[-119.69934395133821,50.827392432160565]]]]},"bbox":[-119.70926818374144,50.80545241062176,-119.67146486737663,50.965391813506685]},{"id":"5933060","type":"Feature","properties":{},"geometry":{"type":"Polygon","coordinates":[[[-119.60576552726647,50.86624325068178],[-119.60152051871287,50.86300176253346],[-119.6002173260563,50.86001656703067],[-119.60532031251246,50.85371826576984],[-119.63856103899187,50.837998666413725],[-119.63447655604661,50.836985998466645],[-119.63306016804721,50.83906629330536],[-119.62332959654071,50.84048988613181],[-119.62319646753411,50.842008758135236],[-119.61952497564488,50.84200958591015],[-119.61934840928406,50.84335630569437],[-119.61534789715154,50.84313700126958],[-119.6146366020914,50.8462795361364],[-119.60845245478706,50.84626844954056],[-119.60819278343999,50.84971345644513],[-119.60238268940219,50.849842434128846],[-119.60226573742462,50.853883461125506],[-119.59033051829942,50.85368641007671],[-119.57519602705601,50.86026908782393],[-119.57436667648763,50.86694065571034],[-119.51681660885907,50.86734923177476],[-119.5164772108396,50.83861349036342],[-119.46079738733737,50.8383873288969],[-119.46171114331757,50.800201339833926],[-119.47227076124835,50.80039403890163],[-119.47209658403777,50.785471788561765],[-119.46128454317682,50.78552987198359],[-119.4620978728928,50.750581495465525],[-119.524665153713,50.750945135650326],[-119.52549805306512,50.576565161924876],[-119.64990884785108,50.57482293218125],[-119.64919623612211,50.57110534295157],[-119.65159400395282,50.56786393775283],[-119.65082672802468,50.485332278730795],[-119.66715909802716,50.4816131891201],[-119.6628472272818,50.47604447565555],[-119.65117135162527,50.47187218738679],[-119.65139338478164,50.40204770303144],[-119.67416287351904,50.40201812835908],[-119.6744195060276,50.387364237412946],[-119.71578034232826,50.38736060736624],[-119.71585365050544,50.38028045448822],[-119.72034682790114,50.380179382340955],[-119.72042142571841,50.372659651580335],[-119.75080681655982,50.372728797754746],[-119.75139621220552,50.36555792544028],[-119.7626399192051,50.3655897960557],[-119.76260402881941,50.37295257028626],[-119.78872819073699,50.37210678793631],[-119.7893510455953,50.35786716803138],[-119.94683382369223,50.35886194355018],[-120.09182937600926,50.35783524906915],[-120.09062125691813,50.371106587980755],[-120.22495519447057,50.37140411180893],[-120.22575087211274,50.38583837583611],[-120.31755258418549,50.385735277285754],[-120.31771737148793,50.39194559154591],[-120.32800068146992,50.39207457867055],[-120.3347850272967,50.39201240873329],[-120.33508477343375,50.385952031916425],[-120.340921107837,50.38585948754841],[-120.34233901152845,50.43186591083162],[-120.338860059179,50.502956595947936],[-120.33987025544093,50.57495307551976],[-120.35719054386391,50.57512297520895],[-120.35791164421275,50.618268970754976],[-120.32896910198791,50.618383889018304],[-120.32775845113281,50.61719053007764],[-120.32626193569753,50.61837766906713],[-120.30341149506071,50.61736019595197],[-120.25422684964953,50.619324244509656],[-120.08157116028626,50.619346080358895],[-120.08132861529306,50.63459460982951],[-120.0784290772911,50.63442580151781],[-120.0789494352504,50.63701950156072],[-120.08105930100459,50.63712784701926],[-120.08003373076235,50.64865034881994],[-120.04180636632724,50.64889468410575],[-120.04199037799164,50.65818407584252],[-120.03352918580698,50.65886030653296],[-120.02038429942284,50.656781789324775],[-120.00007074082636,50.64980689173502],[-119.99914021366084,50.64819815873125],[-119.97291731573318,50.650804471349],[-119.96277184169809,50.6536899629803],[-119.95548232865264,50.65300206554598],[-119.94429874343338,50.6490398662392],[-119.92700402522644,50.647829358889034],[-119.91731453929306,50.64512335706871],[-119.90629862796395,50.64701754890954],[-119.89189631457828,50.65187407788055],[-119.87808360627416,50.65946655750444],[-119.8629201243981,50.66538127782642],[-119.85409761422945,50.672542167266805],[-119.84728262844133,50.671944071902935],[-119.83916563278873,50.673725748233274],[-119.83349353437774,50.67684905734196],[-119.82129751271032,50.68884631057217],[-119.8052923185674,50.69995369502501],[-119.79820363508962,50.703164700511294],[-119.7913871639501,50.71387200280264],[-119.7876317201946,50.71691563320467],[-119.78314144685748,50.72030580425352],[-119.76892542218042,50.72631751502835],[-119.76322008860134,50.739161410771025],[-119.74403029416598,50.73049691105978],[-119.69588540396013,50.77296539196058],[-119.71392643559639,50.78088630194015],[-119.7140651409699,50.78377696956535],[-119.71642498770397,50.78583800185048],[-119.7134626156886,50.79472980131605],[-119.71767250767576,50.797555008483606],[-119.72117321346607,50.80549490366123],[-119.71562410295537,50.80947699043435],[-119.71540939937135,50.81339649943929],[-119.70972610506189,50.81791549299668],[-119.70926818374144,50.821145352153785],[-119.69448316637441,50.815898718373354],[-119.69813689203023,50.809552695669375],[-119.70318558614095,50.81104714619232],[-119.7042596275525,50.80913535396122],[-119.6989515106399,50.808183615903204],[-119.69957096444139,50.80545241062176],[-119.68362511080805,50.81646593968547],[-119.6798713452108,50.81498692400767],[-119.68020341988273,50.818828812956376],[-119.67317360499919,50.819196792345764],[-119.67337233835579,50.82534782540588],[-119.67146486737663,50.82555055509356],[-119.67183135071892,50.82930486745416],[-119.68991719804168,50.830645919335716],[-119.67017774818525,50.837065507811246],[-119.6444996007482,50.84816696293757],[-119.62712717384655,50.85797623697332],[-119.6099614257753,50.87006325084068],[-119.60576552726647,50.86624325068178]]]},"bbox":[-120.35791164421275,50.35783524906915,-119.46079738733737,50.87006325084068]},{"id":"5933067","type":"Feature","properties":{},"geometry":{"type":"MultiPolygon","coordinates":[[[[-119.76249482661969,51.585218038640974],[-119.76281920575866,51.587793488478084],[-119.73766177824785,51.58501930314833],[-119.7372159671526,51.58327738528695],[-119.7354641276946,51.58342411353636],[-119.73619733643544,51.580858222531546],[-119.7338486297674,51.57983910400049],[-119.74383197762042,51.575914027588254],[-119.74415450894246,51.57767138648639],[-119.76878759595968,51.576462204256735],[-119.77604750125867,51.578484767060274],[-119.77285356748041,51.58706004849392],[-119.76249482661969,51.585218038640974]]],[[[-120.01300057921142,51.687447472875725],[-120.00800858961792,51.687301997592535],[-120.00799846139618,51.69535316731444],[-119.98772924624801,51.69572318103245],[-119.98830827356991,51.687499152159795],[-120.0017147566345,51.686508988461036],[-120.00146614084271,51.67877494471608],[-120.00512528309619,51.67893472878991],[-120.00550959426336,51.6691388021371],[-119.9980425140475,51.66937513637939],[-119.99652654257156,51.67176685925956],[-119.96510050312898,51.67129289044999],[-119.96521632328654,51.66438069639981],[-119.99214261500084,51.663363709266015],[-119.99172620317019,51.65737985763946],[-119.97453422131974,51.658128873389366],[-119.97404429083585,51.64993295786012],[-119.96388227704715,51.65024224257627],[-119.96494363830001,51.64331475394185],[-119.95974759047562,51.642886578549515],[-119.96080921972248,51.63695022794965],[-119.94857343447,51.63475236711045],[-119.94918574848691,51.63079192809624],[-119.94093310518369,51.62734195771288],[-119.94197999686448,51.62190109256143],[-119.93956927122966,51.61113440505512],[-119.94299622516525,51.611454044049744],[-119.94015669823003,51.60783255028221],[-119.95346201521131,51.604367017000136],[-120.02283234312958,51.629765682878094],[-120.07622232500466,51.62981650658396],[-120.08070450842978,51.63310348953889],[-120.12305835855373,51.63048250275955],[-120.11071239481238,51.642198704647626],[-120.10368240309992,51.64607719437092],[-120.09970301521835,51.6523426711962],[-120.10094709653886,51.66064088524909],[-120.08859574279549,51.66087177469914],[-120.08891385468915,51.668370900356706],[-120.07746053004396,51.668973152908436],[-120.07126974684347,51.67358426425358],[-120.04080488031401,51.66782099381061],[-120.02927944952745,51.6755424801852],[-120.02857410749064,51.67927069792031],[-120.02384767744508,51.68036968874076],[-120.02025687411758,51.68666400888395],[-120.02503809829538,51.68694119467696],[-120.02512500006898,51.695067973921304],[-120.01261591663372,51.69540489504034],[-120.01300057921142,51.687447472875725]]]]},"bbox":[-120.12305835855373,51.575914027588254,-119.7338486297674,51.69572318103245]},{"id":"5933068","type":"Feature","properties":{},"geometry":{"type":"Polygon","coordinates":[[[-120.24250451118975,52.86150981019311],[-120.23254268649892,52.86347904187662],[-120.22775337056991,52.868193718283294],[-120.22558610292364,52.87305906323299],[-120.21836570576122,52.87786898630374],[-120.2121427859899,52.87633176929841],[-120.17725338344198,52.86003454844068],[-120.16526810922512,52.86197402984568],[-120.14254549515822,52.87674077676684],[-120.11560234610407,52.861753055264025],[-120.11296409393132,52.85877788904386],[-120.11148133796141,52.8431421248579],[-120.08986693225543,52.83554102575931],[-120.0771565341711,52.82557005685261],[-120.0593547801552,52.82321060298129],[-120.05738216478453,52.819111531505186],[-120.06175373989772,52.810941041716795],[-120.03913966874586,52.789824084954816],[-120.0270439603736,52.76643308693427],[-120.02474603516167,52.7575777294294],[-120.01032558938047,52.748104148718],[-120.00251185822486,52.744752122482815],[-119.96988353487926,52.73545973166722],[-119.96735643729555,52.733388032679144],[-119.96430962938311,52.725125142712436],[-119.9583018405762,52.71659484538815],[-119.95115890136431,52.71008095241705],[-119.92030191079726,52.71919711991591],[-119.90955364814558,52.71499061682458],[-119.90677600826524,52.70848758535525],[-119.89035166081545,52.70669086243893],[-119.87217045487887,52.684381702916795],[-119.86642835950684,52.680393589715784],[-119.86617057456048,52.68391229729578],[-119.85911271964731,52.689795263007326],[-119.8436614021298,52.690416640126436],[-119.82496695916456,52.68168849018806],[-119.81735675677001,52.674411875022116],[-119.81247773096494,52.672389314913325],[-119.76840597788224,52.66031932179272],[-119.76658605638953,52.656260391488296],[-119.7691846105499,52.64289776301463],[-119.76851920210352,52.63609069204844],[-119.76352227063265,52.61045635424094],[-119.75767370627676,52.6066544852005],[-119.74704320338596,52.60958080193816],[-119.72353398261396,52.603991945581676],[-119.71983841284109,52.597602777834844],[-119.69581309658993,52.57268649793967],[-119.69798792104295,52.56327583105649],[-119.70594295944764,52.55313748174699],[-119.70223053378467,52.54490788167273],[-119.7010568590765,52.537477231433584],[-119.68138652887517,52.535640817463275],[-119.67733543453915,52.53175298891707],[-119.66603371237125,52.53366889008373],[-119.65768478144246,52.53025548303951],[-119.66170078592785,52.52094728453786],[-119.65472499701022,52.514947983786435],[-119.65214518782521,52.506523526462935],[-119.65456595141298,52.49614882559761],[-119.65390198221645,52.48984912910273],[-119.64885134949105,52.4835278428129],[-119.63985487603335,52.47850537235461],[-119.63254602992988,52.479635325288925],[-119.6207740057737,52.47412991076077],[-119.62043556172061,52.46654163336109],[-119.61351383666293,52.458509267194174],[-119.60734860457825,52.453329997290474],[-119.59437933045632,52.45227854026814],[-119.58852054794427,52.4450917901276],[-119.59346646771156,52.43929173350876],[-119.58914688074655,52.432889690639236],[-119.57793152979434,52.42423583682326],[-119.58352366255201,52.420994731246715],[-119.57795258558748,52.413054768007584],[-119.56645554324977,52.40348550136597],[-119.58086071771751,52.39044927288367],[-119.57072907851173,52.38635195595812],[-119.53959278876663,52.393469995333945],[-119.52734787528543,52.38974509825382],[-119.51708157776389,52.38438692089069],[-119.50154544773811,52.36903819407456],[-119.48298716646845,52.36834568638814],[-119.46396788337215,52.362478144332634],[-119.46961175527717,52.35320084945196],[-119.47807787378298,52.346632259315754],[-119.50085248554336,52.33735598468984],[-119.50120879783903,52.329716689614536],[-119.50501900077658,52.32349839388094],[-119.51539661182413,52.320214851523104],[-119.52419039074681,52.315164846566184],[-119.52955139686613,52.309872571010594],[-119.52443206102414,52.30219754639336],[-119.51680066201833,52.300469061372674],[-119.51377315724945,52.29198720636832],[-119.52021944669565,52.28286006916965],[-119.50182272703803,52.27908741141097],[-119.48222346457766,52.278814538157],[-119.48210079655689,52.272173343336746],[-119.48856832749681,52.266605618396845],[-119.50386289530131,52.26317370674006],[-119.50500995273896,52.25149839665484],[-119.50172587581086,52.24355324931423],[-119.51539722585028,52.228676110592275],[-119.51567955828232,52.22223017620638],[-119.48991896202529,52.217796891954016],[-119.48395605093998,52.2099446406406],[-119.48301856432515,52.20458319587608],[-119.50160305654312,52.1939443073004],[-119.50783350575506,52.18530186676378],[-119.49607084632989,52.17636633402749],[-119.49169597569332,52.170180601724454],[-119.49126115201048,52.15218696269823],[-119.49430954461235,52.147044787221056],[-119.51176621364453,52.14509602089619],[-119.5164449257846,52.140456933981795],[-119.51970352665646,52.13364635910176],[-119.50966192340198,52.125047441787544],[-119.4899484681266,52.116457859219764],[-119.48320357071886,52.1106031421685],[-119.4841918617686,52.101904856947016],[-119.50597124721939,52.09086202741315],[-119.51743140503741,52.093036661586424],[-119.52792995984188,52.092003612257116],[-119.55319648547352,52.062276652120715],[-119.55605905800282,52.05420964716652],[-119.55651009441165,52.03174919746567],[-119.53585027705023,52.03498432831219],[-119.50744826256656,52.02963290115998],[-119.49302163402022,52.03315514308708],[-119.48181214656256,52.032919751683764],[-119.46298741858237,52.01750956760161],[-119.44635207622795,52.021510531887195],[-119.43486859636542,52.02844478554102],[-119.43126859033217,52.025282756321594],[-119.43762568683572,52.012740183631635],[-119.43802667282225,52.00013661606316],[-119.44814175702237,51.98923972279676],[-119.44538628236066,51.97683339099812],[-119.44658984069429,51.97366968150688],[-119.45926174425209,51.962954232240804],[-119.47368815946687,51.957390279360034],[-119.47040095054793,51.95022052756821],[-119.46267951493937,51.94534420327831],[-119.42613806369664,51.95188653856877],[-119.4242280401829,51.94814671592681],[-119.43714066942535,51.935666440946136],[-119.43707721365905,51.92904305817545],[-119.45149956000026,51.921106948595416],[-119.46178129288852,51.900682854181184],[-119.47106802631227,51.897912203603894],[-119.48517660991162,51.883289078719336],[-119.48751017497885,51.87728024215968],[-119.47525593179182,51.86872905822654],[-119.47241800051013,51.86101873636176],[-119.47374582808965,51.84786245653376],[-119.48302559743534,51.84347751048429],[-119.4819154049377,51.834253816490865],[-119.50102752581384,51.82937544129106],[-119.51154589485822,51.82874881485365],[-119.51628034496514,51.817204357476186],[-119.53027182950613,51.815031514686574],[-119.5396347559179,51.81538590904915],[-119.54192978524497,51.81171265761721],[-119.55238779613715,51.80470157455277],[-119.57248254191678,51.7998667800346],[-119.57878180513919,51.80283063387505],[-119.58896431106987,51.80249912340041],[-119.60039858565145,51.7906127503484],[-119.60814307489292,51.77812820356613],[-119.61523831671882,51.763465127177234],[-119.62491846243223,51.74988691720502],[-119.62971557701309,51.734923323636],[-119.67006038168861,51.69472235219616],[-119.67511155156599,51.69169257675754],[-119.68611255539788,51.68876051912281],[-119.69569662764042,51.67984632279483],[-119.62866415544717,51.67954475444053],[-119.61494033669034,51.67858736357448],[-119.61392552040988,51.67289930831857],[-119.59376731926736,51.67355060009825],[-119.59438413299695,51.66868928076583],[-119.60485259943394,51.672295798373575],[-119.61058610143178,51.6726590048747],[-119.62619001186432,51.66887768720604],[-119.63794008653046,51.6735405949583],[-119.64331138993013,51.66944459989387],[-119.65456979239643,51.66951290102631],[-119.65710069842169,51.66633550950807],[-119.6534392949454,51.6604393135915],[-119.65507831223013,51.657945495274866],[-119.66417630016939,51.65663951428576],[-119.66736381864868,51.653678594607335],[-119.67780579816537,51.651113590902895],[-119.68386111304311,51.64695340504795],[-119.68640351453126,51.63410569946652],[-119.6892853854311,51.62885600842896],[-119.6806213165389,51.62403929181295],[-119.67832978720567,51.61823280964369],[-119.6857644014026,51.61068309297656],[-119.68126969891085,51.60528110475783],[-119.67504528315513,51.602033895170976],[-119.67432070062678,51.59798199201243],[-119.68018702513301,51.59379060474934],[-119.69487530534633,51.590957794432725],[-119.69813390056338,51.58539191596056],[-119.69754517106576,51.576778921746985],[-119.70176523835623,51.569003357075445],[-119.70009115417302,51.561487073327335],[-119.6961133835002,51.55457092427469],[-119.70011546441157,51.48226382270807],[-120.14978517487216,51.47912212785356],[-120.14989258215088,51.4758347445322],[-120.16498910018841,51.476070856049155],[-120.16844490981875,51.47142442997048],[-120.19859489528439,51.47194080297338],[-120.19708468855627,51.48006899652964],[-120.20343334451572,51.486007302444314],[-120.20487695484105,51.493639294613914],[-120.20116314827321,51.49713639369513],[-120.20146436795694,51.50511997945028],[-120.19591744704387,51.50883019584639],[-120.19624553105378,51.51823030971279],[-120.2019011240891,51.526065534376094],[-120.20280485206986,51.530708871616305],[-120.19733542579043,51.53383845829307],[-120.18589262807187,51.55286812429602],[-120.19119867917102,51.56327255812947],[-120.20223549688562,51.575752484052295],[-120.20694566891979,51.577763558340244],[-120.22252336417628,51.57864859990177],[-120.2354411032186,51.58557170645042],[-120.23854728561652,51.59647271468546],[-120.24199280993966,51.599287403920755],[-120.2429358611089,51.60276583760957],[-120.2409770080879,51.60604790543975],[-120.25285135371621,51.61649725120765],[-120.26096132780708,51.63259427039655],[-120.27178871299397,51.6406836418799],[-120.28864354816234,51.64722432295492],[-120.2936371077543,51.647012400038804],[-120.29435043205028,51.64289209204309],[-120.28962081117828,51.63785340974872],[-120.29177075087631,51.63154721983298],[-120.29635796239101,51.62979275878154],[-120.30565610283031,51.631333093743116],[-120.32165507555845,51.63694834332876],[-120.32342698627353,51.643622919408216],[-120.32950558517096,51.649354744930214],[-120.33006080074915,51.653599912496254],[-120.33754737311985,51.656854513110474],[-120.33960774031206,51.66163046279828],[-120.34872962868089,51.664152754151324],[-120.36179269180958,51.662024610826805],[-120.37105040130018,51.663084552815135],[-120.3859799627524,51.66705599738296],[-120.40202220696622,51.66869922336585],[-120.41833466427428,51.675506074070505],[-120.43236014624942,51.675164618147825],[-120.43949980351113,51.6712713443616],[-120.44741942187976,51.67043119049457],[-120.45272024104987,51.673832372463416],[-120.46658458153529,51.669477575638204],[-120.48102130175006,51.66827200981076],[-120.48432170579827,51.665857304713874],[-120.48006323172268,51.6578198751649],[-120.49392033069088,51.65972531907489],[-120.49913103482174,51.663643451081185],[-120.50698383911993,51.665689186074914],[-120.51281332553414,51.67145871652581],[-120.52833061440342,51.6717727666742],[-120.53357165583878,51.668651420042934],[-120.54423379107092,51.66958069798313],[-120.54292810353562,51.67420024470675],[-120.53186930742007,51.67863492018656],[-120.52865659722518,51.68499788539145],[-120.50363374705994,51.696662182219015],[-120.48130844201033,51.70434883028033],[-120.45935552948781,51.7098807557669],[-120.43297467129163,51.712162448110256],[-120.40752499567465,51.70514257559358],[-120.39127080560587,51.704008974608925],[-120.37918035658551,51.709240943785765],[-120.374959569206,51.71661008930516],[-120.37694840081105,51.71921759206791],[-120.37243255581505,51.72206703052104],[-120.34566837517076,51.727593453282935],[-120.33852336079325,51.73297491985302],[-120.33848821817752,51.738345745810754],[-120.34359295533146,51.74753278259884],[-120.34992458558709,51.752667313907814],[-120.37936263744602,51.762382761582984],[-120.37576003558645,51.76950315848108],[-120.3586500322765,51.77120854198799],[-120.34864296439302,51.76801763463875],[-120.33660636550785,51.77089759797223],[-120.32898679159995,51.77564731238299],[-120.32155884608989,51.78372446592138],[-120.31738260356832,51.810951040411354],[-120.31952507486378,51.81991255370903],[-120.30769449129694,51.82695360165962],[-120.30500845490022,51.831446511881715],[-120.2985260654351,51.828474714305585],[-120.28605175485357,51.828270744234906],[-120.2757817953035,51.832196942900204],[-120.22664968765015,51.82542980652726],[-120.21919567187742,51.828632798633954],[-120.21914268357554,51.83553595499309],[-120.2288770815369,51.850748108830075],[-120.22584185514225,51.854740344633015],[-120.22396288968454,51.86659424833381],[-120.2310625778315,51.87214317486559],[-120.2383015852483,51.868918430431386],[-120.25744970018407,51.872619963750864],[-120.25662263584049,51.877177187076526],[-120.26007793412764,51.883418961537785],[-120.27237402129263,51.88877039174707],[-120.27316147155334,51.892605677967595],[-120.25570189388863,51.90337240060784],[-120.24797662291928,51.91233157249548],[-120.24787813011822,51.930038703309236],[-120.24631390936614,51.93150626172999],[-120.25027570828382,51.94025309447526],[-120.26846433895544,51.95084453901943],[-120.26860013321286,51.96072281126487],[-120.27368886828225,51.974291747646504],[-120.2780171416229,51.97771451130853],[-120.28516095517982,51.975331659482826],[-120.29357543662994,51.96946653259962],[-120.298318059904,51.96857206899328],[-120.30758415420226,51.97484884407723],[-120.31631459093234,51.976124940642606],[-120.3310152787086,51.968124552370284],[-120.33908594643299,51.96882015722736],[-120.3402588240323,51.97221056762048],[-120.34531317084613,51.97548100881129],[-120.32886200588912,51.9847192837642],[-120.32857082649687,51.9891873173025],[-120.33163523943406,51.99124394722773],[-120.33001152709834,51.99507467805933],[-120.3198905239504,52.00089488794023],[-120.30579458240308,52.012912508285275],[-120.2883925904443,52.01286924194969],[-120.28870377812753,52.019735472720065],[-120.29731208342288,52.022729939603884],[-120.30859061008219,52.023769627523336],[-120.31698964001431,52.02765109095679],[-120.32033813445551,52.03916878749005],[-120.31678271377713,52.06433916099499],[-120.31437865369683,52.06853522435861],[-120.30849697253669,52.07433604232175],[-120.29628821933561,52.07777811437406],[-120.2936722414932,52.08261658780602],[-120.30280598574092,52.10528015643493],[-120.31062969074156,52.11198160575099],[-120.31667644748995,52.120953045668585],[-120.31091444763632,52.12904344229652],[-120.30811630134059,52.14033126685952],[-120.31992652373737,52.153346601461294],[-120.32455001503885,52.155325040711965],[-120.33815449141893,52.153328644312474],[-120.34744252923359,52.15581662970112],[-120.37537062009163,52.133944464204426],[-120.37853094700881,52.13344195351065],[-120.39569864240913,52.14145452643109],[-120.40761227715676,52.14425795056399],[-120.40144705748612,52.166189595904825],[-120.39292813261824,52.16979313781997],[-120.38695603531326,52.17854878877407],[-120.38768074059695,52.184549836711895],[-120.39020081765496,52.18868863218803],[-120.39374492591153,52.18974901040625],[-120.39535649770524,52.193375661837536],[-120.39162494693748,52.19404058204773],[-120.3950996842354,52.20422568320096],[-120.40102706130182,52.20785918523527],[-120.40829822753628,52.20745120128095],[-120.42075196459744,52.21002364351586],[-120.42465188959729,52.218334220185845],[-120.42939878011775,52.223482460189544],[-120.44118428999734,52.232154070160895],[-120.43668097169245,52.236104663239544],[-120.43709281078226,52.238749717201316],[-120.45202887636145,52.245978857736134],[-120.48269379101963,52.27797211204761],[-120.49348080442974,52.280475580797656],[-120.49150006712577,52.288514462950154],[-120.48121412865497,52.28631566577131],[-120.4795466352121,52.292945927875],[-120.47139058849726,52.298287196554305],[-120.46647275647148,52.30441953498736],[-120.48947953942623,52.31726038870865],[-120.5078491133647,52.325118780712934],[-120.51281944327758,52.32627771200163],[-120.51948780882327,52.32445315188488],[-120.53485097425236,52.32940096332579],[-120.5175491236914,52.34396586126726],[-120.52694433262567,52.34980588204143],[-120.52741544421384,52.36033667101077],[-120.52109016236938,52.37975308598902],[-120.513243574721,52.38821844394408],[-120.49115489347808,52.40039123995592],[-120.47260477735172,52.405885138160485],[-120.45980344817315,52.41171815935837],[-120.45922038869539,52.42124218386799],[-120.48471707771829,52.435639161296315],[-120.50000194876736,52.441651419959896],[-120.49948022816469,52.443706027150945],[-120.50497558047819,52.44581104165713],[-120.50900901998614,52.45119748562395],[-120.53124293394531,52.45720498190142],[-120.53886335231942,52.461678297244944],[-120.54215054947827,52.466116495649324],[-120.5385497721812,52.473324406323606],[-120.53276337399068,52.47898582815005],[-120.50940186029794,52.49474459377387],[-120.46247751491202,52.51065797253134],[-120.44972643346591,52.51055158352576],[-120.44110695325459,52.517184617373694],[-120.41803932526125,52.52792697594233],[-120.40767781803922,52.534483468532876],[-120.38965116034319,52.53708761656493],[-120.37126678532846,52.52921770326646],[-120.36301267280037,52.528142096615454],[-120.34146670699582,52.55235630977381],[-120.33370439840871,52.558283641531446],[-120.333210153148,52.566752894292605],[-120.32555191351773,52.57221014407238],[-120.3161700357051,52.56635665619058],[-120.30461122005462,52.577187831766004],[-120.30634443762078,52.58515033957057],[-120.30312702515492,52.588355023938405],[-120.29158060271935,52.58735904405883],[-120.29055570035479,52.58970273371939],[-120.29297914914476,52.59702542826403],[-120.29367798371244,52.6076265447896],[-120.267893669089,52.60830988865632],[-120.25428571032768,52.61534962101074],[-120.25150749815313,52.61962004102197],[-120.24458548412404,52.621508439455916],[-120.2376945586058,52.620765620175824],[-120.23403759136492,52.62799322284918],[-120.23527869566342,52.63471393316077],[-120.28972766125678,52.65775472928506],[-120.25438352395034,52.67735099528726],[-120.25491478117763,52.684126878418766],[-120.26826702598046,52.688256311053344],[-120.27519744017692,52.69609565353893],[-120.28689765920448,52.705012632138704],[-120.26911949907429,52.712880467126745],[-120.26965001976653,52.71457688542651],[-120.27569723378315,52.71797143225241],[-120.28888139440201,52.7214023435936],[-120.29369414921338,52.72560440536078],[-120.2737805269523,52.745923223448976],[-120.29362712219557,52.763473527395114],[-120.29036270157016,52.771992905802925],[-120.308273838557,52.780112513214405],[-120.33423831455677,52.78133859112981],[-120.33969642503156,52.78823364124383],[-120.30243816161344,52.81511016981635],[-120.33422840070462,52.833139098833925],[-120.33202657058904,52.83983875262011],[-120.31633380771584,52.85227007709197],[-120.31292257361535,52.85871318578156],[-120.29880504985499,52.86492474553382],[-120.28273102836793,52.86866898936327],[-120.26817005367444,52.861665329665115],[-120.25953702362852,52.85961602091395],[-120.24250451118975,52.86150981019311]],[[-119.77604750125867,51.578484767060274],[-119.76878759595968,51.576462204256735],[-119.74415450894246,51.57767138648639],[-119.74383197762042,51.575914027588254],[-119.7338486297674,51.57983910400049],[-119.73619733643544,51.580858222531546],[-119.7354641276946,51.58342411353636],[-119.7372159671526,51.58327738528695],[-119.73766177824785,51.58501930314833],[-119.76281920575866,51.587793488478084],[-119.76226806130424,51.585171617264066],[-119.77285356748041,51.58706004849392],[-119.77604750125867,51.578484767060274]],[[-120.02512500006898,51.695067973921304],[-120.02503809829538,51.68694119467696],[-120.02025687411758,51.68666400888395],[-120.02469845417482,51.67924808825517],[-120.02857410749064,51.67927069792031],[-120.02927944952745,51.6755424801852],[-120.03151904072854,51.67383313359272],[-120.04125966172921,51.66771576263106],[-120.07126974684347,51.67358426425358],[-120.07746053004396,51.668973152908436],[-120.08891385468915,51.668370900356706],[-120.08859574279549,51.66087177469914],[-120.10094709653886,51.66064088524909],[-120.09970301521835,51.6523426711962],[-120.10368240309992,51.64607719437092],[-120.11071239481238,51.642198704647626],[-120.12305835855373,51.63048250275955],[-120.08070450842978,51.63310348953889],[-120.07622232500466,51.62981650658396],[-120.02283234312958,51.629765682878094],[-119.95346201521131,51.604367017000136],[-119.94015669823003,51.60783255028221],[-119.94299622516525,51.611454044049744],[-119.93956927122966,51.61113440505512],[-119.94197999686448,51.62190109256143],[-119.94093310518369,51.62734195771288],[-119.94918574848691,51.63079192809624],[-119.94857343447,51.63475236711045],[-119.96080921972248,51.63695022794965],[-119.95974759047562,51.642886578549515],[-119.96494363830001,51.64331475394185],[-119.96388227704715,51.65024224257627],[-119.97404429083585,51.64993295786012],[-119.97453422131974,51.658128873389366],[-119.99172620317019,51.65737985763946],[-119.99214261500084,51.663363709266015],[-119.96521632328654,51.66438069639981],[-119.96510050312898,51.67129289044999],[-119.99652654257156,51.67176685925956],[-119.9980425140475,51.66937513637939],[-120.00550959426336,51.6691388021371],[-120.00512528309619,51.67893472878991],[-120.00146614084271,51.67877494471608],[-120.0017147566345,51.686508988461036],[-119.98830827356991,51.687499152159795],[-119.98772924624801,51.69572318103245],[-120.00799846139618,51.69535316731444],[-120.00800858961792,51.687301997592535],[-120.01300057921142,51.687447472875725],[-120.01261591663372,51.69540489504034],[-120.02512500006898,51.695067973921304]]]},"bbox":[-120.54423379107092,51.47142442997048,-119.4242280401829,52.87786898630374]},{"id":"5933070","type":"Feature","properties":{},"geometry":{"type":"Polygon","coordinates":[[[-119.71423688838308,52.67719014374938],[-119.70333355620473,52.6803204233388],[-119.67748339286823,52.69561343402358],[-119.66802683822604,52.69933251233022],[-119.63602573587649,52.701704750729085],[-119.61790382187115,52.706044994366295],[-119.61661095586645,52.70471906194323],[-119.61606006956518,52.68913509584323],[-119.61298890360342,52.682222003079715],[-119.60353737091538,52.67204172753784],[-119.58229149008937,52.65657353081686],[-119.57795469356918,52.64799119142854],[-119.54440762394405,52.66278709637247],[-119.54444735888295,52.657024859731045],[-119.53625453895208,52.64446138238065],[-119.53111839025331,52.63154157640885],[-119.52376497494771,52.62770064801626],[-119.51018691170424,52.62948486963584],[-119.50594490101726,52.63117759086433],[-119.50006296611159,52.63652246461148],[-119.48244822497311,52.64027346144261],[-119.46491103212958,52.649211971726174],[-119.45864050083433,52.64860701826627],[-119.44258646238471,52.63876380251503],[-119.43171800948699,52.63792659134663],[-119.42250391545814,52.6399934226349],[-119.41043027365119,52.647393960711945],[-119.39810418196487,52.64864330896011],[-119.36565077549373,52.656167149239685],[-119.36185651058453,52.65334690418658],[-119.36434179569856,52.64200491013748],[-119.36440142073194,52.632509379158314],[-119.26936658550908,52.63090314649318],[-119.26210232836156,52.63333817137235],[-119.2429014344133,52.63416277085757],[-119.22072090948973,52.63131577407201],[-119.21513301495712,52.63357886928503],[-119.19256750049793,52.63689036877973],[-119.15506660800318,52.63379157722715],[-119.05608806657176,52.633297831122285],[-119.05447405461939,52.62820192787612],[-119.04123269954019,52.610540596852964],[-119.04052285098614,52.59965262543657],[-119.0377942946902,52.59637831780628],[-119.03363497399535,52.59450823837726],[-119.01821211835896,52.593071178988524],[-119.01578031554942,52.59424797064977],[-119.01463420664793,52.59825794070119],[-119.01205622253102,52.59997860818872],[-119.0043438097238,52.60110533628717],[-119.00004035794322,52.59977772210367],[-118.99329993377489,52.590394312610144],[-118.98818724958261,52.58761191693568],[-118.96414979588108,52.57831264339938],[-118.94892228329454,52.5774851159157],[-118.94173926858927,52.5719176493914],[-118.92755699095048,52.56878594176055],[-118.92683385418226,52.564119559774724],[-118.92849616895406,52.56080790679613],[-118.93548914089067,52.55652644525006],[-118.93708762483983,52.55423888590471],[-118.93636274961818,52.55141879323802],[-118.93188428942564,52.54577667793889],[-118.90934763645306,52.53102983880085],[-118.905268200562,52.52628493634123],[-118.9029354348484,52.51870954831962],[-118.9081731662588,52.50652690569013],[-118.90732901698426,52.502063384899756],[-118.88760655105487,52.48587487206904],[-118.88505170372399,52.478362933114695],[-118.88632215463447,52.47415478309002],[-118.88853937066658,52.4727035475653],[-118.9242637661803,52.46315671759092],[-118.93091296178365,52.45326395649297],[-118.93579468173515,52.45207927578684],[-118.94169566736687,52.43970817913028],[-118.92575981312186,52.429529419343375],[-118.92162942186039,52.42211958827097],[-118.93167045906804,52.41034796868913],[-118.9263171732828,52.404319362891165],[-118.94793457593325,52.39121269142737],[-118.93510016950717,52.37599247156334],[-118.93209815422078,52.36810634000713],[-118.92587798783613,52.35883328579683],[-118.92637720347446,52.35359799970308],[-118.90937638315725,52.34543836175746],[-118.86844898745076,52.344305225782236],[-118.85514626140959,52.34141755918728],[-118.8415447918438,52.33485871550581],[-118.79214274474434,52.317419623906716],[-118.78649116942009,52.30826197803457],[-118.78802059778072,52.30529402719483],[-118.80069952842553,52.3035315861996],[-118.81337271311632,52.29908934429563],[-118.82402928427545,52.29131709181619],[-118.83818798979475,52.288602828626544],[-118.84538224647098,52.28473380845996],[-118.84707883634108,52.27903701565098],[-118.85217705564894,52.2758818256568],[-118.88212374809913,52.264089558471916],[-118.89073208541632,52.24567957290208],[-118.9001820945003,52.238338439259905],[-118.89778392035926,52.23588789800136],[-118.88393749184017,52.23635246693985],[-118.87561785186504,52.238757793894706],[-118.83783728022922,52.23216405740309],[-118.83367109146712,52.22704590006865],[-118.83290281860766,52.22165480010158],[-118.8386411286908,52.218743207996305],[-118.84765235399998,52.21760661622475],[-118.8512046880524,52.21529432252054],[-118.84957662470228,52.20947404993249],[-118.84384504983622,52.205192835871316],[-118.82862665916983,52.20101663738642],[-118.8032041984115,52.177222575384015],[-118.82901139822836,52.16794127568807],[-118.83366979015142,52.164311898374905],[-118.83778310364082,52.14615571591051],[-118.84988439513943,52.137255811447005],[-118.85271827970742,52.122459730737575],[-118.86668975969543,52.102417758960044],[-118.85455329807876,52.088016072323214],[-118.87280812260472,52.07601766926954],[-118.87247981930481,52.07211169514988],[-118.86860145259926,52.067819991408705],[-118.8550120667857,52.064567889069146],[-118.84822527878775,52.05814472021217],[-118.85131199203661,52.04935502586794],[-118.85593896290067,52.04563434916599],[-118.86337765319273,52.04419652229565],[-118.88741921673224,52.041601660050226],[-118.9093943272611,52.03619044696038],[-118.9194880807576,52.03950077600664],[-118.93624230865277,52.03410510183008],[-118.94176511002131,52.03041488026781],[-118.94425761835323,52.026197837638186],[-118.94939046678829,52.00684492742731],[-118.95673364997916,52.00331371946703],[-118.95561702703498,52.00045937112181],[-118.971920492903,51.9881424659609],[-118.97290060030038,51.982300466999305],[-118.97185248222335,51.97721958743045],[-118.93058918722564,51.96662479834142],[-118.91601260190582,51.96565341598802],[-118.89102988443629,51.954074184292004],[-118.89869928797559,51.94534695658317],[-118.90851928293391,51.9280602408223],[-118.91386639767114,51.92675420435016],[-118.94431705332612,51.92754863211889],[-118.97660297941182,51.93456253271919],[-118.98775403668773,51.931302477236244],[-118.98939069709874,51.92790135674817],[-118.98701563361307,51.92009641586362],[-118.97876789312119,51.91435681299724],[-118.97882358358505,51.911336273537444],[-118.96595103411096,51.887110976554524],[-118.97262124815602,51.8728354764621],[-118.98130495667499,51.86905118552393],[-118.99026648940458,51.86761658866877],[-118.99013456239128,51.86455306927092],[-118.95028877608483,51.84948141755518],[-118.94714707329634,51.83652824872349],[-118.94776414734064,51.83399040486607],[-118.94966395096075,51.831091947797226],[-118.9650336948078,51.824340815301746],[-118.961392650205,51.810570198775864],[-118.94207143736185,51.793319262819026],[-118.92409896383461,51.79431162392015],[-118.90599980892846,51.78617119042937],[-118.8888488611317,51.78581006196215],[-118.8858131788525,51.782989411530146],[-118.8868128454254,51.77504493449417],[-118.8973962284138,51.76345104966059],[-118.89375568393667,51.75486163877107],[-118.8881582460834,51.747748306011935],[-118.88550715397918,51.73310306689312],[-118.88833914742906,51.72936988195137],[-118.9184387395857,51.71742337072473],[-118.9175516870697,51.70323913622249],[-118.92413326480366,51.696340446260464],[-118.9238692682342,51.689562253084205],[-118.92945571813316,51.6909380367849],[-118.93782763452576,51.702721535663024],[-118.9488811918615,51.70028509744947],[-118.96106303897389,51.70151564122461],[-118.9683324487555,51.69601898787509],[-118.97909924444731,51.692283664766705],[-119.00994132182674,51.68726033254804],[-119.01070411726579,51.683463949624354],[-118.9988626646997,51.67937283174602],[-118.99550932912734,51.67508846133821],[-118.99448902409831,51.66945632114331],[-118.97570392783213,51.65948005007717],[-118.97093241597554,51.65204455469905],[-118.97798879586196,51.64407000338407],[-119.27759085889625,51.64812432131387],[-119.28107925778679,51.64309657803331],[-119.28717806031321,51.6384709886693],[-119.29485961166456,51.637561458871346],[-119.30510373305698,51.633686564297946],[-119.31263117371333,51.62533904062235],[-119.32478476144186,51.60659604373728],[-119.33022996424415,51.59006561127486],[-119.34648893546097,51.58164661708044],[-119.35294913125196,51.57957070773749],[-119.35774794072594,51.58350753106798],[-119.37917518307431,51.57675742782727],[-119.38605207674304,51.57851390135727],[-119.39106418094457,51.57620494775445],[-119.40793831836382,51.58140464669241],[-119.41889638455449,51.58054337943008],[-119.45544849358019,51.567431051080234],[-119.45965171299433,51.56377066298909],[-119.47068963592179,51.568064643359286],[-119.47589757154034,51.574762085386524],[-119.4781809485492,51.58187292231931],[-119.4871638220362,51.59208644000159],[-119.50068746854569,51.59929059940337],[-119.50036851384927,51.602557988004015],[-119.52226405245266,51.602615765256466],[-119.54377967677122,51.59972578175676],[-119.55495463327023,51.60215790803331],[-119.5537112749314,51.587501140030334],[-119.56054304440144,51.57567439980328],[-119.56706711278468,51.571949963889345],[-119.5867420678377,51.565318038078104],[-119.58379037069639,51.56071735434069],[-119.5854691084471,51.555204430122764],[-119.58941270985123,51.55305635018515],[-119.59493491292203,51.55333053483223],[-119.59783099400393,51.52394513135548],[-119.60527344700249,51.520926467103145],[-119.61113490492183,51.50930333823906],[-119.6309900581795,51.50930703697439],[-119.63846210468112,51.50554604974846],[-119.64923189916685,51.50562733360354],[-119.65961632857272,51.511428602646404],[-119.6589368835857,51.50383587643216],[-119.64615371588624,51.482729707892005],[-119.70011546441157,51.48226382270807],[-119.6961133835002,51.55457092427469],[-119.70009115417302,51.561487073327335],[-119.70176523835623,51.569003357075445],[-119.69754517106576,51.576778921746985],[-119.69813390056338,51.58539191596056],[-119.69487530534633,51.590957794432725],[-119.68018702513301,51.59379060474934],[-119.67432070062678,51.59798199201243],[-119.67504528315513,51.602033895170976],[-119.68126969891085,51.60528110475783],[-119.6857644014026,51.61068309297656],[-119.67832978720567,51.61823280964369],[-119.6806213165389,51.62403929181295],[-119.6892853854311,51.62885600842896],[-119.68640351453126,51.63410569946652],[-119.68386111304311,51.64695340504795],[-119.67780579816537,51.651113590902895],[-119.66736381864868,51.653678594607335],[-119.66417630016939,51.65663951428576],[-119.65507831223013,51.657945495274866],[-119.6534392949454,51.6604393135915],[-119.65710069842169,51.66633550950807],[-119.65456979239643,51.66951290102631],[-119.64331138993013,51.66944459989387],[-119.63794008653046,51.6735405949583],[-119.62619001186432,51.66887768720604],[-119.61058610143178,51.6726590048747],[-119.60485259943394,51.672295798373575],[-119.59438413299695,51.66868928076583],[-119.59376731926736,51.67355060009825],[-119.61392552040988,51.67289930831857],[-119.61494033669034,51.67858736357448],[-119.62866415544717,51.67954475444053],[-119.69569662764042,51.67984632279483],[-119.68611255539788,51.68876051912281],[-119.67511155156599,51.69169257675754],[-119.67006038168861,51.69472235219616],[-119.62971557701309,51.734923323636],[-119.62491846243223,51.74988691720502],[-119.61523831671882,51.763465127177234],[-119.60814307489292,51.77812820356613],[-119.60039858565145,51.7906127503484],[-119.58896431106987,51.80249912340041],[-119.57878180513919,51.80283063387505],[-119.57248254191678,51.7998667800346],[-119.55238779613715,51.80470157455277],[-119.54192978524497,51.81171265761721],[-119.5396347559179,51.81538590904915],[-119.53027182950613,51.815031514686574],[-119.51628034496514,51.817204357476186],[-119.51154589485822,51.82874881485365],[-119.50102752581384,51.82937544129106],[-119.4819154049377,51.834253816490865],[-119.48302559743534,51.84347751048429],[-119.47374582808965,51.84786245653376],[-119.47241800051013,51.86101873636176],[-119.47525593179182,51.86872905822654],[-119.48751017497885,51.87728024215968],[-119.48517660991162,51.883289078719336],[-119.47106802631227,51.897912203603894],[-119.46178129288852,51.900682854181184],[-119.45149956000026,51.921106948595416],[-119.43707721365905,51.92904305817545],[-119.43714066942535,51.935666440946136],[-119.4242280401829,51.94814671592681],[-119.42613806369664,51.95188653856877],[-119.46267951493937,51.94534420327831],[-119.47040095054793,51.95022052756821],[-119.47368815946687,51.957390279360034],[-119.45926174425209,51.962954232240804],[-119.44658984069429,51.97366968150688],[-119.44538628236066,51.97683339099812],[-119.44814175702237,51.98923972279676],[-119.43802667282225,52.00013661606316],[-119.43762568683572,52.012740183631635],[-119.43126859033217,52.025282756321594],[-119.43486859636542,52.02844478554102],[-119.44635207622795,52.021510531887195],[-119.46298741858237,52.01750956760161],[-119.48181214656256,52.032919751683764],[-119.49302163402022,52.03315514308708],[-119.50744826256656,52.02963290115998],[-119.53585027705023,52.03498432831219],[-119.55651009441165,52.03174919746567],[-119.55605905800282,52.05420964716652],[-119.55319648547352,52.062276652120715],[-119.52792995984188,52.092003612257116],[-119.51743140503741,52.093036661586424],[-119.50597124721939,52.09086202741315],[-119.4841918617686,52.101904856947016],[-119.48320357071886,52.1106031421685],[-119.4899484681266,52.116457859219764],[-119.50966192340198,52.125047441787544],[-119.51970352665646,52.13364635910176],[-119.5164449257846,52.140456933981795],[-119.51176621364453,52.14509602089619],[-119.49430954461235,52.147044787221056],[-119.49126115201048,52.15218696269823],[-119.49169597569332,52.170180601724454],[-119.49607084632989,52.17636633402749],[-119.50783350575506,52.18530186676378],[-119.50160305654312,52.1939443073004],[-119.48301856432515,52.20458319587608],[-119.48395605093998,52.2099446406406],[-119.48991896202529,52.217796891954016],[-119.51567955828232,52.22223017620638],[-119.51539722585028,52.228676110592275],[-119.50172587581086,52.24355324931423],[-119.50500995273896,52.25149839665484],[-119.50386289530131,52.26317370674006],[-119.48856832749681,52.266605618396845],[-119.48210079655689,52.272173343336746],[-119.48222346457766,52.278814538157],[-119.50182272703803,52.27908741141097],[-119.52021944669565,52.28286006916965],[-119.51377315724945,52.29198720636832],[-119.51680066201833,52.300469061372674],[-119.52443206102414,52.30219754639336],[-119.52955139686613,52.309872571010594],[-119.52419039074681,52.315164846566184],[-119.51539661182413,52.320214851523104],[-119.50501900077658,52.32349839388094],[-119.50120879783903,52.329716689614536],[-119.50085248554336,52.33735598468984],[-119.47807787378298,52.346632259315754],[-119.46961175527717,52.35320084945196],[-119.46396788337215,52.362478144332634],[-119.48298716646845,52.36834568638814],[-119.50154544773811,52.36903819407456],[-119.51708157776389,52.38438692089069],[-119.52734787528543,52.38974509825382],[-119.53959278876663,52.393469995333945],[-119.57072907851173,52.38635195595812],[-119.58086071771751,52.39044927288367],[-119.56645554324977,52.40348550136597],[-119.57795258558748,52.413054768007584],[-119.58352366255201,52.420994731246715],[-119.57793152979434,52.42423583682326],[-119.58914688074655,52.432889690639236],[-119.59346646771156,52.43929173350876],[-119.58852054794427,52.4450917901276],[-119.59437933045632,52.45227854026814],[-119.60734860457825,52.453329997290474],[-119.61351383666293,52.458509267194174],[-119.62043556172061,52.46654163336109],[-119.6207740057737,52.47412991076077],[-119.63254602992988,52.479635325288925],[-119.63985487603335,52.47850537235461],[-119.64885134949105,52.4835278428129],[-119.65390198221645,52.48984912910273],[-119.65456595141298,52.49614882559761],[-119.65214518782521,52.506523526462935],[-119.65472499701022,52.514947983786435],[-119.66170078592785,52.52094728453786],[-119.65768478144246,52.53025548303951],[-119.66603371237125,52.53366889008373],[-119.67733543453915,52.53175298891707],[-119.68138652887517,52.535640817463275],[-119.7010568590765,52.537477231433584],[-119.70223053378467,52.54490788167273],[-119.70594295944764,52.55313748174699],[-119.69798792104295,52.56327583105649],[-119.69581309658993,52.57268649793967],[-119.71983841284109,52.597602777834844],[-119.72353398261396,52.603991945581676],[-119.74704320338596,52.60958080193816],[-119.75767370627676,52.6066544852005],[-119.76352227063265,52.61045635424094],[-119.76851920210352,52.63609069204844],[-119.7691846105499,52.64289776301463],[-119.76658605638953,52.656260391488296],[-119.76840597788224,52.66031932179272],[-119.7557548065372,52.67587889203796],[-119.75202805764354,52.67933762867447],[-119.74691135320974,52.68097720595449],[-119.73304406296957,52.681267465461666],[-119.71423688838308,52.67719014374938]]]},"bbox":[-119.7691846105499,51.48226382270807,-118.78649116942009,52.706044994366295]},{"id":"5933072","type":"Feature","properties":{},"geometry":{"type":"Polygon","coordinates":[[[-120.54423379107092,51.66958069798313],[-120.53357165583878,51.668651420042934],[-120.52833061440342,51.6717727666742],[-120.51281332553414,51.67145871652581],[-120.50698383911993,51.665689186074914],[-120.49913103482174,51.663643451081185],[-120.49392033069088,51.65972531907489],[-120.48006323172268,51.6578198751649],[-120.48432170579827,51.665857304713874],[-120.48102130175006,51.66827200981076],[-120.46658458153529,51.669477575638204],[-120.45272024104987,51.673832372463416],[-120.44741942187976,51.67043119049457],[-120.43949980351113,51.6712713443616],[-120.43236014624942,51.675164618147825],[-120.41833466427428,51.675506074070505],[-120.40202220696622,51.66869922336585],[-120.3859799627524,51.66705599738296],[-120.37105040130018,51.663084552815135],[-120.36179269180958,51.662024610826805],[-120.34872962868089,51.664152754151324],[-120.33960774031206,51.66163046279828],[-120.33754737311985,51.656854513110474],[-120.33006080074915,51.653599912496254],[-120.32950558517096,51.649354744930214],[-120.32342698627353,51.643622919408216],[-120.32165507555845,51.63694834332876],[-120.30565610283031,51.631333093743116],[-120.29635796239101,51.62979275878154],[-120.29177075087631,51.63154721983298],[-120.28962081117828,51.63785340974872],[-120.29435043205028,51.64289209204309],[-120.2936371077543,51.647012400038804],[-120.28864354816234,51.64722432295492],[-120.27178871299397,51.6406836418799],[-120.26096132780708,51.63259427039655],[-120.25285135371621,51.61649725120765],[-120.2409770080879,51.60604790543975],[-120.2429358611089,51.60276583760957],[-120.24199280993966,51.599287403920755],[-120.23854728561652,51.59647271468546],[-120.2354411032186,51.58557170645042],[-120.22252336417628,51.57864859990177],[-120.20694566891979,51.577763558340244],[-120.20223549688562,51.575752484052295],[-120.19119867917102,51.56327255812947],[-120.18589262807187,51.55286812429602],[-120.19733542579043,51.53383845829307],[-120.20280485206986,51.530708871616305],[-120.2019011240891,51.526065534376094],[-120.19624553105378,51.51823030971279],[-120.19591744704387,51.50883019584639],[-120.20146436795694,51.50511997945028],[-120.20116314827321,51.49713639369513],[-120.20487695484105,51.493639294613914],[-120.20343334451572,51.486007302444314],[-120.19708468855627,51.48006899652964],[-120.19859489528439,51.47194080297338],[-120.16844490981875,51.47142442997048],[-120.16498910018841,51.476070856049155],[-120.14989258215088,51.4758347445322],[-120.14978517487216,51.47912212785356],[-119.64615371588624,51.482729707892005],[-119.6589368835857,51.50383587643216],[-119.65961632857272,51.511428602646404],[-119.64923189916685,51.50562733360354],[-119.63846210468112,51.50554604974846],[-119.6309900581795,51.50930703697439],[-119.61113490492183,51.50930333823906],[-119.60527344700249,51.520926467103145],[-119.59783099400393,51.52394513135548],[-119.59493491292203,51.55333053483223],[-119.58941270985123,51.55305635018515],[-119.5854691084471,51.555204430122764],[-119.58379037069639,51.56071735434069],[-119.5867420678377,51.565318038078104],[-119.56706711278468,51.571949963889345],[-119.56054304440144,51.57567439980328],[-119.5537112749314,51.587501140030334],[-119.55495463327023,51.60215790803331],[-119.54377967677122,51.59972578175676],[-119.52226405245266,51.602615765256466],[-119.50036851384927,51.602557988004015],[-119.50068746854569,51.59929059940337],[-119.4871638220362,51.59208644000159],[-119.4781809485492,51.58187292231931],[-119.47589757154034,51.574762085386524],[-119.47068963592179,51.568064643359286],[-119.45965171299433,51.56377066298909],[-119.45544849358019,51.567431051080234],[-119.41889638455449,51.58054337943008],[-119.40793831836382,51.58140464669241],[-119.39106418094457,51.57620494775445],[-119.38605207674304,51.57851390135727],[-119.37917518307431,51.57675742782727],[-119.35774794072594,51.58350753106798],[-119.35294913125196,51.57957070773749],[-119.34648893546097,51.58164661708044],[-119.33022996424415,51.59006561127486],[-119.32478476144186,51.60659604373728],[-119.31263117371333,51.62533904062235],[-119.30510373305698,51.633686564297946],[-119.29485961166456,51.637561458871346],[-119.28717806031321,51.6384709886693],[-119.28107925778679,51.64309657803331],[-119.27759085889625,51.64812432131387],[-118.97777491007362,51.64406631026047],[-118.98138914842473,51.64075343681246],[-118.98317639220926,51.63523267015052],[-118.96055967896591,51.609521648860884],[-118.957760004827,51.60114213328286],[-118.96196067258205,51.59695012540043],[-118.9729271714049,51.59544817045684],[-118.96613091481039,51.57495876143535],[-118.98123318502167,51.55354653851652],[-118.9836879048501,51.54235816111893],[-118.96477897612597,51.529114149953436],[-118.95019426564009,51.5073983700853],[-118.96257490251192,51.499430476663846],[-118.96470404749003,51.49064124872974],[-118.95222012262288,51.47149514632742],[-118.95345387383188,51.461310355381094],[-118.96116768231731,51.45294460433111],[-118.96719294789284,51.44922050912275],[-118.97471825436092,51.44851129379628],[-119.00029405272694,51.430601708636814],[-119.02902696459941,51.42290157680693],[-119.04003478667713,51.413727094230495],[-119.05088075249452,51.4008627421979],[-119.05878826288205,51.39501142673047],[-119.07615770555803,51.3893925151177],[-119.08878249816014,51.39566946182157],[-119.09152794728708,51.395026269870506],[-119.10833668187033,51.3766071564638],[-119.13358638446373,51.36562405239239],[-119.14702192700008,51.36474315822812],[-119.1543149102964,51.35866205986122],[-119.18704895878217,51.35449510068809],[-119.1924249520989,51.31760557742422],[-119.20534690946423,51.31798158491725],[-119.20503609130955,51.3112590964278],[-119.22098710181513,51.31112460427583],[-119.22451956224322,51.279896748774604],[-119.23722320746462,51.26810922894712],[-119.25621832667233,51.26377483985191],[-119.27498179838479,51.25722505897934],[-119.29399449103914,51.24634292664188],[-119.31259673405128,51.247900156913914],[-119.32415819278691,51.25321936171391],[-119.37088164081239,51.255493644995816],[-119.37622868417327,51.253177850986766],[-119.3758159853468,51.249404732141244],[-119.38666532941173,51.24126817148142],[-119.40870422682664,51.23162805467838],[-119.4253758736906,51.228236898468175],[-119.4406946929451,51.2217727764006],[-119.44548554550423,51.214044918855016],[-119.44401864068112,51.20281492428168],[-119.43944124190314,51.19263496054234],[-119.43965648918014,51.1822834476002],[-119.4722424456545,51.179499332023575],[-119.48393414803725,51.17372818409044],[-119.49923289588224,51.15733822580525],[-119.50945367449323,51.143205973076995],[-119.51152960440768,51.13135236409811],[-119.5086559047792,51.11857364231653],[-119.51398883206245,51.11087332445062],[-119.52569883905237,51.106646933180684],[-119.52390574594102,51.10049549347608],[-119.5245078602498,51.092709001755416],[-119.51733143050834,51.089600923522106],[-119.51427898199398,51.079099206826946],[-119.5071315101069,51.06665215083118],[-119.50936939640286,51.05420579857109],[-119.52169110723756,51.032646426936225],[-119.54807206351634,51.011030448614925],[-119.53798065374973,51.000906746082585],[-119.53691840492624,50.98359434651077],[-119.6059867420479,50.984782675556254],[-119.80401486391344,50.984022917053835],[-119.80436074992117,50.924590620737455],[-120.0960166446973,50.925042450196045],[-120.09542328636343,51.0114089103219],[-120.11418639511076,51.01140385108823],[-120.11476046970401,51.04146615839752],[-120.11096706194844,51.04138720465114],[-120.11100729064323,51.06777033015334],[-120.13569835898342,51.06847877330604],[-120.1351155161938,51.10210445905536],[-120.14287509306418,51.102716905088954],[-120.15167718361373,51.09927230506429],[-120.16992739475734,51.10055010079015],[-120.17223628971908,51.09855169044488],[-120.1734318682695,51.093609337531],[-120.23394407322016,51.094041073816676],[-120.55730203601492,51.08872382552489],[-120.55723932163617,51.182451909149876],[-120.56088075001604,51.24972170224147],[-120.55800185126692,51.31293531467387],[-120.55760814106807,51.38024442793336],[-120.56092702115167,51.42638205780371],[-120.5576713264645,51.46690995896799],[-120.56152504806555,51.593101520102444],[-120.56042770428573,51.6612588344381],[-120.55841504451901,51.66454835750015],[-120.55081042842528,51.66498039513667],[-120.54423379107092,51.66958069798313]],[[-120.20035610410044,51.4216540889081],[-120.19868017356238,51.42109635499156],[-120.1974876874265,51.42290906689523],[-120.1993229215489,51.42295142591532],[-120.20035610410044,51.4216540889081]],[[-120.12666404392753,51.13485217604607],[-120.1278184740199,51.13397607825957],[-120.12439748142104,51.13412470519575],[-120.12463462576066,51.13526063124867],[-120.12666404392753,51.13485217604607]],[[-119.78598648625817,51.07917987634779],[-119.77738842791125,51.07593526275702],[-119.77340393752178,51.076856754625226],[-119.77371569842381,51.08052493785426],[-119.78598648625817,51.07917987634779]],[[-120.11910549308479,51.14716560037028],[-120.12751360103651,51.1439601973659],[-120.12908274868872,51.13801142077232],[-120.11451109711675,51.13859872181562],[-120.11610983959987,51.140209515505454],[-120.11463364188955,51.15926538329162],[-120.11733122667474,51.15949638658727],[-120.1163765503725,51.17726633057985],[-120.10796181606169,51.177495631704566],[-120.10665189869219,51.200580546278076],[-120.09836270629545,51.200252409440566],[-120.09626631659114,51.202574750662],[-120.10613091145545,51.2020039271548],[-120.10569674404033,51.206854086345665],[-120.11024063790812,51.206328033967694],[-120.11053555612608,51.20453865882833],[-120.11625984773151,51.20460323641833],[-120.11634632368924,51.19768704005532],[-120.14264990650663,51.20016759592055],[-120.14061049769116,51.19739321471059],[-120.14114500243875,51.195127288329545],[-120.15081999217809,51.18778980671419],[-120.15198959650917,51.18425768923177],[-120.14913919628057,51.17833589776059],[-120.13027717997196,51.167375801493364],[-120.12986581093836,51.16533280164662],[-120.13261519576838,51.16055889998275],[-120.1314862008663,51.155901699855974],[-120.12938790204801,51.15360868873644],[-120.12111909212945,51.150958303440085],[-120.11910549308479,51.14716560037028]],[[-120.15976853558007,51.3395478690549],[-120.1568188106429,51.33939407182824],[-120.15640322954168,51.33660547636363],[-120.16874064379499,51.332604864355986],[-120.17089031740487,51.33056117135463],[-120.1708184218801,51.327070354461455],[-120.16897133327629,51.32209566575535],[-120.15317960936088,51.31263745613761],[-120.15323892285596,51.30612735570954],[-120.15662402023467,51.29732297821116],[-120.16020673702201,51.294846268704596],[-120.16992860130618,51.29328386620387],[-120.17074213196642,51.29196215125777],[-120.16732431308053,51.28687067393916],[-120.15418392991835,51.27624316339041],[-120.15790191174648,51.26524406275746],[-120.16970702170465,51.258864971907634],[-120.1730975061316,51.25406256370186],[-120.16822144029199,51.248287368779124],[-120.1582270133751,51.241635386677274],[-120.14390235966366,51.24306319870139],[-120.14387884690046,51.26958043323678],[-120.14687722757968,51.27152912215748],[-120.14614173689588,51.27500149892705],[-120.14825178808118,51.27785456973046],[-120.14796100203203,51.28404056872205],[-120.14930631796359,51.28468992958375],[-120.14745218204796,51.28900640043012],[-120.14106267151298,51.294054005085066],[-120.15238812299941,51.304597789085285],[-120.15248738330024,51.31124459580124],[-120.14632404549748,51.316158958291396],[-120.135438893939,51.316020461908664],[-120.1354621696675,51.32334011968069],[-120.15065759604805,51.32318130498928],[-120.14995193863697,51.33106205872905],[-120.15246539823204,51.34000542920711],[-120.14550376988049,51.348549633807835],[-120.16858209506087,51.34641873929418],[-120.16707212584231,51.34148765380305],[-120.15976853558007,51.3395478690549]]]},"bbox":[-120.56152504806555,50.924590620737455,-118.95019426564009,51.675506074070505]},{"id":"5933074","type":"Feature","properties":{},"geometry":{"type":"Polygon","coordinates":[[[-120.14073956284129,51.20027883297218],[-120.11634632368924,51.19768704005532],[-120.11625984773151,51.20460323641833],[-120.11053555612608,51.20453865882833],[-120.11024063790812,51.206328033967694],[-120.10569674404033,51.206854086345665],[-120.10613091145545,51.2020039271548],[-120.09626631659114,51.202574750662],[-120.09836270629545,51.200252409440566],[-120.10665189869219,51.200580546278076],[-120.10796181606169,51.177495631704566],[-120.1163765503725,51.17726633057985],[-120.11733122667474,51.15949638658727],[-120.11463364188955,51.15926538329162],[-120.11610983959987,51.140209515505454],[-120.11451109711675,51.13859872181562],[-120.12908274868872,51.13801142077232],[-120.12751360103651,51.1439601973659],[-120.11910549308479,51.14716560037028],[-120.11932328183651,51.14880199417664],[-120.1314862008663,51.155901699855974],[-120.13261519576838,51.16055889998275],[-120.12991618790511,51.16674561399193],[-120.13207280898042,51.16915541075252],[-120.15071548448073,51.17988830359258],[-120.15198959650917,51.18425768923177],[-120.15081999217809,51.18778980671419],[-120.14114500243875,51.195127288329545],[-120.14061049769116,51.19739321471059],[-120.14264990650663,51.20016759592055],[-120.14073956284129,51.20027883297218]]]},"bbox":[-120.15198959650917,51.13801142077232,-120.09626631659114,51.206854086345665]},{"id":"5933801","type":"Feature","properties":{},"geometry":{"type":"Polygon","coordinates":[[[-120.83852234111853,50.055378866599334],[-120.8145436950492,50.05521003785648],[-120.8144852838572,50.03317111796221],[-120.83137747262934,50.033314716900165],[-120.83235471055276,50.02248478878492],[-120.85461881383875,50.02379201706013],[-120.8548271046105,50.018976144448395],[-120.87073349149449,50.01849930350564],[-120.87032769225257,50.01106373532776],[-120.8827820765185,50.01048626337642],[-120.8831553734092,50.0139786425989],[-120.90236927381012,50.014371308996125],[-120.9024019614061,50.03221562030832],[-120.89098173474731,50.03217414575054],[-120.89053144569779,50.03966038435461],[-120.86834377352658,50.039421494575826],[-120.86795047697804,50.050109125546165],[-120.85428173146936,50.05023656179299],[-120.85393300226765,50.05564627063655],[-120.83852234111853,50.055378866599334]]]},"bbox":[-120.9024019614061,50.01048626337642,-120.8144852838572,50.05564627063655]},{"id":"5933802","type":"Feature","properties":{},"geometry":{"type":"Polygon","coordinates":[[[-120.24464466327038,50.234270528729745],[-120.24486915678116,50.21330844224578],[-120.24099995181086,50.15540655748304],[-120.24725432922358,50.154204066488816],[-120.25257574395405,50.14953546163869],[-120.26547723057266,50.14550494847227],[-120.27564034884976,50.14523016773624],[-120.2831724197125,50.139550368743336],[-120.27474162215078,50.14257396316699],[-120.27156934224142,50.14103297118104],[-120.26990292527913,50.136855759432514],[-120.26271042942712,50.13781135139145],[-120.25924453580811,50.13552556357855],[-120.24508201734628,50.14281746602175],[-120.2338348219425,50.14533977413158],[-120.22674103581912,50.14408076307927],[-120.22170687059308,50.14731532473102],[-120.22409600416151,50.13045440143165],[-120.22420165166622,50.09860526499661],[-120.31022948776449,50.09922604112267],[-120.31040652324056,50.12779579808415],[-120.32192655920969,50.12755169370231],[-120.32185486827687,50.13637986112462],[-120.33647371275909,50.136421573366476],[-120.3365758762166,50.14928770900557],[-120.34123074121402,50.18966723428082],[-120.33183761588371,50.1894562744748],[-120.33367325211498,50.211048308696796],[-120.30562305931741,50.21181782849176],[-120.29963595939705,50.23005450535128],[-120.30028391584135,50.24332011612521],[-120.24457869361825,50.24273841335563],[-120.24464466327038,50.234270528729745]]]},"bbox":[-120.34123074121402,50.09860526499661,-120.22170687059308,50.24332011612521]},{"id":"5933803","type":"Feature","properties":{},"geometry":{"type":"Polygon","coordinates":[[[-121.51832617922473,50.1550171029938],[-121.51103600910264,50.15127168096126],[-121.52193013314985,50.142125288740935],[-121.52869965379202,50.14627534333126],[-121.52784329583518,50.14887042195163],[-121.52116311919092,50.15030176685426],[-121.51832617922473,50.1550171029938]]]},"bbox":[-121.52869965379202,50.142125288740935,-121.51103600910264,50.1550171029938]},{"id":"5933805","type":"Feature","properties":{},"geometry":{"type":"Polygon","coordinates":[[[-120.74969510905449,50.09623820779429],[-120.74899261194402,50.0916983534128],[-120.75272543505409,50.09174678539569],[-120.7523672668184,50.08571249602665],[-120.76358728286047,50.085775052420274],[-120.76322035056278,50.09862165533314],[-120.74986572652911,50.098869628425476],[-120.74969510905449,50.09623820779429]]]},"bbox":[-120.76358728286047,50.08571249602665,-120.74899261194402,50.098869628425476]},{"id":"5933806","type":"Feature","properties":{},"geometry":{"type":"Polygon","coordinates":[[[-120.46305442051188,50.237353657372005],[-120.44699090724721,50.23689011061487],[-120.44726713841054,50.214586473721035],[-120.45864552819444,50.214376212875884],[-120.45913589121871,50.20697854095603],[-120.46323219769707,50.206863800916565],[-120.45736981365512,50.1983596325225],[-120.45273113953729,50.19248351445783],[-120.42438313338536,50.192727340127256],[-120.4246854327967,50.1853240494685],[-120.48007203927457,50.18647504007225],[-120.47363583862175,50.19267057073468],[-120.48254530838312,50.20577325975678],[-120.48297301862422,50.215748473209906],[-120.48188204767177,50.21756996501656],[-120.48174393751805,50.2151189558644],[-120.47991701172339,50.21493665955411],[-120.4750092474877,50.21921916013045],[-120.47341423418335,50.222080447300485],[-120.47503093075971,50.22757646239394],[-120.47034451389958,50.23424745562441],[-120.46305442051188,50.237353657372005]]]},"bbox":[-120.48297301862422,50.1853240494685,-120.42438313338536,50.237353657372005]},{"id":"5933807","type":"Feature","properties":{},"geometry":{"type":"Polygon","coordinates":[[[-120.83959626163049,50.243716431801175],[-120.82515808217917,50.24383762786078],[-120.82524630521958,50.24912638867256],[-120.81660989617527,50.2492851052904],[-120.81452985841587,50.1484443910545],[-120.82001271730212,50.14818365858847],[-120.82024306063695,50.140852808981414],[-120.82368286430471,50.14078932636608],[-120.82388150385177,50.129126395640945],[-120.8266804107899,50.127629155046435],[-120.82345479632902,50.1249371801837],[-120.82926157430563,50.12626885263717],[-120.8396628222629,50.121513470357634],[-120.85878091955578,50.12538282192728],[-120.85741557021076,50.128799353445075],[-120.86135490876215,50.13248478656696],[-120.85975799505775,50.13653671586847],[-120.86513409386347,50.13831489418838],[-120.86561617833928,50.148836858127055],[-120.8760194048724,50.149044105747755],[-120.87575819482893,50.15188536166543],[-120.86962169060999,50.15636591028397],[-120.87269535598372,50.15641124943694],[-120.87294884617361,50.159937411274164],[-120.86967597453247,50.160011194687705],[-120.87069705603756,50.17703389072261],[-120.86965539356646,50.17783720702522],[-120.87148386147003,50.19223499026679],[-120.86851241779546,50.19229594897946],[-120.86841846909873,50.21013732234534],[-120.8658196530479,50.210084398324845],[-120.86574022134728,50.235942933630355],[-120.86163436348573,50.23606089461104],[-120.86197551387768,50.23918801266114],[-120.8506657606135,50.23955763550299],[-120.85093083845251,50.243428279703714],[-120.83959626163049,50.243716431801175]],[[-120.86107854515362,50.1419912741825],[-120.85199912490557,50.142083725339155],[-120.84830738876913,50.14974172833377],[-120.8485709850558,50.15656519217234],[-120.86168007897062,50.15544849016229],[-120.86107854515362,50.1419912741825]]]},"bbox":[-120.8760194048724,50.121513470357634,-120.81452985841587,50.2492851052904]},{"id":"5933808","type":"Feature","properties":{},"geometry":{"type":"Polygon","coordinates":[[[-121.09078182237313,50.23033648242268],[-121.0913303934646,50.22548387672119],[-121.08250717992493,50.22524004168093],[-121.08276377612019,50.214989429711736],[-121.08046088005544,50.21495534805227],[-121.08053010855214,50.207396186617544],[-121.07547204738323,50.2054279870662],[-121.07536060214444,50.202190592190036],[-121.070054825225,50.20179330989641],[-121.07020239302429,50.20000672755469],[-121.06382412757452,50.199780179047025],[-121.06402282476961,50.19628897251107],[-121.06096114744345,50.19623755554162],[-121.06098069189339,50.19449172617831],[-121.05267430183832,50.19418605871542],[-121.05340499671857,50.18336401853961],[-121.0563202562271,50.18351542326855],[-121.05538095358155,50.17826013474553],[-121.05022779524799,50.17798019872615],[-121.05044301394261,50.16188493633563],[-121.05206354235693,50.160330248310046],[-121.04391849331871,50.1558717080543],[-121.03660979747735,50.15741990688419],[-121.03300337980514,50.15653969405705],[-121.0303267488009,50.15262995156399],[-121.0316823032158,50.143423736233615],[-121.04176503373758,50.1434320945936],[-121.0417400709434,50.152357207952996],[-121.04446714554155,50.15240034162312],[-121.04446558517624,50.15417929347508],[-121.04932194780534,50.15418558946102],[-121.04941041816099,50.15609855941335],[-121.05490980959375,50.157910201132836],[-121.0548722652821,50.15975718056621],[-121.06005402422085,50.160104295002334],[-121.06002892672568,50.1633715571634],[-121.07473078676416,50.163583831876586],[-121.07410169239947,50.1691454653273],[-121.0596439974012,50.170096921874595],[-121.05896698436375,50.17588790192658],[-121.06148898183625,50.17613141250213],[-121.06101827179074,50.180590569978655],[-121.06448928460519,50.181100203391566],[-121.06126799124345,50.184183597052304],[-121.06613438585894,50.1947541065594],[-121.07505782557854,50.19932356076975],[-121.08015704617016,50.199103919676666],[-121.08096259704502,50.20386439822177],[-121.08395135098742,50.203688217307786],[-121.08446243897612,50.207100188953184],[-121.09184030435831,50.206950221272734],[-121.09298174414505,50.217230203253415],[-121.0959705473405,50.217213196812835],[-121.09703284916125,50.225676067258696],[-121.09957267915902,50.22561218643046],[-121.09946634129817,50.231610369864896],[-121.1047787461633,50.231956732632725],[-121.10469288879791,50.236481195231704],[-121.09437514208778,50.23037216344504],[-121.09078182237313,50.23033648242268]]]},"bbox":[-121.1047787461633,50.143423736233615,-121.0303267488009,50.236481195231704]},{"id":"5933809","type":"Feature","properties":{},"geometry":{"type":"Polygon","coordinates":[[[-120.94082787698709,49.987294828315044],[-120.93077753784696,49.9863922709445],[-120.93021186408811,49.98821350654892],[-120.92626869410788,49.98777134075662],[-120.92581020735953,49.98561458661309],[-120.93310692076028,49.98148440307473],[-120.93154561117552,49.97839529162188],[-120.93648441245644,49.97481751925858],[-120.94114853113278,49.97692901700114],[-120.9620928879734,49.97669345801016],[-120.96216571626871,49.98169423096301],[-120.97874282217592,49.98153977366735],[-120.97914094441967,49.98840998603195],[-120.98352119035977,49.98846652621124],[-120.98403351877936,49.99346868239329],[-120.98927480193754,49.99337300487301],[-120.98938907835335,50.000874584751436],[-120.99458758943238,50.00086370951227],[-120.99528964617258,50.01053970802052],[-120.98771710277904,50.010482590725374],[-120.98682150348228,50.00339383753878],[-120.98114174516118,50.003788271296926],[-120.98055962996827,49.99643857954243],[-120.97830392990235,49.99658865967622],[-120.97790064856568,49.991221220608395],[-120.9614736671153,49.990996636987916],[-120.96150961681133,49.98943533833054],[-120.95054407736582,49.989312156102386],[-120.95019248409712,49.987522000995675],[-120.94082787698709,49.987294828315044]]]},"bbox":[-120.99528964617258,49.97481751925858,-120.92581020735953,50.01053970802052]},{"id":"5933810","type":"Feature","properties":{},"geometry":{"type":"MultiPolygon","coordinates":[[[[-121.33393847226294,50.463105059684764],[-121.33402061205928,50.461295490861794],[-121.3397607863323,50.46162991654094],[-121.33963986819215,50.46340794373823],[-121.33393847226294,50.463105059684764]]],[[[-121.34192663702223,50.44911976693365],[-121.34207250613589,50.4451301935039],[-121.34499725236324,50.44525190823556],[-121.34500945502045,50.44920577723929],[-121.34192663702223,50.44911976693365]]]]},"bbox":[-121.34500945502045,50.4451301935039,-121.33393847226294,50.46340794373823]},{"id":"5933811","type":"Feature","properties":{},"geometry":{"type":"Polygon","coordinates":[[[-120.67484795341939,50.193646943221616],[-120.6616048393817,50.1937903389053],[-120.66202537658093,50.17461120591075],[-120.6740109032983,50.17158479364882],[-120.67484795341939,50.193646943221616]]]},"bbox":[-120.67484795341939,50.17158479364882,-120.6616048393817,50.1937903389053]},{"id":"5933812","type":"Feature","properties":{},"geometry":{"type":"Polygon","coordinates":[[[-121.36688994747485,50.851949933872795],[-121.35001033478429,50.85171422068121],[-121.35045230520338,50.83223153790724],[-121.35562336533717,50.83475184043636],[-121.3620425746093,50.828911220860846],[-121.3670985756326,50.83059026874086],[-121.40221707370489,50.83027273813712],[-121.40208920043858,50.83796687903255],[-121.39591947527329,50.837885360639575],[-121.39606186866116,50.845196853249114],[-121.38962109479364,50.84523427299369],[-121.38864911329131,50.8432661377106],[-121.37970704034792,50.84692570983434],[-121.37998413787241,50.85213705809043],[-121.36688994747485,50.851949933872795]]]},"bbox":[-121.40221707370489,50.828911220860846,-121.35001033478429,50.85213705809043]},{"id":"5933813","type":"Feature","properties":{},"geometry":{"type":"Polygon","coordinates":[[[-121.61493821880165,50.2992986218867],[-121.61441504165337,50.29235988204593],[-121.62255505037655,50.29222838048455],[-121.6219298302265,50.285449515086576],[-121.62387089216483,50.285569525594546],[-121.63125133135723,50.2925545594324],[-121.63876335319351,50.29346036741227],[-121.6400620164619,50.29520216416711],[-121.6402337049916,50.30025351494714],[-121.61493821880165,50.2992986218867]]]},"bbox":[-121.6402337049916,50.285449515086576,-121.61441504165337,50.30025351494714]},{"id":"5933814","type":"Feature","properties":{},"geometry":{"type":"Polygon","coordinates":[[[-122.15006987925094,51.46667804138321],[-122.15163071300763,51.46513988934972],[-122.15825742507407,51.465019937155446],[-122.15693688124044,51.46871351389394],[-122.15932527036848,51.4730613418209],[-122.142786964721,51.473290524292274],[-122.15006987925094,51.46667804138321]]]},"bbox":[-122.15932527036848,51.465019937155446,-122.142786964721,51.473290524292274]},{"id":"5933817","type":"Feature","properties":{},"geometry":{"type":"Polygon","coordinates":[[[-121.00852764837497,50.8850655656747],[-120.99617448714632,50.88226620903956],[-120.9979849465848,50.88158334056654],[-120.99147951952892,50.88179557212385],[-120.98836431673715,50.883504663160515],[-120.97919971521344,50.882358173236256],[-120.97600223847564,50.879703460501965],[-120.97253070868258,50.87943566292043],[-120.969962498819,50.87142319389143],[-120.96384703277391,50.872616599462035],[-120.96665875248888,50.87525872809578],[-120.96310011552586,50.87604227596101],[-120.96259121392119,50.87307892835287],[-120.95146385433873,50.87542934701799],[-120.87882997159855,50.749183443072496],[-120.89562853372341,50.74318156389769],[-120.91786853055237,50.74414856519858],[-120.9231157397339,50.746300550624284],[-120.9234385101796,50.749274363699264],[-120.92668571794152,50.75313676056936],[-120.93649653474401,50.75829387539511],[-120.93856056570726,50.75444846146561],[-120.93622600478986,50.75004833151031],[-120.93700059618503,50.74845758114546],[-120.9413696113819,50.74784534066762],[-120.9452240032412,50.74989580916093],[-120.9449589030026,50.75760846349812],[-120.94311578641508,50.76126193888339],[-120.94443530975525,50.76254516663398],[-120.95059492201788,50.76467716563629],[-120.95857684311471,50.76334913949446],[-120.95686072083818,50.7647326361434],[-120.95699367752673,50.76985939269956],[-120.9526372100306,50.772141462851394],[-120.95078584231686,50.775535366426176],[-120.97546492097248,50.79335216455104],[-120.9790644309519,50.79902627622832],[-120.9829231343668,50.80071246903758],[-120.98364882833542,50.80268646055997],[-120.98712723741797,50.80494095239448],[-120.99270179976567,50.805390672058024],[-121.0390515655265,50.87536680780053],[-121.03100663574702,50.87802413000328],[-121.03206348329861,50.87978987639538],[-121.02369686037733,50.88932104092644],[-121.01685514348623,50.892917165446015],[-121.01374816324835,50.8934141258137],[-121.01373104140502,50.889785369962624],[-121.00852764837497,50.8850655656747]]]},"bbox":[-121.0390515655265,50.74318156389769,-120.87882997159855,50.8934141258137]},{"id":"5933819","type":"Feature","properties":{},"geometry":{"type":"Polygon","coordinates":[[[-122.00693721246056,51.11707313350692],[-122.0066170663031,51.11254492261018],[-121.96088893111767,51.11177960770629],[-121.95997615724164,51.09267545467222],[-121.94904632704429,51.092073913963794],[-121.9480031544764,51.080603179378556],[-121.95885463622314,51.08298943369674],[-121.98497645473736,51.08437808032443],[-121.98630781986638,51.09909256561406],[-122.02826927290077,51.099917205231826],[-122.02715526774989,51.10845332720873],[-122.0318929178312,51.10943265739188],[-122.03814134041954,51.11884526214679],[-122.04901433616381,51.122316075614634],[-122.04999551939605,51.12953537185017],[-122.03969179167272,51.13981951128736],[-122.03122113667789,51.139261357625394],[-122.0300357802995,51.1366052838155],[-122.03179194541197,51.132938965985446],[-122.02368477886085,51.13306172953409],[-122.02146735867404,51.11629936711104],[-122.00693721246056,51.11707313350692]]]},"bbox":[-122.04999551939605,51.080603179378556,-121.9480031544764,51.13981951128736]},{"id":"5933821","type":"Feature","properties":{},"geometry":{"type":"Polygon","coordinates":[[[-121.97769663614986,51.41046558785572],[-121.97639030575814,51.40696816103542],[-122.00094750883333,51.407005810514804],[-122.00020715943467,51.42455989228996],[-122.08686415863623,51.42535805213624],[-122.0863137769723,51.45165106804076],[-122.06560178382355,51.451306277182965],[-122.0666093373717,51.4384077660645],[-122.00014183464924,51.43766595727546],[-122.00023836993232,51.43645663424504],[-121.9774765748624,51.43582144620966],[-121.97769663614986,51.41046558785572]]]},"bbox":[-122.08686415863623,51.40696816103542,-121.97639030575814,51.45165106804076]},{"id":"5933823","type":"Feature","properties":{},"geometry":{"type":"Polygon","coordinates":[[[-121.56859461100503,50.202498333078324],[-121.56848823996224,50.19955627794506],[-121.57377594958176,50.199490714865625],[-121.57392035043335,50.20238596069026],[-121.56859461100503,50.202498333078324]]]},"bbox":[-121.57392035043335,50.199490714865625,-121.56848823996224,50.202498333078324]},{"id":"5933824","type":"Feature","properties":{},"geometry":{"type":"Polygon","coordinates":[[[-121.57542722491843,50.196206942916334],[-121.57560616839477,50.192872350033795],[-121.58144909327503,50.19304003417327],[-121.58359437466574,50.196735177630366],[-121.57542722491843,50.196206942916334]]]},"bbox":[-121.58359437466574,50.192872350033795,-121.57542722491843,50.196735177630366]},{"id":"5933825","type":"Feature","properties":{},"geometry":{"type":"Polygon","coordinates":[[[-121.57309275507224,50.19600584025271],[-121.5721314745597,50.182312580692425],[-121.57758313267186,50.18255862412664],[-121.58100482047901,50.186197457173414],[-121.58144909327503,50.19304003417327],[-121.57560616839477,50.192872350033795],[-121.57542722491843,50.196206942916334],[-121.57309275507224,50.19600584025271]]]},"bbox":[-121.58144909327503,50.182312580692425,-121.5721314745597,50.196206942916334]},{"id":"5933828","type":"Feature","properties":{},"geometry":{"type":"Polygon","coordinates":[[[-121.31233702221441,50.63710549678406],[-121.31618979404304,50.63576649490954],[-121.31070844137503,50.63413254863147],[-121.31822740807944,50.622694285998605],[-121.3182020766397,50.6206848182175],[-121.32603774234236,50.62275186781622],[-121.32965271804173,50.622848675616744],[-121.33139643935255,50.62132721703508],[-121.3302360986202,50.60928391483063],[-121.34826987645958,50.60923166245875],[-121.34792449457898,50.616314872536165],[-121.33648014825233,50.61619434660873],[-121.33623030190587,50.62067638948238],[-121.33284879759427,50.62064328118997],[-121.33301744237613,50.62926927340548],[-121.32750895210637,50.628782807622],[-121.32749009052941,50.64803792943377],[-121.31203740466115,50.64736686031421],[-121.31233702221441,50.63710549678406]]]},"bbox":[-121.34826987645958,50.60923166245875,-121.31070844137503,50.64803792943377]},{"id":"5933829","type":"Feature","properties":{},"geometry":{"type":"Polygon","coordinates":[[[-121.57977166684978,50.23015178487622],[-121.57528636335131,50.22872081977141],[-121.57519053680937,50.2265938961772],[-121.5720720411679,50.22589202556723],[-121.57900671598713,50.22595450829507],[-121.57977166684978,50.23015178487622]]]},"bbox":[-121.57977166684978,50.22589202556723,-121.5720720411679,50.23015178487622]},{"id":"5933831","type":"Feature","properties":{},"geometry":{"type":"Polygon","coordinates":[[[-121.57922987965776,50.25661710389293],[-121.57913937935189,50.26757260303596],[-121.56539738218177,50.267248491115964],[-121.56502210441136,50.25649696232499],[-121.57922987965776,50.25661710389293]]]},"bbox":[-121.57922987965776,50.25649696232499,-121.56502210441136,50.26757260303596]},{"id":"5933832","type":"Feature","properties":{},"geometry":{"type":"Polygon","coordinates":[[[-121.57214190870654,50.23850427946984],[-121.5720129517023,50.23466921307506],[-121.58076016824546,50.234465076886416],[-121.58120018403227,50.23629996469311],[-121.57893243547643,50.238115475297924],[-121.57214190870654,50.23850427946984]]]},"bbox":[-121.58120018403227,50.234465076886416,-121.5720129517023,50.23850427946984]},{"id":"5933833","type":"Feature","properties":{},"geometry":{"type":"MultiPolygon","coordinates":[[[[-121.59364098884944,50.291988151481114],[-121.59261476741604,50.280727728463134],[-121.61962008035462,50.28061616120616],[-121.6232345376588,50.284087976995785],[-121.61080098164844,50.28358407925129],[-121.61163128656686,50.29206566959833],[-121.59364098884944,50.291988151481114]]],[[[-121.60199361060947,50.274781359322056],[-121.60043773687126,50.27688686024242],[-121.58855814760608,50.27675922473647],[-121.58844358796782,50.26777378156139],[-121.58457239309914,50.263172737545084],[-121.59489624032685,50.260277349447385],[-121.59630834869157,50.262261900485505],[-121.60399201350191,50.262099257701465],[-121.60479864280217,50.26476257252863],[-121.60344882609913,50.26633776705496],[-121.60542873792203,50.26912347453683],[-121.61707682871877,50.277467509703705],[-121.60195003904835,50.27770554760857],[-121.60199361060947,50.274781359322056]],[[-121.59999462688198,50.264899885007026],[-121.59903350194433,50.265104736090564],[-121.59956896127555,50.26610400031167],[-121.60060998118378,50.26590830810262],[-121.59999462688198,50.264899885007026]]]]},"bbox":[-121.6232345376588,50.260277349447385,-121.58457239309914,50.29206566959833]},{"id":"5933834","type":"Feature","properties":{},"geometry":{"type":"Polygon","coordinates":[[[-121.3159719391833,50.42135727106439],[-121.31732242665927,50.42095400813386],[-121.32169354795043,50.42337112891898],[-121.31625141672477,50.427387370104235],[-121.3159719391833,50.42135727106439]]]},"bbox":[-121.32169354795043,50.42095400813386,-121.3159719391833,50.427387370104235]},{"id":"5933836","type":"Feature","properties":{},"geometry":{"type":"Polygon","coordinates":[[[-121.47628741664602,50.889779699334184],[-121.44531361383069,50.88953329574495],[-121.44517462354737,50.87864040991164],[-121.49894276460195,50.87910649185685],[-121.49844493600685,50.86962963024726],[-121.5223717440575,50.86956096724793],[-121.52298981568842,50.89002407421598],[-121.47628741664602,50.889779699334184]]]},"bbox":[-121.52298981568842,50.86956096724793,-121.44517462354737,50.89002407421598]},{"id":"5933837","type":"Feature","properties":{},"geometry":{"type":"Polygon","coordinates":[[[-121.37215419532443,50.61957764600799],[-121.3724723397474,50.60503914612309],[-121.38463544243359,50.60502222219231],[-121.3849514912871,50.61210932337839],[-121.39590104243003,50.61219412381712],[-121.39590923111781,50.619502114739596],[-121.37215419532443,50.61957764600799]],[[-121.37745788918495,50.605636877150566],[-121.37545361086737,50.60579960052018],[-121.37740266885326,50.61135181442923],[-121.38023706310521,50.61105481483815],[-121.3789947395739,50.60551277293793],[-121.37745788918495,50.605636877150566]]]},"bbox":[-121.39590923111781,50.60502222219231,-121.37215419532443,50.61957764600799]},{"id":"5933839","type":"Feature","properties":{},"geometry":{"type":"Polygon","coordinates":[[[-121.73759190119137,50.43968436210852],[-121.7279358561635,50.43961203840725],[-121.7251178145047,50.442668330396224],[-121.70846212444624,50.44556025762958],[-121.70672272336742,50.44703395483812],[-121.70642924106313,50.44324730530989],[-121.69732617446576,50.44318479583038],[-121.69965243362432,50.440659556918455],[-121.69933680772372,50.437292734546645],[-121.73762546982279,50.43778735853228],[-121.73759190119137,50.43968436210852]]]},"bbox":[-121.73762546982279,50.437292734546645,-121.69732617446576,50.44703395483812]},{"id":"5933840","type":"Feature","properties":{},"geometry":{"type":"Polygon","coordinates":[[[-121.72179698353044,50.4284129916349],[-121.70430542217991,50.428668105347306],[-121.70418616296462,50.43156468053254],[-121.69644065991338,50.43157531689754],[-121.69621501537834,50.42387990281816],[-121.71346085961135,50.42401535854234],[-121.71344905619367,50.421960136472066],[-121.72205402458466,50.42184952870119],[-121.72179698353044,50.4284129916349]]]},"bbox":[-121.72205402458466,50.42184952870119,-121.69621501537834,50.43157531689754]},{"id":"5933841","type":"Feature","properties":{},"geometry":{"type":"Polygon","coordinates":[[[-121.64156911340547,50.298026466047546],[-121.6504557942044,50.297676165537986],[-121.65034853091296,50.29942241940511],[-121.65495929538682,50.29948953813503],[-121.6546209103687,50.309034084351026],[-121.65609297674318,50.30913704553004],[-121.65623115011456,50.31694704199482],[-121.65023343135196,50.317378249799376],[-121.64882603061073,50.313427878228936],[-121.6438486462698,50.30918795706218],[-121.64352965335466,50.30210536606859],[-121.64156911340547,50.298026466047546]]]},"bbox":[-121.65623115011456,50.297676165537986,-121.64156911340547,50.317378249799376]},{"id":"5933842","type":"Feature","properties":{},"geometry":{"type":"Polygon","coordinates":[[[-121.61571927009882,50.27349368248712],[-121.61609356297687,50.26831937647711],[-121.61944069338135,50.26850291692092],[-121.61942783447485,50.27004401874218],[-121.63557894654268,50.26994655681369],[-121.63531860783131,50.274039580683315],[-121.61561657202915,50.274911441353645],[-121.61571927009882,50.27349368248712]]]},"bbox":[-121.63557894654268,50.26831937647711,-121.61561657202915,50.274911441353645]},{"id":"5933844","type":"Feature","properties":{},"geometry":{"type":"Polygon","coordinates":[[[-121.31238950380619,50.70875387656915],[-121.31177473806754,50.712582451296356],[-121.31316993941115,50.71319627405329],[-121.31217961654711,50.71436836073045],[-121.31335581741843,50.715942169346924],[-121.32804776064413,50.72010630168482],[-121.32462071528829,50.726649742477086],[-121.30156975478505,50.71959880000063],[-121.31238950380619,50.70875387656915]]]},"bbox":[-121.32804776064413,50.70875387656915,-121.30156975478505,50.726649742477086]},{"id":"5933845","type":"Feature","properties":{},"geometry":{"type":"Polygon","coordinates":[[[-121.2856527169362,50.72428796169771],[-121.28694739983699,50.72073541257612],[-121.28461873800777,50.70874983084284],[-121.28577082744191,50.706311666712025],[-121.29457061546307,50.70264575866649],[-121.29567851555323,50.69985566723872],[-121.30242981720284,50.69996396669005],[-121.30358813624899,50.702759667197114],[-121.3102455147969,50.705499859477314],[-121.3124543267387,50.708671573122295],[-121.30156975478505,50.71959880000063],[-121.34427777178307,50.732896212632575],[-121.34430470178495,50.75693954243174],[-121.31124380387119,50.7566282205483],[-121.31066663977272,50.7459822670038],[-121.31215530330913,50.73496841432089],[-121.28200423820351,50.73459867398595],[-121.2822408152443,50.72727163318206],[-121.2856527169362,50.72428796169771]]]},"bbox":[-121.34430470178495,50.69985566723872,-121.28200423820351,50.75693954243174]},{"id":"5933846","type":"Feature","properties":{},"geometry":{"type":"Polygon","coordinates":[[[-121.31275901293048,50.603871056377024],[-121.30398391099929,50.601845867508594],[-121.30301573404383,50.59849475134665],[-121.30557532928545,50.60084325391678],[-121.30269502459679,50.59680845491971],[-121.30397674076185,50.593373273307314],[-121.31022090903791,50.589798112465125],[-121.33464586229782,50.58948261585027],[-121.33712182585563,50.60889830767288],[-121.31555471555421,50.610149420760656],[-121.31483451916979,50.60588775591324],[-121.31275901293048,50.603871056377024]]]},"bbox":[-121.33712182585563,50.58948261585027,-121.30269502459679,50.610149420760656]},{"id":"5933848","type":"Feature","properties":{},"geometry":{"type":"Polygon","coordinates":[[[-121.69998742175034,50.45157325682146],[-121.69455503768309,50.449865669916925],[-121.69745631461694,50.44528536584695],[-121.6967786150977,50.44374866214388],[-121.70642924106313,50.44324730530989],[-121.70667273075286,50.447176768886024],[-121.70242584076954,50.45257166638469],[-121.69998742175034,50.45157325682146]]]},"bbox":[-121.70667273075286,50.44324730530989,-121.69455503768309,50.45257166638469]},{"id":"5933849","type":"Feature","properties":{},"geometry":{"type":"Polygon","coordinates":[[[-121.56432611468146,50.130529756026384],[-121.56990706996785,50.131080252112675],[-121.57309972126399,50.13371826982796],[-121.57423169912771,50.1427308274137],[-121.56818691496032,50.14276170367206],[-121.56789582340026,50.13575742959496],[-121.56475111801892,50.135390853092126],[-121.56432611468146,50.130529756026384]]]},"bbox":[-121.57423169912771,50.130529756026384,-121.56432611468146,50.14276170367206]},{"id":"5933850","type":"Feature","properties":{},"geometry":{"type":"Polygon","coordinates":[[[-121.58030572406393,50.218299169941254],[-121.58188151555427,50.20862165752307],[-121.58634183104002,50.19809962472339],[-121.58973715901335,50.19800853019033],[-121.59067503279039,50.21426579625085],[-121.58030572406393,50.218299169941254]]]},"bbox":[-121.59067503279039,50.19800853019033,-121.58030572406393,50.218299169941254]},{"id":"5933851","type":"Feature","properties":{},"geometry":{"type":"Polygon","coordinates":[[[-121.39933397835253,50.26695316201468],[-121.39355718509019,50.26697861598914],[-121.3933622660051,50.26198199054683],[-121.41118922750042,50.259931755565084],[-121.41276099595376,50.26324303293351],[-121.40640271796114,50.26365885787538],[-121.4030453171996,50.26748430719319],[-121.39933397835253,50.26695316201468]]]},"bbox":[-121.41276099595376,50.259931755565084,-121.3933622660051,50.26748430719319]},{"id":"5933852","type":"Feature","properties":{},"geometry":{"type":"Polygon","coordinates":[[[-121.6000939994484,50.25211504134477],[-121.59600074473097,50.25043646759548],[-121.59443879759489,50.24844344234819],[-121.59701581563601,50.249206693497044],[-121.60160150250287,50.24730938508429],[-121.60319296194245,50.248796369343125],[-121.59963509021873,50.25030135918137],[-121.60132675439588,50.251699717238814],[-121.6000939994484,50.25211504134477]]]},"bbox":[-121.60319296194245,50.24730938508429,-121.59443879759489,50.25211504134477]},{"id":"5933853","type":"Feature","properties":{},"geometry":{"type":"Polygon","coordinates":[[[-121.58748149679316,50.2623071500436],[-121.58457239309914,50.263172737545084],[-121.58634465979911,50.26554554973804],[-121.57923960070349,50.26564850773325],[-121.57908318529115,50.2515487404082],[-121.5941493993444,50.25140164951995],[-121.59878544065552,50.2545353523364],[-121.60399201350191,50.262099257701465],[-121.59630834869157,50.262261900485505],[-121.59489624032685,50.260277349447385],[-121.58748149679316,50.2623071500436]]]},"bbox":[-121.60399201350191,50.25140164951995,-121.57908318529115,50.26564850773325]},{"id":"5933854","type":"Feature","properties":{},"geometry":{"type":"MultiPolygon","coordinates":[[[[-121.3086875310368,50.618076158770236],[-121.30860381679017,50.61645546246946],[-121.31151704839837,50.61683996639313],[-121.3141332431897,50.621168169802885],[-121.30958461532018,50.61988775598435],[-121.3086875310368,50.618076158770236]]],[[[-121.31555723527265,50.61020735829244],[-121.31866363591956,50.61008699858957],[-121.32110078844374,50.621718300731544],[-121.31609384956522,50.61928082491502],[-121.31276442448606,50.61474497073827],[-121.31555723527265,50.61020735829244]]]]},"bbox":[-121.32110078844374,50.61008699858957,-121.30860381679017,50.621718300731544]},{"id":"5933855","type":"Feature","properties":{},"geometry":{"type":"Polygon","coordinates":[[[-121.58704712604109,50.23401247007056],[-121.5970368984924,50.23404794016277],[-121.59699039221152,50.23738611860708],[-121.59988549214565,50.23747273532575],[-121.59981760882056,50.23914271052874],[-121.58952520955522,50.2400228550775],[-121.58703891208717,50.23718936744487],[-121.58704712604109,50.23401247007056]]]},"bbox":[-121.59988549214565,50.23401247007056,-121.58703891208717,50.2400228550775]},{"id":"5933857","type":"Feature","properties":{},"geometry":{"type":"Polygon","coordinates":[[[-121.26834079280502,50.51436956713176],[-121.26827710032904,50.50909734654273],[-121.23940611070196,50.509221213055284],[-121.23909518980945,50.48741009414461],[-121.24163401117272,50.48743921451609],[-121.24087961757424,50.476148705956795],[-121.24938698958924,50.475993390109714],[-121.24783796591836,50.45315090360403],[-121.25537644090267,50.45710636907147],[-121.25998891208262,50.46157406986835],[-121.26773273999162,50.464791362447265],[-121.27176873247842,50.463466859888065],[-121.27766863134397,50.464741552045886],[-121.28019402959502,50.46308795205389],[-121.28927893576497,50.46321335718625],[-121.2952796177905,50.46674537325546],[-121.29440314209499,50.468791957486175],[-121.29704971368571,50.47321126469052],[-121.29572933532134,50.47740985026846],[-121.29639862034581,50.483868655553465],[-121.29473923380196,50.48647924989551],[-121.29570014253382,50.488796356394914],[-121.29356594479391,50.492056463184],[-121.28539604842534,50.49299786584772],[-121.2824236302335,50.494887763210016],[-121.28367123571645,50.5055735751182],[-121.27754721879836,50.513064975802294],[-121.28218021983405,50.52143506144624],[-121.28241511592645,50.525174026219624],[-121.27419609876334,50.525101611800046],[-121.2738317197699,50.51440736036049],[-121.26834079280502,50.51436956713176]]]},"bbox":[-121.29704971368571,50.45315090360403,-121.23909518980945,50.525174026219624]},{"id":"5933858","type":"Feature","properties":{},"geometry":{"type":"Polygon","coordinates":[[[-121.73679591733632,50.50711886669921],[-121.7342561130138,50.50716306557379],[-121.73166583624902,50.50221536272452],[-121.72648952804421,50.49804807110851],[-121.72854522390284,50.4906586151228],[-121.74250285529587,50.49092376042938],[-121.74063271470742,50.49858746127251],[-121.74199628404658,50.508850671457566],[-121.73679591733632,50.50711886669921]]]},"bbox":[-121.74250285529587,50.4906586151228,-121.72648952804421,50.508850671457566]},{"id":"5933859","type":"Feature","properties":{},"geometry":{"type":"Polygon","coordinates":[[[-121.21546859538206,50.314940305362896],[-121.22077727897745,50.311825499300696],[-121.21332170691993,50.31065049527112],[-121.20849599168804,50.308686615806025],[-121.20846398944191,50.30729955620069],[-121.19922369514518,50.30738565056032],[-121.19905477736671,50.30389951949439],[-121.19641150656712,50.30383145705725],[-121.19644819451541,50.30224645105851],[-121.18856162679711,50.30192604091224],[-121.18859494340919,50.30024939134717],[-121.18050325872075,50.300434493746444],[-121.18013346592468,50.29684966107685],[-121.1745554002566,50.2966601907338],[-121.17441045797382,50.29479424627907],[-121.16241456801366,50.2948264953499],[-121.16223211774522,50.29076445958289],[-121.15454799879649,50.29079428407998],[-121.15433706936146,50.2872865619633],[-121.13805893580901,50.28729527969167],[-121.13794265799069,50.280271350228304],[-121.12737717650069,50.27989624997992],[-121.12745555133573,50.27800959679382],[-121.1244042707664,50.2781568992299],[-121.1240193058888,50.27442924150706],[-121.11534823770796,50.27421832384191],[-121.11567558773396,50.26362229412916],[-121.12266677338981,50.26231378591205],[-121.12103954424335,50.2673460719317],[-121.12260042645904,50.269764357785554],[-121.1217496344874,50.272511661460115],[-121.12378111371574,50.27400147106903],[-121.1290076430817,50.275633554705095],[-121.13894821387224,50.27481175671883],[-121.14448905676647,50.278934132731834],[-121.14395118139235,50.26410615347656],[-121.18568526741387,50.264379000828804],[-121.18592409272706,50.27168150237065],[-121.21040267450859,50.271790803777144],[-121.21078296231975,50.282638004677125],[-121.24420470736203,50.28268754748006],[-121.24330283371042,50.31547178550273],[-121.21546859538206,50.314940305362896]]]},"bbox":[-121.24420470736203,50.26231378591205,-121.11534823770796,50.31547178550273]},{"id":"5933861","type":"Feature","properties":{},"geometry":{"type":"Polygon","coordinates":[[[-121.23369516986638,50.35920820852926],[-121.23363559424472,50.354596719510376],[-121.2389412079377,50.35658879945881],[-121.24081920716392,50.36119149825421],[-121.24025159713766,50.366052294019504],[-121.2474100196242,50.36632860721949],[-121.24858399918358,50.36801060456642],[-121.24731775671931,50.36953733884912],[-121.23370686798631,50.36916118749545],[-121.23369516986638,50.35920820852926]]]},"bbox":[-121.24858399918358,50.354596719510376,-121.23363559424472,50.36953733884912]},{"id":"5933865","type":"Feature","properties":{},"geometry":{"type":"Polygon","coordinates":[[[-121.57837576623257,50.17252026671163],[-121.5760661931424,50.17173292821848],[-121.57504139200363,50.17354005861019],[-121.5736802230566,50.17316983577713],[-121.57480319771572,50.170386896673676],[-121.58205317040931,50.1711880113362],[-121.58094425179682,50.17552162477375],[-121.57837576623257,50.17252026671163]]]},"bbox":[-121.58205317040931,50.170386896673676,-121.5736802230566,50.17552162477375]},{"id":"5933866","type":"Feature","properties":{},"geometry":{"type":"Polygon","coordinates":[[[-121.59239090368607,50.19789751350341],[-121.58634183104002,50.19809962472339],[-121.58343823907703,50.18729843430269],[-121.5963457196081,50.18746352522836],[-121.59645614583717,50.19790491753128],[-121.59239090368607,50.19789751350341]]]},"bbox":[-121.59645614583717,50.18729843430269,-121.58343823907703,50.19809962472339]},{"id":"5933868","type":"Feature","properties":{},"geometry":{"type":"Polygon","coordinates":[[[-121.64522030608714,50.33788558713956],[-121.64581564766667,50.32779326198104],[-121.65369101565543,50.32718738002753],[-121.65713321682712,50.33418285380754],[-121.6582734458468,50.342578556696175],[-121.66321524707058,50.34649448658291],[-121.64474030464521,50.3460202766103],[-121.64522030608714,50.33788558713956]]]},"bbox":[-121.66321524707058,50.32718738002753,-121.64474030464521,50.34649448658291]},{"id":"5933870","type":"Feature","properties":{},"geometry":{"type":"Polygon","coordinates":[[[-121.66010595410711,50.341872169638116],[-121.65937491575613,50.334433471864095],[-121.65403981871292,50.3218078735885],[-121.65023343135196,50.317378249799376],[-121.65928462632519,50.31704433680264],[-121.65978391832918,50.33139134382884],[-121.66448157487928,50.33142053276878],[-121.66461637875689,50.33500581226191],[-121.66749500168324,50.33499963362346],[-121.66718058811307,50.339085131323806],[-121.66439603113535,50.34075126992624],[-121.66269154500219,50.34489575558125],[-121.66010595410711,50.341872169638116]]]},"bbox":[-121.66749500168324,50.31704433680264,-121.65023343135196,50.34489575558125]},{"id":"5933872","type":"Feature","properties":{},"geometry":{"type":"Polygon","coordinates":[[[-121.6455106608772,50.810934319216514],[-121.65940666791731,50.81024036235445],[-121.65951074882828,50.81351395364114],[-121.6710940221227,50.813707928091844],[-121.6713026941883,50.81948168002759],[-121.68312824944054,50.819644702876694],[-121.68381985536412,50.82976819765607],[-121.67127032599731,50.82928368396688],[-121.67036489643601,50.823249805423664],[-121.6590276622316,50.823189485206676],[-121.65905238944224,50.81935421410925],[-121.64563658972482,50.81911071958594],[-121.6455106608772,50.810934319216514]]]},"bbox":[-121.68381985536412,50.81024036235445,-121.6455106608772,50.82976819765607]},{"id":"5933873","type":"Feature","properties":{},"geometry":{"type":"Polygon","coordinates":[[[-121.64213743520247,50.294848961987874],[-121.64109672663311,50.292436350666854],[-121.63322040884077,50.29143515934785],[-121.6303695164273,50.28949396510742],[-121.61561657202915,50.274911441353645],[-121.63531860783131,50.274039580683315],[-121.6354408003562,50.28095942688935],[-121.64042692049603,50.28110712683882],[-121.6504557942044,50.297676165537986],[-121.64156191631089,50.29799189301454],[-121.64213743520247,50.294848961987874]]]},"bbox":[-121.6504557942044,50.274039580683315,-121.61561657202915,50.29799189301454]},{"id":"5933874","type":"Feature","properties":{},"geometry":{"type":"Polygon","coordinates":[[[-121.67624333553398,50.37056706234801],[-121.67902498549937,50.368593832417744],[-121.6839320827416,50.36851787804327],[-121.68340306241653,50.37769526412387],[-121.67606913380425,50.37787750398077],[-121.67492973851898,50.37282734925801],[-121.67624333553398,50.37056706234801]]]},"bbox":[-121.6839320827416,50.36851787804327,-121.67492973851898,50.37787750398077]},{"id":"5933875","type":"Feature","properties":{},"geometry":{"type":"Polygon","coordinates":[[[-121.56674268979592,50.82609531926861],[-121.5661073032067,50.83352629467969],[-121.54254297382782,50.833818681763326],[-121.5422507401762,50.8227311673217],[-121.560565642719,50.82271164257391],[-121.56036507131955,50.80818363381574],[-121.57462132214894,50.80815422804544],[-121.57471761304043,50.79705466450583],[-121.60595413171318,50.79724900470318],[-121.60630765856068,50.80822179146949],[-121.59163770498267,50.80804343778687],[-121.5916373639263,50.82643601086055],[-121.56674268979592,50.82609531926861]]]},"bbox":[-121.60630765856068,50.79705466450583,-121.5422507401762,50.833818681763326]},{"id":"5933876","type":"Feature","properties":{},"geometry":{"type":"Polygon","coordinates":[[[-121.264111149944,50.670525784086884],[-121.25272387234625,50.67078352798423],[-121.25249535372227,50.65674319245225],[-121.26716850569345,50.65678562139554],[-121.26696404594543,50.64804489190928],[-121.28096762784958,50.64808607668286],[-121.2807435607551,50.6566243450254],[-121.27284631544578,50.65325807775834],[-121.26617080755464,50.66156615488421],[-121.27422598545131,50.66452053026852],[-121.27596979790071,50.66261749928516],[-121.27543829299762,50.670460347727705],[-121.264111149944,50.670525784086884]]]},"bbox":[-121.28096762784958,50.64804489190928,-121.25249535372227,50.67078352798423]},{"id":"5933877","type":"Feature","properties":{},"geometry":{"type":"Polygon","coordinates":[[[-120.22658754151111,51.00418926267585],[-120.23155644374697,50.99783016989237],[-120.2314855017099,50.99446475683078],[-120.23390011543918,50.99051976514971],[-120.23375031803788,50.984445471959376],[-120.23622282413886,50.97997916994714],[-120.2377459528327,50.968304102241305],[-120.26290426328795,50.968202372301256],[-120.26228375643943,50.983735934203224],[-120.25072760448137,50.98377829100467],[-120.25052915047742,50.998573652010215],[-120.24495863734592,50.99856555706094],[-120.2448912967013,51.00645494896867],[-120.22714508193069,51.00602354894051],[-120.22658754151111,51.00418926267585]]]},"bbox":[-120.26290426328795,50.968202372301256,-120.22658754151111,51.00645494896867]},{"id":"5933878","type":"Feature","properties":{},"geometry":{"type":"Polygon","coordinates":[[[-121.66467063795184,50.34046647213006],[-121.66707043659534,50.33906497146986],[-121.66715300905626,50.342319866794234],[-121.67890113881352,50.342287315850264],[-121.67876507921092,50.354983924181404],[-121.67353934516595,50.35459880103587],[-121.66663582118677,50.34655205565861],[-121.66269154500219,50.34489575558125],[-121.66467063795184,50.34046647213006]]]},"bbox":[-121.67890113881352,50.33906497146986,-121.66269154500219,50.354983924181404]},{"id":"5933879","type":"Feature","properties":{},"geometry":{"type":"Polygon","coordinates":[[[-121.5726053550897,50.15700818075979],[-121.5735910229463,50.15150584962948],[-121.57876307452591,50.15131166623188],[-121.579258898781,50.156980832629685],[-121.5726053550897,50.15700818075979]]]},"bbox":[-121.579258898781,50.15131166623188,-121.5726053550897,50.15700818075979]},{"id":"5933880","type":"Feature","properties":{},"geometry":{"type":"Polygon","coordinates":[[[-120.16319026315912,50.75655710632592],[-120.11302501056535,50.75615919736373],[-120.10449279079567,50.7543801438416],[-120.09648123522885,50.74873897143047],[-120.08223107203628,50.74791120989156],[-120.07341910892944,50.74224501864216],[-120.05654672604918,50.74021444471915],[-120.05400933511466,50.73796002187026],[-120.08253540790206,50.73834635614641],[-120.08066873750528,50.740296159878305],[-120.08543020049251,50.74328415948096],[-120.10381122464476,50.74480779917104],[-120.10340259125637,50.74871636085922],[-120.10544225216651,50.75027094618058],[-120.17711678154615,50.752201293821116],[-120.17881236816262,50.718879865978096],[-120.17857740100658,50.67820100215377],[-120.2094075118325,50.67818701114153],[-120.20970153728054,50.673065061135496],[-120.22392559495746,50.673529112552984],[-120.23929230904218,50.677938301929835],[-120.25362778806767,50.67882719299248],[-120.26600859093446,50.68175961283665],[-120.29237359355915,50.68088401509775],[-120.29271919347165,50.677172295764926],[-120.29749881171827,50.67446769606013],[-120.31699528261228,50.67803529897354],[-120.32146951319224,50.68071849348909],[-120.34176071066085,50.680392509005436],[-120.33974540939721,50.685734295335],[-120.34658531745895,50.69263489444453],[-120.35283298887106,50.70415671566833],[-120.3553653067595,50.717027311611666],[-120.35578748797566,50.73677399286029],[-120.3493554005728,50.73984319603154],[-120.34593179231018,50.74361019960936],[-120.33960729047614,50.762603290685625],[-120.32904399810559,50.77375360263242],[-120.32417014753713,50.78192276913957],[-120.17612461427306,50.78023762161516],[-120.177832050939,50.756869486351576],[-120.16319026315912,50.75655710632592]]]},"bbox":[-120.35578748797566,50.673065061135496,-120.05400933511466,50.78192276913957]},{"id":"5933881","type":"Feature","properties":{},"geometry":{"type":"MultiPolygon","coordinates":[[[[-121.33309989960455,50.42993780048211],[-121.3327267517773,50.426036640394514],[-121.33574128395017,50.42563492992512],[-121.33605073612273,50.430534259038204],[-121.33309989960455,50.42993780048211]]],[[[-121.35960753828824,50.41663747084159],[-121.35713671661851,50.41597999826263],[-121.35756988714073,50.413453833361],[-121.36321873418582,50.41333987134998],[-121.35960753828824,50.41663747084159]]]]},"bbox":[-121.36321873418582,50.41333987134998,-121.3327267517773,50.430534259038204]},{"id":"5933882","type":"Feature","properties":{},"geometry":{"type":"Polygon","coordinates":[[[-121.55674986758399,50.12140839107371],[-121.55516091319717,50.120772196947975],[-121.55598529300217,50.10531686103089],[-121.56336972199632,50.105392130976085],[-121.56755474237879,50.11604806373324],[-121.56190863199753,50.12008856961931],[-121.56000811511807,50.12277176829646],[-121.56084771976127,50.12461297157215],[-121.55842996453391,50.12440325078427],[-121.55851880240674,50.12143189828578],[-121.55674986758399,50.12140839107371]],[[-121.56549659536292,50.112928018788764],[-121.56502803051298,50.112250684550645],[-121.56158859834751,50.11622942215853],[-121.56519124895568,50.11495296603235],[-121.56549659536292,50.112928018788764]]]},"bbox":[-121.56755474237879,50.10531686103089,-121.55516091319717,50.12461297157215]},{"id":"5933884","type":"Feature","properties":{},"geometry":{"type":"Polygon","coordinates":[[[-119.73993273443116,50.837331013161545],[-119.69788547689491,50.83710517322954],[-119.70098091724682,50.83573527642872],[-119.70062392660937,50.83372856456372],[-119.69636812129852,50.832594868623204],[-119.6985827385618,50.831347266639625],[-119.69975611509047,50.828054457752245],[-119.7080142194842,50.8262172605098],[-119.71180351184428,50.81832147571291],[-119.71568183214916,50.81567666299652],[-119.71982893909075,50.80883476488812],[-119.72124963298937,50.81055527335577],[-119.72223572954542,50.80312085579295],[-119.7168613402426,50.79463825952],[-119.72111376960724,50.780820829520245],[-119.75887558687204,50.82239215457603],[-119.75942390725385,50.824508160562445],[-119.757644630939,50.826133258426935],[-119.75927261418336,50.828451859831596],[-119.75552001880006,50.83106806967689],[-119.75310230125528,50.837464758543156],[-119.73993273443116,50.837331013161545]]]},"bbox":[-119.75942390725385,50.780820829520245,-119.69636812129852,50.837464758543156]},{"id":"5933886","type":"Feature","properties":{},"geometry":{"type":"Polygon","coordinates":[[[-120.1993229215489,51.42295142591532],[-120.1974876874265,51.42290906689523],[-120.19868017356238,51.42109635499156],[-120.20035610410044,51.4216540889081],[-120.1993229215489,51.42295142591532]]]},"bbox":[-120.20035610410044,51.42109635499156,-120.1974876874265,51.42295142591532]},{"id":"5933887","type":"Feature","properties":{},"geometry":{"type":"Polygon","coordinates":[[[-120.1543173010851,51.34748349502855],[-120.14550376988049,51.348549633807835],[-120.15246539823204,51.34000542920711],[-120.14995193863697,51.33106205872905],[-120.15065759604805,51.32318130498928],[-120.1354621696675,51.32334011968069],[-120.135438893939,51.316020461908664],[-120.14632404549748,51.316158958291396],[-120.15236270286547,51.31237120915889],[-120.15238812299941,51.304597789085285],[-120.14106267151298,51.294054005085066],[-120.14745218204796,51.28900640043012],[-120.14930631796359,51.28468992958375],[-120.14796100203203,51.28404056872205],[-120.14825178808118,51.27785456973046],[-120.14614173689588,51.27500149892705],[-120.14687722757968,51.27152912215748],[-120.14387884690046,51.26958043323678],[-120.14390235966366,51.24306319870139],[-120.1582270133751,51.241635386677274],[-120.16822144029199,51.248287368779124],[-120.1730975061316,51.25406256370186],[-120.16970702170465,51.258864971907634],[-120.15790191174648,51.26524406275746],[-120.15419001691986,51.27658497639698],[-120.16732431308053,51.28687067393916],[-120.17073003195868,51.29261014921651],[-120.16173122560281,51.294307875734404],[-120.15636343263462,51.29759496227065],[-120.15323892285596,51.30612735570954],[-120.1531067114298,51.312429561640634],[-120.16897133327629,51.32209566575535],[-120.17089031740487,51.33056117135463],[-120.16814952462282,51.33289686804337],[-120.1563851207659,51.33666817700487],[-120.15748762206087,51.33973447359037],[-120.16707212584231,51.34148765380305],[-120.16858209506087,51.34641873929418],[-120.1543173010851,51.34748349502855]]]},"bbox":[-120.1730975061316,51.241635386677274,-120.135438893939,51.348549633807835]},{"id":"5933888","type":"Feature","properties":{},"geometry":{"type":"Polygon","coordinates":[[[-120.12607787188058,51.13473730285046],[-120.12463462576066,51.13526063124867],[-120.12497785530432,51.133260738843504],[-120.1278184740199,51.13397607825957],[-120.12607787188058,51.13473730285046]]]},"bbox":[-120.1278184740199,51.133260738843504,-120.12463462576066,51.13526063124867]},{"id":"5933889","type":"Feature","properties":{},"geometry":{"type":"Polygon","coordinates":[[[-119.78245304728489,51.080268554988585],[-119.77371569842381,51.08052493785426],[-119.77340393752178,51.076856754625226],[-119.77705654438226,51.075879769377664],[-119.78594472017699,51.07883497312587],[-119.78610330924883,51.08014499858171],[-119.78245304728489,51.080268554988585]]]},"bbox":[-119.78610330924883,51.075879769377664,-119.77340393752178,51.08052493785426]},{"id":"5933892","type":"Feature","properties":{},"geometry":{"type":"Polygon","coordinates":[[[-119.60468489726772,50.85392139630542],[-119.60226573742462,50.853883461125506],[-119.60238268940219,50.849842434128846],[-119.60819278343999,50.84971345644513],[-119.60845245478706,50.84626844954056],[-119.6146366020914,50.8462795361364],[-119.61534789715154,50.84313700126958],[-119.61934840928406,50.84335630569437],[-119.61952497564488,50.84200958591015],[-119.62319646753411,50.842008758135236],[-119.62332959654071,50.84048988613181],[-119.63306016804721,50.83906629330536],[-119.63447655604661,50.836985998466645],[-119.63856103899187,50.837998666413725],[-119.60468489726772,50.85392139630542]]]},"bbox":[-119.63856103899187,50.836985998466645,-119.60226573742462,50.85392139630542]},{"id":"5933893","type":"Feature","properties":{},"geometry":{"type":"Polygon","coordinates":[[[-121.33586145607356,50.42753771384712],[-121.33574128395017,50.42563492992512],[-121.33864733172003,50.42543420038031],[-121.33860215754407,50.430564719381614],[-121.33605073612273,50.430534259038204],[-121.33586145607356,50.42753771384712]]]},"bbox":[-121.33864733172003,50.42543420038031,-121.33574128395017,50.430564719381614]},{"id":"5933895","type":"Feature","properties":{},"geometry":{"type":"Polygon","coordinates":[[[-121.35641100146665,50.41750195853819],[-121.35486540161116,50.41777689635638],[-121.35421734075744,50.416167577015514],[-121.35807339722871,50.41687818482381],[-121.35641100146665,50.41750195853819]]]},"bbox":[-121.35807339722871,50.416167577015514,-121.35421734075744,50.41777689635638]},{"id":"5933896","type":"Feature","properties":{},"geometry":{"type":"Polygon","coordinates":[[[-121.5527026417639,50.106029161616235],[-121.55598529300217,50.10531686103089],[-121.55606081096154,50.110795158431536],[-121.55304679630126,50.110897252771416],[-121.5527026417639,50.106029161616235]]]},"bbox":[-121.55606081096154,50.10531686103089,-121.5527026417639,50.110897252771416]},{"id":"5933897","type":"Feature","properties":{},"geometry":{"type":"MultiPolygon","coordinates":[[[[-121.54272120580714,50.05415643277596],[-121.54210692198168,50.05238788126585],[-121.54268209552656,50.052407933306505],[-121.54272120580714,50.05415643277596]]],[[[-121.54175028834405,50.05791284898122],[-121.54171774643898,50.0547212171783],[-121.54263500309182,50.05777264609621],[-121.54175028834405,50.05791284898122]]],[[[-121.54408223517049,50.0548951742089],[-121.54454125208872,50.05473298096969],[-121.54612397071777,50.05691343036696],[-121.54528653149238,50.05705104816928],[-121.54408223517049,50.0548951742089]]]]},"bbox":[-121.54612397071777,50.05238788126585,-121.54171774643898,50.05791284898122]},{"id":"5933898","type":"Feature","properties":{},"geometry":{"type":"Polygon","coordinates":[[[-119.74870058028822,50.811237738815905],[-119.7198007256999,50.779374993477504],[-119.71642498770397,50.78583800185048],[-119.7140651409699,50.78377696956535],[-119.71392643559639,50.78088630194015],[-119.69588540396013,50.77296539196058],[-119.74403029416598,50.73049691105978],[-119.76322008860134,50.739161410771025],[-119.75631939437027,50.745970099484566],[-119.75429558697495,50.750204306703026],[-119.75980943295727,50.75013886631324],[-119.7680547271163,50.75819136166489],[-119.77393822325163,50.7603361687051],[-119.77575773860528,50.76327856352218],[-119.78467001636214,50.764325354867744],[-119.77993203952917,50.77028567111961],[-119.7673574179637,50.77859026853996],[-119.76852152995622,50.78363625663446],[-119.76614131164746,50.78752437061037],[-119.76054562015625,50.791551965128065],[-119.76520540200842,50.79234095863943],[-119.76077583406318,50.79426227256485],[-119.75760143440468,50.798654551440116],[-119.76398623619137,50.800787963904334],[-119.76231872753694,50.80161975858289],[-119.76173002000996,50.80633817076055],[-119.75876290001253,50.80800015865296],[-119.75853063655593,50.814904761905126],[-119.76042540220153,50.81813485746748],[-119.75887558687204,50.82239215457603],[-119.74870058028822,50.811237738815905]]]},"bbox":[-119.78467001636214,50.73049691105978,-119.69588540396013,50.82239215457603]},{"id":"5933899","type":"Feature","properties":{},"geometry":{"type":"MultiPolygon","coordinates":[[[[-121.34601880503438,50.42482881567223],[-121.34520296366824,50.424019815477486],[-121.34611740747803,50.423745090312664],[-121.34601880503438,50.42482881567223]]],[[[-121.34587788159791,50.42186243454415],[-121.34630607371025,50.42344782939998],[-121.34504420566884,50.4238325853165],[-121.34397019101165,50.42249610929074],[-121.34587788159791,50.42186243454415]]],[[[-121.31139258879428,50.46137973995003],[-121.32006505601605,50.465724416285845],[-121.31281911272406,50.47230970814418],[-121.30360710844445,50.46824094531795],[-121.31139258879428,50.46137973995003]]]]},"bbox":[-121.34630607371025,50.42186243454415,-121.30360710844445,50.47230970814418]}],"bbox":[-122.6774247370536,49.60979432938145,-118.78649116942009,52.87786898630374]}