{"type":"FeatureCollection","features":[{"id":"5939007","type":"Feature","properties":{},"geometry":{"type":"Polygon","coordinates":[[[-116.97061451205272,51.31447465981949],[-116.95535974051397,51.314289742207016],[-116.95403664758496,51.307224102860594],[-116.94102544526207,51.30676066699504],[-116.9404900545971,51.30278647416442],[-116.93725558900289,51.30031345109006],[-116.9408607872018,51.29940649386481],[-116.94054858472104,51.28835107491969],[-116.93453743825158,51.2882217474641],[-116.93462705757189,51.280951820753764],[-116.9405647331888,51.281000742807784],[-116.94116735028267,51.27445157290794],[-116.96175309865198,51.280800603194805],[-116.97092969581665,51.2804987059817],[-116.97340289571088,51.28536809078842],[-116.9891028816116,51.302437191474375],[-116.98966292069373,51.30703940213805],[-116.99284237216334,51.31029760885684],[-116.9876244739003,51.30967735666085],[-116.98868853182582,51.32165524875252],[-116.97503617504063,51.322209453361474],[-116.97061451205272,51.31447465981949]]]},"bbox":[-116.99284237216334,51.27445157290794,-116.93453743825158,51.322209453361474]},{"id":"5939011","type":"Feature","properties":{},"geometry":{"type":"Polygon","coordinates":[[[-117.98782887578889,52.50001388471636],[-117.96679241648097,52.46970872796822],[-117.88693304562135,52.426091586182025],[-117.8397461806501,52.421116417549456],[-117.7664979904706,52.417692153275354],[-117.72982531889215,52.382327223146476],[-117.70579503103977,52.36534487518299],[-117.70484287037296,52.35750010537749],[-117.72298605729442,52.355581314647914],[-117.752878399386,52.316423610677525],[-117.77799464613514,52.318930377254794],[-117.79606075115248,52.29250684970596],[-117.83957806499747,52.27412744718196],[-117.82220308527295,52.24640841115439],[-117.81831749566793,52.22635481474328],[-117.74134637856413,52.20299738805538],[-117.74320785699729,52.19399231457664],[-117.66352952376066,52.197892992865974],[-117.62934759488141,52.174764210302165],[-117.61126381311097,52.14425889955015],[-117.52311532244265,52.15824609110685],[-117.50990292655969,52.157812196243334],[-117.50017801471306,52.14427367288172],[-117.38125573968448,52.13772407842858],[-117.33403623039398,52.1486414589952],[-117.32716261617354,52.189948163093646],[-117.31730287199487,52.1940420165737],[-117.29859296526752,52.09428166007093],[-117.29202880075984,52.08540530609834],[-117.29620347596854,52.07921457656645],[-117.30209771828979,52.07751244216107],[-117.30506352580905,52.074313395682466],[-117.2971102046875,52.06885423056004],[-117.2945304548593,52.06509153585158],[-117.2684079161801,52.055786514771526],[-117.27058734963714,52.0488619445178],[-117.25205461649726,52.038627422320495],[-117.25029962182612,52.035069292533976],[-117.24031178088535,52.03632823638165],[-117.23202803421535,52.04107371040398],[-117.22700719009326,52.03610632567751],[-117.21468177400085,52.028479358119384],[-117.21679648904814,52.02224430234177],[-117.2227334274509,52.01744071913031],[-117.2319598849172,52.01646401437209],[-117.23362975314645,52.011765174900596],[-117.22606916372459,52.00863015932855],[-117.21641394041849,51.997260372474585],[-117.20169211780109,51.99285085991476],[-117.19697798325414,51.98772208973516],[-117.19722361239074,51.980134841591216],[-117.1959893700628,51.9791180135899],[-117.18870998141556,51.97657863558638],[-117.16360825172859,51.972605550176624],[-117.14486677119118,51.97270284484822],[-117.13332378929296,51.968257988298596],[-117.12019972999077,51.95570049666455],[-117.10317598310736,51.95651679821927],[-117.10092990430279,51.95300503142083],[-117.10212954093285,51.950188511134606],[-117.09681911721347,51.94325195028137],[-117.09765211845927,51.939695198442855],[-117.08616711337352,51.93690479843549],[-117.07768145109684,51.92916192707282],[-117.05929510879841,51.91725797742148],[-117.05233466651136,51.91555067307765],[-117.04667154267258,51.91016804157298],[-117.03288170821594,51.901542632260885],[-117.03133579868572,51.898853235236714],[-117.0194649479738,51.8913600009848],[-117.01077752516849,51.88968033846786],[-117.01443121353027,51.884897353191796],[-117.0232825024109,51.88002324456276],[-117.0308691226026,51.86888037069051],[-117.0306240033364,51.86451970677828],[-117.03432087478795,51.85980742660401],[-117.03347392629128,51.856353722251264],[-117.01937068426072,51.84293210545968],[-117.00574552510257,51.836105782023395],[-116.98110118986868,51.83671383238959],[-116.97978142648044,51.83555268011291],[-116.97888242277405,51.83361541753326],[-116.98118654784714,51.828431560276016],[-116.98627283014342,51.82678430945466],[-116.98817922610434,51.82291265497855],[-116.98424008161146,51.82025895920629],[-116.9889884692624,51.81110588239117],[-116.96841500663118,51.798316451048095],[-116.9612000450473,51.79087835505779],[-116.96606308798168,51.78770399418363],[-116.9649366582817,51.78582608925926],[-116.9660931698477,51.782941487406646],[-116.96322173738119,51.77425744652399],[-116.97371569848308,51.769460555549976],[-116.97204591653644,51.76296868160554],[-116.97279069937842,51.76127472422548],[-116.9763605809858,51.76018497920678],[-116.9606104358152,51.75203649824366],[-116.9589711007411,51.747789503895355],[-116.9556610785936,51.74605940174854],[-116.95430783692343,51.74323985115191],[-116.9445299420377,51.74167946816271],[-116.9436207986047,51.73390866473698],[-116.93249442112591,51.729527586532726],[-116.92654369548953,51.72906284036196],[-116.92639330026626,51.72372367456745],[-116.9299815652302,51.72146307102131],[-116.92598188526559,51.71749318703638],[-116.91696817482492,51.713650615525424],[-116.92056790767606,51.709803268974404],[-116.8959788070168,51.702727447701086],[-116.87819980832758,51.70422773549507],[-116.87648047625662,51.70567104781176],[-116.87032176785937,51.70438264384295],[-116.86081832661998,51.70783071320549],[-116.85360110869469,51.70827229082559],[-116.84914927803852,51.70541827437246],[-116.83855228343046,51.70481218797129],[-116.83661321207654,51.7033112750704],[-116.82044252582475,51.704803713558086],[-116.81926190461678,51.70685685733529],[-116.8097411669019,51.70534635079221],[-116.80882352995788,51.71041417368356],[-116.80696273718262,51.713058304114355],[-116.80012903442842,51.71689615077617],[-116.79984223381227,51.72130183633172],[-116.79802003235542,51.723602485161805],[-116.80797629963408,51.727877703986294],[-116.81859819313739,51.73556447432595],[-116.81930128177599,51.73863348923279],[-116.81118452396744,51.74055141539307],[-116.80993442996954,51.74512174917117],[-116.80681544201308,51.74708888218841],[-116.80645249064438,51.750473191009654],[-116.79606399191441,51.75805448309813],[-116.79154071399446,51.76396351255963],[-116.78513523272356,51.7640227649469],[-116.78222805525655,51.7689335011433],[-116.77286051567496,51.77483256790156],[-116.76534567518146,51.784629471159526],[-116.75960879559223,51.787514041494056],[-116.75454331871956,51.79988958814204],[-116.74898130768918,51.80506071344643],[-116.74423247052059,51.806608018278204],[-116.7250888570074,51.80479435730234],[-116.71550709489895,51.7986627938586],[-116.70682545886675,51.8023781869007],[-116.70358253884766,51.80154022680977],[-116.69448091853447,51.80361254008368],[-116.69237830472956,51.806313943071274],[-116.67957490634912,51.813033883921456],[-116.66675567574987,51.806058789888525],[-116.66705477878556,51.80448393648457],[-116.65906056595315,51.80518805796954],[-116.65434312266174,51.8013108933052],[-116.655984389633,51.79689687115612],[-116.65521091423982,51.79451308242391],[-116.64314653011067,51.786708617538935],[-116.6457656524415,51.78270098349124],[-116.64442361953603,51.77842258669946],[-116.64691734022497,51.77665024777263],[-116.65097416289252,51.76676746925469],[-116.6495970629826,51.76278260246336],[-116.6511518566754,51.75613161796227],[-116.6503488840239,51.753706436297534],[-116.6402985683753,51.751150102231],[-116.62813146046526,51.74486830277969],[-116.62940908640458,51.73718788487282],[-116.63355368150182,51.73549249442252],[-116.63119486557329,51.73140330226618],[-116.61712926901421,51.72517985523195],[-116.61048765996173,51.723957679800776],[-116.60649906444861,51.725541389878536],[-116.59853466306416,51.72387366708454],[-116.5944886253796,51.717479039846125],[-116.58817830711665,51.715887524248565],[-116.5854251466425,51.71275176120502],[-116.587600379732,51.70928592611399],[-116.58472520039798,51.70127997585197],[-116.58117636558643,51.69728154000468],[-116.58952346376476,51.69416319582804],[-116.5835685603554,51.69241103275165],[-116.58139288765618,51.68745972852776],[-116.58670873094741,51.6854676690067],[-116.58702305803979,51.6824753848139],[-116.59139749903613,51.67766808677345],[-116.5875072833014,51.672976136785664],[-116.59013286048521,51.668116861016344],[-116.5961574797652,51.66651139892982],[-116.59695645107328,51.66460310154856],[-116.59501567269918,51.6618300951877],[-116.58040830823957,51.65308537518262],[-116.57057500345536,51.652889955209986],[-116.57008988063833,51.64711907462032],[-116.54589719842421,51.63818407545714],[-116.5365061920344,51.63865439544662],[-116.52987218754717,51.63167857651603],[-116.51350767053998,51.62760106274008],[-116.49985860405532,51.62765919706665],[-116.49957623233861,51.62340086139018],[-116.48896444924078,51.61668958270587],[-116.49101494038244,51.612336292689996],[-116.47634229383459,51.60768476408705],[-116.469029064194,51.60173356547417],[-116.46602141728121,51.594087337607014],[-116.47325026423756,51.58267306943818],[-116.46870591402858,51.57311146310045],[-116.46877089981518,51.56990183624364],[-116.46495518469771,51.568244887495176],[-116.46473472708954,51.56581739451126],[-116.440538555462,51.55709171086889],[-116.43735896705951,51.5583233433477],[-116.42902233499323,51.5565348238881],[-116.42864854010888,51.55421770017987],[-116.42201992425548,51.555046032538456],[-116.40136397482325,51.54648219098768],[-116.39088605007412,51.54558824900803],[-116.38207987083642,51.53101038878363],[-116.38782089826685,51.527429792144574],[-116.39533495566445,51.52552695320749],[-116.393423528521,51.517962385061246],[-116.39627221600509,51.51256057672469],[-116.3938292223303,51.5056629385223],[-116.37978108159439,51.488340008765604],[-116.36893341727578,51.48300458844752],[-116.36788348488265,51.478591505266806],[-116.36059709554576,51.47086614627344],[-116.34656226977206,51.46952662942063],[-116.33800012767286,51.46428573254208],[-116.32228567290807,51.46244714781545],[-116.3150005212665,51.465563166189604],[-116.30865545747993,51.462772512996715],[-116.29243030392743,51.46180268544608],[-116.28400353981638,51.45649005196517],[-116.28438702524632,51.44937802446286],[-116.28803384492632,51.448528769926014],[-116.28548810478736,51.43528878404638],[-116.29421312656758,51.429934235130155],[-116.29321482368907,51.4255824748737],[-116.28783424164781,51.41865484381372],[-116.28247020538812,51.40683673423385],[-116.29249772036557,51.40359598313348],[-116.29369623452536,51.40159336254482],[-116.29183105551671,51.397213431801944],[-116.29829563263611,51.39196764589828],[-116.3114348879835,51.38496221361683],[-116.30262950700582,51.37132553389494],[-116.30023151322999,51.370940904756885],[-116.29341041686878,51.3648411372923],[-116.27771719822479,51.36172915863617],[-116.27986921381529,51.35962750221251],[-116.27725511105544,51.354694641067496],[-116.29003062062935,51.34310893739783],[-116.28766992049636,51.342077728374804],[-116.28668746572073,51.33450219320019],[-116.2826041242782,51.33150184478404],[-116.30519403585505,51.325384424392915],[-116.30081494489986,51.30232664751357],[-116.29023609176242,51.29084509427108],[-116.29657160533971,51.26169388064778],[-116.26223483063117,51.243007507851026],[-116.26310845364505,51.22659313528137],[-116.26468439498424,51.224965010727374],[-116.26336506010459,51.221798935697905],[-116.28617129901234,51.211423634668186],[-116.30109276424791,51.20865563856341],[-116.32709523738768,51.21461224982674],[-116.33509314684494,51.20844040688944],[-116.34646836591939,51.20778131658342],[-116.34616564378697,51.203035620173694],[-116.34395484412606,51.19956093950335],[-116.34339775439659,51.19220435620576],[-116.33905062836592,51.18522768472448],[-116.33211584842259,51.180609592760526],[-116.31572482208244,51.18245246918863],[-116.29754153309104,51.17996773070302],[-116.29142940463736,51.17380446077196],[-116.28921982389372,51.15721779113655],[-116.28434417724623,51.15138696148698],[-116.28241473425753,51.14964461873054],[-116.27435093292648,51.14990197863046],[-116.26211571819198,51.14582527032529],[-116.25645367026044,51.14078913761302],[-116.26451283733059,51.12915829460798],[-116.26216188006673,51.12655223906226],[-116.29191758189985,51.10899866499682],[-116.30820682858204,51.10282429584126],[-116.3184706843341,51.09546201389467],[-116.34051566221723,51.06824193177277],[-116.3375937040095,51.06759929187067],[-116.33978378699372,51.06435332617939],[-116.37098352205966,51.05979122912816],[-116.37938576356444,51.05801721528534],[-116.38440544361349,51.05499906291569],[-116.39105889935193,51.05558194971871],[-116.40635938677907,51.043219870348956],[-116.41847237132663,51.03658640491586],[-116.41855596744723,51.032647293324494],[-116.4073235689185,51.02791634458659],[-116.40361014421498,51.020109294117766],[-116.38458920525484,51.011865630975365],[-116.38068527827014,51.00717977555235],[-116.3809823729158,50.99923604525604],[-116.36534578810885,50.99134955667116],[-116.34692071406594,50.97899572218839],[-116.337038931819,50.97547700641501],[-116.32541438177701,50.96219604434003],[-116.31832348065092,50.94907748403492],[-116.44436273998276,50.949822268585436],[-116.44365167289084,50.93519713813116],[-116.46356040253508,50.93649004679844],[-116.46488690831768,50.9386351708554],[-116.48818533953121,50.94051692322978],[-116.49252017234163,50.93807163743251],[-116.49751125700541,50.93869439504055],[-116.49972248527537,50.934927567916944],[-116.53538045926194,50.9351367237024],[-116.53571241599059,50.92097309278577],[-116.62872660459794,50.920674280269566],[-116.63213383183765,50.91858496247963],[-116.63602875492222,50.91165418383712],[-116.64024591946797,50.90845475271539],[-116.67215888217858,50.88978323291114],[-116.68640297639186,50.888472843862395],[-116.69247513329303,50.89025767357478],[-116.69709529036999,50.88968224005804],[-116.70141418643206,50.886039971758464],[-116.70804396729481,50.88572536335744],[-116.71315571224973,50.88010120383228],[-116.72708734211682,50.880277123629],[-116.7335798643314,50.87541433439807],[-116.72864479616575,50.87118906135674],[-116.72761103951149,50.866600619371674],[-116.72423615320551,50.86365035830677],[-116.7232061093162,50.854017069191954],[-116.73668103534334,50.851454972644824],[-116.74408227126648,50.851872061901894],[-116.74645666561972,50.84798414438799],[-116.74937293219317,50.846992583238254],[-116.75992593887119,50.848367427069824],[-116.76534316749388,50.84574358296353],[-116.7634586312266,50.840069327681924],[-116.75300201401294,50.83093576266597],[-116.7458839649436,50.816212397622195],[-116.73763347831415,50.81323181113024],[-116.73923721413135,50.80861072791244],[-116.73784807443417,50.8064513807683],[-116.73996713992013,50.80263013439314],[-116.74807793905508,50.79617446975406],[-116.74952036198961,50.790847749171114],[-116.74952960836056,50.784213694349226],[-116.7456587291152,50.77934081136189],[-116.74535170351444,50.7712956896798],[-116.75986144893888,50.77013766647116],[-116.77195356757927,50.7667379595324],[-116.77520217622568,50.75115992446363],[-116.7789971880954,50.74915373528791],[-116.78478823064883,50.74911295655616],[-116.78997463412689,50.74552934108449],[-116.78874576797871,50.7394735852904],[-116.78325652545941,50.73701933035705],[-116.78300126547634,50.73454686410514],[-116.79583090467966,50.72910881810609],[-116.8024528453885,50.72950651930687],[-116.80956065324266,50.72658601601545],[-116.82059872926753,50.7351506990605],[-116.81618905142867,50.74250074501979],[-116.82308640441968,50.74803939607787],[-116.82965921921567,50.749326476241635],[-116.82819338326848,50.75890335863357],[-116.83209327575021,50.760709874626045],[-116.8470730574299,50.76048984226002],[-116.8610813849518,50.756685237764884],[-116.87188479878806,50.760886520412356],[-116.88027467281286,50.77014606780151],[-116.88966834712822,50.76847541020362],[-116.89170136163705,50.7711069793247],[-116.89780249604131,50.76935629952787],[-116.90652460309617,50.77192176764377],[-116.91615541431744,50.77056851834348],[-116.92144757851577,50.773584916319784],[-116.92230298731134,50.77980714834395],[-116.92856887213676,50.78406607642321],[-116.9276246593902,50.786916565837394],[-116.92986978875555,50.78903992505941],[-116.92973777416867,50.79190282229212],[-116.93258187075666,50.796781449605085],[-116.9540893476966,50.80298767549778],[-116.95854693014668,50.80857273408999],[-116.96425748094718,50.81029057745411],[-116.98067819412027,50.810648774186],[-116.98964322872668,50.80921119876465],[-117.0035891865751,50.81367415775755],[-117.0121610619917,50.819416895260225],[-117.01555813785315,50.81987660006683],[-117.02704461715442,50.815133427929155],[-117.03811285972512,50.81500363511493],[-117.04056892564373,50.82188278130606],[-117.0504288365009,50.829887918452116],[-117.04582811012743,50.835406892487406],[-117.04798793963758,50.838628634593924],[-117.04683090856349,50.84683258102416],[-117.04152836851932,50.8564145274614],[-117.04573107560915,50.85881274374671],[-117.06465541607574,50.85322857532886],[-117.07588004023681,50.85549235742102],[-117.07897100642614,50.85960065872038],[-117.082318194165,50.861205603740075],[-117.0839493578223,50.86456808994769],[-117.07933476276376,50.869923297449006],[-117.07594616955053,50.88285442823359],[-117.07153298522208,50.88617311856957],[-117.07004730507066,50.889425949818964],[-117.06976586013754,50.89176569874822],[-117.07518200805299,50.8958827773904],[-117.07599214060487,50.89838705942132],[-117.07113609662376,50.898706423325514],[-117.06512539448637,50.90386248037491],[-117.0673945819081,50.90683044009947],[-117.06340376012157,50.9098383046692],[-117.06579454439618,50.91396372353736],[-117.06499004086803,50.916328467675804],[-117.06892147050826,50.91800722403116],[-117.06896026855632,50.92014922556802],[-117.04827369325801,50.940871994801604],[-117.04849948297012,50.94483352891601],[-117.04110838507721,50.94748939047683],[-117.03805842817975,50.95486300598598],[-117.03327089177387,50.955840602980686],[-117.0331090485987,50.958091918585524],[-117.04979616948998,50.9660060552057],[-117.0586453231046,50.965139542784605],[-117.06474299913464,50.968230531217976],[-117.06657764493896,50.971768032839655],[-117.08366266049663,50.96897464197435],[-117.09518685625972,50.970968153887206],[-117.10884193551959,50.96754776068392],[-117.11189067021883,50.96991413672044],[-117.11068165055927,50.97346342684386],[-117.1223599517789,50.9777380556711],[-117.13178450541635,50.97679762112192],[-117.14349103836469,50.97272601068918],[-117.15522956525363,50.975847827638376],[-117.16207681390723,50.98131605321646],[-117.1622209815567,50.986379526520544],[-117.16523488059285,50.99351685617017],[-117.15536598648097,50.996014319530104],[-117.1544684062993,50.99837747369796],[-117.13805793807806,51.005777924509005],[-117.13012918669817,51.018104903823456],[-117.13098412564922,51.022469904263204],[-117.1378828442023,51.028013234620936],[-117.14750338003529,51.02506488921825],[-117.16382666232879,51.026322391289135],[-117.16523957279743,51.02849945273283],[-117.1602696376416,51.036504516431144],[-117.1626667330861,51.04434596093496],[-117.17252738217927,51.045247493546974],[-117.19076197517047,51.054829971848996],[-117.19874727618738,51.055050967923556],[-117.20104766020954,51.058616068483055],[-117.19901080827516,51.06356102389019],[-117.20376037347874,51.065934157401784],[-117.2106729914756,51.06606348286929],[-117.2243466289883,51.05925718779979],[-117.2371816055433,51.05727086287399],[-117.26404132364806,51.05429921186501],[-117.27912999735001,51.05512333062114],[-117.30431168902204,51.0513240472628],[-117.31505258322018,51.037734789516556],[-117.32438201538119,51.03549828172201],[-117.32726655163678,51.03556117171327],[-117.33081898779663,51.03818643548695],[-117.34272749304945,51.03661507343687],[-117.3498993387671,51.041460500832024],[-117.34902634157844,51.043212364585116],[-117.35159562011549,51.04963138814888],[-117.34921079452629,51.05413201637621],[-117.37155090113612,51.05968967099881],[-117.37219969503475,51.06358356063089],[-117.38377516852046,51.074726660676546],[-117.38435889029145,51.08082861692927],[-117.37993374334958,51.087662818471046],[-117.37521399176418,51.09012653524918],[-117.3745106671949,51.09254893503469],[-117.38020130397196,51.103769994655444],[-117.40435479423381,51.11106038103373],[-117.43648398873322,51.105147251565164],[-117.45124741604285,51.10635382745031],[-117.45743834532529,51.104644991151375],[-117.46935469515942,51.09789986847129],[-117.46811040568258,51.09392851751641],[-117.4631736075754,51.093232326859436],[-117.45812960934528,51.09021197528985],[-117.45271466637146,51.077584675828376],[-117.45271176141704,51.07440193558787],[-117.46150672147071,51.06784548324583],[-117.46989681432169,51.06728965084378],[-117.47132580270419,51.06295949570746],[-117.478064241375,51.05726790244333],[-117.4825359932642,51.05745197005102],[-117.48883296483478,51.06094922905148],[-117.50431832206777,51.06013551936638],[-117.51031757105625,51.06480789834025],[-117.5168632309748,51.065103494938114],[-117.521513742952,51.06774523678977],[-117.52509134105598,51.074344864106685],[-117.5285738627119,51.07741305864577],[-117.53456924919055,51.078886640089635],[-117.53985917847884,51.08287813372761],[-117.54128252143133,51.088402151300606],[-117.54354564539885,51.09056797835107],[-117.63409368826767,51.07284591674266],[-117.64049596966596,51.073127815110034],[-117.64463818063368,51.06951387631409],[-117.64821698547163,51.06890196622693],[-117.6581605797101,51.07248059368926],[-117.67118918499834,51.07283707024441],[-117.68514823140953,51.07720391300754],[-117.69099068391007,51.075616538375506],[-117.7113060726164,51.07535340354014],[-117.71505411044076,51.08122003386446],[-117.71517955696663,51.08517043311442],[-117.70143497512497,51.09069387161159],[-117.69999750057744,51.094885506634974],[-117.68536659557553,51.10626084915438],[-117.67930467972734,51.109163574643496],[-117.67270736284969,51.12597382241105],[-117.66979420287116,51.1267585008683],[-117.66970002925984,51.12913793654553],[-117.67897888721087,51.1342353072361],[-117.68129549530362,51.13886137287861],[-117.68156170118375,51.14386026292812],[-117.68008148778604,51.14715726819819],[-117.67135411070502,51.1545803204956],[-117.67106064878283,51.16715502024265],[-117.67319604190091,51.16983857890859],[-117.69487911926811,51.179917905713495],[-117.70771769583317,51.18133380917584],[-117.7118569925941,51.18691814732235],[-117.71175929952776,51.194734628179035],[-117.71375443938777,51.20307323190267],[-117.71979437924543,51.22773424408594],[-117.72333611784265,51.23458511462275],[-117.72727605213984,51.23442956267889],[-117.72841481821298,51.24156741739798],[-117.74761282426984,51.246368575021215],[-117.75572837496405,51.25271020294725],[-117.75291729288429,51.25619627624859],[-117.73884927700671,51.26182356572018],[-117.7221123730779,51.274525066917],[-117.72900492062897,51.27992863863136],[-117.73615757244407,51.278545026447944],[-117.74613703644043,51.287382907003256],[-117.74113483391196,51.294004023127094],[-117.7458446399329,51.30254085018069],[-117.73055826412896,51.314848884585956],[-117.75451119230665,51.32019382277222],[-117.76817852779168,51.329946588432186],[-117.76854380482447,51.3418408659875],[-117.79326231987777,51.34152771388427],[-117.80492289346552,51.34519047426146],[-117.80393185347594,51.35636473746233],[-117.82869990125054,51.36366261506586],[-117.83969550347943,51.371593788702846],[-117.83847678975766,51.38410629754736],[-117.83506871737237,51.387575621599424],[-117.85881918583355,51.390423056115644],[-117.86522983384853,51.40177954831748],[-117.89208597299935,51.426058242218566],[-117.91188621790751,51.42651544870667],[-117.92285774608423,51.45319602284187],[-117.93003994368073,51.45190773322663],[-117.97092459877436,51.47717332964575],[-117.98079305635258,51.485605549235274],[-117.98858038821527,51.49987627012488],[-117.9772503102392,51.50979936998097],[-117.95991036631088,51.5102088341734],[-117.9481463935835,51.52508808578879],[-117.93944431264505,51.530941643726166],[-117.94166145117488,51.5425583117956],[-117.95430696662562,51.544975086218166],[-117.98139829229186,51.57457542020319],[-117.98879564711515,51.576943855420666],[-117.99011641923539,51.580054604938326],[-117.98135533081202,51.59258211924965],[-117.9820049804228,51.60023473366171],[-117.98654731403214,51.60754278951126],[-117.97576158492555,51.628804196970236],[-117.97605477607352,51.63370714586866],[-117.97371141695622,51.63932638974417],[-117.9515876938962,51.64766158071223],[-117.94112578806416,51.64819988952125],[-117.93336609704434,51.655465627752115],[-117.93254037560416,51.66244995772776],[-117.93072834921796,51.66516514662211],[-117.93833607743997,51.6695150381223],[-117.94091426333104,51.68340720137558],[-117.93422878483125,51.69589491749089],[-117.92307543416739,51.70158995883591],[-117.92321960048444,51.70955758159654],[-117.92798063441313,51.71432174897785],[-117.91875334875662,51.72073685964893],[-117.9082908599537,51.72375291549548],[-117.91564573384125,51.72568740973415],[-117.92681298772497,51.72367066250682],[-117.94093906160734,51.72343160676816],[-117.95849773195583,51.725642501498186],[-117.97493455427848,51.73277378751624],[-117.98165496339244,51.73950047859316],[-118.00142763281576,51.744223637073645],[-118.01368407544742,51.74467829275166],[-118.0155260849972,51.743044573531265],[-118.01500751869153,51.73984358124273],[-118.02213202012028,51.73607663160848],[-118.01922197121215,51.728475021255946],[-118.02449547424419,51.72534792089455],[-118.05799783827634,51.72355376235056],[-118.07482354372999,51.72557316253003],[-118.07846874246897,51.720213833785834],[-118.09467930146225,51.70437944902591],[-118.1120894839514,51.710157917355076],[-118.12065341986988,51.71690616816213],[-118.12554634661008,51.72390210296112],[-118.12128882339333,51.74515307931186],[-118.12674037107645,51.76429573823486],[-118.12699227924557,51.771305928365884],[-118.13035379284914,51.77897148376443],[-118.13489538985552,51.78156292045021],[-118.16079218059704,51.7799111681646],[-118.18480714688226,51.78697168298821],[-118.18984283416788,51.791465319347374],[-118.17596892075719,51.80294945416987],[-118.1764350067896,51.81219364369388],[-118.15846231632418,51.8213989397812],[-118.15124484634904,51.82744612182493],[-118.13982951662372,51.855412105836635],[-118.1487285167873,51.86347427140427],[-118.12404190327884,51.889081771938706],[-118.125569434633,51.89431775656988],[-118.14269042114908,51.89801770157729],[-118.15619070619655,51.89815892864503],[-118.17504180163604,51.90728279417181],[-118.1744922722248,51.91315700438771],[-118.17172175493663,51.9165595201159],[-118.1683071959175,51.9179207123369],[-118.17436360788685,51.937205556308115],[-118.1878117129941,51.94293369189401],[-118.19462034169432,51.951425855132904],[-118.19552238451533,51.963706687670104],[-118.2071975833687,51.966769254789895],[-118.21144067911257,51.971414643130515],[-118.2186477855492,51.97518512224355],[-118.23388431161659,51.97324801254118],[-118.2615438915998,51.96413135167611],[-118.27529694451334,51.96465922637838],[-118.27875589548347,51.973527757380026],[-118.28579821267468,51.98270977470596],[-118.29688933348524,51.9873551022532],[-118.31107078965162,51.987978892238495],[-118.33067716777683,51.99252772716101],[-118.34660146700409,51.99306765700709],[-118.35697639289893,51.991931239838934],[-118.36080183168737,51.98026478282074],[-118.36791249365878,51.97983416395258],[-118.37474405973893,51.97626491723048],[-118.39232924006039,51.97992214784839],[-118.3980569404659,52.00147064229231],[-118.40367227220477,52.00137355928065],[-118.39160846725375,52.01361437338498],[-118.39269621752118,52.021128073980904],[-118.3972462613977,52.02936225925033],[-118.4558942059455,52.06323014718917],[-118.44710990341494,52.06685649557185],[-118.44034518482621,52.075015098863766],[-118.43900939159639,52.09081767387204],[-118.44639341151026,52.14327574601086],[-118.44552927315175,52.15213435628587],[-118.44119685015278,52.156160078375414],[-118.45163949019813,52.16125389191079],[-118.45648531888163,52.16735335911318],[-118.45349806294745,52.18648141124516],[-118.46037180098965,52.19569563287552],[-118.47031620576874,52.201668812255456],[-118.47848234120198,52.21178046753275],[-118.46866981240589,52.218780738498204],[-118.46440545057547,52.22401869060891],[-118.49619314419897,52.243268574208784],[-118.5061766542145,52.25127181507937],[-118.52652486935895,52.26166414233939],[-118.54052473496573,52.2729951084007],[-118.50156617675059,52.28167312411373],[-118.48916148057805,52.299127293918126],[-118.49359026667804,52.30789008739697],[-118.49312467431893,52.3124986335891],[-118.46618441552862,52.317811122147305],[-118.45640985476459,52.324784240821685],[-118.44035321652551,52.324667164455335],[-118.42596366558232,52.336128741541046],[-118.41139590527435,52.33754112895637],[-118.39524391828736,52.33484582756994],[-118.38611304589709,52.33939310448854],[-118.37994052347305,52.34997952325224],[-118.37402592611727,52.3505650126888],[-118.36678623887607,52.354754805884355],[-118.35907142195278,52.36285744253952],[-118.3536473348571,52.366054824656835],[-118.32990437797406,52.368640175568544],[-118.31710963359096,52.36777840974053],[-118.3046580702221,52.36073739361569],[-118.30307829388603,52.35262350091221],[-118.29490571791743,52.34221727701251],[-118.28975577087424,52.338950498405985],[-118.27297597869334,52.34607588792436],[-118.25420275586666,52.34797155322996],[-118.24798411093374,52.35712511744569],[-118.24522439689811,52.36581320531287],[-118.23994295789566,52.374868609351914],[-118.22601544503745,52.38028949098992],[-118.21277316828109,52.37034145431058],[-118.20070972959167,52.37265349482283],[-118.18008626714268,52.37259831765982],[-118.17829348719678,52.37541291817045],[-118.17890135527772,52.37944883386299],[-118.18206655906714,52.38279778744749],[-118.1639748712849,52.393721532303005],[-118.14199044431606,52.40241787520623],[-118.13804609678407,52.40749750631154],[-118.04416878368555,52.39845936166006],[-118.04072404197139,52.41847759916478],[-118.03036292674622,52.43807747651045],[-118.0528990587835,52.449563542258105],[-118.0506871866333,52.457147724962475],[-118.04207277437024,52.45897855398883],[-118.02112887872272,52.45552865225379],[-118.01847758594941,52.45934889105618],[-118.02181794379769,52.47230127450056],[-118.0132976019979,52.48389345806189],[-118.00345622825158,52.4925721006064],[-117.98782887578889,52.50001388471636]],[[-116.9879250075306,51.314615539747386],[-116.9876244739003,51.30967735666085],[-116.99284237216334,51.31029760885684],[-116.98966292069373,51.30703940213805],[-116.9891028816116,51.302437191474375],[-116.97340289571088,51.28536809078842],[-116.97092969581665,51.2804987059817],[-116.96175309865198,51.280800603194805],[-116.94116735028267,51.27445157290794],[-116.9405647331888,51.281000742807784],[-116.93462705757189,51.280951820753764],[-116.93453743825158,51.2882217474641],[-116.94054858472104,51.28835107491969],[-116.9408607872018,51.29940649386481],[-116.93725558900289,51.30031345109006],[-116.9404900545971,51.30278647416442],[-116.94102544526207,51.30676066699504],[-116.95403664758496,51.307224102860594],[-116.95535974051397,51.314289742207016],[-116.97136753466914,51.31446616042074],[-116.97503617504063,51.322209453361474],[-116.98868853182582,51.32165524875252],[-116.9879250075306,51.314615539747386]]]},"bbox":[-118.54052473496573,50.72658601601545,-116.25645367026044,52.50001388471636]},{"id":"5939019","type":"Feature","properties":{},"geometry":{"type":"Polygon","coordinates":[[[-118.2017507985628,51.06307314371085],[-118.17853108076883,51.06318005187665],[-118.17745400622123,51.04915098022312],[-118.2063116489764,51.031174534809416],[-118.20633017733607,51.02553314451209],[-118.2113159001965,51.02540060836115],[-118.21295394724521,51.020368335655604],[-118.21023437556802,51.02039666905849],[-118.2094405390869,51.017540604953766],[-118.20719236462566,51.01755096693728],[-118.20699590241296,51.01211138189419],[-118.20938277238089,51.01207381211391],[-118.20950060836292,51.01079432230472],[-118.19507970897396,51.00349717675297],[-118.19491860108943,51.00507550262791],[-118.15337527264157,51.00471973546885],[-118.15332325664676,50.99725617163722],[-118.1419732159917,50.99710891699735],[-118.14234925257523,50.98254398463405],[-118.1466511635101,50.98034006643794],[-118.14568770442233,50.96113009621884],[-118.13942124334872,50.9507708987709],[-118.13935273367795,50.94175301148913],[-118.1375173653404,50.93971532165633],[-118.13783611429254,50.93326354120101],[-118.13589093952181,50.930492602933214],[-118.13556621032947,50.92600069092821],[-118.14320252424561,50.92577884617228],[-118.14430265784462,50.93284740448449],[-118.14961037185843,50.93265248918032],[-118.14966660368371,50.93640754701436],[-118.15472597192714,50.936271207104035],[-118.15477544108643,50.94020952515886],[-118.15197491487332,50.940371961053245],[-118.15209271101189,50.942183129523514],[-118.15497684250752,50.9421545385966],[-118.15572010335013,50.946604739686634],[-118.16095614389047,50.94645766872244],[-118.16142247965169,50.94961010394473],[-118.16448876927583,50.95263672878602],[-118.1696902626862,50.95494914393155],[-118.17313434702592,50.96856699210563],[-118.1753328336522,50.968620690291885],[-118.17609258818356,50.95404810476705],[-118.19569918396559,50.951842577045085],[-118.20591680462263,50.959993211808005],[-118.20671019491601,50.97144519773542],[-118.21020761088955,50.979318592410394],[-118.20943689204344,50.9816784127014],[-118.2192598929536,50.985953899885494],[-118.22823722679477,50.99383246288332],[-118.23121962423849,50.994222600307424],[-118.23087818721086,50.99081783842601],[-118.24677703999853,50.990644296644746],[-118.24702073878595,50.99861582122134],[-118.2412751300844,50.999665252263746],[-118.24127931681998,51.012230062630735],[-118.24477805331396,51.03272023662223],[-118.22933775331033,51.03396191239527],[-118.22879604173788,51.04116801073646],[-118.2234691426927,51.041343514351404],[-118.22343875184812,51.05565722505488],[-118.21209419392619,51.05585857037974],[-118.21192160869533,51.063037161096176],[-118.2017507985628,51.06307314371085]]]},"bbox":[-118.24702073878595,50.92577884617228,-118.13556621032947,51.06318005187665]},{"id":"5939023","type":"Feature","properties":{},"geometry":{"type":"Polygon","coordinates":[[[-118.4840990104823,52.23645060950196],[-118.46440545057547,52.22401869060891],[-118.46866981240589,52.218780738498204],[-118.47848234120198,52.21178046753275],[-118.47031620576874,52.201668812255456],[-118.46037180098965,52.19569563287552],[-118.45349806294745,52.18648141124516],[-118.45648531888163,52.16735335911318],[-118.45163949019813,52.16125389191079],[-118.44119685015278,52.156160078375414],[-118.44552927315175,52.15213435628587],[-118.44639341151026,52.14327574601086],[-118.43900939159639,52.09081767387204],[-118.44034518482621,52.075015098863766],[-118.44710990341494,52.06685649557185],[-118.4558942059455,52.06323014718917],[-118.3972462613977,52.02936225925033],[-118.39269621752118,52.021128073980904],[-118.39160846725375,52.01361437338498],[-118.40367227220477,52.00137355928065],[-118.3980569404659,52.00147064229231],[-118.39232924006039,51.97992214784839],[-118.37474405973893,51.97626491723048],[-118.36791249365878,51.97983416395258],[-118.36080183168737,51.98026478282074],[-118.35697639289893,51.991931239838934],[-118.34660146700409,51.99306765700709],[-118.33067716777683,51.99252772716101],[-118.31107078965162,51.987978892238495],[-118.29688933348524,51.9873551022532],[-118.28579821267468,51.98270977470596],[-118.27875589548347,51.973527757380026],[-118.27529694451334,51.96465922637838],[-118.2615438915998,51.96413135167611],[-118.23388431161659,51.97324801254118],[-118.2186477855492,51.97518512224355],[-118.21144067911257,51.971414643130515],[-118.2071975833687,51.966769254789895],[-118.19552238451533,51.963706687670104],[-118.19462034169432,51.951425855132904],[-118.1878117129941,51.94293369189401],[-118.17436360788685,51.937205556308115],[-118.1683071959175,51.9179207123369],[-118.17172175493663,51.9165595201159],[-118.1744922722248,51.91315700438771],[-118.17504180163604,51.90728279417181],[-118.15619070619655,51.89815892864503],[-118.14269042114908,51.89801770157729],[-118.125569434633,51.89431775656988],[-118.12404190327884,51.889081771938706],[-118.1487285167873,51.86347427140427],[-118.13982951662372,51.855412105836635],[-118.15124484634904,51.82744612182493],[-118.15846231632418,51.8213989397812],[-118.1764350067896,51.81219364369388],[-118.17596892075719,51.80294945416987],[-118.18984283416788,51.791465319347374],[-118.18480714688226,51.78697168298821],[-118.16079218059704,51.7799111681646],[-118.13489538985552,51.78156292045021],[-118.13035379284914,51.77897148376443],[-118.12699227924557,51.771305928365884],[-118.12674037107645,51.76429573823486],[-118.12128882339333,51.74515307931186],[-118.12554634661008,51.72390210296112],[-118.12065341986988,51.71690616816213],[-118.1120894839514,51.710157917355076],[-118.09467930146225,51.70437944902591],[-118.07846874246897,51.720213833785834],[-118.07482354372999,51.72557316253003],[-118.05799783827634,51.72355376235056],[-118.02449547424419,51.72534792089455],[-118.01922197121215,51.728475021255946],[-118.02213202012028,51.73607663160848],[-118.01500751869153,51.73984358124273],[-118.0155260849972,51.743044573531265],[-118.01368407544742,51.74467829275166],[-118.00142763281576,51.744223637073645],[-117.98165496339244,51.73950047859316],[-117.97493455427848,51.73277378751624],[-117.95849773195583,51.725642501498186],[-117.94093906160734,51.72343160676816],[-117.92681298772497,51.72367066250682],[-117.91564573384125,51.72568740973415],[-117.9082908599537,51.72375291549548],[-117.91875334875662,51.72073685964893],[-117.92798063441313,51.71432174897785],[-117.92321960048444,51.70955758159654],[-117.92307543416739,51.70158995883591],[-117.93422878483125,51.69589491749089],[-117.94091426333104,51.68340720137558],[-117.93833607743997,51.6695150381223],[-117.93072834921796,51.66516514662211],[-117.93254037560416,51.66244995772776],[-117.93336609704434,51.655465627752115],[-117.94112578806416,51.64819988952125],[-117.9515876938962,51.64766158071223],[-117.97371141695622,51.63932638974417],[-117.97605477607352,51.63370714586866],[-117.97576158492555,51.628804196970236],[-117.98654731403214,51.60754278951126],[-117.9820049804228,51.60023473366171],[-117.98135533081202,51.59258211924965],[-117.99011641923539,51.580054604938326],[-117.98879564711515,51.576943855420666],[-117.98139829229186,51.57457542020319],[-117.95430696662562,51.544975086218166],[-117.94166145117488,51.5425583117956],[-117.93944431264505,51.530941643726166],[-117.9481463935835,51.52508808578879],[-117.95991036631088,51.5102088341734],[-117.9772503102392,51.50979936998097],[-117.98858038821527,51.49987627012488],[-117.98079305635258,51.485605549235274],[-117.97092459877436,51.47717332964575],[-117.93003994368073,51.45190773322663],[-117.92285774608423,51.45319602284187],[-117.91188621790751,51.42651544870667],[-117.89208597299935,51.426058242218566],[-117.86522983384853,51.40177954831748],[-117.85881918583355,51.390423056115644],[-117.83506871737237,51.387575621599424],[-117.83847678975766,51.38410629754736],[-117.83969550347943,51.371593788702846],[-117.82869990125054,51.36366261506586],[-117.80393185347594,51.35636473746233],[-117.80492289346552,51.34519047426146],[-117.79326231987777,51.34152771388427],[-117.76854380482447,51.3418408659875],[-117.76817852779168,51.329946588432186],[-117.75451119230665,51.32019382277222],[-117.73055826412896,51.314848884585956],[-117.7458446399329,51.30254085018069],[-117.74113483391196,51.294004023127094],[-117.74613703644043,51.287382907003256],[-117.73615757244407,51.278545026447944],[-117.72900492062897,51.27992863863136],[-117.7221123730779,51.274525066917],[-117.73884927700671,51.26182356572018],[-117.75291729288429,51.25619627624859],[-117.75572837496405,51.25271020294725],[-117.74761282426984,51.246368575021215],[-117.72841481821298,51.24156741739798],[-117.72727605213984,51.23442956267889],[-117.72333611784265,51.23458511462275],[-117.71979437924543,51.22773424408594],[-117.71375443938777,51.20307323190267],[-117.71175929952776,51.194734628179035],[-117.7118569925941,51.18691814732235],[-117.70771769583317,51.18133380917584],[-117.69487911926811,51.179917905713495],[-117.67319604190091,51.16983857890859],[-117.67106064878283,51.16715502024265],[-117.67135411070502,51.1545803204956],[-117.68008148778604,51.14715726819819],[-117.68156170118375,51.14386026292812],[-117.68129549530362,51.13886137287861],[-117.67897888721087,51.1342353072361],[-117.66970002925984,51.12913793654553],[-117.66979420287116,51.1267585008683],[-117.67270736284969,51.12597382241105],[-117.67930467972734,51.109163574643496],[-117.68536659557553,51.10626084915438],[-117.69999750057744,51.094885506634974],[-117.70143497512497,51.09069387161159],[-117.71517955696663,51.08517043311442],[-117.71505411044076,51.08122003386446],[-117.7113060726164,51.07535340354014],[-117.69099068391007,51.075616538375506],[-117.68514823140953,51.07720391300754],[-117.67118918499834,51.07283707024441],[-117.6581605797101,51.07248059368926],[-117.64821698547163,51.06890196622693],[-117.64463818063368,51.06951387631409],[-117.64049596966596,51.073127815110034],[-117.63409368826767,51.07284591674266],[-117.54354564539885,51.09056797835107],[-117.54128252143133,51.088402151300606],[-117.53985917847884,51.08287813372761],[-117.53456924919055,51.078886640089635],[-117.5285738627119,51.07741305864577],[-117.52509134105598,51.074344864106685],[-117.521513742952,51.06774523678977],[-117.5168632309748,51.065103494938114],[-117.51031757105625,51.06480789834025],[-117.50431832206777,51.06013551936638],[-117.48883296483478,51.06094922905148],[-117.4825359932642,51.05745197005102],[-117.478064241375,51.05726790244333],[-117.47132580270419,51.06295949570746],[-117.46989681432169,51.06728965084378],[-117.46150672147071,51.06784548324583],[-117.45271176141704,51.07440193558787],[-117.45271466637146,51.077584675828376],[-117.45812960934528,51.09021197528985],[-117.4631736075754,51.093232326859436],[-117.46811040568258,51.09392851751641],[-117.46936751927029,51.09601289389032],[-117.46935469515942,51.09789986847129],[-117.45743834532529,51.104644991151375],[-117.44648380039675,51.106693106866246],[-117.43648398873322,51.105147251565164],[-117.40623208207084,51.111094289549996],[-117.38020130397196,51.103769994655444],[-117.3745106671949,51.09254893503469],[-117.37521399176418,51.09012653524918],[-117.37993374334958,51.087662818471046],[-117.38435889029145,51.08082861692927],[-117.38377516852046,51.074726660676546],[-117.37219969503475,51.06358356063089],[-117.37155090113612,51.05968967099881],[-117.34921079452629,51.05413201637621],[-117.3514554989138,51.04806011636176],[-117.34639934589167,51.034005554011664],[-117.35891025983325,51.02223678985347],[-117.37226240784132,51.016623372242464],[-117.37320757589214,51.0127158479937],[-117.39019579856323,50.99979620237941],[-117.38796912336302,50.996556865883406],[-117.38778758487001,50.99085405046598],[-117.39861549132033,50.985948546263806],[-117.39846017008176,50.982735304759366],[-117.40180529406427,50.978812491903184],[-117.39960235819791,50.97645942126933],[-117.39694762544077,50.96816937694552],[-117.39780181501175,50.961195566744614],[-117.40889475930497,50.96038722420346],[-117.42902730356391,50.95034410158326],[-117.42989008145166,50.948267004047295],[-117.43643566751278,50.948592848228394],[-117.43862064654243,50.94680325300462],[-117.4382447925946,50.93666950261529],[-117.44098172054233,50.934365794415974],[-117.43419577300669,50.93048578452947],[-117.43131173645068,50.92619912016358],[-117.42450652300545,50.92396388296756],[-117.41891480254894,50.92453898683676],[-117.41639243361001,50.91919319224499],[-117.4176000683671,50.90924658641717],[-117.42611341603836,50.903966182444634],[-117.43126948526097,50.905432169313265],[-117.43250333544208,50.903746245218294],[-117.44492873693515,50.90026341108021],[-117.45912602793494,50.89933181037575],[-117.46728691829848,50.90241180249537],[-117.47473192238157,50.89655721745632],[-117.47539990287433,50.892527141274925],[-117.48823515013487,50.886395383504286],[-117.49064209723038,50.883108353647],[-117.48750825158685,50.87946102389819],[-117.48201345787353,50.877662339892495],[-117.48009773991856,50.87247480142171],[-117.4748965353961,50.87022521317965],[-117.47261732505191,50.86671963756666],[-117.46968884241264,50.86621470620672],[-117.47043673014423,50.8599643696942],[-117.4603038238963,50.84969260523149],[-117.45540356137631,50.83102745642037],[-117.45326301166192,50.830042968821076],[-117.4641179726344,50.81775764849169],[-117.46679317633345,50.81119153776098],[-117.45874789356745,50.800389659868884],[-117.45534793716911,50.79767186507922],[-117.44908871544507,50.796473384726134],[-117.43268608728906,50.796832533488825],[-117.43087936056871,50.784920970034435],[-117.42909635297735,50.78276504065521],[-117.41265203660795,50.78170866169668],[-117.40084880595306,50.7765867565486],[-117.39639289531455,50.7643940023869],[-117.39023364980262,50.758715047285364],[-117.38996703006148,50.7505957672382],[-117.38227537819542,50.747573454712345],[-117.39228278722818,50.722088799617644],[-117.39438817396868,50.7190289946231],[-117.40146932327293,50.71854579556818],[-117.40110234414982,50.71615189090534],[-117.39730713842256,50.713328666609854],[-117.39775150815902,50.711392836783205],[-117.39288267691417,50.709143958385916],[-117.37611252224794,50.706540020295726],[-117.37082572736571,50.701982084389904],[-117.36693704821045,50.70808514677457],[-117.36072651051154,50.71239145498235],[-117.36120163174398,50.71646513951921],[-117.35636429297219,50.71997409331996],[-117.32310516546507,50.72417896975563],[-117.32061658409026,50.72684076273852],[-117.31406035329209,50.72920620522716],[-117.31060072668427,50.732768903329756],[-117.30873889377409,50.738394399007454],[-117.3013696570351,50.733395431840215],[-117.28475710299347,50.73742324539142],[-117.273541960451,50.74459249652823],[-117.26623192818454,50.744059362468384],[-117.26149170046654,50.74604037274581],[-117.25511309655734,50.74454541458098],[-117.25208262610494,50.742011898435806],[-117.25476204368083,50.73524640876443],[-117.25375973787534,50.73053371165637],[-117.25839221709279,50.728226307613994],[-117.26641312882762,50.71988753470773],[-117.26313159445556,50.71208534268794],[-117.26342436177399,50.692546240223145],[-117.27046315213316,50.68560765317514],[-117.2680121387301,50.67441812800185],[-117.27590853071845,50.67130426100904],[-117.26423551904789,50.66468797552885],[-117.25431839077469,50.65447056562368],[-117.23483449729524,50.652935280282485],[-117.23271042073567,50.65133490073757],[-117.22915236484707,50.646811319297456],[-117.23080217602167,50.635629606846585],[-117.2295906740433,50.632113634468084],[-117.24382377510042,50.62309830739341],[-117.26783257395415,50.61356761879306],[-117.27339079446523,50.60276313657857],[-117.2733670386276,50.59780209273768],[-117.30679805198028,50.57744720089844],[-117.30704650768867,50.57241228739426],[-117.3006405362375,50.56813374253917],[-117.2857890141238,50.562057614107076],[-117.27982649322551,50.55611807051833],[-117.27077366731092,50.553021199444416],[-117.25882271784381,50.544338411478726],[-117.2569624955102,50.53836645439207],[-117.24503559836208,50.53508080136599],[-117.2406850030821,50.52404271850217],[-117.24384554441114,50.519470935602904],[-117.26222034246598,50.51397617128518],[-117.27484943570799,50.51277384924233],[-117.27971552167631,50.50927420910526],[-117.28136003680855,50.50469494980313],[-117.29570844658116,50.49702783556155],[-117.32119839990476,50.48731823292684],[-117.34272585259862,50.483438725253805],[-117.36594500462694,50.48644152335887],[-117.43589674553095,50.4843684395074],[-117.45103119549738,50.49352562639948],[-117.46294135273313,50.49253837371222],[-117.4732748241553,50.494485083504706],[-117.48054288962048,50.49125029186546],[-117.49435268716314,50.48898889378654],[-117.4989155227163,50.485235532236146],[-117.49674939923771,50.47729262603307],[-117.49376142980198,50.4758091730868],[-117.50160728830295,50.469946406325654],[-117.49969829838228,50.45712271416009],[-117.51089639349263,50.4611951473313],[-117.51700141956472,50.46814794685984],[-117.52798253976898,50.47578327502518],[-117.55022235284983,50.48419864609135],[-117.54548131619173,50.48974164086415],[-117.54941956930247,50.49694162789169],[-117.5588034159505,50.50231271244498],[-117.57097929999671,50.50485295053434],[-117.57684406273347,50.5025620435777],[-117.58527424598657,50.50422641804749],[-117.59772230502757,50.51922034190663],[-117.60543875633223,50.52343624491371],[-117.60808574135615,50.53191071117371],[-117.61585940082925,50.54370000341955],[-117.63769246994995,50.54860111148675],[-117.64478298303038,50.54194451249176],[-117.64472528175652,50.53540165050163],[-117.64873745316731,50.53223271971091],[-117.65608798367207,50.53482188807049],[-117.67110778747123,50.532434217190215],[-117.67376935041182,50.533430726906865],[-117.67646354364584,50.53821408649254],[-117.68922191272085,50.53943498815962],[-117.69425351564155,50.54513133855699],[-117.7032448435454,50.54772906714533],[-117.73020795456833,50.54988295711207],[-117.74067128107069,50.554376072431175],[-117.74684725257926,50.55521209255072],[-117.76293260670296,50.5509063075747],[-117.79320565424479,50.55057992318689],[-117.80510099975655,50.54730408687509],[-117.81836056353652,50.54100104757596],[-117.84988818072841,50.542387531810085],[-117.8569794045445,50.52785843628013],[-117.90286126546668,50.528231127739524],[-117.90180428485313,50.533191918293795],[-117.92610079443008,50.53061623455225],[-117.97792310520302,50.532845983397955],[-117.97942825920762,50.53873519252344],[-117.98477754828077,50.53852750340328],[-117.99433934038105,50.54810117950639],[-118.00091426662227,50.58435824771458],[-118.00765106052879,50.60906835212457],[-118.00510667842954,50.62969163596038],[-118.00680421288193,50.63905162394044],[-118.01127653867582,50.64446965816108],[-118.01381544317817,50.65312027413001],[-118.03933361008616,50.663284830900366],[-118.05537511559241,50.663511359955756],[-118.06837613645386,50.66654330938214],[-118.07163933945567,50.678198811434015],[-118.06960104466846,50.688393150065146],[-118.07659853274524,50.69325503426991],[-118.12869959573192,50.680932017473474],[-118.145239122831,50.684159405277086],[-118.16850181111101,50.68337668297873],[-118.18193726723423,50.68475476706204],[-118.20731715198815,50.690291228658815],[-118.20066297312793,50.69894646488886],[-118.20886379790055,50.713368691466464],[-118.20666048406267,50.71991488966183],[-118.20983138019172,50.729511939276684],[-118.2059332074398,50.735639845515536],[-118.2058536919726,50.73892506301874],[-118.22694705599048,50.74338111181769],[-118.24189769972105,50.755192840636674],[-118.24845506080764,50.76690027949077],[-118.24761287849098,50.77380244539511],[-118.25227081980155,50.78210952494549],[-118.26145103525127,50.78499355831104],[-118.26383440612891,50.78888458539724],[-118.2608401392783,50.796406809524115],[-118.26118255362135,50.79938203169129],[-118.2677353221217,50.80973754585343],[-118.26795714012209,50.81344018492961],[-118.25851249850079,50.81855129900498],[-118.2674547411566,50.82378283887424],[-118.27271525665157,50.822808801303644],[-118.27601965313924,50.823966667730964],[-118.2683547932297,50.84032283505882],[-118.27733903631456,50.84673293484049],[-118.28294497571953,50.84714937515892],[-118.28630427579499,50.84928336314367],[-118.2876969770612,50.85444387955507],[-118.29447101559285,50.864643721698194],[-118.2932556252762,50.86985386617676],[-118.28222999742297,50.87850987610873],[-118.27341872967875,50.879792340451004],[-118.26612106322945,50.88450205675198],[-118.26613173430195,50.88873018269562],[-118.26861528714785,50.89347216595906],[-118.27841246834956,50.89594398685971],[-118.28090961349503,50.89545814978576],[-118.28503346856152,50.88959903158165],[-118.29107486475124,50.890123060438434],[-118.30742016698088,50.887128789791426],[-118.3146334687317,50.88841994910393],[-118.31454545219282,50.89603283668773],[-118.31957060670645,50.90133425057659],[-118.31859896555571,50.90327891786555],[-118.31444420627618,50.90491596562845],[-118.31490223607885,50.9084354128332],[-118.31696553245355,50.91288846686125],[-118.32348987522646,50.918412445332095],[-118.32344048717252,50.92276305892412],[-118.32598238752121,50.92762781407166],[-118.31967449977203,50.931232273304566],[-118.32527624198272,50.93378667625279],[-118.33025943813436,50.94014927531389],[-118.32962153513114,50.943710764419635],[-118.33287901698124,50.947709163910204],[-118.33969911982851,50.94854110533707],[-118.34118378695344,50.95234623227207],[-118.34357092645155,50.95313426307052],[-118.35335006029325,50.96335714901793],[-118.35372046589731,50.97450109524344],[-118.35139238769882,50.97995104205296],[-118.35458252475577,50.987373291278494],[-118.35256527958329,50.99412141286952],[-118.34593007201117,50.9987864009561],[-118.35014975263275,51.00315095477952],[-118.36092688718024,51.00872086323506],[-118.37031745515279,51.00890956142744],[-118.37971403644326,51.006856065688],[-118.38910421771187,51.007043023543794],[-118.39350750969574,51.00319272112809],[-118.4061640697492,50.99766349369042],[-118.42135478626027,51.00694057960347],[-118.42122150454306,51.01013201593862],[-118.42570054020956,51.01624734053887],[-118.42025114363379,51.02206136847719],[-118.42998859151719,51.0313609052677],[-118.42872938129624,51.038392047363374],[-118.43543969350375,51.048015233383545],[-118.43390352089868,51.050352518406065],[-118.43472972831576,51.05517957670543],[-118.42331367402498,51.055109870837526],[-118.42024033675875,51.05892474384687],[-118.42113661618649,51.062777761143224],[-118.42779253557242,51.065974397862924],[-118.43222163030173,51.07246733814072],[-118.4394050657233,51.0701631573908],[-118.44475288222755,51.07515821278583],[-118.44937140057213,51.07653778481996],[-118.45925105621959,51.07600962482358],[-118.46275732938386,51.079037779358025],[-118.46351629371792,51.089135194235816],[-118.46737625171284,51.09158712689511],[-118.47127875322983,51.09087301361986],[-118.47583044301446,51.09752393256583],[-118.48129900282795,51.10181746066867],[-118.48061033088048,51.10878885357793],[-118.47559301735862,51.11286230222851],[-118.47808235779145,51.119279609699575],[-118.4743188025357,51.12663179894184],[-118.47900092225608,51.128949928843944],[-118.48268292918938,51.13307665698887],[-118.49042726396786,51.13606480086995],[-118.49157562636847,51.14691690283664],[-118.48404317874451,51.1513091414501],[-118.47573237519488,51.15266762414103],[-118.47310792620584,51.15454495079806],[-118.47197917669081,51.15638753422081],[-118.47437167312926,51.16159198973487],[-118.46943179881603,51.17051308541623],[-118.48452423409006,51.1752687228591],[-118.49628530877321,51.17617666867716],[-118.5044767277786,51.17913726194406],[-118.53875792404236,51.17849695111618],[-118.55227662004307,51.18497864602054],[-118.5659271611299,51.19453011810031],[-118.56805131053662,51.20244044022153],[-118.54716445373941,51.207121824917],[-118.54485233176784,51.20986990102651],[-118.544238526116,51.21415026598903],[-118.55069598976995,51.22065621216648],[-118.56669804711467,51.23017416386808],[-118.57472408843839,51.23930033630273],[-118.57379050654305,51.244627158086836],[-118.57683658369922,51.25189919801426],[-118.56954117715908,51.259151295168344],[-118.55830007183557,51.265491141795046],[-118.55574969768318,51.27184195780453],[-118.55107390904777,51.27475694359851],[-118.54971100272182,51.27916496945808],[-118.55137550899495,51.290984364304954],[-118.56013532035644,51.29920970581764],[-118.57916907086253,51.29789831118476],[-118.58576793656334,51.299473549977655],[-118.59477656892055,51.30803184634366],[-118.60015626513135,51.31015094908166],[-118.60027793627884,51.31838572771854],[-118.6021965450553,51.323294193654],[-118.61150230855661,51.328150300079706],[-118.61605440487361,51.333128341511056],[-118.61141929766907,51.33966998708783],[-118.61655526896404,51.36297442943819],[-118.59066470031858,51.37201431527443],[-118.58882858032925,51.37579370449838],[-118.58909411669764,51.38162678945665],[-118.58224409360659,51.387443160901796],[-118.58153785111658,51.390087368851454],[-118.59482396761159,51.396568060613234],[-118.59786401798115,51.40040071038499],[-118.61683793740085,51.40933832741509],[-118.61811374786626,51.41158285504585],[-118.61684733836663,51.41366466595605],[-118.60898780877278,51.42078447784651],[-118.61279142686351,51.44026609359988],[-118.63318849226911,51.44561205420946],[-118.63022105104481,51.459018243139624],[-118.63253735119932,51.463762942990485],[-118.6514487255522,51.46302377201305],[-118.66163007219649,51.459618599115025],[-118.66960105383595,51.45994641643907],[-118.67943037051474,51.46265549960112],[-118.69052283053638,51.47103968088168],[-118.70394024260207,51.475264923306625],[-118.71322932948533,51.484888367260986],[-118.71487464519298,51.49017464124285],[-118.70312790057027,51.496867475877416],[-118.69443711656027,51.49899720001769],[-118.69157917891596,51.50056768226879],[-118.69181619616532,51.50260855093822],[-118.69537611708223,51.50544298064466],[-118.71379921992279,51.51072991322999],[-118.72779779618219,51.523986732316395],[-118.73897342370717,51.52775556220771],[-118.74551013980448,51.52790867536682],[-118.75310040850812,51.523436363174575],[-118.76707051882613,51.52052529584466],[-118.77545658217515,51.531906641778185],[-118.78308707198909,51.53640990853298],[-118.79267172915378,51.52552190399635],[-118.7964033585227,51.5239060410293],[-118.8110114679849,51.52399676741554],[-118.8191827514604,51.52726041647404],[-118.82816045685469,51.526405795298786],[-118.83128595228197,51.52904150187655],[-118.83255677921905,51.53718585557069],[-118.82849170611958,51.55076777695864],[-118.82699023087697,51.56826137265233],[-118.8284528269483,51.582842422955885],[-118.82734916682871,51.58571116387254],[-118.82438837643443,51.58757011463882],[-118.81739507141128,51.589099737573285],[-118.81503249431653,51.6017212119108],[-118.81541933415583,51.60736663998871],[-118.81826615232859,51.614078651275264],[-118.81648592138419,51.620270579508094],[-118.81770430002105,51.62664166851763],[-118.8212951270469,51.63189878347193],[-118.82581105934962,51.634819100912864],[-118.84372079001288,51.6372170421917],[-118.8507168654261,51.642925046903784],[-118.85569660965018,51.64485233935302],[-118.86375063963054,51.64579109897013],[-118.8839456328862,51.64419352713782],[-118.89010872706224,51.64661851542385],[-118.89589043412026,51.652475482873854],[-118.90369779052101,51.65674025228345],[-118.90782376734523,51.663703510192065],[-118.90801212394383,51.670401953386545],[-118.92244464921329,51.6826548105638],[-118.92376042706047,51.68573972881513],[-118.92413326480366,51.696340446260464],[-118.9175516870697,51.70323913622249],[-118.9184387395857,51.71742337072473],[-118.88631157635966,51.73096137090163],[-118.88550715397918,51.73310306689312],[-118.8881582460834,51.747748306011935],[-118.89375568393667,51.75486163877107],[-118.8973962284138,51.76345104966059],[-118.8868128454254,51.77504493449417],[-118.8858131788525,51.782989411530146],[-118.8888488611317,51.78581006196215],[-118.90599980892846,51.78617119042937],[-118.92409896383461,51.79431162392015],[-118.94207143736185,51.793319262819026],[-118.961392650205,51.810570198775864],[-118.9650336948078,51.824340815301746],[-118.94966395096075,51.831091947797226],[-118.94776414734064,51.83399040486607],[-118.94714707329634,51.83652824872349],[-118.95028877608483,51.84948141755518],[-118.99013456239128,51.86455306927092],[-118.99026648940458,51.86761658866877],[-118.98130495667499,51.86905118552393],[-118.97262124815602,51.8728354764621],[-118.96595103411096,51.887110976554524],[-118.97882358358505,51.911336273537444],[-118.97876789312119,51.91435681299724],[-118.98701563361307,51.92009641586362],[-118.98939069709874,51.92790135674817],[-118.98775403668773,51.931302477236244],[-118.97660297941182,51.93456253271919],[-118.94431705332612,51.92754863211889],[-118.91386639767114,51.92675420435016],[-118.90851928293391,51.9280602408223],[-118.89869928797559,51.94534695658317],[-118.89102988443629,51.954074184292004],[-118.91601260190582,51.96565341598802],[-118.93058918722564,51.96662479834142],[-118.97185248222335,51.97721958743045],[-118.97290060030038,51.982300466999305],[-118.971920492903,51.9881424659609],[-118.95561702703498,52.00045937112181],[-118.95673364997916,52.00331371946703],[-118.94939046678829,52.00684492742731],[-118.94425761835323,52.026197837638186],[-118.94176511002131,52.03041488026781],[-118.93624230865277,52.03410510183008],[-118.9194880807576,52.03950077600664],[-118.9093943272611,52.03619044696038],[-118.88741921673224,52.041601660050226],[-118.86337765319273,52.04419652229565],[-118.85593896290067,52.04563434916599],[-118.85131199203661,52.04935502586794],[-118.84822527878775,52.05814472021217],[-118.8550120667857,52.064567889069146],[-118.86860145259926,52.067819991408705],[-118.87247981930481,52.07211169514988],[-118.87280812260472,52.07601766926954],[-118.85455329807876,52.088016072323214],[-118.86668975969543,52.102417758960044],[-118.85271827970742,52.122459730737575],[-118.84988439513943,52.137255811447005],[-118.83778310364082,52.14615571591051],[-118.83366979015142,52.164311898374905],[-118.82901139822836,52.16794127568807],[-118.8032041984115,52.177222575384015],[-118.79283141689142,52.176437279331964],[-118.76897523347272,52.18039301416517],[-118.75197844828773,52.18515182878854],[-118.73349853320268,52.176433114097705],[-118.72989535036676,52.165193910093734],[-118.72424388226221,52.1616264692139],[-118.71606235217175,52.16134426074805],[-118.69414618229864,52.16666120301733],[-118.68685312121856,52.153320350630736],[-118.68384553930076,52.151602499521154],[-118.6762895977677,52.15146311169055],[-118.67345775912365,52.15304722112516],[-118.6663076842602,52.16410873913532],[-118.64901817674186,52.166535008416105],[-118.64008122256355,52.16955216649756],[-118.6286300397048,52.18269166742258],[-118.60792678558519,52.18876587461077],[-118.58241469667699,52.19300160406854],[-118.57732602566195,52.20031669708763],[-118.56925734479553,52.22452984875118],[-118.5588108160566,52.22948398501611],[-118.55577293178996,52.233004263058504],[-118.55492291136024,52.23995063330402],[-118.562754497899,52.25401104085226],[-118.5635216087972,52.25838177765635],[-118.55844776994265,52.26411908453517],[-118.55178362619566,52.26841899454245],[-118.54052473496573,52.2729951084007],[-118.52652486935895,52.26166414233939],[-118.5061766542145,52.25127181507937],[-118.49619314419897,52.243268574208784],[-118.4840990104823,52.23645060950196]],[[-118.21197382523195,51.060824760881836],[-118.21209419392619,51.05585857037974],[-118.22343875184812,51.05565722505488],[-118.2234691426927,51.041343514351404],[-118.22879604173788,51.04116801073646],[-118.22933775331033,51.03396191239527],[-118.24477805331396,51.03272023662223],[-118.24127931681998,51.012230062630735],[-118.2412751300844,50.999665252263746],[-118.24702073878595,50.99861582122134],[-118.24677703999853,50.990644296644746],[-118.23087818721086,50.99081783842601],[-118.23121962423849,50.994222600307424],[-118.22823722679477,50.99383246288332],[-118.2192598929536,50.985953899885494],[-118.20943689204344,50.9816784127014],[-118.21020761088955,50.979318592410394],[-118.20671019491601,50.97144519773542],[-118.20591680462263,50.959993211808005],[-118.19569918396559,50.951842577045085],[-118.17609258818356,50.95404810476705],[-118.1753328336522,50.968620690291885],[-118.17313434702592,50.96856699210563],[-118.1696902626862,50.95494914393155],[-118.16448876927583,50.95263672878602],[-118.16142247965169,50.94961010394473],[-118.16095614389047,50.94645766872244],[-118.15572010335013,50.946604739686634],[-118.15497684250752,50.9421545385966],[-118.15209271101189,50.942183129523514],[-118.15197491487332,50.940371961053245],[-118.15477544108643,50.94020952515886],[-118.15472597192714,50.936271207104035],[-118.14966660368371,50.93640754701436],[-118.14961037185843,50.93265248918032],[-118.14430265784462,50.93284740448449],[-118.14320252424561,50.92577884617228],[-118.13556621032947,50.92600069092821],[-118.13589093952181,50.930492602933214],[-118.13783611429254,50.93326354120101],[-118.1375173653404,50.93971532165633],[-118.13935273367795,50.94175301148913],[-118.13942124334872,50.9507708987709],[-118.14568770442233,50.96113009621884],[-118.1466511635101,50.98034006643794],[-118.14234925257523,50.98254398463405],[-118.1419732159917,50.99710891699735],[-118.15332325664676,50.99725617163722],[-118.15337527264157,51.00471973546885],[-118.19491860108943,51.00507550262791],[-118.19507970897396,51.00349717675297],[-118.20950060836292,51.01079432230472],[-118.20938277238089,51.01207381211391],[-118.20699590241296,51.01211138189419],[-118.20719236462566,51.01755096693728],[-118.2094405390869,51.017540604953766],[-118.21023437556802,51.02039666905849],[-118.21295394724521,51.020368335655604],[-118.2113159001965,51.02540060836115],[-118.20633017733607,51.02553314451209],[-118.2063116489764,51.031174534809416],[-118.17745400622123,51.04915098022312],[-118.17853108076883,51.06318005187665],[-118.21192160869533,51.063037161096176],[-118.21197382523195,51.060824760881836]]]},"bbox":[-118.99026648940458,50.45712271416009,-117.22915236484707,52.2729951084007]},{"id":"5939032","type":"Feature","properties":{},"geometry":{"type":"Polygon","coordinates":[[[-119.32035832638948,50.75166622085707],[-119.2066985903189,50.77039978266524],[-119.20138202679158,50.766013123532886],[-119.17858917296455,50.76592133329836],[-119.17800854851231,50.75009593950589],[-119.18030244832859,50.750096812069664],[-119.18082643311944,50.66403054502747],[-119.24923019895441,50.663697872246175],[-119.24939498775963,50.63398843374877],[-119.38788734450529,50.63429768909085],[-119.38738532139347,50.75132807683216],[-119.32035832638948,50.75166622085707]],[[-119.32275215793861,50.741844719690654],[-119.32228404934318,50.73838574316123],[-119.33148435393034,50.738214049735475],[-119.33049314192266,50.72037313429259],[-119.34289952957357,50.72028141501344],[-119.34302446747462,50.6989101497551],[-119.31278922856372,50.6990112038611],[-119.31209171302075,50.69355867922889],[-119.29861791443243,50.69369844754999],[-119.29881036092165,50.69756319874105],[-119.2916809869586,50.698689884156806],[-119.29162642801163,50.70485227322253],[-119.30428703348237,50.6999340509767],[-119.30568692905373,50.70130986000153],[-119.30501181805296,50.70287927216288],[-119.29742753398183,50.70502555881094],[-119.30241202202465,50.70586297370435],[-119.3031902206846,50.70817597710886],[-119.30305722938202,50.70978955364469],[-119.29979730485248,50.70886385839469],[-119.298814838206,50.70992626298693],[-119.30481741611764,50.71102297151065],[-119.30934781492098,50.70666916755565],[-119.30760142763938,50.70484186273319],[-119.30785370451011,50.70248055620043],[-119.31092541241937,50.703023151983075],[-119.3079480117942,50.70294626599432],[-119.3098171056224,50.7066776553069],[-119.30650511469854,50.71134056477998],[-119.31389361544772,50.71611306686914],[-119.31449751943634,50.722316850574686],[-119.31140441312233,50.72657817803966],[-119.30544573193562,50.73017705206413],[-119.3088984107476,50.73179076173067],[-119.30942183792811,50.735791367880125],[-119.31904043490259,50.74374986295783],[-119.32054810113615,50.74584195710014],[-119.31995661016991,50.74852516065609],[-119.32348853453968,50.75063499456331],[-119.32209069677842,50.74843069060757],[-119.32275215793861,50.741844719690654]]]},"bbox":[-119.38788734450529,50.63398843374877,-119.17800854851231,50.77039978266524]},{"id":"5939037","type":"Feature","properties":{},"geometry":{"type":"Polygon","coordinates":[[[-119.51176268239222,50.89747566599695],[-119.45651523865695,50.892632733447016],[-119.43521506788666,50.894591216723235],[-119.40512607209905,50.90361282076507],[-119.39881995519185,50.90872605166561],[-119.382490662961,50.92770203670684],[-119.3752282198051,50.93137702660044],[-119.29057155130305,50.944441325510546],[-119.1531818488593,50.956078509126],[-119.13735375850602,50.95943682781325],[-119.09401626412023,50.97273699564187],[-119.0425962451162,50.99987956416051],[-118.99281558127363,50.999996622101264],[-119.00326187371982,50.97650835749965],[-119.02105765997773,50.94882135512145],[-119.03255589434852,50.93916180753663],[-119.05356974887266,50.92727329009739],[-119.05845828221834,50.9214951823764],[-119.06062211352632,50.893512509767255],[-119.05860164589747,50.86472405381129],[-119.05476709835065,50.84535614410439],[-119.04811720298291,50.82526063096671],[-119.0760891566255,50.81105991982866],[-119.14822928915869,50.794346196633434],[-119.17064896651964,50.787138224505526],[-119.20396338267888,50.76817212401441],[-119.2066985903189,50.77039978266524],[-119.32370132914441,50.75114782004948],[-119.38738532139347,50.75132807683216],[-119.38724767125213,50.72599062738312],[-119.39757934018269,50.72619488005171],[-119.40842551493351,50.72392004444227],[-119.41368441605661,50.734377410508465],[-119.4148093158635,50.74259352328933],[-119.42280593959971,50.74537136308423],[-119.43680112749115,50.744674875195344],[-119.4401192675567,50.73495378169823],[-119.4754635056977,50.71914572870561],[-119.4826091364765,50.71810418009445],[-119.50635541049225,50.727680054238874],[-119.51505243746527,50.72736296979905],[-119.52219075059061,50.73064753097992],[-119.51711715444745,50.73603030511882],[-119.51623725112276,50.73950038510401],[-119.51803170424643,50.74195865884191],[-119.52473385647255,50.7445959040569],[-119.524665153713,50.750945135650326],[-119.4620978728928,50.750581495465525],[-119.46128454317682,50.78552987198359],[-119.47209658403777,50.785471788561765],[-119.47227076124835,50.80039403890163],[-119.46171114331757,50.800201339833926],[-119.46079738733737,50.8383873288969],[-119.5164772108396,50.83861349036342],[-119.51681660885907,50.86734923177476],[-119.57436667648763,50.86694065571034],[-119.57464449869366,50.87330305979792],[-119.5881311053573,50.86733706920298],[-119.59487540547605,50.86772726202603],[-119.60314763675827,50.86464667033356],[-119.60538801506226,50.86634146137927],[-119.60039631054919,50.86834255938767],[-119.58659613066901,50.869117257104925],[-119.57297253616345,50.87726085620035],[-119.56297850770405,50.88037707356106],[-119.53623665064522,50.89345175883787],[-119.51176268239222,50.89747566599695]],[[-119.32921140772754,50.79341382625161],[-119.32856996874233,50.786685719913784],[-119.34125797504765,50.78595708251532],[-119.33953208389694,50.77186399625856],[-119.33395243716262,50.771640162758644],[-119.32486391717559,50.7794405624665],[-119.31502432480828,50.78273897625572],[-119.30427381919704,50.77719022997226],[-119.30505040784217,50.793123467873606],[-119.32921140772754,50.79341382625161]]]},"bbox":[-119.60538801506226,50.71810418009445,-118.99281558127363,50.999996622101264]},{"id":"5939039","type":"Feature","properties":{},"geometry":{"type":"Polygon","coordinates":[[[-119.48127312319366,50.718298128239994],[-119.46134003872692,50.724493591217275],[-119.44226973568038,50.733578964289016],[-119.4401192675567,50.73495378169823],[-119.43680112749115,50.744674875195344],[-119.42280593959971,50.74537136308423],[-119.4148093158635,50.74259352328933],[-119.41368441605661,50.734377410508465],[-119.40842551493351,50.72392004444227],[-119.39757934018269,50.72619488005171],[-119.38724767125213,50.72599062738312],[-119.38788734450529,50.63429768909085],[-119.24939498775963,50.63398843374877],[-119.24923019895441,50.663697872246175],[-119.18082643311944,50.66403054502747],[-119.18337170893243,50.52781477028679],[-119.308466419718,50.52860320892263],[-119.30811639836197,50.51457237989338],[-119.34904067652901,50.51498986728731],[-119.34875523062932,50.50948585691661],[-119.34650972867884,50.50771414866558],[-119.35056233436443,50.50697506065941],[-119.34882151297889,50.50625436233455],[-119.3501834224026,50.50245885543298],[-119.34569461099198,50.500651562606265],[-119.3468424166084,50.49791136405604],[-119.34296364099403,50.493924964479994],[-119.34504142258056,50.492902373123584],[-119.34171561344228,50.49063937405927],[-119.34165110941728,50.48764567014992],[-119.34354633818018,50.4874548659156],[-119.3427351287368,50.48618444794612],[-119.34625051281995,50.479422268907385],[-119.34519940482512,50.47501715583376],[-119.34947961107378,50.47234966079642],[-119.34936922034677,50.46958096154193],[-119.35933073432275,50.46383855182135],[-119.36040443572813,50.46023676717263],[-119.36829712099203,50.45799926485614],[-119.37006771029067,50.45594845430639],[-119.3751117977675,50.45603479954206],[-119.37465342242271,50.448408000875865],[-119.36452822064591,50.448465133723374],[-119.36397631695283,50.42613511629719],[-119.35258585032442,50.42594971743578],[-119.3523910025948,50.41617074180828],[-119.4457064550308,50.415957521891016],[-119.44636506538018,50.430853695302744],[-119.50641552731759,50.43234394423679],[-119.52493477530889,50.431032277858485],[-119.52443159960302,50.439939906187774],[-119.52581390914185,50.445216477407584],[-119.58186485284251,50.44570155189112],[-119.58166656682255,50.430804613985245],[-119.60610996408599,50.43100759247813],[-119.60611426566064,50.41628758419418],[-119.62860197423225,50.416447224896615],[-119.62844145832254,50.40215317394878],[-119.6513932818216,50.40205146675873],[-119.65117135162527,50.47187218738679],[-119.6628472272818,50.47604447565555],[-119.66715909802716,50.4816131891201],[-119.65082672802468,50.485332278730795],[-119.65159400395282,50.56786393775283],[-119.64919623612211,50.57110534295157],[-119.64990884785108,50.57482293218125],[-119.52549805306512,50.576565161924876],[-119.52473385647255,50.7445959040569],[-119.51803170424643,50.74195865884191],[-119.51623725112276,50.73950038510401],[-119.51711715444745,50.73603030511882],[-119.52219075059061,50.73064753097992],[-119.51505243746527,50.72736296979905],[-119.50635541049225,50.727680054238874],[-119.48127312319366,50.718298128239994]]]},"bbox":[-119.66715909802716,50.40205146675873,-119.18082643311944,50.74537136308423]},{"id":"5939043","type":"Feature","properties":{},"geometry":{"type":"Polygon","coordinates":[[[-118.64576479034164,51.300866455646386],[-118.6283457625121,51.30102322503958],[-118.60000358990978,51.31009100539179],[-118.59477656892055,51.30803184634366],[-118.58576793656334,51.299473549977655],[-118.57916907086253,51.29789831118476],[-118.56013532035644,51.29920970581764],[-118.55137550899495,51.290984364304954],[-118.54971100272182,51.27916496945808],[-118.55107390904777,51.27475694359851],[-118.55574969768318,51.27184195780453],[-118.55830007183557,51.265491141795046],[-118.56954117715908,51.259151295168344],[-118.57683658369922,51.25189919801426],[-118.57379050654305,51.244627158086836],[-118.57472408843839,51.23930033630273],[-118.56669804711467,51.23017416386808],[-118.55069598976995,51.22065621216648],[-118.544238526116,51.21415026598903],[-118.54485233176784,51.20986990102651],[-118.54716445373941,51.207121824917],[-118.56805131053662,51.20244044022153],[-118.5659271611299,51.19453011810031],[-118.55227662004307,51.18497864602054],[-118.53875792404236,51.17849695111618],[-118.5044767277786,51.17913726194406],[-118.49628530877321,51.17617666867716],[-118.48452423409006,51.1752687228591],[-118.46943179881603,51.17051308541623],[-118.47437167312926,51.16159198973487],[-118.47197917669081,51.15638753422081],[-118.47310792620584,51.15454495079806],[-118.47573237519488,51.15266762414103],[-118.48404317874451,51.1513091414501],[-118.49157562636847,51.14691690283664],[-118.49042726396786,51.13606480086995],[-118.48268292918938,51.13307665698887],[-118.47900092225608,51.128949928843944],[-118.4743188025357,51.12663179894184],[-118.47808235779145,51.119279609699575],[-118.47559301735862,51.11286230222851],[-118.48061033088048,51.10878885357793],[-118.48129900282795,51.10181746066867],[-118.47583044301446,51.09752393256583],[-118.47127875322983,51.09087301361986],[-118.46737625171284,51.09158712689511],[-118.46351629371792,51.089135194235816],[-118.46275732938386,51.079037779358025],[-118.45925105621959,51.07600962482358],[-118.44937140057213,51.07653778481996],[-118.44475288222755,51.07515821278583],[-118.4394050657233,51.0701631573908],[-118.43222163030173,51.07246733814072],[-118.42779253557242,51.065974397862924],[-118.42113661618649,51.062777761143224],[-118.42024033675875,51.05892474384687],[-118.42331367402498,51.055109870837526],[-118.43472972831576,51.05517957670543],[-118.43390352089868,51.050352518406065],[-118.43543969350375,51.048015233383545],[-118.42872938129624,51.038392047363374],[-118.42998859151719,51.0313609052677],[-118.42025114363379,51.02206136847719],[-118.42570054020956,51.01624734053887],[-118.41911811110906,51.00478165015321],[-118.4061640697492,50.99766349369042],[-118.39350750969574,51.00319272112809],[-118.38910421771187,51.007043023543794],[-118.36092688718024,51.00872086323506],[-118.35014975263275,51.00315095477952],[-118.34593007201117,50.9987864009561],[-118.35256527958329,50.99412141286952],[-118.35458252475577,50.987373291278494],[-118.35139238769882,50.97995104205296],[-118.35372046589731,50.97450109524344],[-118.35335006029325,50.96335714901793],[-118.34357092645155,50.95313426307052],[-118.34118378695344,50.95234623227207],[-118.33969911982851,50.94854110533707],[-118.33287901698124,50.947709163910204],[-118.32962153513114,50.943710764419635],[-118.33025943813436,50.94014927531389],[-118.32527624198272,50.93378667625279],[-118.31967449977203,50.931232273304566],[-118.32598238752121,50.92762781407166],[-118.32344048717252,50.92276305892412],[-118.32348987522646,50.918412445332095],[-118.31696553245355,50.91288846686125],[-118.31490223607885,50.9084354128332],[-118.31444420627618,50.90491596562845],[-118.31859896555571,50.90327891786555],[-118.31957060670645,50.90133425057659],[-118.31454545219282,50.89603283668773],[-118.31442671665822,50.88836758109911],[-118.32056793061912,50.88566261824129],[-118.32323370918041,50.88211483560966],[-118.33163460995104,50.88106901587093],[-118.34714609423425,50.88588970810351],[-118.35181842571997,50.8825275860336],[-118.3572735681809,50.88162092748021],[-118.3701622448737,50.888063634116186],[-118.38696594659123,50.88328673323622],[-118.40640306059873,50.88194415079038],[-118.41159307140411,50.882671648210795],[-118.43048586627658,50.897766349278264],[-118.44977789813265,50.90342575989576],[-118.47063487954,50.89455705830086],[-118.49561733552713,50.91288816302615],[-118.52909206852289,50.93075007155158],[-118.53376909129356,50.93457265010537],[-118.57572884879,50.92918215809727],[-118.58444545617293,50.92340636209182],[-118.58983929353703,50.92365995151634],[-118.59395433953715,50.9271057634715],[-118.60184449039633,50.92619938146776],[-118.61277894364858,50.924619993885806],[-118.61387645469803,50.91855788085879],[-118.60772670037798,50.90261380490618],[-118.60960390932874,50.894113882897734],[-118.61947445909486,50.88573602519343],[-118.6258215079632,50.87444268198507],[-118.63802371558032,50.86562376419945],[-118.63946483752947,50.86297904720736],[-118.63941977053031,50.860904119892524],[-118.63601571590789,50.860079484477986],[-118.6199401510039,50.86329709931408],[-118.61738722154195,50.862678148132694],[-118.61854534607488,50.85996504675466],[-118.63373858736196,50.848361965426754],[-118.6392551005453,50.84814441501909],[-118.65161028613115,50.85323037793197],[-118.66816219799465,50.84690328568172],[-118.67128310650531,50.84363236113442],[-118.67031636554957,50.839581348754564],[-118.66357742724668,50.83208267179032],[-118.66444886071359,50.82302017193564],[-118.66767214308273,50.819264905509414],[-118.6748408740123,50.81543183107851],[-118.69937430747505,50.811203732800756],[-118.71137508530298,50.81420091870681],[-118.71509428469172,50.8131400220095],[-118.7179985030814,50.81425218915784],[-118.7260810355802,50.822691233918405],[-118.7329862645484,50.82579667779965],[-118.75291537584036,50.823691139640864],[-118.77207876528219,50.827474902040564],[-118.7781270209976,50.82604450027646],[-118.78163085587012,50.823024657993294],[-118.78441011249673,50.81535236354321],[-118.788838167303,50.809002743066536],[-118.79509556446757,50.80257779314625],[-118.80868475015883,50.79719458556339],[-118.81080856318286,50.794583760251335],[-118.81265490361316,50.78667698450557],[-118.82496464962165,50.78222927108851],[-118.8307178044563,50.77681849615707],[-118.82902729448546,50.76989616363507],[-118.83217700229633,50.76773735945121],[-118.85390488522134,50.766490322198244],[-118.8556165595567,50.76491697790476],[-118.8549458178334,50.759323453681944],[-118.85801851776958,50.75734306118959],[-118.8723376868349,50.7595487623122],[-118.87781414270978,50.75895506610655],[-118.88303733662676,50.75042413100561],[-119.17800854851231,50.75009593950589],[-119.17858917296455,50.76592133329836],[-119.20138202679158,50.766013123532886],[-119.20396338267888,50.76817212401441],[-119.17064896651964,50.787138224505526],[-119.14822928915869,50.794346196633434],[-119.0760891566255,50.81105991982866],[-119.04811720298291,50.82526063096671],[-119.05476709835065,50.84535614410439],[-119.05860164589747,50.86472405381129],[-119.06062211352632,50.893512509767255],[-119.05845828221834,50.9214951823764],[-119.05356974887266,50.92727329009739],[-119.03255589434852,50.93916180753663],[-119.02105765997773,50.94882135512145],[-119.00326187371982,50.97650835749965],[-118.99281558127363,50.999996622101264],[-118.9756694781773,50.99997041745781],[-118.96783742473517,51.030772712351464],[-118.95323599206561,51.035138276413726],[-118.82710186205846,51.04681085208355],[-118.82749634342827,51.04937842171075],[-118.82463381762884,51.05484086211323],[-118.80946330460002,51.06017880124833],[-118.79606859107989,51.06372936494589],[-118.76457709320292,51.06424046263822],[-118.75813372884099,51.07061186173522],[-118.76081996096002,51.07751324860194],[-118.76791816978671,51.081008106283775],[-118.77201638741967,51.08774954553312],[-118.76666862573403,51.09141632304184],[-118.77134741497424,51.09631708696287],[-118.77329069296188,51.10271178028498],[-118.76969429678577,51.105644101545195],[-118.77258784809902,51.11176999006083],[-118.7529447925426,51.11563475482051],[-118.75034034704748,51.12259653780181],[-118.7449859480037,51.1262625210926],[-118.7395313974694,51.1266013074081],[-118.74517697090376,51.13602043465546],[-118.74542701059028,51.139541767906785],[-118.74078487763764,51.144203842985014],[-118.73341616912573,51.14771720646457],[-118.72436764559447,51.1483472472309],[-118.72046769353186,51.153516915806826],[-118.71767625642813,51.169528902852356],[-118.72437735741327,51.189637990598186],[-118.73693290630646,51.216185278641],[-118.7318344707285,51.21950082981496],[-118.71585619924772,51.22474438166605],[-118.70632995104273,51.23710781555644],[-118.71050894452264,51.24561674906561],[-118.6997106416471,51.256223703036554],[-118.69971320682104,51.25870963045807],[-118.71895757150799,51.273834729364445],[-118.71835137886094,51.27928926457171],[-118.72560583162428,51.28271819382421],[-118.72939219989267,51.287559982868494],[-118.71732870729542,51.29367725177629],[-118.70694180614342,51.30542410746068],[-118.68972428100768,51.31128950595242],[-118.68280872530609,51.31052461297513],[-118.6762668141125,51.303752957969884],[-118.65895412213054,51.304066218277555],[-118.64576479034164,51.300866455646386]],[[-119.01175253769911,50.84825212727423],[-119.0165632187071,50.845605543163266],[-119.01679925099245,50.84301447930256],[-119.01313227869338,50.83911293426238],[-119.00850732596568,50.8380503777171],[-119.00162866329269,50.84069970476805],[-119.00000002799179,50.83765195539856],[-119.00830184190997,50.8353297666536],[-119.00687011501854,50.832985273737826],[-119.007292906161,50.823252354758964],[-118.98659199737601,50.822115491474804],[-118.98230598928006,50.81580171247559],[-118.98163534996972,50.80714568626279],[-118.97530738810711,50.80466849866277],[-118.97445752562082,50.801830962671424],[-118.96868291151695,50.80197091383192],[-118.96878592166576,50.80651200819207],[-118.96607160762314,50.8065553267089],[-118.96594970698878,50.815184119617086],[-118.96848654833879,50.81509884342907],[-118.96854157102942,50.82301164749908],[-118.96199678160117,50.82284739620774],[-118.96180035561603,50.83141253120918],[-118.95609300725215,50.83207197917932],[-118.95612332501894,50.834115933665736],[-118.95061085043679,50.83451359864098],[-118.95086146897037,50.83799724644818],[-118.9460394459951,50.84190464761979],[-118.94176832149311,50.841930616076084],[-118.94365415292845,50.85327271822308],[-118.94774522252074,50.85483630456104],[-118.95034158838486,50.853224801065956],[-118.95495359659776,50.85390281458479],[-118.94884559957032,50.85032560859384],[-118.95238021553381,50.8476781045887],[-118.95703598443912,50.850601408898044],[-118.95665194990822,50.85256596226721],[-118.99712724635911,50.85285904290895],[-118.99678723151798,50.85428460988629],[-119.01519125286369,50.85449905449563],[-119.0154581468138,50.84844666021844],[-119.01175253769911,50.84825212727423]]]},"bbox":[-119.20396338267888,50.75009593950589,-118.31442671665822,51.31128950595242]},{"id":"5939044","type":"Feature","properties":{},"geometry":{"type":"Polygon","coordinates":[[[-118.96106303897389,51.70151564122461],[-118.9488811918615,51.70028509744947],[-118.93782763452576,51.702721535663024],[-118.92945571813316,51.6909380367849],[-118.9238692682342,51.689562253084205],[-118.92244464921329,51.6826548105638],[-118.90801212394383,51.670401953386545],[-118.90782376734523,51.663703510192065],[-118.90369779052101,51.65674025228345],[-118.89589043412026,51.652475482873854],[-118.89010872706224,51.64661851542385],[-118.8839456328862,51.64419352713782],[-118.86375063963054,51.64579109897013],[-118.85569660965018,51.64485233935302],[-118.8507168654261,51.642925046903784],[-118.84372079001288,51.6372170421917],[-118.82581105934962,51.634819100912864],[-118.8212951270469,51.63189878347193],[-118.81770430002105,51.62664166851763],[-118.81648592138419,51.620270579508094],[-118.81826615232859,51.614078651275264],[-118.81541933415583,51.60736663998871],[-118.81503249431653,51.6017212119108],[-118.81739507141128,51.589099737573285],[-118.82438837643443,51.58757011463882],[-118.82734916682871,51.58571116387254],[-118.8284528269483,51.582842422955885],[-118.8268728292962,51.57462403582462],[-118.82849170611958,51.55076777695864],[-118.83255677921905,51.53718585557069],[-118.8323249477011,51.531050032151434],[-118.82816045685469,51.526405795298786],[-118.8191827514604,51.52726041647404],[-118.8110114679849,51.52399676741554],[-118.7964033585227,51.5239060410293],[-118.79267172915378,51.52552190399635],[-118.78308707198909,51.53640990853298],[-118.77545658217515,51.531906641778185],[-118.76707051882613,51.52052529584466],[-118.75310040850812,51.523436363174575],[-118.74208204371429,51.52867354102706],[-118.72779779618219,51.523986732316395],[-118.71379921992279,51.51072991322999],[-118.69537611708223,51.50544298064466],[-118.69181619616532,51.50260855093822],[-118.69157917891596,51.50056768226879],[-118.69443711656027,51.49899720001769],[-118.70312790057027,51.496867475877416],[-118.71487464519298,51.49017464124285],[-118.71322932948533,51.484888367260986],[-118.70655844609374,51.47721280976317],[-118.69052283053638,51.47103968088168],[-118.67521940849915,51.460897495569306],[-118.66163007219649,51.459618599115025],[-118.6514487255522,51.46302377201305],[-118.63253735119932,51.463762942990485],[-118.63022105104481,51.459018243139624],[-118.63318849226911,51.44561205420946],[-118.61279142686351,51.44026609359988],[-118.60898780877278,51.42078447784651],[-118.61684733836663,51.41366466595605],[-118.61811374786626,51.41158285504585],[-118.61683793740085,51.40933832741509],[-118.59786401798115,51.40040071038499],[-118.59482396761159,51.396568060613234],[-118.58153785111658,51.390087368851454],[-118.58224409360659,51.387443160901796],[-118.58909411669764,51.38162678945665],[-118.58882858032925,51.37579370449838],[-118.59066470031858,51.37201431527443],[-118.61655526896404,51.36297442943819],[-118.61141929766907,51.33966998708783],[-118.61605440487361,51.333128341511056],[-118.61150230855661,51.328150300079706],[-118.6021965450553,51.323294193654],[-118.60027793627884,51.31838572771854],[-118.60000358990978,51.31009100539179],[-118.6283457625121,51.30102322503958],[-118.64576479034164,51.300866455646386],[-118.65895412213054,51.304066218277555],[-118.6762668141125,51.303752957969884],[-118.68280872530609,51.31052461297513],[-118.68972428100768,51.31128950595242],[-118.70694180614342,51.30542410746068],[-118.71732870729542,51.29367725177629],[-118.72939219989267,51.287559982868494],[-118.72560583162428,51.28271819382421],[-118.71835137886094,51.27928926457171],[-118.71895757150799,51.273834729364445],[-118.69971320682104,51.25870963045807],[-118.6997106416471,51.256223703036554],[-118.71050894452264,51.24561674906561],[-118.70632995104273,51.23710781555644],[-118.71585619924772,51.22474438166605],[-118.7318344707285,51.21950082981496],[-118.73693290630646,51.216185278641],[-118.72437735741327,51.189637990598186],[-118.71767625642813,51.169528902852356],[-118.72046769353186,51.153516915806826],[-118.72436764559447,51.1483472472309],[-118.73341616912573,51.14771720646457],[-118.74078487763764,51.144203842985014],[-118.74542701059028,51.139541767906785],[-118.74517697090376,51.13602043465546],[-118.7395313974694,51.1266013074081],[-118.7449859480037,51.1262625210926],[-118.75034034704748,51.12259653780181],[-118.7529447925426,51.11563475482051],[-118.77258784809902,51.11176999006083],[-118.76969429678577,51.105644101545195],[-118.77329069296188,51.10271178028498],[-118.77134741497424,51.09631708696287],[-118.76666862573403,51.09141632304184],[-118.77201638741967,51.08774954553312],[-118.76791816978671,51.081008106283775],[-118.76081996096002,51.07751324860194],[-118.75813372884099,51.07061186173522],[-118.76457709320292,51.06424046263822],[-118.79606859107989,51.06372936494589],[-118.81811800419744,51.057193698862996],[-118.82463381762884,51.05484086211323],[-118.82749634342827,51.04937842171075],[-118.82710186205846,51.04681085208355],[-118.95392497966384,51.03500076777009],[-118.96783742473517,51.030772712351464],[-118.9756694781773,50.99997041745781],[-119.0425962451162,50.99987956416051],[-119.09401626412023,50.97273699564187],[-119.14377076317047,50.95799272145451],[-119.18054444141339,50.95329215669656],[-119.29057155130305,50.944441325510546],[-119.369369797191,50.9327438587794],[-119.382490662961,50.92770203670684],[-119.39881995519185,50.90872605166561],[-119.40512607209905,50.90361282076507],[-119.42178075495943,50.89778617840947],[-119.44610308568629,50.892885230667865],[-119.51788050426032,50.8972265206132],[-119.53623665064522,50.89345175883787],[-119.56219538370213,50.88086270840859],[-119.5574425125994,50.88937666067541],[-119.55152422982441,50.89114265300042],[-119.5511817101938,50.89294005563598],[-119.55950630029056,50.89379316050849],[-119.5621242294261,50.892538353470286],[-119.56455281756217,50.89454516947088],[-119.56806343295519,50.8932177486143],[-119.57885504114586,50.90089427054717],[-119.5831322070163,50.90028755606809],[-119.59944532506947,50.902896226430464],[-119.60906620980413,50.90191272393357],[-119.66419384765223,50.86772659089616],[-119.66435129344259,50.92539225877826],[-119.64232267453933,50.925710199139004],[-119.64382924396006,50.92822336791474],[-119.64877391577751,50.93082827477774],[-119.64834082163571,50.934723474020906],[-119.65529281886751,50.93534727565009],[-119.6560165261163,50.939064472275156],[-119.65153193625213,50.94127055985185],[-119.6353320204018,50.943085067073675],[-119.62131701273289,50.950318562920415],[-119.6037644301371,50.96513746398554],[-119.60185166444333,50.97332446415548],[-119.61589620658786,50.972372191195895],[-119.66906782212182,50.95827270081744],[-119.6754116423125,50.9698957624853],[-119.68596721856323,50.97160485299594],[-119.68701570644853,50.97718345801674],[-119.69334002552264,50.981112864695554],[-119.70453126634072,50.983704756772404],[-119.6059867420479,50.984782675556254],[-119.53691840492624,50.98359434651077],[-119.53798065374973,51.000906746082585],[-119.54807206351634,51.011030448614925],[-119.52169110723756,51.032646426936225],[-119.50936939640286,51.05420579857109],[-119.5071315101069,51.06665215083118],[-119.51427898199398,51.079099206826946],[-119.51733143050834,51.089600923522106],[-119.5245078602498,51.092709001755416],[-119.52390574594102,51.10049549347608],[-119.52569883905237,51.106646933180684],[-119.51398883206245,51.11087332445062],[-119.5086559047792,51.11857364231653],[-119.51152960440768,51.13135236409811],[-119.50945367449323,51.143205973076995],[-119.49923289588224,51.15733822580525],[-119.48393414803725,51.17372818409044],[-119.4722424456545,51.179499332023575],[-119.43965648918014,51.1822834476002],[-119.43944124190314,51.19263496054234],[-119.44401864068112,51.20281492428168],[-119.44548554550423,51.214044918855016],[-119.4406946929451,51.2217727764006],[-119.4253758736906,51.228236898468175],[-119.40870422682664,51.23162805467838],[-119.38666532941173,51.24126817148142],[-119.3758159853468,51.249404732141244],[-119.37622868417327,51.253177850986766],[-119.37088164081239,51.255493644995816],[-119.32415819278691,51.25321936171391],[-119.31259673405128,51.247900156913914],[-119.29399449103914,51.24634292664188],[-119.27498179838479,51.25722505897934],[-119.25621832667233,51.26377483985191],[-119.23722320746462,51.26810922894712],[-119.22451956224322,51.279896748774604],[-119.22098710181513,51.31112460427583],[-119.20503609130955,51.3112590964278],[-119.20534690946423,51.31798158491725],[-119.1924249520989,51.31760557742422],[-119.18704895878217,51.35449510068809],[-119.1543149102964,51.35866205986122],[-119.14702192700008,51.36474315822812],[-119.13358638446373,51.36562405239239],[-119.10833668187033,51.3766071564638],[-119.09152794728708,51.395026269870506],[-119.08878249816014,51.39566946182157],[-119.07615770555803,51.3893925151177],[-119.05878826288205,51.39501142673047],[-119.05088075249452,51.4008627421979],[-119.04003478667713,51.413727094230495],[-119.02902696459941,51.42290157680693],[-119.00029405272694,51.430601708636814],[-118.97471825436092,51.44851129379628],[-118.96719294789284,51.44922050912275],[-118.96116768231731,51.45294460433111],[-118.95345387383188,51.461310355381094],[-118.95222012262288,51.47149514632742],[-118.96470404749003,51.49064124872974],[-118.96257490251192,51.499430476663846],[-118.95019426564009,51.5073983700853],[-118.96477897612597,51.529114149953436],[-118.9836879048501,51.54235816111893],[-118.98123318502167,51.55354653851652],[-118.96613091481039,51.57495876143535],[-118.9729271714049,51.59544817045684],[-118.96196067258205,51.59695012540043],[-118.957760004827,51.60114213328286],[-118.96055967896591,51.609521648860884],[-118.98317639220926,51.63523267015052],[-118.98138914842473,51.64075343681246],[-118.97093102736392,51.6520799075327],[-118.97570392783213,51.65948005007717],[-118.99448902409831,51.66945632114331],[-118.99550932912734,51.67508846133821],[-118.9988626646997,51.67937283174602],[-119.01070411726579,51.683463949624354],[-119.00994132182674,51.68726033254804],[-118.97909924444731,51.692283664766705],[-118.9683324487555,51.69601898787509],[-118.96106303897389,51.70151564122461]],[[-119.48715114341992,50.93474609917455],[-119.48748949391737,50.92752254548354],[-119.4962807000955,50.92732695022264],[-119.49608731931221,50.92001987333004],[-119.51091092546656,50.92043802271236],[-119.51109687274156,50.914337577404865],[-119.50482662902229,50.915055169651545],[-119.50331862178555,50.91373777396033],[-119.50500702278933,50.91047346925714],[-119.50286961976583,50.910392260192744],[-119.50388882372731,50.9097599704712],[-119.4901515015915,50.90693286318819],[-119.48185260603321,50.901757369775495],[-119.47504992487768,50.90274715388157],[-119.46801691123504,50.90155713145692],[-119.46739806552382,50.91622242353063],[-119.4600414755488,50.91636641097589],[-119.46071627766469,50.934713845623115],[-119.48715114341992,50.93474609917455]]]},"bbox":[-119.70453126634072,50.86772659089616,-118.58153785111658,51.702721535663024]},{"id":"5939045","type":"Feature","properties":{},"geometry":{"type":"Polygon","coordinates":[[[-118.99712724635911,50.85285904290895],[-118.95665194990822,50.85256596226721],[-118.95703598443912,50.850601408898044],[-118.95238021553381,50.8476781045887],[-118.94884559957032,50.85032560859384],[-118.95495359659776,50.85390281458479],[-118.95034158838486,50.853224801065956],[-118.94774522252074,50.85483630456104],[-118.94365415292845,50.85327271822308],[-118.94176832149311,50.841930616076084],[-118.9460394459951,50.84190464761979],[-118.95086146897037,50.83799724644818],[-118.95061085043679,50.83451359864098],[-118.95612332501894,50.834115933665736],[-118.95609300725215,50.83207197917932],[-118.96180035561603,50.83141253120918],[-118.96199678160117,50.82284739620774],[-118.96854157102942,50.82301164749908],[-118.96848654833879,50.81509884342907],[-118.96594970698878,50.815184119617086],[-118.96607160762314,50.8065553267089],[-118.96878592166576,50.80651200819207],[-118.96868291151695,50.80197091383192],[-118.97445752562082,50.801830962671424],[-118.97530738810711,50.80466849866277],[-118.98163534996972,50.80714568626279],[-118.98230598928006,50.81580171247559],[-118.98661480068067,50.8221280983011],[-119.007292906161,50.823252354758964],[-119.00687011501854,50.832985273737826],[-119.00830184190997,50.8353297666536],[-119.00000002799179,50.83765195539856],[-119.00162866329269,50.84069970476805],[-119.00347250607301,50.84088990900878],[-119.00715986096861,50.83843840320459],[-119.01163436702011,50.83810263481613],[-119.01679925099245,50.84301447930256],[-119.01573396578875,50.84664099553033],[-119.01175253769911,50.84825212727423],[-119.0154581468138,50.84844666021844],[-119.01519125286369,50.85449905449563],[-118.99678723151798,50.85428460988629],[-118.99712724635911,50.85285904290895]]]},"bbox":[-119.01679925099245,50.801830962671424,-118.94176832149311,50.85483630456104]},{"id":"5939801","type":"Feature","properties":{},"geometry":{"type":"Polygon","coordinates":[[[-119.59470569665254,50.867712958252085],[-119.58797841725352,50.86737687422807],[-119.57409717959482,50.873189072997704],[-119.57519602705601,50.86026908782393],[-119.59033051829942,50.85368641007671],[-119.60513459173742,50.85393492154842],[-119.60022192078864,50.85985565547699],[-119.60408932976632,50.864716475457534],[-119.59470569665254,50.867712958252085]]]},"bbox":[-119.60513459173742,50.85368641007671,-119.57409717959482,50.873189072997704]},{"id":"5939802","type":"Feature","properties":{},"geometry":{"type":"Polygon","coordinates":[[[-119.6020161117097,50.971851172084094],[-119.60371253219162,50.965220057941586],[-119.6089783115425,50.96032647491173],[-119.61437832769487,50.957327165906634],[-119.62131701273289,50.950318562920415],[-119.6353320204018,50.943085067073675],[-119.65153193625213,50.94127055985185],[-119.6560165261163,50.939064472275156],[-119.65851622839398,50.94842436391353],[-119.66251353738117,50.95183255697123],[-119.66840360782912,50.95201196698738],[-119.66952803614477,50.954226662865565],[-119.66906782212182,50.95827270081744],[-119.63455397028403,50.96765954833077],[-119.61589620658786,50.972372191195895],[-119.60185166444333,50.97332446415548],[-119.6020161117097,50.971851172084094]]]},"bbox":[-119.66952803614477,50.939064472275156,-119.60185166444333,50.97332446415548]},{"id":"5939803","type":"Feature","properties":{},"geometry":{"type":"Polygon","coordinates":[[[-119.32921140772754,50.79341382625161],[-119.30505040784217,50.793123467873606],[-119.30427381919704,50.77719022997226],[-119.31502432480828,50.78273897625572],[-119.32486391717559,50.7794405624665],[-119.33395243716262,50.771640162758644],[-119.33953208389694,50.77186399625856],[-119.34125797504765,50.78595708251532],[-119.32856996874233,50.786685719913784],[-119.32921140772754,50.79341382625161]]]},"bbox":[-119.34125797504765,50.771640162758644,-119.30427381919704,50.79341382625161]},{"id":"5939804","type":"Feature","properties":{},"geometry":{"type":"Polygon","coordinates":[[[-119.32982462305145,50.483461084263176],[-119.32821861852398,50.441066090401065],[-119.31737537959873,50.44078941076201],[-119.31778457551239,50.4161469063692],[-119.3523910025948,50.41617074180828],[-119.35258585032442,50.42594971743578],[-119.36397631695283,50.42613511629719],[-119.36452822064591,50.448465133723374],[-119.37465342242271,50.448408000875865],[-119.3751117977675,50.45603479954206],[-119.37006771029067,50.45594845430639],[-119.36829712099203,50.45799926485614],[-119.36054271913699,50.46015414950158],[-119.35883023031754,50.46429007139513],[-119.34936922034677,50.46958096154193],[-119.34947961107378,50.47234966079642],[-119.34516242821152,50.47511684922338],[-119.34625051281995,50.479422268907385],[-119.3437488254454,50.48509920411285],[-119.3299084277751,50.48475620156412],[-119.32982462305145,50.483461084263176]]]},"bbox":[-119.3751117977675,50.4161469063692,-119.31737537959873,50.48509920411285]},{"id":"5939805","type":"Feature","properties":{},"geometry":{"type":"Polygon","coordinates":[[[-119.58046823669714,50.90049976289946],[-119.57709619843484,50.900223459599346],[-119.57511232889233,50.89724545714918],[-119.57105630749696,50.89642645922832],[-119.56806343295519,50.8932177486143],[-119.56440943955457,50.89453946607949],[-119.5622406085666,50.8925626695289],[-119.55315753027328,50.89343706230121],[-119.5511231322777,50.89160126631237],[-119.5574425125994,50.88937666067541],[-119.56254920929143,50.880602076486],[-119.57297253616345,50.87726085620035],[-119.58779751822539,50.868756959992346],[-119.60039631054919,50.86834255938767],[-119.60596423490772,50.86622045241329],[-119.6145926084867,50.87387125785798],[-119.6280822284076,50.87863246207461],[-119.63225242129671,50.87415757705115],[-119.63890573826079,50.87064405869521],[-119.6392477011366,50.86892645878984],[-119.64614623506911,50.86773575268484],[-119.64943611539987,50.86310995878819],[-119.64958725734736,50.85898682957575],[-119.66965783306232,50.86558477192767],[-119.6630473711735,50.86817704119338],[-119.60906620980413,50.90191272393357],[-119.59944532506947,50.902896226430464],[-119.58046823669714,50.90049976289946]]]},"bbox":[-119.66965783306232,50.85898682957575,-119.5511231322777,50.902896226430464]},{"id":"5939806","type":"Feature","properties":{},"geometry":{"type":"Polygon","coordinates":[[[-119.32747651987052,50.51479909072738],[-119.30811639836197,50.51457237989338],[-119.30801594687482,50.500270312524236],[-119.29633181392784,50.50033366250133],[-119.29620048562927,50.492878629763005],[-119.26317969514494,50.49282120828198],[-119.26319391680005,50.48497050212876],[-119.29746500563635,50.48490160510661],[-119.2973827645704,50.47135010918309],[-119.3289285435957,50.469983350380474],[-119.3299084277751,50.48475620156412],[-119.3437488254454,50.48509920411285],[-119.34354633818018,50.4874548659156],[-119.34165110941728,50.48764567014992],[-119.34171561344228,50.49063937405927],[-119.34504142258056,50.492902373123584],[-119.34298300552133,50.49401326406805],[-119.3468424166084,50.49791136405604],[-119.34569461099198,50.500651562606265],[-119.3501834224026,50.50245885543298],[-119.34882151297889,50.50625436233455],[-119.35061062419258,50.50677706193722],[-119.34650972867884,50.50771414866558],[-119.34875523062932,50.50948585691661],[-119.34904067652901,50.51498986728731],[-119.32747651987052,50.51479909072738]]]},"bbox":[-119.35061062419258,50.469983350380474,-119.26317969514494,50.51498986728731]},{"id":"5939807","type":"Feature","properties":{},"geometry":{"type":"Polygon","coordinates":[[[-119.46854239701653,50.934733817757326],[-119.46071627766469,50.934713845623115],[-119.4600414755488,50.91636641097589],[-119.46739806552382,50.91622242353063],[-119.46801691123504,50.90155713145692],[-119.47504992487768,50.90274715388157],[-119.48185260603321,50.901757369775495],[-119.4901515015915,50.90693286318819],[-119.50388882372731,50.9097599704712],[-119.50286961976583,50.910392260192744],[-119.50500702278933,50.91047346925714],[-119.50331862178555,50.91373777396033],[-119.50482662902229,50.915055169651545],[-119.51109687274156,50.914337577404865],[-119.51091092546656,50.92043802271236],[-119.49608731931221,50.92001987333004],[-119.4962807000955,50.92732695022264],[-119.48748949391737,50.92752254548354],[-119.48715114341992,50.93474609917455],[-119.46854239701653,50.934733817757326]]]},"bbox":[-119.51109687274156,50.90155713145692,-119.4600414755488,50.93474609917455]},{"id":"5939808","type":"Feature","properties":{},"geometry":{"type":"Polygon","coordinates":[[[-119.30806421830856,50.70416816402328],[-119.3081406215026,50.70285225778462],[-119.31304995265094,50.702705317846714],[-119.3127954055926,50.69901113330919],[-119.34302446747462,50.6989101497551],[-119.34289952957357,50.72028141501344],[-119.31475910065143,50.72068118860669],[-119.31389361544772,50.71611306686914],[-119.30650511469854,50.71134056477998],[-119.3098171056224,50.7066776553069],[-119.30806421830856,50.70416816402328]]]},"bbox":[-119.34302446747462,50.6989101497551,-119.30650511469854,50.72068118860669]},{"id":"5939811","type":"Feature","properties":{},"geometry":{"type":"MultiPolygon","coordinates":[[[[-119.30104713798237,50.71038626400415],[-119.29854732501808,50.70938364989256],[-119.303182121438,50.70973256958932],[-119.30241202202465,50.70586297370435],[-119.29746472714865,50.70494296649195],[-119.3047101116243,50.70305586377266],[-119.30555832801068,50.701006457424064],[-119.30377530742354,50.699862854088664],[-119.29162642801163,50.70485227322253],[-119.2916809869586,50.698689884156806],[-119.29881036092165,50.69756319874105],[-119.29861791443243,50.69369844754999],[-119.31209171302075,50.69355867922889],[-119.31304995265094,50.702705317846714],[-119.30800220386986,50.70233385952053],[-119.30760142763938,50.70484186273319],[-119.30927004286943,50.70681436624931],[-119.30493081240901,50.71100297577337],[-119.30104713798237,50.71038626400415]]],[[[-119.31560323863887,50.740733369402044],[-119.3122119375192,50.739226563241715],[-119.30942183792811,50.735791367880125],[-119.30897263333371,50.73187905547129],[-119.30547001430439,50.730104456092114],[-119.31140441312233,50.72657817803966],[-119.31475910065143,50.72068118860669],[-119.33049314192266,50.72037313429259],[-119.33148435393034,50.738214049735475],[-119.32228404934318,50.73838574316123],[-119.32317689159825,50.74691456192454],[-119.32209069677842,50.74843069060757],[-119.32348853453968,50.75063499456331],[-119.31995661016991,50.74852516065609],[-119.32040300558353,50.74549446754714],[-119.31560323863887,50.740733369402044]]]]},"bbox":[-119.33148435393034,50.69355867922889,-119.29162642801163,50.75063499456331]}],"bbox":[-119.70453126634072,50.40205146675873,-116.25645367026044,52.50001388471636]}