{"type":"FeatureCollection","features":[{"id":"5941005","type":"Feature","properties":{},"geometry":{"type":"Polygon","coordinates":[[[-121.30456736313724,51.66566489618677],[-121.30378319333147,51.67603391833421],[-121.28043263121758,51.67589552332647],[-121.27981844322966,51.661927653687634],[-121.26473406215517,51.66169179464132],[-121.26463337640217,51.66381135462514],[-121.24702084274418,51.66343210978799],[-121.24718957333782,51.65244549402115],[-121.23455957088896,51.65261549830572],[-121.2351474123821,51.62878295845884],[-121.30026535924483,51.62856647690756],[-121.30039470517352,51.622381543250626],[-121.28991668066044,51.62249781136827],[-121.28993136046729,51.62053178850016],[-121.28384226755993,51.620285227388074],[-121.28395312519058,51.617049498441766],[-121.26678867005032,51.616489593902116],[-121.26681338538347,51.599690364871776],[-121.29008679042735,51.599444189457984],[-121.29102411279048,51.61153533290669],[-121.36016711096798,51.61141357648255],[-121.35907094188724,51.63909175974133],[-121.36986720073027,51.639123948173456],[-121.37016678437458,51.63586965686698],[-121.38146494247974,51.636227678982635],[-121.38191911996799,51.6437802887544],[-121.39788421066176,51.64373557978116],[-121.39632850696175,51.66498763222391],[-121.30456736313724,51.66566489618677]]]},"bbox":[-121.39788421066176,51.599444189457984,-121.23455957088896,51.67603391833421]},{"id":"5941009","type":"Feature","properties":{},"geometry":{"type":"MultiPolygon","coordinates":[[[[-122.0370203662037,52.18832933319481],[-122.0373031343366,52.18580118987184],[-122.04326550346816,52.185934593594816],[-122.04373807042505,52.1802899155592],[-122.02348989403188,52.17014262173651],[-122.03906230701227,52.17030706055624],[-122.04889446995251,52.17805819933975],[-122.06694321127067,52.17875969378972],[-122.07732091035516,52.18456708779091],[-122.07832352483595,52.19672798328197],[-122.0757976241134,52.19864113148111],[-122.07028426130745,52.19755451045194],[-122.05046247387043,52.18591498424153],[-122.0370203662037,52.18832933319481]]],[[[-122.19447699567205,52.16198650809259],[-122.1937709528009,52.163926998915315],[-122.17232877295415,52.163628116781645],[-122.17295522221863,52.16596628690559],[-122.1689046348349,52.16868311202408],[-122.16892690260784,52.171420314151874],[-122.15765952777994,52.17150256754728],[-122.15781663792032,52.167530737366604],[-122.14707538629536,52.16738511000227],[-122.14656679450263,52.16287367648181],[-122.14862199537095,52.15459131059852],[-122.14424453364484,52.14979983642505],[-122.13164448808395,52.149932986577156],[-122.13155641904216,52.145980435289665],[-122.12912452571506,52.142563223338044],[-122.12918544294668,52.13539849103266],[-122.11794730507482,52.13546491289724],[-122.11763591184169,52.128173987408246],[-122.10613332595514,52.128361492431544],[-122.10647991169458,52.12441903576401],[-122.09101302653022,52.124586227978064],[-122.0908966942142,52.12783095230296],[-122.08362758543333,52.12778535358567],[-122.08045401382432,52.118654509403996],[-122.06482148861252,52.11537150358363],[-122.0641909071406,52.099766866534196],[-122.11764926066236,52.099764881725484],[-122.11978866951509,52.10681775459598],[-122.14772586041676,52.107163395675336],[-122.1504589584496,52.112213258322775],[-122.17049575623533,52.11451357162263],[-122.17021307969227,52.121285668832996],[-122.17545222496213,52.12103121511765],[-122.17515181316317,52.14588638915941],[-122.17785363307591,52.145978400394895],[-122.17813081253588,52.14338286463588],[-122.19195977832342,52.15159754116066],[-122.19307012495133,52.1551797547795],[-122.19696804256023,52.15594872266099],[-122.19691384523689,52.157667427912344],[-122.1938322568419,52.15761739080646],[-122.2017374336576,52.16099717027761],[-122.20142429627319,52.163947782341445],[-122.19447699567205,52.16198650809259]]]]},"bbox":[-122.2017374336576,52.099764881725484,-122.02348989403188,52.19864113148111]},{"id":"5941010","type":"Feature","properties":{},"geometry":{"type":"Polygon","coordinates":[[[-122.3510705309516,52.53062683159187],[-122.3400762826266,52.530535021398975],[-122.34088997209189,52.54238684596271],[-122.08607025174938,52.540388600872475],[-122.0854256912023,52.50344924222897],[-122.07202403273834,52.50334735627435],[-122.07162755209504,52.49885189622435],[-122.06426858954985,52.49908511487097],[-122.06488441593652,52.50593092056262],[-122.05931005110358,52.506150170736696],[-122.05829845312671,52.49999989729194],[-122.03992061363175,52.5004788929145],[-122.03925328348097,52.42680743918545],[-122.02364454500632,52.407110839775385],[-122.02405288363506,52.39042958830627],[-122.01159391036819,52.389819918725195],[-122.01345297499736,52.32217642152635],[-122.02441710906965,52.32198409169003],[-122.02410728766077,52.31384549450038],[-122.01468283974718,52.31352321247236],[-122.01581569223127,52.26279224822757],[-122.07555889346752,52.264236408480386],[-122.07501706764452,52.271022241538226],[-122.12250673726491,52.271994599819045],[-122.12189571961095,52.281645862463186],[-122.14613282090926,52.28227768372889],[-122.14372456893399,52.27249684060746],[-122.14486172785149,52.259805142865225],[-122.09206127519779,52.25814498642688],[-122.09457820872616,52.24303664121979],[-122.04405962858937,52.24219160833851],[-122.04459249104617,52.23527320033676],[-122.07006448032743,52.21465217566624],[-122.06835528059736,52.19635625798481],[-122.0757976241134,52.19864113148111],[-122.07832352483595,52.19672798328197],[-122.07732091035516,52.18456708779091],[-122.06651151108298,52.178586902610625],[-122.04889446995251,52.17805819933975],[-122.04348639701875,52.17465177220296],[-122.04460515248208,52.141493774467655],[-122.06890345822639,52.14181331858713],[-122.0684504837069,52.13526085653957],[-122.09060779020825,52.135576177978756],[-122.09101302653022,52.124586227978064],[-122.10647991169458,52.12441903576401],[-122.10613332595514,52.128361492431544],[-122.11763591184169,52.128173987408246],[-122.11794730507482,52.13546491289724],[-122.12918544294668,52.13539849103266],[-122.12912452571506,52.142563223338044],[-122.13155641904216,52.145980435289665],[-122.13164448808395,52.149932986577156],[-122.14424453364484,52.14979983642505],[-122.14892188478082,52.15517620388939],[-122.14656679450263,52.16287367648181],[-122.14707538629536,52.16738511000227],[-122.15781663792032,52.167530737366604],[-122.15765952777994,52.17150256754728],[-122.16892690260784,52.171420314151874],[-122.1689046348349,52.16868311202408],[-122.17295522221863,52.16596628690559],[-122.17232877295415,52.163628116781645],[-122.1937709528009,52.163926998915315],[-122.19378815635494,52.16181887807457],[-122.20142429627319,52.163947782341445],[-122.2017374336576,52.16099717027761],[-122.1938322568419,52.15761739080646],[-122.19691384523689,52.157667427912344],[-122.19696804256023,52.15594872266099],[-122.19236344485203,52.15467808175187],[-122.19196052681163,52.15160425829127],[-122.23896388411303,52.15706706051053],[-122.27238504632093,52.15769622107932],[-122.2742985877986,52.176405006763034],[-122.26965699522033,52.2003229004659],[-122.27063040178031,52.20578468674535],[-122.27655707340847,52.211643895944086],[-122.27976788886956,52.21949700592517],[-122.27577891348882,52.232259289364194],[-122.26405140347939,52.252860487080916],[-122.26406112498759,52.25932930541862],[-122.26955149833547,52.26826340721169],[-122.2723032182346,52.281811957362],[-122.2888339832596,52.29693699112613],[-122.28643751078859,52.303434194420475],[-122.27839559701181,52.31225150158272],[-122.27601149001478,52.32021990560877],[-122.28201869814019,52.32664310511778],[-122.28264468967996,52.333842511059956],[-122.28496873830005,52.33789463196823],[-122.28944602238106,52.34111449898377],[-122.33523980992202,52.35207519386934],[-122.35664910003807,52.35402929960826],[-122.37449641974364,52.362328095724],[-122.37574818565753,52.365793993705736],[-122.37288437527194,52.371125296138196],[-122.37312928984935,52.3756744145129],[-122.37611448484144,52.37859120004287],[-122.38267438713198,52.38036289723957],[-122.38979039798937,52.388119115165196],[-122.3918941239248,52.40235120392539],[-122.39132310237288,52.408825691050964],[-122.398930979917,52.417711900307864],[-122.40137882905745,52.429796178270095],[-122.41024483712079,52.44763659165576],[-122.43460039747401,52.47791649670012],[-122.43177327485309,52.486874993928154],[-122.43290827555556,52.49492769620397],[-122.44090569947276,52.51402071198057],[-122.44322140217842,52.526021104970944],[-122.44852760117107,52.53651889498832],[-122.45271572122053,52.53936721901769],[-122.38743831245213,52.54300749915554],[-122.35754033368384,52.541865681590366],[-122.35579701821032,52.54102905208146],[-122.35596422959186,52.53066733260501],[-122.3510705309516,52.53062683159187]],[[-122.277958524865,52.332808753396876],[-122.2787771914801,52.331142059565906],[-122.28060663478415,52.33125376470041],[-122.28078052692047,52.32687817706996],[-122.2747208276554,52.31875875988441],[-122.2778099212817,52.3137868785606],[-122.27791611543498,52.31058358523942],[-122.25556924329227,52.310756123050155],[-122.25416632619445,52.327670222674584],[-122.25542558488864,52.3300156389202],[-122.25411035892351,52.33292245250852],[-122.28145020234227,52.334564753060604],[-122.28083420715973,52.332890040751174],[-122.277958524865,52.332808753396876]]]},"bbox":[-122.45271572122053,52.12441903576401,-122.01159391036819,52.54300749915554]},{"id":"5941012","type":"Feature","properties":{},"geometry":{"type":"Polygon","coordinates":[[[-122.1866125728943,52.14843394456863],[-122.17813081253588,52.14338286463588],[-122.17785363307591,52.145978400394895],[-122.17515181316317,52.14588638915941],[-122.17545222496213,52.12103121511765],[-122.17021307969227,52.121285668832996],[-122.17049575623533,52.11451357162263],[-122.1504589584496,52.112213258322775],[-122.14772586041676,52.107163395675336],[-122.11978866951509,52.10681775459598],[-122.11764926066236,52.099764881725484],[-122.0641909071406,52.099766866534196],[-122.06482148861252,52.11537150358363],[-122.02921683504339,52.11064455923449],[-122.02922125943562,52.10560578689087],[-122.0140286333826,52.106553717247095],[-122.01536702799186,52.105305369247766],[-122.01325643664448,52.10435257003889],[-122.01364683168447,52.10318757916033],[-122.01185801785316,52.10355077567805],[-122.0129534099112,52.10287567287958],[-122.01192100741503,52.10198556339399],[-122.0082662095294,52.102962178949035],[-122.00650642604793,52.101412505322784],[-122.00551384208644,52.09277721196545],[-122.00280061555013,52.09334916608259],[-122.00058494203267,52.087918665692804],[-121.98840120249221,52.087782268929594],[-121.98715994562184,52.06688125481623],[-121.9523247467678,52.06691817873501],[-121.95097821351325,52.058148866669214],[-121.93939676544005,52.058194282057144],[-121.93858829133393,52.05215507290858],[-121.92805627713376,52.05245607491447],[-121.92812952932384,52.04342515961173],[-121.91328090405872,52.04341165382714],[-121.91271043008399,52.034106604941236],[-121.90253728718508,52.03584653917037],[-121.90148231997252,52.02088317428585],[-121.89063031928654,52.02179805132094],[-121.89043906148639,52.014297493007824],[-121.87610220411219,52.01403863825708],[-121.87716203852692,52.00596293902389],[-121.89202445016163,52.00580484553375],[-121.89149214970647,51.99995593133992],[-121.88311435118,51.99997083550339],[-121.8839398583013,51.99212075635262],[-121.85476869588163,51.99312200111861],[-121.85591285074578,51.98616013181367],[-121.83896407456338,51.985551107755235],[-121.83577249128668,51.87581873536978],[-121.97813602398398,51.87556377734146],[-121.97827902463257,51.86401508608545],[-121.97112506840848,51.86372327282899],[-121.97191577685163,51.854927988913225],[-121.97889192804851,51.85500536524196],[-121.97965557319161,51.801656160904244],[-121.97507464620374,51.80168414099728],[-121.97549980084722,51.79413077936798],[-121.97934240969946,51.794051021375004],[-121.97877671526432,51.73217845258164],[-121.95504477653552,51.73186089849435],[-121.95481125233252,51.70209281202166],[-121.94940648906493,51.69139432096059],[-121.94103842703622,51.639769410054285],[-121.9487520504494,51.57246286783822],[-121.94636410018614,51.517001607227044],[-122.17903912900688,51.51611026697578],[-122.17911171798595,51.54444623375051],[-122.21928073140593,51.54483239961729],[-122.21918772113266,51.552108439128936],[-122.25473766995029,51.553643020058274],[-122.29164348120621,51.552939024172396],[-122.29656949326103,51.55982170798726],[-122.29488929760997,51.57075539781897],[-122.29818079534274,51.574072393681256],[-122.2939110898836,51.58462010702081],[-122.30343508358564,51.59755900837149],[-122.30958800482699,51.602612091551435],[-122.30744298187946,51.60808540694171],[-122.3080946030325,51.6124989936444],[-122.3142293893185,51.619110211108996],[-122.32058090056019,51.622195003853484],[-122.32311459116912,51.62520011350429],[-122.32723350767309,51.634028709012426],[-122.32815557713717,51.63991069387321],[-122.32424791892088,51.644463903453484],[-122.3243007852117,51.64736220588375],[-122.33759681756803,51.656670793999254],[-122.33557829195811,51.66272230701837],[-122.33663158748156,51.6656006048114],[-122.34195560389759,51.668739609406],[-122.34916399243005,51.680351209058806],[-122.35976100034692,51.689946103077446],[-122.35737820460601,51.697471601633275],[-122.35150738647508,51.70347320372454],[-122.36335600289416,51.720535206661545],[-122.39353060014653,51.72880559301967],[-122.39844320739745,51.73222259604554],[-122.39939661055233,51.74236410071059],[-122.39086380362917,51.755143487239906],[-122.38861252025262,51.7711871961349],[-122.39354300537654,51.77573899379034],[-122.39338098859876,51.78384131278969],[-122.40583758725519,51.792506202933566],[-122.40384401066366,51.80184330530001],[-122.40709870105715,51.80747751055414],[-122.40876191194391,51.81959149807262],[-122.40318388578258,51.82520459151453],[-122.40053449847262,51.83392650779831],[-122.4000965879728,51.836527106640894],[-122.40264590819001,51.84056050242011],[-122.4023491046224,51.84863858946791],[-122.39015389114225,51.854046311549055],[-122.38595110276333,51.85805400754156],[-122.39204411601678,51.86566220661435],[-122.40095310513553,51.87137610609683],[-122.40241291062857,51.87608018554853],[-122.40154739863905,51.877695301632386],[-122.3960046910198,51.88019910267567],[-122.35404039168428,51.879313190550484],[-122.32824020442497,51.88523649142941],[-122.31938430341177,51.89241450048235],[-122.30625220778951,51.89909119763157],[-122.2956938885728,51.9156063089337],[-122.28763379175948,51.919726610223655],[-122.2788115946402,51.921784615899945],[-122.27110890879504,51.93005488928472],[-122.269539320513,51.93385900755433],[-122.2690612052818,51.94005289567122],[-122.27404298377745,51.94705149312591],[-122.27701959689063,51.959367994903076],[-122.27550059716674,51.966937697233625],[-122.27273679093912,51.97020341332027],[-122.27553913009237,51.98384106881778],[-122.27501700551996,51.9945530356704],[-122.26509955052055,52.01427528323894],[-122.27051802381875,52.03405388760228],[-122.27044511304916,52.04203697327849],[-122.28006439643087,52.05288717971725],[-122.27593532139907,52.057214926458045],[-122.27810308199112,52.0708808040066],[-122.27484121779715,52.08579649930999],[-122.28439620235153,52.10635210112263],[-122.28310887401348,52.126100195485066],[-122.2811664095567,52.12828778719834],[-122.27823051862433,52.13994349793769],[-122.26942969480403,52.15096261516241],[-122.27238504632093,52.15769622107932],[-122.23896388411303,52.15706706051053],[-122.19196052681163,52.15160425829127],[-122.1866125728943,52.14843394456863]],[[-122.10508222753798,51.84494282773298],[-122.12407555247036,51.84530723835642],[-122.12304424221834,51.83742804207363],[-122.10454051235791,51.83841248805302],[-122.10508222753798,51.84494282773298]],[[-122.2143036837803,51.58403776937885],[-122.21192755196778,51.58591699554959],[-122.21156821731776,51.58280294239328],[-122.19368330823006,51.58296518548704],[-122.1940618921669,51.591257954683186],[-122.21621841966487,51.591239069376805],[-122.21628466700712,51.58524180551745],[-122.2143036837803,51.58403776937885]],[[-122.0837065388076,51.589775629888486],[-122.07972773630297,51.58970488827155],[-122.07916451780017,51.60056185526782],[-122.10541253653273,51.60108039625974],[-122.1056668968682,51.59016313492737],[-122.0837065388076,51.589775629888486]],[[-122.20447070901189,51.793782262429005],[-122.2351865450432,51.794299916984556],[-122.23545130772541,51.79016219908051],[-122.24303260520358,51.789946654212166],[-122.24780424227681,51.78727152990756],[-122.24771962211163,51.78427795777956],[-122.21922774496359,51.78590657260442],[-122.20553764060001,51.78509469662584],[-122.20447070901189,51.793782262429005]],[[-122.17010907672862,51.82804763504536],[-122.15692154002915,51.828242310089315],[-122.15465897641602,51.84310840888632],[-122.16973028848294,51.8432891417828],[-122.17236018486287,51.84146702370167],[-122.1813716325816,51.84231958398884],[-122.18462497546945,51.82804495441964],[-122.17010907672862,51.82804763504536]],[[-122.11484325002684,51.82899919847309],[-122.12322854276499,51.82925036389646],[-122.12280096038512,51.82573218453242],[-122.13561135471058,51.82572582424801],[-122.13601069892917,51.821949734606406],[-122.12184910503758,51.821823735135865],[-122.12196333482677,51.81901044297859],[-122.11033831339995,51.819576195036355],[-122.108393515586,51.81529709261146],[-122.0832856285963,51.81489994258559],[-122.08424694766475,51.82613657965099],[-122.10968374199668,51.82520064484706],[-122.11016690197707,51.82904459070541],[-122.11484325002684,51.82899919847309]],[[-122.1081019749899,51.86142642397099],[-122.1080904912875,51.8478234288178],[-122.10130244302724,51.847772418475245],[-122.10139282536889,51.84169497088177],[-122.07836787747195,51.841742037005645],[-122.07837565820385,51.84776221706821],[-122.07347603254613,51.84778269990062],[-122.0738630732053,51.861887629077515],[-122.1081019749899,51.86142642397099]]]},"bbox":[-122.40876191194391,51.51611026697578,-121.83577249128668,52.15769622107932]},{"id":"5941013","type":"Feature","properties":{},"geometry":{"type":"Polygon","coordinates":[[[-122.50444140091959,53.033807098588035],[-122.5009418179736,53.030745396141995],[-122.50126464168103,53.02340455423667],[-122.49558980408663,53.01579639478097],[-122.49005617861528,53.0158976564509],[-122.48992948151225,53.004610595867895],[-122.48200519521869,53.00671440456541],[-122.46840167771195,53.00532800099222],[-122.45568731916546,52.99861789630343],[-122.44094429005916,52.99638471388365],[-122.40117426612599,52.99574715035152],[-122.40168579505224,52.98709662031846],[-122.39561524715751,52.987077408781595],[-122.39626261411317,52.97479330948506],[-122.40202311228931,52.974867396622535],[-122.40418036560668,52.966996203255626],[-122.40902800921035,52.96713456534742],[-122.41207621240598,52.969859011325845],[-122.42253974373216,52.968040355900314],[-122.4170488907145,52.966529545070216],[-122.41317709570086,52.96146356796965],[-122.44360829483796,52.960733643961326],[-122.44294398340588,52.96456042092815],[-122.44608531945055,52.964561003390386],[-122.44608414196001,52.967522031052255],[-122.44211963454491,52.96753781545541],[-122.44088620397713,52.97467884854011],[-122.43973879026342,52.97475980865527],[-122.45173951287026,52.97853590361989],[-122.46387287738288,52.978716194514206],[-122.46444408704451,52.968448200760974],[-122.49985506591644,52.96876450643334],[-122.51041823297953,52.959110363489835],[-122.511737435417,52.955599673676275],[-122.50629480599646,52.95236816434811],[-122.48215017340787,52.95031585692843],[-122.48265371335475,52.939446674469316],[-122.49065296203476,52.93980793080644],[-122.48973028808743,52.94309649239191],[-122.491395799518,52.94546780916668],[-122.50414448308571,52.94934879921298],[-122.51293981362195,52.954164253796456],[-122.51767858219748,52.95448282436393],[-122.52184198351279,52.959453996286314],[-122.52215685052222,52.97129444227216],[-122.5308628918163,52.97141446078754],[-122.53101510200506,52.973533935870755],[-122.53641752966809,52.97465872476045],[-122.53811419533899,52.97830306436903],[-122.53944503300261,52.97833747966971],[-122.53931458093834,52.985113962669466],[-122.52676230264994,52.98497894375124],[-122.52679806074116,52.98766346669624],[-122.51480119229586,52.98803314866356],[-122.51608463929394,52.99101891609786],[-122.52700360053551,52.99078876848479],[-122.52768717458895,52.994732336359725],[-122.52008852947304,52.994823554505835],[-122.52323798552595,52.99669323834798],[-122.52151324666652,52.99774769113479],[-122.52381672776957,53.00033996648979],[-122.52125233854552,53.00196436445006],[-122.51499492886154,52.99760339711434],[-122.5119109264119,53.00080809595751],[-122.51353097427548,53.00397575939812],[-122.51868785610986,53.00640469599616],[-122.5186497019809,53.00953952431343],[-122.52253216451399,53.01524028564685],[-122.52838050393713,53.0151914761319],[-122.52688719401866,53.019112201231685],[-122.53005077181096,53.02646433893764],[-122.52155060717449,53.02666579086636],[-122.52579660999841,53.03095079988474],[-122.52559464509017,53.033817005031544],[-122.50444140091959,53.033807098588035]],[[-122.43228473581378,52.973157972164934],[-122.43206878702742,52.96950800883418],[-122.42534327861853,52.96932346074952],[-122.42691042512618,52.97028786161929],[-122.42623285221342,52.97291499568037],[-122.43228473581378,52.973157972164934]],[[-122.50345799798902,52.99177100268333],[-122.50172929524973,52.98775365025525],[-122.49311109495297,52.98795185692327],[-122.49786190554227,52.991901660869885],[-122.50345799798902,52.99177100268333]]]},"bbox":[-122.53944503300261,52.939446674469316,-122.39561524715751,53.033817005031544]},{"id":"5941014","type":"Feature","properties":{},"geometry":{"type":"Polygon","coordinates":[[[-122.18497033780136,52.71409686374139],[-121.94070448258412,52.714497850551325],[-121.93817449500224,52.74313733363749],[-121.75890678491922,52.742037466574],[-121.71930169279292,52.73286499619839],[-121.69396349125765,52.71982518414785],[-121.65545049220098,52.7383783499914],[-121.59934326717656,52.72512876257691],[-121.58201725144797,52.739402924986145],[-121.59910314185814,52.753242986581185],[-121.60483123969246,52.76899212771274],[-121.6103430275008,52.77471020852373],[-121.61648326102603,52.785173914156026],[-121.61444770722966,52.78983630080128],[-121.61048198493839,52.793517554653036],[-121.6029646705958,52.79693675455454],[-121.5911283882783,52.80717268567396],[-121.59500502621677,52.81137337039979],[-121.62041125953935,52.8240253429846],[-121.61310005526956,52.83613579173857],[-121.61438199968015,52.849211696234384],[-121.60454000873261,52.86052157193749],[-121.5787515906644,52.857155121223904],[-121.56399928877086,52.86703622063428],[-121.52964517171235,52.86940859560412],[-121.50421644646904,52.86288368356517],[-121.491029558841,52.86127859695439],[-121.47858160167715,52.84667347254893],[-121.47341361190408,52.84578549715555],[-121.46781688019041,52.84884407250379],[-121.45255529348228,52.866541035140834],[-121.4425327183089,52.87229572177525],[-121.42273993961602,52.87563787423168],[-121.38106885624931,52.87223746900386],[-121.34381520823756,52.871145174569115],[-121.336115999714,52.875482941230224],[-121.33375243441986,52.88122688303983],[-121.3241084833873,52.88563263668684],[-121.31057817863757,52.894986263642025],[-121.29563314528411,52.89843711473731],[-121.28183973573904,52.89906717102204],[-121.24198724746623,52.92615420750063],[-121.2273595868711,52.9289924949713],[-121.19201972982154,52.92529106917769],[-121.18789312623268,52.92079626593666],[-121.18719380765533,52.91655927345709],[-121.1803212395918,52.91373936215316],[-121.18089441470134,52.911077478640586],[-121.17931378785386,52.90895419240474],[-121.17151989593582,52.91458381148021],[-121.17397350697696,52.91961979322161],[-121.16889781394798,52.930362600954865],[-121.17319290615269,52.93356708913329],[-121.17301551717145,52.936772706069654],[-121.17125830944035,52.9383351948406],[-121.17914679240876,52.93703358807967],[-121.1816934138023,52.93850079791884],[-121.17941007973903,52.94129630354698],[-121.17495618260413,52.94285808332239],[-121.14276654228391,52.93947180262126],[-121.13186360641657,52.92578255577085],[-121.12041158392134,52.86975308662138],[-121.07250666966709,52.875311135564345],[-121.0571955304046,52.88307533448479],[-120.9952692580677,52.88042876568805],[-120.93457611922328,52.857649146099824],[-120.88723686875696,52.886747153656],[-120.84365732568963,52.901920945757595],[-120.80786883341722,52.899509243501264],[-120.78959141756887,52.908463393846574],[-120.73765349739242,52.90796539072654],[-120.72283255036817,52.89695318264159],[-120.71134175161373,52.90033937406597],[-120.7017847317334,52.905519988376724],[-120.69000974152519,52.92258753839133],[-120.68221059203853,52.928134137617576],[-120.67169286366752,52.93152205507768],[-120.66339577924965,52.93218641181519],[-120.60390206468846,52.91196306558405],[-120.59209715764518,52.9106964126035],[-120.57984825437076,52.91192243173284],[-120.57146110700916,52.916742614461775],[-120.56980276148298,52.920182308459914],[-120.59458650512285,52.940249522951426],[-120.59257164794448,52.946306117141994],[-120.57690320965334,52.95000729098795],[-120.55725614212642,52.95166710013349],[-120.5351807319908,52.955869831358626],[-120.53357707037601,52.96250780737316],[-120.544901165913,52.97613015648914],[-120.54107082135742,52.980872299973605],[-120.53606100092995,52.983841997002415],[-120.5215615397495,52.986424068854724],[-120.5101996912616,52.991137386034374],[-120.50228304487463,52.99107844387842],[-120.49478053846713,52.98145081342076],[-120.48990672329064,52.98227237700818],[-120.48328755614651,52.9898522037145],[-120.47577527518143,52.99179241186217],[-120.46718276665965,52.988791776666204],[-120.45312671099869,52.993257037519186],[-120.44110188635626,52.97859447840575],[-120.43420133278131,52.9726257647554],[-120.41852747871482,52.965322874417886],[-120.41123841269908,52.96430154868521],[-120.3854003922363,52.9663247314693],[-120.37676277450535,52.96476641079297],[-120.37187991120858,52.962106850450944],[-120.36440896971857,52.95500539839226],[-120.35874782968817,52.94589579639796],[-120.35309512082215,52.94030662909092],[-120.3415232159311,52.93306042839593],[-120.33843793815264,52.92738895992837],[-120.3008384658918,52.92119882753725],[-120.29393473908463,52.92373062037117],[-120.28578497855497,52.923417849402774],[-120.27548665213557,52.925682408119286],[-120.26935085457703,52.92886662517274],[-120.248094303957,52.921119999499815],[-120.2271296233907,52.91831506925523],[-120.2172754829532,52.92223384862872],[-120.2156616191371,52.92812166814442],[-120.20832972955232,52.93283907544779],[-120.20128670941132,52.93251321064502],[-120.18784202554731,52.924017457311926],[-120.18048895458257,52.9223323768507],[-120.1759204728705,52.922433420888],[-120.1703697298063,52.92495357945814],[-120.16390895087281,52.92392407186495],[-120.15912525602265,52.92134381503284],[-120.16691130688953,52.91419501841653],[-120.16586750782346,52.89850995539702],[-120.1619519356023,52.89301630908473],[-120.14658695411791,52.884603669615444],[-120.14254549515822,52.87674077676684],[-120.16526810922512,52.86197402984568],[-120.17725338344198,52.86003454844068],[-120.2121427859899,52.87633176929841],[-120.21836570576122,52.87786898630374],[-120.22558610292364,52.87305906323299],[-120.22775337056991,52.868193718283294],[-120.23254268649892,52.86347904187662],[-120.24250451118975,52.86150981019311],[-120.25953702362852,52.85961602091395],[-120.26817005367444,52.861665329665115],[-120.28273102836793,52.86866898936327],[-120.29880504985499,52.86492474553382],[-120.31292257361535,52.85871318578156],[-120.31633380771584,52.85227007709197],[-120.33202657058904,52.83983875262011],[-120.33422840070462,52.833139098833925],[-120.30243816161344,52.81511016981635],[-120.33969642503156,52.78823364124383],[-120.33423831455677,52.78133859112981],[-120.308273838557,52.780112513214405],[-120.29036270157016,52.771992905802925],[-120.29362712219557,52.763473527395114],[-120.2737805269523,52.745923223448976],[-120.29369414921338,52.72560440536078],[-120.28888139440201,52.7214023435936],[-120.27569723378315,52.71797143225241],[-120.27018467274657,52.715030680462434],[-120.26911949907429,52.712880467126745],[-120.28689765920448,52.705012632138704],[-120.27519744017692,52.69609565353893],[-120.26826702598046,52.688256311053344],[-120.25491478117763,52.684126878418766],[-120.25438352395034,52.67735099528726],[-120.28972766125678,52.65775472928506],[-120.23527869566342,52.63471393316077],[-120.23403759136492,52.62799322284918],[-120.2376945586058,52.620765620175824],[-120.24458548412404,52.621508439455916],[-120.25150749815313,52.61962004102197],[-120.25428571032768,52.61534962101074],[-120.267893669089,52.60830988865632],[-120.29367798371244,52.6076265447896],[-120.29297914914476,52.59702542826403],[-120.29055570035479,52.58970273371939],[-120.29158060271935,52.58735904405883],[-120.30312702515492,52.588355023938405],[-120.30634443762078,52.58515033957057],[-120.30461122005462,52.577187831766004],[-120.3161700357051,52.56635665619058],[-120.32555191351773,52.57221014407238],[-120.333210153148,52.566752894292605],[-120.33370439840871,52.558283641531446],[-120.34146670699582,52.55235630977381],[-120.36301267280037,52.528142096615454],[-120.37126678532846,52.52921770326646],[-120.38965116034319,52.53708761656493],[-120.40767781803922,52.534483468532876],[-120.41803932526125,52.52792697594233],[-120.44110695325459,52.517184617373694],[-120.44972643346591,52.51055158352576],[-120.46247751491202,52.51065797253134],[-120.50940186029794,52.49474459377387],[-120.53276337399068,52.47898582815005],[-120.5385497721812,52.473324406323606],[-120.54215054947827,52.466116495649324],[-120.53886335231942,52.461678297244944],[-120.53124293394531,52.45720498190142],[-120.50900901998614,52.45119748562395],[-120.50497558047819,52.44581104165713],[-120.49948022816469,52.443706027150945],[-120.50000194876736,52.441651419959896],[-120.48471707771829,52.435639161296315],[-120.45922038869539,52.42124218386799],[-120.45980344817315,52.41171815935837],[-120.47260477735172,52.405885138160485],[-120.49115489347808,52.40039123995592],[-120.513243574721,52.38821844394408],[-120.52109016236938,52.37975308598902],[-120.52741544421384,52.36033667101077],[-120.52694433262567,52.34980588204143],[-120.5175491236914,52.34396586126726],[-120.53485097425236,52.32940096332579],[-120.51948780882327,52.32445315188488],[-120.51281944327758,52.32627771200163],[-120.5078491133647,52.325118780712934],[-120.48947953942623,52.31726038870865],[-120.46647275647148,52.30441953498736],[-120.47139058849726,52.298287196554305],[-120.4795466352121,52.292945927875],[-120.48121412865497,52.28631566577131],[-120.49150006712577,52.288514462950154],[-120.49348080442974,52.280475580797656],[-120.48269379101963,52.27797211204761],[-120.45202887636145,52.245978857736134],[-120.43709281078226,52.238749717201316],[-120.43668097169245,52.236104663239544],[-120.44118428999734,52.232154070160895],[-120.42939878011775,52.223482460189544],[-120.42465188959729,52.218334220185845],[-120.42075196459744,52.21002364351586],[-120.40829822753628,52.20745120128095],[-120.40102706130182,52.20785918523527],[-120.3950996842354,52.20422568320096],[-120.39162494693748,52.19404058204773],[-120.39535649770524,52.193375661837536],[-120.39374492591153,52.18974901040625],[-120.39020081765496,52.18868863218803],[-120.38768074059695,52.184549836711895],[-120.38695603531326,52.17854878877407],[-120.39292813261824,52.16979313781997],[-120.40144705748612,52.166189595904825],[-120.40761227715676,52.14425795056399],[-120.39569864240913,52.14145452643109],[-120.38754754701915,52.13744511818743],[-120.88619029339219,52.13593005875386],[-120.88371530812906,51.991608433458964],[-121.20399219480251,51.992323777304655],[-121.21035459950951,52.07086901343296],[-121.29777799589704,52.072590756682885],[-121.30184791566356,52.07469629926052],[-121.301172865632,52.07265611694671],[-121.3731238251919,52.074909683894106],[-121.3902191759404,52.0738002270842],[-121.5555187787204,52.08039160225089],[-121.55493122841581,51.99194381382409],[-121.69631160335378,51.99182357542437],[-121.69604768596668,51.98672031420881],[-121.70847848204332,51.986789293204716],[-121.70793473442006,51.991271856855974],[-121.82947399760614,51.99224779743158],[-121.83067809481501,51.98521889262052],[-121.85591285074578,51.98616013181367],[-121.85476869588163,51.99312200111861],[-121.8839398583013,51.99212075635262],[-121.88311435118,51.99997083550339],[-121.89149214970647,51.99995593133992],[-121.89202445016163,52.00580484553375],[-121.87716203852692,52.00596293902389],[-121.87610220411219,52.01403863825708],[-121.89043906148639,52.014297493007824],[-121.89063031928654,52.02179805132094],[-121.90148231997252,52.02088317428585],[-121.90253728718508,52.03584653917037],[-121.91271043008399,52.034106604941236],[-121.91328090405872,52.04341165382714],[-121.92812952932384,52.04342515961173],[-121.92805627713376,52.05245607491447],[-121.93858829133393,52.05215507290858],[-121.93939676544005,52.058194282057144],[-121.95097821351325,52.058148866669214],[-121.9523247467678,52.06691817873501],[-121.98715994562184,52.06688125481623],[-121.98840120249221,52.087782268929594],[-121.95711080216753,52.08756756535327],[-121.9540293904415,52.11804048660112],[-121.95614658485756,52.1204395258003],[-121.97641785251166,52.124303140294366],[-122.00690199806483,52.12431610695387],[-122.00723138117712,52.12560846301271],[-122.01376913145513,52.12566341770137],[-122.01384001754968,52.124313990432896],[-122.02934507298403,52.12426839505772],[-122.02910661751085,52.11945357606742],[-122.03365346499072,52.11817075405775],[-122.02422173446372,52.11641136632518],[-122.02103251384546,52.113993076973685],[-122.02064631305518,52.11165307552962],[-122.02518404308222,52.11178836808494],[-122.02199181550125,52.10951536408022],[-122.02215543548795,52.10736765856284],[-122.02556283717624,52.10984145870655],[-122.02908101522462,52.10836902104377],[-122.02921683504339,52.11064455923449],[-122.05672089863867,52.11344648431613],[-122.08045401382432,52.118654509403996],[-122.08362758543333,52.12778535358567],[-122.0908966942142,52.12783095230296],[-122.09060779020825,52.135576177978756],[-122.0684504837069,52.13526085653957],[-122.06890345822639,52.14181331858713],[-122.04460515248208,52.141493774467655],[-122.04347604523484,52.173411286136385],[-122.03906230701227,52.17030706055624],[-122.02348989403188,52.17014262173651],[-122.04373807042505,52.1802899155592],[-122.04326550346816,52.185934593594816],[-122.0373031343366,52.18580118987184],[-122.0370203662037,52.18832933319481],[-122.05046247387043,52.18591498424153],[-122.06835528059736,52.19635625798481],[-122.07008640405341,52.214492015756186],[-122.04459249104617,52.23527320033676],[-122.04202707942383,52.26345878751878],[-122.01581569223127,52.26279224822757],[-122.01468283974718,52.31352321247236],[-122.02410728766077,52.31384549450038],[-122.02441710906965,52.32198409169003],[-122.01345297499736,52.32217642152635],[-122.01159391036819,52.389819918725195],[-122.02405288363506,52.39042958830627],[-122.02364454500632,52.407110839775385],[-122.03925328348097,52.42680743918545],[-122.03992061363175,52.5004788929145],[-122.05829845312671,52.49999989729194],[-122.05931005110358,52.506150170736696],[-122.06488441593652,52.50593092056262],[-122.06426858954985,52.49908511487097],[-122.07162755209504,52.49885189622435],[-122.07202403273834,52.50334735627435],[-122.0854256912023,52.50344924222897],[-122.08607025174938,52.540388600872475],[-122.23378514657063,52.54168513607848],[-122.23187297676928,52.54662208862509],[-122.22409421221316,52.554153141470195],[-122.20564451437384,52.56819216655225],[-122.20755566621149,52.5735488331825],[-122.21557815905231,52.58241488159436],[-122.24993208379445,52.606080080728944],[-122.24428715174972,52.612824479510564],[-122.2301109457843,52.612718444231675],[-122.22553991568797,52.61427267182959],[-122.224153084885,52.61896695498523],[-122.225883730314,52.62476314024553],[-122.23560813995002,52.63455860716578],[-122.23696476299816,52.63888761170386],[-122.23446325811963,52.64751963779748],[-122.23478777743301,52.65674136953224],[-122.23679875328567,52.66380490711825],[-122.2469538071522,52.67530628380368],[-122.24811324693887,52.688294903076404],[-122.24478401989737,52.693400643215625],[-122.23800729383976,52.69783685282224],[-122.22185732721778,52.70233984741329],[-122.19287073404816,52.70413909287501],[-122.18802339221614,52.714133947777086],[-122.18497033780136,52.71409686374139]]]},"bbox":[-122.24993208379445,51.98521889262052,-120.14254549515822,52.993257037519186]},{"id":"5941015","type":"Feature","properties":{},"geometry":{"type":"Polygon","coordinates":[[[-121.50997328583476,52.07827105275211],[-121.50839496172338,52.079458769710605],[-121.3902191759404,52.0738002270842],[-121.3731238251919,52.074909683894106],[-121.301172865632,52.07265611694671],[-121.30184791566356,52.07469629926052],[-121.29777799589704,52.072590756682885],[-121.21035459950951,52.07086901343296],[-121.20383805242264,51.99320423030022],[-121.20957878752226,51.99202007919428],[-121.21010807151201,51.98858335518647],[-121.21261851737138,51.85578313948806],[-121.21018959656878,51.8173145833869],[-121.19432707910579,51.81705497767157],[-121.19461236185441,51.813609716766884],[-121.20439631563873,51.81324738031185],[-121.21034852985272,51.806250309344136],[-121.20935911235169,51.76299043890596],[-121.23508343393492,51.762999580804866],[-121.23457481106225,51.72793156964537],[-121.22856653564334,51.72741839476425],[-121.22791452830005,51.716450221804415],[-121.22798245778257,51.71243681648062],[-121.23398180344451,51.713409273181256],[-121.23278296152506,51.70067471123087],[-121.28017895471787,51.69898262849907],[-121.27879295036806,51.681630780485605],[-121.28027244538184,51.68150507335132],[-121.2803962087825,51.67589542608376],[-121.30378319333147,51.67603391833421],[-121.30378055653203,51.665646294557575],[-121.39632850696175,51.66498763222391],[-121.39788421066176,51.64373557978116],[-121.38191911996799,51.6437802887544],[-121.38146494247974,51.636227678982635],[-121.37016678437458,51.63586965686698],[-121.36986720073027,51.639123948173456],[-121.35907094188724,51.63909175974133],[-121.36016711096798,51.61141357648255],[-121.29102411279048,51.61153533290669],[-121.28895256257356,51.57756205339417],[-121.2780721669559,51.56822418707413],[-121.27876128768554,51.541462689356784],[-121.27561836292983,51.4933580865037],[-121.27678376684966,51.404355178872194],[-121.27252526221706,51.39435672109881],[-121.27609963701723,51.389229898702],[-121.27661838270029,51.379850021835516],[-121.28223123021641,51.376792366066695],[-121.33259892532514,51.37736470226751],[-121.36248565221807,51.38006779300416],[-121.42064190399024,51.37755958901558],[-121.41930258052102,51.40161148320002],[-121.42668305087471,51.401461621081275],[-121.42616168722391,51.436703199569656],[-121.47381320207735,51.43645375850758],[-121.47558436980157,51.445950979069416],[-121.50896978792375,51.446495390969766],[-121.5094945093949,51.450386969229406],[-121.5251421048273,51.45105330284407],[-121.52662721593182,51.54772399993499],[-121.63049759514641,51.54738354304934],[-121.63108047702602,51.56404830978297],[-121.88589267511746,51.566133126828035],[-121.88572777373204,51.51784655335037],[-121.94636410018614,51.517001607227044],[-121.9487520504494,51.57246286783822],[-121.94103842703622,51.639769410054285],[-121.94940648906493,51.69139432096059],[-121.95481125233252,51.70209281202166],[-121.95504477653552,51.73186089849435],[-121.97877671526432,51.73217845258164],[-121.97934240969946,51.794051021375004],[-121.97549980084722,51.79413077936798],[-121.97507464620374,51.80168414099728],[-121.97965557319161,51.801656160904244],[-121.97889192804851,51.85500536524196],[-121.97191577685163,51.854927988913225],[-121.97112506840848,51.86372327282899],[-121.97827902463257,51.86401508608545],[-121.97813602398398,51.87556377734146],[-121.83577249128668,51.87581873536978],[-121.83896407456338,51.985551107755235],[-121.83067809481501,51.98521889262052],[-121.82947399760614,51.99224779743158],[-121.70793473442006,51.991271856855974],[-121.70847848204332,51.986789293204716],[-121.69604768596668,51.98672031420881],[-121.69631160335378,51.99182357542437],[-121.55493122841581,51.99194381382409],[-121.5555187787204,52.08039160225089],[-121.5187877858682,52.079865269154084],[-121.50997328583476,52.07827105275211]],[[-121.58138114279211,51.8480461649319],[-121.57911761672688,51.848909263163044],[-121.57919701422537,51.84999026205015],[-121.58212798451827,51.849817432933804],[-121.58138114279211,51.8480461649319]],[[-121.47624847718163,51.7943288349561],[-121.46972602072817,51.794629523017015],[-121.46931380774555,51.798330633335475],[-121.47188861553917,51.79637305790806],[-121.4762150495062,51.79713096511978],[-121.47624847718163,51.7943288349561]]]},"bbox":[-121.97965557319161,51.376792366066695,-121.19432707910579,52.08039160225089]},{"id":"5941016","type":"Feature","properties":{},"geometry":{"type":"Polygon","coordinates":[[[-120.50008924590762,52.13729887782687],[-120.38754754701915,52.13744511818743],[-120.37853094700881,52.13344195351065],[-120.37537062009163,52.133944464204426],[-120.34744252923359,52.15581662970112],[-120.33815449141893,52.153328644312474],[-120.32455001503885,52.155325040711965],[-120.31992652373737,52.153346601461294],[-120.30811630134059,52.14033126685952],[-120.31091444763632,52.12904344229652],[-120.31667644748995,52.120953045668585],[-120.31062969074156,52.11198160575099],[-120.30280598574092,52.10528015643493],[-120.2936722414932,52.08261658780602],[-120.29628821933561,52.07777811437406],[-120.30849697253669,52.07433604232175],[-120.31437865369683,52.06853522435861],[-120.31678271377713,52.06433916099499],[-120.32033813445551,52.03916878749005],[-120.31698964001431,52.02765109095679],[-120.30859061008219,52.023769627523336],[-120.29731208342288,52.022729939603884],[-120.28870377812753,52.019735472720065],[-120.2883925904443,52.01286924194969],[-120.30579458240308,52.012912508285275],[-120.3198905239504,52.00089488794023],[-120.33001152709834,51.99507467805933],[-120.33163523943406,51.99124394722773],[-120.32857082649687,51.9891873173025],[-120.32886200588912,51.9847192837642],[-120.34531317084613,51.97548100881129],[-120.3402588240323,51.97221056762048],[-120.33908594643299,51.96882015722736],[-120.3310152787086,51.968124552370284],[-120.31631459093234,51.976124940642606],[-120.30758415420226,51.97484884407723],[-120.298318059904,51.96857206899328],[-120.29357543662994,51.96946653259962],[-120.28516095517982,51.975331659482826],[-120.2780171416229,51.97771451130853],[-120.27368886828225,51.974291747646504],[-120.26860013321286,51.96072281126487],[-120.26846433895544,51.95084453901943],[-120.25027570828382,51.94025309447526],[-120.24631390936614,51.93150626172999],[-120.24787813011822,51.930038703309236],[-120.24797662291928,51.91233157249548],[-120.25570189388863,51.90337240060784],[-120.27316147155334,51.892605677967595],[-120.27237402129263,51.88877039174707],[-120.26007793412764,51.883418961537785],[-120.25662263584049,51.877177187076526],[-120.25744970018407,51.872619963750864],[-120.2383015852483,51.868918430431386],[-120.2310625778315,51.87214317486559],[-120.22396288968454,51.86659424833381],[-120.22584185514225,51.854740344633015],[-120.2288770815369,51.850748108830075],[-120.21914268357554,51.83553595499309],[-120.21919567187742,51.828632798633954],[-120.22664968765015,51.82542980652726],[-120.2757817953035,51.832196942900204],[-120.28605175485357,51.828270744234906],[-120.2985260654351,51.828474714305585],[-120.30500845490022,51.831446511881715],[-120.30769449129694,51.82695360165962],[-120.31952507486378,51.81991255370903],[-120.31738260356832,51.810951040411354],[-120.32155884608989,51.78372446592138],[-120.32898679159995,51.77564731238299],[-120.33660636550785,51.77089759797223],[-120.34864296439302,51.76801763463875],[-120.3586500322765,51.77120854198799],[-120.37576003558645,51.76950315848108],[-120.37936263744602,51.762382761582984],[-120.34992458558709,51.752667313907814],[-120.34359295533146,51.74753278259884],[-120.33848821817752,51.738345745810754],[-120.33852336079325,51.73297491985302],[-120.34566837517076,51.727593453282935],[-120.37243255581505,51.72206703052104],[-120.37694840081105,51.71921759206791],[-120.374959569206,51.71661008930516],[-120.37918035658551,51.709240943785765],[-120.39127080560587,51.704008974608925],[-120.40752499567465,51.70514257559358],[-120.43297467129163,51.712162448110256],[-120.45935552948781,51.7098807557669],[-120.48130844201033,51.70434883028033],[-120.50363374705994,51.696662182219015],[-120.52865659722518,51.68499788539145],[-120.53186930742007,51.67863492018656],[-120.54292810353562,51.67420024470675],[-120.54417120082972,51.669646374358415],[-120.55081042842528,51.66498039513667],[-120.65733537998051,51.664628831345254],[-120.66082829227513,51.71720735497761],[-120.67921732015002,51.717475878441356],[-120.68013805314227,51.73407858452845],[-120.6973075745737,51.734227768048434],[-120.77922183315178,51.732931459374605],[-120.78092602631183,51.69223781492791],[-121.04530058348408,51.68904893505646],[-121.04516438417896,51.67634956384274],[-121.07357414384673,51.6765075664649],[-121.074532810029,51.66173848153015],[-121.09966277809137,51.66139740111621],[-121.10609455319309,51.66275205975161],[-121.21403482966328,51.66099028378744],[-121.21287726395272,51.64768535426038],[-121.23475823767285,51.64806748538806],[-121.23455957088896,51.65261549830572],[-121.24718957333782,51.65244549402115],[-121.24702084274418,51.66343210978799],[-121.26463337640217,51.66381135462514],[-121.26473406215517,51.66169179464132],[-121.27981844322966,51.661927653687634],[-121.28027244538184,51.68150507335132],[-121.27879295036806,51.681630780485605],[-121.27875568547037,51.68874767213238],[-121.28031288107817,51.68869079024385],[-121.28017895471787,51.69898262849907],[-121.23278296152506,51.70067471123087],[-121.23398180344451,51.713409273181256],[-121.22798245778257,51.71243681648062],[-121.22791452830005,51.716450221804415],[-121.22856653564334,51.72741839476425],[-121.23457481106225,51.72793156964537],[-121.23508343393492,51.762999580804866],[-121.20935911235169,51.76299043890596],[-121.21034852985272,51.806250309344136],[-121.20439631563873,51.81324738031185],[-121.19461236185441,51.813609716766884],[-121.19432707910579,51.81705497767157],[-121.21018959656878,51.8173145833869],[-121.21261851737138,51.85578313948806],[-121.20957878752226,51.99202007919428],[-120.88371530812906,51.991608433458964],[-120.88619029339219,52.13593005875386],[-120.50008924590762,52.13729887782687]],[[-121.12878747743788,51.74670645234757],[-121.13763621133947,51.746592129132246],[-121.13631230830131,51.73985034018003],[-121.12560854313091,51.73927568185055],[-121.12705193440189,51.74663354870126],[-121.12878747743788,51.74670645234757]],[[-121.03749738443632,51.78851497619866],[-121.03775951805522,51.767383525937646],[-120.9855950523163,51.769315854279945],[-120.92074882101828,51.767883520676214],[-120.92379834184533,51.7773497058482],[-120.92263552807721,51.78651984347689],[-120.96897721620562,51.78889614205656],[-121.03749738443632,51.78851497619866]]]},"bbox":[-121.28031288107817,51.64768535426038,-120.21914268357554,52.15581662970112]},{"id":"5941017","type":"Feature","properties":{},"geometry":{"type":"Polygon","coordinates":[[[-121.20427812266591,51.661314028156134],[-121.10609455319309,51.66275205975161],[-121.09966277809137,51.66139740111621],[-121.074532810029,51.66173848153015],[-121.07357414384673,51.6765075664649],[-121.04516438417896,51.67634956384274],[-121.04530058348408,51.68904893505646],[-120.78092602631183,51.69223781492791],[-120.77922183315178,51.732931459374605],[-120.68013805314227,51.73407858452845],[-120.67921732015002,51.717475878441356],[-120.66082829227513,51.71720735497761],[-120.65733537998051,51.664628831345254],[-120.55841504451901,51.66454835750015],[-120.56042770428573,51.6612588344381],[-120.56152504806555,51.593101520102444],[-120.5576713264645,51.46690995896799],[-120.56072881140315,51.434617912535344],[-120.74247678843594,51.43356718555114],[-120.83346702970557,51.435158629984514],[-120.8957482212396,51.442294101143844],[-120.94832872028847,51.44510219203316],[-120.96070954024015,51.439859287570684],[-121.00149137741884,51.438951174191786],[-121.00172025717829,51.4290600791534],[-121.00537075390794,51.4290948142846],[-121.04760100972963,51.429847610365194],[-121.06335044603973,51.43585607192717],[-121.07379621486845,51.43457980843971],[-121.08114815436006,51.4372573717689],[-121.10711773775589,51.43816698550881],[-121.11834373022359,51.44105008910492],[-121.12514962446461,51.440771335119805],[-121.17179210688901,51.430894257105315],[-121.21792021721811,51.410582718526626],[-121.22432863956965,51.40565853579386],[-121.276618515267,51.37985779531411],[-121.27609963701723,51.389229898702],[-121.27252526221706,51.39435672109881],[-121.27678376684966,51.404355178872194],[-121.27561836292983,51.4933580865037],[-121.27876128768554,51.541462689356784],[-121.2780721669559,51.56822418707413],[-121.28895256257356,51.57756205339417],[-121.29008679042735,51.599444189457984],[-121.26681338538347,51.599690364871776],[-121.26678867005032,51.616489593902116],[-121.28395312519058,51.617049498441766],[-121.28384226755993,51.620285227388074],[-121.28993136046729,51.62053178850016],[-121.28991668066044,51.62249781136827],[-121.30039470517352,51.622381543250626],[-121.30026535924483,51.62856647690756],[-121.2351474123821,51.62878295845884],[-121.23475823767285,51.64806748538806],[-121.21287726395272,51.64768535426038],[-121.21403482966328,51.66099028378744],[-121.20427812266591,51.661314028156134]]]},"bbox":[-121.30039470517352,51.37985779531411,-120.5576713264645,51.73407858452845]},{"id":"5941019","type":"Feature","properties":{},"geometry":{"type":"Polygon","coordinates":[[[-122.49673708375083,52.96821897679706],[-122.46444408704451,52.968448200760974],[-122.46387287738288,52.978716194514206],[-122.45173951287026,52.97853590361989],[-122.43973879026342,52.97475980865527],[-122.44088620397713,52.97467884854011],[-122.44211963454491,52.96753781545541],[-122.44608414196001,52.967522031052255],[-122.44608531945055,52.964561003390386],[-122.44294398340588,52.96456042092815],[-122.44398122327739,52.96082201126222],[-122.41317709570086,52.96146356796965],[-122.4170488907145,52.966529545070216],[-122.42253974373216,52.968040355900314],[-122.41207621240598,52.969859011325845],[-122.40902800921035,52.96713456534742],[-122.40418036560668,52.966996203255626],[-122.40202311228931,52.974867396622535],[-122.39626261411317,52.97479330948506],[-122.39561524715751,52.987077408781595],[-122.40168579505224,52.98709662031846],[-122.40117426612599,52.99574715035152],[-122.38342108075213,52.995229499559635],[-122.3762760224881,53.00093809984121],[-122.37007938947147,53.00133119212865],[-122.36729549352597,53.00018369897214],[-122.36303640615264,52.99279250197628],[-122.35533639724686,52.993236894665664],[-122.35235600828511,52.989635910783626],[-122.34550931039325,52.98760549656978],[-122.33251779156487,52.98012310137105],[-122.32847550927596,52.97556580154742],[-122.3215723864191,52.974902509877225],[-122.31549680471977,52.96852149219643],[-122.31245769681807,52.96225199347797],[-122.32161421992802,52.95322510317046],[-122.32137599780852,52.950413603735534],[-122.3111121004902,52.94562158882821],[-122.3071287913664,52.938016494543675],[-122.29295950621754,52.92453528601626],[-122.29856840832558,52.911558789918516],[-122.29444818426903,52.90848589062404],[-122.28541001474098,52.90819329088567],[-122.28189071231986,52.906384206444415],[-122.27957410647706,52.90292510528691],[-122.28269189536626,52.89751499831148],[-122.28042171000673,52.88951468766354],[-122.27028037575415,52.88830859998739],[-122.2659371101932,52.881673201856486],[-122.25334689976371,52.8711520973111],[-122.25929621471354,52.86513669953605],[-122.25730129311732,52.86034711106022],[-122.25395369005214,52.8581062907607],[-122.23923458202324,52.85640939177317],[-122.2374374105429,52.85067719546316],[-122.23421170889507,52.84715408803943],[-122.22885888759896,52.84537150681538],[-122.21337919238064,52.83364459022484],[-122.20676559128943,52.8307411901184],[-122.20619120958004,52.826994599136164],[-122.20927640135467,52.8229218098066],[-122.20920279639382,52.81897530965039],[-122.20256691979422,52.817470702931296],[-122.19375310806704,52.82278981113915],[-122.19068908715008,52.82259269912155],[-122.17444460390028,52.81439779347326],[-122.17210309378652,52.810917005199116],[-122.17577219235477,52.80399680539902],[-122.17426291404708,52.80182200701515],[-122.16373261397204,52.79623768911205],[-122.16710742125433,52.79161019642716],[-122.1672083103952,52.78780500916151],[-122.16494441823372,52.786190095310296],[-122.16505548366428,52.77965819119873],[-122.15261739320584,52.77099079695295],[-122.1525493819666,52.76015110450333],[-122.15067730656925,52.75258140740326],[-122.1324928819745,52.75292889244191],[-122.13756614155204,52.75009111387093],[-122.14074438324498,52.74456309911863],[-122.13642961232046,52.738859205139065],[-122.12516427738709,52.73630269857263],[-122.12069021328405,52.73093490652146],[-122.12020800149345,52.728211790579785],[-122.12322601867018,52.72514976776833],[-122.1192311258949,52.71483714457983],[-122.18802339221614,52.714133947777086],[-122.19287073404816,52.70413909287501],[-122.22185732721778,52.70233984741329],[-122.23800729383976,52.69783685282224],[-122.24478401989737,52.693400643215625],[-122.24811324693887,52.688294903076404],[-122.2469538071522,52.67530628380368],[-122.23679875328567,52.66380490711825],[-122.23478777743301,52.65674136953224],[-122.23446325811963,52.64751963779748],[-122.23696476299816,52.63888761170386],[-122.23560813995002,52.63455860716578],[-122.225883730314,52.62476314024553],[-122.224153084885,52.61896695498523],[-122.22553991568797,52.61427267182959],[-122.2301109457843,52.612718444231675],[-122.24428715174972,52.612824479510564],[-122.24993208379445,52.606080080728944],[-122.21557815905231,52.58241488159436],[-122.20755566621149,52.5735488331825],[-122.20564451437384,52.56819216655225],[-122.22409421221316,52.554153141470195],[-122.23187297676928,52.54662208862509],[-122.23378514657063,52.54168513607848],[-122.34088997209189,52.54238684596271],[-122.3400762826266,52.530535021398975],[-122.35596422959186,52.53066733260501],[-122.35579701821032,52.54102905208146],[-122.35754033368384,52.541865681590366],[-122.38743831245213,52.54300749915554],[-122.45271572122053,52.53936721901769],[-122.47029441692152,52.541448092060335],[-122.47604138291513,52.54327959493473],[-122.47952859838257,52.54654529920022],[-122.48247718539864,52.55396968992694],[-122.47358707252145,52.56793965184435],[-122.47599354096403,52.5678610690104],[-122.47317752786601,52.57529877254507],[-122.4844294336699,52.58734047593319],[-122.48470183759791,52.588721069274754],[-122.4827735553443,52.588529049491555],[-122.4851271961564,52.595875688723126],[-122.47636979339853,52.601636589341425],[-122.46758697849367,52.61888089572381],[-122.46541949379834,52.62701179002935],[-122.46702557365597,52.628851866001625],[-122.4803126072725,52.633450662257474],[-122.48362012756076,52.64238118889294],[-122.49201099353671,52.64385870507704],[-122.49374217782939,52.64663730107086],[-122.48892609026825,52.65612401129401],[-122.46386420157326,52.66898888584353],[-122.45674900045523,52.678088208585976],[-122.46172478290978,52.68764749320736],[-122.4761878970484,52.6945631001656],[-122.48566639157832,52.70726309516579],[-122.48112417797957,52.717078696765554],[-122.48473957667431,52.731298679531115],[-122.47855863871087,52.74284429298023],[-122.47864124228838,52.7456874542502],[-122.4850893990666,52.75361830540489],[-122.484962987624,52.75775271365829],[-122.48084770201969,52.76267670084258],[-122.47043830720827,52.76785500031014],[-122.45927269664548,52.77931380215962],[-122.46242111467738,52.79401310042925],[-122.46221651597945,52.81255200024186],[-122.45944409416195,52.819532112852336],[-122.45877607762743,52.82731110180721],[-122.4459457847359,52.84514080139994],[-122.44215120562629,52.85542980038016],[-122.44264500178876,52.8610830940528],[-122.44614048945232,52.86977389037893],[-122.45726119567394,52.87755441038242],[-122.46255381107733,52.889170211441396],[-122.47652950387727,52.90315029544989],[-122.47771337907179,52.90683750292835],[-122.47617109529716,52.913185302923694],[-122.4780702140784,52.917969209015276],[-122.49287059275373,52.928528292032716],[-122.49590799732677,52.93329509119459],[-122.49065296203476,52.93980793080644],[-122.45223881966376,52.93850796760984],[-122.45054319151211,52.95661310750716],[-122.5111950103995,52.95779193768307],[-122.49985506591644,52.96876450643334],[-122.49673708375083,52.96821897679706]],[[-122.45247552962162,52.566496339979174],[-122.45366064172762,52.559172811224855],[-122.45678793719136,52.559262567382355],[-122.45786680814409,52.55514215511133],[-122.44403567412047,52.554293319884785],[-122.44335496893446,52.563296449769396],[-122.4392682900472,52.56321375936547],[-122.43916707468688,52.566144607758275],[-122.45247552962162,52.566496339979174]],[[-122.46111260015239,52.55511148061875],[-122.4608463142157,52.56004585619357],[-122.46686046767297,52.55982037656934],[-122.46584740047273,52.566570022161834],[-122.47166474615513,52.56647450544793],[-122.47901152344133,52.55630978151924],[-122.47989814401431,52.55196792486864],[-122.46111260015239,52.55511148061875]]]},"bbox":[-122.5111950103995,52.530535021398975,-122.1192311258949,53.00133119212865]},{"id":"5941021","type":"Feature","properties":{},"geometry":{"type":"MultiPolygon","coordinates":[[[[-122.49384281871639,52.98763314969845],[-122.50172929524973,52.98775365025525],[-122.50345799798902,52.99177100268333],[-122.49786190554227,52.991901660869885],[-122.49384281871639,52.98763314969845]]],[[[-122.83046358505379,53.376029314444104],[-122.80601900857803,53.37880488315672],[-122.78365769818646,53.38423680992078],[-122.76843468026692,53.385951595148455],[-122.745501056905,53.382920864775365],[-122.7302495595628,53.3829342731845],[-122.71967368352574,53.38748259858078],[-122.69383955298268,53.391861763010056],[-122.68037539662754,53.38898808598001],[-122.6692149170735,53.37939449556794],[-122.66150352776151,53.380328803653725],[-122.6460481687369,53.38690033225551],[-122.63653023603128,53.38649570972353],[-122.63594081118401,53.37592445247939],[-122.61231620850745,53.376044512193694],[-122.61246142245689,53.37243435609933],[-122.48963261033403,53.37259441778369],[-122.4873277499014,53.33094400032553],[-122.47138524680155,53.33057238400573],[-122.46785222883445,53.313605983316315],[-122.45536760044409,53.31348516777231],[-122.450162889491,53.29312050321845],[-122.44712096442304,53.29302530271346],[-122.44596267010316,53.260830342334586],[-122.42999255073995,53.26111044231552],[-122.42851746164973,53.23263263965876],[-122.41340908552823,53.23261300437435],[-122.41115860562523,53.21210522861321],[-122.32798006116377,53.21135289283775],[-122.3324612972187,53.08014251319115],[-122.33118079089903,53.07863139000743],[-122.33455391362094,53.07730119272251],[-122.33892581940836,53.07971659949532],[-122.3463467015936,53.079011590457135],[-122.34945720322939,53.0838595674053],[-122.35230069275882,53.0839050423255],[-122.35201351760504,53.06953371276457],[-122.41388977479009,53.069361081291014],[-122.41400273608225,53.05537519872121],[-122.43964164432069,53.055274008786256],[-122.43975183126084,53.040676168589656],[-122.44504116006136,53.04052949548053],[-122.44487721430075,53.026630318946985],[-122.48197059416572,53.02621652014417],[-122.48161069678905,53.00668085730986],[-122.48992948151225,53.004610595867895],[-122.49005617861528,53.0158976564509],[-122.49558980408663,53.01579639478097],[-122.50126464168103,53.02340455423667],[-122.5009418179736,53.030745396141995],[-122.50444140091959,53.033807098588035],[-122.52559464509017,53.033817005031544],[-122.52579660999841,53.03095079988474],[-122.52155060717449,53.02666579086636],[-122.53005077181096,53.02646433893764],[-122.52688719401866,53.019112201231685],[-122.52838050393713,53.0151914761319],[-122.52253216451399,53.01524028564685],[-122.5186497019809,53.00953952431343],[-122.51868785610986,53.00640469599616],[-122.51353097427548,53.00397575939812],[-122.5119109264119,53.00080809595751],[-122.51499492886154,52.99760339711434],[-122.52125233854552,53.00196436445006],[-122.52381672776957,53.00033996648979],[-122.52151324666652,52.99774769113479],[-122.52323798552595,52.99669323834798],[-122.52008852947304,52.994823554505835],[-122.52768717458895,52.994732336359725],[-122.52700360053551,52.99078876848479],[-122.51608463929394,52.99101891609786],[-122.51480119229586,52.98803314866356],[-122.52679806074116,52.98766346669624],[-122.52676230264994,52.98497894375124],[-122.53931458093834,52.985113962669466],[-122.53944503300261,52.97833747966971],[-122.54403113166173,52.978342919130604],[-122.54238794058158,52.95668856193277],[-122.58313652191003,52.954986602962705],[-122.63639583367659,52.95750135594373],[-122.64097182257287,52.95493357852906],[-122.68890152393153,52.95369866077188],[-122.78250259673551,52.95861425383788],[-122.87087137847628,52.95925417297374],[-122.8865661626415,52.959174676828226],[-122.88712659110217,52.956206438976054],[-122.91037612874335,52.95613498875003],[-122.90967630322795,53.0106782283208],[-122.89911715629117,53.035080906207085],[-122.87207374104356,53.088620533588085],[-122.88074710572255,53.13858773117415],[-122.88553899456474,53.2722579905378],[-122.89749686320135,53.272230201544744],[-122.89741188896987,53.2794347900234],[-122.88567777100087,53.27935657834513],[-122.8848781145035,53.30463816966045],[-122.87295169365046,53.31176621705882],[-122.88540260907256,53.32004630491981],[-122.88483141111935,53.32524460054947],[-122.8725394904354,53.336296490962255],[-122.8723962913725,53.33890849456671],[-122.87017981475218,53.3407885006085],[-122.8513315822061,53.3497580952625],[-122.84940658541281,53.356366390895666],[-122.83989150289607,53.365245007798116],[-122.83684706933329,53.37355770688055],[-122.83046358505379,53.376029314444104]]]]},"bbox":[-122.91037612874335,52.95369866077188,-122.32798006116377,53.391861763010056]},{"id":"5941025","type":"Feature","properties":{},"geometry":{"type":"Polygon","coordinates":[[[-121.52784973873466,53.16671665002583],[-121.51842831059237,53.12837610316889],[-121.5169880331798,53.114435134514174],[-121.51238906189782,53.104559215206145],[-121.50943598587524,53.093088102800465],[-121.51726176358943,53.08841603754874],[-121.53034737564819,53.094957029028976],[-121.5436563197205,53.0811894387526],[-121.55088021603976,53.083162035864824],[-121.5568155115675,53.079093989453746],[-121.5599997916424,53.08160322837723],[-121.56244564921673,53.08078902398272],[-121.56704267248985,53.0645723203337],[-121.61365652098667,53.033085005619455],[-121.6244373138511,53.036066903276364],[-121.63078412951299,53.032341403185605],[-121.63683016343568,53.03331878583242],[-121.62987334039158,53.039198326179815],[-121.63055397185491,53.042670820248915],[-121.62796926476948,53.04914761744302],[-121.64257115231196,53.05421270287207],[-121.65915113247654,53.05605405637755],[-121.65685905579505,53.05823423098606],[-121.65870968390635,53.0590374657333],[-121.6622461114349,53.058871457014504],[-121.66581295298512,53.05581982367137],[-121.66355638047666,53.05494184376543],[-121.66493509251383,53.054462544038245],[-121.67076041322832,53.055027803895825],[-121.67911340048383,53.061479395702506],[-121.67684235328535,53.06741451456587],[-121.67826173531817,53.06843463567588],[-121.68087758469386,53.06823542404477],[-121.68399414554717,53.06543409038149],[-121.6911498941956,53.06648492133825],[-121.69466372202146,53.06314520406223],[-121.69795252364095,53.06298748560437],[-121.69705736658364,53.06527319914472],[-121.71004730295788,53.06708482569387],[-121.70877763493127,53.07098814491026],[-121.7184282624908,53.073284837002845],[-121.72435819538441,53.08108112748554],[-121.73637594814537,53.07954301088405],[-121.74246048894514,53.080659186653776],[-121.74703160902645,53.085408325262925],[-121.75061307693488,53.08587093244399],[-121.74981497588783,53.090824173344814],[-121.7518046402902,53.09254363594953],[-121.76079785343185,53.09293440444357],[-121.77429542734136,53.088365835787435],[-121.74018708406027,53.118917812846064],[-121.70888520482151,53.15600861727131],[-121.64725755565726,53.1578478725053],[-121.56586819880499,53.166122842037936],[-121.52784973873466,53.16671665002583]]]},"bbox":[-121.77429542734136,53.032341403185605,-121.50943598587524,53.16671665002583]},{"id":"5941026","type":"Feature","properties":{},"geometry":{"type":"Polygon","coordinates":[[[-122.30607483498852,53.45003222615601],[-122.28707174957825,53.4500156326597],[-122.28070526773351,53.45488524368707],[-122.27543013772278,53.456013655947906],[-121.81402908592412,53.45691053214181],[-121.57134351789752,53.45254962250906],[-121.55542567898593,53.43938651272622],[-121.28829575858141,53.445713773510406],[-121.2835079841273,53.429863791292775],[-121.27547305554394,53.41603523830568],[-121.26405345453509,53.40321596838866],[-121.22816378503431,53.3847300974886],[-121.20884116708534,53.379739777937736],[-121.19769249920967,53.37905527181659],[-121.18719608951106,53.38934312088538],[-121.19193581599656,53.40058262321642],[-121.17401827026741,53.39643052394045],[-121.15998107870519,53.38128282063214],[-121.14249477907711,53.37977346217131],[-121.13500221045932,53.39458459199637],[-121.12721930821726,53.39796610414344],[-121.11113258695111,53.39729439847018],[-121.08900466424137,53.39274211198117],[-121.07347708488815,53.39316147506017],[-121.05450707909934,53.400503958495165],[-121.03653177341134,53.414612996306495],[-121.02441456202152,53.427714257293786],[-121.00828606944168,53.43040327252572],[-121.00470092231352,53.41187297150962],[-120.99787160604768,53.389180602971074],[-120.99827799540388,53.38303612963695],[-121.01819301301921,53.329766191891956],[-121.00228794000381,53.325422300628716],[-120.98022094412232,53.31359322054318],[-120.97534812020409,53.30435803659258],[-120.97731878531273,53.284066777060886],[-120.97606203872026,53.28088030436817],[-120.97205465195624,53.27877901160304],[-120.96253756706435,53.27884199615183],[-120.94144266781677,53.28311408680247],[-120.93810077285843,53.286815308466174],[-120.93890007455195,53.29501420722309],[-120.93754276616727,53.300581966297216],[-120.92702906145809,53.30665411081115],[-120.92281198000263,53.307069782892476],[-120.88537365508664,53.29810104586966],[-120.86757114270542,53.28583312646893],[-120.85298043451768,53.281639076811864],[-120.83338148154529,53.282724554694084],[-120.81116310349775,53.28784507777484],[-120.79993988310248,53.26688576504301],[-120.7954501630539,53.261391050217384],[-120.78748103708678,53.25664432553985],[-120.76740506003759,53.25554911859828],[-120.7150090968036,53.264522813289425],[-120.70899136071874,53.26383136913385],[-120.69431895858895,53.25641133496286],[-120.62716310069919,53.213961404456974],[-120.59846123213812,53.18859786808978],[-120.57540252137959,53.192598484707894],[-120.52517305203156,53.17078064408984],[-120.47061188610814,53.15341230132336],[-120.46671840420396,53.14909640803055],[-120.46280467582879,53.13852399511248],[-120.4625971657395,53.12471265311428],[-120.46113657289858,53.12177571447263],[-120.45614268365644,53.118449063850775],[-120.42268344486577,53.10657048332844],[-120.4170661948342,53.100242102304385],[-120.41504995582987,53.09180848289741],[-120.41704154464915,53.082303900324696],[-120.4216299258714,53.07171144699471],[-120.42528755687376,53.06784119952479],[-120.4742383675038,53.0655436258891],[-120.48841889813973,53.054554001217426],[-120.45312671099869,52.993257037519186],[-120.46718276665965,52.988791776666204],[-120.47577527518143,52.99179241186217],[-120.48328755614651,52.9898522037145],[-120.48990672329064,52.98227237700818],[-120.49478053846713,52.98145081342076],[-120.50228304487463,52.99107844387842],[-120.5101996912616,52.991137386034374],[-120.5215615397495,52.986424068854724],[-120.53606100092995,52.983841997002415],[-120.54107082135742,52.980872299973605],[-120.544901165913,52.97613015648914],[-120.53357707037601,52.96250780737316],[-120.5351807319908,52.955869831358626],[-120.55725614212642,52.95166710013349],[-120.57690320965334,52.95000729098795],[-120.59257164794448,52.946306117141994],[-120.59458650512285,52.940249522951426],[-120.56980276148298,52.920182308459914],[-120.57146110700916,52.916742614461775],[-120.57984825437076,52.91192243173284],[-120.59209715764518,52.9106964126035],[-120.60390206468846,52.91196306558405],[-120.66339577924965,52.93218641181519],[-120.67169286366752,52.93152205507768],[-120.68221059203853,52.928134137617576],[-120.69000974152519,52.92258753839133],[-120.7017847317334,52.905519988376724],[-120.71134175161373,52.90033937406597],[-120.72283255036817,52.89695318264159],[-120.73765349739242,52.90796539072654],[-120.78959141756887,52.908463393846574],[-120.80786883341722,52.899509243501264],[-120.84365732568963,52.901920945757595],[-120.88723686875696,52.886747153656],[-120.93457611922328,52.857649146099824],[-120.9952692580677,52.88042876568805],[-121.0571955304046,52.88307533448479],[-121.07250666966709,52.875311135564345],[-121.12041158392134,52.86975308662138],[-121.13186360641657,52.92578255577085],[-121.14276654228391,52.93947180262126],[-121.17495618260413,52.94285808332239],[-121.17941007973903,52.94129630354698],[-121.1816934138023,52.93850079791884],[-121.17914679240876,52.93703358807967],[-121.17125830944035,52.9383351948406],[-121.17301551717145,52.936772706069654],[-121.17319290615269,52.93356708913329],[-121.16889781394798,52.930362600954865],[-121.17397350697696,52.91961979322161],[-121.17151989593582,52.91458381148021],[-121.17931378785386,52.90895419240474],[-121.18089441470134,52.911077478640586],[-121.1803212395918,52.91373936215316],[-121.18719380765533,52.91655927345709],[-121.18789312623268,52.92079626593666],[-121.19201972982154,52.92529106917769],[-121.2273595868711,52.9289924949713],[-121.24198724746623,52.92615420750063],[-121.28183973573904,52.89906717102204],[-121.29563314528411,52.89843711473731],[-121.31057817863757,52.894986263642025],[-121.3241084833873,52.88563263668684],[-121.33375243441986,52.88122688303983],[-121.336115999714,52.875482941230224],[-121.34381520823756,52.871145174569115],[-121.38106885624931,52.87223746900386],[-121.42273993961602,52.87563787423168],[-121.4425327183089,52.87229572177525],[-121.45255529348228,52.866541035140834],[-121.46781688019041,52.84884407250379],[-121.47341361190408,52.84578549715555],[-121.47858160167715,52.84667347254893],[-121.491029558841,52.86127859695439],[-121.50421644646904,52.86288368356517],[-121.52964517171235,52.86940859560412],[-121.56399928877086,52.86703622063428],[-121.5787515906644,52.857155121223904],[-121.60454000873261,52.86052157193749],[-121.61438199968015,52.849211696234384],[-121.61310005526956,52.83613579173857],[-121.62041125953935,52.8240253429846],[-121.59500502621677,52.81137337039979],[-121.5911283882783,52.80717268567396],[-121.6029646705958,52.79693675455454],[-121.61048198493839,52.793517554653036],[-121.61444770722966,52.78983630080128],[-121.61648326102603,52.785173914156026],[-121.6103430275008,52.77471020852373],[-121.60483123969246,52.76899212771274],[-121.59910314185814,52.753242986581185],[-121.58201725144797,52.739402924986145],[-121.59934326717656,52.72512876257691],[-121.65545049220098,52.7383783499914],[-121.69396349125765,52.71982518414785],[-121.71930169279292,52.73286499619839],[-121.75890678491922,52.742037466574],[-121.93817449500224,52.74313733363749],[-121.94070448258412,52.714497850551325],[-122.1192311258949,52.71483714457983],[-122.12322601867018,52.72514976776833],[-122.12020800149345,52.728211790579785],[-122.12069021328405,52.73093490652146],[-122.12516427738709,52.73630269857263],[-122.13642961232046,52.738859205139065],[-122.14074438324498,52.74456309911863],[-122.13756614155204,52.75009111387093],[-122.1324928819745,52.75292889244191],[-122.13901518555879,52.75339039341794],[-122.1457299841965,52.751775296960325],[-122.15118398769572,52.753346204948734],[-122.15261739320584,52.77099079695295],[-122.16505548366428,52.77965819119873],[-122.16494441823372,52.786190095310296],[-122.1672083103952,52.78780500916151],[-122.16710742125433,52.79161019642716],[-122.16373261397204,52.79623768911205],[-122.17426291404708,52.80182200701515],[-122.17577219235477,52.80399680539902],[-122.17210309378652,52.810917005199116],[-122.17311128093137,52.81304480505638],[-122.18330250677188,52.81993799703697],[-122.19068908715008,52.82259269912155],[-122.19375310806704,52.82278981113915],[-122.20256691979422,52.817470702931296],[-122.20920279639382,52.81897530965039],[-122.20927640135467,52.8229218098066],[-122.20619120958004,52.826994599136164],[-122.20676559128943,52.8307411901184],[-122.21337919238064,52.83364459022484],[-122.22885888759896,52.84537150681538],[-122.23421170889507,52.84715408803943],[-122.2374374105429,52.85067719546316],[-122.23923458202324,52.85640939177317],[-122.25395369005214,52.8581062907607],[-122.25730129311732,52.86034711106022],[-122.25929621471354,52.86513669953605],[-122.25334689976371,52.8711520973111],[-122.2659371101932,52.881673201856486],[-122.27028037575415,52.88830859998739],[-122.28042171000673,52.88951468766354],[-122.28269189536626,52.89751499831148],[-122.27957410647706,52.90292510528691],[-122.28189071231986,52.906384206444415],[-122.28541001474098,52.90819329088567],[-122.29444818426903,52.90848589062404],[-122.29856840832558,52.911558789918516],[-122.29295950621754,52.92453528601626],[-122.3071287913664,52.938016494543675],[-122.3111121004902,52.94562158882821],[-122.32137599780852,52.950413603735534],[-122.32161421992802,52.95322510317046],[-122.31245769681807,52.96225199347797],[-122.31549680471977,52.96852149219643],[-122.3215723864191,52.974902509877225],[-122.32847550927596,52.97556580154742],[-122.33251779156487,52.98012310137105],[-122.34550931039325,52.98760549656978],[-122.35235600828511,52.989635910783626],[-122.35533639724686,52.993236894665664],[-122.36303640615264,52.99279250197628],[-122.36729549352597,53.00018369897214],[-122.37007938947147,53.00133119212865],[-122.3762760224881,53.00093809984121],[-122.38342108075213,52.995229499559635],[-122.44094429005916,52.99638471388365],[-122.45568731916546,52.99861789630343],[-122.46840167771195,53.00532800099222],[-122.48161069678905,53.00668085730986],[-122.48197059416572,53.02621652014417],[-122.44487721430075,53.026630318946985],[-122.44504116006136,53.04052949548053],[-122.43975183126084,53.040676168589656],[-122.43964164432069,53.055274008786256],[-122.41400273608225,53.05537519872121],[-122.41388977479009,53.069361081291014],[-122.35201351760504,53.06953371276457],[-122.35230069275882,53.0839050423255],[-122.34945720322939,53.0838595674053],[-122.3463467015936,53.079011590457135],[-122.33892581940836,53.07971659949532],[-122.33455391362094,53.07730119272251],[-122.33118079089903,53.07863139000743],[-122.3324612972187,53.08014251319115],[-122.32798006116377,53.21135289283775],[-122.41115860562523,53.21210522861321],[-122.41340908552823,53.23261300437435],[-122.42851746164973,53.23263263965876],[-122.42999255073995,53.26111044231552],[-122.44596267010316,53.260830342334586],[-122.44712096442304,53.29302530271346],[-122.450162889491,53.29312050321845],[-122.45536760044409,53.31348516777231],[-122.46785222883445,53.313605983316315],[-122.47138524680155,53.33057238400573],[-122.4873277499014,53.33094400032553],[-122.48963261033403,53.37259441778369],[-122.34861691243202,53.373491163682424],[-122.34305042706852,53.37711382202941],[-122.34953427175836,53.39012357074597],[-122.34505002847756,53.3994210491167],[-122.32642196866209,53.41165603770147],[-122.32788948967746,53.41806002400972],[-122.33221906741903,53.42402370320066],[-122.3481147037655,53.44008290275185],[-122.33626530052727,53.45012701711975],[-122.30607483498852,53.45003222615601]],[[-121.74405207627214,53.11592852820672],[-121.77429542734136,53.088365835787435],[-121.76079785343185,53.09293440444357],[-121.7518046402902,53.09254363594953],[-121.74981497588783,53.090824173344814],[-121.75061307693488,53.08587093244399],[-121.74703160902645,53.085408325262925],[-121.74246048894514,53.080659186653776],[-121.73637594814537,53.07954301088405],[-121.72326563306329,53.080634617173615],[-121.7184282624908,53.073284837002845],[-121.70877763493127,53.07098814491026],[-121.71004730295788,53.06708482569387],[-121.69705736658364,53.06527319914472],[-121.69795252364095,53.06298748560437],[-121.69466372202146,53.06314520406223],[-121.6911498941956,53.06648492133825],[-121.68399414554717,53.06543409038149],[-121.68087758469386,53.06823542404477],[-121.67826173531817,53.06843463567588],[-121.67684235328535,53.06741451456587],[-121.67911340048383,53.061479395702506],[-121.67076041322832,53.055027803895825],[-121.66493509251383,53.054462544038245],[-121.66355638047666,53.05494184376543],[-121.66581295298512,53.05581982367137],[-121.6622461114349,53.058871457014504],[-121.65870968390635,53.0590374657333],[-121.65685905579505,53.05823423098606],[-121.65915113247654,53.05605405637755],[-121.64257115231196,53.05421270287207],[-121.62893264250964,53.0497370779008],[-121.62779535535903,53.04808994981108],[-121.63055397185491,53.042670820248915],[-121.62987334039158,53.039198326179815],[-121.63717130831252,53.03378439323561],[-121.6322319410066,53.03221367938419],[-121.62541569835854,53.036053737907814],[-121.61365652098667,53.033085005619455],[-121.56704267248985,53.0645723203337],[-121.56244564921673,53.08078902398272],[-121.5599997916424,53.08160322837723],[-121.5568155115675,53.079093989453746],[-121.55088021603976,53.083162035864824],[-121.5436563197205,53.0811894387526],[-121.53034737564819,53.094957029028976],[-121.51726176358943,53.08841603754874],[-121.50943598587524,53.093088102800465],[-121.51238906189782,53.104559215206145],[-121.5169880331798,53.114435134514174],[-121.51842831059237,53.12837610316889],[-121.52784973873466,53.16671665002583],[-121.56586819880499,53.166122842037936],[-121.64725755565726,53.1578478725053],[-121.70888520482151,53.15600861727131],[-121.74405207627214,53.11592852820672]]]},"bbox":[-122.48963261033403,52.714497850551325,-120.41504995582987,53.45691053214181]},{"id":"5941027","type":"Feature","properties":{},"geometry":{"type":"Polygon","coordinates":[[[-124.94476449732124,53.434384865645875],[-124.9341622173531,53.43887093980707],[-124.91447505151156,53.43816499249379],[-124.89881610347241,53.4353061627667],[-124.85508477994483,53.396460835655326],[-124.84006824054173,53.38691615994645],[-124.80588500909325,53.369095260369704],[-124.77970582469605,53.36181014431154],[-124.73662227455797,53.35462321309061],[-124.72829968629894,53.35539619358873],[-124.71916335203517,53.359951889258454],[-124.71331405681008,53.3661688260835],[-124.6972437230378,53.3780912009493],[-124.68844808476969,53.38002364930253],[-124.68117041650908,53.38412549704556],[-124.68413410296954,53.388623290387436],[-124.68751905917146,53.399542729164395],[-124.66123541260674,53.40870829109376],[-124.64734162508222,53.40755032620389],[-124.63762609492962,53.39970784178515],[-124.63434350513052,53.39114023639587],[-124.62884796217887,53.3860323303076],[-124.60641080147056,53.385918641310944],[-124.59773886402373,53.38855097018572],[-124.5735208346358,53.390140512574604],[-124.55428208194155,53.39357277792137],[-124.5384714613233,53.39464170208941],[-124.52320817325896,53.39320689946531],[-124.5157640101403,53.394648390576286],[-124.51764593487812,53.39946345062282],[-124.5232884595899,53.40236854768461],[-124.52613762683602,53.40729830909724],[-124.5278218864722,53.415278874712996],[-124.53230963391493,53.42138404529661],[-124.53744601369299,53.43621400555626],[-124.53255982854346,53.441318697852346],[-124.52215353458593,53.445373227192846],[-124.52091783423107,53.45040234452629],[-124.52739689343221,53.45452232815793],[-124.55209992806256,53.46234849721673],[-124.56115217886973,53.46747303506188],[-124.55193613814338,53.47073976841626],[-124.53405808466312,53.47255326188463],[-124.51848465572051,53.47697198427403],[-124.51736397998319,53.48331139379868],[-124.51278842783607,53.488737326755505],[-124.51386410565088,53.494148644049794],[-124.50919589057817,53.501437183552234],[-124.53683736317092,53.524810273783075],[-124.53649545781474,53.52844804636231],[-124.5280409279789,53.53110877497793],[-124.50477161985981,53.52864485394032],[-124.49637981626168,53.526288494970316],[-124.48523015299378,53.520215914636616],[-124.4391755694628,53.50936464681986],[-124.38130482854812,53.50186319041549],[-124.3812681387235,53.496867545520146],[-124.39327866760819,53.49729713316717],[-124.40432553580105,53.49515365279647],[-124.39879268272044,53.48979398952835],[-124.38615620701545,53.48526076829291],[-124.38639207695043,53.47053214146719],[-124.38473960120278,53.46067778013989],[-124.38097716665365,53.45482000133662],[-124.35363684733689,53.45673790782358],[-124.33766746346184,53.46103562590202],[-124.30564964799079,53.45544480625213],[-124.29468936434748,53.455516334915586],[-124.27970947165389,53.460974042597506],[-124.27970992408117,53.465088651610436],[-124.28655362443722,53.476212933532466],[-124.28081542990941,53.48044451396771],[-124.27008638536195,53.47400945170565],[-124.26631891486946,53.467757020026205],[-124.25384935351151,53.46652498446058],[-124.24878947829293,53.46147363405159],[-124.24623567379184,53.452893673427475],[-124.23861506077317,53.452691780529506],[-124.21565559634044,53.443692572964295],[-124.21828426548034,53.44012537583111],[-124.2193566768569,53.43351609422639],[-124.21919918723093,53.42938404536305],[-124.21538185942853,53.42065043263575],[-124.20856437198304,53.418881275769145],[-124.19874225347056,53.41907626761529],[-124.18050146119761,53.41250025961225],[-124.16832890624434,53.413283730827835],[-124.16093787215074,53.4096836781263],[-124.14475696513512,53.40823911450949],[-124.1366193730422,53.408157106632615],[-124.1229625331206,53.413231161085676],[-124.10862801106373,53.41203274592207],[-124.1049172214681,53.41653971558386],[-124.11272950243361,53.424443644389235],[-124.10460350679747,53.43113972068567],[-124.08589239748667,53.43494921985653],[-124.06971805524329,53.43281526939475],[-124.05620024736604,53.434750686557],[-124.0465562401108,53.43217935751588],[-124.03198082474418,53.4352313052026],[-124.00720912147638,53.44362786024817],[-123.99756090015183,53.443995852451856],[-123.99762864077572,53.484307531969435],[-123.41988096570927,53.4835105367442],[-123.41896027588723,53.47018300821613],[-123.3017093719413,53.47023147630583],[-123.30146398057333,53.360178184165086],[-123.30512038520243,53.28364008590629],[-123.29955872885395,53.284155233455614],[-123.29216019083538,53.28113829266313],[-123.28254728415158,53.285747002564655],[-123.28348770521947,53.289222092026336],[-123.27337209436448,53.288263596646544],[-123.27203869536325,53.28926050390459],[-123.27251321805197,53.29164039382716],[-123.2678190157785,53.293799490194544],[-123.26410409990953,53.29429658712771],[-123.2610446047224,53.2921545060701],[-123.25608397539256,53.29560969551261],[-123.25120307695204,53.29430789303272],[-123.24274411457036,53.3001300900859],[-123.2370926143266,53.29855069028653],[-123.22946960311083,53.30083940860933],[-123.22092000506449,53.29708659551911],[-123.2163874045455,53.301166883726026],[-123.20987071464295,53.3014532071229],[-123.20846350097166,53.30121821222578],[-123.20870559977723,53.2967290915056],[-123.20445899329552,53.296569605516616],[-123.19886849244513,53.29897940829441],[-123.19037168626387,53.29555269946193],[-123.16925762514674,53.29969860322483],[-123.16536050086621,53.298304285815306],[-123.17186669946372,53.29656670749249],[-123.16745309709107,53.291845493557936],[-123.15999528779845,53.29070329155103],[-123.15049642725388,53.292785506305584],[-123.14569649454583,53.290761713204745],[-123.14554091171058,53.28866519926991],[-123.1433197013239,53.28732499785383],[-123.12655520667414,53.291325712297876],[-123.12059484616508,53.289387360555054],[-123.11217488853023,53.28967499418076],[-123.09846471003961,53.293971493673986],[-123.09278631157024,53.29118179201561],[-123.0882276936039,53.291311410643246],[-123.07669239584122,53.28770099927501],[-123.06051781937548,53.290624896562875],[-123.05776058516288,53.2995375996681],[-123.0559250895626,53.30039929013633],[-123.04714152322916,53.29915880708902],[-123.04662759674122,53.296991201239784],[-123.04198677561075,53.29412279407749],[-123.03627150318074,53.29277549202579],[-123.0332106828396,53.294154098727695],[-123.032021502742,53.2918227009294],[-123.02873779890245,53.292252813364065],[-123.02657338442442,53.29068050541237],[-123.02949270598124,53.28984588442764],[-123.0291825899555,53.28864530841835],[-123.02335980323835,53.290209090466924],[-123.02213849192768,53.28851570375855],[-123.02308821337662,53.286540296226214],[-123.01934880111831,53.28668128548134],[-123.01725137854186,53.284911003103346],[-123.02283529770956,53.28179061195182],[-123.02205761227908,53.280557205306025],[-123.01385457656187,53.2804944974825],[-123.0141848064466,53.276617799675456],[-123.00416701168673,53.27527618964994],[-122.9982232059243,53.28123509292219],[-122.99456271992815,53.28170800448267],[-122.99182408445125,53.28463330298281],[-122.97856799759207,53.28305101221083],[-122.97244790857866,53.28391261177095],[-122.97056519140752,53.281687991652085],[-122.967808394798,53.281750700337895],[-122.97029500680472,53.29025040908613],[-122.9737272125391,53.29289368751994],[-122.97109940227702,53.294136996923754],[-122.9659772950756,53.300931899856735],[-122.96028411221836,53.29548719093042],[-122.95297630678897,53.29873719742179],[-122.94704770921264,53.29354598752891],[-122.9440997975405,53.297142102186434],[-122.93681431476922,53.29528070934463],[-122.91868561680968,53.300575969403],[-122.91255241422547,53.29958187953057],[-122.9093501334709,53.30232207850516],[-122.90995644298472,53.306654459691025],[-122.90518023378274,53.308098666931514],[-122.90490152167193,53.31209786543012],[-122.89715578597726,53.31488780474898],[-122.89288340142075,53.31325560240299],[-122.89355237532585,53.30836489802767],[-122.89085119355227,53.30477729687845],[-122.8848781145035,53.30463816966045],[-122.88567777100087,53.27935657834513],[-122.89741188896987,53.2794347900234],[-122.89749686320135,53.272230201544744],[-122.88553899456474,53.2722579905378],[-122.88074710572255,53.13858773117415],[-122.87207374104356,53.088620533588085],[-122.89911715629117,53.035080906207085],[-122.90967630322795,53.0106782283208],[-122.91037612874335,52.95613498875003],[-122.88712659110217,52.956206438976054],[-122.8865661626415,52.959174676828226],[-122.87087137847628,52.95925417297374],[-122.78250259673551,52.95861425383788],[-122.68890152393153,52.95369866077188],[-122.64097182257287,52.95493357852906],[-122.63639583367659,52.95750135594373],[-122.58313652191003,52.954986602962705],[-122.54238794058158,52.95668856193277],[-122.54403113166173,52.978342919130604],[-122.53811419533899,52.97830306436903],[-122.53641752966809,52.97465872476045],[-122.53101510200506,52.973533935870755],[-122.5308628918163,52.97141446078754],[-122.52215685052222,52.97129444227216],[-122.52184198351279,52.959453996286314],[-122.51767858219748,52.95448282436393],[-122.51293981362195,52.954164253796456],[-122.49009978551139,52.94422871011474],[-122.49014009825873,52.94048309110652],[-122.49589350130036,52.93400290341474],[-122.4942495075476,52.9301760835618],[-122.4780702140784,52.917969209015276],[-122.47617109529716,52.913185302923694],[-122.47771337907179,52.90683750292835],[-122.47652950387727,52.90315029544989],[-122.46255381107733,52.889170211441396],[-122.45726119567394,52.87755441038242],[-122.44614048945232,52.86977389037893],[-122.44264500178876,52.8610830940528],[-122.44215120562629,52.85542980038016],[-122.4459457847359,52.84514080139994],[-122.45877607762743,52.82731110180721],[-122.45944409416195,52.819532112852336],[-122.46221651597945,52.81255200024186],[-122.46242111467738,52.79401310042925],[-122.45927269664548,52.77931380215962],[-122.47043830720827,52.76785500031014],[-122.48084770201969,52.76267670084258],[-122.484962987624,52.75775271365829],[-122.4850893990666,52.75361830540489],[-122.47864124228838,52.7456874542502],[-122.47855863871087,52.74284429298023],[-122.48473957667431,52.731298679531115],[-122.48112417797957,52.717078696765554],[-122.48566639157832,52.70726309516579],[-122.4761878970484,52.6945631001656],[-122.46172478290978,52.68764749320736],[-122.45674900045523,52.678088208585976],[-122.46386420157326,52.66898888584353],[-122.48892609026825,52.65612401129401],[-122.49364959450314,52.645214812241534],[-122.48362012756076,52.64238118889294],[-122.48031276279576,52.63345078839516],[-122.46702557365597,52.628851866001625],[-122.46541949379834,52.62701179002935],[-122.46758697849367,52.61888089572381],[-122.47636979339853,52.601636589341425],[-122.48468040429671,52.59726570712594],[-122.48517978211342,52.59437310223705],[-122.4827735553443,52.588529049491555],[-122.49316405190869,52.58771488429272],[-122.4925800150641,52.59060905065236],[-122.49660802560706,52.58996382014438],[-122.49631163587961,52.593973525766586],[-122.50391239245369,52.59414637615579],[-122.50728818470473,52.57798233187088],[-122.50639532452689,52.558039112061884],[-122.48340286584694,52.55721162214491],[-122.48046302466115,52.55944447501696],[-122.47599354096403,52.5678610690104],[-122.47358707252145,52.56793965184435],[-122.48148907931706,52.556339595957404],[-122.48247718539864,52.55396968992694],[-122.48140998632704,52.54960879404604],[-122.47818462053587,52.544796404641374],[-122.47392379813297,52.542449305251736],[-122.45017550476118,52.53821799523857],[-122.44322140217842,52.526021104970944],[-122.44090569947276,52.51402071198057],[-122.43578840503282,52.50309983056982],[-122.43790696835995,52.502764677803356],[-122.44183554873891,52.49521154309309],[-122.44147826753117,52.49913213298903],[-122.46181210030637,52.50781781097486],[-122.47812069817952,52.50658925775506],[-122.68274218102074,52.50738634711439],[-122.90699844623897,52.505775520056325],[-123.30627708417877,52.501024098788626],[-123.99743108056008,52.501312898293534],[-123.99676546133674,52.66625410148236],[-123.99382819044077,52.69588078839554],[-123.995038093378,52.6992099005721],[-123.99378186305579,52.7017109647879],[-123.99651750254124,52.70587559052098],[-123.9995086456632,52.70620777287142],[-124.00320065252104,52.710986070099246],[-124.00117393011043,52.712307682887264],[-124.00279827398317,52.712508892922486],[-124.00316957695826,52.86400407989972],[-124.00179512982372,52.8640287674484],[-124.00205484327309,52.86623767703241],[-124.00027756001548,52.867717476142346],[-123.99415560915516,52.870348502673934],[-124.0007123104374,53.000647874666335],[-125.00033476534162,53.00028240238212],[-125.00061963869994,53.19036995465954],[-125.00455786988505,53.23495963660653],[-124.99545134830927,53.23803436893786],[-125.00118810850327,53.37710794266659],[-125.00172120521948,53.44683820330892],[-124.99267880773394,53.441220030630646],[-124.99232367043798,53.43697140671267],[-124.98472258829499,53.43481545968372],[-124.98383183402942,53.431527792505655],[-124.96475081847284,53.436197366145784],[-124.95302197671002,53.43380048332866],[-124.94476449732124,53.434384865645875]],[[-123.81438448335685,52.985833768990176],[-123.80839791211174,52.98588109417113],[-123.80846684654864,52.990426244927576],[-123.81467010343009,52.99036879983353],[-123.81438448335685,52.985833768990176]],[[-124.32799324901698,53.11814899023662],[-124.32773350132699,53.12295094559099],[-124.34096743051414,53.12347310156519],[-124.3416509148242,53.11861341029701],[-124.32799324901698,53.11814899023662]],[[-123.84926472559599,52.98550815350825],[-123.83675139185786,52.98554304682663],[-123.83699746971276,52.9928877553593],[-123.84893734516201,52.992894161947405],[-123.84926472559599,52.98550815350825]],[[-123.52687012546362,53.18097329076158],[-123.51589738072602,53.18132708519147],[-123.5157972880568,53.18719108225972],[-123.52018503640272,53.18529756170679],[-123.52089192828738,53.186885577222206],[-123.52525043544935,53.18355006390427],[-123.52519890523158,53.18545566707489],[-123.52088018539943,53.188012860434355],[-123.53818744826532,53.1878523810037],[-123.53762857630464,53.18062532037658],[-123.52687012546362,53.18097329076158]],[[-123.51663487341212,53.21372435667426],[-123.51193449005322,53.21183134218313],[-123.5157610796736,53.2119843927358],[-123.51855622498785,53.20939520537495],[-123.51571850134489,53.20755939669446],[-123.51737586892327,53.20567918416068],[-123.51755658456688,53.200819049254875],[-123.49391650873406,53.20276674194624],[-123.49435669654946,53.20721236352808],[-123.49211260740715,53.210958890588365],[-123.49390113418659,53.212741254995976],[-123.4906190023881,53.225949884088315],[-123.49818176233673,53.22478611229571],[-123.51734443070103,53.22551499553227],[-123.51663487341212,53.21372435667426]],[[-124.48883945345197,53.08204846603012],[-124.48733752340156,53.08351648604229],[-124.48852462907993,53.08632506214325],[-124.46300028909474,53.090684309471676],[-124.46291372633395,53.097358299334836],[-124.51118099683978,53.09774889155407],[-124.51162177314895,53.08261260602045],[-124.48883945345197,53.08204846603012]],[[-123.58562651746516,52.94083877946637],[-123.5779576319268,52.93952035780772],[-123.57503348215177,52.93548844718464],[-123.56585827441269,52.935510239720045],[-123.56648454634272,52.94505602298471],[-123.57329193232175,52.94484378917629],[-123.57362207184957,52.96389279978097],[-123.58579808277844,52.96408138788402],[-123.58634477214112,52.972149055123396],[-123.6044367404664,52.97206335462493],[-123.60463097191365,52.96373339819726],[-123.59220008850895,52.96377683305836],[-123.58897075880273,52.95359099145888],[-123.59114370129258,52.940893933220345],[-123.58562651746516,52.94083877946637]]]},"bbox":[-125.00455786988505,52.49521154309309,-122.43578840503282,53.53110877497793]},{"id":"5941039","type":"Feature","properties":{},"geometry":{"type":"Polygon","coordinates":[[[-126.30055395409514,53.00011450283068],[-124.0007123104374,53.000647874666335],[-123.99415560915516,52.870348502673934],[-124.00027756001548,52.867717476142346],[-124.00205484327309,52.86623767703241],[-124.00179512982372,52.8640287674484],[-124.00316957695826,52.86400407989972],[-124.00279827398317,52.712508892922486],[-124.00117393011043,52.712307682887264],[-124.00320065252104,52.710986070099246],[-123.9995086456632,52.70620777287142],[-123.99651750254124,52.70587559052098],[-123.99378186305579,52.7017109647879],[-123.995038093378,52.6992099005721],[-123.99382819044077,52.69588078839554],[-123.99676546133674,52.66625410148236],[-123.99743106702773,52.50137937028127],[-123.99941074268109,52.501378098751736],[-123.99698780411805,52.352096503097854],[-123.99805031302118,52.3295100998419],[-123.99619509915983,52.32811578873002],[-123.9974718118509,52.32661320778085],[-123.99582952069835,52.32230640299889],[-123.99783389610839,52.319175998611406],[-123.99619069744706,52.31794258853092],[-123.99663139873144,52.31599859831142],[-123.97518910184655,52.31401760035323],[-123.96793041750814,52.31007529332173],[-123.95733182171129,52.309693598807826],[-123.95291299493736,52.30529849181205],[-123.94560078521476,52.30193590685976],[-123.93977988313434,52.30118679286981],[-123.94062429409317,52.2965309934801],[-123.93710040200929,52.29406890559209],[-123.93637090431676,52.29292279375858],[-123.93807260232674,52.29199209551785],[-123.9341403253206,52.29039270560827],[-123.9313940917478,52.28550330461155],[-123.92631758550851,52.28344119899563],[-123.92245120848307,52.284745686737715],[-123.91834658790849,52.2812734999855],[-123.91080190947449,52.27958439336139],[-123.90846051873106,52.27451989810889],[-123.91083859717533,52.270915200831354],[-123.90331518855147,52.26940839788094],[-123.89902648535887,52.27110320744204],[-123.89636119594076,52.2703911065581],[-123.89905201461126,52.263789889281185],[-123.8942646983751,52.26265528658301],[-123.89476861644229,52.25910290259738],[-123.8916594952546,52.25076979905244],[-123.88841849199291,52.24782741641679],[-123.88522789532074,52.24822759134184],[-123.8837274941641,52.24466279125366],[-123.88600180710638,52.244395599507534],[-123.88553148519587,52.24297369854626],[-123.88276641014103,52.2446443030552],[-123.87981780309532,52.244201300180634],[-123.87933650165209,52.24263759291489],[-123.86172909585629,52.231847305785635],[-123.85872381929009,52.227145999579776],[-123.85874960408547,52.22167180562789],[-123.8551920782981,52.217876300324086],[-123.84983058536454,52.21877209283561],[-123.84672299932157,52.214757201507304],[-123.84826057649484,52.20948769944693],[-123.84563950604418,52.209164408112244],[-123.84646868835588,52.20690128971603],[-123.8381290976875,52.19958940015741],[-123.83793490021367,52.197457395584856],[-123.84035480674633,52.196421986149765],[-123.83705599836287,52.193492414040854],[-123.83730308354562,52.18933079279359],[-123.8314880170469,52.18349010348178],[-123.82584340289567,52.181417900586894],[-123.81459729871166,52.182355105985856],[-123.80636677200397,52.18018459509933],[-123.80257478635437,52.180882391380365],[-123.80405878939214,52.18375510201274],[-123.80097059603473,52.18535161062768],[-123.78800400246728,52.185895607205474],[-123.78551430580316,52.182480399212885],[-123.78114910309559,52.18143710437913],[-123.78162649506845,52.178838713020895],[-123.77891809372072,52.17804820851658],[-123.7782230154146,52.17345520236768],[-123.76650410564312,52.171681989743455],[-123.7677417874383,52.1707804961531],[-123.76251651131275,52.16650790876135],[-123.76068191654116,52.1677099091848],[-123.75517230304601,52.16596520280573],[-123.75555642198948,52.164660706735155],[-123.7516774949433,52.16463928854721],[-123.75060899903767,52.16734669529954],[-123.746653599705,52.167353903381056],[-123.74730569701046,52.166037913006654],[-123.74259199974118,52.16702059686258],[-123.74241210899955,52.16430319157703],[-123.73360372161828,52.16218830108107],[-123.72603028143345,52.162323597541494],[-123.72504758816056,52.15935690188129],[-123.7208957104709,52.16025269717745],[-123.7226415923965,52.15717929141366],[-123.7200724999239,52.15663669815079],[-123.72126619407624,52.154365110500365],[-123.71845509917986,52.14942019181617],[-123.71106768469448,52.148893292601635],[-123.70588668590288,52.14541109804662],[-123.70122779436453,52.14598221633845],[-123.6935945087223,52.1406798076425],[-123.69387978977664,52.13075170245089],[-123.68821591431389,52.12730649625879],[-123.68618781551926,52.12894860892087],[-123.68246702062392,52.12375169726162],[-123.68499490789083,52.12260810317471],[-123.6828266900896,52.12062980307855],[-123.68493641054948,52.117852611509235],[-123.68304219385591,52.11711059837691],[-123.68437769976791,52.11504410805694],[-123.6818034828388,52.113520203142954],[-123.68277568688698,52.11150060631639],[-123.67987221386497,52.11125570749027],[-123.67593928517074,52.10406059125264],[-123.66449440813845,52.096902484727785],[-123.6555373179157,52.08894969547664],[-123.64814464756596,52.088026863188894],[-123.64607790856451,52.08536786510352],[-123.64127485113373,52.08524966942812],[-123.6337574251915,52.08200816329901],[-123.623972420091,52.08152107379921],[-123.62209982822952,52.0801011563597],[-123.62323444361537,52.078836457956854],[-123.61709362389804,52.07680976571634],[-123.61525394415621,52.078887770261545],[-123.61172924419468,52.0793463705377],[-123.60234734769344,52.07729977236791],[-123.59168325850344,52.079719474150274],[-123.58494713265475,52.07688386918761],[-123.57758753697208,52.082126357866855],[-123.57559412290283,52.08026637284356],[-123.56856854006382,52.08088446074987],[-123.56339362776527,52.084856564397995],[-123.55302985814988,52.08793437211768],[-123.55290891276836,52.074219270486964],[-123.55051545927523,52.068146468278655],[-123.56216611252776,52.060703394322324],[-123.56969111629527,52.059753394971956],[-123.57707887202089,52.05514179594489],[-123.57573542016797,52.04970130636828],[-123.58719747244355,52.04181689506457],[-123.58968300163129,52.03826488838602],[-123.59575729070836,52.03742469403338],[-123.60269328937336,52.0319713968954],[-123.61005651493542,52.03378150735674],[-123.60751821225963,52.030085699189314],[-123.60850662086838,52.02848209813938],[-123.61629501118095,52.02963569147871],[-123.63569021812656,52.02813169966592],[-123.64647919691004,52.02555819131808],[-123.64849110107808,52.02420369606861],[-123.6491434912862,52.01700999051933],[-123.65106100244965,52.014240009698156],[-123.66234472296988,52.01358620062571],[-123.67505050566274,52.00969069121399],[-123.67810659285948,52.00621270863269],[-123.67226377668935,52.00174819805223],[-123.67992740964537,51.998586491532755],[-123.68132098984975,51.99575859381707],[-123.68825102313349,51.99639090671473],[-123.69229550838645,51.99328505851903],[-123.68877780857986,51.98735090431332],[-123.69067340088127,51.98522450187215],[-123.68648510189877,51.978311390402226],[-123.68311920703631,51.976136707514684],[-123.68747440311701,51.96980889786388],[-123.6868242020689,51.966810897533634],[-123.6743896190287,51.95857329589206],[-123.66522668259118,51.95621339202399],[-123.6627130113887,51.95362699014222],[-123.66616170611266,51.95114460765597],[-123.6677668048911,51.94679790077706],[-123.66508999650095,51.94058699326436],[-123.66850690845786,51.93173689435457],[-123.66787921205908,51.92874318969613],[-123.67252641419547,51.92510150014826],[-123.67373881834278,51.92175460702702],[-123.6771608971884,51.9207135095641],[-123.6775121975328,51.91842200761331],[-123.6806178923119,51.91760310784333],[-123.68359061030401,51.914108090250366],[-123.68458569489673,51.910956297750914],[-123.69023280690226,51.90467699803537],[-123.6918463144556,51.89886539815076],[-123.69713031192126,51.894019599802355],[-123.69803338933636,51.88677610432814],[-123.69534961625625,51.88181129494446],[-123.69597551453792,51.877596999137914],[-123.69281728663411,51.87435840633566],[-123.69370349235467,51.872082503933925],[-123.68898160707342,51.86194639681042],[-123.69014990908295,51.86004369870608],[-123.68926250671142,51.852812883248866],[-123.68583759752757,51.84896191131115],[-123.68586968310785,51.84534580296253],[-123.68072178654977,51.84052199303398],[-123.67685369703486,51.82992731567952],[-123.67322008582299,51.827825199410746],[-123.6788876922039,51.81785289593202],[-123.66815059266543,51.808980107833904],[-123.65790230611663,51.80465460877865],[-123.65809778201857,51.79939510541347],[-123.65459940936742,51.799456389516294],[-123.66319769185179,51.79259209464644],[-123.67009831644401,51.789760308769644],[-123.66560620255632,51.78426720639713],[-123.65315338809283,51.78275611084918],[-123.6500662123295,51.77900470657903],[-123.64799879425861,51.77223121212371],[-123.65186071191994,51.768314608409916],[-123.64892109248363,51.7609727993176],[-123.65095948763215,51.75062310598848],[-123.65362030469788,51.7485992922898],[-123.6533434900206,51.74594600436507],[-123.66478622097289,51.73677410689484],[-123.67765448450533,51.73041209302051],[-123.67894728605405,51.72617080277513],[-123.68208869755654,51.72352039827495],[-123.69591309950903,51.72292361016684],[-123.70054189045665,51.71970211234597],[-123.70215400019313,51.71589370697682],[-123.70544002294363,51.714328504003284],[-123.70531882178793,51.71144450133287],[-123.71504051515593,51.70034559293461],[-123.71099520545516,51.697215189594516],[-123.71730250645469,51.69423718563035],[-123.71456999890957,51.688470587706476],[-123.72145098026097,51.686016698341554],[-123.72134878833658,51.681312493463665],[-123.72990821759952,51.67357049900659],[-123.74184749443792,51.673264301833136],[-123.74959211091529,51.669077902790235],[-123.74802790482383,51.66567679506441],[-123.74900159532933,51.66342159737552],[-123.74542688515831,51.65853529946642],[-123.74869759741931,51.65074608884482],[-123.74488651970898,51.64727390454905],[-123.73968209454209,51.63730869650951],[-123.7400095134602,51.63373389715764],[-123.74223249777715,51.63244700894533],[-123.73897898483781,51.631997791697],[-123.7386175167771,51.62894570501046],[-123.73510331218338,51.62687919687665],[-123.7365240926322,51.62145871340955],[-123.73907331321303,51.61927249678369],[-123.73316052302987,51.61709630100148],[-123.73217739590447,51.602845693720255],[-123.73354237981663,51.60063530198595],[-123.72843190759836,51.59703780138052],[-123.72798370395311,51.59387460455338],[-123.72599810487563,51.59252868724169],[-123.72077228541451,51.59300300925803],[-123.71759298066173,51.59581439665457],[-123.71392589280892,51.594776099807625],[-123.71142930601508,51.597042010341475],[-123.70635279948617,51.59688109844613],[-123.69586941059502,51.59260419619939],[-123.69608822869758,51.58940540504473],[-123.70452200197913,51.58750118998398],[-123.70361449432423,51.582534989560834],[-123.71141547361249,51.57993159524093],[-123.7090606942563,51.57660889028821],[-123.71015339938204,51.573079998688264],[-123.70666931456788,51.56592309369927],[-123.69982069844343,51.565854707733244],[-123.69747138656241,51.56034730160086],[-123.6906740226638,51.55704450165397],[-123.69838111521575,51.55627260780499],[-123.69769601413631,51.549312504089336],[-123.69314411591348,51.54520790132854],[-123.69333329628995,51.54276110290855],[-123.69133118160849,51.54160749964434],[-123.69225031453271,51.53885880529312],[-123.68997370148946,51.53505621033856],[-123.68193072250752,51.530192506933204],[-123.68179680517075,51.5264681965473],[-123.67413160063957,51.52043239286076],[-123.67482189938082,51.51001290528626],[-123.68219527675723,51.49503869634289],[-123.68742321563352,51.4933410934856],[-123.6890911916024,51.49046760623233],[-123.6946941973651,51.489088413614645],[-123.69573248495526,51.487259994080695],[-123.69379041184716,51.48436858934185],[-123.69431770474256,51.48218520572275],[-123.69785382003519,51.480131496722834],[-123.69901380013891,51.47663508801433],[-123.70746791646116,51.47534377894175],[-123.70817698451259,51.4697973931649],[-123.7016429866291,51.46910250492101],[-123.70513651142693,51.463535195469476],[-123.69846968055124,51.458618793787586],[-123.68943279569642,51.45903760457142],[-123.69198669361407,51.452726910939326],[-123.68770489141802,51.454027191602464],[-123.68452531435561,51.45092099123225],[-123.67585907705406,51.44928169455517],[-123.67700890462942,51.44692041159844],[-123.68433117920699,51.444329794526276],[-123.67818998305658,51.44500340266366],[-123.67103831014502,51.44245119440295],[-123.67309038395038,51.43930229761621],[-123.67978980660169,51.437211586400224],[-123.67874911504033,51.434329598031546],[-123.67323181141008,51.432337895198295],[-123.67271900817934,51.42652288546187],[-123.66963927840251,51.4247241013384],[-123.6690383912627,51.42652000732061],[-123.66248639192999,51.425802200754035],[-123.66037229150655,51.420859903982425],[-123.65486662579573,51.4167140035655],[-123.65511979057196,51.415135793674956],[-123.64957227758691,51.413682195895156],[-123.65016832570498,51.410580303642895],[-123.64457582080131,51.40463990651581],[-123.63548289273571,51.40185410921035],[-123.6343520963388,51.39939879468548],[-123.63589009443787,51.396752593777045],[-123.63056859653366,51.39367630399516],[-123.62984019125533,51.39083390653776],[-123.63392547354022,51.38683009495054],[-123.63375909119759,51.38188099623605],[-123.62860079382061,51.3750705035772],[-123.62794842257101,51.36784380299563],[-123.60994930179442,51.3096276872792],[-123.6001969102973,51.29995110523287],[-123.58644890191987,51.27778039612876],[-123.59476599605661,51.227568398865046],[-123.59100668112536,51.219549494199924],[-123.58740241573125,51.21657410382417],[-123.5899471751612,51.20616967170426],[-123.55297016458516,51.17562042944077],[-123.5483780912112,51.16075169441885],[-123.54224610912634,51.1594752052458],[-123.53548848420469,51.151628453159205],[-123.50933383537237,51.139936571996955],[-123.4944658722614,51.14314858938917],[-123.48525593788817,51.13908519865377],[-123.47863420710716,51.138136920257814],[-123.46941635411109,51.132949035628705],[-123.46046978157268,51.13214539668606],[-123.45485419896613,51.12860276251484],[-123.44046312891237,51.12402856430302],[-123.41811591866923,51.1218867030014],[-123.41304977476737,51.11799788907392],[-123.40030490447997,51.11295085945302],[-123.40409402918957,51.10941617142071],[-123.38821907098338,51.109564943723484],[-123.35282781671613,51.10382966265091],[-123.27034002663584,51.080767689133445],[-123.26653842399335,51.07591863382684],[-123.255435198756,51.0682991146908],[-123.25164280638981,51.05824405025656],[-123.2521172290611,51.053245218684026],[-123.24928221136865,51.043954786009095],[-123.25261154573421,51.04149032660041],[-123.25230093166503,51.03143925783714],[-123.25519443682366,51.02546513753571],[-123.24987605717341,51.01207816958236],[-123.24432326771905,51.0073054951066],[-123.2423735545944,51.00263356436318],[-123.24344186576117,51.000393903187984],[-123.29452643023193,50.99461293940018],[-123.29795546744728,50.98721540818094],[-123.31383998327179,50.98125773774357],[-123.32234572754237,50.985194091677634],[-123.32547588188034,50.99138719484201],[-123.33485208503178,50.9923800361826],[-123.35956387893543,50.9904078999468],[-123.37148723105622,51.00289942108363],[-123.37733246094791,51.00466116743834],[-123.38381852350385,51.00432456737357],[-123.39061829960139,50.996615007632776],[-123.39806576829093,50.994246097257665],[-123.40225953749078,50.988229814260364],[-123.43437241314919,50.98533407558012],[-123.45174819356706,50.98080406212253],[-123.5028931595716,50.95886713416238],[-123.51262669151588,50.95408272512131],[-123.51572665229624,50.947043339859015],[-123.53553541935365,50.939662772618654],[-123.55258591629452,50.92813590674057],[-123.57743508270683,50.93133065104648],[-123.59394249355746,50.92185909476082],[-123.60100134256324,50.9135354884695],[-123.60157685982084,50.90838056461412],[-123.60709048703409,50.901569833658286],[-123.61711516097806,50.89701130388083],[-123.62878672678258,50.89530606147843],[-123.63699652034524,50.89917826841749],[-123.65507689475383,50.90149242937621],[-123.6639223570866,50.89609380090811],[-123.66218832366094,50.88037910943516],[-123.66678941633774,50.87693883344],[-123.68099641617437,50.88254742656292],[-123.69891292990953,50.8852316716051],[-123.70946906125077,50.88421471005877],[-123.73700070207084,50.8871853713777],[-123.75065267678643,50.88673637263213],[-123.75821747501882,50.883463993482124],[-123.76136420335077,50.888295987822836],[-123.75870693284996,50.90501744716056],[-123.7657888612696,50.91079016765483],[-123.77982256190691,50.906598030362964],[-123.79006579893351,50.910616905635365],[-123.8045900026671,50.911180034442545],[-123.82355681568473,50.90428795212148],[-123.83152714341176,50.90448600267875],[-123.83510537880639,50.912792355440025],[-123.82724221877602,50.92409390259681],[-123.83461670031078,50.927789886284266],[-123.83829662251715,50.93441544348501],[-123.86498751473663,50.9399694029313],[-123.874130143033,50.94568544796951],[-123.87485712794735,50.950704549435535],[-123.8818756528685,50.948600854881484],[-123.89420855048101,50.94005205564509],[-123.90979057811803,50.94418717608019],[-123.91986507182494,50.94200576588258],[-123.91648448816824,50.93694019067155],[-123.93665514797094,50.936184947003746],[-123.94344192830556,50.94634474156148],[-123.9518508983699,50.95000689526062],[-123.96363652584505,50.95216396965553],[-123.97137661062814,50.95803643875488],[-123.9827146239787,50.96265502564083],[-123.99579815682269,50.962711443680845],[-124.00226792050682,50.96474097473178],[-124.00224901670859,50.958171766640476],[-124.02769647330432,50.944371878836726],[-124.03205184215524,50.94525155490732],[-124.04216754328476,50.942622640482426],[-124.04541591583022,50.94652725340156],[-124.04579153821203,50.95143778461183],[-124.05068752449628,50.955260541974845],[-124.05994498589422,50.958892057455685],[-124.06675245039784,50.977075954189864],[-124.07342559769006,50.98507375030216],[-124.0829290920813,50.986297346143225],[-124.09063140643082,50.99171028558696],[-124.08327980358455,51.00121133282582],[-124.08714760732138,51.00969932464525],[-124.09782643844193,51.01417181976293],[-124.11390114202536,51.01497609300892],[-124.13013888915386,51.023459306096235],[-124.13768322184556,51.03066251649305],[-124.14867400301968,51.031852305721934],[-124.16018590021011,51.042291131179326],[-124.16351855013563,51.048034531448934],[-124.16163231887745,51.052840985368796],[-124.16922746143663,51.05540954596485],[-124.17316800622255,51.0614837463804],[-124.15989144695237,51.07777644553875],[-124.1656938016313,51.08097651343877],[-124.17026127599723,51.088116296238596],[-124.16952314020642,51.10081660058221],[-124.17460495789734,51.10960478693715],[-124.17482056554307,51.11822002205617],[-124.16802810768436,51.12602413382644],[-124.17562893247405,51.13212334624745],[-124.18413160272009,51.12978285621841],[-124.18679813183607,51.13280241022833],[-124.18532611031469,51.13529324182165],[-124.2452709845477,51.148527718436576],[-124.26897006595529,51.13917856541699],[-124.29731995601267,51.137433922417],[-124.35088366072205,51.146924669175064],[-124.37597315034421,51.142674120674656],[-124.37803569734706,51.15828187268423],[-124.37604214675382,51.17317311802184],[-124.3664059301865,51.196030473035286],[-124.36896881909145,51.20008500780664],[-124.37918408263214,51.193278522451045],[-124.40248995313146,51.1881150460228],[-124.41801378929082,51.17435527337607],[-124.42984090957381,51.168873247064305],[-124.4231892835027,51.16353750320506],[-124.41984269597761,51.1572710742609],[-124.42227136629243,51.151817098165075],[-124.43378308369802,51.14839911144962],[-124.498402491511,51.16654172900666],[-124.52453079620788,51.169853865153904],[-124.54017649842737,51.17555771351156],[-124.54480489961671,51.17954292294219],[-124.56054806264524,51.181237899788606],[-124.57017871782537,51.17961224075709],[-124.58082605475147,51.18108498847398],[-124.59401977630635,51.18741824619518],[-124.6035725655107,51.187781137963775],[-124.6124470303019,51.19561760094548],[-124.6204441329434,51.19481185498382],[-124.62599429345966,51.19647013208953],[-124.63055495510298,51.20106548896722],[-124.65581761340661,51.207150089438485],[-124.67675497419715,51.2192475991427],[-124.67959191898521,51.20894729292415],[-124.68661496549167,51.20445219887596],[-124.71469104895273,51.225604614416085],[-124.76203153464698,51.238223844778034],[-124.76679851547134,51.24348754489546],[-124.77131250132994,51.26012885631316],[-124.78226459936657,51.289089243143344],[-124.79976342245921,51.30542416060029],[-124.80380283093179,51.30561794058258],[-124.81047264937938,51.30875818376688],[-124.84029829189643,51.31075290141557],[-124.84731131432478,51.31468848018404],[-124.85302696617994,51.31507279401021],[-124.86209710921948,51.31929971089667],[-124.87237369330144,51.321740847179875],[-124.87908656576955,51.32092700536136],[-124.8878748564479,51.33039189721191],[-124.89939257625018,51.33271470421964],[-124.91262876182086,51.33250618088699],[-124.93031073011436,51.328507374117095],[-124.93701066354679,51.330123718442245],[-124.94290368663424,51.32857180081122],[-124.96529312903449,51.328250531242325],[-124.96571206654303,51.33473767272521],[-124.96928888983533,51.33896942761559],[-124.97501405964182,51.341308288606704],[-124.9945075663686,51.34286387547074],[-125.00900702942049,51.34971769733558],[-125.02016693655797,51.351785933293556],[-125.04170365204814,51.352132871457016],[-125.04812863116042,51.355060149117925],[-125.0558122649891,51.35528917511263],[-125.06192941090612,51.35739127147664],[-125.06578906221107,51.35394449105775],[-125.07569885481021,51.35252851520728],[-125.09383154580468,51.35923793155291],[-125.11357815534166,51.36054395308035],[-125.13118588452176,51.3640693289621],[-125.15295549251849,51.373722191172355],[-125.1607693687548,51.37586433283832],[-125.16730833869045,51.375001586229146],[-125.17057077448256,51.376913960376925],[-125.16675180673406,51.37974629839551],[-125.16655276502738,51.38309674440624],[-125.17136607686119,51.39203682654582],[-125.17711158308437,51.39857993963089],[-125.18534597934263,51.40019602432488],[-125.1972649742848,51.39963737066809],[-125.20562657842922,51.39474249634487],[-125.21460040269608,51.39229463687573],[-125.22819916290186,51.394684622136644],[-125.25100434677246,51.39374065532946],[-125.25620425171113,51.388671819238034],[-125.25790750126873,51.38290136025887],[-125.26666799286991,51.37685835244046],[-125.27646733478315,51.38058663408974],[-125.31458138941004,51.38984985907671],[-125.32662925677755,51.395869703631064],[-125.33856416005023,51.40905468157214],[-125.34194730821675,51.4189937553509],[-125.34137067768775,51.42632788605188],[-125.33692210143306,51.43314234631252],[-125.33093686366362,51.43854350873023],[-125.33601116157051,51.44414625882799],[-125.33153591432819,51.450016588076004],[-125.32693638106944,51.453645122186586],[-125.31766066613939,51.454070097906936],[-125.31163352591737,51.459398808143995],[-125.32276117553758,51.46785678860783],[-125.34520140836217,51.478908957202904],[-125.33992730735395,51.4813938897623],[-125.33783983499484,51.4853361830961],[-125.31474152864186,51.47962363161147],[-125.30405651748403,51.47867803154821],[-125.2965259444166,51.474793084088766],[-125.28956318538204,51.47560035351145],[-125.28600910519427,51.48064218246366],[-125.27866040372362,51.486526381715095],[-125.28899032986746,51.50482928641422],[-125.27161099858358,51.50752427430842],[-125.25973308805878,51.51177757117061],[-125.24865919787959,51.51055588776184],[-125.24184832008685,51.518157434247144],[-125.24098663210042,51.52385475436661],[-125.24551978878668,51.52662477910341],[-125.2522917589792,51.526872373936314],[-125.26176916453808,51.53397803987509],[-125.2667683175605,51.54066457449156],[-125.26747871607158,51.54907054549494],[-125.26323318964144,51.552143977532936],[-125.23788238074847,51.55975462739834],[-125.23564235227657,51.56133253517184],[-125.2343873266785,51.56563431949833],[-125.23532362595583,51.570300617784675],[-125.2378923034061,51.5720687356008],[-125.28417070146766,51.58096996297231],[-125.29216394670952,51.584244583553854],[-125.29603158006435,51.58939485976146],[-125.29202315688823,51.609330513646505],[-125.23288209991983,51.6404873187441],[-125.22906816131501,51.64436555446714],[-125.2289602509188,51.64690839540642],[-125.2400858689257,51.65619351198782],[-125.24539228515751,51.66487782563606],[-125.24839608468695,51.67574074595033],[-125.24710687523769,51.67967305543121],[-125.2385460080091,51.687765445855725],[-125.23425379684184,51.694126840123396],[-125.23507740262842,51.69999536634667],[-125.25654760170966,51.72323051376821],[-125.25489290442411,51.73233033050244],[-125.24769656563251,51.7350970712025],[-125.24887577713325,51.737271346826915],[-125.24717545768286,51.74061351977175],[-125.24040721313216,51.74384128304675],[-125.23774585432089,51.74858542762102],[-125.24202398318526,51.75453451513124],[-125.25213084096208,51.761252535681294],[-125.25471455788579,51.765080665898196],[-125.26625192920733,51.76815860749069],[-125.27446515531574,51.77238638869668],[-125.28099141342116,51.77101094550903],[-125.2898255078817,51.77179985236776],[-125.31113204281529,51.77832242946659],[-125.32803015630735,51.78012903856062],[-125.34125565037775,51.7845337074366],[-125.3488709564531,51.79066340236819],[-125.36945998601644,51.787464757201604],[-125.3794556191198,51.789327538921476],[-125.38638464139639,51.79670512886805],[-125.38886662512803,51.80207170000524],[-125.40029284789651,51.80787193225703],[-125.4108488445366,51.81773536368466],[-125.41660331395725,51.820069546864445],[-125.41861721653775,51.823268654628535],[-125.41671443273115,51.826691245643715],[-125.40651205253236,51.82870110173799],[-125.4046076137043,51.83318234711258],[-125.40627975665824,51.83813721300335],[-125.41505761128893,51.84141139581235],[-125.42781247541436,51.84179553390579],[-125.43841213985004,51.83867805663486],[-125.45383789053935,51.841138639917105],[-125.4630070755558,51.840466792676295],[-125.46337346908695,51.84425571513924],[-125.45920790433262,51.85045566179056],[-125.46175931339266,51.85844934799893],[-125.46630755367136,51.8641771141164],[-125.48620376735192,51.86546444435563],[-125.49648610092366,51.864573223889785],[-125.50155540527467,51.86757308199169],[-125.51362421834006,51.86820168856087],[-125.50548194215574,51.87674887701235],[-125.5013208981022,51.87841562432417],[-125.49860876399737,51.883410283401275],[-125.49646438772882,51.898011200144914],[-125.48747494238208,51.91582048382069],[-125.48910895363788,51.918525270954184],[-125.51550133946948,51.933928914951935],[-125.52858045482516,51.93884594324751],[-125.53930215387278,51.933095950488045],[-125.53765438021051,51.92564918992044],[-125.5297310928707,51.92047313310189],[-125.52946441903991,51.91703459701806],[-125.53557989909976,51.91265401595645],[-125.54405434834933,51.91046566864067],[-125.55811149095193,51.915701610727126],[-125.56824994501464,51.91617625375837],[-125.57529156145388,51.91336322092696],[-125.57796609021943,51.91571759698657],[-125.58041454990811,51.923769332426325],[-125.5762717619095,51.92707087836643],[-125.57481475637091,51.93149946974115],[-125.5892361715109,51.94272219663424],[-125.58955434154267,51.94493425405623],[-125.58487695973501,51.949813692759435],[-125.58584579622104,51.95166764195688],[-125.6044187491417,51.96723601734432],[-125.59806537795787,51.974316059781366],[-125.59973823982976,51.97628303789272],[-125.6118836412407,51.97715296483802],[-125.61490107200785,51.981573738421176],[-125.6163212207134,51.98786005645336],[-125.6117957820646,51.99388723244016],[-125.61059984454923,51.99932844493107],[-125.60689379026145,52.00067828481481],[-125.60256127273902,52.00638881044115],[-125.60330451235103,52.012295830826965],[-125.5997942462908,52.02299669452036],[-125.59098796166644,52.026912285314],[-125.5796017104407,52.05557332092106],[-125.59050948098655,52.05383685267927],[-125.60596072845479,52.05698885021167],[-125.61837736994156,52.052473371050205],[-125.6233674177722,52.04876867238192],[-125.64426633817254,52.05204247259006],[-125.6590972256866,52.06056285453166],[-125.6597606314323,52.06695705665443],[-125.66514343515492,52.07282446277566],[-125.6647860250182,52.086713036429316],[-125.66103375059775,52.093834913116936],[-125.66191023155618,52.10038452303335],[-125.67388565762789,52.10917141833124],[-125.66962793951333,52.116599499722255],[-125.66884336679556,52.12203434999077],[-125.65934129306443,52.12835433782051],[-125.64574789786236,52.12934682435533],[-125.64633397790871,52.13747307666244],[-125.62986122934238,52.13962544485986],[-125.63068877135613,52.14717323873321],[-125.6295973078947,52.149161336533744],[-125.61512629908134,52.1492380730992],[-125.60885799206366,52.15143933457285],[-125.59922426936411,52.158469943781874],[-125.5911613685433,52.1594169566207],[-125.57367570484057,52.15800021736459],[-125.5729470455977,52.173051264089175],[-125.5660235700586,52.1748421451023],[-125.54559160979144,52.16742256104972],[-125.48272764944387,52.177553677801754],[-125.4626236558857,52.18692333320614],[-125.45363063788415,52.19639468490397],[-125.45135843920006,52.20455320517209],[-125.45599786304996,52.20875026411016],[-125.45780548125141,52.21425823538926],[-125.47955730321345,52.223279774256305],[-125.48568233558974,52.227841439617606],[-125.50266766059593,52.22926205526553],[-125.50860936982981,52.2341398230088],[-125.50878070671328,52.24048830427334],[-125.51380888708252,52.24269030956637],[-125.51094328885122,52.246874860292834],[-125.49925530108956,52.24967320697003],[-125.49042039935689,52.2496439100749],[-125.48538745060097,52.25275252525126],[-125.48866444657365,52.25688493108164],[-125.48446102736922,52.261343648296254],[-125.47746974963073,52.28009560630345],[-125.46871010164735,52.28641769480795],[-125.46210668180463,52.288292101602664],[-125.4551770204735,52.28705111584193],[-125.44819212296481,52.280762260698886],[-125.43940268767369,52.27615946273263],[-125.42841218259223,52.276123750208704],[-125.42090532158703,52.280477776389546],[-125.4193222414962,52.28881550044331],[-125.40385522180472,52.300475509643164],[-125.40059175496754,52.308281044838324],[-125.39202002385495,52.31209782683369],[-125.38120448346962,52.314194890293706],[-125.37791354608733,52.31747468214291],[-125.38433185331971,52.32714957469041],[-125.38280980997642,52.32956318331962],[-125.36332253747129,52.33233063278007],[-125.34947695113812,52.33718530487158],[-125.34371562095295,52.344941825381696],[-125.35153211656306,52.35203240440379],[-125.35338061927882,52.35733206695391],[-125.35866136089028,52.363831873096615],[-125.35939566919869,52.3663590295057],[-125.35528090861725,52.37089200632896],[-125.35574399699425,52.375982218308245],[-125.35864714980592,52.380694146774054],[-125.36533828029445,52.386014662703694],[-125.38404476583929,52.395726025595835],[-125.40648571583355,52.3953560007089],[-125.41630388673218,52.39812753042274],[-125.42969316200254,52.40451263954249],[-125.45113366416923,52.4048052888235],[-125.45627808458516,52.40084760920377],[-125.46641476255272,52.398774618980156],[-125.47978452973685,52.40218853384554],[-125.4852198099971,52.40831460244656],[-125.48942453444671,52.42180678578395],[-125.48938222055145,52.431965100477576],[-125.4828339099203,52.437965412436974],[-125.47682043632335,52.447603425021576],[-125.47574975934182,52.45291363826565],[-125.47213717101172,52.45542207395737],[-125.45741541154035,52.458460140612594],[-125.45469070927405,52.4642761800845],[-125.45601831925048,52.471541383237465],[-125.46087839580801,52.47355693753784],[-125.46253357259572,52.47850677881398],[-125.47212418153525,52.48128040214575],[-125.48304486084787,52.47929780227784],[-125.49477223827512,52.48056799419896],[-125.4996142462029,52.48535429999783],[-125.51802897843268,52.48952700395549],[-125.53013695868127,52.49701324468102],[-125.54798377633685,52.49936650814792],[-125.55716709462165,52.50287046421274],[-125.56809938162385,52.50421543794549],[-125.59570455309532,52.50471602574924],[-125.62045876726778,52.5111519289093],[-125.63105932820748,52.50971563398982],[-125.65595513583969,52.49839981943248],[-125.6780787185168,52.49256325799265],[-125.69999022908604,52.49214177081771],[-125.71166908343878,52.486319122754146],[-125.72380239183194,52.48555603252708],[-125.7351776431934,52.47983875200185],[-125.74951138787813,52.479688520242114],[-125.75546106666896,52.48293636115391],[-125.75846131250488,52.486879254240684],[-125.74707693602618,52.49573100666038],[-125.74658914452192,52.4983542648641],[-125.75149208121947,52.500525362146114],[-125.75409549495458,52.50795023479116],[-125.7782980552117,52.51124993451474],[-125.78786294336366,52.519018732049695],[-125.79935912895041,52.525233757817524],[-125.7900288714535,52.53381314507097],[-125.79154020288841,52.536431685120206],[-125.80396712389891,52.53706110471479],[-125.80900080819876,52.54062035545273],[-125.80039351842842,52.547981467946684],[-125.80181378320536,52.550384984277066],[-125.81476162031791,52.550670411700416],[-125.8188275015062,52.55560615309669],[-125.82653189092024,52.558064238687294],[-125.82061834292996,52.57076181636313],[-125.82416997587812,52.57699381113058],[-125.85056860940895,52.57674702166263],[-125.85459160158662,52.57921513533845],[-125.86111625472724,52.604667478402526],[-125.86578689112683,52.60777948542602],[-125.86654561906205,52.610604020198465],[-125.8633458950615,52.61214897359638],[-125.86201574696096,52.61545739408525],[-125.85510476357209,52.616206553765664],[-125.84967686135757,52.61984247959531],[-125.84839497566566,52.624406316356236],[-125.85563676959794,52.63212573979996],[-125.871014215599,52.63363011761421],[-125.88492910871302,52.6281689217589],[-125.93742858199913,52.62227024826521],[-125.9581733188266,52.602978387957904],[-125.98799414269104,52.6193019663706],[-126.01070456111425,52.613838416147516],[-126.00657565294769,52.602122362148116],[-126.04678464269453,52.58157272799991],[-126.06687408788127,52.57979228873461],[-126.08418432981782,52.59170521007167],[-126.09256569534722,52.59406911524941],[-126.10049421195038,52.58894983060651],[-126.11829106808617,52.5881207842083],[-126.13602534051068,52.57691345794116],[-126.1366351078159,52.56351262007717],[-126.13380585236855,52.557961503361476],[-126.13403975219488,52.555160955654166],[-126.13776795787105,52.54986301865233],[-126.14376202892304,52.54668515640689],[-126.15401054490478,52.54563493457267],[-126.16719789043886,52.5316129774094],[-126.1715378473193,52.531105447587535],[-126.18106655413816,52.519014288717145],[-126.18362101104307,52.520519317200275],[-126.19778243731842,52.49996820691856],[-126.21226907643599,52.49494288748283],[-126.22007345277486,52.496295323856906],[-126.23828504158965,52.519314540011884],[-126.24443400849051,52.52473353632087],[-126.26119491530353,52.530230896026296],[-126.27040579242197,52.5412111141583],[-126.28421438986807,52.54123719660876],[-126.30080518623204,52.54531158228927],[-126.312912493476,52.532510917344915],[-126.31369740925372,52.521382301800536],[-126.31798781140274,52.51833591889694],[-126.33176655707979,52.521206092648875],[-126.33912439566724,52.52741878715201],[-126.34436701512912,52.52451604431813],[-126.35884190168768,52.535049401708974],[-126.38413436253549,52.56836560755341],[-126.38467662687343,52.578328315655966],[-126.41048459333835,52.59322791140499],[-126.39685626676295,52.59931405442379],[-126.39631908342582,52.60257085026577],[-126.4130668214421,52.614748895215406],[-126.42472593415766,52.63185405530002],[-126.44567406984673,52.65416824860774],[-126.4165803948885,52.66149068513401],[-126.41257593515832,52.67763235351248],[-126.41764490757339,52.68002388360871],[-126.41824744709204,52.68334679518747],[-126.41138912937849,52.68885652223794],[-126.40232149565252,52.689427440775546],[-126.378573551546,52.69500612263383],[-126.36112167307179,52.70693424343664],[-126.34603401220866,52.70208554576464],[-126.34949226639637,52.731806376644876],[-126.33888358040228,52.75058610148968],[-126.33353332262847,52.75160063395176],[-126.33565615011406,52.82953251040208],[-126.37024924620012,52.822907871659666],[-126.40405826411595,52.79897464388298],[-126.41615760973966,52.794229569073515],[-126.43497274566546,52.793642517976615],[-126.44332330905812,52.79544223296494],[-126.45411007733652,52.784395600131994],[-126.4644066277062,52.78357502747297],[-126.4761783397309,52.7859559855222],[-126.48118542879435,52.78398716693432],[-126.48618973927393,52.77939107662488],[-126.5175530402583,52.774297248817376],[-126.53027968694893,52.77515152151976],[-126.55585367688903,52.79235403738943],[-126.55568299702401,52.799450366468726],[-126.55060776455616,52.800143761493786],[-126.55351406842244,52.8152526193701],[-126.57321600591935,52.81855961712851],[-126.5901355436285,52.81678946312073],[-126.59598409596452,52.812524567289366],[-126.60111948772204,52.81297916080984],[-126.6127641129404,52.83437896429394],[-126.63919710110751,52.84600862266602],[-126.63771745534301,52.849752073837166],[-126.63193310343156,52.85401441753272],[-126.62392352737497,52.85631245328376],[-126.62194547099107,52.86062237542188],[-126.61216448896394,52.868751323634264],[-126.6002954816628,52.87524737758573],[-126.58734841690548,52.87938137739278],[-126.59775988302658,52.91348365236574],[-126.6137374276706,52.91876633661082],[-126.61554108713693,52.92185844978936],[-126.61571367073505,52.92763446121832],[-126.62430070281678,52.935137950687896],[-126.63771653188381,52.9379521752283],[-126.64606287255236,52.94192569669356],[-126.64390805072307,52.94858660911016],[-126.62372384325217,52.971493366176816],[-126.62653100142258,52.97539196552855],[-126.63403124473464,52.97968010861903],[-126.63559664414967,52.98426984390485],[-126.61418245220496,52.99564860539375],[-126.60910991832738,53.00027962243317],[-126.30055395409514,53.00011450283068]],[[-123.91686437447343,52.15029557240838],[-123.91504750538918,52.14858167871044],[-123.91285063048375,52.150218345303585],[-123.91439469174955,52.151557364528934],[-123.91686437447343,52.15029557240838]],[[-124.06170131434857,52.20188526486617],[-124.05919104969276,52.202177262862314],[-124.06029331388635,52.203003268786695],[-124.05274035992095,52.21157226833197],[-124.05695527762727,52.211377594005896],[-124.06330168240306,52.20209911693655],[-124.06170131434857,52.20188526486617]],[[-125.15975011914699,52.35754566312247],[-125.15594453674414,52.35752436558862],[-125.15808571338023,52.352535488491796],[-125.15320872453795,52.35640916185304],[-125.15436501338569,52.359631025503916],[-125.15822468931867,52.3616859852056],[-125.16209205562379,52.35995765654118],[-125.15975011914699,52.35754566312247]],[[-125.14764530212122,52.980975332690285],[-125.14769217743402,52.973631212398466],[-125.14137753291254,52.97354247231554],[-125.14132944912129,52.98088658918678],[-125.14764530212122,52.980975332690285]],[[-124.32138428818688,52.17305713082942],[-124.30854430648928,52.17322257410126],[-124.308537737941,52.17711154711807],[-124.32134902825152,52.177166518674525],[-124.32138428818688,52.17305713082942]],[[-125.16441047427315,52.97374755026711],[-125.16573771926294,52.97376473415431],[-125.16564231038821,52.966544436150045],[-125.15336865302031,52.96673905702621],[-125.15337939802983,52.97360423743631],[-125.16441047427315,52.97374755026711]],[[-124.16828995963235,52.27945781861247],[-124.15581402199373,52.27949733568882],[-124.15557025114413,52.28635842504805],[-124.1614236582539,52.28649371859743],[-124.16182885743234,52.297473820344784],[-124.16803211751085,52.29747671355538],[-124.16828995963235,52.27945781861247]],[[-125.41151391436544,52.912878970792555],[-125.39982601111946,52.91299367274951],[-125.39962262176971,52.9278215349638],[-125.41127977234252,52.927588205411595],[-125.41151391436544,52.912878970792555]],[[-124.2840328863699,52.48283164168003],[-124.27734404952652,52.482825111545715],[-124.27739461374429,52.49750419576382],[-124.28924545687083,52.497375961976964],[-124.28931895851089,52.482832645579556],[-124.2840328863699,52.48283164168003]],[[-124.29795223155074,52.20028381167515],[-124.29580724441136,52.20029177431651],[-124.29572270792515,52.20234437595453],[-124.29821252909332,52.202833452883844],[-124.29888536036773,52.20479644192557],[-124.29607744249329,52.20638891115387],[-124.2960693948345,52.20801127503717],[-124.32597983161261,52.207956691058044],[-124.32549460239002,52.2001351368141],[-124.29795223155074,52.20028381167515]],[[-125.05299725303325,52.37162418245139],[-125.02867089907323,52.371752257482484],[-125.0291534091983,52.379545776949364],[-125.040579704798,52.379151126435346],[-125.04115280977389,52.38629381259141],[-125.05314436341486,52.3860812223893],[-125.05299725303325,52.37162418245139]],[[-123.85698720104266,51.48747568105654],[-123.85653976723745,51.481432223667674],[-123.84514793901434,51.481756651647245],[-123.84410955852054,51.47849237306654],[-123.84610317901283,51.47607556055323],[-123.84559853736042,51.47341969368824],[-123.83090641105356,51.47389988056558],[-123.83415659221417,51.48936185178819],[-123.85698720104266,51.48747568105654]],[[-125.26222652436512,52.44088413698766],[-125.26144518377949,52.455670588046424],[-125.28621764418374,52.45637385453431],[-125.28671528719181,52.44263650203172],[-125.26222652436512,52.44088413698766]],[[-123.94572195593642,51.463297828931935],[-123.9455477725778,51.46116193255373],[-123.92545589436021,51.4611241893838],[-123.92563165207254,51.47633745144808],[-123.93153892290059,51.47888270785235],[-123.9466624014356,51.47689440510912],[-123.94572195593642,51.463297828931935]],[[-125.10692982248737,52.28115189230405],[-125.10787504885823,52.29746996441536],[-125.13144156085616,52.29739242045546],[-125.13081507065218,52.28296455748146],[-125.10692982248737,52.28115189230405]],[[-123.9700328926617,52.132218963570196],[-123.96029130765575,52.132452466194216],[-123.95974334075689,52.13548782234006],[-123.93540795010524,52.135210580247005],[-123.93414659427289,52.14570702588286],[-123.9532430217542,52.14616651298496],[-123.95378584570511,52.142947319679564],[-123.96699677970754,52.143124181221275],[-123.96779298923275,52.13925754086104],[-123.98402059829405,52.13921812229884],[-123.98506694560746,52.13185681565829],[-123.9700328926617,52.132218963570196]],[[-124.28248856103617,52.3132410027687],[-124.27468449644797,52.31337104880452],[-124.27482419130011,52.32020253824322],[-124.26877000080835,52.320386209396986],[-124.26834190532009,52.31316914295146],[-124.26322469484612,52.313278558311424],[-124.26256763233951,52.30595586066429],[-124.25044337962971,52.30622586707551],[-124.25080030237466,52.31322716222263],[-124.25670797850222,52.313107836731966],[-124.25671584714651,52.320348986189394],[-124.262724618705,52.32030648137171],[-124.2628244330553,52.327993033392744],[-124.28668523137793,52.32771989507242],[-124.2865327734649,52.32431800996142],[-124.29782214579977,52.32428265947852],[-124.29797390173403,52.3204165162534],[-124.2864206219339,52.32051447879279],[-124.28631739597903,52.31314394546335],[-124.28248856103617,52.3132410027687]],[[-124.24512600003177,52.31315761540761],[-124.24509467459356,52.29832074784531],[-124.19739222331184,52.29873079910003],[-124.19748996303001,52.30666013041113],[-124.20891628092147,52.30675908923],[-124.20913056888293,52.313463294154936],[-124.24512600003177,52.31315761540761]],[[-125.3453094149736,52.494825268028606],[-125.35112802756917,52.49151677801891],[-125.33069512320718,52.48648077087524],[-125.33077794107973,52.48469908328794],[-125.33332602528033,52.483884464122546],[-125.3326045468915,52.483027073714524],[-125.31855925671249,52.48425617528824],[-125.30491626236343,52.47970297242348],[-125.30709615819963,52.478553671114206],[-125.31826328128996,52.48128476913512],[-125.31838066611341,52.46519784242596],[-125.30319502589107,52.46407695778447],[-125.30393935205608,52.47116382194868],[-125.2805902433441,52.472572204013126],[-125.28135284818235,52.486260598610656],[-125.3054541031471,52.48603808677408],[-125.30540723514065,52.49323874523115],[-125.34138201538555,52.49343207896893],[-125.34070393962197,52.49161647375565],[-125.34198802994723,52.491105166760335],[-125.3448433288421,52.49326007738387],[-125.34300755655318,52.49585917092263],[-125.3453094149736,52.494825268028606]],[[-124.12277585396096,51.41425197476927],[-124.12064071174119,51.41224096644237],[-124.12153793865488,51.40864824713424],[-124.10462566942522,51.409584376018366],[-124.1049041414228,51.411104424663215],[-124.08566724777805,51.411195076310364],[-124.08655940567242,51.42008772516617],[-124.07891410599531,51.42026518745026],[-124.07868888883137,51.41295458469438],[-124.06207113313481,51.41393060628523],[-124.06349731214969,51.424652299002865],[-124.04489339635617,51.42496869887567],[-124.0447493834755,51.42899077545575],[-124.04339422928075,51.42900146140511],[-124.04441242076388,51.44648688602723],[-124.0562234753986,51.44644544047627],[-124.05615444100138,51.42882466248304],[-124.14204497558035,51.42778461437249],[-124.13644075805982,51.42486656620408],[-124.13324684750945,51.41961835526339],[-124.12277585396096,51.41425197476927]]]},"bbox":[-126.64606287255236,50.87693883344,-123.2423735545944,53.000647874666335]},{"id":"5941041","type":"Feature","properties":{},"geometry":{"type":"Polygon","coordinates":[[[-123.34103065269129,52.50117399421956],[-122.90699844623897,52.505775520056325],[-122.68274218102074,52.50738634711439],[-122.47812069817952,52.50658925775506],[-122.46181210030637,52.50781781097486],[-122.44147826753117,52.49913213298903],[-122.44252562451626,52.495288441958145],[-122.43790696835995,52.502764677803356],[-122.43578840503282,52.50309983056982],[-122.43173460527157,52.48794050480843],[-122.43460039747401,52.47791649670012],[-122.41024483712079,52.44763659165576],[-122.40137882905745,52.429796178270095],[-122.398930979917,52.417711900307864],[-122.39132310237288,52.408825691050964],[-122.3918941239248,52.40235120392539],[-122.38979039798937,52.388119115165196],[-122.38267438713198,52.38036289723957],[-122.37611448484144,52.37859120004287],[-122.37312928984935,52.3756744145129],[-122.37288437527194,52.371125296138196],[-122.37574818565753,52.365793993705736],[-122.37449641974364,52.362328095724],[-122.35664910003807,52.35402929960826],[-122.33523980992202,52.35207519386934],[-122.28944602238106,52.34111449898377],[-122.28313829514575,52.334994694861194],[-122.28201869814019,52.32664310511778],[-122.27557899389716,52.318757294667805],[-122.27839559701181,52.31225150158272],[-122.28643751078859,52.303434194420475],[-122.2888339832596,52.29693699112613],[-122.2723032182346,52.281811957362],[-122.26955149833547,52.26826340721169],[-122.26406112498759,52.25932930541862],[-122.26405140347939,52.252860487080916],[-122.27577891348882,52.232259289364194],[-122.27976788886956,52.21949700592517],[-122.27941499606581,52.2161045142248],[-122.27063040178031,52.20578468674535],[-122.2699507790887,52.20273120188923],[-122.27080419270217,52.18999310673503],[-122.27455340079146,52.17131009516744],[-122.27339918095326,52.15990239872498],[-122.26939230437556,52.15157358731751],[-122.27041030843003,52.148446107096525],[-122.27823051862433,52.13994349793769],[-122.2811664095567,52.12828778719834],[-122.28310887401348,52.126100195485066],[-122.28439620235153,52.10635210112263],[-122.27484121779715,52.08579649930999],[-122.27810308199112,52.0708808040066],[-122.27593532139907,52.057214926458045],[-122.28006439643087,52.05288717971725],[-122.27044511304916,52.04203697327849],[-122.27051802381875,52.03405388760228],[-122.26509955052055,52.01427528323894],[-122.27501700551996,51.9945530356704],[-122.27553913009237,51.98384106881778],[-122.27273679093912,51.97020341332027],[-122.27550059716674,51.966937697233625],[-122.27701959689063,51.959367994903076],[-122.27404298377745,51.94705149312591],[-122.2690612052818,51.94005289567122],[-122.269539320513,51.93385900755433],[-122.27110890879504,51.93005488928472],[-122.2788115946402,51.921784615899945],[-122.28763379175948,51.919726610223655],[-122.2956938885728,51.9156063089337],[-122.30625220778951,51.89909119763157],[-122.31938430341177,51.89241450048235],[-122.32824020442497,51.88523649142941],[-122.35404039168428,51.879313190550484],[-122.3960046910198,51.88019910267567],[-122.40154739863905,51.877695301632386],[-122.40241291062857,51.87608018554853],[-122.40095310513553,51.87137610609683],[-122.39204411601678,51.86566220661435],[-122.38595110276333,51.85805400754156],[-122.39015389114225,51.854046311549055],[-122.4023491046224,51.84863858946791],[-122.40264590819001,51.84056050242011],[-122.4000965879728,51.836527106640894],[-122.40053449847262,51.83392650779831],[-122.40318388578258,51.82520459151453],[-122.40825079725761,51.82096191144628],[-122.409068492046,51.816236405258245],[-122.40688320819835,51.812761986049004],[-122.40709870105715,51.80747751055414],[-122.4040745918107,51.803603690770025],[-122.40583758725519,51.792506202933566],[-122.39338098859876,51.78384131278969],[-122.39354300537654,51.77573899379034],[-122.38861252025262,51.7711871961349],[-122.39086380362917,51.755143487239906],[-122.39939661055233,51.74236410071059],[-122.39844320739745,51.73222259604554],[-122.39353060014653,51.72880559301967],[-122.36335600289416,51.720535206661545],[-122.35150738647508,51.70347320372454],[-122.35737820460601,51.697471601633275],[-122.35976100034692,51.689946103077446],[-122.34916399243005,51.680351209058806],[-122.34195560389759,51.668739609406],[-122.33663158748156,51.6656006048114],[-122.33557829195811,51.66272230701837],[-122.33759681756803,51.656670793999254],[-122.3243007852117,51.64736220588375],[-122.32424791892088,51.644463903453484],[-122.32815557713717,51.63991069387321],[-122.32723350767309,51.634028709012426],[-122.32311459116912,51.62520011350429],[-122.32058090056019,51.622195003853484],[-122.3142293893185,51.619110211108996],[-122.3080946030325,51.6124989936444],[-122.30744298187946,51.60808540694171],[-122.30958800482699,51.602612091551435],[-122.30343508358564,51.59755900837149],[-122.2939110898836,51.58462010702081],[-122.29804271438377,51.57681969118065],[-122.29803439007344,51.5733246950309],[-122.29488929760997,51.57075539781897],[-122.29707740520094,51.5622015869003],[-122.29146730179744,51.55268220896268],[-122.29256040086919,51.54931480395266],[-122.28865971509622,51.54455278974255],[-122.2900941129006,51.53502339611647],[-122.2813770881217,51.523598398850496],[-122.28191759609753,51.518870005161936],[-122.28992340777897,51.52042816444978],[-122.29155562355618,51.52294617267172],[-122.29490844058702,51.5215276539673],[-122.30362471754266,51.5236924651499],[-122.30991124037278,51.52265137627688],[-122.31091392845144,51.521091863008294],[-122.31598703088947,51.52308286462959],[-122.33008164383398,51.52423365819864],[-122.34228434473647,51.5225858590478],[-122.34528702620898,51.52032705786055],[-122.35152465429614,51.520569169273976],[-122.35920842188497,51.517418855224086],[-122.364432945075,51.518912868199344],[-122.3641811246475,51.517329060951376],[-122.36655812321868,51.516389177593865],[-122.36940932726971,51.51751856068603],[-122.37209533981192,51.51613136265237],[-122.37283941037153,51.51752846291823],[-122.3762532411739,51.51670105996497],[-122.3820492227022,51.51867497595475],[-122.38716132290145,51.516822064812644],[-122.39148862923264,51.51761816827807],[-122.39470213999243,51.51548476585349],[-122.40216304271085,51.51683636704759],[-122.40502902693032,51.51378427327374],[-122.40860473390197,51.51581655302163],[-122.41357713927941,51.514574659225616],[-122.4166947480177,51.51199116502496],[-122.42716523692451,51.51013686756107],[-122.42732172805201,51.508104457121085],[-122.43346003074997,51.50685826284907],[-122.4356038406296,51.50487155582566],[-122.43824265200244,51.505757365524964],[-122.43987261870004,51.50455106773007],[-122.43835753425046,51.503608272230736],[-122.4390177358726,51.50251447660844],[-122.44355883681179,51.503515665907756],[-122.44343532520438,51.50190638161083],[-122.4458625219717,51.501306762463834],[-122.44441804632311,51.4991775653534],[-122.45351704338049,51.49616245893624],[-122.45216471451663,51.49465426813362],[-122.45616643435855,51.494978961000385],[-122.45584232415771,51.49309907244853],[-122.46060720730885,51.49099836140269],[-122.45859793404112,51.489091270758365],[-122.46751142221986,51.486804066512576],[-122.46910264726036,51.48502236267173],[-122.46550673265732,51.48330615630797],[-122.46919384695418,51.48211836199886],[-122.5597113245803,51.48512284105974],[-122.55938225975255,51.435444391644445],[-122.57896253834404,51.433296475899034],[-122.5798283283286,51.43142936697795],[-122.58637093361006,51.43004076109735],[-122.59875304076704,51.42380835491945],[-122.62411995069915,51.417211467433624],[-122.62391814900349,51.41562776467131],[-122.62674903366396,51.414126578819456],[-122.62575292167111,51.41272095959976],[-122.63349383103893,51.41031685985915],[-122.63510064057284,51.40715655641944],[-122.63805313161225,51.406581162164024],[-122.63568543733898,51.4025192650308],[-122.63722682514882,51.40032037391804],[-122.63497933814257,51.398955978607596],[-122.6343242364866,51.3946918696662],[-122.6312455263177,51.393207867037866],[-122.63002613819175,51.389399453756106],[-122.62642133836431,51.389118961310565],[-122.62494289434434,51.385554112091455],[-122.62269699051483,51.384411809118575],[-122.62176898995172,51.38140388917677],[-122.62485781013193,51.37800858997361],[-122.61872558734665,51.37714700605449],[-122.61323552384886,51.372824502635744],[-122.61702189900511,51.37079919408071],[-122.61772251686259,51.36898479308243],[-122.61640309301934,51.367394001111585],[-122.61939027536266,51.36687129793143],[-122.62013307613594,51.363970199058706],[-122.61752729511542,51.361282694815536],[-122.62587418825014,51.35676940730224],[-122.63172781668476,51.3555345945321],[-122.63008350080946,51.35390389000574],[-122.63155600360314,51.35024508861601],[-122.63552719705977,51.34903309914635],[-122.63695730330684,51.34519909345053],[-122.63952002011997,51.34380339733641],[-122.63893517934918,51.3422836936963],[-122.64515481559677,51.339231605460654],[-122.64740882166677,51.33547889885672],[-122.64483752242722,51.33254070287647],[-122.65104158523023,51.32563050478729],[-122.64903711261375,51.32336310686263],[-122.65032203966605,51.3190549778562],[-122.6593263211199,51.3201059610826],[-122.66186083405672,51.31713795594273],[-122.6645463163587,51.316776171121575],[-122.6686554334549,51.31016077909662],[-122.66803494848834,51.306490574280495],[-122.67572561941748,51.30233897547519],[-122.676862018669,51.29978967497875],[-122.67499512128985,51.298147561103725],[-122.6774247370536,51.29513246005115],[-122.67672443181179,51.29292787000343],[-122.67387234341062,51.29259596860381],[-122.66823592867115,51.286537378049715],[-122.67422375303666,51.283586469603726],[-122.67147721574376,51.28066537049863],[-122.67542864749136,51.27889855742587],[-122.67488330795972,51.27437149261675],[-122.66706654505654,51.26836765874769],[-122.65921028675437,51.26681157872362],[-122.64734314203238,51.25813100012726],[-122.64415520116881,51.25817915208807],[-122.6308588996767,51.24876105658127],[-122.62510817430697,51.24681842420523],[-122.60894474035642,51.24491298057604],[-122.59836408310044,51.248773392097576],[-122.59335405030394,51.247392682852954],[-122.57133957030807,51.247587900528885],[-122.56066427672204,51.24436054733121],[-122.55232711654227,51.23782789381422],[-122.55152879077602,51.22975040116044],[-122.53855666077658,51.2210098447393],[-122.53027091919537,51.209186263775024],[-122.54762789243149,51.201806043244936],[-122.55235384046998,51.19113734382882],[-122.55801380491798,51.184349196538406],[-122.56815683229436,51.178847198006785],[-122.58977054944027,51.17662568857522],[-122.59414271382013,51.1733945500009],[-122.5938058263655,51.166429062117686],[-122.60249607048084,51.14257250495778],[-122.59654601859845,51.13263303589665],[-122.58661679003507,51.12759516696892],[-122.58680827758269,51.12234232990846],[-122.59114320433066,51.12240665972465],[-122.59587903122836,51.11820698902089],[-122.59400632855323,51.11334588715369],[-122.5925514478113,51.11197442151589],[-122.58090776515498,51.11032556235014],[-122.58274918940593,51.10542361445782],[-122.57939323225172,51.10340704210708],[-122.58731461912973,51.096155626602346],[-122.60411823744485,51.086236865090854],[-122.62596318151759,51.079948299825986],[-122.63383057336603,51.08150920033826],[-122.67518651607344,51.09865077371093],[-122.68350128768833,51.10407127768236],[-122.70747854309263,51.125044034810536],[-122.71261092455376,51.13776439852548],[-122.7134500560783,51.14791060491324],[-122.71024490004912,51.162386112597176],[-122.71865779047995,51.161624193077074],[-122.72633026328567,51.158036820691024],[-122.74303417971633,51.15911070612025],[-122.77604797292194,51.13761980067021],[-122.79092143602138,51.148785766400586],[-122.82251969166335,51.144786087772765],[-122.88864777573443,51.177266044572434],[-122.90525868636229,51.18390183267679],[-122.9702242073224,51.194114938041686],[-123.0331586056085,51.200650941470236],[-123.0523437393716,51.213323072647796],[-123.05858651208926,51.2145521645673],[-123.06194105322314,51.21805717115915],[-123.06793762088014,51.220323105610184],[-123.08002883728776,51.21228564356642],[-123.0702653721117,51.19488214839759],[-123.0591235023886,51.18098073525441],[-123.05713122809789,51.173697266636424],[-123.05873377066182,51.15969211982826],[-123.05031959024326,51.149794907064646],[-123.04913761648966,51.143541460730795],[-123.05460586880484,51.14025491752314],[-123.06821544745806,51.1411579187286],[-123.08361771519189,51.13336428969415],[-123.08811257427685,51.13271521468252],[-123.10069008127937,51.138488018301175],[-123.1092723818984,51.139401491303175],[-123.12868808275437,51.13259564598281],[-123.14672119922807,51.122734879958124],[-123.16246925710033,51.09353372644616],[-123.170871529152,51.08165793973378],[-123.1794511588774,51.07716173001718],[-123.18232473037146,51.07226538313889],[-123.20036339785509,51.072137274766774],[-123.2165927978149,51.06638642601747],[-123.22114526169543,51.061556599085485],[-123.23510394670693,51.058088447701074],[-123.23744263386499,51.05194793021663],[-123.24925665971841,51.04390795193349],[-123.2521172290611,51.053245218684026],[-123.25164280638981,51.05824405025656],[-123.255435198756,51.0682991146908],[-123.26653842399335,51.07591863382684],[-123.27034002663584,51.080767689133445],[-123.35282781671613,51.10382966265091],[-123.38821907098338,51.109564943723484],[-123.40409402918957,51.10941617142071],[-123.40030490447997,51.11295085945302],[-123.41304977476737,51.11799788907392],[-123.41811591866923,51.1218867030014],[-123.44046312891237,51.12402856430302],[-123.45485419896613,51.12860276251484],[-123.46046978157268,51.13214539668606],[-123.46941635411109,51.132949035628705],[-123.47863420710716,51.138136920257814],[-123.48525593788817,51.13908519865377],[-123.4944658722614,51.14314858938917],[-123.50933383537237,51.139936571996955],[-123.52053800361101,51.14402718372928],[-123.53548848420469,51.151628453159205],[-123.54224610912634,51.1594752052458],[-123.54800800132404,51.16039008869924],[-123.55008049052233,51.16310599489267],[-123.55297016458516,51.17562042944077],[-123.5899471751612,51.20616967170426],[-123.58740241573125,51.21657410382417],[-123.59100668112536,51.219549494199924],[-123.59476599605661,51.227568398865046],[-123.58644890191987,51.27778039612876],[-123.6001969102973,51.29995110523287],[-123.60994930179442,51.3096276872792],[-123.62794842257101,51.36784380299563],[-123.62860079382061,51.3750705035772],[-123.63375909119759,51.38188099623605],[-123.63347052259687,51.38848060014881],[-123.62984099398614,51.392028196199206],[-123.63130870242729,51.39471459521566],[-123.63589009443787,51.396752593777045],[-123.63479938784029,51.40096120176573],[-123.63804678545375,51.4034393083381],[-123.64457582080131,51.40463990651581],[-123.65016832570498,51.410580303642895],[-123.64957227758691,51.413682195895156],[-123.65511979057196,51.415135793674956],[-123.65486662579573,51.4167140035655],[-123.66037229150655,51.420859903982425],[-123.66248639192999,51.425802200754035],[-123.6690383912627,51.42652000732061],[-123.66963927840251,51.4247241013384],[-123.67271900817934,51.42652288546187],[-123.67323181141008,51.432337895198295],[-123.67874911504033,51.434329598031546],[-123.67978980660169,51.437211586400224],[-123.67309038395038,51.43930229761621],[-123.67103831014502,51.44245119440295],[-123.67818998305658,51.44500340266366],[-123.68433117920699,51.444329794526276],[-123.67700890462942,51.44692041159844],[-123.67585907705406,51.44928169455517],[-123.68452531435561,51.45092099123225],[-123.68770489141802,51.454027191602464],[-123.69198669361407,51.452726910939326],[-123.68943279569642,51.45903760457142],[-123.69846968055124,51.458618793787586],[-123.70513651142693,51.463535195469476],[-123.7016429866291,51.46910250492101],[-123.70817698451259,51.4697973931649],[-123.70746791646116,51.47534377894175],[-123.69901380013891,51.47663508801433],[-123.69785382003519,51.480131496722834],[-123.69431770474256,51.48218520572275],[-123.69379041184716,51.48436858934185],[-123.69573248495526,51.487259994080695],[-123.6946941973651,51.489088413614645],[-123.6890911916024,51.49046760623233],[-123.68742321563352,51.4933410934856],[-123.68219527675723,51.49503869634289],[-123.67482189938082,51.51001290528626],[-123.67413160063957,51.52043239286076],[-123.68179680517075,51.5264681965473],[-123.68193072250752,51.530192506933204],[-123.68997370148946,51.53505621033856],[-123.69225031453271,51.53885880529312],[-123.69133118160849,51.54160749964434],[-123.69333329628995,51.54276110290855],[-123.69314411591348,51.54520790132854],[-123.69769601413631,51.549312504089336],[-123.69838111521575,51.55627260780499],[-123.6906740226638,51.55704450165397],[-123.69747138656241,51.56034730160086],[-123.69982069844343,51.565854707733244],[-123.70666931456788,51.56592309369927],[-123.71015339938204,51.573079998688264],[-123.7090606942563,51.57660889028821],[-123.71141547361249,51.57993159524093],[-123.70361449432423,51.582534989560834],[-123.70452200197913,51.58750118998398],[-123.69608822869758,51.58940540504473],[-123.69586941059502,51.59260419619939],[-123.70635279948617,51.59688109844613],[-123.71142930601508,51.597042010341475],[-123.71392589280892,51.594776099807625],[-123.71759298066173,51.59581439665457],[-123.72077228541451,51.59300300925803],[-123.72599810487563,51.59252868724169],[-123.72798370395311,51.59387460455338],[-123.72843190759836,51.59703780138052],[-123.73354237981663,51.60063530198595],[-123.73217739590447,51.602845693720255],[-123.73316052302987,51.61709630100148],[-123.73907331321303,51.61927249678369],[-123.7365240926322,51.62145871340955],[-123.73510331218338,51.62687919687665],[-123.7386175167771,51.62894570501046],[-123.73897898483781,51.631997791697],[-123.74223249777715,51.63244700894533],[-123.7400095134602,51.63373389715764],[-123.73968209454209,51.63730869650951],[-123.74488651970898,51.64727390454905],[-123.74869759741931,51.65074608884482],[-123.74542688515831,51.65853529946642],[-123.74900159532933,51.66342159737552],[-123.74802790482383,51.66567679506441],[-123.74959211091529,51.669077902790235],[-123.74184749443792,51.673264301833136],[-123.72928950554909,51.674051899939045],[-123.72099841287009,51.6817852923941],[-123.72145098026097,51.686016698341554],[-123.71456999890957,51.688470587706476],[-123.71730250645469,51.69423718563035],[-123.71091499147458,51.697527108837974],[-123.71504051515593,51.70034559293461],[-123.70531882178793,51.71144450133287],[-123.70544002294363,51.714328504003284],[-123.70215400019313,51.71589370697682],[-123.70169009138169,51.718542801671234],[-123.69645518212174,51.72279400192795],[-123.68208869755654,51.72352039827495],[-123.67894728605405,51.72617080277513],[-123.67765448450533,51.73041209302051],[-123.66478622097289,51.73677410689484],[-123.6533434900206,51.74594600436507],[-123.65362030469788,51.7485992922898],[-123.65095948763215,51.75062310598848],[-123.64892109248363,51.7609727993176],[-123.65186071191994,51.768314608409916],[-123.64803029724129,51.77277949447072],[-123.65149390372112,51.78103849002858],[-123.65516660247015,51.78363339768978],[-123.66560620255632,51.78426720639713],[-123.67009831644401,51.789760308769644],[-123.66319769185179,51.79259209464644],[-123.65459940936742,51.799456389516294],[-123.65809778201857,51.79939510541347],[-123.65790230611663,51.80465460877865],[-123.66815059266543,51.808980107833904],[-123.6788876922039,51.81785289593202],[-123.67322008582299,51.827825199410746],[-123.67685369703486,51.82992731567952],[-123.68072178654977,51.84052199303398],[-123.68586968310785,51.84534580296253],[-123.68583759752757,51.84896191131115],[-123.68926250671142,51.852812883248866],[-123.69014990908295,51.86004369870608],[-123.68898160707342,51.86194639681042],[-123.69370349235467,51.872082503933925],[-123.69281728663411,51.87435840633566],[-123.69597551453792,51.877596999137914],[-123.69534961625625,51.88181129494446],[-123.69803338933636,51.88677610432814],[-123.69713031192126,51.894019599802355],[-123.6918463144556,51.89886539815076],[-123.69023280690226,51.90467699803537],[-123.68458569489673,51.910956297750914],[-123.68359061030401,51.914108090250366],[-123.6806178923119,51.91760310784333],[-123.6775121975328,51.91842200761331],[-123.6771608971884,51.9207135095641],[-123.67373881834278,51.92175460702702],[-123.67252641419547,51.92510150014826],[-123.66787921205908,51.92874318969613],[-123.66850690845786,51.93173689435457],[-123.66508999650095,51.94058699326436],[-123.6677668048911,51.94679790077706],[-123.66616170611266,51.95114460765597],[-123.6627130113887,51.95362699014222],[-123.66522668259118,51.95621339202399],[-123.6743896190287,51.95857329589206],[-123.6868242020689,51.966810897533634],[-123.68747440311701,51.96980889786388],[-123.68311920703631,51.976136707514684],[-123.68648510189877,51.978311390402226],[-123.69067340088127,51.98522450187215],[-123.68877780857986,51.98735090431332],[-123.69214850135023,51.99376919500198],[-123.68825102313349,51.99639090671473],[-123.68132098984975,51.99575859381707],[-123.67992740964537,51.998586491532755],[-123.67226377668935,52.00174819805223],[-123.67810659285948,52.00621270863269],[-123.67505050566274,52.00969069121399],[-123.66234472296988,52.01358620062571],[-123.65106100244965,52.014240009698156],[-123.6491434912862,52.01700999051933],[-123.64849110107808,52.02420369606861],[-123.64647919691004,52.02555819131808],[-123.63569021812656,52.02813169966592],[-123.61629501118095,52.02963569147871],[-123.60850662086838,52.02848209813938],[-123.60751821225963,52.030085699189314],[-123.61005651493542,52.03378150735674],[-123.60269328937336,52.0319713968954],[-123.59575729070836,52.03742469403338],[-123.58968300163129,52.03826488838602],[-123.58719747244355,52.04181689506457],[-123.57573542016797,52.04970130636828],[-123.57707887202089,52.05514179594489],[-123.56969111629527,52.059753394971956],[-123.56216611252776,52.060703394322324],[-123.55051545927523,52.068146468278655],[-123.55290891276836,52.074219270486964],[-123.55302985814988,52.08793437211768],[-123.56339362776527,52.084856564397995],[-123.56856854006382,52.08088446074987],[-123.57559412290283,52.08026637284356],[-123.57758753697208,52.082126357866855],[-123.58494713265475,52.07688386918761],[-123.59168325850344,52.079719474150274],[-123.60234734769344,52.07729977236791],[-123.61172924419468,52.0793463705377],[-123.61525394415621,52.078887770261545],[-123.61709362389804,52.07680976571634],[-123.62323444361537,52.078836457956854],[-123.62209982822952,52.0801011563597],[-123.623972420091,52.08152107379921],[-123.6337574251915,52.08200816329901],[-123.64127485113373,52.08524966942812],[-123.64607790856451,52.08536786510352],[-123.64814464756596,52.088026863188894],[-123.6555373179157,52.08894969547664],[-123.66449440813845,52.096902484727785],[-123.67593928517074,52.10406059125264],[-123.67987221386497,52.11125570749027],[-123.68277568688698,52.11150060631639],[-123.6818034828388,52.113520203142954],[-123.68437769976791,52.11504410805694],[-123.68304219385591,52.11711059837691],[-123.68493641054948,52.117852611509235],[-123.6828266900896,52.12062980307855],[-123.68499490789083,52.12260810317471],[-123.68246702062392,52.12375169726162],[-123.68618781551926,52.12894860892087],[-123.68821591431389,52.12730649625879],[-123.69387978977664,52.13075170245089],[-123.6935945087223,52.1406798076425],[-123.70122779436453,52.14598221633845],[-123.70588668590288,52.14541109804662],[-123.71106768469448,52.148893292601635],[-123.71845509917986,52.14942019181617],[-123.72126619407624,52.154365110500365],[-123.7200724999239,52.15663669815079],[-123.7226415923965,52.15717929141366],[-123.7208957104709,52.16025269717745],[-123.72504758816056,52.15935690188129],[-123.72603028143345,52.162323597541494],[-123.73360372161828,52.16218830108107],[-123.74241210899955,52.16430319157703],[-123.74259199974118,52.16702059686258],[-123.74730569701046,52.166037913006654],[-123.746653599705,52.167353903381056],[-123.75060899903767,52.16734669529954],[-123.7516774949433,52.16463928854721],[-123.75555642198948,52.164660706735155],[-123.75517230304601,52.16596520280573],[-123.76068191654116,52.1677099091848],[-123.76251651131275,52.16650790876135],[-123.7677417874383,52.1707804961531],[-123.76650410564312,52.171681989743455],[-123.7782230154146,52.17345520236768],[-123.77891809372072,52.17804820851658],[-123.78162649506845,52.178838713020895],[-123.78114910309559,52.18143710437913],[-123.78551430580316,52.182480399212885],[-123.78800400246728,52.185895607205474],[-123.80097059603473,52.18535161062768],[-123.80405878939214,52.18375510201274],[-123.80257478635437,52.180882391380365],[-123.80636677200397,52.18018459509933],[-123.81459729871166,52.182355105985856],[-123.82584340289567,52.181417900586894],[-123.8314880170469,52.18349010348178],[-123.83730308354562,52.18933079279359],[-123.83705599836287,52.193492414040854],[-123.84035480674633,52.196421986149765],[-123.83793490021367,52.197457395584856],[-123.8381290976875,52.19958940015741],[-123.84646868835588,52.20690128971603],[-123.84563950604418,52.209164408112244],[-123.84826057649484,52.20948769944693],[-123.84672299932157,52.214757201507304],[-123.84983058536454,52.21877209283561],[-123.8551920782981,52.217876300324086],[-123.85874960408547,52.22167180562789],[-123.85872381929009,52.227145999579776],[-123.86172909585629,52.231847305785635],[-123.87933650165209,52.24263759291489],[-123.87981780309532,52.244201300180634],[-123.88276641014103,52.2446443030552],[-123.88553148519587,52.24297369854626],[-123.88600180710638,52.244395599507534],[-123.8837274941641,52.24466279125366],[-123.88522789532074,52.24822759134184],[-123.88841849199291,52.24782741641679],[-123.8916594952546,52.25076979905244],[-123.89476861644229,52.25910290259738],[-123.8942646983751,52.26265528658301],[-123.89905201461126,52.263789889281185],[-123.89636119594076,52.2703911065581],[-123.89902648535887,52.27110320744204],[-123.90331518855147,52.26940839788094],[-123.91083859717533,52.270915200831354],[-123.90846051873106,52.27451989810889],[-123.91080190947449,52.27958439336139],[-123.91834658790849,52.2812734999855],[-123.92245120848307,52.284745686737715],[-123.92631758550851,52.28344119899563],[-123.9313940917478,52.28550330461155],[-123.9341403253206,52.29039270560827],[-123.93807260232674,52.29199209551785],[-123.93637090431676,52.29292279375858],[-123.93710040200929,52.29406890559209],[-123.94062429409317,52.2965309934801],[-123.93977988313434,52.30118679286981],[-123.94560078521476,52.30193590685976],[-123.95291299493736,52.30529849181205],[-123.95733182171129,52.309693598807826],[-123.96793041750814,52.31007529332173],[-123.97518910184655,52.31401760035323],[-123.99640258219742,52.315600406722986],[-123.99619069744706,52.31794258853092],[-123.99783389610839,52.319175998611406],[-123.99582952069835,52.32230640299889],[-123.9974718118509,52.32661320778085],[-123.99619509915983,52.32811578873002],[-123.99805031302118,52.3295100998419],[-123.99698780411805,52.352096503097854],[-123.99941074268109,52.501378098751736],[-123.34103065269129,52.50117399421956]],[[-122.54417412496305,51.99088981866171],[-122.54323505692092,52.002842294629566],[-122.56556446413516,52.00327873807794],[-122.56638078171892,51.99123537792541],[-122.54417412496305,51.99088981866171]],[[-123.20744430902192,52.09570732309677],[-123.20378867702048,52.09573412007073],[-123.20389358711402,52.10221729823678],[-123.22117919410408,52.10210700749605],[-123.22158905535663,52.10636907063231],[-123.22451483778627,52.10634907310833],[-123.22419998984674,52.11710107096005],[-123.24937457109341,52.11521856771292],[-123.24946619635156,52.102710114583715],[-123.23587196954479,52.102773836648176],[-123.2361146222022,52.097682933479824],[-123.22457969826995,52.09792659560777],[-123.22448281223197,52.09555808175029],[-123.20744430902192,52.09570732309677]],[[-123.17194558735856,51.96063324198699],[-123.17113363522735,51.91121496621857],[-123.11255728210101,51.91125772259866],[-123.11218471023986,51.92821689595247],[-123.11630011451177,51.929337095950295],[-123.11824779485386,51.93758330572101],[-123.12194149032311,51.93799490638997],[-123.13356009663961,51.93369661162488],[-123.13640439139654,51.93495281296484],[-123.13986771240072,51.93972100875914],[-123.14837650335345,51.93956800342958],[-123.15018611061267,51.94209379284945],[-123.14340719370513,51.94999810080433],[-123.14504909803563,51.95683071219055],[-123.1533193069252,51.95729331035957],[-123.1564016586071,51.96146569672961],[-123.17194558735856,51.96063324198699]],[[-122.49216856256747,51.900057064141954],[-122.45000868409954,51.899399182481254],[-122.44869431110246,51.941636907792514],[-122.51932482301079,51.94212411306965],[-122.51925489821828,51.900470580178194],[-122.49216856256747,51.900057064141954]],[[-123.23183702027876,52.05288876100116],[-123.23564501153486,52.05026544712059],[-123.23205810523436,52.04463053059168],[-123.234840715778,52.040461237908104],[-123.23194916227649,52.03724473723291],[-123.23204810703207,52.035301926162866],[-123.21839267222697,52.029172583177235],[-123.21400797039816,52.02253632266783],[-123.20334380741157,52.016303017333016],[-123.19734471182504,52.00971144552642],[-123.18818162581314,52.00804483254091],[-123.18003368345451,52.001643050481924],[-123.16892021345802,51.99653287894599],[-123.1680799299403,51.98700579258353],[-123.12894106485389,51.9874009060256],[-123.13002208121812,52.05432329885052],[-123.23169573944922,52.05395443413064],[-123.23183702027876,52.05288876100116]]]},"bbox":[-123.99941074268109,51.04390795193349,-122.26405140347939,52.50781781097486]},{"id":"5941801","type":"Feature","properties":{},"geometry":{"type":"Polygon","coordinates":[[[-122.2351865450432,51.794299916984556],[-122.20447070901189,51.793782262429005],[-122.20453198992132,51.788241744240175],[-122.20553764060001,51.78509469662584],[-122.21922774496359,51.78590657260442],[-122.24771962211163,51.78427795777956],[-122.24780424227681,51.78727152990756],[-122.24303260520358,51.789946654212166],[-122.23545130772541,51.79016219908051],[-122.2351865450432,51.794299916984556]]]},"bbox":[-122.24780424227681,51.78427795777956,-122.20447070901189,51.794299916984556]},{"id":"5941802","type":"Feature","properties":{},"geometry":{"type":"Polygon","coordinates":[[[-120.92072382243765,51.76827248385067],[-120.9855950523163,51.769315854279945],[-121.03775951805522,51.767383525937646],[-121.03749738443632,51.78851497619866],[-120.96897721620562,51.78889614205656],[-120.92263552807721,51.78651984347689],[-120.92379834184533,51.7773497058482],[-120.92072382243765,51.76827248385067]]]},"bbox":[-121.03775951805522,51.767383525937646,-120.92072382243765,51.78889614205656]},{"id":"5941803","type":"Feature","properties":{},"geometry":{"type":"Polygon","coordinates":[[[-121.47163983232757,51.796441362101206],[-121.46931380774555,51.798330633335475],[-121.46972602072817,51.794629523017015],[-121.47624847718163,51.7943288349561],[-121.4762150495062,51.79713096511978],[-121.47163983232757,51.796441362101206]]]},"bbox":[-121.47624847718163,51.7943288349561,-121.46931380774555,51.798330633335475]},{"id":"5941804","type":"Feature","properties":{},"geometry":{"type":"Polygon","coordinates":[[[-122.1789565154324,51.53630372342206],[-122.17903912900688,51.51611026697578],[-122.2822699778561,51.5158993545457],[-122.28119231005697,51.52311700324594],[-122.2898808113272,51.534443807125115],[-122.28865971509622,51.54455278974255],[-122.2927105056306,51.54981670806373],[-122.29055322613146,51.55297801488738],[-122.25473766995029,51.553643020058274],[-122.21918772113266,51.552108439128936],[-122.21928073140593,51.54483239961729],[-122.17911171798595,51.54444623375051],[-122.1789565154324,51.53630372342206]]]},"bbox":[-122.2927105056306,51.5158993545457,-122.1789565154324,51.553643020058274]},{"id":"5941805","type":"Feature","properties":{},"geometry":{"type":"Polygon","coordinates":[[[-122.0433024766293,52.25017348041977],[-122.04405962858937,52.24219160833851],[-122.09457820872616,52.24303664121979],[-122.09206127519779,52.25814498642688],[-122.14486172785149,52.259805142865225],[-122.14372456893399,52.27249684060746],[-122.14613282090926,52.28227768372889],[-122.12189571961095,52.281645862463186],[-122.12250673726491,52.271994599819045],[-122.07501706764452,52.271022241538226],[-122.07555889346752,52.264236408480386],[-122.04202707942383,52.26345878751878],[-122.0433024766293,52.25017348041977]]]},"bbox":[-122.14613282090926,52.24219160833851,-122.04202707942383,52.28227768372889]},{"id":"5941806","type":"Feature","properties":{},"geometry":{"type":"Polygon","coordinates":[[[-122.21621841966487,51.591239069376805],[-122.1940618921669,51.591257954683186],[-122.19368330823006,51.58296518548704],[-122.21156821731776,51.58280294239328],[-122.21192755196778,51.58591699554959],[-122.21418300936442,51.58396441709674],[-122.21628466700712,51.58524180551745],[-122.21621841966487,51.591239069376805]]]},"bbox":[-122.21628466700712,51.58280294239328,-122.19368330823006,51.591257954683186]},{"id":"5941807","type":"Feature","properties":{},"geometry":{"type":"Polygon","coordinates":[[[-122.0792474033362,51.59872366753754],[-122.07972773630297,51.58970488827155],[-122.1056668968682,51.59016313492737],[-122.10541253653273,51.60108039625974],[-122.07916451780017,51.60056185526782],[-122.0792474033362,51.59872366753754]]]},"bbox":[-122.1056668968682,51.58970488827155,-122.07916451780017,51.60108039625974]},{"id":"5941808","type":"Feature","properties":{},"geometry":{"type":"Polygon","coordinates":[[[-123.92529483099752,51.4656466587395],[-123.92545589436021,51.4611241893838],[-123.9455477725778,51.46116193255373],[-123.9466624014356,51.47689440510912],[-123.94128701511924,51.47854935252336],[-123.92768949317744,51.47800718182339],[-123.92563165207254,51.47633745144808],[-123.92529483099752,51.4656466587395]]]},"bbox":[-123.9466624014356,51.4611241893838,-123.92529483099752,51.47854935252336]},{"id":"5941809","type":"Feature","properties":{},"geometry":{"type":"Polygon","coordinates":[[[-122.49902912129998,52.95756140971357],[-122.45054319151211,52.95661310750716],[-122.45223881966376,52.93850796760984],[-122.48265371335475,52.939446674469316],[-122.48215017340787,52.95031585692843],[-122.50332923499477,52.951502267663976],[-122.51185080666899,52.95597856685035],[-122.5111950103995,52.95779193768307],[-122.49902912129998,52.95756140971357]]]},"bbox":[-122.51185080666899,52.93850796760984,-122.45054319151211,52.95779193768307]},{"id":"5941810","type":"Feature","properties":{},"geometry":{"type":"Polygon","coordinates":[[[-122.27540185414438,52.334112636262994],[-122.25411035892351,52.33292245250852],[-122.25542558488864,52.3300156389202],[-122.25416632619445,52.327670222674584],[-122.25556924329227,52.310756123050155],[-122.27791611543498,52.31058358523942],[-122.2778099212817,52.3137868785606],[-122.27472143768078,52.31877585610656],[-122.28078052692047,52.32687817706996],[-122.28060663478415,52.33125376470041],[-122.2787771914801,52.331142059565906],[-122.277958524865,52.332808753396876],[-122.28083420715973,52.332890040751174],[-122.28145020234227,52.334564753060604],[-122.27540185414438,52.334112636262994]]]},"bbox":[-122.28145020234227,52.31058358523942,-122.25411035892351,52.334564753060604]},{"id":"5941811","type":"Feature","properties":{},"geometry":{"type":"Polygon","coordinates":[[[-122.1813716325816,51.84231958398884],[-122.17236018486287,51.84146702370167],[-122.16973028848294,51.8432891417828],[-122.15465897641602,51.84310840888632],[-122.15692154002915,51.828242310089315],[-122.18462497546945,51.82804495441964],[-122.1813716325816,51.84231958398884]]]},"bbox":[-122.18462497546945,51.82804495441964,-122.15465897641602,51.8432891417828]},{"id":"5941812","type":"Feature","properties":{},"geometry":{"type":"Polygon","coordinates":[[[-122.02521343469014,52.124370878947374],[-122.01384001754968,52.124313990432896],[-122.01376913145513,52.12566341770137],[-122.00723138117712,52.12560846301271],[-122.00690199806483,52.12431610695387],[-121.97641785251166,52.124303140294366],[-121.95614658485756,52.1204395258003],[-121.9540293904415,52.11804048660112],[-121.95711080216753,52.08756756535327],[-122.00058494203267,52.087918665692804],[-122.00280061555013,52.09334916608259],[-122.00551384208644,52.09277721196545],[-122.00650642604793,52.101412505322784],[-122.0082662095294,52.102962178949035],[-122.01192100741503,52.10198556339399],[-122.0129534099112,52.10287567287958],[-122.01185801785316,52.10355077567805],[-122.01364683168447,52.10318757916033],[-122.01325643664448,52.10435257003889],[-122.01536702799186,52.105305369247766],[-122.0140286333826,52.106553717247095],[-122.02922125943562,52.10560578689087],[-122.02908101522462,52.10836902104377],[-122.02575262484423,52.10982438283677],[-122.02118672504838,52.10766526152995],[-122.02518640643325,52.11172576013625],[-122.02064631305518,52.11165307552962],[-122.02153403557588,52.11442035351972],[-122.02451223050319,52.11650397878432],[-122.03365346499072,52.11817075405775],[-122.02910661751085,52.11945357606742],[-122.02934507298403,52.12426839505772],[-122.02521343469014,52.124370878947374]]]},"bbox":[-122.03365346499072,52.08756756535327,-121.9540293904415,52.12566341770137]},{"id":"5941813","type":"Feature","properties":{},"geometry":{"type":"Polygon","coordinates":[[[-121.1257004618004,51.74025615150883],[-121.13631230830131,51.73985034018003],[-121.13763621133947,51.746592129132246],[-121.12705193440189,51.74663354870126],[-121.1257004618004,51.74025615150883]]]},"bbox":[-121.13763621133947,51.73985034018003,-121.1257004618004,51.74663354870126]},{"id":"5941817","type":"Feature","properties":{},"geometry":{"type":"Polygon","coordinates":[[[-124.2960693948345,52.20801127503717],[-124.29607744249329,52.20638891115387],[-124.29888536036773,52.20479644192557],[-124.29821252909332,52.202833452883844],[-124.29572270792515,52.20234437595453],[-124.29580724441136,52.20029177431651],[-124.32571184373847,52.20058970933432],[-124.32597983161261,52.207956691058044],[-124.2960693948345,52.20801127503717]]]},"bbox":[-124.32597983161261,52.20029177431651,-124.29572270792515,52.20801127503717]},{"id":"5941818","type":"Feature","properties":{},"geometry":{"type":"Polygon","coordinates":[[[-124.30853978252938,52.176449834779454],[-124.30854430648928,52.17322257410126],[-124.32138428818688,52.17305713082942],[-124.32134902825152,52.177166518674525],[-124.30853978252938,52.176449834779454]]]},"bbox":[-124.32138428818688,52.17305713082942,-124.30853978252938,52.177166518674525]},{"id":"5941821","type":"Feature","properties":{},"geometry":{"type":"Polygon","coordinates":[[[-123.23151621077298,52.053939684120415],[-123.13002208121812,52.05432329885052],[-123.12894106485389,51.9874009060256],[-123.1680799299403,51.98700579258353],[-123.16892021345802,51.99653287894599],[-123.18003368345451,52.001643050481924],[-123.18818162581314,52.00804483254091],[-123.19734471182504,52.00971144552642],[-123.20334380741157,52.016303017333016],[-123.21400797039816,52.02253632266783],[-123.21839267222697,52.029172583177235],[-123.23204810703207,52.035301926162866],[-123.23194916227649,52.03724473723291],[-123.234840715778,52.040461237908104],[-123.23205810523436,52.04463053059168],[-123.23564501153486,52.05026544712059],[-123.23151621077298,52.053939684120415]]]},"bbox":[-123.23564501153486,51.98700579258353,-123.12894106485389,52.05432329885052]},{"id":"5941827","type":"Feature","properties":{},"geometry":{"type":"Polygon","coordinates":[[[-124.19742356243039,52.29980238820256],[-124.19739222331184,52.29873079910003],[-124.24509467459356,52.29832074784531],[-124.24512600003177,52.31315761540761],[-124.20913056888293,52.313463294154936],[-124.20891628092147,52.30675908923],[-124.19748996303001,52.30666013041113],[-124.19742356243039,52.29980238820256]]]},"bbox":[-124.24512600003177,52.29832074784531,-124.19739222331184,52.313463294154936]},{"id":"5941828","type":"Feature","properties":{},"geometry":{"type":"Polygon","coordinates":[[[-124.1049041414228,51.411104424663215],[-124.10462566942522,51.409584376018366],[-124.12153793865488,51.40864824713424],[-124.12064071174119,51.41224096644237],[-124.1249133280191,51.4162398395549],[-124.10644674471922,51.41744523328253],[-124.1049041414228,51.411104424663215]]]},"bbox":[-124.1249133280191,51.40864824713424,-124.10462566942522,51.41744523328253]},{"id":"5941829","type":"Feature","properties":{},"geometry":{"type":"Polygon","coordinates":[[[-124.09766002126212,51.42832705033644],[-124.0564472027259,51.42880696694542],[-124.05630302021831,51.42481688073828],[-124.06349731214969,51.424652299002865],[-124.06306894876911,51.42077223257515],[-124.08655940567242,51.42008772516617],[-124.08566724777805,51.411195076310364],[-124.1049041414228,51.411104424663215],[-124.10644674471922,51.41744523328253],[-124.1249133280191,51.4162398395549],[-124.13324684750945,51.41961835526339],[-124.13644075805982,51.42486656620408],[-124.14204497558035,51.42778461437249],[-124.09766002126212,51.42832705033644]]]},"bbox":[-124.14204497558035,51.411104424663215,-124.05630302021831,51.42880696694542]},{"id":"5941831","type":"Feature","properties":{},"geometry":{"type":"Polygon","coordinates":[[[-123.833606647486,51.48599721680519],[-123.83090641105356,51.47389988056558],[-123.84559853736042,51.47341969368824],[-123.84610317901283,51.47607556055323],[-123.84410955852054,51.47849237306654],[-123.84514793901434,51.481756651647245],[-123.85653976723745,51.481432223667674],[-123.85715272548399,51.48840299558131],[-123.83415659221417,51.48936185178819],[-123.833606647486,51.48599721680519]]]},"bbox":[-123.85715272548399,51.47341969368824,-123.83090641105356,51.48936185178819]},{"id":"5941833","type":"Feature","properties":{},"geometry":{"type":"Polygon","coordinates":[[[-124.46291372633395,53.097358299334836],[-124.46300028909474,53.090684309471676],[-124.48874745292393,53.08624957333709],[-124.48733752340156,53.08351648604229],[-124.48827424149222,53.08210226523479],[-124.51162177314895,53.08261260602045],[-124.51118099683978,53.09774889155407],[-124.46291372633395,53.097358299334836]]]},"bbox":[-124.51162177314895,53.08210226523479,-124.46291372633395,53.09774889155407]},{"id":"5941835","type":"Feature","properties":{},"geometry":{"type":"Polygon","coordinates":[[[-123.83681183529148,52.98746463131775],[-123.83675139185786,52.98554304682663],[-123.84926472559599,52.98550815350825],[-123.84893734516201,52.992894161947405],[-123.83699746971276,52.9928877553593],[-123.83681183529148,52.98746463131775]]]},"bbox":[-123.84926472559599,52.98550815350825,-123.83675139185786,52.992894161947405]},{"id":"5941837","type":"Feature","properties":{},"geometry":{"type":"Polygon","coordinates":[[[-123.57334676766965,52.94800957088945],[-123.57329193232175,52.94484378917629],[-123.56648454634272,52.94505602298471],[-123.56585827441269,52.935510239720045],[-123.57503348215177,52.93548844718464],[-123.57821231005897,52.939644265657584],[-123.59114370129258,52.940893933220345],[-123.58897075880273,52.95359099145888],[-123.59220008850895,52.96377683305836],[-123.60463097191365,52.96373339819726],[-123.6044367404664,52.97206335462493],[-123.58634477214112,52.972149055123396],[-123.58579808277844,52.96408138788402],[-123.57362207184957,52.96389279978097],[-123.57334676766965,52.94800957088945]]]},"bbox":[-123.60463097191365,52.93548844718464,-123.56585827441269,52.972149055123396]},{"id":"5941838","type":"Feature","properties":{},"geometry":{"type":"Polygon","coordinates":[[[-124.05805279056895,52.209773350298825],[-124.05695527762727,52.211377594005896],[-124.05274035992095,52.21157226833197],[-124.06029331388635,52.203003268786695],[-124.05919104969276,52.202177262862314],[-124.06330168240306,52.20209911693655],[-124.05805279056895,52.209773350298825]]]},"bbox":[-124.06330168240306,52.20209911693655,-124.05274035992095,52.21157226833197]},{"id":"5941839","type":"Feature","properties":{},"geometry":{"type":"Polygon","coordinates":[[[-123.98402059829405,52.13921812229884],[-123.96779298923275,52.13925754086104],[-123.96699677970754,52.143124181221275],[-123.95378584570511,52.142947319679564],[-123.9532430217542,52.14616651298496],[-123.93414659427289,52.14570702588286],[-123.93383788031717,52.143743499647144],[-123.93540795010524,52.135210580247005],[-123.95974334075689,52.13548782234006],[-123.96029130765575,52.132452466194216],[-123.98506694560746,52.13185681565829],[-123.98402059829405,52.13921812229884]]]},"bbox":[-123.98506694560746,52.13185681565829,-123.93383788031717,52.14616651298496]},{"id":"5941840","type":"Feature","properties":{},"geometry":{"type":"Polygon","coordinates":[[[-125.29036787648963,52.4861780186451],[-125.28135284818235,52.486260598610656],[-125.2805902433441,52.472572204013126],[-125.30393935205608,52.47116382194868],[-125.30319502589107,52.46407695778447],[-125.31838066611341,52.46519784242596],[-125.31826328128996,52.48128476913512],[-125.30540954747448,52.47869466964341],[-125.3054541031471,52.48603808677408],[-125.29036787648963,52.4861780186451]]]},"bbox":[-125.31838066611341,52.46407695778447,-125.2805902433441,52.486260598610656]},{"id":"5941841","type":"Feature","properties":{},"geometry":{"type":"Polygon","coordinates":[[[-123.17194558735856,51.96063324198699],[-123.1564016586071,51.96146569672961],[-123.1533193069252,51.95729331035957],[-123.14504909803563,51.95683071219055],[-123.14340719370513,51.94999810080433],[-123.15018611061267,51.94209379284945],[-123.14837650335345,51.93956800342958],[-123.13986771240072,51.93972100875914],[-123.13640439139654,51.93495281296484],[-123.13356009663961,51.93369661162488],[-123.12194149032311,51.93799490638997],[-123.11824779485386,51.93758330572101],[-123.11630011451177,51.929337095950295],[-123.11218471023986,51.92821689595247],[-123.11255728210101,51.91125772259866],[-123.17113363522735,51.91121496621857],[-123.17194558735856,51.96063324198699]]]},"bbox":[-123.17194558735856,51.91121496621857,-123.11218471023986,51.96146569672961]},{"id":"5941844","type":"Feature","properties":{},"geometry":{"type":"Polygon","coordinates":[[[-124.15557025114413,52.28635842504805],[-124.15581402199373,52.27949733568882],[-124.16828995963235,52.27945781861247],[-124.16803211751085,52.29747671355538],[-124.16182885743234,52.297473820344784],[-124.1614236582539,52.28649371859743],[-124.15557025114413,52.28635842504805]]]},"bbox":[-124.16828995963235,52.27945781861247,-124.15557025114413,52.29747671355538]},{"id":"5941845","type":"Feature","properties":{},"geometry":{"type":"Polygon","coordinates":[[[-125.3431247388353,52.49560568241027],[-125.3448433288421,52.49326007738387],[-125.34198802994723,52.491105166760335],[-125.34070393962197,52.49161647375565],[-125.34138201538555,52.49343207896893],[-125.30540723514065,52.49323874523115],[-125.30513371630006,52.47984921571685],[-125.31855925671249,52.48425617528824],[-125.3326045468915,52.483027073714524],[-125.33332602528033,52.483884464122546],[-125.33077794107973,52.48469908328794],[-125.33069512320718,52.48648077087524],[-125.35121014747287,52.49167777465163],[-125.3431247388353,52.49560568241027]]]},"bbox":[-125.35121014747287,52.47984921571685,-125.30513371630006,52.49560568241027]},{"id":"5941848","type":"Feature","properties":{},"geometry":{"type":"Polygon","coordinates":[[[-124.29700433439285,52.324282681840934],[-124.2865327734649,52.32431800996142],[-124.28668523137793,52.32771989507242],[-124.2628244330553,52.327993033392744],[-124.262724618705,52.32030648137171],[-124.25671584714651,52.320348986189394],[-124.25670797850222,52.313107836731966],[-124.25080030237466,52.31322716222263],[-124.25044337962971,52.30622586707551],[-124.26256763233951,52.30595586066429],[-124.26322469484612,52.313278558311424],[-124.26834190532009,52.31316914295146],[-124.26877000080835,52.320386209396986],[-124.27482419130011,52.32020253824322],[-124.27468449644797,52.31337104880452],[-124.28631739597903,52.31314394546335],[-124.2864206219339,52.32051447879279],[-124.29797390173403,52.3204165162534],[-124.29700433439285,52.324282681840934]]]},"bbox":[-124.29797390173403,52.30595586066429,-124.25044337962971,52.327993033392744]},{"id":"5941849","type":"Feature","properties":{},"geometry":{"type":"Polygon","coordinates":[[[-122.54333001993045,52.00037197544341],[-122.54369464889423,51.99088230513242],[-122.56638078171892,51.99123537792541],[-122.56556446413516,52.00327873807794],[-122.54323505692092,52.002842294629566],[-122.54333001993045,52.00037197544341]]]},"bbox":[-122.56638078171892,51.99088230513242,-122.54323505692092,52.00327873807794]},{"id":"5941850","type":"Feature","properties":{},"geometry":{"type":"Polygon","coordinates":[[[-122.44972104757268,51.9105444690202],[-122.45000868409954,51.899399182481254],[-122.51925489821828,51.900470580178194],[-122.51932482301079,51.94212411306965],[-122.44869431110246,51.941636907792514],[-122.44972104757268,51.9105444690202]]]},"bbox":[-122.51932482301079,51.899399182481254,-122.44869431110246,51.94212411306965]},{"id":"5941851","type":"Feature","properties":{},"geometry":{"type":"Polygon","coordinates":[[[-125.10722281492484,52.28499529540161],[-125.10639386026614,52.28129969380836],[-125.11026118061102,52.28040196958109],[-125.11877601939636,52.282722276822795],[-125.13081507065218,52.28296455748146],[-125.13144156085616,52.29739242045546],[-125.10787504885823,52.29746996441536],[-125.10722281492484,52.28499529540161]]]},"bbox":[-125.13144156085616,52.28040196958109,-125.10639386026614,52.29746996441536]},{"id":"5941852","type":"Feature","properties":{},"geometry":{"type":"Polygon","coordinates":[[[-123.52095034924876,53.18796376764282],[-123.52519890523158,53.18545566707489],[-123.52549172241285,53.18368258603067],[-123.52089192828738,53.186885577222206],[-123.52018503640272,53.18529756170679],[-123.5157972880568,53.18719108225972],[-123.51589738072602,53.18132708519147],[-123.53762857630464,53.18062532037658],[-123.53818744826532,53.1878523810037],[-123.52095034924876,53.18796376764282]]]},"bbox":[-123.53818744826532,53.18062532037658,-123.5157972880568,53.18796376764282]},{"id":"5941854","type":"Feature","properties":{},"geometry":{"type":"Polygon","coordinates":[[[-125.02869123060084,52.37208121548856],[-125.05299725303325,52.37162418245139],[-125.05314436341486,52.3860812223893],[-125.04115280977389,52.38629381259141],[-125.040579704798,52.379151126435346],[-125.0291534091983,52.379545776949364],[-125.02869123060084,52.37208121548856]]]},"bbox":[-125.05314436341486,52.37162418245139,-125.02869123060084,52.38629381259141]},{"id":"5941855","type":"Feature","properties":{},"geometry":{"type":"Polygon","coordinates":[[[-121.57925044322417,51.848846564463784],[-121.58138114279211,51.8480461649319],[-121.58212798451827,51.849817432933804],[-121.57919701422537,51.84999026205015],[-121.57925044322417,51.848846564463784]]]},"bbox":[-121.58212798451827,51.8480461649319,-121.57919701422537,51.84999026205015]},{"id":"5941856","type":"Feature","properties":{},"geometry":{"type":"Polygon","coordinates":[[[-124.27739461374429,52.49750419576382],[-124.27734404952652,52.482825111545715],[-124.28931895851089,52.482832645579556],[-124.28924545687083,52.497375961976964],[-124.27739461374429,52.49750419576382]]]},"bbox":[-124.28931895851089,52.482825111545715,-124.27734404952652,52.49750419576382]},{"id":"5941861","type":"Feature","properties":{},"geometry":{"type":"Polygon","coordinates":[[[-125.39984294941513,52.915906690436955],[-125.39982601111946,52.91299367274951],[-125.41151391436544,52.912878970792555],[-125.41127977234252,52.927588205411595],[-125.39962262176971,52.9278215349638],[-125.39984294941513,52.915906690436955]]]},"bbox":[-125.41151391436544,52.912878970792555,-125.39962262176971,52.9278215349638]},{"id":"5941862","type":"Feature","properties":{},"geometry":{"type":"MultiPolygon","coordinates":[[[[-125.14132944912129,52.98088658918678],[-125.14137753291254,52.97354247231554],[-125.14769217743402,52.973631212398466],[-125.14764530212122,52.980975332690285],[-125.14132944912129,52.98088658918678]]],[[[-125.15337939802983,52.97360423743631],[-125.15336865302031,52.96673905702621],[-125.16564231038821,52.966544436150045],[-125.16573771926294,52.97376473415431],[-125.15337939802983,52.97360423743631]]]]},"bbox":[-125.16573771926294,52.966544436150045,-125.14132944912129,52.980975332690285]},{"id":"5941864","type":"Feature","properties":{},"geometry":{"type":"Polygon","coordinates":[[[-124.32773350132699,53.12295094559099],[-124.32784588182297,53.118143960067215],[-124.3416509148242,53.11861341029701],[-124.34096743051414,53.12347310156519],[-124.32773350132699,53.12295094559099]]]},"bbox":[-124.3416509148242,53.118143960067215,-124.32773350132699,53.12347310156519]},{"id":"5941866","type":"Feature","properties":{},"geometry":{"type":"Polygon","coordinates":[[[-123.49826883831363,53.22479241699433],[-123.4906190023881,53.225949884088315],[-123.49390113418659,53.212741254995976],[-123.49211260740715,53.210958890588365],[-123.49435669654946,53.20721236352808],[-123.49391650873406,53.20276674194624],[-123.51755658456688,53.200819049254875],[-123.51737586892327,53.20567918416068],[-123.51571850134489,53.20755939669446],[-123.51855622498785,53.20939520537495],[-123.5157610796736,53.2119843927358],[-123.51193449005322,53.21183134218313],[-123.51663487341212,53.21372435667426],[-123.51734443070103,53.22551499553227],[-123.49826883831363,53.22479241699433]]]},"bbox":[-123.51855622498785,53.200819049254875,-123.4906190023881,53.225949884088315]},{"id":"5941868","type":"Feature","properties":{},"geometry":{"type":"Polygon","coordinates":[[[-122.08350954802728,51.818380631163585],[-122.0832856285963,51.81489994258559],[-122.108393515586,51.81529709261146],[-122.11183410893825,51.82510642000674],[-122.08424694766475,51.82613657965099],[-122.08350954802728,51.818380631163585]]]},"bbox":[-122.11183410893825,51.81489994258559,-122.0832856285963,51.82613657965099]},{"id":"5941871","type":"Feature","properties":{},"geometry":{"type":"Polygon","coordinates":[[[-125.15872964940957,52.36159186842806],[-125.15436501338569,52.359631025503916],[-125.15322940010698,52.35685326231059],[-125.15484737383775,52.353919150021355],[-125.15808571338023,52.352535488491796],[-125.15596255604707,52.35757846820856],[-125.16053813480882,52.35774648334044],[-125.16209205562379,52.35995765654118],[-125.15872964940957,52.36159186842806]]]},"bbox":[-125.16209205562379,52.352535488491796,-125.15322940010698,52.36159186842806]},{"id":"5941872","type":"Feature","properties":{},"geometry":{"type":"Polygon","coordinates":[[[-122.10496885124859,51.8411945571354],[-122.10454051235791,51.83841248805302],[-122.12304424221834,51.83742804207363],[-122.12407555247036,51.84530723835642],[-122.10508222753798,51.84494282773298],[-122.10496885124859,51.8411945571354]]]},"bbox":[-122.12407555247036,51.83742804207363,-122.10454051235791,51.84530723835642]},{"id":"5941873","type":"Feature","properties":{},"geometry":{"type":"Polygon","coordinates":[[[-122.13561135471058,51.82572582424801],[-122.12280096038512,51.82573218453242],[-122.12322854276499,51.82925036389646],[-122.11016690197707,51.82904459070541],[-122.10968374199668,51.82520064484706],[-122.11183410893825,51.82510642000674],[-122.11033831339995,51.819576195036355],[-122.12196333482677,51.81901044297859],[-122.12184910503758,51.821823735135865],[-122.13601069892917,51.821949734606406],[-122.13561135471058,51.82572582424801]]]},"bbox":[-122.13601069892917,51.81901044297859,-122.10968374199668,51.82925036389646]},{"id":"5941876","type":"Feature","properties":{},"geometry":{"type":"Polygon","coordinates":[[[-124.06225796184764,51.41514858388782],[-124.06207113313481,51.41393060628523],[-124.07868888883137,51.41295458469438],[-124.07891410599531,51.42026518745026],[-124.06306894876911,51.42077223257515],[-124.06225796184764,51.41514858388782]]]},"bbox":[-124.07891410599531,51.41295458469438,-124.06207113313481,51.42077223257515]},{"id":"5941879","type":"Feature","properties":{},"geometry":{"type":"Polygon","coordinates":[[[-123.91686437447343,52.15029557240838],[-123.91439469174955,52.151557364528934],[-123.91285063048375,52.150218345303585],[-123.91504750538918,52.14858167871044],[-123.91686437447343,52.15029557240838]]]},"bbox":[-123.91686437447343,52.14858167871044,-123.91285063048375,52.151557364528934]},{"id":"5941880","type":"Feature","properties":{},"geometry":{"type":"Polygon","coordinates":[[[-125.26159664781436,52.443858376106526],[-125.26222652436512,52.44088413698766],[-125.28671528719181,52.44263650203172],[-125.28621764418374,52.45637385453431],[-125.26144518377949,52.455670588046424],[-125.26159664781436,52.443858376106526]]]},"bbox":[-125.28671528719181,52.44088413698766,-125.26144518377949,52.45637385453431]},{"id":"5941881","type":"Feature","properties":{},"geometry":{"type":"Polygon","coordinates":[[[-123.80841206844217,52.98676226980374],[-123.81478339064793,52.98583059150648],[-123.81467010343009,52.99036879983353],[-123.80846684654864,52.990426244927576],[-123.80841206844217,52.98676226980374]]]},"bbox":[-123.81478339064793,52.98583059150648,-123.80841206844217,52.990426244927576]},{"id":"5941882","type":"Feature","properties":{},"geometry":{"type":"MultiPolygon","coordinates":[[[[-122.43916707468688,52.566144607758275],[-122.4392682900472,52.56321375936547],[-122.44335496893446,52.563296449769396],[-122.44403567412047,52.554293319884785],[-122.45786680814409,52.55514215511133],[-122.45678793719136,52.559262567382355],[-122.45366064172762,52.559172811224855],[-122.45247552962162,52.566496339979174],[-122.43916707468688,52.566144607758275]]],[[[-122.46082236287573,52.555904964477385],[-122.46223862021698,52.55479847669839],[-122.47989814401431,52.55196792486864],[-122.47901152344133,52.55630978151924],[-122.47166474615513,52.56647450544793],[-122.46584740047273,52.566570022161834],[-122.46686046767297,52.55982037656934],[-122.4608463142157,52.56004585619357],[-122.46082236287573,52.555904964477385]]],[[[-122.48321754756209,52.55738936292177],[-122.50639532452689,52.558039112061884],[-122.50728818470473,52.57798233187088],[-122.50391239245369,52.59414637615579],[-122.49631163587961,52.593973525766586],[-122.49660802560706,52.58996382014438],[-122.4925800150641,52.59060905065236],[-122.49316405190869,52.58771488429272],[-122.4847229367211,52.588780144298504],[-122.48131152204085,52.58269756364512],[-122.47368951723831,52.57696366775929],[-122.47442461833145,52.56974715829662],[-122.48046302466115,52.55944447501696],[-122.48321754756209,52.55738936292177]]]]},"bbox":[-122.50728818470473,52.55196792486864,-122.43916707468688,52.59414637615579]},{"id":"5941883","type":"Feature","properties":{},"geometry":{"type":"Polygon","coordinates":[[[-123.23505261491991,52.11671072341773],[-123.22419998984674,52.11710107096005],[-123.22451483778627,52.10634907310833],[-123.22158905535663,52.10636907063231],[-123.22117919410408,52.10210700749605],[-123.20389358711402,52.10221729823678],[-123.20378867702048,52.09573412007073],[-123.22448281223197,52.09555808175029],[-123.22457969826995,52.09792659560777],[-123.2361146222022,52.097682933479824],[-123.23587196954479,52.102773836648176],[-123.24946619635156,52.102710114583715],[-123.24937457109341,52.11521856771292],[-123.23505261491991,52.11671072341773]]]},"bbox":[-123.24946619635156,52.09555808175029,-123.20378867702048,52.11710107096005]},{"id":"5941884","type":"Feature","properties":{},"geometry":{"type":"Polygon","coordinates":[[[-124.04370122417457,51.43542903397178],[-124.04339422928075,51.42900146140511],[-124.0447493834755,51.42899077545575],[-124.04489339635617,51.42496869887567],[-124.05630302021831,51.42481688073828],[-124.0562234753986,51.44644544047627],[-124.04441242076388,51.44648688602723],[-124.04370122417457,51.43542903397178]]]},"bbox":[-124.05630302021831,51.42481688073828,-124.04339422928075,51.44648688602723]},{"id":"5941885","type":"Feature","properties":{},"geometry":{"type":"Polygon","coordinates":[[[-122.07364685595111,51.85400962274046],[-122.07347603254613,51.84778269990062],[-122.07837565820385,51.84776221706821],[-122.07836787747195,51.841742037005645],[-122.10139282536889,51.84169497088177],[-122.10130244302724,51.847772418475245],[-122.1080904912875,51.8478234288178],[-122.1081019749899,51.86142642397099],[-122.0738630732053,51.861887629077515],[-122.07364685595111,51.85400962274046]]]},"bbox":[-122.1081019749899,51.84169497088177,-122.07347603254613,51.861887629077515]},{"id":"5941886","type":"Feature","properties":{},"geometry":{"type":"Polygon","coordinates":[[[-122.42691042512618,52.97028786161929],[-122.42534327861853,52.96932346074952],[-122.43206878702742,52.96950800883418],[-122.43228473581378,52.973157972164934],[-122.42623285221342,52.97291499568037],[-122.42691042512618,52.97028786161929]]]},"bbox":[-122.43228473581378,52.96932346074952,-122.42534327861853,52.973157972164934]}],"bbox":[-126.64606287255236,50.87693883344,-120.14254549515822,53.53110877497793]}