{"type":"FeatureCollection","features":[{"id":"5951007","type":"Feature","properties":{},"geometry":{"type":"MultiPolygon","coordinates":[[[[-124.33066330072572,54.027165566262624],[-124.31634949665285,54.02731437127943],[-124.31622289131997,54.024050910043584],[-124.32069022788184,54.02374180920138],[-124.32073855693056,54.020235002846256],[-124.3267152511662,54.02024785337086],[-124.32662591649613,54.012680863010445],[-124.33330949147648,54.012673525730186],[-124.3330259446938,54.01598493241402],[-124.33903437820967,54.016192056641124],[-124.33915348225236,54.012666809346705],[-124.36670901569822,54.013121274009954],[-124.36745935724932,54.01987085569973],[-124.3532286713729,54.01960411172803],[-124.35300230280724,54.027092498589404],[-124.33066330072572,54.027165566262624]]],[[[-123.99705627729456,54.04671456222019],[-123.99694711518988,54.033325904025055],[-123.93512823402313,54.03285875378024],[-123.93501109229834,54.01004453311028],[-123.92335598657935,54.0128360256241],[-123.92389982450386,53.99849384970855],[-123.93429907593699,53.998604857009255],[-123.93345646443666,53.98342800220311],[-123.97228966427532,53.98327411447593],[-123.99053245384442,53.9856940136966],[-123.99865402667606,53.985150375363325],[-123.99838510036469,53.992704143583],[-124.04578018732599,53.99130526459826],[-124.04633958571435,54.006049922443204],[-124.09355193948403,54.005461907589535],[-124.09509215229131,54.018884466520866],[-124.0914896329903,54.02734217023073],[-124.09456065442005,54.035491391667826],[-124.08509969188104,54.03281934893993],[-124.08512192444131,54.03401628807047],[-124.03232359949374,54.03405501504592],[-124.03272306312431,54.056337192519784],[-123.99714908007178,54.05629990393206],[-123.99705627729456,54.04671456222019]],[[-124.07789917256645,54.027169050203284],[-124.08059454184901,54.02709029591364],[-124.0803148621085,54.01667937495116],[-124.06744447902679,54.016516455750576],[-124.06782954215426,54.02113756462153],[-124.07789917256645,54.027169050203284]]]]},"bbox":[-124.36745935724932,53.98327411447593,-123.92335598657935,54.056337192519784]},{"id":"5951009","type":"Feature","properties":{},"geometry":{"type":"MultiPolygon","coordinates":[[[[-125.08868790413509,54.039375318428824],[-125.0887296634149,54.03603231022218],[-125.09655206737054,54.03658207525115],[-125.10157936083145,54.03375710680045],[-125.1045386419683,54.03918518839049],[-125.0983072422384,54.040486731372624],[-125.08868790413509,54.039375318428824]]],[[[-124.74359930267096,54.068108373212524],[-124.74397769258695,54.05976241281971],[-124.7560568393223,54.05934527582336],[-124.7559960644077,54.067829808986474],[-124.74359930267096,54.068108373212524]]],[[[-124.84090735382028,54.06643585515605],[-124.83055093063801,54.06946248302021],[-124.81536116605268,54.06371788377669],[-124.81856964644399,54.060656739820715],[-124.81828207949982,54.05913352035531],[-124.8278556937985,54.05914202956868],[-124.82706807445187,54.055338689473444],[-124.8372807074928,54.05533555136216],[-124.84031215052235,54.054340777379686],[-124.84031860603154,54.051728098141865],[-124.86686376162294,54.05126672221206],[-124.86554085989764,54.055254698033835],[-124.86744331232059,54.05774789953892],[-124.86224073506031,54.061093333405566],[-124.84090735382028,54.06643585515605]]]]},"bbox":[-125.1045386419683,54.03375710680045,-124.74359930267096,54.06946248302021]},{"id":"5951013","type":"Feature","properties":{},"geometry":{"type":"MultiPolygon","coordinates":[[[[-124.18062871159323,54.475942733916824],[-124.15749355350565,54.475808867192626],[-124.15806690889956,54.470361082725944],[-124.15401341705709,54.47035737767883],[-124.1541623302668,54.46313385785218],[-124.15750802921137,54.46319330443057],[-124.15757409550902,54.46110527792769],[-124.18105347153856,54.46092685823339],[-124.18146031273726,54.46406051706481],[-124.19250229170105,54.46438837965291],[-124.19292295077452,54.46775066494936],[-124.18917927238422,54.467788186859906],[-124.18925429066704,54.47144357567838],[-124.18792980644253,54.4719607756349],[-124.19169372288674,54.47514632997195],[-124.18062871159323,54.475942733916824]]],[[[-124.20243589581655,54.497650084921595],[-124.18177444997256,54.497359094943704],[-124.1810153237132,54.48985629839671],[-124.18115618664834,54.48640042914936],[-124.18398002178917,54.4862719174665],[-124.18381960053262,54.48242464369775],[-124.19406489150457,54.48213639290217],[-124.19477336369127,54.47759142347125],[-124.19339822553304,54.47519426986073],[-124.20218246497626,54.47510096867237],[-124.20201216796211,54.46770317632335],[-124.2428085876177,54.46295290952616],[-124.24275022016144,54.4640490373834],[-124.25581830182824,54.463683549101845],[-124.25561690148449,54.460867194589134],[-124.25102165853812,54.46090195175426],[-124.25112874447233,54.453273061065076],[-124.23096759714552,54.45343431060025],[-124.23104385897781,54.43881564201932],[-124.25673119591627,54.438911802928885],[-124.26951349447013,54.444566174612326],[-124.27161406072587,54.4485079313421],[-124.30228071248986,54.45589552120074],[-124.30246782296877,54.46490663424404],[-124.28032232288653,54.46483861535434],[-124.28028656379776,54.46696032949338],[-124.27436286210174,54.466840558325636],[-124.27433116965823,54.46110530683029],[-124.26799985653177,54.46079879317084],[-124.26808718842344,54.46760424353197],[-124.25610855037527,54.46774241172144],[-124.25656809002835,54.48240764275524],[-124.23235045652271,54.483636461128],[-124.23483291100148,54.50037727492368],[-124.20243589581655,54.497650084921595]],[[-124.26441705850308,54.44978702346025],[-124.26294240549407,54.45699461546158],[-124.27428864978815,54.45753592039046],[-124.27414348842784,54.45256675049284],[-124.26441705850308,54.44978702346025]]]]},"bbox":[-124.30246782296877,54.43881564201932,-124.15401341705709,54.50037727492368]},{"id":"5951015","type":"Feature","properties":{},"geometry":{"type":"Polygon","coordinates":[[[-126.71625269369667,56.00006252393739],[-124.44004657860552,55.998927245875485],[-124.44425666422465,55.98736735429458],[-124.440505557161,55.97846797690525],[-124.43356088063183,55.97456608463568],[-124.4312896686955,55.96898152026534],[-124.43258465671813,55.96248198156003],[-124.43158193860266,55.95481746405714],[-124.41552624673284,55.95378429753458],[-124.41064059527382,55.954900678447686],[-124.39912690579538,55.95054852481974],[-124.39878463138099,55.94204811615504],[-124.40123338826564,55.93854602160078],[-124.38342125900144,55.91834698474418],[-124.38202352770237,55.910880334044435],[-124.37700731471364,55.90330652025076],[-124.38142825538887,55.89605186212626],[-124.37925192067588,55.88611844877894],[-124.3740245792625,55.878978851663724],[-124.3598089697582,55.86970077099381],[-124.33464448837655,55.83875531947486],[-124.3336162011342,55.83215662620591],[-124.33810542876209,55.82549468321512],[-124.34984561549405,55.81716974033689],[-124.35311426725484,55.81152108204306],[-124.35218095834422,55.80761959602275],[-124.35536214678233,55.802627655381585],[-124.35726747598,55.786708963000294],[-124.34685438193617,55.76870557400994],[-124.33455580715338,55.76126277171622],[-124.32778279855562,55.753754013133495],[-124.33485547771515,55.74040058369755],[-124.32227463538916,55.733746119722625],[-124.30833268420172,55.70586372052068],[-124.29692738553078,55.69564021114537],[-124.28405162286661,55.694251985674605],[-124.26715092798132,55.68661339873047],[-124.24788780000026,55.6893269231442],[-124.23206137220781,55.68425716479709],[-124.21578284276079,55.68246908771737],[-124.19229073089295,55.683154401190706],[-124.18168858985312,55.670993747747474],[-124.167434650472,55.66898378753687],[-124.15308318793812,55.64910693639403],[-124.12301102820317,55.63971952643099],[-124.11285431258752,55.611519989599394],[-124.10548263053128,55.595842069858115],[-124.104357197615,55.58573333454457],[-124.09995382794963,55.57791221679054],[-124.09262898133422,55.56881396075899],[-124.07701138967548,55.55636248574785],[-124.05035329187254,55.54131676052576],[-124.03747759120616,55.53762331405683],[-124.01854231359476,55.53603717361617],[-124.01183444336878,55.53938932543006],[-124.00666427620378,55.54622318022155],[-124.0011851338789,55.54856339212507],[-123.92837814119075,55.55437952824436],[-123.91082434580632,55.5277273851974],[-123.88451218504824,55.503715096277475],[-123.88309242615789,55.49619492713458],[-123.88520118238652,55.49331603395136],[-123.90102431776901,55.48326496012599],[-123.89799192886038,55.477746393317695],[-123.89498002762741,55.46478346322307],[-123.90437423423948,55.43907360763544],[-123.90806891837205,55.4343694451],[-123.90675806731711,55.42907520457611],[-123.89555185858053,55.41691929251585],[-123.8877066843678,55.412608536301235],[-123.8749721323889,55.40024087163768],[-123.86992574687301,55.389943849592534],[-123.86957788984209,55.37981749395166],[-123.86214607784295,55.36540264327364],[-123.86035377377321,55.34670684578629],[-123.85632496853552,55.342203657795864],[-123.85178867612748,55.33953347715365],[-123.82867539132737,55.33449371336973],[-123.79717176329113,55.32445560853384],[-123.77302052380277,55.299391525166534],[-123.7420779456282,55.28750708883554],[-123.71213351555738,55.29051709830379],[-123.66644592952484,55.30015993571309],[-123.64589303980841,55.306528983969955],[-123.60939744956106,55.310781665649124],[-123.56850672850538,55.31275975028093],[-123.54917686612933,55.31797633937717],[-123.53456457147304,55.32746199254985],[-123.50743326914086,55.31970896950663],[-123.49420887602562,55.31396542410103],[-123.46156630071314,55.28668372696923],[-123.4573006300955,55.27019405368744],[-123.43857494125075,55.2479843666098],[-123.43058979753607,55.241924800880845],[-123.41332591570541,55.23493057815247],[-123.41852708697273,55.21884944731852],[-123.41804158362662,55.21250892281491],[-123.4138830737451,55.201929963477845],[-123.39733372358029,55.182305568048285],[-123.39225944147611,55.17108644743971],[-123.39612704392253,55.165248995214114],[-123.409731926671,55.156377017071435],[-123.41866114480402,55.148033394863475],[-123.42006128850485,55.136842641580266],[-123.41699977305124,55.1219407523511],[-123.41073025286015,55.11424724908858],[-123.3962729075364,55.102977277469584],[-123.39956023389152,55.09824575879849],[-123.41345343366812,55.085941586799834],[-123.41581375590685,55.08057090613658],[-123.41520776261127,55.07091340722188],[-123.40768540925265,55.06502225467003],[-123.40668575012309,55.057348903968936],[-123.41076622162724,55.041017429350795],[-123.41556590936582,55.03289062962695],[-123.4211467987562,55.02807380299877],[-123.43304559517306,55.020877931243355],[-123.44656663460734,55.01540663282624],[-123.45418932782326,55.01441162540656],[-123.46750266140293,55.02123383397289],[-123.47261200259699,55.01686952865521],[-123.49489800253534,55.020009330025644],[-123.51537617507657,55.017144322632],[-123.5244061621675,55.00693789739474],[-123.52510676810616,55.0015455733641],[-123.53812201211294,54.98602722169373],[-123.55047147319738,54.95823794901736],[-123.5612233090416,54.95192029050636],[-123.59009497064639,54.946403378190865],[-123.61983574252174,54.95503939318629],[-123.62666907020693,54.95511890327833],[-123.63237957081427,54.94926018860133],[-123.63545699637938,54.939603342765864],[-123.63300814751793,54.93565668369745],[-123.65834126968959,54.920308231299344],[-123.69061074490256,54.923127978004466],[-123.70821580615716,54.933520656398855],[-123.7104576419286,54.94263770755043],[-123.72071626589829,54.94292990531201],[-123.72659484420046,54.94775055041043],[-123.72728017369154,54.955228015776335],[-123.75834744476677,54.96416315972276],[-123.76119660046288,54.974576377723174],[-123.79421195089542,54.99541572394814],[-123.81642578632675,54.99786060454548],[-123.81404894270082,55.00890844068938],[-123.81507347145971,55.02052724812065],[-123.81055474963942,55.03760636793443],[-123.81381149905592,55.04028472644788],[-123.8282633709268,55.0345161589322],[-123.83047425669608,55.038348076384764],[-123.83003968658329,55.044664139644674],[-123.84904701941299,55.04814362167009],[-123.86298216354712,55.04704962741088],[-123.87238015957955,55.04122111988933],[-123.88839242958994,55.03782575008053],[-123.90445785654731,55.019633027375946],[-123.94587838274363,55.01150080967195],[-123.98008222792711,55.012210212755825],[-123.98598869110138,55.02064219686677],[-123.9990775145286,55.025169373036036],[-123.99912291898586,54.986601832980206],[-124.00363512256962,54.98216258729292],[-124.0120220176143,54.98162731765174],[-124.01109592821189,54.972220631507],[-124.01322852305127,54.96618735662157],[-124.01327630471427,54.95990705297352],[-124.02148539180797,54.95305491476533],[-124.04035908841821,54.954447580949605],[-124.05127173110523,54.9507771921473],[-124.05326175549963,54.94478635396854],[-124.0519116849423,54.930458963414395],[-124.04501689044037,54.92821179541279],[-124.03452226627378,54.91680153358541],[-124.03411038508199,54.90298699776304],[-124.02910663747032,54.8992269317168],[-124.02300659768393,54.89743474858545],[-124.00681120632753,54.89745382973208],[-123.9950362842329,54.89302449225248],[-123.99341893760796,54.88747834123895],[-123.99450676798834,54.882283468646335],[-123.99860804685869,54.880879062885036],[-124.01419322979099,54.882095063185844],[-124.01590746904837,54.88003385211899],[-124.01485478597357,54.876732144515245],[-124.02311564729746,54.86793856375966],[-124.01920060100261,54.86494417927303],[-124.01100083792541,54.86534277585146],[-124.0051810136987,54.86255277601997],[-123.99032837161249,54.86631962275079],[-123.9725264378203,54.863697575423416],[-123.9267255960459,54.86212037290734],[-123.9044435439111,54.864809511690915],[-123.89580750257042,54.85371980410541],[-123.91955737454428,54.83174271214903],[-123.9149280779123,54.81617750240785],[-123.92578019882534,54.80683449505002],[-123.94397099905024,54.779138497894124],[-123.94815587858636,54.76749767374456],[-123.92637030896644,54.7589913889141],[-123.90370591355146,54.7438654269726],[-123.88051867851922,54.73819645529201],[-123.8787019387513,54.73528083002183],[-123.88039100996318,54.71966233726627],[-123.85936621835191,54.70420350522046],[-123.85803530100792,54.70012280768769],[-123.86326318449657,54.68705772725794],[-123.86012781354131,54.685758926123164],[-123.84223715835195,54.696152591083965],[-123.81211612414756,54.69365612022657],[-123.80701472403494,54.69453943205186],[-123.795951300562,54.69265913819528],[-123.78972015763361,54.681653728730204],[-123.79327620986906,54.67473439804943],[-123.77849891852773,54.65912592562118],[-123.78634333534079,54.627227091794076],[-123.77775261697323,54.618476927074575],[-123.7786501216072,54.61322998558157],[-123.80823791311576,54.60518220568367],[-123.80790584094471,54.60299067623392],[-123.78005612417799,54.5926160337472],[-123.796290064406,54.5771521002963],[-123.81967778483231,54.58081031953769],[-123.82217557835314,54.575584756352264],[-123.81973045636856,54.561963114008904],[-123.83333538268272,54.55428275322444],[-123.82171506280366,54.54419897718149],[-123.83330154491024,54.535493952125755],[-123.84290079397422,54.53075727624449],[-123.86117654457964,54.525286374693316],[-123.85772821143328,54.52150076854554],[-123.86314711804859,54.52012258674964],[-123.86505479369609,54.51741506514381],[-123.84804436144732,54.512486674821815],[-123.87730955476731,54.499110153201535],[-123.88060007327996,54.49235074494773],[-123.95244509268225,54.4587582596993],[-123.95128542228247,54.449466685215285],[-123.95475130108206,54.44660136122384],[-123.9650786518231,54.44430727012038],[-123.97015312942348,54.43853593428757],[-123.98459923582257,54.43525471015634],[-123.9864786855116,54.429510756236674],[-123.96935144863798,54.42418853784265],[-123.96940172293822,54.411340123214025],[-123.96284682520682,54.40748150991649],[-123.95287027978925,54.39513892623116],[-123.94565933148053,54.3923860457114],[-123.93818280231305,54.386337029383945],[-123.93342439798401,54.37982660120779],[-123.93340274229566,54.37349171697433],[-123.9282826233016,54.36144638877771],[-123.91541982247847,54.364856226045546],[-123.90561079407718,54.374681821077914],[-123.87802433928287,54.378871407492404],[-123.863813788774,54.37801858286824],[-123.85305395558396,54.375642117760535],[-123.84738189672674,54.371309618931356],[-123.82884485161593,54.34635880561282],[-123.81941191976036,54.336532343925114],[-123.78270068961446,54.33633340895173],[-123.7411713390681,54.32178894484144],[-123.66824583767699,54.326359297137316],[-123.64425645590742,54.330122631378934],[-123.64335457567627,54.325643356431144],[-123.62021156115793,54.32055832632777],[-123.58662274536833,54.317561566676495],[-123.55439168799373,54.30624498826993],[-123.53243069966403,54.28959937081034],[-123.53791174889568,54.27901992811636],[-123.5526890798739,54.27019902499291],[-123.5188472160969,54.25473247672276],[-123.52049399912532,54.25246934413761],[-123.52035758289175,54.1544007906157],[-123.53881482012841,54.15518710788816],[-123.54346929268381,54.159123500891226],[-123.54708861170846,54.15972828687147],[-123.57494911645675,54.15805969422917],[-123.60488240520782,54.16129460288276],[-123.63766298451522,54.16704350691928],[-123.64987270791494,54.16416928907218],[-123.65791408228017,54.165369296890944],[-123.66230701173549,54.164416110075685],[-123.66558629719525,54.16629249234752],[-123.6649245935862,54.17016549968383],[-123.65198619480576,54.17438461656581],[-123.65234939205698,54.177649811737865],[-123.67545959146753,54.17391700126446],[-123.68707351863651,54.175800301058565],[-123.69056929951904,54.17958860222561],[-123.69726579351062,54.18148639176501],[-123.7076363140229,54.17949819859112],[-123.72243361278034,54.18234630426791],[-123.74311978985104,54.180267289046775],[-123.79262022770548,54.19357110323065],[-123.80447482695173,54.19976610401819],[-123.81883979556896,54.204548306121985],[-123.84295527795742,54.198009696566665],[-123.8468947972064,54.198114189433056],[-123.85627929685366,54.20224960047616],[-123.86950660717213,54.20368508704274],[-123.87894979800717,54.2002019075293],[-123.90555902757966,54.20318720522454],[-123.92703318189312,54.21211299258295],[-123.93398368710436,54.211010305340565],[-123.94211290544777,54.20408240587679],[-123.94899700125879,54.204342209114266],[-123.96446210021206,54.209569007474265],[-123.99066792958378,54.222788503714106],[-124.00258309499162,54.22554799516096],[-124.03650307900173,54.24058930162315],[-124.06918170834592,54.24666978688928],[-124.10607118233736,54.26056569315344],[-124.11717299246112,54.26229801338447],[-124.12022059963493,54.266454591453936],[-124.14667759295406,54.273617799725336],[-124.14901382487754,54.27687720186037],[-124.16077939467296,54.281591188878146],[-124.16732189746104,54.288383209319925],[-124.1826607315779,54.29278140687824],[-124.27261528476329,54.29272143084493],[-124.27400498745232,54.28828407778365],[-124.28542553897904,54.288550091849054],[-124.3018870020891,54.28151987259227],[-124.3104704850819,54.280097457777984],[-124.30861273738999,54.26907333378699],[-124.33809972463368,54.27181680862543],[-124.35097786551032,54.26470087947492],[-124.3633707733537,54.266047550991566],[-124.36836366865647,54.26905728501602],[-124.38621480099543,54.270608647562845],[-124.4003004345,54.269445345777925],[-124.41282535274107,54.25869251340139],[-124.41719946897848,54.244455143356014],[-124.42359287462506,54.2326711725513],[-124.4444505666699,54.2247910548021],[-124.465979486664,54.23261280743631],[-124.46623661534008,54.24997275576969],[-124.99989839449587,54.249945955239404],[-124.99871319475209,54.4202184793341],[-125.00259826649739,54.42098061516271],[-125.00218993271103,54.42768173939948],[-125.0134506148133,54.427775816536304],[-125.01448536732644,54.435396127670266],[-125.05148701945585,54.435018880154324],[-125.0504524076856,54.44279355618098],[-125.06220042824917,54.44271965385711],[-125.06249027795639,54.46513021116636],[-125.11112252694856,54.463843490940256],[-125.110296553954,54.479311002990634],[-125.13638748974388,54.479902359516],[-125.13536262328265,54.48584882277576],[-125.17704039121878,54.4871643294328],[-125.18191491022853,54.48956689342867],[-125.1892673902378,54.496948012505925],[-125.31468348683869,54.47235041187286],[-125.31557391016342,54.474987898542125],[-125.3511268506698,54.46853919187489],[-125.46391129774605,54.45837492039398],[-125.46218799522396,54.45297871737055],[-125.48446643219025,54.45108216436661],[-125.5211020180187,54.46223603923494],[-125.60350029743539,54.49133935930581],[-125.64519865807416,54.50942639586172],[-125.70734287735098,54.53916831821103],[-125.7291762095,54.552216031400384],[-125.75497798837002,54.579445806952755],[-125.80174459505668,54.61257211496087],[-125.80304109478175,54.61338541528919],[-125.80648553714443,54.61154475703334],[-125.84630855909342,54.636598599242554],[-125.84298078949355,54.63834000312686],[-125.85650889634401,54.64449176373372],[-125.87690543154332,54.65074447994554],[-125.87413449986559,54.65316330756087],[-125.89115460798072,54.66190898398629],[-125.90453369541439,54.672244087257816],[-125.9483085158735,54.71863586986438],[-125.95698955843872,54.75447913925465],[-125.95668269293937,54.762138233986974],[-125.95487820480564,54.7667777499838],[-125.94268564858434,54.77067639944597],[-125.94368107648552,54.772278199940885],[-125.95837774553593,54.77390300386452],[-125.96450748872674,54.77838048584113],[-125.97082267469686,54.78619649707851],[-125.96612914562179,54.79059159427356],[-125.95826100255108,54.79130450356428],[-125.92544544613592,54.77818105181021],[-125.92201586185544,54.781874326307666],[-125.92696872575762,54.793138165581794],[-125.93326575580053,54.79506454797245],[-125.95647943614748,54.79355051731645],[-125.96847330438936,54.79599430088688],[-125.97544027396691,54.8054437780285],[-125.99098126454354,54.80861346777711],[-125.99303786736775,54.81053656619527],[-125.99953596609132,54.812016685769485],[-126.00316050484955,54.816649763817125],[-125.99906345359003,54.85432641875706],[-126.00005858481543,54.93372907778293],[-125.99408340749326,54.970674270920036],[-125.99737493635247,55.06573405268752],[-125.9952103073207,55.08633779962273],[-125.99857954416156,55.08936727553455],[-126.00070072874415,55.09416828746707],[-126.00365418639836,55.09560601515645],[-125.99922510870417,55.16703685890448],[-126.036346329685,55.16881878622042],[-126.05725118789672,55.17756429927683],[-126.0924254320786,55.20932215605604],[-126.11336502500055,55.21982403301844],[-126.12975936340949,55.233644994118336],[-126.13961438261776,55.26064900968694],[-126.16791191573792,55.28984137273465],[-126.18325701276066,55.29908573216699],[-126.21163151010438,55.31182895448741],[-126.26015133503675,55.34649868420834],[-126.26930759980714,55.3504383529929],[-126.25765272473578,55.35938608497521],[-126.23588818012732,55.36756558590457],[-126.23673550434391,55.37365691383582],[-126.25024504964402,55.375248866887354],[-126.25840307649968,55.378841794947824],[-126.27061742681995,55.3892013517443],[-126.2718326493553,55.39445956387278],[-126.28027293589739,55.398311322801796],[-126.28650469256192,55.39831141051168],[-126.29530907600626,55.392475083660706],[-126.30200794158708,55.39407814932296],[-126.30552921569411,55.40386933184187],[-126.30883136155839,55.405223232116654],[-126.31322693447413,55.404079231545076],[-126.31405440596959,55.39955752576409],[-126.32000419321355,55.395761385386685],[-126.32614268043334,55.39685374917526],[-126.33065997208185,55.40346623782079],[-126.34214545802777,55.41194985939482],[-126.34418302350925,55.416219708849404],[-126.34374745408407,55.419918684001736],[-126.33512468856863,55.42827647308234],[-126.33484322816597,55.4327833776282],[-126.34441210243922,55.44642748941679],[-126.35262193354538,55.44918153608851],[-126.359335916706,55.45360243389772],[-126.35820228992468,55.46905609971454],[-126.36109967853889,55.4740889034331],[-126.3657234461669,55.47690889952874],[-126.39303966211946,55.48192449940755],[-126.40723791648367,55.49837820584016],[-126.40755884437019,55.50399461911638],[-126.41328425281984,55.51696817654027],[-126.41113851401539,55.52084284578402],[-126.41111590410245,55.52775580535828],[-126.39468526607574,55.53276144364866],[-126.3858005389004,55.53203851557298],[-126.38353222369072,55.53406764027682],[-126.38727624437396,55.53863696126928],[-126.38756458655455,55.5458507526133],[-126.40098016963802,55.56007233237959],[-126.39630561661993,55.56790274328711],[-126.40024270186167,55.58100658982931],[-126.4169998961846,55.58406065629649],[-126.42193096547996,55.58634170496136],[-126.43258367043627,55.58694783300466],[-126.44179868615056,55.59371539630079],[-126.46703068555017,55.59953490771289],[-126.4802546033397,55.611452297296765],[-126.48763335420128,55.61601447924195],[-126.48124661489858,55.61848381333654],[-126.47473802219463,55.62553152479379],[-126.47726258772626,55.62977169134722],[-126.4761078011059,55.63385313107788],[-126.48090812404563,55.63788310344125],[-126.5044062445318,55.64629391371565],[-126.52169899699342,55.64888315232469],[-126.53012637621423,55.65535838608967],[-126.52746117816284,55.665065100828535],[-126.53035838523913,55.66917911687802],[-126.53538273856843,55.67199705075025],[-126.54200851190608,55.67256564258797],[-126.55015202820162,55.67034628892164],[-126.5648726152274,55.66026858498793],[-126.58485769692332,55.668291382584776],[-126.60920142042542,55.67495041023193],[-126.62479091480114,55.68263846907544],[-126.63208355712462,55.693493717237956],[-126.64446637965045,55.69984949392686],[-126.65681880666916,55.70926796860298],[-126.66839759572078,55.70220373968397],[-126.67411668782871,55.70615201270648],[-126.67672792720877,55.71157737985838],[-126.68295679012596,55.71800114304875],[-126.70517782458627,55.72512287289345],[-126.7128122734473,55.725137420859674],[-126.71977999247363,55.73089168322724],[-126.73242620816609,55.73347706162792],[-126.73584701358534,55.736593042840404],[-126.74700098688454,55.7401124244546],[-126.74926322503374,55.742502999714844],[-126.74539533392716,55.74690440956456],[-126.7450426380188,55.749889464693915],[-126.7494014978945,55.75881913744224],[-126.7451641894454,55.76456814703524],[-126.75380602643126,55.77689732483943],[-126.75083042462087,55.78118296577663],[-126.74389156280309,55.783152122649305],[-126.74582781711182,55.78962717066415],[-126.758915856411,55.80236811501097],[-126.7679951352335,55.80638570016015],[-126.78937447650141,55.80534049006099],[-126.82010752630872,55.82560072610275],[-126.82468743213073,55.827808584057095],[-126.83656171052442,55.82903684627524],[-126.84166691396798,55.832394318632055],[-126.84288242899719,55.83852708165937],[-126.8568675049492,55.848036355731566],[-126.86136307873238,55.85283372289337],[-126.86238657791746,55.85678133227502],[-126.86941895068838,55.863571321974604],[-126.88062836349982,55.89022429123809],[-126.88494534963807,55.89651970647935],[-126.90011330159649,55.896842156150626],[-126.9012145622983,55.900642331864944],[-126.90805759918382,55.90605799216612],[-126.91653247472806,55.91012448998004],[-126.91949710656091,55.92014593672698],[-126.90122178051661,55.93023211386956],[-126.881012333727,55.93276140557305],[-126.8806113093484,55.94000886087943],[-126.8748467868269,55.94956680877387],[-126.86689107399722,55.95386662909185],[-126.86734494461889,55.95970343396448],[-126.88099859950188,55.96565920149952],[-126.88900688240646,55.963569383957704],[-126.90105480918956,55.96408743972128],[-126.92713474504419,55.97488019165331],[-126.93168791933945,55.97975666186292],[-126.94219343103232,55.98102602362556],[-126.96903075527739,55.99355541490987],[-126.9766857595337,55.99113743700838],[-126.99058160366431,55.99381183977234],[-127.01253620738997,55.992589025987826],[-127.02431387808849,56.00010236283792],[-126.71625269369667,56.00006252393739]],[[-126.02125968216225,55.31178621579481],[-126.01810484904017,55.31219214391348],[-126.0183799540458,55.31339102334752],[-126.02149802424191,55.31314506218245],[-126.02125968216225,55.31178621579481]],[[-126.03408387233344,55.31637352535435],[-126.02111671712053,55.31723453263933],[-126.02201547989038,55.32458618745111],[-126.03583674024318,55.323579007246124],[-126.03408387233344,55.31637352535435]],[[-125.95948087153721,55.47709955765173],[-125.95778820171358,55.476882445337075],[-125.95646508105425,55.48448981839971],[-125.9744154792224,55.48469661330886],[-125.97621088330514,55.488337067780854],[-125.98363080426923,55.48816272473382],[-125.98310642949131,55.48390747919272],[-125.95948087153721,55.47709955765173]],[[-124.40508365150374,54.42764967343216],[-124.40584997044068,54.41626796929143],[-124.3859916755203,54.41623181828349],[-124.38597812513852,54.41914683500838],[-124.39345300777828,54.42380287488573],[-124.40508365150374,54.42764967343216]],[[-125.07937850162344,54.60806486815928],[-125.07939691414379,54.5986444347769],[-125.09202302092811,54.59582354870999],[-125.0923230444325,54.59396551945151],[-125.07235597856216,54.593809939491734],[-125.07225857903093,54.59648828117496],[-125.05316753087614,54.59658140005899],[-125.05300971998908,54.60146233678976],[-125.05691391814521,54.60277906860614],[-125.06658063987136,54.60258816304794],[-125.06817302931529,54.59886666514689],[-125.06868634593214,54.60166248494546],[-125.07243233446889,54.59952186415469],[-125.07148154183898,54.60243146789091],[-125.07549274360963,54.603055262699044],[-125.07149461448893,54.60455357353621],[-125.07097984349046,54.60600917661417],[-125.07226361995481,54.606544671877415],[-125.06962962468467,54.60744327668427],[-125.06711710741658,54.60524007053632],[-125.06278273330135,54.60527707496167],[-125.05960243661832,54.60729946553213],[-125.05982809381587,54.608707903338164],[-125.07937850162344,54.60806486815928]],[[-124.5404803469787,54.56649296772626],[-124.5245167379761,54.56979575948965],[-124.51529963671726,54.56981286193005],[-124.49310201841963,54.56565847348823],[-124.4839191211348,54.561501178339086],[-124.47652612502552,54.560639474665344],[-124.47284344025158,54.55787125732104],[-124.47212998661507,54.57622904942236],[-124.52331768307752,54.575897319223806],[-124.5229582721421,54.573571938610925],[-124.54497648660491,54.570062199109785],[-124.55651760135517,54.57523279815873],[-124.55521428514002,54.56830037588597],[-124.5404803469787,54.56649296772626]],[[-125.16183344551469,54.88280847792302],[-125.1531332194313,54.88018508187816],[-125.15791974977778,54.87756457445855],[-125.16330552662608,54.87740648574115],[-125.16151934330465,54.87517327013427],[-125.15116712941877,54.87576147373952],[-125.14865033291521,54.87971658171618],[-125.14408952299068,54.87983188647089],[-125.14002703391085,54.87791778636561],[-125.1356165463299,54.87232346683294],[-125.11478773650232,54.86629767019422],[-125.11374902451449,54.868157677695926],[-125.11504492822786,54.868539385468694],[-125.11578081529296,54.87332757173031],[-125.11411644818962,54.87548668401529],[-125.10002201955162,54.87868767072668],[-125.1046525086813,54.888304170458916],[-125.1636870167862,54.88639888380747],[-125.16387332000927,54.88277196637234],[-125.16183344551469,54.88280847792302]],[[-124.75372604368418,54.64934472473185],[-124.74640191242014,54.65145403641549],[-124.74626601373309,54.65480725934458],[-124.74233488637005,54.650707811082796],[-124.70948086866736,54.6490622930003],[-124.70355310360426,54.6458747871533],[-124.6947453205798,54.64828062027861],[-124.68807907119675,54.648113038997494],[-124.68847302808878,54.65296730147703],[-124.70887154622794,54.653661399454556],[-124.70991394194321,54.66006846672338],[-124.73415753800042,54.6609506926548],[-124.73404956829829,54.6765010347573],[-124.78178153769207,54.676638119924256],[-124.78134910092236,54.663803955183035],[-124.77107765310345,54.66031931652132],[-124.75979999796942,54.649988609964446],[-124.75372604368418,54.64934472473185]],[[-124.23401883043037,54.49488916225624],[-124.23235045652271,54.483636461128],[-124.25656809002835,54.48240764275524],[-124.25610855037527,54.46774241172144],[-124.26808718842344,54.46760424353197],[-124.26799985653177,54.46079879317084],[-124.27433116965823,54.46110530683029],[-124.27436286210174,54.466840558325636],[-124.28028656379776,54.46696032949338],[-124.28032232288653,54.46483861535434],[-124.30246782296877,54.46490663424404],[-124.30228071248986,54.45589552120074],[-124.27161406072587,54.4485079313421],[-124.26951349447013,54.444566174612326],[-124.25714436363567,54.439423140842024],[-124.25964234553955,54.43482627865417],[-124.25862903545745,54.43242786416772],[-124.2650230439162,54.43033006831571],[-124.2674310853984,54.42489243806223],[-124.23103011077748,54.424517039678015],[-124.23096759714552,54.45343431060025],[-124.25112874447233,54.453273061065076],[-124.25102165853812,54.46090195175426],[-124.25561690148449,54.460867194589134],[-124.25581830182824,54.463683549101845],[-124.24275022016144,54.4640490373834],[-124.2428085876177,54.46295290952616],[-124.20703260470451,54.467607306725235],[-124.19292295077452,54.46775066494936],[-124.19250229170105,54.46438837965291],[-124.18146031273726,54.46406051706481],[-124.18105347153856,54.46092685823339],[-124.15757409550902,54.46110527792769],[-124.15750802921137,54.46319330443057],[-124.1541623302668,54.46313385785218],[-124.15401341705709,54.47035737767883],[-124.15806690889956,54.470361082725944],[-124.15749355350565,54.475808867192626],[-124.19459030633688,54.47608510239818],[-124.19406489150457,54.48213639290217],[-124.18381960053262,54.48242464369775],[-124.18398002178917,54.4862719174665],[-124.18115618664834,54.48640042914936],[-124.18177444997256,54.497359094943704],[-124.20243589581655,54.497650084921595],[-124.23286384425565,54.50058845346786],[-124.23483291100148,54.50037727492368],[-124.23401883043037,54.49488916225624]]]},"bbox":[-127.02431387808849,54.1544007906157,-123.39225944147611,56.00010236283792]},{"id":"5951017","type":"Feature","properties":{},"geometry":{"type":"Polygon","coordinates":[[[-124.59251440465424,54.25002599376488],[-124.46623661534008,54.24997275576969],[-124.46668057591812,54.128141629809434],[-124.36725417517098,54.128119451194195],[-124.35328531884245,54.07057379964572],[-124.36139861051566,54.05699478432776],[-124.36774363739232,54.03456929668538],[-124.36618531563349,53.99814008721969],[-124.43645941985483,53.99843339174566],[-124.43626860324555,53.89651176499428],[-124.49426548088097,53.89702640969952],[-124.50020066401508,53.89472966890651],[-124.50175702088671,53.72235979758594],[-124.50412975276,53.719019464831604],[-124.50229130477601,53.71386360629684],[-124.5028729948587,53.70689289809008],[-124.49538524102553,53.70563368900014],[-124.49963186854214,53.67957338433854],[-124.50016727650892,53.66031005537257],[-124.49898224933247,53.57455513674626],[-124.49540354117013,53.555686762999365],[-124.50437167831957,53.55350902523714],[-124.50060357963248,53.52746667730478],[-124.5280409279789,53.53110877497793],[-124.53649545781474,53.52844804636231],[-124.53683736317092,53.524810273783075],[-124.50919589057817,53.501437183552234],[-124.51386410565088,53.494148644049794],[-124.51278842783607,53.488737326755505],[-124.51736397998319,53.48331139379868],[-124.51848465572051,53.47697198427403],[-124.53405808466312,53.47255326188463],[-124.55193613814338,53.47073976841626],[-124.56115217886973,53.46747303506188],[-124.55209992806256,53.46234849721673],[-124.52739689343221,53.45452232815793],[-124.52091783423107,53.45040234452629],[-124.52215353458593,53.445373227192846],[-124.53255982854346,53.441318697852346],[-124.53744601369299,53.43621400555626],[-124.53230963391493,53.42138404529661],[-124.5278218864722,53.415278874712996],[-124.52613762683602,53.40729830909724],[-124.5232884595899,53.40236854768461],[-124.51764593487812,53.39946345062282],[-124.5157640101403,53.394648390576286],[-124.52320817325896,53.39320689946531],[-124.5384714613233,53.39464170208941],[-124.55428208194155,53.39357277792137],[-124.5735208346358,53.390140512574604],[-124.59773886402373,53.38855097018572],[-124.60641080147056,53.385918641310944],[-124.62884796217887,53.3860323303076],[-124.63434350513052,53.39114023639587],[-124.63762609492962,53.39970784178515],[-124.64734162508222,53.40755032620389],[-124.66123541260674,53.40870829109376],[-124.68751905917146,53.399542729164395],[-124.68413410296954,53.388623290387436],[-124.68117041650908,53.38412549704556],[-124.68844808476969,53.38002364930253],[-124.6972437230378,53.3780912009493],[-124.71331405681008,53.3661688260835],[-124.71916335203517,53.359951889258454],[-124.72829968629894,53.35539619358873],[-124.73662227455797,53.35462321309061],[-124.77970582469605,53.36181014431154],[-124.80588500909325,53.369095260369704],[-124.84006824054173,53.38691615994645],[-124.85508477994483,53.396460835655326],[-124.89881610347241,53.4353061627667],[-124.91447505151156,53.43816499249379],[-124.9341622173531,53.43887093980707],[-124.94297969763196,53.43451111274328],[-124.95302197671002,53.43380048332866],[-124.96475081847284,53.436197366145784],[-124.98383183402942,53.431527792505655],[-124.98472258829499,53.43481545968372],[-124.99232367043798,53.43697140671267],[-124.99267880773394,53.441220030630646],[-125.00172120521948,53.44683820330892],[-125.00255438670123,53.449014138386914],[-124.99956388411664,53.4598572079566],[-125.01049958802784,53.4649897981136],[-125.01528098264816,53.46158392708961],[-125.02373747964202,53.44394738631525],[-125.10213137395925,53.43143001677031],[-125.12092480831863,53.430746733519086],[-125.15406725331015,53.433226803375284],[-125.2178609272552,53.443202827595286],[-125.23776184883205,53.44885207339983],[-125.23605940531286,53.4950088239332],[-125.23871576380128,53.65682786717118],[-125.23699529632087,53.82726505676516],[-125.24721396729687,53.89397800535651],[-125.24222400668233,53.948878754088604],[-125.23533281523109,53.998990643084824],[-125.29202150060487,54.00340924400003],[-125.3086809952762,54.01510498857127],[-125.30743119397148,54.02174960030604],[-125.29946288220668,54.02141082360354],[-125.29903758475132,54.02394725776776],[-125.23961624111872,54.02158821154438],[-125.24176842189556,54.08613278013116],[-125.24036257149754,54.0974738286743],[-125.24119959798212,54.24885874649218],[-124.59251440465424,54.25002599376488]],[[-124.57546373218851,54.09206819248155],[-124.57568504344235,54.08394871457715],[-124.56735992239506,54.087555579510784],[-124.56353648529686,54.091863425259426],[-124.57546373218851,54.09206819248155]],[[-125.10400617914397,54.03823952565553],[-125.10157936083145,54.03375710680045],[-125.09655206737054,54.03658207525115],[-125.0887296634149,54.03603231022218],[-125.08857711014869,54.0401819549045],[-125.0983072422384,54.040486731372624],[-125.1045386419683,54.03918518839049],[-125.10400617914397,54.03823952565553]],[[-124.78357353147308,54.05977928526258],[-124.78590406117857,54.05890477565435],[-124.78063574885836,54.056846269322044],[-124.78159934081795,54.05249411315511],[-124.77386483617816,54.05426756069036],[-124.77131034861364,54.05098047527793],[-124.77403434870888,54.04970962827602],[-124.75620664732236,54.04937158278493],[-124.75608180047017,54.05934533201238],[-124.74397769258695,54.05976241281971],[-124.74357822677548,54.06857333814919],[-124.76185554775152,54.066886064472286],[-124.76637654771818,54.062864075284054],[-124.77732664553602,54.06269316832111],[-124.78357353147308,54.05977928526258]],[[-124.86224073506031,54.061093333405566],[-124.86744331232059,54.05774789953892],[-124.86554085989764,54.055254698033835],[-124.86686376162294,54.05126672221206],[-124.84997103076967,54.050823312911476],[-124.84031860603154,54.051728098141865],[-124.84031215052235,54.054340777379686],[-124.8372807074928,54.05533555136216],[-124.82706807445187,54.055338689473444],[-124.8278556937985,54.05914202956868],[-124.81828207949982,54.05913352035531],[-124.81856964644399,54.060656739820715],[-124.81536116605268,54.06371788377669],[-124.83055093063801,54.06946248302021],[-124.86224073506031,54.061093333405566]],[[-124.60194088952822,54.08534878491226],[-124.60496985710635,54.08264116128967],[-124.61367952045228,54.08108256183946],[-124.61336895442521,54.07658347365107],[-124.62028800947566,54.063260304006654],[-124.61459897071465,54.062438232328326],[-124.60560460051639,54.06273352150452],[-124.60847118609026,54.06298843345397],[-124.60500242512734,54.064391576800396],[-124.59978571363413,54.06243351902581],[-124.58972433501715,54.062954395204315],[-124.59320955105748,54.06386247983269],[-124.5985279514133,54.06868198162928],[-124.5985102421986,54.07541566788593],[-124.59558532432173,54.07765597948278],[-124.59062824794337,54.07830536318197],[-124.59069033405525,54.08193708157649],[-124.58900432887731,54.08381138405791],[-124.57805014884748,54.0832762178454],[-124.57735770300677,54.093792509690125],[-124.60227364101091,54.09361010754388],[-124.60194088952822,54.08534878491226]],[[-124.91919874405117,54.034316902680985],[-124.890371500215,54.03437380533403],[-124.88980858171452,54.04937134672627],[-124.89961819867236,54.04839852648135],[-124.88708492005942,54.05213127200123],[-124.88396882036228,54.058552967829804],[-124.88603715888885,54.05866557741989],[-124.8883613318504,54.05535566112259],[-124.89388853133555,54.05425337276443],[-124.89851951552589,54.056634570137824],[-124.90060483532729,54.06083597255495],[-124.89876135545808,54.06464006896827],[-124.88915992885,54.064753913890875],[-124.88922406001662,54.07023187007477],[-124.926052855596,54.069948134151026],[-124.9284244840336,54.04070431265346],[-124.92655984374167,54.03430121005347],[-124.91919874405117,54.034316902680985]]]},"bbox":[-125.3086809952762,53.35462321309061,-124.35328531884245,54.25002599376488]},{"id":"5951019","type":"Feature","properties":{},"geometry":{"type":"Polygon","coordinates":[[[-124.35097786551032,54.26470087947492],[-124.33809972463368,54.27181680862543],[-124.30861273738999,54.26907333378699],[-124.3104704850819,54.280097457777984],[-124.3018870020891,54.28151987259227],[-124.28542553897904,54.288550091849054],[-124.27400498745232,54.28828407778365],[-124.27261528476329,54.29272143084493],[-124.18155436944399,54.292698213387],[-124.16732189746104,54.288383209319925],[-124.16077939467296,54.281591188878146],[-124.14901382487754,54.27687720186037],[-124.14667759295406,54.273617799725336],[-124.12022059963493,54.266454591453936],[-124.11717299246112,54.26229801338447],[-124.10607118233736,54.26056569315344],[-124.06918170834592,54.24666978688928],[-124.03650307900173,54.24058930162315],[-124.00258309499162,54.22554799516096],[-123.99066792958378,54.222788503714106],[-123.96446210021206,54.209569007474265],[-123.94899700125879,54.204342209114266],[-123.94211290544777,54.20408240587679],[-123.93398368710436,54.211010305340565],[-123.92703318189312,54.21211299258295],[-123.90555902757966,54.20318720522454],[-123.87894979800717,54.2002019075293],[-123.86950660717213,54.20368508704274],[-123.85627929685366,54.20224960047616],[-123.8468947972064,54.198114189433056],[-123.84295527795742,54.198009696566665],[-123.81883979556896,54.204548306121985],[-123.80447482695173,54.19976610401819],[-123.79262022770548,54.19357110323065],[-123.74311978985104,54.180267289046775],[-123.72243361278034,54.18234630426791],[-123.7076363140229,54.17949819859112],[-123.69726579351062,54.18148639176501],[-123.69056929951904,54.17958860222561],[-123.68707351863651,54.175800301058565],[-123.67545959146753,54.17391700126446],[-123.65234939205698,54.177649811737865],[-123.65198619480576,54.17438461656581],[-123.6649245935862,54.17016549968383],[-123.66558629719525,54.16629249234752],[-123.66230701173549,54.164416110075685],[-123.65791408228017,54.165369296890944],[-123.64987270791494,54.16416928907218],[-123.63766298451522,54.16704350691928],[-123.60488240520782,54.16129460288276],[-123.57494911645675,54.15805969422917],[-123.54708861170846,54.15972828687147],[-123.54346929268381,54.159123500891226],[-123.53881482012841,54.15518710788816],[-123.52035758289175,54.1544007906157],[-123.5183028901019,54.15251238580858],[-123.51870048927292,54.149194118820574],[-123.52549438673198,54.148685404317774],[-123.5330109004838,54.14388160018336],[-123.53257357943512,54.1398802032871],[-123.5358032010127,54.13782150074708],[-123.53171420258643,54.12803218980768],[-123.54472348383257,54.122380506193814],[-123.55550759324706,54.12059710138315],[-123.56326339682168,54.115051193453446],[-123.56589199068188,54.11115589046524],[-123.56416389634352,54.10895190386164],[-123.56601958844907,54.105569599011176],[-123.55611939902104,54.10037049127331],[-123.54899350718455,54.10105658811338],[-123.51957281106718,54.0963241054247],[-123.48489349811786,54.08458520862597],[-123.48150338723651,54.07848341025599],[-123.484533190518,54.071376209861846],[-123.48852138795682,54.06831109586978],[-123.49754939566482,54.065245211647614],[-123.51573460808753,54.06906800792583],[-123.52266451115473,54.06886889380375],[-123.5299004118368,54.06679620003189],[-123.53668011230073,54.06201979311054],[-123.54319938523382,54.06079969745565],[-123.54825709946678,54.06170990520645],[-123.553920895468,54.06588111558935],[-123.55378907996659,54.06980689937886],[-123.55194981127596,54.07112310749399],[-123.5541245168448,54.074676691873634],[-123.55332282848678,54.07659660567375],[-123.55924550925697,54.0792578934638],[-123.56708991010291,54.079206594826395],[-123.57409418326122,54.07451519614086],[-123.57840290192327,54.06432031357033],[-123.5822471109293,54.06019770349744],[-123.5867800893412,54.05813928849014],[-123.59714019813941,54.06023439749701],[-123.60598061397468,54.05843720763501],[-123.61810518385495,54.043631496768384],[-123.61601819223245,54.04142110110832],[-123.60612938057432,54.03894730090065],[-123.59436068908336,54.037906501902306],[-123.5800084866489,54.039111093117974],[-123.57553208538765,54.03755640762357],[-123.57300308294828,54.032545199702646],[-123.58439619366797,54.03017610425007],[-123.58561388499037,54.02711070869334],[-123.58452161680813,54.023794208657506],[-123.57222637791386,54.01803129761788],[-123.56963711001085,54.01442190541234],[-123.55683459859479,54.00667169496942],[-123.5406559906718,53.991925602340444],[-123.54181901100795,53.98765951063936],[-123.53480880258654,53.98726559767124],[-123.52339328935089,53.99360470573041],[-123.5237429978179,54.00319941454786],[-123.52124550746342,54.00485598373479],[-123.51693891929202,54.00453409555599],[-123.5109974137407,53.99960920912291],[-123.50680771626129,53.99848119104985],[-123.49488568838687,54.00230240787207],[-123.48780228403336,54.00269259794831],[-123.46624830792963,53.99680490478661],[-123.45621849337216,53.988412115745604],[-123.44808660820978,53.983982810915045],[-123.42961348772778,53.98110159652873],[-123.4223977316156,53.974593113724076],[-123.42556079521574,53.974747039845234],[-123.4253077494031,53.89517591382599],[-123.42611911615829,53.89020704183039],[-123.42896874198512,53.88672071738509],[-123.42507931437905,53.87146018435897],[-123.4252496709013,53.79263383919567],[-123.44836707325551,53.79517381043042],[-123.47350374199996,53.792649878369005],[-123.50071045085112,53.78746239946278],[-123.5103126508576,53.78150374666032],[-123.51367084347194,53.77075896731534],[-123.51262610439393,53.767149714917366],[-123.51812708707946,53.758977770426355],[-123.51325246882,53.748989395842585],[-123.49936754326062,53.72850352743173],[-123.4938964308806,53.72800577495485],[-123.48990364877288,53.72458308546322],[-123.4829631531354,53.72415871403057],[-123.4783233099415,53.71779268569663],[-123.4737213720672,53.716160799137654],[-123.47324331897266,53.713763329644514],[-123.46811137519578,53.711740679859794],[-123.46507467449165,53.70843140908239],[-123.44733550792033,53.70883415932991],[-123.44275539832802,53.70515387354671],[-123.4354752317709,53.69270089621488],[-123.42032395525007,53.678035660423326],[-123.41311462086308,53.67504877362488],[-123.40540985951768,53.67660922411946],[-123.38259013114636,53.6661426632997],[-123.3764307452583,53.66545730409127],[-123.36954985568777,53.65903446042664],[-123.36907764918546,53.65493255543224],[-123.37077116933446,53.651331506969754],[-123.37548459485595,53.64859759396502],[-123.36162392698795,53.648870244181765],[-123.35113355043991,53.647058398018615],[-123.30471803876401,53.627589100612994],[-123.30236619832581,53.55457558491924],[-123.3031790295566,53.49912283826205],[-123.28056145893216,53.49927250102945],[-123.27774508307984,53.470590015822275],[-123.41896027588723,53.47018300821613],[-123.41988096570927,53.4835105367442],[-123.99762864077572,53.484307531969435],[-123.99756090015183,53.443995852451856],[-124.00720912147638,53.44362786024817],[-124.03198082474418,53.4352313052026],[-124.0465562401108,53.43217935751588],[-124.05620024736604,53.434750686557],[-124.06971805524329,53.43281526939475],[-124.08589239748667,53.43494921985653],[-124.10460350679747,53.43113972068567],[-124.11272950243361,53.424443644389235],[-124.1049172214681,53.41653971558386],[-124.10862801106373,53.41203274592207],[-124.1229625331206,53.413231161085676],[-124.1366193730422,53.408157106632615],[-124.14475696513512,53.40823911450949],[-124.16093787215074,53.4096836781263],[-124.16832890624434,53.413283730827835],[-124.18050146119761,53.41250025961225],[-124.19874225347056,53.41907626761529],[-124.20856437198304,53.418881275769145],[-124.21538185942853,53.42065043263575],[-124.21919918723093,53.42938404536305],[-124.2193566768569,53.43351609422639],[-124.21828426548034,53.44012537583111],[-124.21565559634044,53.443692572964295],[-124.23861506077317,53.452691780529506],[-124.24623567379184,53.452893673427475],[-124.24878947829293,53.46147363405159],[-124.25384935351151,53.46652498446058],[-124.26631891486946,53.467757020026205],[-124.27008638536195,53.47400945170565],[-124.28081542990941,53.48044451396771],[-124.28655362443722,53.476212933532466],[-124.27970992408117,53.465088651610436],[-124.27970947165389,53.460974042597506],[-124.29468936434748,53.455516334915586],[-124.30564964799079,53.45544480625213],[-124.33766746346184,53.46103562590202],[-124.35363684733689,53.45673790782358],[-124.38097716665365,53.45482000133662],[-124.38473960120278,53.46067778013989],[-124.38639207695043,53.47053214146719],[-124.38615620701545,53.48526076829291],[-124.39879268272044,53.48979398952835],[-124.40432553580105,53.49515365279647],[-124.39327866760819,53.49729713316717],[-124.3812681387235,53.496867545520146],[-124.38130482854812,53.50186319041549],[-124.4391755694628,53.50936464681986],[-124.48523015299378,53.520215914636616],[-124.50060357963248,53.52746667730478],[-124.50437167831957,53.55350902523714],[-124.49540354117013,53.555686762999365],[-124.49898224933247,53.57455513674626],[-124.50016727650892,53.66031005537257],[-124.49963186854214,53.67957338433854],[-124.49538524102553,53.70563368900014],[-124.5028729948587,53.70689289809008],[-124.50229130477601,53.71386360629684],[-124.50412975276,53.719019464831604],[-124.50175702088671,53.72235979758594],[-124.50020066401508,53.89472966890651],[-124.49426548088097,53.89702640969952],[-124.43626860324555,53.89651176499428],[-124.43645941985483,53.99843339174566],[-124.36618531563349,53.99814008721969],[-124.36675265925159,54.01312224121551],[-124.33915348225236,54.012666809346705],[-124.33903437820967,54.016192056641124],[-124.3330259446938,54.01598493241402],[-124.33330949147648,54.012673525730186],[-124.32662591649613,54.012680863010445],[-124.3267152511662,54.02024785337086],[-124.32073855693056,54.020235002846256],[-124.32069022788184,54.02374180920138],[-124.31622289131997,54.024050910043584],[-124.31634949665285,54.02731437127943],[-124.35300230280724,54.027092498589404],[-124.3532286713729,54.01960411172803],[-124.36750335970974,54.01987149834032],[-124.36774363739232,54.03456929668538],[-124.36139861051566,54.05699478432776],[-124.35328531884245,54.07057379964572],[-124.36725417517098,54.128119451194195],[-124.46668057591812,54.128141629809434],[-124.46603065061014,54.23263546097596],[-124.4444505666699,54.2247910548021],[-124.42359287462506,54.2326711725513],[-124.41719946897848,54.244455143356014],[-124.41282535274107,54.25869251340139],[-124.4003004345,54.269445345777925],[-124.38621480099543,54.270608647562845],[-124.36836366865647,54.26905728501602],[-124.3633707733537,54.266047550991566],[-124.35097786551032,54.26470087947492]],[[-124.19293215425121,53.930458677987374],[-124.1978321647622,53.93040972512675],[-124.19831928566362,53.9165126839486],[-124.19171944786395,53.918762575778175],[-124.18271414101521,53.91584866353045],[-124.17299904376623,53.91617858963777],[-124.17280450811708,53.930158682093094],[-124.19293215425121,53.930458677987374]],[[-124.07017051672024,53.94761839125517],[-124.07030461548456,53.961906215805804],[-124.10674398005492,53.96219517079551],[-124.12116253618166,53.96374109033616],[-124.13638763177981,53.95924288565129],[-124.13898254215499,53.95432937182848],[-124.15590264145159,53.95500305649264],[-124.17603331414907,53.951707372636314],[-124.18187934670887,53.949205171018846],[-124.18217789233275,53.932745787179314],[-124.14290963038837,53.932262267694966],[-124.14274807518423,53.92236316560445],[-124.13702114714619,53.92588936738954],[-124.12352183970124,53.929099459110965],[-124.1226034243881,53.927787787264705],[-124.12549493996531,53.925989062213894],[-124.12003603286017,53.92409056328631],[-124.10897903055803,53.92232308437139],[-124.09378212137644,53.9240620856406],[-124.0892888258157,53.922251889135794],[-124.08878443978612,53.91925395645659],[-124.09335084926184,53.918637222616006],[-124.06986811143112,53.918192389184654],[-124.07017051672024,53.94761839125517]],[[-124.03272306312431,54.056337192519784],[-124.03232359949374,54.03405501504592],[-124.08512192444131,54.03401628807047],[-124.08509969188104,54.03281934893993],[-124.09456065442005,54.035491391667826],[-124.0914896329903,54.02734217023073],[-124.09509215229131,54.018884466520866],[-124.09355193948403,54.005461907589535],[-124.04633958571435,54.006049922443204],[-124.04578018732599,53.99130526459826],[-123.99838510036469,53.992704143583],[-123.99865402667606,53.985150375363325],[-123.99053245384442,53.9856940136966],[-123.97228966427532,53.98327411447593],[-123.93345646443666,53.98342800220311],[-123.93429907593699,53.998604857009255],[-123.92389982450386,53.99849384970855],[-123.92335598657935,54.0128360256241],[-123.93501109229834,54.01004453311028],[-123.93512823402313,54.03285875378024],[-123.99694711518988,54.033325904025055],[-123.99714908007178,54.05629990393206],[-124.03272306312431,54.056337192519784]]]},"bbox":[-124.50437167831957,53.408157106632615,-123.27774508307984,54.29272143084493]},{"id":"5951022","type":"Feature","properties":{},"geometry":{"type":"MultiPolygon","coordinates":[[[[-125.8142069852287,54.289982704311946],[-125.81901680372275,54.287836212950275],[-125.82957612643536,54.288098239254495],[-125.81628467213743,54.28926025744727],[-125.81706652644544,54.294733943868266],[-125.80818877636845,54.295794899661935],[-125.80589647846149,54.294522967353565],[-125.8142069852287,54.289982704311946]]],[[[-125.48236733298067,54.178184239494776],[-125.48168985448581,54.17669547442737],[-125.48472604105535,54.1769831746096],[-125.4846045306514,54.175718480100365],[-125.48758143902319,54.17731067171833],[-125.49243820017455,54.17714879801845],[-125.49871317698344,54.179646497039776],[-125.50155555514172,54.18359023229102],[-125.48652992977554,54.1858617301241],[-125.48236733298067,54.178184239494776]]],[[[-125.77631649854523,54.24053668689302],[-125.77204653295928,54.241228816566846],[-125.77138970623375,54.23593668789109],[-125.769311936335,54.23704615898486],[-125.7600075792763,54.23627399835339],[-125.75989203847918,54.24465058868501],[-125.74604240164021,54.24482548885835],[-125.74502005986353,54.22917457985888],[-125.73903525350275,54.228922235467806],[-125.73968281824844,54.232773877884696],[-125.73662335692192,54.23263603969023],[-125.73572749053093,54.22872743251562],[-125.7297577355241,54.22567776751369],[-125.7275459319192,54.2113169118218],[-125.73332715678141,54.211742740475984],[-125.73574591499037,54.21001368154184],[-125.74217542194698,54.21082411840053],[-125.7537550769897,54.21817279608433],[-125.76242840185766,54.22132009164935],[-125.77123440821967,54.22106071203248],[-125.76737368456774,54.22507541955073],[-125.77293355563498,54.22931194326434],[-125.77293307030176,54.23053028246802],[-125.76317531316985,54.22373879769588],[-125.7626776113281,54.22660839593342],[-125.77739676034648,54.23913966501183],[-125.77631649854523,54.24053668689302]],[[-125.76683579532906,54.23432854691573],[-125.7657337328811,54.233996943440154],[-125.76554179819553,54.23537247367218],[-125.76585346759377,54.23549387885609],[-125.76683579532906,54.23432854691573]]]]},"bbox":[-125.82957612643536,54.175718480100365,-125.48168985448581,54.295794899661935]},{"id":"5951028","type":"Feature","properties":{},"geometry":{"type":"Polygon","coordinates":[[[-126.24261800665691,54.748848051744474],[-126.10723761800013,54.74871917520752],[-126.10716021521044,54.75015610476368],[-126.08170420215609,54.75011194773181],[-126.05219631849064,54.75450103496915],[-126.04317522304544,54.75720876486715],[-125.9562294000647,54.75129930133507],[-125.9483085158735,54.71863586986438],[-125.90453369541439,54.672244087257816],[-125.89115460798072,54.66190898398629],[-125.87413449986559,54.65316330756087],[-125.87690543154332,54.65074447994554],[-125.85650889634401,54.64449176373372],[-125.84298078949355,54.63834000312686],[-125.84630855909342,54.636598599242554],[-125.80648553714443,54.61154475703334],[-125.80304109478175,54.61338541528919],[-125.80174459505668,54.61257211496087],[-125.75497798837002,54.579445806952755],[-125.7291762095,54.552216031400384],[-125.70734287735098,54.53916831821103],[-125.64519865807416,54.50942639586172],[-125.60350029743539,54.49133935930581],[-125.5211020180187,54.46223603923494],[-125.48446643219025,54.45108216436661],[-125.46218799522396,54.45297871737055],[-125.46391129774605,54.45837492039398],[-125.3511268506698,54.46853919187489],[-125.31557391016342,54.474987898542125],[-125.31468348683869,54.47235041187286],[-125.1892673902378,54.496948012505925],[-125.18191491022853,54.48956689342867],[-125.17704039121878,54.4871643294328],[-125.13536262328265,54.48584882277576],[-125.13638748974388,54.479902359516],[-125.110296553954,54.479311002990634],[-125.11112252694856,54.463843490940256],[-125.06249027795639,54.46513021116636],[-125.06220042824917,54.44271965385711],[-125.0504524076856,54.44279355618098],[-125.05148701945585,54.435018880154324],[-125.01448536732644,54.435396127670266],[-125.0134506148133,54.427775816536304],[-125.00218993271103,54.42768173939948],[-125.00259826649739,54.42098061516271],[-124.99871319475209,54.4202184793341],[-124.99989839449587,54.249945955239404],[-125.24119959798212,54.24885874649218],[-125.24054219100269,54.107775920437355],[-125.29058842651989,54.108453321672926],[-125.29062432887625,54.11211855810289],[-125.36377628876191,54.11189688875532],[-125.3649494679491,54.12009343387168],[-125.39579206691148,54.11344266791196],[-125.40212127259598,54.107364414400195],[-125.4084997596289,54.10679847064867],[-125.4161177790479,54.11153796766405],[-125.41428722187744,54.11512586813363],[-125.40676757293438,54.117994672006446],[-125.40658287160105,54.12062798446889],[-125.42778156617985,54.120100960306075],[-125.44761754389467,54.12137554971352],[-125.46268630971338,54.124206304486194],[-125.47076718329217,54.124094950235],[-125.47787429930742,54.122020990183174],[-125.48936994148544,54.12455389139549],[-125.49549734327152,54.13033094949972],[-125.49980918776025,54.131670854868624],[-125.51383460525393,54.134915177488175],[-125.52518382042942,54.135641795604585],[-125.52990756359436,54.138199879859194],[-125.54843415825246,54.137134582424515],[-125.5601542631698,54.14063194489163],[-125.57094416770407,54.14153494898846],[-125.57452897958257,54.14608899505116],[-125.57861411192475,54.14630221435644],[-125.58488413291052,54.14329732035386],[-125.58987275018464,54.14420930128877],[-125.59708635828704,54.1427987935923],[-125.60438756626763,54.13813283421188],[-125.61300421932071,54.125869842634366],[-125.6188359590025,54.12146526842478],[-125.62240247290279,54.12577359109405],[-125.63164087688426,54.13101711182181],[-125.64255392407865,54.13008027813972],[-125.6667629455133,54.13551904710014],[-125.68247576036967,54.1331232586589],[-125.68333508651808,54.15292676874046],[-125.7067541368178,54.153460503938646],[-125.7067245395074,54.15731314388182],[-125.73892502802451,54.157048896993466],[-125.73927312380209,54.162899195776696],[-125.74815681701358,54.16311711284847],[-125.74924427852054,54.171697366995126],[-125.78690255340076,54.17213091400292],[-125.81552039827865,54.17883028090047],[-125.83646169343741,54.181946811533386],[-125.85557306908652,54.18123248896677],[-125.89943792413762,54.171970728072445],[-125.92680795054358,54.16110722809956],[-125.9568799637273,54.16562977576494],[-125.96206036839256,54.16382988854047],[-125.9718129662842,54.15688896529736],[-125.97805966930594,54.14000351686587],[-125.9972879405415,54.12973465141261],[-126.00175647154114,54.12948415623264],[-126.00260641584659,54.12168581980064],[-126.02601828297395,54.12400540121948],[-126.03437604031078,54.12843494165078],[-126.04063509280425,54.12947862206991],[-126.07929978754335,54.12687571286938],[-126.12948448659081,54.14567774827675],[-126.13047027222484,54.147455807705946],[-126.12734514046912,54.15322652316507],[-126.12881820597363,54.16375515155204],[-126.1328470012552,54.168714318864566],[-126.15330866669375,54.18490493274617],[-126.15379669003809,54.193658012305136],[-126.16055806834254,54.20743486651905],[-126.17975940917371,54.21345092500782],[-126.18684055832415,54.20460392044921],[-126.20064727271061,54.20018893102117],[-126.20720894562544,54.19491613065758],[-126.21864475363981,54.197275885682636],[-126.23374299838262,54.18319523536905],[-126.24531803830753,54.190710956705665],[-126.25782905567878,54.19226437347352],[-126.2760342365821,54.198004261403376],[-126.27920861519713,54.19466835209701],[-126.28739515836935,54.195118881787174],[-126.29518258081985,54.192344661741345],[-126.30179771700976,54.19569249385172],[-126.30579436233387,54.20196944897284],[-126.34601938115634,54.21115001156837],[-126.36372395118235,54.21759893569648],[-126.36072571816585,54.22165637661224],[-126.36042400971981,54.22610576416337],[-126.34878119775246,54.23481271723568],[-126.33736658044822,54.23816829923829],[-126.30039016237785,54.236086639579305],[-126.29459353477542,54.23910939189387],[-126.26201711012334,54.23917827039303],[-126.25944902675968,54.24526563638045],[-126.25983494031075,54.248718902718615],[-126.28402374853604,54.265736930924035],[-126.28459909327447,54.27244860340596],[-126.34066307663868,54.31412044185834],[-126.34299921679725,54.31884261813066],[-126.36074387099866,54.32231848252583],[-126.39261118121269,54.335382011808996],[-126.4025284472064,54.33523675776432],[-126.40789804386962,54.33736901085551],[-126.41315716734528,54.34272846356707],[-126.42600742552301,54.34624723321612],[-126.43465459276227,54.344868930627854],[-126.43817512675422,54.33992358692188],[-126.44355948916842,54.336504541854985],[-126.47735944408166,54.3321804849473],[-126.48506539506229,54.33600251539512],[-126.48860685738167,54.34163365792813],[-126.4992435394733,54.34512248969286],[-126.50984024488854,54.34618427447075],[-126.51289005891635,54.348722064348244],[-126.5021274927422,54.352279910950436],[-126.49439649958519,54.359071155930046],[-126.49491645982398,54.36229996883511],[-126.4851392312024,54.37414653705314],[-126.47786941617163,54.37793532110877],[-126.47793406284327,54.38320285618451],[-126.47410941046337,54.38780684354652],[-126.45485168914439,54.39110830354508],[-126.45423269427612,54.3949112807162],[-126.46247455922291,54.40155117222283],[-126.47280557502161,54.40492645463138],[-126.27990347818442,54.40578551161048],[-126.27943822996667,54.40975995752367],[-126.25190473264284,54.40987364341766],[-126.25004030713343,54.47599771789878],[-126.24524375355415,54.47586822246542],[-126.24397059947745,54.535255812781415],[-126.24966513267199,54.6946079701698],[-126.24989162166759,54.749015237677156],[-126.24261800665691,54.748848051744474]],[[-125.64686331551418,54.49041769510521],[-125.64586556410013,54.490950255324705],[-125.64898072104539,54.492235224894635],[-125.64910339212999,54.490301405810136],[-125.64686331551418,54.49041769510521]],[[-125.78603304854379,54.22758677251104],[-125.78378938786824,54.23033476047641],[-125.78763000694845,54.23103905622792],[-125.78993691073538,54.22351988457212],[-125.78152430921448,54.22302175386721],[-125.78650262301359,54.225453265423546],[-125.78603304854379,54.22758677251104]],[[-125.81706652644544,54.294733943868266],[-125.81628467213743,54.28926025744727],[-125.82957612643536,54.288098239254495],[-125.8185729051444,54.28793409697553],[-125.80589647846149,54.294522967353565],[-125.80818877636845,54.295794899661935],[-125.81706652644544,54.294733943868266]],[[-126.14114347680248,54.41648212267572],[-126.1274939076238,54.41634769417185],[-126.12798433796547,54.423737316567774],[-126.1327033551117,54.421529868952675],[-126.1413851687438,54.424908339214866],[-126.14114347680248,54.41648212267572]],[[-125.90344994820553,54.33017752694417],[-125.89619481828572,54.332835775244575],[-125.88972213648108,54.328523272341045],[-125.89007504560442,54.330342490209844],[-125.88626675590864,54.330511744164795],[-125.88351416184454,54.326740098000855],[-125.87739270025583,54.327112931279316],[-125.87853221806975,54.33427465605338],[-125.88554168400745,54.33405218706847],[-125.88664868892428,54.33229698958359],[-125.88864557925093,54.332316313239865],[-125.88870145583418,54.33361940305851],[-125.90310604243857,54.33429023752547],[-125.90344994820553,54.33017752694417]],[[-125.49555984648137,54.178391411873086],[-125.48468105495692,54.175715574536824],[-125.48472604105535,54.1769831746096],[-125.48154094222957,54.176904691065694],[-125.48652992977554,54.1858617301241],[-125.50155555514172,54.18359023229102],[-125.49871317698344,54.179646497039776],[-125.49555984648137,54.178391411873086]],[[-125.7765369906514,54.24050095090356],[-125.77739676034648,54.23913966501183],[-125.7727291330195,54.235706190646475],[-125.77293355563498,54.22931194326434],[-125.76737368456774,54.22507541955073],[-125.77123440821967,54.22106071203248],[-125.76242840185766,54.22132009164935],[-125.7537550769897,54.21817279608433],[-125.74217542194698,54.21082411840053],[-125.73574591499037,54.21001368154184],[-125.73332715678141,54.211742740475984],[-125.7275459319192,54.2113169118218],[-125.7297577355241,54.22567776751369],[-125.73572749053093,54.22872743251562],[-125.73662335692192,54.23263603969023],[-125.73968281824844,54.232773877884696],[-125.73903525350275,54.228922235467806],[-125.74502005986353,54.22917457985888],[-125.74604240164021,54.24482548885835],[-125.75989203847918,54.24465058868501],[-125.76003787439664,54.24170228212897],[-125.7765369906514,54.24050095090356]]]},"bbox":[-126.51289005891635,54.10679847064867,-124.99871319475209,54.75720876486715]},{"id":"5951031","type":"Feature","properties":{},"geometry":{"type":"Polygon","coordinates":[[[-127.06134547869883,54.07064107696486],[-127.05881000458129,54.06617137578068],[-127.04781561660425,54.06940368747205],[-127.03509839378243,54.06823612182368],[-127.01498606999439,54.05979006549419],[-127.00966174310321,54.064153666258456],[-127.00069358192724,54.06110556996107],[-126.99498862623976,54.06454886825446],[-126.98019888481141,54.06318334603968],[-126.975825392733,54.05704499999978],[-126.94972564083622,54.0570031174401],[-126.94492417114218,54.0653099669353],[-126.9440255277,54.07162053497114],[-126.94957646605064,54.07838090740815],[-126.93707869414303,54.094628826584696],[-126.92961244506421,54.096865895259306],[-126.93008994029964,54.10351283624412],[-126.922097962474,54.10837143384723],[-126.89266627126152,54.10356907197806],[-126.88450344982118,54.09879149277016],[-126.86596695827728,54.095838539405634],[-126.83022670903696,54.073979313371225],[-126.82402513189136,54.07237968453249],[-126.80004714139946,54.05517551110316],[-126.78020720654591,54.05108506827075],[-126.77044972785403,54.0567697691872],[-126.63564072984308,54.057611031422894],[-126.63879858070824,54.1531482669869],[-126.63721624447992,54.198453570107155],[-126.63877243572544,54.20340213606325],[-126.62000757680887,54.19707103267009],[-126.60994325386892,54.19991601852309],[-126.59610149548443,54.18425371139882],[-126.5806169420941,54.17971188455946],[-126.54988255349406,54.176478325231635],[-126.53409021164244,54.17162070362222],[-126.52872916025419,54.16848963042281],[-126.49021526528567,54.16442209690673],[-126.47739490786144,54.165804206478725],[-126.44508798662967,54.16428350237575],[-126.4345191472193,54.16644982856655],[-126.42511432381185,54.16587985684372],[-126.41749736986057,54.16317889204718],[-126.41898031929674,54.15910060471224],[-126.41789237396588,54.156314157494755],[-126.42022152387881,54.15669482121953],[-126.41877387745372,54.15351532608463],[-126.39974221892244,54.15211137056329],[-126.38034920354217,54.14614378064654],[-126.33960091110521,54.14182888577883],[-126.32688007913895,54.133148228491805],[-126.32893996871404,54.12859530205876],[-126.3260685693049,54.1219597628668],[-126.32517946587599,54.112924005119346],[-126.31601635537841,54.10128919571421],[-126.30675762369322,54.10328964958485],[-126.28601931160809,54.10297143381199],[-126.27258916383676,54.100067919662536],[-126.26989096907239,54.106335438075824],[-126.26103603406365,54.10733808215023],[-126.23970715315966,54.10212132800627],[-126.23148346687469,54.109272365025404],[-126.23059870010994,54.11255825743774],[-126.22347035458473,54.11464577513407],[-126.21958663988305,54.11431511653506],[-126.2133692043573,54.108011076293295],[-126.20991483193893,54.10667973270952],[-126.1927056785689,54.1050960130934],[-126.17208823325176,54.11489943788593],[-126.17555837015698,54.11750079672758],[-126.16986455919643,54.122424197437525],[-126.16948854968308,54.12711404082411],[-126.1805516091578,54.13938323078674],[-126.20745297037634,54.14559316232052],[-126.21194416785458,54.15310529836543],[-126.20982602404837,54.158549870741794],[-126.21586882635867,54.16710749058289],[-126.21461747594556,54.17139972948371],[-126.21639051003211,54.17505005582579],[-126.23374299838262,54.18319523536905],[-126.21864475363981,54.197275885682636],[-126.20720894562544,54.19491613065758],[-126.20064727271061,54.20018893102117],[-126.18684055832415,54.20460392044921],[-126.17975940917371,54.21345092500782],[-126.16055806834254,54.20743486651905],[-126.15379669003809,54.193658012305136],[-126.15330866669375,54.18490493274617],[-126.1328470012552,54.168714318864566],[-126.12881820597363,54.16375515155204],[-126.12734514046912,54.15322652316507],[-126.13047027222484,54.147455807705946],[-126.12948448659081,54.14567774827675],[-126.07929978754335,54.12687571286938],[-126.04063509280425,54.12947862206991],[-126.03437604031078,54.12843494165078],[-126.02601828297395,54.12400540121948],[-126.00260641584659,54.12168581980064],[-126.00175647154114,54.12948415623264],[-125.9972879405415,54.12973465141261],[-125.97805966930594,54.14000351686587],[-125.9718129662842,54.15688896529736],[-125.96206036839256,54.16382988854047],[-125.9568799637273,54.16562977576494],[-125.92680795054358,54.16110722809956],[-125.89943792413762,54.171970728072445],[-125.85557306908652,54.18123248896677],[-125.83646169343741,54.181946811533386],[-125.81552039827865,54.17883028090047],[-125.78690255340076,54.17213091400292],[-125.74924427852054,54.171697366995126],[-125.74815681701358,54.16311711284847],[-125.73927312380209,54.162899195776696],[-125.73892502802451,54.157048896993466],[-125.7067245395074,54.15731314388182],[-125.7067541368178,54.153460503938646],[-125.68333508651808,54.15292676874046],[-125.68247576036967,54.1331232586589],[-125.6667629455133,54.13551904710014],[-125.64255392407865,54.13008027813972],[-125.63164087688426,54.13101711182181],[-125.62240247290279,54.12577359109405],[-125.6188359590025,54.12146526842478],[-125.61300421932071,54.125869842634366],[-125.60438756626763,54.13813283421188],[-125.59708635828704,54.1427987935923],[-125.58987275018464,54.14420930128877],[-125.58488413291052,54.14329732035386],[-125.57861411192475,54.14630221435644],[-125.57452897958257,54.14608899505116],[-125.57094416770407,54.14153494898846],[-125.5601542631698,54.14063194489163],[-125.54843415825246,54.137134582424515],[-125.52990756359436,54.138199879859194],[-125.52518382042942,54.135641795604585],[-125.51383460525393,54.134915177488175],[-125.49980918776025,54.131670854868624],[-125.49549734327152,54.13033094949972],[-125.48936994148544,54.12455389139549],[-125.47787429930742,54.122020990183174],[-125.47076718329217,54.124094950235],[-125.46268630971338,54.124206304486194],[-125.44761754389467,54.12137554971352],[-125.42778156617985,54.120100960306075],[-125.40658287160105,54.12062798446889],[-125.40676757293438,54.117994672006446],[-125.41428722187744,54.11512586813363],[-125.4161177790479,54.11153796766405],[-125.4084997596289,54.10679847064867],[-125.40212127259598,54.107364414400195],[-125.39579206691148,54.11344266791196],[-125.3649494679491,54.12009343387168],[-125.36377628876191,54.11189688875532],[-125.29062432887625,54.11211855810289],[-125.29058842651989,54.108453321672926],[-125.24054219100269,54.107775920437355],[-125.24176842189556,54.08613278013116],[-125.23961624111872,54.02158821154438],[-125.29903758475132,54.02394725776776],[-125.29946288220668,54.02141082360354],[-125.30743119397148,54.02174960030604],[-125.3086809952762,54.01510498857127],[-125.29202150060487,54.00340924400003],[-125.23533281523109,53.998990643084824],[-125.24222400668233,53.948878754088604],[-125.24721396729687,53.89397800535651],[-125.23699529632087,53.82726505676516],[-125.23871576380128,53.65682786717118],[-125.23605940531286,53.4950088239332],[-125.23776184883205,53.44885207339983],[-125.2178609272552,53.443202827595286],[-125.15406725331015,53.433226803375284],[-125.12092480831863,53.430746733519086],[-125.10213137395925,53.43143001677031],[-125.02373747964202,53.44394738631525],[-125.01528098264816,53.46158392708961],[-125.01201840434946,53.46467971075524],[-124.99956388411664,53.4598572079566],[-125.00255438670123,53.449014138386914],[-125.00118810850327,53.37710794266659],[-124.99545134830927,53.23803436893786],[-125.00455786988505,53.23495963660653],[-125.00061963869994,53.19036995465954],[-125.00033476534162,53.00028240238212],[-126.61635490909464,53.000287023616366],[-126.62971547501436,53.00851974490038],[-126.63764341332117,53.02095770779203],[-126.6497378335949,53.03233994316973],[-126.67246851192056,53.02492390523011],[-126.68332081826182,53.01754860784574],[-126.69057255269296,53.01475718381223],[-126.70048005677646,53.00766914926767],[-126.70554576246376,53.00061837289748],[-126.72465468319436,52.999652468403376],[-126.72393869510262,52.99256360059057],[-126.75262381776899,52.993262604192346],[-126.76300183048708,53.00068084487687],[-126.78989978396811,53.000455561306225],[-126.7908775491526,53.00109157046137],[-126.7887325374125,53.016816241954665],[-126.79439315578402,53.026478725645234],[-126.78948884419403,53.04968373453688],[-126.80027384357632,53.074342105800255],[-126.81320266157617,53.08890688815359],[-126.82183981368905,53.09571204257544],[-126.82276612922347,53.10315170668577],[-126.8411616836993,53.1103954742131],[-126.86142970716672,53.10738275320609],[-126.88274659750779,53.0839188179609],[-126.89464852417659,53.0829034938019],[-126.93047439839039,53.085600259301955],[-126.94028796570241,53.091563103283846],[-126.94810750473427,53.09353939637771],[-126.98568207359563,53.072237131451146],[-126.99916531530741,53.06951164715894],[-126.99909186079248,53.07292907303534],[-127.0129513611273,53.075141491248345],[-127.01727825737254,53.07871436471811],[-127.00115059115738,53.088204902293676],[-127.01197597204197,53.09191609009116],[-127.0328092091449,53.11418341645079],[-127.0210911747431,53.12152661607399],[-127.01415434208461,53.130031568644284],[-127.01374407996228,53.13923773981391],[-127.0073222719267,53.14901516202769],[-127.00373637318773,53.158776273313244],[-127.01220320076716,53.176162236423544],[-127.01330807409518,53.18920887866645],[-127.02791377011535,53.1963910837979],[-127.0303870829639,53.20372799353497],[-127.04300472248565,53.20122492402052],[-127.04905800986488,53.202891232698754],[-127.05072039814881,53.20661967385794],[-127.03708569498103,53.22644414848355],[-127.01793689800307,53.240918310836996],[-127.01052414285125,53.25019639871573],[-127.0060672497724,53.25141682448021],[-127.00166121309982,53.25608647844537],[-126.99250381942188,53.25849108424956],[-126.9865521075867,53.2570998469774],[-126.97889317763386,53.26308590424515],[-126.97885340444493,53.26744981815237],[-126.98208791851701,53.27845997764631],[-127.01553197232829,53.309032671260105],[-127.05059936655292,53.298703981777884],[-127.06978360918504,53.28423677587349],[-127.07448726875653,53.250805189289366],[-127.0992839756758,53.233376429765705],[-127.10817124217517,53.233561447286036],[-127.12100500723386,53.239676602498385],[-127.1318832319897,53.26001063018435],[-127.1408569570945,53.26799218727835],[-127.1420429434955,53.27756156870087],[-127.15091733711704,53.28122994940936],[-127.1949744159133,53.26487475371931],[-127.1927954664907,53.25785832969128],[-127.20147360998021,53.24941367483098],[-127.22487279624326,53.25028273610656],[-127.23979769056825,53.26257828894905],[-127.25363693839212,53.269617273132496],[-127.25368571187921,53.27526314020214],[-127.2668615765411,53.27752625706287],[-127.26662269991562,53.28437295330376],[-127.26275599071556,53.29023537642848],[-127.25518188431992,53.29670022977505],[-127.2586910764998,53.30215153568722],[-127.28104164226629,53.309421983929454],[-127.28776119442593,53.31419756083277],[-127.30089763631197,53.31762130796655],[-127.31479590009381,53.32843267651982],[-127.3191784279938,53.337202923482266],[-127.32101985180356,53.3435400734905],[-127.31854953429645,53.35198134263191],[-127.31977678877264,53.35738182412036],[-127.32667518943848,53.358135095372354],[-127.35501390765445,53.372921497342574],[-127.36447822070375,53.38596985725727],[-127.36441461011307,53.39379369772725],[-127.36201775776061,53.39897747564764],[-127.37030964927425,53.41434672652955],[-127.37211484583165,53.42147802860527],[-127.3704913076007,53.42783022071715],[-127.39275452383261,53.42659677040973],[-127.39457331755261,53.44080245096221],[-127.39877976948101,53.443148806080146],[-127.4061259368325,53.44432722273036],[-127.41041362010955,53.447165222782],[-127.40934983456454,53.454877979442934],[-127.415404883854,53.457318966891954],[-127.4190313186515,53.46118747834256],[-127.41573322473347,53.47300397443797],[-127.42400326044785,53.47879647249081],[-127.42800067997278,53.48592325372251],[-127.43497529552454,53.490894296818986],[-127.44386607063949,53.49228213408983],[-127.47917734789361,53.48802148142175],[-127.49843595883426,53.47514693159145],[-127.49924149532468,53.45926777856679],[-127.50670493541152,53.45805291038476],[-127.51870233798721,53.46114364859651],[-127.53328151621275,53.46875292123176],[-127.56537228789378,53.492938304268264],[-127.5685734143524,53.50010797744904],[-127.56691444761972,53.50805891610955],[-127.55778030791492,53.51307193618667],[-127.55430689971878,53.525105766163705],[-127.55958789391293,53.53175830311506],[-127.57122840006643,53.541522067847616],[-127.6034752915001,53.548360573591495],[-127.61074598103619,53.5556345277542],[-127.61442260587516,53.568205155397735],[-127.63276721417942,53.552374751256814],[-127.64109374003183,53.53868864467232],[-127.64928676007234,53.53358708282392],[-127.65976448421638,53.533556623439786],[-127.66684533175153,53.53610905082265],[-127.67120725678194,53.54685359312858],[-127.67746713174328,53.54945463886717],[-127.71019842055911,53.5480837688397],[-127.73259967440285,53.555562084949464],[-127.7425842952667,53.55257599177062],[-127.75911688710872,53.55286412951066],[-127.76940868943478,53.55759653447693],[-127.76782723899774,53.56602023140047],[-127.75574241287498,53.57447765090653],[-127.74147102516388,53.58088177997245],[-127.76140673499836,53.58890184765888],[-127.76395003970687,53.592120119048715],[-127.75886310178622,53.60055593255903],[-127.7492779645966,53.60807002063871],[-127.76470910755197,53.62340482072249],[-127.76160202975841,53.628747644921354],[-127.76297480111964,53.63292938918635],[-127.78538488536371,53.63911145011825],[-127.78806752234414,53.64410672823273],[-127.78419952794063,53.64790928504643],[-127.78589339045979,53.66185539574882],[-127.7348494531847,53.66575008830292],[-127.72564453801591,53.67178722723718],[-127.7169183332441,53.672520415691345],[-127.7053408050911,53.68149279508755],[-127.69414817632332,53.68288716578283],[-127.68818203364648,53.6804569796648],[-127.67183343559601,53.67799408591701],[-127.65077148654682,53.68003366993846],[-127.6382167298846,53.685112312552526],[-127.64172271762187,53.69040495745711],[-127.64948320811847,53.695726449537865],[-127.64965503484235,53.71060465508838],[-127.643704689336,53.71455033654651],[-127.58632189494536,53.725912073584496],[-127.57816287416773,53.73019988099803],[-127.57195318625024,53.73778878461227],[-127.5504031577408,53.73471243735708],[-127.53723896105276,53.735156813013866],[-127.51124420531531,53.75933515548874],[-127.50016170116746,53.75882202396692],[-127.48177158671328,53.767217646403914],[-127.47507493110186,53.76877778519066],[-127.45108776806407,53.75945873294103],[-127.43809082142067,53.758350423048974],[-127.42785385224506,53.77025207961579],[-127.41772866176773,53.77146323249301],[-127.41271486095515,53.764517718547815],[-127.38850654005016,53.751979551396786],[-127.3779379786654,53.753163267755625],[-127.37535106175724,53.747708791117404],[-127.3582659910345,53.74070284724442],[-127.33590498479276,53.73588614637998],[-127.32887288682906,53.73982320197853],[-127.3326456707136,53.747622157673554],[-127.3297487271041,53.75489186697809],[-127.31514938001934,53.759658701045744],[-127.29563507342891,53.755540578629656],[-127.28850072119204,53.764603343332844],[-127.28994933562998,53.773007361784394],[-127.28527584858328,53.78446173853345],[-127.276722859302,53.79657504110316],[-127.27634292317776,53.804777441455514],[-127.28289477777082,53.807019091012265],[-127.28972243274825,53.8059090334107],[-127.29892888646123,53.82056135807687],[-127.29359475609411,53.833622595862465],[-127.26735105226085,53.86192434618175],[-127.27018167942032,53.87063703262133],[-127.27020371293099,53.87688209787173],[-127.26566275873368,53.88180584160599],[-127.27201400266217,53.88422319118527],[-127.2819621761239,53.891257846875035],[-127.28044587135227,53.90507499289138],[-127.27225870329697,53.91296682051966],[-127.26592973480847,53.91579678547841],[-127.26848692403357,53.921235576004115],[-127.28021868882888,53.92393136713573],[-127.28247880428938,53.93129395898785],[-127.27738066337464,53.943927160292],[-127.27351802760538,53.94910027226789],[-127.27300007406517,53.95804713905813],[-127.26141152536688,53.95830892364083],[-127.25885316286994,53.96612794436871],[-127.26451500889206,53.96767881599425],[-127.26561010836096,53.97534493157986],[-127.25468758210866,53.97985862415298],[-127.25173937844988,53.978068732790376],[-127.24525252983865,53.97895158041007],[-127.24088947547853,53.98305422789996],[-127.23869202492816,53.98961316682291],[-127.23014164457813,53.99075179919424],[-127.22340811598225,53.99522227285485],[-127.21072230259396,53.99706350753732],[-127.20818848464428,54.00049244602201],[-127.19337508956771,54.00554641026094],[-127.19297870696728,54.012817279966235],[-127.18526678303296,54.0113332043482],[-127.1764095685628,54.01181947135756],[-127.15944386855462,54.018624213017645],[-127.15657009563137,54.01655945116119],[-127.15811773646706,54.01100510179184],[-127.15392535355738,54.01020098097711],[-127.15314619453295,54.00554101499314],[-127.15476761195386,54.00286702170669],[-127.14825254310581,53.99778261902633],[-127.13782305709134,53.993189272996005],[-127.1311332977501,53.98675004843616],[-127.12084020416728,53.99042189686091],[-127.11347933035574,53.99473978811287],[-127.11027502726914,54.00012925500837],[-127.1060252773752,54.00356137261022],[-127.10448330305124,54.00905425150468],[-127.10052389157761,54.012838221751686],[-127.09711964746303,54.02323579928738],[-127.10714976810272,54.034420636137504],[-127.1108221069303,54.05204399357681],[-127.10945957244255,54.055458114049834],[-127.0983505690273,54.05902429804603],[-127.0823550852848,54.0595123003404],[-127.08309096374704,54.070424923462184],[-127.07953423133334,54.078039117496374],[-127.06268774654804,54.073006963801106],[-127.06134547869883,54.07064107696486]],[[-125.72010603519381,53.96538978310381],[-125.72028262000798,53.96547361182704],[-125.72319735958688,53.95423850653399],[-125.7165455419554,53.95490711423805],[-125.7210771310045,53.95900218373243],[-125.71824073038026,53.96318366406087],[-125.72010603519381,53.96538978310381]],[[-125.66758302454816,53.93614631326317],[-125.6751274319606,53.93659418661812],[-125.67572062756902,53.93430428976355],[-125.6618833137002,53.93139072398941],[-125.66183079555599,53.93580443385981],[-125.66758302454816,53.93614631326317]],[[-125.79112901844675,53.974778016186114],[-125.78860975577061,53.97075048177273],[-125.7924072931681,53.971572199664934],[-125.7929179784877,53.96763263421669],[-125.77944847040342,53.967798529961954],[-125.77983622881402,53.97516696705222],[-125.79112901844675,53.974778016186114]],[[-125.87760320234075,53.99434226503102],[-125.87163988689989,53.994764052517404],[-125.87159455097118,54.00043154735809],[-125.88686417360564,54.00037535425125],[-125.88680564517458,53.994074137797206],[-125.87760320234075,53.99434226503102]],[[-125.69228194856512,53.984081636951096],[-125.69217937315378,53.9767280233215],[-125.67959190602434,53.976674567201755],[-125.67955642983252,53.98415135247181],[-125.69228194856512,53.984081636951096]],[[-125.73058491849224,53.977272523072884],[-125.74355307622092,53.97689827189475],[-125.74316000772151,53.969359274125246],[-125.73042707590731,53.96902467593867],[-125.73058491849224,53.977272523072884]],[[-126.4984298523935,53.98210718220044],[-126.47788684340067,53.98306278476745],[-126.47529733052922,53.982347762898335],[-126.48017161202615,53.985628246384884],[-126.48104475462108,53.99083617907734],[-126.4972638074875,53.99052569603681],[-126.49819727933156,53.985015680729774],[-126.50295836393948,53.98322697792583],[-126.4984298523935,53.98210718220044]],[[-125.84894300737454,53.99476673920309],[-125.85432953248389,53.99467938690493],[-125.85794623084581,53.99202108136286],[-125.86085861551223,53.99474443414933],[-125.86077971834483,53.9875514933378],[-125.84878813498317,53.98753555287415],[-125.84894300737454,53.99476673920309],[-125.83609592217238,53.99436720600107],[-125.83631947613868,54.001047185132016],[-125.84893641474339,54.00105053279147],[-125.84894300737454,53.99476673920309]],[[-125.8918613863442,53.95863140087313],[-125.87866551046142,53.95828758380963],[-125.879020043197,53.97120779538909],[-125.88262806083713,53.972744101543974],[-125.89210242030948,53.97240439530845],[-125.8918613863442,53.95863140087313]],[[-125.75796492619,53.663453692682594],[-125.75242591987448,53.663500896140604],[-125.75271240088713,53.67816385747084],[-125.76517174947688,53.67800860449974],[-125.76462560407673,53.66338485921942],[-125.75796492619,53.663453692682594]],[[-125.95220024608372,54.00236692212866],[-125.94792705020063,54.00240504179035],[-125.9482366504755,54.00888765718743],[-125.93595783991749,54.00900682232251],[-125.93637014360172,54.01165347729829],[-125.94692864824948,54.011791970530666],[-125.95537412665293,54.01461478103481],[-125.95712422986269,54.016675587225606],[-125.96306852414475,54.01550385460179],[-125.96297508019335,54.013898944034],[-125.96096158481883,54.013978514962574],[-125.96045355900338,54.00229280261046],[-125.95220024608372,54.00236692212866]],[[-125.98129208484852,53.9586841026649],[-125.98194034553102,53.95956755766296],[-125.97988362391371,53.959815471999896],[-125.97378914628175,53.95880707313061],[-125.97390682678761,53.95661096449767],[-125.97549254991789,53.95619367734757],[-125.97333411506484,53.95435926868844],[-125.9631831080697,53.95429033559685],[-125.96294387870142,53.96590550223876],[-125.98761837088773,53.96608416333677],[-125.98764319260258,53.95875332897722],[-125.98129208484852,53.9586841026649]],[[-125.65809877245184,53.945205389014525],[-125.64907129097084,53.94494040115767],[-125.64749344031803,53.959019074027516],[-125.67008091854916,53.958789327243096],[-125.66909397879013,53.95195380204082],[-125.659899052513,53.95185746765901],[-125.66166200292272,53.94495130104494],[-125.65809877245184,53.945205389014525]],[[-125.71851501734115,54.014643403811355],[-125.71806281578934,53.999794653879064],[-125.70653724305406,53.99999028763037],[-125.70627206754862,53.99309754711979],[-125.69313851945257,53.99330983601963],[-125.69352175560768,54.00053645910618],[-125.69899520063856,54.000777597424594],[-125.69988080820663,54.01481334582799],[-125.71851501734115,54.014643403811355]]]},"bbox":[-127.78806752234414,52.99256360059057,-124.99545134830927,54.21345092500782]},{"id":"5951032","type":"Feature","properties":{},"geometry":{"type":"Polygon","coordinates":[[[-126.1402970830857,54.928877016890674],[-126.13730593923692,54.91490687987942],[-126.18474112608705,54.89207145842356],[-126.18591308247014,54.88146631717748],[-126.18433319336367,54.875030842361],[-126.2270678607116,54.874942952113734],[-126.22714163521277,54.88618758607016],[-126.24492711114318,54.88654132031493],[-126.24591450774379,54.90105617039953],[-126.22011883726442,54.90143867720105],[-126.20167938067864,54.90681957200985],[-126.22843894387857,54.92974222150193],[-126.24871542866032,54.93947944573324],[-126.26380262879788,54.950824516769664],[-126.26521215759601,54.98363631432102],[-126.27491633484634,55.003068769700626],[-126.27722622899994,55.015465735273416],[-126.21583407906493,55.022627391488975],[-126.19388471609257,54.99571906317525],[-126.17534855282626,54.96885658379823],[-126.1552224105528,54.954068351509314],[-126.14798007617242,54.950518390098736],[-126.14282110013676,54.945233021734175],[-126.1402970830857,54.928877016890674]]]},"bbox":[-126.27722622899994,54.874942952113734,-126.13730593923692,55.022627391488975]},{"id":"5951034","type":"Feature","properties":{},"geometry":{"type":"Polygon","coordinates":[[[-126.72701704117884,54.423827614670564],[-126.71933242490329,54.42370754412794],[-126.71912401611529,54.426568500601356],[-126.68195098970926,54.42592697695537],[-126.68095555915723,54.418379768458166],[-126.65632808527647,54.41785004647012],[-126.65605314892433,54.42518591333337],[-126.63305277471397,54.42540106900305],[-126.63327368595954,54.43357702271517],[-126.59325638744546,54.432183486114766],[-126.59309220714569,54.43587589717368],[-126.58625788697029,54.43740690997526],[-126.58838910832354,54.439372295477014],[-126.57948400112798,54.44127788775334],[-126.57929629328238,54.38932367447359],[-126.59381311638,54.38958271382364],[-126.5939039510995,54.36782770913163],[-126.7040998031788,54.36718057077988],[-126.70314339360935,54.35625937758006],[-126.73811745438383,54.355756906292655],[-126.73753508840213,54.366815875100905],[-126.76078686956338,54.36665730280486],[-126.76064700533398,54.37342990114713],[-126.74962318558666,54.37587114535976],[-126.73919239268466,54.38055669314043],[-126.73844242414481,54.382509302571584],[-126.74778119996265,54.39110250907093],[-126.74729138240806,54.39467370792953],[-126.74259477247911,54.398265295620206],[-126.74726498181306,54.40074939143389],[-126.74601942267438,54.41126610623493],[-126.74776002363465,54.418057601079504],[-126.75081645171242,54.420071072560255],[-126.75174528411799,54.42886030182796],[-126.72731830331122,54.42975506716946],[-126.72701704117884,54.423827614670564]]]},"bbox":[-126.76078686956338,54.355756906292655,-126.57929629328238,54.44127788775334]},{"id":"5951038","type":"Feature","properties":{},"geometry":{"type":"Polygon","coordinates":[[[-127.05713790401182,54.71006965818296],[-127.04776449064768,54.71080829073667],[-127.04654871354057,54.70250875985564],[-127.04021262375912,54.70237318953406],[-127.03676948721463,54.69865825497115],[-127.0331989621866,54.698657713219106],[-127.03269475787806,54.68535973642544],[-127.041184685216,54.688295592971556],[-127.04452138856404,54.69137269996863],[-127.04681465686753,54.691190245495015],[-127.04796335942488,54.67745944386107],[-127.06180363503873,54.67740140021857],[-127.06238436015738,54.680768772606434],[-127.06429592468274,54.68092347767571],[-127.07214336636162,54.67871891254552],[-127.0721197576158,54.67574123447589],[-127.06837746055064,54.6752122079036],[-127.0639104841944,54.67135566801072],[-127.04671058864429,54.672443273770384],[-127.0472393403851,54.660859139383334],[-127.07195243307717,54.661693802215524],[-127.0720682130528,54.67115098653154],[-127.08065071319461,54.674101961984434],[-127.07588854255363,54.67514336136945],[-127.07756095301876,54.67657704538137],[-127.06826090018703,54.6813209136496],[-127.07135253912243,54.68161967742651],[-127.07286210372656,54.685814066607065],[-127.06992818853702,54.69041770345631],[-127.05972679929374,54.69228911508181],[-127.05755057721551,54.69505919256409],[-127.05328745259024,54.69564868236819],[-127.05237987434748,54.70079449439783],[-127.0644063987718,54.7096231138167],[-127.05713790401182,54.71006965818296]]]},"bbox":[-127.08065071319461,54.660859139383334,-127.03269475787806,54.71080829073667]},{"id":"5951043","type":"Feature","properties":{},"geometry":{"type":"MultiPolygon","coordinates":[[[[-127.19734401765076,54.81800196897248],[-127.19735509924055,54.81783192812343],[-127.20170011455588,54.81763402435111],[-127.20107122381437,54.81872174108061],[-127.19734401765076,54.81800196897248]]],[[[-127.17387169243277,54.8341764655539],[-127.17048412846688,54.814762948327036],[-127.17502441682387,54.81290827439096],[-127.175526429813,54.810012870303744],[-127.17070063637082,54.8082106177437],[-127.17092255784645,54.80267979875048],[-127.16606565136357,54.80028710755717],[-127.16607056583524,54.796748582447655],[-127.16319845864874,54.79677981558621],[-127.16778023254135,54.79619108137407],[-127.16749217184413,54.79394602197573],[-127.16294923088952,54.79431807252883],[-127.16005816453847,54.78811707607995],[-127.15614564042973,54.78729387380782],[-127.14924441822129,54.7895882755243],[-127.14821625544617,54.78483568472261],[-127.14481802914989,54.78227637993768],[-127.13410059228738,54.78178680396469],[-127.13468728047219,54.779910610212596],[-127.14173772608176,54.77957189259961],[-127.13557902467949,54.77555723621542],[-127.1326588859309,54.767195393462586],[-127.12591511374934,54.761094088434334],[-127.13252731013164,54.76054400339121],[-127.13222834537027,54.755008620406166],[-127.14311112911817,54.753486323299214],[-127.13595077168661,54.7458319618322],[-127.14613349987076,54.74622982473106],[-127.1491333946616,54.753010903095316],[-127.15732577557331,54.75298125117532],[-127.15795582122752,54.76383474459171],[-127.16450552069581,54.76745580806681],[-127.17590321033836,54.76747786295574],[-127.17911130046059,54.77394709897757],[-127.18201891729255,54.7740085017094],[-127.18209499379921,54.77802344800554],[-127.18848677605074,54.7782918394022],[-127.1889111727933,54.781474985830684],[-127.19490746415208,54.781393080020926],[-127.19502790397364,54.78385470715569],[-127.18436078954615,54.78196770190092],[-127.18357748990378,54.78319459515478],[-127.19770581667707,54.79410485705606],[-127.19688071548188,54.797134106774266],[-127.19073617361812,54.79615594869547],[-127.19248899902026,54.79801439556559],[-127.18494864027602,54.79846382359763],[-127.18420486006795,54.79575517576596],[-127.17830741566087,54.792754979333345],[-127.17562195155521,54.7941129666366],[-127.17048795456608,54.79370860871463],[-127.1715781132748,54.80376766400116],[-127.17648882159804,54.803799904685796],[-127.17659228807926,54.811104778638246],[-127.19044290685507,54.81117116332469],[-127.19030059882918,54.81697271731376],[-127.19734379257478,54.817474791048895],[-127.19039798768054,54.82316260146327],[-127.19038173009614,54.836101218898165],[-127.17965768698772,54.83626281910636],[-127.17940182380435,54.83441494751257],[-127.17387169243277,54.8341764655539]]]]},"bbox":[-127.20170011455588,54.7458319618322,-127.12591511374934,54.83626281910636]},{"id":"5951051","type":"Feature","properties":{},"geometry":{"type":"Polygon","coordinates":[[[-127.34929858896862,54.99382827518604],[-127.34347882413334,54.99382248419036],[-127.34399623888459,55.00003589483574],[-127.27252137294758,55.00027838010224],[-127.27162627958032,55.00794780614905],[-127.24151999896645,55.006876381243],[-127.24011364660329,55.00021914744833],[-126.93720119232859,55.00003509455428],[-126.93426429885582,54.99111717679966],[-126.91769045328077,54.98370881635802],[-126.91257865661545,54.975098565247244],[-126.89365435480585,54.955511493858694],[-126.87591780629958,54.946631446519724],[-126.86185381025368,54.937519679743595],[-126.8594009649066,54.92868538466753],[-126.85942644984645,54.92063223034821],[-126.86390071103654,54.90982411564342],[-126.86016287713447,54.90594014908504],[-126.85636048164326,54.89545521730765],[-126.85767024496323,54.88482857283377],[-126.86515558916994,54.878348418768425],[-126.8633696275094,54.872390062570496],[-126.83612853254863,54.86884353024034],[-126.83405798384779,54.86529303595909],[-126.83399748847391,54.862020441207086],[-126.83638995878263,54.860515834520314],[-126.8538894190114,54.85498561244993],[-126.85744004247124,54.84812227524953],[-126.8499581528511,54.84482990455782],[-126.84083242987485,54.83783083408994],[-126.82186429383849,54.83068239076335],[-126.82891745836378,54.82817929015212],[-126.82916172566384,54.82248366471603],[-126.81711754280667,54.81486945766793],[-126.79017641309137,54.8105329504321],[-126.77692427694686,54.79633960370561],[-126.76104041427223,54.794724355833],[-126.72467869628544,54.80501842227328],[-126.71243533171719,54.80348972751828],[-126.70059028760288,54.79394616427547],[-126.70581529110724,54.7737285577042],[-126.71224454659142,54.77143361090895],[-126.70737277800886,54.76457856579182],[-126.70732407580083,54.761180958360946],[-126.73943687709809,54.756448959198764],[-126.7484041652779,54.76048799941147],[-126.7566284499831,54.76102470011327],[-126.77170239891392,54.749644731479435],[-126.77270757850881,54.740483947294095],[-126.77586683320308,54.73362405685211],[-126.76971143620018,54.72801009679808],[-126.7549159902417,54.72581407071877],[-126.74338275792938,54.7194105787528],[-126.74538330690072,54.71133270730552],[-126.7495646245835,54.70511032630121],[-126.74911475167241,54.69270805493884],[-126.73852254693267,54.69034834370094],[-126.7318620105836,54.685271754767854],[-126.73432278996917,54.679055306413986],[-126.7324556428407,54.67040739350014],[-126.70295281267958,54.67953578110217],[-126.69473732659341,54.68082754713124],[-126.6849660137303,54.67870079591487],[-126.68353732009038,54.6722272079149],[-126.67986121822989,54.66747607968378],[-126.68286656614981,54.66060749365],[-126.67579147741355,54.65915659361241],[-126.66431819855822,54.648840061024984],[-126.64377834043236,54.639549483989214],[-126.6330299876777,54.637656050268085],[-126.62733332452322,54.62550427231695],[-126.62348530959466,54.5574903331708],[-126.62298644639664,54.507470798469846],[-126.7269673939367,54.50632894025584],[-126.72764069714214,54.49735080059499],[-126.7636592443973,54.49722040192634],[-126.76409131361329,54.49329184865815],[-127.21300905694021,54.49603225178247],[-127.77165969884433,54.49494823018098],[-127.77410536279774,54.49765964961015],[-127.76600415025632,54.506980046593696],[-127.77319135467222,54.51066151669318],[-127.77651528762995,54.5172560972935],[-127.77121132510128,54.525916094263664],[-127.76094623395488,54.53119286336743],[-127.75722295922466,54.53777831811219],[-127.72938599412304,54.54692252829152],[-127.72375192092227,54.545279329449784],[-127.7108754486229,54.54816081745975],[-127.70025986656302,54.54723406094121],[-127.69464519723667,54.55562497960227],[-127.69853617709026,54.5627549866402],[-127.68734830633896,54.57840265293333],[-127.69576693145294,54.58498912642712],[-127.71555195962326,54.59261721393077],[-127.73866159416768,54.59270110045369],[-127.75503555389592,54.59599580500536],[-127.77765760911,54.60443932481258],[-127.79182599278002,54.599239487357636],[-127.80398479765068,54.59923898196906],[-127.81014248727746,54.60665847374249],[-127.80071546207388,54.616839570223064],[-127.79953530842623,54.62397931979918],[-127.79670215058466,54.627257600050854],[-127.79717789660684,54.63112161971744],[-127.79964563455334,54.63246818660667],[-127.80104571131045,54.999466691779915],[-127.36706897851492,55.00026094355843],[-127.36709474475009,54.993844097771124],[-127.34929858896862,54.99382827518604]],[[-127.20091014450745,54.81872678758721],[-127.20170011455588,54.81763402435111],[-127.19735509924055,54.81783192812343],[-127.19728936407196,54.81883992841186],[-127.20091014450745,54.81872678758721]],[[-127.00140409302371,54.74343919231666],[-127.00027562572649,54.74425989045451],[-127.00248806379437,54.74996234133292],[-127.02847673957409,54.7512740497656],[-127.02877425052728,54.7433596652677],[-127.00140409302371,54.74343919231666]],[[-127.05355729159949,54.69684369445177],[-127.05328745259024,54.69564868236819],[-127.05755057721551,54.69505919256409],[-127.05972679929374,54.69228911508181],[-127.06992818853702,54.69041770345631],[-127.07286210372656,54.685814066607065],[-127.07135253912243,54.68161967742651],[-127.06826090018703,54.6813209136496],[-127.07756095301876,54.67657704538137],[-127.07588854255363,54.67514336136945],[-127.08065071319461,54.674101961984434],[-127.0720682130528,54.67115098653154],[-127.07195243307717,54.661693802215524],[-127.0472393403851,54.660859139383334],[-127.04671058864429,54.672443273770384],[-127.0639104841944,54.67135566801072],[-127.06837746055064,54.6752122079036],[-127.0721197576158,54.67574123447589],[-127.07214336636162,54.67871891254552],[-127.06429592468274,54.68092347767571],[-127.06238436015738,54.680768772606434],[-127.06180363503873,54.67740140021857],[-127.04796335942488,54.67745944386107],[-127.04681465686753,54.691190245495015],[-127.04452138856404,54.69137269996863],[-127.041184685216,54.688295592971556],[-127.03269475787806,54.68535973642544],[-127.0331989621866,54.698657713219106],[-127.03676948721463,54.69865825497115],[-127.04021262375912,54.70237318953406],[-127.04654871354057,54.70250875985564],[-127.04776449064768,54.71080829073667],[-127.0644063987718,54.7096231138167],[-127.05237987434748,54.70079449439783],[-127.05355729159949,54.69684369445177]],[[-127.19083620852882,54.82251600642411],[-127.19703458162667,54.81697926240417],[-127.19030059882918,54.81697271731376],[-127.19044290685507,54.81117116332469],[-127.17659228807926,54.811104778638246],[-127.17648882159804,54.803799904685796],[-127.1715781132748,54.80376766400116],[-127.17048795456608,54.79370860871463],[-127.17562195155521,54.7941129666366],[-127.17830741566087,54.792754979333345],[-127.18420486006795,54.79575517576596],[-127.18494864027602,54.79846382359763],[-127.19248899902026,54.79801439556559],[-127.19073617361812,54.79615594869547],[-127.19688071548188,54.797134106774266],[-127.19770581667707,54.79410485705606],[-127.18357748990378,54.78319459515478],[-127.18436078954615,54.78196770190092],[-127.19502790397364,54.78385470715569],[-127.19490746415208,54.781393080020926],[-127.1889111727933,54.781474985830684],[-127.18848677605074,54.7782918394022],[-127.18209499379921,54.77802344800554],[-127.18201891729255,54.7740085017094],[-127.17911130046059,54.77394709897757],[-127.17590321033836,54.76747786295574],[-127.16450552069581,54.76745580806681],[-127.15795582122752,54.76383474459171],[-127.15732577557331,54.75298125117532],[-127.1491333946616,54.753010903095316],[-127.14613349987076,54.74622982473106],[-127.13595077168661,54.7458319618322],[-127.14311112911817,54.753486323299214],[-127.13222834537027,54.755008620406166],[-127.13252731013164,54.76054400339121],[-127.12591511374934,54.761094088434334],[-127.1326588859309,54.767195393462586],[-127.13557902467949,54.77555723621542],[-127.14173772608176,54.77957189259961],[-127.13468728047219,54.779910610212596],[-127.13410059228738,54.78178680396469],[-127.14481802914989,54.78227637993768],[-127.14821625544617,54.78483568472261],[-127.14924441822129,54.7895882755243],[-127.15614564042973,54.78729387380782],[-127.16005816453847,54.78811707607995],[-127.16294923088952,54.79431807252883],[-127.16749217184413,54.79394602197573],[-127.16778023254135,54.79619108137407],[-127.16319845864874,54.79677981558621],[-127.16607056583524,54.796748582447655],[-127.16606565136357,54.80028710755717],[-127.17092255784645,54.80267979875048],[-127.17070063637082,54.8082106177437],[-127.175526429813,54.810012870303744],[-127.17502441682387,54.81290827439096],[-127.17048412846688,54.814762948327036],[-127.17387169243277,54.8341764655539],[-127.17940182380435,54.83441494751257],[-127.17965768698772,54.83626281910636],[-127.19038173009614,54.836101218898165],[-127.19083620852882,54.82251600642411]]]},"bbox":[-127.81014248727746,54.49329184865815,-126.62298644639664,55.00794780614905]},{"id":"5951053","type":"Feature","properties":{},"geometry":{"type":"Polygon","coordinates":[[[-128.24956843914694,56.00223536993129],[-127.94153266946087,55.99993573332609],[-127.9155705519187,55.99755803788947],[-127.9182200361173,56.0028134627013],[-127.02431387808849,56.00010236283792],[-127.01253620738997,55.992589025987826],[-126.99058160366431,55.99381183977234],[-126.9766857595337,55.99113743700838],[-126.96903075527739,55.99355541490987],[-126.94219343103232,55.98102602362556],[-126.93168791933945,55.97975666186292],[-126.92713474504419,55.97488019165331],[-126.90105480918956,55.96408743972128],[-126.88900688240646,55.963569383957704],[-126.88099859950188,55.96565920149952],[-126.86734494461889,55.95970343396448],[-126.86689107399722,55.95386662909185],[-126.8748467868269,55.94956680877387],[-126.8806113093484,55.94000886087943],[-126.881012333727,55.93276140557305],[-126.90122178051661,55.93023211386956],[-126.91949710656091,55.92014593672698],[-126.91653247472806,55.91012448998004],[-126.90805759918382,55.90605799216612],[-126.9012145622983,55.900642331864944],[-126.90011330159649,55.896842156150626],[-126.88494534963807,55.89651970647935],[-126.88062836349982,55.89022429123809],[-126.86941895068838,55.863571321974604],[-126.86238657791746,55.85678133227502],[-126.86136307873238,55.85283372289337],[-126.8568675049492,55.848036355731566],[-126.84288242899719,55.83852708165937],[-126.84166691396798,55.832394318632055],[-126.83656171052442,55.82903684627524],[-126.82468743213073,55.827808584057095],[-126.82010752630872,55.82560072610275],[-126.78937447650141,55.80534049006099],[-126.7679951352335,55.80638570016015],[-126.758915856411,55.80236811501097],[-126.74582781711182,55.78962717066415],[-126.74389156280309,55.783152122649305],[-126.75083042462087,55.78118296577663],[-126.75380602643126,55.77689732483943],[-126.7451641894454,55.76456814703524],[-126.7494014978945,55.75881913744224],[-126.7450426380188,55.749889464693915],[-126.74539533392716,55.74690440956456],[-126.74926322503374,55.742502999714844],[-126.74700098688454,55.7401124244546],[-126.73584701358534,55.736593042840404],[-126.73242620816609,55.73347706162792],[-126.71977999247363,55.73089168322724],[-126.7128122734473,55.725137420859674],[-126.70517782458627,55.72512287289345],[-126.68295679012596,55.71800114304875],[-126.67672792720877,55.71157737985838],[-126.67411668782871,55.70615201270648],[-126.66839759572078,55.70220373968397],[-126.65681880666916,55.70926796860298],[-126.64446637965045,55.69984949392686],[-126.63208355712462,55.693493717237956],[-126.62479091480114,55.68263846907544],[-126.60920142042542,55.67495041023193],[-126.58485769692332,55.668291382584776],[-126.5648726152274,55.66026858498793],[-126.55015202820162,55.67034628892164],[-126.54200851190608,55.67256564258797],[-126.53538273856843,55.67199705075025],[-126.53035838523913,55.66917911687802],[-126.52746117816284,55.665065100828535],[-126.53012637621423,55.65535838608967],[-126.52169899699342,55.64888315232469],[-126.5044062445318,55.64629391371565],[-126.48090812404563,55.63788310344125],[-126.4761078011059,55.63385313107788],[-126.47726258772626,55.62977169134722],[-126.47473802219463,55.62553152479379],[-126.48124661489858,55.61848381333654],[-126.48763335420128,55.61601447924195],[-126.4802546033397,55.611452297296765],[-126.46703068555017,55.59953490771289],[-126.44179868615056,55.59371539630079],[-126.43258367043627,55.58694783300466],[-126.42193096547996,55.58634170496136],[-126.4169998961846,55.58406065629649],[-126.40024270186167,55.58100658982931],[-126.39630561661993,55.56790274328711],[-126.40098016963802,55.56007233237959],[-126.38756458655455,55.5458507526133],[-126.38727624437396,55.53863696126928],[-126.38353222369072,55.53406764027682],[-126.3858005389004,55.53203851557298],[-126.39468526607574,55.53276144364866],[-126.41111590410245,55.52775580535828],[-126.41113851401539,55.52084284578402],[-126.41328425281984,55.51696817654027],[-126.40755884437019,55.50399461911638],[-126.40723791648367,55.49837820584016],[-126.39303966211946,55.48192449940755],[-126.3657234461669,55.47690889952874],[-126.36109967853889,55.4740889034331],[-126.35820228992468,55.46905609971454],[-126.359335916706,55.45360243389772],[-126.35262193354538,55.44918153608851],[-126.34441210243922,55.44642748941679],[-126.33484322816597,55.4327833776282],[-126.33512468856863,55.42827647308234],[-126.34374745408407,55.419918684001736],[-126.34418302350925,55.416219708849404],[-126.34214545802777,55.41194985939482],[-126.33065997208185,55.40346623782079],[-126.32614268043334,55.39685374917526],[-126.32000419321355,55.395761385386685],[-126.31405440596959,55.39955752576409],[-126.31322693447413,55.404079231545076],[-126.30883136155839,55.405223232116654],[-126.30552921569411,55.40386933184187],[-126.30200794158708,55.39407814932296],[-126.29530907600626,55.392475083660706],[-126.28650469256192,55.39831141051168],[-126.28027293589739,55.398311322801796],[-126.2718326493553,55.39445956387278],[-126.27061742681995,55.3892013517443],[-126.25840307649968,55.378841794947824],[-126.25024504964402,55.375248866887354],[-126.23673550434391,55.37365691383582],[-126.23588818012732,55.36756558590457],[-126.25765272473578,55.35938608497521],[-126.26930759980714,55.3504383529929],[-126.26015133503675,55.34649868420834],[-126.21163151010438,55.31182895448741],[-126.18325701276066,55.29908573216699],[-126.16791191573792,55.28984137273465],[-126.13961438261776,55.26064900968694],[-126.12975936340949,55.233644994118336],[-126.11336502500055,55.21982403301844],[-126.0924254320786,55.20932215605604],[-126.05725118789672,55.17756429927683],[-126.036346329685,55.16881878622042],[-125.99922510870417,55.16703685890448],[-126.00365418639836,55.09560601515645],[-126.00070072874415,55.09416828746707],[-125.99857954416156,55.08936727553455],[-125.9952103073207,55.08633779962273],[-125.99737493635247,55.06573405268752],[-125.99408340749326,54.970674270920036],[-126.00005858481543,54.93372907778293],[-125.99906345359003,54.85432641875706],[-126.00316050484955,54.816649763817125],[-125.99953596609132,54.812016685769485],[-125.99303786736775,54.81053656619527],[-125.99098126454354,54.80861346777711],[-125.97544027396691,54.8054437780285],[-125.96847330438936,54.79599430088688],[-125.95647943614748,54.79355051731645],[-125.93326575580053,54.79506454797245],[-125.92696872575762,54.793138165581794],[-125.92201586185544,54.781874326307666],[-125.92544544613592,54.77818105181021],[-125.95826100255108,54.79130450356428],[-125.96886767016412,54.789165309215115],[-125.97082267469686,54.78619649707851],[-125.96450748872674,54.77838048584113],[-125.95837774553593,54.77390300386452],[-125.94368107648552,54.772278199940885],[-125.94268564858434,54.77067639944597],[-125.95487820480564,54.7667777499838],[-125.95668269293937,54.762138233986974],[-125.9562294000647,54.75129930133507],[-126.04317522304544,54.75720876486715],[-126.05219631849064,54.75450103496915],[-126.08170420215609,54.75011194773181],[-126.10716021521044,54.75015610476368],[-126.10723761800013,54.74871917520752],[-126.24989162166759,54.749015237677156],[-126.24966513267199,54.6946079701698],[-126.24397059947745,54.535255812781415],[-126.24524375355415,54.47586822246542],[-126.25004030713343,54.47599771789878],[-126.25190473264284,54.40987364341766],[-126.27943822996667,54.40975995752367],[-126.27990347818442,54.40578551161048],[-126.47280557502161,54.40492645463138],[-126.46247455922291,54.40155117222283],[-126.45423269427612,54.3949112807162],[-126.45485168914439,54.39110830354508],[-126.47410941046337,54.38780684354652],[-126.47793406284327,54.38320285618451],[-126.47786941617163,54.37793532110877],[-126.4851392312024,54.37414653705314],[-126.49491645982398,54.36229996883511],[-126.49439649958519,54.359071155930046],[-126.5021274927422,54.352279910950436],[-126.51289005891635,54.348722064348244],[-126.50984024488854,54.34618427447075],[-126.4992435394733,54.34512248969286],[-126.48860685738167,54.34163365792813],[-126.48506539506229,54.33600251539512],[-126.47735944408166,54.3321804849473],[-126.44355948916842,54.336504541854985],[-126.43817512675422,54.33992358692188],[-126.43465459276227,54.344868930627854],[-126.42600742552301,54.34624723321612],[-126.41315716734528,54.34272846356707],[-126.40789804386962,54.33736901085551],[-126.4025284472064,54.33523675776432],[-126.39261118121269,54.335382011808996],[-126.36074387099866,54.32231848252583],[-126.34299921679725,54.31884261813066],[-126.34066307663868,54.31412044185834],[-126.28459909327447,54.27244860340596],[-126.28402374853604,54.265736930924035],[-126.25983494031075,54.248718902718615],[-126.25944902675968,54.24526563638045],[-126.26201711012334,54.23917827039303],[-126.29459353477542,54.23910939189387],[-126.30039016237785,54.236086639579305],[-126.33736658044822,54.23816829923829],[-126.34878119775246,54.23481271723568],[-126.35802783291555,54.22861511325436],[-126.36372395118235,54.21759893569648],[-126.34601938115634,54.21115001156837],[-126.30579436233387,54.20196944897284],[-126.30179771700976,54.19569249385172],[-126.29518258081985,54.192344661741345],[-126.28739515836935,54.195118881787174],[-126.27920861519713,54.19466835209701],[-126.2760342365821,54.198004261403376],[-126.25782905567878,54.19226437347352],[-126.24531803830753,54.190710956705665],[-126.23365305969372,54.18309023745845],[-126.21862773272662,54.17682755737913],[-126.21461747594556,54.17139972948371],[-126.21586882635867,54.16710749058289],[-126.20982602404837,54.158549870741794],[-126.21194416785458,54.15310529836543],[-126.20745297037634,54.14559316232052],[-126.1805516091578,54.13938323078674],[-126.16948854968308,54.12711404082411],[-126.16986455919643,54.122424197437525],[-126.17555837015698,54.11750079672758],[-126.17208823325176,54.11489943788593],[-126.1927056785689,54.1050960130934],[-126.20991483193893,54.10667973270952],[-126.2133692043573,54.108011076293295],[-126.21958663988305,54.11431511653506],[-126.22347035458473,54.11464577513407],[-126.23059870010994,54.11255825743774],[-126.23148346687469,54.109272365025404],[-126.23970715315966,54.10212132800627],[-126.26103603406365,54.10733808215023],[-126.26989096907239,54.106335438075824],[-126.27258916383676,54.100067919662536],[-126.28601931160809,54.10297143381199],[-126.30675762369322,54.10328964958485],[-126.31601635537841,54.10128919571421],[-126.32517946587599,54.112924005119346],[-126.3260685693049,54.1219597628668],[-126.32893996871404,54.12859530205876],[-126.32688007913895,54.133148228491805],[-126.33960091110521,54.14182888577883],[-126.38034920354217,54.14614378064654],[-126.39974221892244,54.15211137056329],[-126.41877387745372,54.15351532608463],[-126.42022152387881,54.15669482121953],[-126.41789237396588,54.156314157494755],[-126.41898031929674,54.15910060471224],[-126.41749736986057,54.16317889204718],[-126.42511432381185,54.16587985684372],[-126.4345191472193,54.16644982856655],[-126.44508798662967,54.16428350237575],[-126.47739490786144,54.165804206478725],[-126.49021526528567,54.16442209690673],[-126.52872916025419,54.16848963042281],[-126.53409021164244,54.17162070362222],[-126.54988255349406,54.176478325231635],[-126.5806169420941,54.17971188455946],[-126.59610149548443,54.18425371139882],[-126.60994325386892,54.19991601852309],[-126.62000757680887,54.19707103267009],[-126.63877243572544,54.20340213606325],[-126.63721624447992,54.198453570107155],[-126.63879858070824,54.1531482669869],[-126.63564072984308,54.057611031422894],[-126.77044972785403,54.0567697691872],[-126.78020720654591,54.05108506827075],[-126.80004714139946,54.05517551110316],[-126.82402513189136,54.07237968453249],[-126.83022670903696,54.073979313371225],[-126.86596695827728,54.095838539405634],[-126.88450344982118,54.09879149277016],[-126.89266627126152,54.10356907197806],[-126.922097962474,54.10837143384723],[-126.93008994029964,54.10351283624412],[-126.92961244506421,54.096865895259306],[-126.93707869414303,54.094628826584696],[-126.94957646605064,54.07838090740815],[-126.9440255277,54.07162053497114],[-126.94492417114218,54.0653099669353],[-126.94972564083622,54.0570031174401],[-126.975825392733,54.05704499999978],[-126.98019888481141,54.06318334603968],[-126.99498862623976,54.06454886825446],[-127.00069358192724,54.06110556996107],[-127.00966174310321,54.064153666258456],[-127.01498606999439,54.05979006549419],[-127.03509839378243,54.06823612182368],[-127.04781561660425,54.06940368747205],[-127.05881000458129,54.06617137578068],[-127.06268774654804,54.073006963801106],[-127.07953423133334,54.078039117496374],[-127.08309096374704,54.070424923462184],[-127.0823550852848,54.0595123003404],[-127.0983505690273,54.05902429804603],[-127.10945957244255,54.055458114049834],[-127.1108221069303,54.05204399357681],[-127.10714976810272,54.034420636137504],[-127.09711964746303,54.02323579928738],[-127.10052389157761,54.012838221751686],[-127.10448330305124,54.00905425150468],[-127.1060252773752,54.00356137261022],[-127.11027502726914,54.00012925500837],[-127.11347933035574,53.99473978811287],[-127.12084020416728,53.99042189686091],[-127.1311332977501,53.98675004843616],[-127.13782305709134,53.993189272996005],[-127.14825254310581,53.99778261902633],[-127.15476761195386,54.00286702170669],[-127.15314619453295,54.00554101499314],[-127.15392535355738,54.01020098097711],[-127.15811773646706,54.01100510179184],[-127.15657009563137,54.01655945116119],[-127.15944386855462,54.018624213017645],[-127.1764095685628,54.01181947135756],[-127.18526678303296,54.0113332043482],[-127.19297870696728,54.012817279966235],[-127.19337508956771,54.00554641026094],[-127.20818848464428,54.00049244602201],[-127.21072230259396,53.99706350753732],[-127.22340811598225,53.99522227285485],[-127.23014164457813,53.99075179919424],[-127.23869202492816,53.98961316682291],[-127.24088947547853,53.98305422789996],[-127.24525252983865,53.97895158041007],[-127.25173937844988,53.978068732790376],[-127.25468758210866,53.97985862415298],[-127.26561010836096,53.97534493157986],[-127.26451500889206,53.96767881599425],[-127.25885316286994,53.96612794436871],[-127.26141152536688,53.95830892364083],[-127.27300007406517,53.95804713905813],[-127.27351802760538,53.94910027226789],[-127.27738066337464,53.943927160292],[-127.28247880428938,53.93129395898785],[-127.28021868882888,53.92393136713573],[-127.26848692403357,53.921235576004115],[-127.26592973480847,53.91579678547841],[-127.27225870329697,53.91296682051966],[-127.28044587135227,53.90507499289138],[-127.2819621761239,53.891257846875035],[-127.27201400266217,53.88422319118527],[-127.26566275873368,53.88180584160599],[-127.27020371293099,53.87688209787173],[-127.27018167942032,53.87063703262133],[-127.26735105226085,53.86192434618175],[-127.29359475609411,53.833622595862465],[-127.29892888646123,53.82056135807687],[-127.28972243274825,53.8059090334107],[-127.28289477777082,53.807019091012265],[-127.27634292317776,53.804777441455514],[-127.276722859302,53.79657504110316],[-127.28527584858328,53.78446173853345],[-127.28994933562998,53.773007361784394],[-127.28850072119204,53.764603343332844],[-127.29563507342891,53.755540578629656],[-127.31514938001934,53.759658701045744],[-127.3297487271041,53.75489186697809],[-127.3326456707136,53.747622157673554],[-127.32887288682906,53.73982320197853],[-127.33590498479276,53.73588614637998],[-127.3582659910345,53.74070284724442],[-127.37535106175724,53.747708791117404],[-127.3779379786654,53.753163267755625],[-127.38850654005016,53.751979551396786],[-127.41271486095515,53.764517718547815],[-127.41772866176773,53.77146323249301],[-127.42785385224506,53.77025207961579],[-127.43809082142067,53.758350423048974],[-127.45108776806407,53.75945873294103],[-127.47507493110186,53.76877778519066],[-127.48177158671328,53.767217646403914],[-127.50016170116746,53.75882202396692],[-127.51124420531531,53.75933515548874],[-127.53723896105276,53.735156813013866],[-127.5504031577408,53.73471243735708],[-127.57195318625024,53.73778878461227],[-127.57816287416773,53.73019988099803],[-127.58632189494536,53.725912073584496],[-127.643704689336,53.71455033654651],[-127.64965503484235,53.71060465508838],[-127.64948320811847,53.695726449537865],[-127.64172271762187,53.69040495745711],[-127.6382167298846,53.685112312552526],[-127.65077148654682,53.68003366993846],[-127.67183343559601,53.67799408591701],[-127.68818203364648,53.6804569796648],[-127.69414817632332,53.68288716578283],[-127.7053408050911,53.68149279508755],[-127.7169183332441,53.672520415691345],[-127.72564453801591,53.67178722723718],[-127.7348494531847,53.66575008830292],[-127.78589339045979,53.66185539574882],[-127.79453205343138,53.662551456052995],[-127.80789021836728,53.66103519297587],[-127.81412861159284,53.662338415914206],[-127.81235106469899,53.68127357038281],[-127.82753694556837,53.696703278508195],[-127.83637246452604,53.70042518775108],[-127.83184717457544,53.70525666875291],[-127.8255643051498,53.70473676018633],[-127.82101497804568,53.70748711484336],[-127.81685421601378,53.713485521746094],[-127.81597498577709,53.72007955926064],[-127.8201194924809,53.72765837464989],[-127.82745070754241,53.730382847549954],[-127.8425028295982,53.72836167158034],[-127.85166725814531,53.729086085835235],[-127.90107107366457,53.74507851024816],[-127.90112004209547,53.75211363743713],[-127.91124944686646,53.77181523617373],[-127.89922716534447,53.77789662799299],[-127.92386728956714,53.802854004768335],[-127.94441432450004,53.812886874189566],[-127.9366765960251,53.826206858856025],[-127.95193331299458,53.829931807942344],[-127.95847567186628,53.835997163169715],[-127.99813798451262,53.85635658679382],[-128.00614918426106,53.86376683119713],[-128.01271595580494,53.87504228145803],[-127.99936272548315,53.88053436893232],[-128.00166316729909,53.89128508513778],[-128.00023515005432,53.995002682012384],[-127.9918092832628,53.99335856868456],[-127.983877920288,53.99533206644174],[-127.97823537985761,53.994178600158726],[-127.94471350884265,54.005156162107795],[-127.94381393402242,54.00958543358309],[-127.93492030477708,54.02035934154082],[-127.92510420065265,54.02180486701266],[-127.90767955693941,54.02088998827359],[-127.9076751260235,54.02498221099011],[-127.90133476035291,54.024379613113055],[-127.89847113095828,54.02173107391298],[-127.89253995297604,54.02209098519254],[-127.88859861790846,54.03248920632474],[-127.88351813534611,54.0377356401741],[-127.86517352726959,54.045335658639864],[-127.86115372010956,54.04981136213244],[-127.86318829332843,54.05462704942065],[-127.85954785307062,54.062678010718365],[-127.85367876939584,54.06895823044926],[-127.85366846263848,54.073050934977296],[-127.84534362400133,54.077644202522286],[-127.84094382783904,54.08411751904886],[-127.82950102038578,54.088755606052935],[-127.82601765770659,54.10194658398984],[-127.80475527441183,54.11097979846998],[-127.74841816695556,54.11595107453059],[-127.73678781013332,54.121012868181026],[-127.72167945993665,54.124020589706454],[-127.7183715524104,54.12858950029365],[-127.71932129705402,54.134177414822574],[-127.72636072813141,54.13601971655138],[-127.72876327278836,54.13884103668039],[-127.724836035929,54.14401123078925],[-127.73987486388346,54.15328283755416],[-127.7387335323887,54.159276898882055],[-127.74542498035368,54.166078099716195],[-127.75790418413165,54.17295967909393],[-127.75993211892985,54.1777787792277],[-127.75761513380952,54.18532499746607],[-127.75042409788695,54.19393568031911],[-127.75000035912538,54.20412194811501],[-127.73898783416635,54.21154630190821],[-127.73163876742464,54.20943862142086],[-127.72648064032461,54.204660883477494],[-127.70558956386022,54.20645255132859],[-127.69816656617712,54.21662522641992],[-127.67780182381168,54.22155573274285],[-127.66598075828506,54.230006885861634],[-127.65516619126475,54.245877667997405],[-127.67285171837769,54.256419579476244],[-127.6748732479064,54.26124128010121],[-127.66553415338568,54.27731029759818],[-127.65953002193353,54.28175252495395],[-127.65319882410121,54.28000293141618],[-127.65222542477437,54.28852767665731],[-127.64483643843113,54.29050881894017],[-127.64121814812015,54.29481155539739],[-127.64396948367269,54.298251039257515],[-127.64115847430874,54.304482981770455],[-127.60941027010735,54.31097443163761],[-127.60374939357183,54.30748915098379],[-127.5938075849169,54.31300081613442],[-127.58958276405906,54.323828712903484],[-127.56851560693723,54.342325654863664],[-127.56512740485148,54.350987844737794],[-127.56800905005622,54.359573845325734],[-127.56204378866389,54.36584284688403],[-127.55485659897138,54.366252878063314],[-127.54870839889726,54.36999085072789],[-127.54878065349845,54.37478565134506],[-127.54588505778207,54.3791849969574],[-127.5365847366469,54.37999622551116],[-127.53231489387561,54.38341467047441],[-127.53557665061055,54.38704014123969],[-127.55339031171097,54.3923769009476],[-127.5538027610694,54.39630566215193],[-127.56179508177277,54.39782549058054],[-127.56142347921248,54.40575151885993],[-127.54810456275807,54.418791406492424],[-127.55239998578847,54.42278157623573],[-127.54716499658278,54.42914960060563],[-127.53951905994664,54.43268981929293],[-127.53775517056333,54.435189836652484],[-127.55464307568809,54.446439757590355],[-127.57544723898702,54.44920478420774],[-127.58042733311838,54.45146113740615],[-127.60569539359575,54.444787045410905],[-127.62140107586897,54.444588875679656],[-127.632683935498,54.44972710308314],[-127.64182501350933,54.45936528448651],[-127.65197450517849,54.45637738979449],[-127.69391079656405,54.46361428868778],[-127.71348461414667,54.4604944359191],[-127.73761621962316,54.444533546326156],[-127.75770679004177,54.443069536735734],[-127.77956905280274,54.46735864860286],[-127.77527259744784,54.48047578600026],[-127.76895384391561,54.48466614406302],[-127.76780017470894,54.49067116391717],[-127.77165969884433,54.49494823018098],[-127.21300905694021,54.49603225178247],[-126.76409131361329,54.49329184865815],[-126.7636592443973,54.49722040192634],[-126.72764069714214,54.49735080059499],[-126.7269673939367,54.50632894025584],[-126.62298644639664,54.507470798469846],[-126.62348530959466,54.5574903331708],[-126.62733332452322,54.62550427231695],[-126.6330299876777,54.637656050268085],[-126.64377834043236,54.639549483989214],[-126.66431819855822,54.648840061024984],[-126.67579147741355,54.65915659361241],[-126.68286656614981,54.66060749365],[-126.67986121822989,54.66747607968378],[-126.68353732009038,54.6722272079149],[-126.6849660137303,54.67870079591487],[-126.69473732659341,54.68082754713124],[-126.70295281267958,54.67953578110217],[-126.7324556428407,54.67040739350014],[-126.73432278996917,54.679055306413986],[-126.7318620105836,54.685271754767854],[-126.73852254693267,54.69034834370094],[-126.74911475167241,54.69270805493884],[-126.7495646245835,54.70511032630121],[-126.74538330690072,54.71133270730552],[-126.74338275792938,54.7194105787528],[-126.7549159902417,54.72581407071877],[-126.76971143620018,54.72801009679808],[-126.77586683320308,54.73362405685211],[-126.77270757850881,54.740483947294095],[-126.77170239891392,54.749644731479435],[-126.7566284499831,54.76102470011327],[-126.7484041652779,54.76048799941147],[-126.73943687709809,54.756448959198764],[-126.70732407580083,54.761180958360946],[-126.70737277800886,54.76457856579182],[-126.71224454659142,54.77143361090895],[-126.70581529110724,54.7737285577042],[-126.70059028760288,54.79394616427547],[-126.71243533171719,54.80348972751828],[-126.72467869628544,54.80501842227328],[-126.76104041427223,54.794724355833],[-126.77692427694686,54.79633960370561],[-126.79017641309137,54.8105329504321],[-126.81711754280667,54.81486945766793],[-126.82916172566384,54.82248366471603],[-126.82891745836378,54.82817929015212],[-126.82186429383849,54.83068239076335],[-126.84083242987485,54.83783083408994],[-126.8499581528511,54.84482990455782],[-126.85744004247124,54.84812227524953],[-126.8538894190114,54.85498561244993],[-126.83638995878263,54.860515834520314],[-126.83399748847391,54.862020441207086],[-126.83405798384779,54.86529303595909],[-126.83612853254863,54.86884353024034],[-126.8633696275094,54.872390062570496],[-126.86515558916994,54.878348418768425],[-126.85767024496323,54.88482857283377],[-126.85636048164326,54.89545521730765],[-126.86016287713447,54.90594014908504],[-126.86390071103654,54.90982411564342],[-126.85942644984645,54.92063223034821],[-126.8594009649066,54.92868538466753],[-126.86185381025368,54.937519679743595],[-126.87591780629958,54.946631446519724],[-126.89365435480585,54.955511493858694],[-126.91257865661545,54.975098565247244],[-126.91769045328077,54.98370881635802],[-126.93426429885582,54.99111717679966],[-126.93720119232859,55.00003509455428],[-126.9429632598914,55.00707016439498],[-126.91284691383134,55.025312278492095],[-126.9022379729127,55.025153002476316],[-126.89610979676343,55.03186380406345],[-126.87347360143416,55.03496788827747],[-126.8830784132631,55.04986303594736],[-126.88000136454345,55.059850004978095],[-126.85524443033512,55.06479161862838],[-126.84345387628562,55.07502182824312],[-126.83395578580144,55.076008060303664],[-126.81416381914529,55.07262745617407],[-126.77597628452524,55.07097333804988],[-126.76298256090317,55.0693975911676],[-126.73493584388036,55.06273516807012],[-126.7161548841633,55.064103486803404],[-126.7048099413268,55.07550393751874],[-126.68402727518063,55.08643778254079],[-126.64762450108888,55.100780285736924],[-126.64742831947994,55.11150145024423],[-126.6447000807432,55.12448512644556],[-126.6608328963116,55.12208292625238],[-126.6767241981633,55.1217297521456],[-126.68560258326805,55.12474645454567],[-126.73494363396476,55.160304657339815],[-126.7406182224221,55.17297359496978],[-126.74147366210144,55.17889294377689],[-126.73597999805433,55.194150670057404],[-126.73857364588741,55.203903579044756],[-126.74200259136637,55.207145854771355],[-126.75618074783416,55.211080101435535],[-126.76578957603084,55.22015690483236],[-126.78546461161484,55.22703501016398],[-126.8080509826302,55.229324942381766],[-126.83807556377005,55.22192840401239],[-126.84878523082276,55.231911099229116],[-126.8453350443342,55.24027901166146],[-126.87996966867055,55.268978700185436],[-126.90799911020947,55.26590314332168],[-126.92834010072308,55.26826031270927],[-126.95398516480174,55.2820172497297],[-126.95364617236777,55.28854471940033],[-126.90518230625996,55.29714641192755],[-126.88142150382404,55.30409572604837],[-126.86776942750274,55.302786263460085],[-126.86820535564769,55.31021755163742],[-126.87502860345066,55.31405493423228],[-126.87255693080073,55.334811587477716],[-126.87556078122394,55.34124423432055],[-126.87430560703801,55.34695964941906],[-126.87116982919838,55.352007959587],[-126.8533855108139,55.3608038611402],[-126.86745312608048,55.36490700359559],[-126.87933640572132,55.366245562690054],[-126.88264424142486,55.368611768888165],[-126.89135794567322,55.36951889423602],[-126.89216581894253,55.37099767529995],[-126.88936410684717,55.375270751969325],[-126.89293534366593,55.38096837987416],[-126.89605000300894,55.38151698405748],[-126.90580035510138,55.377403282962604],[-126.92177338776463,55.38143657384827],[-126.9242159908934,55.38504870464518],[-126.93740319318145,55.38614509140281],[-126.96108551716453,55.37837276218214],[-126.97341926766077,55.37838793980403],[-126.99117650292997,55.383217841978734],[-127.00848595449308,55.382456961466026],[-127.0318419003412,55.38586683335128],[-127.03797217157114,55.37770843127105],[-127.04663268842081,55.375502946678495],[-127.0633776005407,55.38306359445512],[-127.06070278808292,55.390260444175944],[-127.06300674169923,55.396054061936745],[-127.07203092290763,55.397590620767026],[-127.0897549397854,55.40532901089198],[-127.1726037794266,55.46259291692364],[-127.21843011880168,55.475066123701914],[-127.24052257839578,55.47552258721846],[-127.2469922176326,55.4725354354229],[-127.25723306150579,55.47392275682611],[-127.27848722603886,55.49487466196987],[-127.29301514780235,55.500107962200175],[-127.30016885496222,55.51211968166894],[-127.33356088946006,55.51620805066751],[-127.33535327580802,55.51443258029053],[-127.35614659171837,55.50950658602921],[-127.36953477569793,55.51109242418855],[-127.39503533829617,55.51090797988624],[-127.40179551007432,55.503150966176534],[-127.40343995806302,55.498517738736545],[-127.41558233836481,55.494005354227326],[-127.42901836032132,55.49453077182825],[-127.44890261182823,55.49973445940464],[-127.45840545480989,55.509293700548376],[-127.45941730724995,55.514537627448576],[-127.45657084321604,55.52012900089116],[-127.45875700998612,55.52424982905209],[-127.45895951828852,55.52912087869758],[-127.45409507630121,55.532842698341746],[-127.45770087191909,55.537563790323716],[-127.4690868013074,55.53990209511132],[-127.49488340866665,55.540950572765546],[-127.49491660912679,55.53964047467028],[-127.53336958887857,55.550025234351786],[-127.56884361287374,55.57793532590973],[-127.58062205303936,55.59286924439248],[-127.5908693716154,55.6015679185383],[-127.65279419979436,55.63849409759205],[-127.65754269456038,55.64941249345851],[-127.65696491680809,55.67392453206248],[-127.66409697494608,55.68544532503303],[-127.69060831306592,55.695643188350424],[-127.69458309662508,55.698128985410975],[-127.69341834358382,55.69917760979956],[-127.71332117040946,55.710818489685956],[-127.75737653501487,55.70815123292302],[-127.76785231147309,55.70492393072783],[-127.78538821756494,55.704999260932766],[-127.79802181444457,55.70991519020764],[-127.81134819998417,55.70796645120225],[-127.82662182669617,55.70819855898699],[-127.84369061603586,55.711104026793834],[-127.85366624924546,55.70839384339647],[-127.88201839451415,55.717083050948304],[-127.90244279484048,55.72004312996089],[-127.91507216375693,55.7170310101735],[-127.92535609533188,55.69958077022472],[-127.93678961698738,55.68762142794537],[-127.94915554007149,55.68611705688505],[-127.96294849504734,55.688450113695446],[-127.97630100088173,55.69981214773087],[-127.98318604136134,55.71696737905181],[-127.99615573171673,55.726692268094325],[-127.99475810194984,55.736947382267466],[-127.99875790655355,55.747307758940835],[-128.00444538884904,55.75208254465911],[-128.03159163570822,55.746555264001096],[-128.04267735315003,55.74895282475576],[-128.04932432537285,55.75415442469312],[-128.05560555071776,55.75663430515734],[-128.0717489360497,55.75957070253841],[-128.08775715925233,55.77018199380391],[-128.09530953674124,55.76933570136179],[-128.09951375905186,55.764474763904566],[-128.09457926648244,55.74968982985404],[-128.10474703345895,55.731860702594034],[-128.1151209213725,55.72140931064448],[-128.1468618182144,55.727729997822394],[-128.1801676066158,55.727738555277156],[-128.21385260692276,55.740850718111844],[-128.2299939295884,55.75872557170847],[-128.2406102030562,55.767968817607844],[-128.19323172744495,55.81040853893057],[-128.18948998295699,55.82238761670377],[-128.168877367812,55.829794112845896],[-128.14287328209784,55.84649297280031],[-128.15600151456937,55.863019521151685],[-128.18848149766342,55.8709159615675],[-128.19166345950424,55.878765793547814],[-128.18904392034628,55.910786906975616],[-128.22425607778445,55.932450878885795],[-128.2753730507601,55.936053142570685],[-128.3309356786104,55.914164087862304],[-128.38689938479794,55.91429943333283],[-128.45516605517207,55.92882058521403],[-128.4855503745764,55.94483758300084],[-128.4751879871533,55.96746378523241],[-128.43928065839265,56.002952486781766],[-128.24956843914694,56.00223536993129]],[[-126.15356674917166,54.81408538088956],[-126.13952923940107,54.815107262924535],[-126.13857721693267,54.81624377293287],[-126.14205534605976,54.818798869298895],[-126.15277013234301,54.818502577414286],[-126.15575990820888,54.82176956975504],[-126.1568304413027,54.81425259433621],[-126.15356674917166,54.81408538088956]],[[-126.50998194615993,55.06197118278664],[-126.50659466170454,55.06304358177562],[-126.50135216715944,55.06198673064741],[-126.50029360786286,55.0674168643345],[-126.49613216096499,55.06725304592159],[-126.49575802558326,55.07139706416889],[-126.50722926651864,55.072185749982275],[-126.50676779174447,55.075995375701396],[-126.519619947121,55.07736032021208],[-126.52215534598722,55.07041509919491],[-126.51502773310973,55.06244398820774],[-126.50998194615993,55.06197118278664]],[[-126.32498583519669,55.03934758991426],[-126.31703332172499,55.036285576938404],[-126.31187571976453,55.03852726993379],[-126.30565490446637,55.04508662569661],[-126.30433292711409,55.05422708915252],[-126.34172501143392,55.055736523168164],[-126.34361183555961,55.043675563243504],[-126.32498583519669,55.03934758991426]],[[-126.6300944152618,55.315734786824095],[-126.60960122562528,55.31606576987577],[-126.61190177363035,55.33064051798543],[-126.65839457987407,55.331313423876004],[-126.65904160258113,55.317600174832926],[-126.63023604193253,55.31686185690052],[-126.6300944152618,55.315734786824095]],[[-126.73844242414481,54.382509302571584],[-126.73919239268466,54.38055669314043],[-126.74962318558666,54.37587114535976],[-126.76064700533398,54.37342990114713],[-126.76078686956338,54.36665730280486],[-126.73753508840213,54.366815875100905],[-126.73811745438383,54.355756906292655],[-126.70314339360935,54.35625937758006],[-126.7040998031788,54.36718057077988],[-126.5939039510995,54.36782770913163],[-126.59381311638,54.38958271382364],[-126.57929629328238,54.38932367447359],[-126.57948400112798,54.44127788775334],[-126.58838910832354,54.439372295477014],[-126.58625788697029,54.43740690997526],[-126.59309220714569,54.43587589717368],[-126.59325638744546,54.432183486114766],[-126.63327368595954,54.43357702271517],[-126.63305277471397,54.42540106900305],[-126.65605314892433,54.42518591333337],[-126.65632808527647,54.41785004647012],[-126.68095555915723,54.418379768458166],[-126.68195098970926,54.42592697695537],[-126.71912401611529,54.426568500601356],[-126.71933242490329,54.42370754412794],[-126.72701704117884,54.423827614670564],[-126.72731830331122,54.42975506716946],[-126.75174528411799,54.42886030182796],[-126.75081645171242,54.420071072560255],[-126.74776002363465,54.418057601079504],[-126.74601942267438,54.41126610623493],[-126.74726498181306,54.40074939143389],[-126.74259477247911,54.398265295620206],[-126.74729138240806,54.39467370792953],[-126.74778119996265,54.39110250907093],[-126.73844242414481,54.382509302571584]],[[-126.26414157562864,54.96876697359054],[-126.26380262879788,54.950824516769664],[-126.24871542866032,54.93947944573324],[-126.22843894387857,54.92974222150193],[-126.20167938067864,54.90681957200985],[-126.22011883726442,54.90143867720105],[-126.24591450774379,54.90105617039953],[-126.24492711114318,54.88654132031493],[-126.22714163521277,54.88618758607016],[-126.2270678607116,54.874942952113734],[-126.18433319336367,54.875030842361],[-126.18591308247014,54.88146631717748],[-126.18474112608705,54.89207145842356],[-126.13730593923692,54.91490687987942],[-126.14282110013676,54.945233021734175],[-126.14798007617242,54.950518390098736],[-126.1552224105528,54.954068351509314],[-126.17534855282626,54.96885658379823],[-126.19388471609257,54.99571906317525],[-126.21583407906493,55.022627391488975],[-126.27722622899994,55.015465735273416],[-126.27491633484634,55.003068769700626],[-126.26521215759601,54.98363631432102],[-126.26414157562864,54.96876697359054]]]},"bbox":[-128.4855503745764,53.66103519297587,-125.92201586185544,56.002952486781766]},{"id":"5951801","type":"Feature","properties":{},"geometry":{"type":"Polygon","coordinates":[[[-125.07937850162344,54.60806486815928],[-125.05982809381587,54.608707903338164],[-125.05960243661832,54.60729946553213],[-125.06278273330135,54.60527707496167],[-125.06711710741658,54.60524007053632],[-125.06962962468467,54.60744327668427],[-125.07226361995481,54.606544671877415],[-125.07097984349046,54.60600917661417],[-125.07149461448893,54.60455357353621],[-125.07549274360963,54.603055262699044],[-125.07148154183898,54.60243146789091],[-125.07243233446889,54.59952186415469],[-125.06868634593214,54.60166248494546],[-125.06817302931529,54.59886666514689],[-125.06658063987136,54.60258816304794],[-125.05691391814521,54.60277906860614],[-125.05300971998908,54.60146233678976],[-125.05316753087614,54.59658140005899],[-125.07225857903093,54.59648828117496],[-125.07235597856216,54.593809939491734],[-125.0923230444325,54.59396551945151],[-125.09202302092811,54.59582354870999],[-125.07939691414379,54.5986444347769],[-125.07937850162344,54.60806486815928]]]},"bbox":[-125.0923230444325,54.593809939491734,-125.05300971998908,54.608707903338164]},{"id":"5951802","type":"Feature","properties":{},"geometry":{"type":"MultiPolygon","coordinates":[[[[-124.56690712215564,54.08811817700552],[-124.57276732515106,54.08582237250673],[-124.57568504344235,54.08394871457715],[-124.57546373218851,54.09206819248155],[-124.56353648529686,54.091863425259426],[-124.56690712215564,54.08811817700552]]],[[[-124.57735657703118,54.09346291272855],[-124.57805014884748,54.0832762178454],[-124.58900432887731,54.08381138405791],[-124.59069033405525,54.08193708157649],[-124.59062824794337,54.07830536318197],[-124.59558532432173,54.07765597948278],[-124.5985102421986,54.07541566788593],[-124.5985279514133,54.06868198162928],[-124.59320955105748,54.06386247983269],[-124.58972433501715,54.062954395204315],[-124.59978571363413,54.06243351902581],[-124.60500242512734,54.064391576800396],[-124.60847118609026,54.06298843345397],[-124.60560460051639,54.06273352150452],[-124.62028800947566,54.063260304006654],[-124.61336895442521,54.07658347365107],[-124.61367952045228,54.08108256183946],[-124.60189635567372,54.08450620619463],[-124.60227364101091,54.09361010754388],[-124.57735657703118,54.09346291272855]]]]},"bbox":[-124.62028800947566,54.06243351902581,-124.56353648529686,54.09361010754388]},{"id":"5951803","type":"Feature","properties":{},"geometry":{"type":"Polygon","coordinates":[[[-124.23898662063453,54.43902530122697],[-124.23104385897781,54.43881564201932],[-124.23103011077748,54.424517039678015],[-124.2674310853984,54.42489243806223],[-124.2650230439162,54.43033006831571],[-124.25862903545745,54.43242786416772],[-124.25964234553955,54.43482627865417],[-124.25711004253236,54.4395078892112],[-124.23898662063453,54.43902530122697]]]},"bbox":[-124.2674310853984,54.424517039678015,-124.23103011077748,54.4395078892112]},{"id":"5951804","type":"Feature","properties":{},"geometry":{"type":"Polygon","coordinates":[[[-124.38599811864947,54.41854515723339],[-124.3859916755203,54.41623181828349],[-124.40584997044068,54.41626796929143],[-124.40509367183348,54.42764929912812],[-124.39484720963942,54.42452357269831],[-124.38599811864947,54.41854515723339]]]},"bbox":[-124.40584997044068,54.41623181828349,-124.3859916755203,54.42764929912812]},{"id":"5951805","type":"Feature","properties":{},"geometry":{"type":"Polygon","coordinates":[[[-124.5231004888516,54.573575604639146],[-124.52331768307752,54.575897319223806],[-124.47212998661507,54.57622904942236],[-124.47284344025158,54.55787125732104],[-124.47652612502552,54.560639474665344],[-124.4839191211348,54.561501178339086],[-124.49310201841963,54.56565847348823],[-124.51529963671726,54.56981286193005],[-124.5245167379761,54.56979575948965],[-124.53891761978142,54.566431784859134],[-124.55521428514002,54.56830037588597],[-124.55651760135517,54.57523279815873],[-124.54565010055128,54.57009079129518],[-124.5231004888516,54.573575604639146]]]},"bbox":[-124.55651760135517,54.55787125732104,-124.47212998661507,54.57622904942236]},{"id":"5951806","type":"Feature","properties":{},"geometry":{"type":"Polygon","coordinates":[[[-124.77574054908425,54.06243827187055],[-124.7666337526475,54.06278007032334],[-124.76185554775152,54.066886064472286],[-124.7559960644077,54.067829808986474],[-124.75620664732236,54.04937158278493],[-124.77403434870888,54.04970962827602],[-124.77131034861364,54.05098047527793],[-124.77386483617816,54.05426756069036],[-124.78159934081795,54.05249411315511],[-124.78063574885836,54.056846269322044],[-124.78590406117857,54.05890477565435],[-124.77574054908425,54.06243827187055]]]},"bbox":[-124.78590406117857,54.04937158278493,-124.7559960644077,54.067829808986474]},{"id":"5951807","type":"Feature","properties":{},"geometry":{"type":"Polygon","coordinates":[[[-124.88922406001662,54.07023187007477],[-124.88915992885,54.064753913890875],[-124.89876135545808,54.06464006896827],[-124.90060483532729,54.06083597255495],[-124.89851951552589,54.056634570137824],[-124.89388853133555,54.05425337276443],[-124.8883613318504,54.05535566112259],[-124.88603715888885,54.05866557741989],[-124.88396882036228,54.058552967829804],[-124.88708492005942,54.05213127200123],[-124.89961819867236,54.04839852648135],[-124.88980858171452,54.04937134672627],[-124.890371500215,54.03437380533403],[-124.92655984374167,54.03430121005347],[-124.9284244840336,54.04070431265346],[-124.926052855596,54.069948134151026],[-124.88922406001662,54.07023187007477]]]},"bbox":[-124.9284244840336,54.03430121005347,-124.88396882036228,54.07023187007477]},{"id":"5951809","type":"Feature","properties":{},"geometry":{"type":"Polygon","coordinates":[[[-124.17518142669155,53.951724463338905],[-124.15590264145159,53.95500305649264],[-124.13898254215499,53.95432937182848],[-124.13638763177981,53.95924288565129],[-124.12116253618166,53.96374109033616],[-124.10674398005492,53.96219517079551],[-124.07030461548456,53.961906215805804],[-124.06986811143112,53.918192389184654],[-124.09335084926184,53.918637222616006],[-124.08878443978612,53.91925395645659],[-124.0892888258157,53.922251889135794],[-124.09378212137644,53.9240620856406],[-124.10897903055803,53.92232308437139],[-124.12003603286017,53.92409056328631],[-124.12549493996531,53.925989062213894],[-124.1226034243881,53.927787787264705],[-124.12352183970124,53.929099459110965],[-124.13702114714619,53.92588936738954],[-124.14274807518423,53.92236316560445],[-124.14290963038837,53.932262267694966],[-124.18217789233275,53.932745787179314],[-124.18187934670887,53.949205171018846],[-124.17518142669155,53.951724463338905]]]},"bbox":[-124.18217789233275,53.918192389184654,-124.06986811143112,53.96374109033616]},{"id":"5951810","type":"Feature","properties":{},"geometry":{"type":"Polygon","coordinates":[[[-124.73415753800042,54.6609506926548],[-124.70991394194321,54.66006846672338],[-124.70887154622794,54.653661399454556],[-124.68847302808878,54.65296730147703],[-124.68807907119675,54.648113038997494],[-124.6947453205798,54.64828062027861],[-124.70355310360426,54.6458747871533],[-124.70948086866736,54.6490622930003],[-124.74233488637005,54.650707811082796],[-124.74626601373309,54.65480725934458],[-124.74640191242014,54.65145403641549],[-124.75372604368418,54.64934472473185],[-124.75979999796942,54.649988609964446],[-124.77107765310345,54.66031931652132],[-124.78134910092236,54.663803955183035],[-124.78178153769207,54.676638119924256],[-124.73404956829829,54.6765010347573],[-124.73415753800042,54.6609506926548]]]},"bbox":[-124.78178153769207,54.6458747871533,-124.68807907119675,54.676638119924256]},{"id":"5951811","type":"Feature","properties":{},"geometry":{"type":"MultiPolygon","coordinates":[[[[-126.02149802424191,55.31314506218245],[-126.0183799540458,55.31339102334752],[-126.01810484904017,55.31219214391348],[-126.02124138952662,55.31168204609684],[-126.02149802424191,55.31314506218245]]],[[[-126.02201547989038,55.32458618745111],[-126.02111671712053,55.31723453263933],[-126.03408387233344,55.31637352535435],[-126.03583674024318,55.323579007246124],[-126.02201547989038,55.32458618745111]]]]},"bbox":[-126.03583674024318,55.31168204609684,-126.01810484904017,55.32458618745111]},{"id":"5951813","type":"Feature","properties":{},"geometry":{"type":"Polygon","coordinates":[[[-124.17280450811708,53.930158682093094],[-124.17299904376623,53.91617858963777],[-124.18271414101521,53.91584866353045],[-124.19171944786395,53.918762575778175],[-124.19831928566362,53.9165126839486],[-124.1978321647622,53.93040972512675],[-124.17280450811708,53.930158682093094]]]},"bbox":[-124.19831928566362,53.91584866353045,-124.17280450811708,53.93040972512675]},{"id":"5951814","type":"Feature","properties":{},"geometry":{"type":"Polygon","coordinates":[[[-125.15716143669361,54.88660768941255],[-125.1046525086813,54.888304170458916],[-125.10002201955162,54.87868767072668],[-125.11411644818962,54.87548668401529],[-125.11578081529296,54.87332757173031],[-125.11504492822786,54.868539385468694],[-125.11374902451449,54.868157677695926],[-125.11478773650232,54.86629767019422],[-125.1356165463299,54.87232346683294],[-125.14002703391085,54.87791778636561],[-125.14366413545287,54.879750660785625],[-125.14865033291521,54.87971658171618],[-125.15116712941877,54.87576147373952],[-125.1618684206471,54.87531997990326],[-125.16321493220406,54.877470578886175],[-125.15816665777687,54.87750617832498],[-125.15321943354449,54.87975216163811],[-125.1570854341308,54.88235278280176],[-125.16387332000927,54.88277196637234],[-125.1636870167862,54.88639888380747],[-125.15716143669361,54.88660768941255]]]},"bbox":[-125.16387332000927,54.86629767019422,-125.10002201955162,54.888304170458916]},{"id":"5951815","type":"Feature","properties":{},"geometry":{"type":"MultiPolygon","coordinates":[[[[-125.765649911286,54.234131199527326],[-125.76683579532906,54.23432854691573],[-125.76585346759377,54.23549387885609],[-125.76554179819553,54.23537247367218],[-125.765649911286,54.234131199527326]]],[[[-125.77186475561192,54.23509023529342],[-125.7626776113281,54.22660839593342],[-125.76317531316985,54.22373879769588],[-125.77293307030176,54.23053028246802],[-125.7727291330195,54.235706190646475],[-125.77186475561192,54.23509023529342]]],[[[-125.76335214927653,54.239899943764115],[-125.76494516377277,54.236200166872585],[-125.77236959414455,54.23665143723251],[-125.77204653295928,54.241228816566846],[-125.76319082668158,54.24168527650971],[-125.76335214927653,54.239899943764115]]]]},"bbox":[-125.77293307030176,54.22373879769588,-125.7626776113281,54.24168527650971]},{"id":"5951818","type":"Feature","properties":{},"geometry":{"type":"MultiPolygon","coordinates":[[[[-125.71833674997573,53.96304696606074],[-125.7211364336093,53.95920728815634],[-125.7165455419554,53.95490711423805],[-125.72319735958688,53.95423850653399],[-125.72028262000798,53.96547361182704],[-125.71833674997573,53.96304696606074]]],[[[-125.83611567021444,53.99597938814886],[-125.83609592217238,53.99436720600107],[-125.84894300737454,53.99476673920309],[-125.84893641474339,54.00105053279147],[-125.83631947613868,54.001047185132016],[-125.83611567021444,53.99597938814886]]],[[[-125.77971451375693,53.97384077279839],[-125.77944847040342,53.967798529961954],[-125.7929179784877,53.96763263421669],[-125.7924072931681,53.971572199664934],[-125.78860975577061,53.97075048177273],[-125.79128381723194,53.97477259269247],[-125.77983622881402,53.97516696705222],[-125.77971451375693,53.97384077279839]]],[[[-125.67955642983252,53.98415135247181],[-125.67959190602434,53.976674567201755],[-125.69217937315378,53.9767280233215],[-125.69228194856512,53.984081636951096],[-125.67955642983252,53.98415135247181]]],[[[-125.73044749074266,53.97067690349483],[-125.73042707590731,53.96902467593867],[-125.74316000772151,53.969359274125246],[-125.74355307622092,53.97689827189475],[-125.73058491849224,53.977272523072884],[-125.73044749074266,53.97067690349483]]],[[[-125.64749344031803,53.959019074027516],[-125.64742692687992,53.95211547723793],[-125.66909397879013,53.95195380204082],[-125.67008091854916,53.958789327243096],[-125.64749344031803,53.959019074027516]]],[[[-125.879020043197,53.97120779538909],[-125.87866551046142,53.95828758380963],[-125.8918613863442,53.95863140087313],[-125.89210242030948,53.97240439530845],[-125.88262806083713,53.972744101543974],[-125.879020043197,53.97120779538909]]],[[[-125.75271240088713,53.67816385747084],[-125.75242591987448,53.663500896140604],[-125.76462560407673,53.66338485921942],[-125.76517174947688,53.67800860449974],[-125.75271240088713,53.67816385747084]]],[[[-125.98761837088773,53.96608416333677],[-125.96294387870142,53.96590550223876],[-125.9631831080697,53.95429033559685],[-125.97342916347857,53.95438347242757],[-125.97549442114604,53.956220765413384],[-125.97321143205754,53.95818327608923],[-125.97553424192337,53.95933977082104],[-125.98764319260258,53.95875332897722],[-125.98761837088773,53.96608416333677]]],[[[-125.69352175560768,54.00053645910618],[-125.69313851945257,53.99330983601963],[-125.70627206754862,53.99309754711979],[-125.70653724305406,53.99999028763037],[-125.71806281578934,53.999794653879064],[-125.71851501734115,54.014643403811355],[-125.69988080820663,54.01481334582799],[-125.69899520063856,54.000777597424594],[-125.69352175560768,54.00053645910618]]]]},"bbox":[-125.98764319260258,53.66338485921942,-125.64742692687992,54.01481334582799]},{"id":"5951819","type":"Feature","properties":{},"geometry":{"type":"Polygon","coordinates":[[[-125.84894300737454,53.99476673920309],[-125.84878813498317,53.98753555287415],[-125.86077971834483,53.9875514933378],[-125.86085861551223,53.99474443414933],[-125.85794623084581,53.99202108136286],[-125.85432953248389,53.99467938690493],[-125.84894300737454,53.99476673920309]]]},"bbox":[-125.86085861551223,53.98753555287415,-125.84878813498317,53.99476673920309]},{"id":"5951820","type":"Feature","properties":{},"geometry":{"type":"Polygon","coordinates":[[[-125.89450142946798,54.33390287980585],[-125.88664868892428,54.33229698958359],[-125.88554168400745,54.33405218706847],[-125.87853221806975,54.33427465605338],[-125.87739270025583,54.327112931279316],[-125.88351416184454,54.326740098000855],[-125.88626675590864,54.330511744164795],[-125.89007504560442,54.330342490209844],[-125.88972213648108,54.328523272341045],[-125.89619481828572,54.332835775244575],[-125.90346025593203,54.330054264340134],[-125.90310604243857,54.33429023752547],[-125.89450142946798,54.33390287980585]]]},"bbox":[-125.90346025593203,54.326740098000855,-125.87739270025583,54.33429023752547]},{"id":"5951821","type":"Feature","properties":{},"geometry":{"type":"Polygon","coordinates":[[[-126.1327033551117,54.421529868952675],[-126.12798433796547,54.423737316567774],[-126.1274939076238,54.41634769417185],[-126.14114347680248,54.41648212267572],[-126.1413851687438,54.424908339214866],[-126.1327033551117,54.421529868952675]]]},"bbox":[-126.1413851687438,54.41634769417185,-126.1274939076238,54.424908339214866]},{"id":"5951822","type":"Feature","properties":{},"geometry":{"type":"Polygon","coordinates":[[[-125.96171604939279,54.01597767308087],[-125.95706032893595,54.016658478350195],[-125.95456953130792,54.01424728541334],[-125.94539832944187,54.01152418428962],[-125.93637014360172,54.01165347729829],[-125.93595783991749,54.00900682232251],[-125.9482366504755,54.00888765718743],[-125.94792705020063,54.00240504179035],[-125.96045355900338,54.00229280261046],[-125.96096158481883,54.013978514962574],[-125.96297508019335,54.013898944034],[-125.96171604939279,54.01597767308087]]]},"bbox":[-125.96297508019335,54.00229280261046,-125.93595783991749,54.016658478350195]},{"id":"5951823","type":"Feature","properties":{},"geometry":{"type":"Polygon","coordinates":[[[-125.87164413066968,53.99478046545895],[-125.88680564517458,53.994074137797206],[-125.88686417360564,54.00037535425125],[-125.87159455097118,54.00043154735809],[-125.87164413066968,53.99478046545895]]]},"bbox":[-125.88686417360564,53.994074137797206,-125.87159455097118,54.00043154735809]},{"id":"5951824","type":"Feature","properties":{},"geometry":{"type":"Polygon","coordinates":[[[-125.64742692687992,53.95211547723793],[-125.64907129097084,53.94494040115767],[-125.66166200292272,53.94495130104494],[-125.659899052513,53.95185746765901],[-125.64742692687992,53.95211547723793]]]},"bbox":[-125.66166200292272,53.94494040115767,-125.64742692687992,53.95211547723793]},{"id":"5951825","type":"Feature","properties":{},"geometry":{"type":"Polygon","coordinates":[[[-126.49132239621618,53.99051961597541],[-126.49051498120208,53.98229645801528],[-126.50295836393948,53.98322697792583],[-126.49819727933156,53.985015680729774],[-126.4972638074875,53.99052569603681],[-126.49132239621618,53.99051961597541]]]},"bbox":[-126.50295836393948,53.98229645801528,-126.49051498120208,53.99052569603681]},{"id":"5951826","type":"Feature","properties":{},"geometry":{"type":"Polygon","coordinates":[[[-125.6618833137002,53.93139072398941],[-125.67570884844064,53.9342978737577],[-125.6751274319606,53.93659418661812],[-125.66183079555599,53.93580443385981],[-125.6618833137002,53.93139072398941]]]},"bbox":[-125.67570884844064,53.93139072398941,-125.66183079555599,53.93659418661812]},{"id":"5951827","type":"Feature","properties":{},"geometry":{"type":"Polygon","coordinates":[[[-125.76000880329494,54.236473627278954],[-125.76494516377277,54.236200166872585],[-125.76319082668158,54.24168527650971],[-125.76003787439664,54.24170228212897],[-125.76000880329494,54.236473627278954]]]},"bbox":[-125.76494516377277,54.236200166872585,-125.76000880329494,54.24170228212897]},{"id":"5951828","type":"Feature","properties":{},"geometry":{"type":"Polygon","coordinates":[[[-126.61190177363035,55.33064051798543],[-126.60960122562528,55.31606576987577],[-126.6300944152618,55.315734786824095],[-126.63023604193253,55.31686185690052],[-126.62834151246282,55.31681304069183],[-126.62924230925326,55.327397272999065],[-126.6328305334478,55.33064491124285],[-126.61190177363035,55.33064051798543]]]},"bbox":[-126.6328305334478,55.315734786824095,-126.60960122562528,55.33064491124285]},{"id":"5951829","type":"Feature","properties":{},"geometry":{"type":"Polygon","coordinates":[[[-126.143506121225,54.81850828041837],[-126.1405206037233,54.818456935238586],[-126.13859396261829,54.8159831778696],[-126.1457098789493,54.81422320843238],[-126.1568304413027,54.81425259433621],[-126.15575990820888,54.82176956975504],[-126.15277013234301,54.818502577414286],[-126.143506121225,54.81850828041837]]]},"bbox":[-126.1568304413027,54.81422320843238,-126.13859396261829,54.82176956975504]},{"id":"5951830","type":"Feature","properties":{},"geometry":{"type":"Polygon","coordinates":[[[-127.00027562572649,54.74425989045451],[-127.02877425052728,54.7433596652677],[-127.02847673957409,54.7512740497656],[-127.00248806379437,54.74996234133292],[-127.00027562572649,54.74425989045451]]]},"bbox":[-127.02877425052728,54.7433596652677,-127.00027562572649,54.7512740497656]},{"id":"5951831","type":"Feature","properties":{},"geometry":{"type":"Polygon","coordinates":[[[-126.62853398832772,55.31844884003558],[-126.62834151246282,55.31681304069183],[-126.65904160258113,55.317600174832926],[-126.65839457987407,55.331313423876004],[-126.63345189732037,55.33145391727637],[-126.629658677933,55.328683099924355],[-126.62853398832772,55.31844884003558]]]},"bbox":[-126.65904160258113,55.31681304069183,-126.62834151246282,55.33145391727637]},{"id":"5951832","type":"Feature","properties":{},"geometry":{"type":"Polygon","coordinates":[[[-124.06782954215426,54.02113756462153],[-124.06744447902679,54.016516455750576],[-124.0803148621085,54.01667937495116],[-124.08059454184901,54.02709029591364],[-124.07789917256645,54.027169050203284],[-124.06782954215426,54.02113756462153]]]},"bbox":[-124.08059454184901,54.016516455750576,-124.06744447902679,54.027169050203284]},{"id":"5951833","type":"Feature","properties":{},"geometry":{"type":"Polygon","coordinates":[[[-126.48017161202615,53.985628246384884],[-126.47529733052922,53.982347762898335],[-126.49051498120208,53.98229645801528],[-126.49132239621618,53.99051961597541],[-126.48104475462108,53.99083617907734],[-126.48017161202615,53.985628246384884]]]},"bbox":[-126.49132239621618,53.98229645801528,-126.47529733052922,53.99083617907734]},{"id":"5951840","type":"Feature","properties":{},"geometry":{"type":"Polygon","coordinates":[[[-124.18925429066704,54.47144357567838],[-124.18917927238422,54.467788186859906],[-124.20201216796211,54.46770317632335],[-124.20218246497626,54.47510096867237],[-124.19169372288674,54.47514632997195],[-124.18792980644253,54.4719607756349],[-124.18925429066704,54.47144357567838]]]},"bbox":[-124.20218246497626,54.46770317632335,-124.18792980644253,54.47514632997195]},{"id":"5951844","type":"Feature","properties":{},"geometry":{"type":"Polygon","coordinates":[[[-125.7839798443076,54.22899095731351],[-125.78704793976253,54.22626787949592],[-125.78152430921448,54.22302175386721],[-125.78993691073538,54.22351988457212],[-125.78763000694845,54.23103905622792],[-125.78378938786824,54.23033476047641],[-125.7839798443076,54.22899095731351]]]},"bbox":[-125.78993691073538,54.22302175386721,-125.78152430921448,54.23103905622792]},{"id":"5951845","type":"Feature","properties":{},"geometry":{"type":"Polygon","coordinates":[[[-126.49575802558326,55.07139706416889],[-126.49613216096499,55.06725304592159],[-126.50029360786286,55.0674168643345],[-126.50135216715944,55.06198673064741],[-126.50659466170454,55.06304358177562],[-126.51414734112595,55.06199397102334],[-126.52215534598722,55.07041509919491],[-126.519619947121,55.07736032021208],[-126.50676779174447,55.075995375701396],[-126.50722926651864,55.072185749982275],[-126.49575802558326,55.07139706416889]]]},"bbox":[-126.52215534598722,55.06198673064741,-126.49575802558326,55.07736032021208]},{"id":"5951846","type":"Feature","properties":{},"geometry":{"type":"Polygon","coordinates":[[[-126.305640158946,55.0451884969271],[-126.31187571976453,55.03852726993379],[-126.31664232602027,55.03629558672566],[-126.34361183555961,55.043675563243504],[-126.34172501143392,55.055736523168164],[-126.30433292711409,55.05422708915252],[-126.305640158946,55.0451884969271]]]},"bbox":[-126.34361183555961,55.03629558672566,-126.30433292711409,55.055736523168164]},{"id":"5951847","type":"Feature","properties":{},"geometry":{"type":"Polygon","coordinates":[[[-125.64586556410013,54.490950255324705],[-125.64910339212999,54.490301405810136],[-125.64898072104539,54.492235224894635],[-125.64775725717423,54.49148191680362],[-125.64586556410013,54.490950255324705]]]},"bbox":[-125.64910339212999,54.490301405810136,-125.64586556410013,54.492235224894635]},{"id":"5951848","type":"Feature","properties":{},"geometry":{"type":"Polygon","coordinates":[[[-125.95697514552575,55.48155740709112],[-125.95778820171358,55.476882445337075],[-125.96090405309438,55.4772820754482],[-125.96263431800881,55.47902957827511],[-125.97604950158579,55.48114638867724],[-125.97809854293054,55.48194487840865],[-125.97782999529886,55.48327655775596],[-125.98310642949131,55.48390747919272],[-125.98363080426923,55.48816272473382],[-125.97621088330514,55.488337067780854],[-125.9744154792224,55.48469661330886],[-125.95646508105425,55.48448981839971],[-125.95697514552575,55.48155740709112]]]},"bbox":[-125.98363080426923,55.476882445337075,-125.95646508105425,55.488337067780854]},{"id":"5951849","type":"Feature","properties":{},"geometry":{"type":"Polygon","coordinates":[[[-124.26294240549407,54.45699461546158],[-124.26419392016854,54.449789203889104],[-124.27414348842784,54.45256675049284],[-124.27428864978815,54.45753592039046],[-124.26294240549407,54.45699461546158]]]},"bbox":[-124.27428864978815,54.449789203889104,-124.26294240549407,54.45753592039046]}],"bbox":[-128.4855503745764,52.99256360059057,-123.27774508307984,56.002952486781766]}