{"type":"FeatureCollection","features":[{"id":"5953007","type":"Feature","properties":{},"geometry":{"type":"Polygon","coordinates":[[[-119.25593608828906,52.84005539126316],[-119.25249689716792,52.83998941328146],[-119.25413549698388,52.83198123023072],[-119.245790086924,52.83248363116164],[-119.24435295889032,52.82450721775391],[-119.25149518702585,52.824789106104284],[-119.25201390484138,52.82282022940879],[-119.2582992885313,52.82279804644771],[-119.25831183387564,52.81834648013866],[-119.26679534080276,52.815326338848834],[-119.27914836165874,52.816285969292295],[-119.28284962299466,52.81875642249164],[-119.28289630793287,52.833891535681815],[-119.27620362359872,52.833599005466226],[-119.27001932913937,52.835347431536874],[-119.27086605334301,52.84636595496696],[-119.26481076053491,52.84651074381152],[-119.2639279807091,52.83970023320027],[-119.25593608828906,52.84005539126316]]]},"bbox":[-119.28289630793287,52.815326338848834,-119.24435295889032,52.84651074381152]},{"id":"5953012","type":"Feature","properties":{},"geometry":{"type":"Polygon","coordinates":[[[-120.1779028436234,53.3229531705708],[-120.16860741786745,53.31660826030111],[-120.15780240791138,53.31492206439556],[-120.15240662964032,53.30799466432693],[-120.14701913143884,53.30642983763226],[-120.14809293482575,53.303885484421286],[-120.1509542148609,53.30380586880176],[-120.15097447179744,53.29865145326387],[-120.15751163263239,53.29864678446987],[-120.15700536106593,53.29383351705273],[-120.15891724476987,53.29133938528233],[-120.1640021681953,53.28904327709843],[-120.16808684403428,53.29502632234417],[-120.17475372269212,53.29502840250933],[-120.17458018499953,53.30203978895149],[-120.17605102730099,53.30588190046613],[-120.18149285292543,53.305880990803196],[-120.180405395004,53.309400702931946],[-120.18410829240176,53.31572898866709],[-120.18275332679161,53.321323017195034],[-120.1779028436234,53.3229531705708]]]},"bbox":[-120.18410829240176,53.28904327709843,-120.14701913143884,53.3229531705708]},{"id":"5953019","type":"Feature","properties":{},"geometry":{"type":"Polygon","coordinates":[[[-120.9331046962039,53.894220699214515],[-120.92018212748685,53.89558812570415],[-120.92123697795027,53.913149771975874],[-120.8966825818394,53.91286442750215],[-120.87901818000479,53.92760472568308],[-120.86716613166377,53.93038073915575],[-120.85626753919414,53.928291055633345],[-120.79035890355999,53.881573537274114],[-120.76935970693614,53.892709443833965],[-120.76459610767056,53.896799201191705],[-120.76744174987861,53.899781815669634],[-120.75895927719631,53.90365455241969],[-120.7375504277503,53.90553916233593],[-120.72299962276497,53.90401827296593],[-120.720188128416,53.90104388857759],[-120.67968911366695,53.90093106837322],[-120.65544690793166,53.89202754581164],[-120.6255126309823,53.86979112584071],[-120.58300451900723,53.86285329737704],[-120.56788283713578,53.85116626066176],[-120.56160174488075,53.84013469002125],[-120.56385379349132,53.83344184358145],[-120.56906769052253,53.82867854288983],[-120.57141943475324,53.82244694487147],[-120.56739232922904,53.818207834449645],[-120.53430220029813,53.81592403740811],[-120.51327308577473,53.81148724826455],[-120.48673530615177,53.80266082566171],[-120.47012544994188,53.79515919957134],[-120.44713791016319,53.794377525686016],[-120.44001081639803,53.790370852200304],[-120.40643056777516,53.79113539014075],[-120.40193650845147,53.78866211085157],[-120.39838352456594,53.78192166751568],[-120.38705368740683,53.7774796512624],[-120.36930035776561,53.7766620236259],[-120.34434876855296,53.78327451159545],[-120.34072982333437,53.78560927299872],[-120.31733917571741,53.78361182109728],[-120.3040445911982,53.78420750410951],[-120.29499868594144,53.781882782466624],[-120.25740817855748,53.764010837742845],[-120.23173786613403,53.75710379481581],[-120.22126005199316,53.758441895245056],[-120.20979329842343,53.768453369918426],[-120.18110961102434,53.77689957995768],[-120.15051183472866,53.77302185028497],[-120.12702860243971,53.77730605660257],[-120.11627183650377,53.7806747325385],[-120.0970372591133,53.79230586487439],[-120.07390730554995,53.7905295515463],[-120.05965643863348,53.79194398044637],[-120.04181109222448,53.799500753904454],[-120.03708743667657,53.804650204109976],[-120.0085038026316,53.79535120560347],[-120.00300592827085,53.7967809852455],[-119.99999995119815,53.79948085334337],[-119.99998739223034,53.80623480745115],[-119.97744994793585,53.80537763743031],[-119.97128673287177,53.80161782796409],[-119.98304673789629,53.79715908619603],[-119.9591654835587,53.781063713556726],[-119.9423405195303,53.77586190114631],[-119.88823655538535,53.77948461775844],[-119.88557576073657,53.7752969307911],[-119.88576966484914,53.76845943676811],[-119.89262885966112,53.75746310662175],[-119.8874303978195,53.750019397362294],[-119.89566655191732,53.74491541520537],[-119.90212529858462,53.73842386659713],[-119.89754619468196,53.730654881422765],[-119.90081872555001,53.72301753785572],[-119.91315005363195,53.720409038885926],[-119.91567175194318,53.717283585101534],[-119.90798088650875,53.71060103584744],[-119.90335297375346,53.70984452447051],[-119.88949137047747,53.710522872043754],[-119.87038136739918,53.71479407288828],[-119.86087866601781,53.71530611741363],[-119.85417082718256,53.713552031121694],[-119.8443277949406,53.714739252818006],[-119.84195479000385,53.70804002742384],[-119.84511251924769,53.70245975539995],[-119.83955321420366,53.697400583982315],[-119.83434447115188,53.69714083791915],[-119.80500975827837,53.70659442032765],[-119.79738076016106,53.707772197243],[-119.7928784678854,53.70605870725851],[-119.78669668356285,53.70130973893367],[-119.78682656443794,53.699192978452444],[-119.7838046361367,53.69530786970416],[-119.77668014761723,53.690210020507685],[-119.77315978215832,53.685561570144586],[-119.77547134316413,53.6829444321916],[-119.77356299245892,53.67968267641892],[-119.7683970120554,53.674974939332046],[-119.76083165787502,53.67158943425685],[-119.75561708034361,53.6649207273527],[-119.73452921875716,53.66319085202498],[-119.73721403851134,53.63683200660933],[-119.72639794167655,53.628330696553924],[-119.71340854121955,53.61457992552217],[-119.7148458949294,53.61170340003431],[-119.7392164219472,53.602239767372524],[-119.74872565920174,53.59336587614389],[-119.75922651988026,53.590971822964065],[-119.77623786219304,53.59116291237965],[-119.7840209953344,53.59399034579451],[-119.7875213524266,53.59894678598963],[-119.7930638355807,53.60238475545788],[-119.80169159607655,53.60425714238568],[-119.8166627201298,53.60406520966712],[-119.82941415178874,53.60906653568714],[-119.85406621225047,53.60770663117103],[-119.87941046683274,53.61682955253921],[-119.89385711133986,53.61953029455212],[-119.90269758039398,53.620158761698775],[-119.92588993799242,53.614538590856625],[-119.93037889488086,53.61039968495854],[-119.92316647564004,53.60533637115801],[-119.91071278319677,53.601254616694305],[-119.90587409217044,53.59684159162319],[-119.90294013030918,53.590026742233064],[-119.89624311787775,53.58151329944573],[-119.89150100613743,53.577670834299575],[-119.87314449849922,53.571371138236664],[-119.8632896346672,53.5616355980658],[-119.86103145155852,53.55653464826495],[-119.86225650810161,53.54850858765036],[-119.90034337655162,53.53297191970439],[-119.8994770096284,53.519127807219704],[-119.88992502710123,53.5124863734653],[-119.8754447635122,53.50633898868931],[-119.87021586394042,53.49995864495713],[-119.85385753138115,53.49993203194653],[-119.85024473026427,53.50765294576535],[-119.84653123544263,53.511700426474285],[-119.83292219661172,53.519301521567435],[-119.8301578045444,53.514733825941924],[-119.81252348206189,53.49994954079249],[-119.80008943994247,53.50003904297247],[-119.78035083889549,53.49179683994468],[-119.77934946254652,53.48862822873538],[-119.79063326772567,53.479265907903084],[-119.7906431483809,53.4753690353322],[-119.78111111282026,53.466691218627986],[-119.77955784211588,53.46092424097816],[-119.77387008059769,53.45250559574497],[-119.77148981721459,53.445802906906145],[-119.7585205026911,53.440203177354874],[-119.75676255900946,53.437609001828974],[-119.75997185832995,53.43126045165813],[-119.7583674457006,53.42637126684718],[-119.7361644246935,53.4085125925892],[-119.73108437663069,53.40215134605049],[-119.72542262991975,53.388754320279006],[-119.70878612897441,53.38840766774925],[-119.69544782132348,53.39060992556386],[-119.67978368610876,53.38187338365495],[-119.68027040994298,53.378097496072954],[-119.67635755871207,53.371189326071445],[-119.66890020466573,53.36782819278653],[-119.63753573456167,53.369059537359824],[-119.62822393164224,53.36557538059978],[-119.62527071768116,53.36345538273014],[-119.62412827650233,53.359608247603134],[-119.61896633615514,53.36382541245707],[-119.59834073380632,53.36571569789195],[-119.59744858329913,53.36790801668017],[-119.60452763305274,53.383429808562425],[-119.5983828070042,53.383531047445906],[-119.5785194858573,53.37531790012334],[-119.54847957732308,53.367491448939774],[-119.53353018393297,53.365929766881436],[-119.51753424575229,53.370068463350776],[-119.5000313748359,53.366047944852085],[-119.50013084489852,53.36246867510817],[-119.48162472424602,53.36324728307017],[-119.46730742885438,53.358894636798844],[-119.4518930455225,53.356592411871326],[-119.43674489881018,53.3576260208899],[-119.41042511531623,53.36543553425733],[-119.40608481016062,53.36808929550393],[-119.39073809494498,53.36080165885449],[-119.355878521225,53.34010218071576],[-119.34691248807411,53.32632661782644],[-119.35598006424813,53.31232855777838],[-119.32964889672782,53.29661418445704],[-119.34049629285002,53.287080298371336],[-119.32522950460003,53.26960249668155],[-119.30042502573258,53.256245541442766],[-119.30143942016086,53.24982556394964],[-119.29135843076993,53.250032842688405],[-119.28800191699683,53.24006656230597],[-119.25146261953495,53.19896655612354],[-119.25318025325062,53.184833614787976],[-119.25711617303241,53.1766210603244],[-119.24280629579157,53.17858978711016],[-119.23271506715434,53.18176831468709],[-119.23313323421267,53.193528740728674],[-119.21903071597828,53.19404970270968],[-119.19605678294106,53.18553341213961],[-119.17560531256763,53.18463071320331],[-119.14601293086795,53.19118076900893],[-119.14146741723626,53.181747877515306],[-119.11952400630943,53.16176576471078],[-119.08849667216232,53.16553190996901],[-119.06861612119081,53.157536942159986],[-119.04688152761868,53.14490962506001],[-119.04797477094526,53.12682289670333],[-119.02456446272664,53.126711115208586],[-119.02508892337339,53.13457046697224],[-118.99986615649664,53.14858027243859],[-119.02877345833598,53.164192937318276],[-119.01983395925194,53.17019411373026],[-119.00853942561356,53.186124741434455],[-118.99941805272638,53.19276477072044],[-118.99939195888453,53.212729976571126],[-119.01829463779498,53.21942883471776],[-119.02618769995107,53.22636573029843],[-119.0238338336824,53.231949707830616],[-118.97518999643563,53.241656156378504],[-118.96529118223366,53.2368436078839],[-118.95578640347854,53.236467508047035],[-118.94744409712696,53.238935158807],[-118.92342292444626,53.22522130231194],[-118.91596082765861,53.211844916239606],[-118.90939370900333,53.20968043153339],[-118.8795959006025,53.20592767451156],[-118.8620695848737,53.190942959783456],[-118.84778722918358,53.185935511265306],[-118.8314917057057,53.18305190005672],[-118.82338581051415,53.172914893549354],[-118.8172962118631,53.171802687452036],[-118.8058093508217,53.16524644814149],[-118.79536713993984,53.163142277082706],[-118.78652165802814,53.15922418034282],[-118.77931339867887,53.15091729039157],[-118.7804715845672,53.14764472366052],[-118.78400328357402,53.14491300846488],[-118.77248808125985,53.133039272191326],[-118.7323409335008,53.11924941072491],[-118.7295226453922,53.11547621702869],[-118.73675969919147,53.106519062674565],[-118.7487686302912,53.09715645257769],[-118.74870402475216,53.08830021498703],[-118.75442589319917,53.082806783738285],[-118.76982708081522,53.07449218289874],[-118.75905843989507,53.06577606054133],[-118.77620337878697,53.04535065468807],[-118.75893961842188,53.038005084945695],[-118.75640873779044,53.04381794685575],[-118.74607944273286,53.05233562725424],[-118.72643661544134,53.06021832848791],[-118.71029248904814,53.05216794550414],[-118.7005488101074,53.044356983783636],[-118.69587563538627,53.03280997119819],[-118.68571180067312,53.03496747561177],[-118.67965914637774,53.04133337455468],[-118.66875993718224,53.04250480395474],[-118.65534778639723,53.03479723420098],[-118.64975935035598,53.025075831214075],[-118.652634266478,53.0183888377735],[-118.64077215980575,52.99933106986238],[-118.64897711554187,53.00026658906992],[-118.64932939692262,52.99150331783851],[-118.66976912581883,52.983415609903936],[-118.6711941070997,52.978301558947614],[-118.66106425140042,52.972570330642675],[-118.66020489447375,52.96393768178053],[-118.65133715699176,52.95550196648964],[-118.63853595906669,52.95187269470655],[-118.61342207147449,52.9360119642427],[-118.62095705639607,52.9162526068553],[-118.62034296010232,52.913661804959986],[-118.60666143998003,52.903971061894595],[-118.61425366036724,52.90014638335169],[-118.61382974924825,52.88372169443887],[-118.60814294332009,52.879550232086075],[-118.57544070804082,52.885241923832005],[-118.56955305298048,52.88889000850238],[-118.5619356059578,52.901213460693285],[-118.5437877454708,52.90845463406249],[-118.52941989187397,52.9003005554225],[-118.52223976544624,52.89821683771438],[-118.51102438577956,52.905214855756654],[-118.50014237138578,52.90638195162577],[-118.47685812849802,52.90096964163988],[-118.46930043497726,52.895619473357634],[-118.44827944990844,52.885286792958595],[-118.44940149879447,52.87907497922007],[-118.4559111291297,52.8722765291659],[-118.46120485843775,52.8693521072336],[-118.45843327962454,52.859589953102244],[-118.45252473128414,52.855379352666915],[-118.44446262499005,52.85222513059208],[-118.40316593613264,52.850763364595096],[-118.38892645022871,52.84885415633297],[-118.38698483591226,52.84712444604784],[-118.40231883632909,52.84253281501006],[-118.39962642986286,52.824460210710114],[-118.4129956859185,52.80598351429296],[-118.4224101296558,52.77578651253603],[-118.34282282836631,52.73855633439591],[-118.34329466549828,52.70888888210949],[-118.29014118596456,52.67769344214844],[-118.30103784538909,52.6540812296805],[-118.3544911187316,52.63368398130155],[-118.35250427307436,52.61064739902312],[-118.33360055464408,52.60619521920973],[-118.33256828979152,52.58017159831407],[-118.27278338353355,52.56595580809783],[-118.28914629662782,52.53849400497782],[-118.23552910256852,52.49017789433876],[-118.1933509329935,52.47782011685388],[-118.25533801840595,52.44953694858014],[-118.25129259398427,52.43979666710368],[-118.2427447283971,52.43253659066472],[-118.23979562664347,52.42701673133707],[-118.23992159183476,52.417646026253465],[-118.24444712164248,52.40802486609181],[-118.24078814757176,52.40294123047815],[-118.23390827692212,52.402925953708106],[-118.2208917728476,52.3975599008795],[-118.22033286488079,52.38510845552935],[-118.22601544503745,52.38028949098992],[-118.23994295789566,52.374868609351914],[-118.24522439689811,52.36581320531287],[-118.24798411093374,52.35712511744569],[-118.25420275586666,52.34797155322996],[-118.27297597869334,52.34607588792436],[-118.28975577087424,52.338950498405985],[-118.29490571791743,52.34221727701251],[-118.30307829388603,52.35262350091221],[-118.3046580702221,52.36073739361569],[-118.31710963359096,52.36777840974053],[-118.32990437797406,52.368640175568544],[-118.3536473348571,52.366054824656835],[-118.35907142195278,52.36285744253952],[-118.36678623887607,52.354754805884355],[-118.37402592611727,52.3505650126888],[-118.37994052347305,52.34997952325224],[-118.38611304589709,52.33939310448854],[-118.39524391828736,52.33484582756994],[-118.41139590527435,52.33754112895637],[-118.42596366558232,52.336128741541046],[-118.44035321652551,52.324667164455335],[-118.45640985476459,52.324784240821685],[-118.46618441552862,52.317811122147305],[-118.49312467431893,52.3124986335891],[-118.49359026667804,52.30789008739697],[-118.48916148057805,52.299127293918126],[-118.50156617675059,52.28167312411373],[-118.54079479019005,52.27293442102766],[-118.55178362619566,52.26841899454245],[-118.55844776994265,52.26411908453517],[-118.5635216087972,52.25838177765635],[-118.562754497899,52.25401104085226],[-118.55492291136024,52.23995063330402],[-118.55577293178996,52.233004263058504],[-118.5588108160566,52.22948398501611],[-118.56925734479553,52.22452984875118],[-118.57732602566195,52.20031669708763],[-118.58241469667699,52.19300160406854],[-118.60792678558519,52.18876587461077],[-118.6286300397048,52.18269166742258],[-118.64008122256355,52.16955216649756],[-118.64901817674186,52.166535008416105],[-118.6663076842602,52.16410873913532],[-118.67345775912365,52.15304722112516],[-118.6762895977677,52.15146311169055],[-118.68384553930076,52.151602499521154],[-118.68685312121856,52.153320350630736],[-118.69414618229864,52.16666120301733],[-118.71606235217175,52.16134426074805],[-118.72424388226221,52.1616264692139],[-118.72989535036676,52.165193910093734],[-118.73349853320268,52.176433114097705],[-118.75197844828773,52.18515182878854],[-118.76897523347272,52.18039301416517],[-118.79283141689142,52.176437279331964],[-118.8032041984115,52.177222575384015],[-118.82862665916983,52.20101663738642],[-118.84384504983622,52.205192835871316],[-118.84957662470228,52.20947404993249],[-118.8512046880524,52.21529432252054],[-118.84765235399998,52.21760661622475],[-118.8386411286908,52.218743207996305],[-118.83290281860766,52.22165480010158],[-118.83367109146712,52.22704590006865],[-118.83783728022922,52.23216405740309],[-118.87561785186504,52.238757793894706],[-118.88393749184017,52.23635246693985],[-118.89778392035926,52.23588789800136],[-118.9001820945003,52.238338439259905],[-118.89073208541632,52.24567957290208],[-118.88212374809913,52.264089558471916],[-118.85217705564894,52.2758818256568],[-118.84707883634108,52.27903701565098],[-118.84538224647098,52.28473380845996],[-118.83818798979475,52.288602828626544],[-118.82402928427545,52.29131709181619],[-118.81337271311632,52.29908934429563],[-118.80069952842553,52.3035315861996],[-118.78802059778072,52.30529402719483],[-118.78649116942009,52.30826197803457],[-118.79214274474434,52.317419623906716],[-118.8415447918438,52.33485871550581],[-118.85514626140959,52.34141755918728],[-118.86844898745076,52.344305225782236],[-118.90937638315725,52.34543836175746],[-118.92637720347446,52.35359799970308],[-118.92587798783613,52.35883328579683],[-118.93209815422078,52.36810634000713],[-118.93510016950717,52.37599247156334],[-118.94793457593325,52.39121269142737],[-118.9263171732828,52.404319362891165],[-118.93167045906804,52.41034796868913],[-118.92162942186039,52.42211958827097],[-118.92575981312186,52.429529419343375],[-118.94169566736687,52.43970817913028],[-118.93579468173515,52.45207927578684],[-118.93091296178365,52.45326395649297],[-118.9242637661803,52.46315671759092],[-118.88853937066658,52.4727035475653],[-118.88632215463447,52.47415478309002],[-118.88505170372399,52.478362933114695],[-118.88760655105487,52.48587487206904],[-118.90732901698426,52.502063384899756],[-118.9081731662588,52.50652690569013],[-118.9029354348484,52.51870954831962],[-118.905268200562,52.52628493634123],[-118.90934763645306,52.53102983880085],[-118.93188428942564,52.54577667793889],[-118.93636274961818,52.55141879323802],[-118.93708762483983,52.55423888590471],[-118.93548914089067,52.55652644525006],[-118.92849616895406,52.56080790679613],[-118.92683385418226,52.564119559774724],[-118.92755699095048,52.56878594176055],[-118.94173926858927,52.5719176493914],[-118.94892228329454,52.5774851159157],[-118.96414979588108,52.57831264339938],[-118.98818724958261,52.58761191693568],[-118.99329993377489,52.590394312610144],[-119.00004035794322,52.59977772210367],[-119.0043438097238,52.60110533628717],[-119.01205622253102,52.59997860818872],[-119.01463420664793,52.59825794070119],[-119.01578031554942,52.59424797064977],[-119.01821211835896,52.593071178988524],[-119.03363497399535,52.59450823837726],[-119.0377942946902,52.59637831780628],[-119.04052285098614,52.59965262543657],[-119.04123269954019,52.610540596852964],[-119.05447405461939,52.62820192787612],[-119.05608806657176,52.633297831122285],[-119.15506660800318,52.63379157722715],[-119.19256750049793,52.63689036877973],[-119.21513301495712,52.63357886928503],[-119.22072090948973,52.63131577407201],[-119.2429014344133,52.63416277085757],[-119.26210232836156,52.63333817137235],[-119.26936658550908,52.63090314649318],[-119.36440142073194,52.632509379158314],[-119.36434179569856,52.64200491013748],[-119.36185651058453,52.65334690418658],[-119.36565077549373,52.656167149239685],[-119.39810418196487,52.64864330896011],[-119.41043027365119,52.647393960711945],[-119.42250391545814,52.6399934226349],[-119.43171800948699,52.63792659134663],[-119.44258646238471,52.63876380251503],[-119.45864050083433,52.64860701826627],[-119.46491103212958,52.649211971726174],[-119.48244822497311,52.64027346144261],[-119.50006296611159,52.63652246461148],[-119.50594490101726,52.63117759086433],[-119.51018691170424,52.62948486963584],[-119.52376497494771,52.62770064801626],[-119.53111839025331,52.63154157640885],[-119.53625453895208,52.64446138238065],[-119.54444735888295,52.657024859731045],[-119.54440762394405,52.66278709637247],[-119.57795469356918,52.64799119142854],[-119.58229149008937,52.65657353081686],[-119.60353737091538,52.67204172753784],[-119.61298890360342,52.682222003079715],[-119.61606006956518,52.68913509584323],[-119.61661095586645,52.70471906194323],[-119.61790382187115,52.706044994366295],[-119.63602573587649,52.701704750729085],[-119.66802683822604,52.69933251233022],[-119.67748339286823,52.69561343402358],[-119.70800343902349,52.678172056533334],[-119.71423688838308,52.67719014374938],[-119.73304406296957,52.681267465461666],[-119.74691135320974,52.68097720595449],[-119.75202805764354,52.67933762867447],[-119.7557548065372,52.67587889203796],[-119.76832698763099,52.660291390807004],[-119.81247773096494,52.672389314913325],[-119.81735675677001,52.674411875022116],[-119.82496695916456,52.68168849018806],[-119.8436614021298,52.690416640126436],[-119.85911271964731,52.689795263007326],[-119.86617057456048,52.68391229729578],[-119.86642835950684,52.680393589715784],[-119.87217045487887,52.684381702916795],[-119.89035166081545,52.70669086243893],[-119.90677600826524,52.70848758535525],[-119.90955364814558,52.71499061682458],[-119.92030191079726,52.71919711991591],[-119.95115890136431,52.71008095241705],[-119.9583018405762,52.71659484538815],[-119.96430962938311,52.725125142712436],[-119.96735643729555,52.733388032679144],[-119.96988353487926,52.73545973166722],[-120.00251185822486,52.744752122482815],[-120.0223462414812,52.755282858334866],[-120.02474603516167,52.7575777294294],[-120.0270439603736,52.76643308693427],[-120.03913966874586,52.789824084954816],[-120.06175373989772,52.810941041716795],[-120.05738216478453,52.819111531505186],[-120.0593547801552,52.82321060298129],[-120.0771565341711,52.82557005685261],[-120.08986693225543,52.83554102575931],[-120.11148133796141,52.8431421248579],[-120.11296409393132,52.85877788904386],[-120.11560234610407,52.861753055264025],[-120.14259684289775,52.87676733434331],[-120.14658695411791,52.884603669615444],[-120.1619519356023,52.89301630908473],[-120.16586750782346,52.89850995539702],[-120.16691130688953,52.91419501841653],[-120.15912525602265,52.92134381503284],[-120.16390895087281,52.92392407186495],[-120.1703697298063,52.92495357945814],[-120.1759204728705,52.922433420888],[-120.18048895458257,52.9223323768507],[-120.18784202554731,52.924017457311926],[-120.20128670941132,52.93251321064502],[-120.20832972955232,52.93283907544779],[-120.2156616191371,52.92812166814442],[-120.2172754829532,52.92223384862872],[-120.2271296233907,52.91831506925523],[-120.248094303957,52.921119999499815],[-120.26935085457703,52.92886662517274],[-120.27548665213557,52.925682408119286],[-120.28578497855497,52.923417849402774],[-120.29393473908463,52.92373062037117],[-120.3008384658918,52.92119882753725],[-120.31707738120942,52.9244409715466],[-120.32703413036946,52.92477905688861],[-120.33843793815264,52.92738895992837],[-120.3415232159311,52.93306042839593],[-120.35309512082215,52.94030662909092],[-120.35874782968817,52.94589579639796],[-120.36440896971857,52.95500539839226],[-120.37676277450535,52.96476641079297],[-120.3854003922363,52.9663247314693],[-120.41123841269908,52.96430154868521],[-120.42699513031891,52.968603600734475],[-120.44110188635626,52.97859447840575],[-120.45129888869414,52.99065525938674],[-120.48841889813973,53.054554001217426],[-120.4742383675038,53.0655436258891],[-120.42528755687376,53.06784119952479],[-120.4216299258714,53.07171144699471],[-120.41704154464915,53.082303900324696],[-120.41504995582987,53.09180848289741],[-120.4170661948342,53.100242102304385],[-120.42268344486577,53.10657048332844],[-120.45614268365644,53.118449063850775],[-120.46113657289858,53.12177571447263],[-120.4625971657395,53.12471265311428],[-120.46280467582879,53.13852399511248],[-120.46671840420396,53.14909640803055],[-120.47061188610814,53.15341230132336],[-120.52517305203156,53.17078064408984],[-120.57540252137959,53.192598484707894],[-120.59846123213812,53.18859786808978],[-120.62716310069919,53.213961404456974],[-120.69431895858895,53.25641133496286],[-120.70899136071874,53.26383136913385],[-120.7150090968036,53.264522813289425],[-120.76740506003759,53.25554911859828],[-120.78748103708678,53.25664432553985],[-120.7954501630539,53.261391050217384],[-120.79993988310248,53.26688576504301],[-120.81116310349775,53.28784507777484],[-120.83338148154529,53.282724554694084],[-120.85298043451768,53.281639076811864],[-120.86757114270542,53.28583312646893],[-120.88537365508664,53.29810104586966],[-120.92281198000263,53.307069782892476],[-120.92702906145809,53.30665411081115],[-120.93754276616727,53.300581966297216],[-120.93890007455195,53.29501420722309],[-120.93810077285843,53.286815308466174],[-120.94144266781677,53.28311408680247],[-120.96253756706435,53.27884199615183],[-120.97205465195624,53.27877901160304],[-120.97606203872026,53.28088030436817],[-120.97731878531273,53.284066777060886],[-120.97534812020409,53.30435803659258],[-120.98022094412232,53.31359322054318],[-121.00228794000381,53.325422300628716],[-121.01819301301921,53.329766191891956],[-120.99827799540388,53.38303612963695],[-120.99787160604768,53.389180602971074],[-121.00470092231352,53.41187297150962],[-121.00986840362383,53.441266500956566],[-121.02642901069926,53.45233685503706],[-121.02364846486223,53.461755633886426],[-121.01492431273654,53.47123703398832],[-121.01798892428732,53.47579168552116],[-121.01313359214653,53.48015149283339],[-121.01838055369514,53.49969836318351],[-121.0150048363126,53.511389259031986],[-121.00982585205884,53.51920080249819],[-121.04394595339942,53.53350916755048],[-121.10733408729672,53.51576796644815],[-121.11451658014309,53.520579433765924],[-121.11999970533128,53.53524025738381],[-121.1804504502608,53.563199559627165],[-121.2121770784082,53.56771449188156],[-121.20706545901284,53.58449880338731],[-121.1956860529117,53.59038786590701],[-121.18783443805391,53.59965751898107],[-121.17002024386109,53.63649108550391],[-121.1503540644533,53.645777048012285],[-121.14480474656781,53.65236902627057],[-121.13766060072915,53.687493575127604],[-121.11783082683887,53.70004566688592],[-121.11339986203525,53.707144251780576],[-121.11325320760064,53.71383809775398],[-121.13008236010491,53.72566074123442],[-121.13233756129999,53.76695279329521],[-121.12420571795217,53.768373105855275],[-121.11422091465576,53.77336640410939],[-121.10701740911792,53.780352187874925],[-121.1039437258951,53.7871770058584],[-121.09603032503693,53.7884524868806],[-121.10380999442029,53.84696868011538],[-121.11256873877848,54.00075587487306],[-121.08553613486683,53.99740591029431],[-121.05943179605175,53.990165995765544],[-121.02868684950272,53.977688172973764],[-121.00686039121896,53.962870928266994],[-120.9964542191059,53.95239383509339],[-120.99260976967771,53.945113864121545],[-120.99411980862173,53.937919261345826],[-121.00943267165854,53.9192705052242],[-121.01167684872676,53.9102951110196],[-121.00670312520991,53.904992577294095],[-121.00047467740252,53.903180324825406],[-120.9695549896262,53.90603039239662],[-120.95420105318972,53.90258225497304],[-120.9331046962039,53.894220699214515]],[[-120.17874561256487,53.323304923279565],[-120.18275332679161,53.321323017195034],[-120.18410829240176,53.31572898866709],[-120.180405395004,53.309400702931946],[-120.18149285292543,53.305880990803196],[-120.17605102730099,53.30588190046613],[-120.17458018499953,53.30203978895149],[-120.17475372269212,53.29502840250933],[-120.16808684403428,53.29502632234417],[-120.1640021681953,53.28904327709843],[-120.15891724476987,53.29133938528233],[-120.15700536106593,53.29383351705273],[-120.15751163263239,53.29864678446987],[-120.15097447179744,53.29865145326387],[-120.1509542148609,53.30380586880176],[-120.14809293482575,53.303885484421286],[-120.14701913143884,53.30642983763226],[-120.15240662964032,53.30799466432693],[-120.15780240791138,53.31492206439556],[-120.16860741786745,53.31660826030111],[-120.17874561256487,53.323304923279565]],[[-119.2703956587779,52.839149724508495],[-119.27001932913937,52.835347431536874],[-119.27620362359872,52.833599005466226],[-119.28289630793287,52.833891535681815],[-119.28284962299466,52.81875642249164],[-119.27914836165874,52.816285969292295],[-119.2650212985209,52.815633931695864],[-119.25831183387564,52.81834648013866],[-119.2582992885313,52.82279804644771],[-119.25201390484138,52.82282022940879],[-119.25149518702585,52.824789106104284],[-119.24435295889032,52.82450721775391],[-119.245790086924,52.83248363116164],[-119.25413549698388,52.83198123023072],[-119.25249689716792,52.83998941328146],[-119.2639279807091,52.83970023320027],[-119.26481076053491,52.84651074381152],[-119.27086605334301,52.84636595496696],[-119.2703956587779,52.839149724508495]]]},"bbox":[-121.2121770784082,52.15146311169055,-118.1933509329935,54.00075587487306]},{"id":"5953023","type":"Feature","properties":{},"geometry":{"type":"Polygon","coordinates":[[[-122.7270443050505,54.022212686132505],[-122.72715327727512,54.0123063036708],[-122.64360712069245,54.01213325585045],[-122.64377601800227,54.00550238432886],[-122.62456422797823,54.006265198495875],[-122.63060261268902,54.00184880620674],[-122.67955529653968,53.99617768986528],[-122.68379070458727,53.99253941032541],[-122.68542151324114,53.986208700153355],[-122.67984879599237,53.982710893166264],[-122.67489630353586,53.97593419631681],[-122.66935888683761,53.973863802192845],[-122.65581210796775,53.97470619929923],[-122.6524523068864,53.974006508724436],[-122.6497059950209,53.9712218033671],[-122.6501373132381,53.967484702980194],[-122.65569918535185,53.96216681040828],[-122.66854600695221,53.960671810479745],[-122.7041337950909,53.964610303634366],[-122.70804200345972,53.96250530755391],[-122.70866402424045,53.96025520162143],[-122.70453939398176,53.95729021269676],[-122.69059499204731,53.95381169772238],[-122.69048468531024,53.949489807018324],[-122.69317571409955,53.94460779380224],[-122.68747658807415,53.929782014759944],[-122.68404277494531,53.928926197860996],[-122.66966838533162,53.929824391658215],[-122.66869654826472,53.931842780596156],[-122.65012588137864,53.93189798300219],[-122.65035133998717,53.92780945741183],[-122.64194358870185,53.92791394658584],[-122.64117328127064,53.92217072480046],[-122.63853471645022,53.92227829298002],[-122.63845119528767,53.92005084993559],[-122.61696884296836,53.92011703578283],[-122.61628538597068,53.913025334098734],[-122.60403464890817,53.91320286306521],[-122.6050870914408,53.891299440282225],[-122.62907569307471,53.89125682849871],[-122.6276583073639,53.87657189323381],[-122.667746708134,53.87650612990221],[-122.66649424732414,53.879667492566185],[-122.70600872544783,53.880045946068996],[-122.7057979407098,53.84204814378569],[-122.71817431949258,53.84176550943984],[-122.71829505113826,53.82706019304537],[-122.71438819836435,53.8224553795915],[-122.71950780834679,53.82151025180102],[-122.72262619322771,53.81810421133216],[-122.71940969142649,53.81289413005286],[-122.73352432997643,53.81294071317355],[-122.73132630404008,53.81635758990593],[-122.73955008009237,53.81668804384239],[-122.74795661087556,53.816292163477556],[-122.74971089912387,53.81374057788618],[-122.80394500890164,53.81598470744804],[-122.88149539331714,53.8158835364087],[-122.88145912818203,53.82078782192936],[-122.88336434315845,53.82097990755829],[-122.88152264081333,53.8214045293761],[-122.88193705081854,53.85192476368343],[-122.89674156632235,53.85253530931829],[-122.89777369066422,53.87412812806506],[-122.89116827496694,53.874262182428666],[-122.89003016653001,53.9032920417333],[-122.89202139327247,53.92673549288168],[-122.89111760746748,53.95232410215842],[-122.89213269306525,53.96377355235897],[-122.89510498438263,53.96358707546407],[-122.89431538691967,53.971712104108626],[-122.89549970001403,53.97681678731587],[-122.90050876605795,53.9780858226046],[-122.90050971644894,53.9811875894499],[-122.850216451119,53.98118371628984],[-122.85042170474186,54.003117388555616],[-122.8488857479182,54.01062999954554],[-122.85123078713819,54.03967207757308],[-122.84328419733312,54.04082026432364],[-122.84321807692285,54.03908203069298],[-122.72720366095172,54.03939731134787],[-122.7270443050505,54.022212686132505]]]},"bbox":[-122.90050971644894,53.81289413005286,-122.60403464890817,54.04082026432364]},{"id":"5953033","type":"Feature","properties":{},"geometry":{"type":"Polygon","coordinates":[[[-123.01194604636159,55.326163607453154],[-123.01147801422069,55.292400118444775],[-123.08580629640656,55.2933476705389],[-123.08207377432751,55.23954320187273],[-123.08420668611716,55.21890380552294],[-123.20176523443263,55.21534534315],[-123.20178640021093,55.2514088700479],[-123.22635491734653,55.25170755223915],[-123.23125065584071,55.28697990259317],[-123.23701537433553,55.286864816854354],[-123.24176712679208,55.32733925653309],[-123.24973647036495,55.3270180835665],[-123.25158054517713,55.341147218325005],[-123.25739107733096,55.341403194520424],[-123.25786616066806,55.39560596363623],[-123.09332411637551,55.3967349542885],[-123.09185069360286,55.367865894263296],[-123.04202021618258,55.36808225881827],[-123.04218521382798,55.33231149079966],[-123.01204073129179,55.332136789119026],[-123.01194604636159,55.326163607453154]]]},"bbox":[-123.25786616066806,55.21534534315,-123.01147801422069,55.3967349542885]},{"id":"5953038","type":"Feature","properties":{},"geometry":{"type":"Polygon","coordinates":[[[-123.45258366957215,54.17116008975867],[-123.21624311449307,54.17071994240322],[-123.2161100077662,54.17975225067114],[-123.17942510623375,54.18120544287775],[-123.02097902362435,54.17991278615831],[-123.02257612494623,54.16551102708328],[-122.94597230533122,54.165762990921806],[-122.94608645261668,54.15686674828062],[-122.86583622380599,54.15703878185599],[-122.8613547369935,54.14870393032492],[-122.81287929275454,54.148775732960665],[-122.81287025830007,54.1638651547671],[-122.7398116888858,54.16365616450493],[-122.73976321289298,54.16748568809366],[-122.70367206462085,54.16714942499555],[-122.70284885131466,54.165908505272874],[-122.66446733837569,54.16766808891228],[-122.63923752282949,54.166978816681905],[-122.63836377742469,54.1610430210361],[-122.5755624680895,54.16142613521476],[-122.57172020411478,54.14830951134079],[-122.5743008913062,54.13882060146943],[-122.57128791952789,54.1308225987088],[-122.58035068499179,54.12730020175123],[-122.59466790422525,54.12913440341265],[-122.59952460342583,54.12595459235874],[-122.59920560361515,54.12242589074243],[-122.59431320327683,54.120043605466286],[-122.5590924085675,54.11809908747092],[-122.54714431451174,54.11894230092216],[-122.54173440883537,54.11726358400524],[-122.53755020394681,54.10933600149746],[-122.53307279148918,54.104799805533226],[-122.52228468924868,54.10193291519063],[-122.50986648558882,54.093322212068635],[-122.51004940640621,54.087266401325024],[-122.5118464144573,54.08536509410338],[-122.53827529939859,54.07836729706756],[-122.55817037631448,54.06602859625551],[-122.56339588142745,54.057983292482156],[-122.57289308730005,54.05124550664139],[-122.5849552006495,54.047860495693705],[-122.61318141258404,54.04824599135151],[-122.614208598118,54.046202506778435],[-122.5992252874815,54.03564680007243],[-122.595097524648,54.02874850136329],[-122.59483098659811,54.0269597045388],[-122.59897321741138,54.02085979424791],[-122.60715581433696,54.01591132112229],[-122.60777821161597,54.027488081276516],[-122.64316414594082,54.02742745749661],[-122.6436792895219,54.012135653412265],[-122.72715327727512,54.0123063036708],[-122.72720366095172,54.03939731134787],[-122.84321807692285,54.03908203069298],[-122.84328419733312,54.04082026432364],[-122.85123078713819,54.03967207757308],[-122.8488857479182,54.01062999954554],[-122.85042170474186,54.003117388555616],[-122.850216451119,53.98118371628984],[-122.90050971644894,53.9811875894499],[-122.90050876605795,53.9780858226046],[-122.90792892153202,53.97837710415263],[-122.91086458437445,53.97638750890768],[-122.90449859635315,53.968609791449595],[-122.907234502343,53.966091785399705],[-122.92003480564821,53.96537689324778],[-122.92667669098714,53.96789490847168],[-122.93515750445778,53.966895784300085],[-122.94017841310355,53.9613961909067],[-122.93559839747584,53.95729551027458],[-122.92651391152523,53.953635985996215],[-122.92932458627216,53.94762131137251],[-122.93515829461462,53.94774661519685],[-122.9412247121845,53.95114189488986],[-122.94809842465843,53.95077020337702],[-122.95971288515796,53.943556600902006],[-122.96626808577669,53.94205120494297],[-122.96899698552686,53.93883819856956],[-122.9682028879631,53.937025092585245],[-122.96225790382823,53.934253590820326],[-122.94558328223998,53.935464191728016],[-122.94030221413162,53.932152994501706],[-122.94026290392642,53.92896280497051],[-122.94306599907357,53.92497779224669],[-122.95532680558911,53.92305079671543],[-122.95922289950255,53.91868559068001],[-122.94772799359774,53.91213001191191],[-122.94598399432913,53.90814220604288],[-122.94700155250409,53.903608908258],[-122.95126549048221,53.901452713102685],[-122.96595638043044,53.899219396821806],[-122.96793990069548,53.89590970936281],[-122.97412898513277,53.89319079558618],[-122.98598888401929,53.882493600329795],[-123.0006658140396,53.87649769834779],[-123.01521508339125,53.87433570718559],[-123.02811172448953,53.870434800480126],[-123.04274008295907,53.86942079172952],[-123.04828618494133,53.86504281046961],[-123.05074099768652,53.857350598470866],[-123.06937639189584,53.85138318980594],[-123.07650879244885,53.85303529520692],[-123.08646261009892,53.85945560150382],[-123.08781129394211,53.87089060812441],[-123.09036289508468,53.87628969172275],[-123.09919509272689,53.88648990986632],[-123.11265887897584,53.891792294771655],[-123.11298871914467,53.89694219812525],[-123.11509439573527,53.89980200905977],[-123.12575481892479,53.90293390155228],[-123.15015389835025,53.90074200582643],[-123.16021051690231,53.90145979888377],[-123.17263158436717,53.91031549886499],[-123.19088099423787,53.91460239034762],[-123.20555569547747,53.915472609933325],[-123.23500498810171,53.910546301770644],[-123.24939040984854,53.91575168502831],[-123.25906460279117,53.92628798986967],[-123.25675871711088,53.93213979197789],[-123.25862740892993,53.941044286688246],[-123.2555954930632,53.94464750985788],[-123.24444819258557,53.95023470879965],[-123.24151689012155,53.95442330199403],[-123.23660310946342,53.957132091929346],[-123.2357176714977,53.960461995888124],[-123.23894489147392,53.97113350198707],[-123.25023351943415,53.98279070801071],[-123.25832042060026,53.98545399914916],[-123.2734689157773,53.98727409420698],[-123.30324739589474,53.980712812223366],[-123.31103790545723,53.97511278314236],[-123.32115531177047,53.973876590540165],[-123.32920790043893,53.970978309951775],[-123.3436092910643,53.971254591219164],[-123.35355621872611,53.96877359849637],[-123.37900008945388,53.96768410386209],[-123.39297637691809,53.971451097109444],[-123.40548070538627,53.97124611123745],[-123.4217324835132,53.97433370903529],[-123.43106800487038,53.98165699417687],[-123.45089129986218,53.98516769735746],[-123.46905219662779,53.99791870988356],[-123.48931408426331,54.0028265008099],[-123.50895338778669,53.998633590181896],[-123.5157899904022,54.00401140038611],[-123.51992100807313,54.00512090621447],[-123.5237429978179,54.00319941454786],[-123.52339328935089,53.99360470573041],[-123.53480880258654,53.98726559767124],[-123.53995959655794,53.98722430177232],[-123.54181901100795,53.98765951063936],[-123.5406559906718,53.991925602340444],[-123.54215371862149,53.993720801798105],[-123.55683459859479,54.00667169496942],[-123.56963711001085,54.01442190541234],[-123.57222637791386,54.01803129761788],[-123.58452161680813,54.023794208657506],[-123.58561388499037,54.02711070869334],[-123.58439619366797,54.03017610425007],[-123.57300308294828,54.032545199702646],[-123.57553208538765,54.03755640762357],[-123.5800084866489,54.039111093117974],[-123.59436068908336,54.037906501902306],[-123.60612938057432,54.03894730090065],[-123.61796648954169,54.042902291578784],[-123.60949078429304,54.05572829737037],[-123.60598061397468,54.05843720763501],[-123.59714019813941,54.06023439749701],[-123.5867800893412,54.05813928849014],[-123.5822471109293,54.06019770349744],[-123.57840290192327,54.06432031357033],[-123.57409418326122,54.07451519614086],[-123.56708991010291,54.079206594826395],[-123.55924550925697,54.0792578934638],[-123.55332282848678,54.07659660567375],[-123.5541245168448,54.074676691873634],[-123.55194981127596,54.07112310749399],[-123.55378907996659,54.06980689937886],[-123.553920895468,54.06588111558935],[-123.54825709946678,54.06170990520645],[-123.54319938523382,54.06079969745565],[-123.53668011230073,54.06201979311054],[-123.5299004118368,54.06679620003189],[-123.52266451115473,54.06886889380375],[-123.51573460808753,54.06906800792583],[-123.49754939566482,54.065245211647614],[-123.48650359849995,54.069742998382104],[-123.4832729943303,54.07330351089566],[-123.48150338723651,54.07848341025599],[-123.48489349811786,54.08458520862597],[-123.51957281106718,54.0963241054247],[-123.54899350718455,54.10105658811338],[-123.55649920425026,54.100494484332245],[-123.56601958844907,54.105569599011176],[-123.56416389634352,54.10895190386164],[-123.56589199068188,54.11115589046524],[-123.56326339682168,54.115051193453446],[-123.55550759324706,54.12059710138315],[-123.54472348383257,54.122380506193814],[-123.53127489978684,54.12862988773368],[-123.5359517851187,54.1368865046813],[-123.53257357943512,54.1398802032871],[-123.5330109004838,54.14388160018336],[-123.52549438673198,54.148685404317774],[-123.51870048927292,54.149194118820574],[-123.51777878743452,54.15078112272282],[-123.52035758289175,54.1544007906157],[-123.52020371025102,54.17336250042977],[-123.51706144387362,54.17125909871594],[-123.45258366957215,54.17116008975867]]]},"bbox":[-123.61796648954169,53.85138318980594,-122.50986648558882,54.18120544287775]},{"id":"5953042","type":"Feature","properties":{},"geometry":{"type":"Polygon","coordinates":[[[-123.35026132106677,53.96937538402903],[-123.3436092910643,53.971254591219164],[-123.33081569676841,53.97074189562017],[-123.32115531177047,53.973876590540165],[-123.31317650128224,53.97440920822731],[-123.30324739589474,53.980712812223366],[-123.2734689157773,53.98727409420698],[-123.25832042060026,53.98545399914916],[-123.24798067658774,53.981860698659304],[-123.23894489147392,53.97113350198707],[-123.2357217929281,53.95977550712443],[-123.23660310946342,53.957132091929346],[-123.24151689012155,53.95442330199403],[-123.24444819258557,53.95023470879965],[-123.2555954930632,53.94464750985788],[-123.25862740892993,53.941044286688246],[-123.25675871711088,53.93213979197789],[-123.25906460279117,53.92628798986967],[-123.24939040984854,53.91575168502831],[-123.23500498810171,53.910546301770644],[-123.20555569547747,53.915472609933325],[-123.19088099423787,53.91460239034762],[-123.17263158436717,53.91031549886499],[-123.16021051690231,53.90145979888377],[-123.15015389835025,53.90074200582643],[-123.12575481892479,53.90293390155228],[-123.11509439573527,53.89980200905977],[-123.11298871914467,53.89694219812525],[-123.11265887897584,53.891792294771655],[-123.09919509272689,53.88648990986632],[-123.09036289508468,53.87628969172275],[-123.08781129394211,53.87089060812441],[-123.08646261009892,53.85945560150382],[-123.07650879244885,53.85303529520692],[-123.06743619144623,53.851349001994],[-123.05074099768652,53.857350598470866],[-123.04828618494133,53.86504281046961],[-123.04274008295907,53.86942079172952],[-123.02811172448953,53.870434800480126],[-123.01521508339125,53.87433570718559],[-123.0006658140396,53.87649769834779],[-122.98598888401929,53.882493600329795],[-122.97412898513277,53.89319079558618],[-122.96793990069548,53.89590970936281],[-122.96595638043044,53.899219396821806],[-122.94862248938539,53.90234849173122],[-122.94590501009242,53.90636339854052],[-122.94697330661732,53.91113039130603],[-122.95922289950255,53.91868559068001],[-122.95532680558911,53.92305079671543],[-122.94306599907357,53.92497779224669],[-122.94026290392642,53.92896280497051],[-122.94030221413162,53.932152994501706],[-122.94558328223998,53.935464191728016],[-122.95732420986533,53.933708205047026],[-122.96406887769757,53.93471220234393],[-122.9682028879631,53.937025092585245],[-122.96858789655269,53.93991349531012],[-122.94809842465843,53.95077020337702],[-122.9412247121845,53.95114189488986],[-122.93515829461462,53.94774661519685],[-122.92997129953808,53.947228193223864],[-122.9274570990562,53.94972341343522],[-122.92651391152523,53.953635985996215],[-122.93918139878129,53.959809686686846],[-122.94017841310355,53.9613961909067],[-122.93791708152122,53.96500359996242],[-122.92964248382081,53.967900595237516],[-122.92003480564821,53.96537689324778],[-122.907234502343,53.966091785399705],[-122.90449859635315,53.968609791449595],[-122.90983278639742,53.97398049862863],[-122.91063159085428,53.97690439889439],[-122.90393480057632,53.978711796506055],[-122.89549970001403,53.97681678731587],[-122.89431538691967,53.971712104108626],[-122.89510498438263,53.96358707546407],[-122.89213269306525,53.96377355235897],[-122.89111760746748,53.95232410215842],[-122.89202139327247,53.92673549288168],[-122.89003016653001,53.9032920417333],[-122.89116827496694,53.874262182428666],[-122.89777369066422,53.87412812806506],[-122.89674156632235,53.85253530931829],[-122.88193705081854,53.85192476368343],[-122.88152264081333,53.8214045293761],[-122.88336434315845,53.82097990755829],[-122.88145912818203,53.82078782192936],[-122.88149539331714,53.8158835364087],[-122.80394500890164,53.81598470744804],[-122.74971089912387,53.81374057788618],[-122.74757514007707,53.816371867452055],[-122.73132630404008,53.81635758990593],[-122.7359622875305,53.8067892057684],[-122.73412020051927,53.80355960004728],[-122.71694870245109,53.791307694583175],[-122.71262550680396,53.78589579924875],[-122.70840531379602,53.77508970718169],[-122.70822948602145,53.7667457058969],[-122.71404110479487,53.75380899672865],[-122.71359178590558,53.75117860183738],[-122.71574733026014,53.751917866817074],[-122.71163282039267,53.74202107534227],[-122.71224653305504,53.73200886645133],[-122.71001602194998,53.72355477598419],[-122.71165041934673,53.71294298740955],[-122.7149404195311,53.707872786327336],[-122.70489754313131,53.69035786415373],[-122.70798523930719,53.68836967423562],[-122.71538234687772,53.687623375686464],[-122.71847780725633,53.684313466278226],[-122.72242221381084,53.683091566156996],[-122.7266275277135,53.6742571786227],[-122.72340972289308,53.67090598272759],[-122.71508443432207,53.66668895920168],[-122.70695662469566,53.66673167097414],[-122.70276223351844,53.66486026907893],[-122.70093011997318,53.662825059078585],[-122.70043603391534,53.65565986178509],[-122.69836752532085,53.65286835918959],[-122.68590961481861,53.6475688664505],[-122.67095263450408,53.64484157574531],[-122.6675853173534,53.64014025936344],[-122.68155770343438,53.62872666754802],[-122.68217134020296,53.621618359039374],[-122.68608922919627,53.617214782968134],[-122.68558672351894,53.61363715739045],[-122.67706492871716,53.60516447144708],[-122.67533920587117,53.59769876768739],[-122.679434106252,53.59578746626765],[-122.69641794589616,53.595543978245196],[-122.70640252425167,53.593762257912374],[-122.70886900544372,53.589058071523645],[-122.70921541777868,53.58015106734044],[-122.72340661231485,53.562728780025346],[-122.7259127338266,53.55570597795459],[-122.7171367126832,53.54073757800645],[-122.72191294813908,53.537359276906294],[-122.71953041595106,53.53239166790693],[-122.71020033043258,53.524539979704095],[-122.69988733425646,53.525952874403785],[-122.6871812451612,53.522550367557905],[-122.67898874863471,53.50295047113158],[-122.67628036700528,53.49906453425863],[-122.67421900073809,53.49981420413269],[-122.66943502425052,53.49658840159208],[-122.6698442756376,53.49251089529601],[-122.67544748819554,53.488343692426014],[-122.6737086897808,53.4778301086327],[-122.68208590608921,53.469313401317066],[-122.68482920604843,53.460886206238996],[-122.68148599179466,53.45538181269944],[-122.66205001804603,53.43985499857542],[-122.6595232897861,53.42542349328665],[-122.6554349800039,53.42079629290728],[-122.64731260622139,53.41548969555186],[-122.64445071395885,53.40752828875826],[-122.63588300023713,53.4029252998866],[-122.63448082231619,53.39953709711515],[-122.63539731339435,53.39683390493527],[-122.64540398546792,53.38718489256611],[-122.66566550383119,53.37943288499847],[-122.6705973917339,53.37985450805242],[-122.68037539662754,53.38898808598001],[-122.69383955298268,53.391861763010056],[-122.71967368352574,53.38748259858078],[-122.7302495595628,53.3829342731845],[-122.745501056905,53.382920864775365],[-122.76843468026692,53.385951595148455],[-122.83495300196603,53.374727402901414],[-122.83788029049781,53.372116813559366],[-122.83989150289607,53.365245007798116],[-122.84940658541281,53.356366390895666],[-122.8513315822061,53.3497580952625],[-122.87017981475218,53.3407885006085],[-122.8723962913725,53.33890849456671],[-122.8725394904354,53.336296490962255],[-122.88483141111935,53.32524460054947],[-122.88540260907256,53.32004630491981],[-122.87295169365046,53.31176621705882],[-122.87802539888598,53.30960539225941],[-122.88108898178348,53.30630120146803],[-122.89020917443239,53.304275996245856],[-122.89355237532585,53.30836489802767],[-122.89288340142075,53.31325560240299],[-122.89715578597726,53.31488780474898],[-122.90490152167193,53.31209786543012],[-122.90518023378274,53.308098666931514],[-122.90995644298472,53.306654459691025],[-122.9093501334709,53.30232207850516],[-122.91255241422547,53.29958187953057],[-122.91868561680968,53.300575969403],[-122.93681431476922,53.29528070934463],[-122.9440997975405,53.297142102186434],[-122.94704770921264,53.29354598752891],[-122.95297630678897,53.29873719742179],[-122.96028411221836,53.29548719093042],[-122.9659772950756,53.300931899856735],[-122.97109940227702,53.294136996923754],[-122.9737272125391,53.29289368751994],[-122.97029500680472,53.29025040908613],[-122.967808394798,53.281750700337895],[-122.97056519140752,53.281687991652085],[-122.97244790857866,53.28391261177095],[-122.97856799759207,53.28305101221083],[-122.99182408445125,53.28463330298281],[-122.99456271992815,53.28170800448267],[-122.9982232059243,53.28123509292219],[-123.00416701168673,53.27527618964994],[-123.0141848064466,53.276617799675456],[-123.01385457656187,53.2804944974825],[-123.02205761227908,53.280557205306025],[-123.02283529770956,53.28179061195182],[-123.01725137854186,53.284911003103346],[-123.01934880111831,53.28668128548134],[-123.02308821337662,53.286540296226214],[-123.02213849192768,53.28851570375855],[-123.02335980323835,53.290209090466924],[-123.0291825899555,53.28864530841835],[-123.02949270598124,53.28984588442764],[-123.02657338442442,53.29068050541237],[-123.02873779890245,53.292252813364065],[-123.032021502742,53.2918227009294],[-123.0332106828396,53.294154098727695],[-123.03627150318074,53.29277549202579],[-123.04198677561075,53.29412279407749],[-123.04662759674122,53.296991201239784],[-123.04714152322916,53.29915880708902],[-123.0559250895626,53.30039929013633],[-123.05776058516288,53.2995375996681],[-123.06051781937548,53.290624896562875],[-123.07669239584122,53.28770099927501],[-123.0882276936039,53.291311410643246],[-123.09278631157024,53.29118179201561],[-123.09846471003961,53.293971493673986],[-123.11217488853023,53.28967499418076],[-123.12059484616508,53.289387360555054],[-123.12655520667414,53.291325712297876],[-123.1433197013239,53.28732499785383],[-123.14554091171058,53.28866519926991],[-123.14569649454583,53.290761713204745],[-123.15049642725388,53.292785506305584],[-123.15999528779845,53.29070329155103],[-123.16745309709107,53.291845493557936],[-123.17186669946372,53.29656670749249],[-123.16536050086621,53.298304285815306],[-123.16925762514674,53.29969860322483],[-123.19037168626387,53.29555269946193],[-123.19886849244513,53.29897940829441],[-123.20445899329552,53.296569605516616],[-123.20870559977723,53.2967290915056],[-123.20846350097166,53.30121821222578],[-123.20987071464295,53.3014532071229],[-123.2163874045455,53.301166883726026],[-123.22092000506449,53.29708659551911],[-123.22946960311083,53.30083940860933],[-123.2370926143266,53.29855069028653],[-123.24274411457036,53.3001300900859],[-123.25120307695204,53.29430789303272],[-123.25608397539256,53.29560969551261],[-123.2610446047224,53.2921545060701],[-123.26410409990953,53.29429658712771],[-123.2678190157785,53.293799490194544],[-123.27251321805197,53.29164039382716],[-123.27203869536325,53.28926050390459],[-123.27337209436448,53.288263596646544],[-123.28348770521947,53.289222092026336],[-123.28254728415158,53.285747002564655],[-123.29216019083538,53.28113829266313],[-123.29955872885395,53.284155233455614],[-123.30512038520243,53.28364008590629],[-123.30146398057333,53.360178184165086],[-123.30170639674913,53.4704800326104],[-123.27774508307984,53.470590015822275],[-123.28056145893216,53.49927250102945],[-123.3031790295566,53.49912283826205],[-123.30236619832581,53.55457558491924],[-123.30471803876401,53.627589100612994],[-123.35113355043991,53.647058398018615],[-123.36162392698795,53.648870244181765],[-123.37548459485595,53.64859759396502],[-123.37077116933446,53.651331506969754],[-123.36907764918546,53.65493255543224],[-123.36954985568777,53.65903446042664],[-123.3764307452583,53.66545730409127],[-123.38259013114636,53.6661426632997],[-123.40540985951768,53.67660922411946],[-123.41311462086308,53.67504877362488],[-123.42032395525007,53.678035660423326],[-123.4354752317709,53.69270089621488],[-123.44275539832802,53.70515387354671],[-123.44733550792033,53.70883415932991],[-123.46507467449165,53.70843140908239],[-123.46811137519578,53.711740679859794],[-123.47324331897266,53.713763329644514],[-123.4737213720672,53.716160799137654],[-123.4783233099415,53.71779268569663],[-123.4829631531354,53.72415871403057],[-123.48990364877288,53.72458308546322],[-123.4938964308806,53.72800577495485],[-123.49936754326062,53.72850352743173],[-123.51325246882,53.748989395842585],[-123.51812708707946,53.758977770426355],[-123.51262610439393,53.767149714917366],[-123.51367084347194,53.77075896731534],[-123.5103126508576,53.78150374666032],[-123.50071045085112,53.78746239946278],[-123.47350374199996,53.792649878369005],[-123.44836707325551,53.79517381043042],[-123.4252496709013,53.79263383919567],[-123.42507931437905,53.87146018435897],[-123.42896874198512,53.88672071738509],[-123.42611911615829,53.89020704183039],[-123.4253077494031,53.89517591382599],[-123.42556079521574,53.974747039845234],[-123.40548070538627,53.97124611123745],[-123.39297637691809,53.971451097109444],[-123.37900008945388,53.96768410386209],[-123.35026132106677,53.96937538402903]]]},"bbox":[-123.51812708707946,53.27527618964994,-122.63448082231619,53.98727409420698]},{"id":"5953044","type":"Feature","properties":{},"geometry":{"type":"Polygon","coordinates":[[[-122.54336807322298,53.92746323545951],[-122.5432780973618,53.94175591404437],[-122.52106551001303,53.94158696553704],[-122.5181267279751,53.9223325013645],[-122.51816905121429,53.90729753566639],[-122.46231741875589,53.89202188888902],[-122.45841860856618,53.88484144042334],[-122.46154889908726,53.88050183769422],[-122.48801584862181,53.86626601749761],[-122.49081605885922,53.85967910800691],[-122.48408101797567,53.84306074460895],[-122.46640480366688,53.835261892356705],[-122.44829416828112,53.833922138328525],[-122.43018779521736,53.80939576085897],[-122.4139149691633,53.77856069350703],[-122.41088375101504,53.748842213937856],[-122.4047321650256,53.718395004424664],[-122.3797179106087,53.7097092180642],[-122.35856967231236,53.6920079165111],[-122.32507965965473,53.68316441407196],[-122.3200508153547,53.67625695004032],[-122.319272103126,53.673023044262905],[-122.32209659921621,53.65796460503768],[-122.34010340738901,53.64553585721107],[-122.388100771382,53.62753982973595],[-122.39381133786091,53.61105900912725],[-122.39714160592158,53.59142372674234],[-122.58909942856944,53.594315408863906],[-122.5895185424683,53.59769434555281],[-122.59537849341027,53.59758880569304],[-122.59539348863333,53.59447114665473],[-122.66618614958325,53.59480373599655],[-122.6712254498538,53.5970737732463],[-122.67366074062429,53.5940627785986],[-122.68268102000357,53.5937922256116],[-122.68157602123692,53.59572851783098],[-122.67564184932175,53.59746667586321],[-122.67484163519731,53.5995587727582],[-122.67769224104919,53.6060745752802],[-122.68558672351894,53.61363715739045],[-122.68608922919627,53.617214782968134],[-122.68217134020296,53.621618359039374],[-122.68155770343438,53.62872666754802],[-122.67550902359822,53.634768080442576],[-122.6682596412253,53.639099177895005],[-122.66815744561191,53.64258707593277],[-122.67116391729675,53.64491417154427],[-122.68590961481861,53.6475688664505],[-122.69836752532085,53.65286835918959],[-122.70043603391534,53.65565986178509],[-122.70093011997318,53.662825059078585],[-122.70276223351844,53.66486026907893],[-122.70695662469566,53.66673167097414],[-122.71508443432207,53.66668895920168],[-122.7264349355895,53.67370748049223],[-122.72638572943772,53.6766384736991],[-122.72242221381084,53.683091566156996],[-122.71847780725633,53.684313466278226],[-122.71538234687772,53.687623375686464],[-122.70798523930719,53.68836967423562],[-122.70493043383507,53.69014136149603],[-122.7149404195311,53.707872786327336],[-122.71165041934673,53.71294298740955],[-122.71001602194998,53.72355477598419],[-122.71224653305504,53.73200886645133],[-122.71163282039267,53.74202107534227],[-122.71574733026014,53.751917866817074],[-122.71359178590558,53.75117860183738],[-122.71404110479487,53.75380899672865],[-122.70980629922698,53.76087860036189],[-122.70840531379602,53.77508970718169],[-122.71262550680396,53.78589579924875],[-122.71694870245109,53.791307694583175],[-122.7309470258069,53.80018430425282],[-122.7359622875305,53.8067892057684],[-122.73352432997643,53.81294071317355],[-122.71897357059028,53.81306495556216],[-122.72262619322771,53.81810421133216],[-122.71950780834679,53.82151025180102],[-122.71441737358936,53.821906000989856],[-122.71829505113826,53.82706019304537],[-122.71817431949258,53.84176550943984],[-122.7057979407098,53.84204814378569],[-122.70600872544783,53.880045946068996],[-122.66649424732414,53.879667492566185],[-122.667746708134,53.87650612990221],[-122.6276583073639,53.87657189323381],[-122.62907569307471,53.89125682849871],[-122.6050870914408,53.891299440282225],[-122.60403464890817,53.91320286306521],[-122.61628538597068,53.913025334098734],[-122.61696884296836,53.92011703578283],[-122.63845119528767,53.92005084993559],[-122.63853471645022,53.92227829298002],[-122.64117328127064,53.92217072480046],[-122.64194046588403,53.9278694941601],[-122.60046189551761,53.9266611046915],[-122.54336807322298,53.92746323545951]]]},"bbox":[-122.7359622875305,53.59142372674234,-122.319272103126,53.94175591404437]},{"id":"5953046","type":"Feature","properties":{},"geometry":{"type":"Polygon","coordinates":[[[-122.67606294638222,53.593980176119494],[-122.6736297266512,53.5940727810314],[-122.6712254498538,53.5970737732463],[-122.66618614958325,53.59480373599655],[-122.59539348863333,53.59447114665473],[-122.59537849341027,53.59758880569304],[-122.5895185424683,53.59769434555281],[-122.58909942856944,53.594315408863906],[-122.39714160592158,53.59142372674234],[-122.39519799428133,53.561600629368144],[-122.392034271998,53.55533101588166],[-122.38304111065301,53.54161762312497],[-122.35740187900993,53.524462731029786],[-122.33901556283246,53.543245228670436],[-122.32594009191358,53.54619658868019],[-122.31869529221004,53.545405980317895],[-122.27349170941702,53.52735390975552],[-122.25845234699003,53.53190618115592],[-122.24166471792462,53.526763912878145],[-122.21509375231852,53.52423548022489],[-122.20147989736316,53.52780574210376],[-122.18252180704333,53.52526334551204],[-122.18054008297946,53.51666159506072],[-122.18988484858683,53.49954819257613],[-122.19230112957197,53.491356508454984],[-122.17341642723814,53.48033389942476],[-122.1668192686009,53.47416236791566],[-122.16322151464446,53.46706779103841],[-122.16290278231743,53.45678892757201],[-122.27543013772278,53.456013655947906],[-122.28070526773351,53.45488524368707],[-122.28707174957825,53.4500156326597],[-122.33626530052727,53.45012701711975],[-122.3481147037655,53.44008290275185],[-122.33221906741903,53.42402370320066],[-122.32788948967746,53.41806002400972],[-122.32642196866209,53.41165603770147],[-122.34505002847756,53.3994210491167],[-122.34953427175836,53.39012357074597],[-122.34305042706852,53.37711382202941],[-122.34861691243202,53.373491163682424],[-122.52096531370206,53.37170972338685],[-122.61246142245689,53.37243435609933],[-122.61231620850745,53.376044512193694],[-122.63594081118401,53.37592445247939],[-122.63653023603128,53.38649570972353],[-122.6460481687369,53.38690033225551],[-122.63539731339435,53.39683390493527],[-122.63448082231619,53.39953709711515],[-122.63588300023713,53.4029252998866],[-122.64445071395885,53.40752828875826],[-122.64731260622139,53.41548969555186],[-122.6554349800039,53.42079629290728],[-122.6595232897861,53.42542349328665],[-122.66205001804603,53.43985499857542],[-122.68148599179466,53.45538181269944],[-122.68482920604843,53.460886206238996],[-122.68208590608921,53.469313401317066],[-122.6737086897808,53.4778301086327],[-122.67544748819554,53.488343692426014],[-122.6698442756376,53.49251089529601],[-122.66943502425052,53.49658840159208],[-122.67421900073809,53.49981420413269],[-122.67628036700528,53.49906453425863],[-122.67898874863471,53.50295047113158],[-122.6871812451612,53.522550367557905],[-122.69988733425646,53.525952874403785],[-122.71020033043258,53.524539979704095],[-122.71953041595106,53.53239166790693],[-122.72191294813908,53.537359276906294],[-122.7171367126832,53.54073757800645],[-122.7259127338266,53.55570597795459],[-122.72340661231485,53.562728780025346],[-122.70921541777868,53.58015106734044],[-122.70886900544372,53.589058071523645],[-122.70640252425167,53.593762257912374],[-122.68225812377712,53.59573198560128],[-122.68268102000357,53.5937922256116],[-122.67606294638222,53.593980176119494]]]},"bbox":[-122.7259127338266,53.37170972338685,-122.16290278231743,53.59769434555281]},{"id":"5953048","type":"Feature","properties":{},"geometry":{"type":"Polygon","coordinates":[[[-122.23132971481645,54.494142489169064],[-122.21163638181973,54.48446057956929],[-122.204902460421,54.48313569198506],[-122.20038756580647,54.47617585495002],[-122.19448106776196,54.47205961039166],[-122.18386590159437,54.47023007216723],[-122.15548417389425,54.4899337092446],[-122.14725774004195,54.49089574207094],[-122.13528711494669,54.48450949037995],[-122.13368492312661,54.47301699214529],[-122.12849804855863,54.46975085233645],[-122.11556192911694,54.47131808349743],[-122.1127416820863,54.466842654501264],[-122.10334444672338,54.46334430725593],[-122.10045020006623,54.477581216773665],[-122.09473029957783,54.48732111402506],[-122.0874764575286,54.488838746572945],[-122.06927467184946,54.47733245609253],[-122.07219360605117,54.463165662815825],[-122.06661204401856,54.44455971696082],[-122.04703282791056,54.44312301079362],[-122.0423900925261,54.4378651774304],[-122.02671165718205,54.43824345714042],[-122.00333037614278,54.44024578473089],[-121.9932377641894,54.448261501055434],[-121.95283442328295,54.43869275643337],[-121.95139285819202,54.433799049629066],[-121.94075755571126,54.42233196340965],[-121.92974726204396,54.41563541545063],[-121.88485664180666,54.39824989441477],[-121.86920111738773,54.39925610070966],[-121.86359696782253,54.40458575110548],[-121.87378432436935,54.41819426182819],[-121.87487708636941,54.43118238667806],[-121.87043341293199,54.43849587242533],[-121.86656104547669,54.454292473674144],[-121.8407661453078,54.44699495162797],[-121.7688278618878,54.418817963289165],[-121.71363529207521,54.40908750884303],[-121.68115787134525,54.409727051698205],[-121.66809117154101,54.39532767694319],[-121.65716449153969,54.39191597944074],[-121.64815653539374,54.40122107103553],[-121.6413173304759,54.404810018699145],[-121.63752532196361,54.41717419277453],[-121.63317220856776,54.422828835163045],[-121.6247339501943,54.42326224431253],[-121.62049676920365,54.420915053854046],[-121.61222548291663,54.420013730118626],[-121.60678325753526,54.42136111379117],[-121.59566011717732,54.41436467625266],[-121.5839772302591,54.415879715493936],[-121.58081655500945,54.41876606491304],[-121.58581857632208,54.43705209784717],[-121.5685557955436,54.4394768394098],[-121.5021179098227,54.42515761223043],[-121.49026694868196,54.4153712198328],[-121.47866465908821,54.41048511026218],[-121.46663275632184,54.41301890569491],[-121.46329157196962,54.434897940130746],[-121.44036831848538,54.44990219188667],[-121.41832077824016,54.45601930818972],[-121.41492161301713,54.46331379005086],[-121.42084777405515,54.468879871099475],[-121.41449602291668,54.480021717609375],[-121.41257999345444,54.49102851282],[-121.43082275926848,54.50361685881592],[-121.43745076425601,54.513292832794136],[-121.439981685632,54.52350203568133],[-121.42267887772708,54.53120744032909],[-121.39626285044781,54.53626134125461],[-121.3973555219632,54.53367022428728],[-121.38998314319764,54.53202856906262],[-121.36951707509161,54.537248860435405],[-121.35545478332354,54.535740044663775],[-121.33946599264199,54.527049087354165],[-121.32778998806542,54.52467953330513],[-121.31328447087584,54.51835611362581],[-121.31679589959558,54.51289223630941],[-121.29349849688076,54.51710946007552],[-121.28443655589271,54.513813475566465],[-121.27207452329249,54.51723735288062],[-121.26570281691573,54.525014997832685],[-121.26374096792856,54.53497213018753],[-121.24816519494325,54.546567870017554],[-121.21991715317866,54.549641774119536],[-121.20705887774913,54.547517132008366],[-121.1796211049811,54.54853300219987],[-121.16682869874575,54.54515164506791],[-121.15878150301442,54.54500625743937],[-121.15715888200238,54.55172670195832],[-121.14502214986327,54.552759455820286],[-121.12452518909136,54.54896309961652],[-121.12024132889451,54.54526393044046],[-121.12523450585743,54.5444842457072],[-121.12116965311193,54.54203759740186],[-121.12244976085502,54.53690068956531],[-121.13426684756935,54.51360009408954],[-121.13361043173305,54.50984307135504],[-121.12619566046565,54.50047169355176],[-121.11713636096555,54.50078248165337],[-121.12126087592999,54.49334630517932],[-121.12705226811791,54.49052583949502],[-121.12618913282267,54.48386961745246],[-121.12191045912962,54.480500515850075],[-121.11945721583857,54.474961002775494],[-121.1130417065774,54.47006983071257],[-121.1075094994465,54.46854126083048],[-121.09343292593013,54.45994042789622],[-121.07416324811659,54.45119249832315],[-121.06828388283554,54.45124248628726],[-121.06422251387181,54.45742442106995],[-121.06520608137029,54.46190703947358],[-121.06301549013011,54.467303529392176],[-121.04456683936847,54.45552117943142],[-121.03779706000675,54.45385367269452],[-121.02065844106748,54.460916072906976],[-121.00468414755777,54.463696895192314],[-120.98491314562787,54.46132242249188],[-120.94752268133935,54.462106149102866],[-120.93672227077754,54.45698956412817],[-120.93417836642152,54.45197083704207],[-120.92262865208322,54.45330769038835],[-120.8794806156447,54.46260993553064],[-120.8768457921881,54.46516756772042],[-120.87813145124034,54.47070708503639],[-120.87517834609349,54.488943282210805],[-120.87085652905294,54.490505042224754],[-120.84755483483276,54.48927554697989],[-120.82507867380885,54.49371230907183],[-120.81640469949832,54.49076889771087],[-120.81440683474852,54.48805654143207],[-120.81533677429978,54.48525127567018],[-120.80489178307462,54.47830368080792],[-120.7944880030487,54.476316246986],[-120.79082654231699,54.473137248282896],[-120.78989519728216,54.46874414953398],[-120.80004331727174,54.46206622055846],[-120.80356406533564,54.45355580477432],[-120.80112320676906,54.44532002783687],[-120.80260854334703,54.43702234781438],[-120.80207054706116,54.42798952090415],[-120.79663640089619,54.417811125414296],[-120.78489758243627,54.41016948491103],[-120.78455424861158,54.40337903992118],[-120.78107235923501,54.40223977280389],[-120.77596079285613,54.39713740001056],[-120.76073440670442,54.396393019084854],[-120.75565019202566,54.396693368893146],[-120.75223243815061,54.39864994967991],[-120.74751671471307,54.40408982664042],[-120.73219988624568,54.40861133264367],[-120.71164418069597,54.40249097336913],[-120.68897163663524,54.39181388508163],[-120.68195730657575,54.38643591941334],[-120.6680399519592,54.374329970522204],[-120.66095798626039,54.36066228609663],[-120.65962667650368,54.35502369505951],[-120.66532371309509,54.3523429726646],[-120.67561908557296,54.350235814020905],[-120.69343550881854,54.34975608851394],[-120.69901686900576,54.34636574593593],[-120.69718756712035,54.341152047800534],[-120.69216481776165,54.33479948667066],[-120.69159129755036,54.32873733427474],[-120.68312336604569,54.322956426618525],[-120.7133827931185,54.30516431905448],[-120.72730894480752,54.30037431953586],[-120.72747203803182,54.297214529586945],[-120.71752626764251,54.29235031832547],[-120.70687088672736,54.29604357703998],[-120.69936763972618,54.29343105636206],[-120.68461030772743,54.283793760671934],[-120.676640598422,54.28229651079436],[-120.65286539193437,54.28873601771702],[-120.6311577114169,54.28115448122697],[-120.62406303419009,54.29217588129434],[-120.60631240476808,54.2896866297644],[-120.59854598273367,54.28370679593968],[-120.59109341076143,54.26765388758188],[-120.58090793634668,54.256388427913514],[-120.58159465786643,54.25013821055374],[-120.57673552570115,54.24562634728573],[-120.57551026428543,54.239428435366875],[-120.58315998044647,54.233492205434054],[-120.58405894182111,54.227836399916455],[-120.56625282116433,54.21882128499821],[-120.56408206673386,54.2067573170623],[-120.57160388147115,54.201348149336766],[-120.56776971159091,54.19098446153955],[-120.58196416367339,54.18285879721538],[-120.58146975331589,54.17383642825164],[-120.55686660699185,54.16095433915533],[-120.55549060988649,54.15692868047955],[-120.55083816759728,54.15399805263303],[-120.5438620121894,54.14420379158103],[-120.53180825679672,54.13601689386708],[-120.50626694619189,54.12937120742706],[-120.50184406510023,54.131444272224684],[-120.47922711460812,54.13508028258845],[-120.46056123283107,54.130643837819754],[-120.44649262126887,54.12400470932684],[-120.4402454376546,54.11841919860147],[-120.41348155567294,54.11798678433414],[-120.39321978377053,54.12175497527323],[-120.32899812066391,54.10436139687657],[-120.32137755798117,54.10455068215741],[-120.31014385866055,54.109839043444445],[-120.28840340460454,54.114165572866845],[-120.27296069877855,54.11361412261711],[-120.26232615873394,54.11146388313729],[-120.24064775441158,54.1134770988158],[-120.23141488409135,54.111338503290185],[-120.19850604286538,54.114211596863285],[-120.18356270352551,54.117566716392],[-120.17247126882448,54.122436358580714],[-120.16729661559171,54.12152147938158],[-120.16011738644359,54.11171340521876],[-120.15520418238896,54.1076530632055],[-120.15830718441002,54.10158324565829],[-120.15553786197846,54.086292835699176],[-120.14213498049081,54.07421908502553],[-120.14357943099924,54.06460106132113],[-120.15508785983857,54.05452328831928],[-120.16815532365347,54.05132920701734],[-120.17414953947441,54.05489709290732],[-120.17775904500446,54.05106788341811],[-120.17626192932707,54.048878945840315],[-120.17826547300913,54.042119937869515],[-120.19363380277683,54.04432741017087],[-120.19654626669886,54.02980976060291],[-120.20546902991836,54.03056362025998],[-120.22962825028641,54.04154911537625],[-120.24958644100433,54.021084834164974],[-120.26290373208006,53.99962947208332],[-120.26000412177576,53.976627832418245],[-120.23332073106035,53.976486229714496],[-120.20958263054835,53.97282096293725],[-120.2066552886413,53.96989541912798],[-120.20788086209662,53.95504084162201],[-120.1918183721522,53.94000282284855],[-120.18065258118733,53.94021377309919],[-120.17380103509085,53.938231292879536],[-120.16133460927097,53.93750328852275],[-120.15551482021412,53.93816347163113],[-120.14741349233452,53.94215517315606],[-120.14556283514159,53.947730448177644],[-120.13499552731781,53.96064728461623],[-120.12290772166789,53.97203202297479],[-120.10580053134598,53.98302902441942],[-120.09681674025305,53.984571543861676],[-120.07449499386337,53.97779573031559],[-120.06391239197572,53.964311098705274],[-120.06932341536088,53.95318924342375],[-120.05838286116658,53.94062182573448],[-120.06031033193695,53.9286036304442],[-120.05545343333401,53.92084675787719],[-120.06758092651427,53.90882074477392],[-120.06590253128135,53.90261592499295],[-120.05282219448405,53.883247052096095],[-120.01742562628836,53.86419604299232],[-120.01598342678228,53.85174413221166],[-120.04296272371641,53.84589627156016],[-120.04979003740536,53.82900733423685],[-120.04724287498237,53.82239820479189],[-120.0404160873629,53.814224010455575],[-120.03697205362062,53.804775355198146],[-120.04181109222448,53.799500753904454],[-120.05965643863348,53.79194398044637],[-120.07390730554995,53.7905295515463],[-120.0970372591133,53.79230586487439],[-120.11627183650377,53.7806747325385],[-120.15051183472866,53.77302185028497],[-120.18110961102434,53.77689957995768],[-120.20979329842343,53.768453369918426],[-120.22126005199316,53.758441895245056],[-120.23173786613403,53.75710379481581],[-120.25740817855748,53.764010837742845],[-120.29499868594144,53.781882782466624],[-120.3040445911982,53.78420750410951],[-120.31733917571741,53.78361182109728],[-120.34072982333437,53.78560927299872],[-120.34434876855296,53.78327451159545],[-120.36930035776561,53.7766620236259],[-120.38705368740683,53.7774796512624],[-120.39838352456594,53.78192166751568],[-120.40193650845147,53.78866211085157],[-120.40643056777516,53.79113539014075],[-120.44001081639803,53.790370852200304],[-120.44713791016319,53.794377525686016],[-120.47012544994188,53.79515919957134],[-120.48673530615177,53.80266082566171],[-120.51327308577473,53.81148724826455],[-120.53430220029813,53.81592403740811],[-120.56739232922904,53.818207834449645],[-120.57141943475324,53.82244694487147],[-120.56906769052253,53.82867854288983],[-120.56385379349132,53.83344184358145],[-120.56160174488075,53.84013469002125],[-120.56788283713578,53.85116626066176],[-120.58300451900723,53.86285329737704],[-120.6255126309823,53.86979112584071],[-120.65544690793166,53.89202754581164],[-120.67968911366695,53.90093106837322],[-120.720188128416,53.90104388857759],[-120.72299962276497,53.90401827296593],[-120.7375504277503,53.90553916233593],[-120.75895927719631,53.90365455241969],[-120.76744174987861,53.899781815669634],[-120.76459610767056,53.896799201191705],[-120.76935970693614,53.892709443833965],[-120.79035890355999,53.881573537274114],[-120.85626753919414,53.928291055633345],[-120.86716613166377,53.93038073915575],[-120.87901818000479,53.92760472568308],[-120.8966825818394,53.91286442750215],[-120.92123697795027,53.913149771975874],[-120.92018212748685,53.89558812570415],[-120.9331046962039,53.894220699214515],[-120.95420105318972,53.90258225497304],[-120.9695549896262,53.90603039239662],[-121.00047467740252,53.903180324825406],[-121.00670312520991,53.904992577294095],[-121.01167684872676,53.9102951110196],[-121.00943267165854,53.9192705052242],[-120.99411980862173,53.937919261345826],[-120.99260976967771,53.945113864121545],[-120.9964542191059,53.95239383509339],[-121.00686039121896,53.962870928266994],[-121.02868684950272,53.977688172973764],[-121.05943179605175,53.990165995765544],[-121.08553613486683,53.99740591029431],[-121.11256873877848,54.00075587487306],[-121.10380999442029,53.84696868011538],[-121.09603032503693,53.7884524868806],[-121.1039437258951,53.7871770058584],[-121.10701740911792,53.780352187874925],[-121.11422091465576,53.77336640410939],[-121.12420571795217,53.768373105855275],[-121.13233756129999,53.76695279329521],[-121.13008236010491,53.72566074123442],[-121.11325320760064,53.71383809775398],[-121.11339986203525,53.707144251780576],[-121.11783082683887,53.70004566688592],[-121.13766060072915,53.687493575127604],[-121.14480474656781,53.65236902627057],[-121.1503540644533,53.645777048012285],[-121.17002024386109,53.63649108550391],[-121.18783443805391,53.59965751898107],[-121.1956860529117,53.59038786590701],[-121.20706545901284,53.58449880338731],[-121.2121770784082,53.56771449188156],[-121.1804504502608,53.563199559627165],[-121.11999970533128,53.53524025738381],[-121.11451658014309,53.520579433765924],[-121.10733408729672,53.51576796644815],[-121.04394595339942,53.53350916755048],[-121.00982585205884,53.51920080249819],[-121.0150048363126,53.511389259031986],[-121.01838055369514,53.49969836318351],[-121.01313359214653,53.48015149283339],[-121.01798892428732,53.47579168552116],[-121.01492431273654,53.47123703398832],[-121.02364846486223,53.461755633886426],[-121.02642901069926,53.45233685503706],[-121.00986840362383,53.441266500956566],[-121.00828606944168,53.43040327252572],[-121.02441456202152,53.427714257293786],[-121.03653177341134,53.414612996306495],[-121.05450707909934,53.400503958495165],[-121.07347708488815,53.39316147506017],[-121.08900466424137,53.39274211198117],[-121.11113258695111,53.39729439847018],[-121.12721930821726,53.39796610414344],[-121.13500221045932,53.39458459199637],[-121.14249477907711,53.37977346217131],[-121.15998107870519,53.38128282063214],[-121.17401827026741,53.39643052394045],[-121.19193581599656,53.40058262321642],[-121.18719608951106,53.38934312088538],[-121.19769249920967,53.37905527181659],[-121.20884116708534,53.379739777937736],[-121.22816378503431,53.3847300974886],[-121.26405345453509,53.40321596838866],[-121.27547305554394,53.41603523830568],[-121.2835079841273,53.429863791292775],[-121.28829575858141,53.445713773510406],[-121.55542567898593,53.43938651272622],[-121.57134351789752,53.45254962250906],[-121.81402908592412,53.45691053214181],[-122.16290278231743,53.45678892757201],[-122.16322151464446,53.46706779103841],[-122.1668192686009,53.47416236791566],[-122.17341642723814,53.48033389942476],[-122.19230112957197,53.491356508454984],[-122.18988484858683,53.49954819257613],[-122.18054008297946,53.51666159506072],[-122.18252180704333,53.52526334551204],[-122.20147989736316,53.52780574210376],[-122.21509375231852,53.52423548022489],[-122.24166471792462,53.526763912878145],[-122.25845234699003,53.53190618115592],[-122.27349170941702,53.52735390975552],[-122.31869529221004,53.545405980317895],[-122.32594009191358,53.54619658868019],[-122.33901556283246,53.543245228670436],[-122.35740187900993,53.524462731029786],[-122.38304111065301,53.54161762312497],[-122.39519799428133,53.561600629368144],[-122.39722590542372,53.59089833385104],[-122.39381133786091,53.61105900912725],[-122.388100771382,53.62753982973595],[-122.34010340738901,53.64553585721107],[-122.32209659921621,53.65796460503768],[-122.319272103126,53.673023044262905],[-122.32507965965473,53.68316441407196],[-122.35856967231236,53.6920079165111],[-122.3797179106087,53.7097092180642],[-122.4047321650256,53.718395004424664],[-122.41088375101504,53.748842213937856],[-122.4139149691633,53.77856069350703],[-122.43018779521736,53.80939576085897],[-122.44829416828112,53.833922138328525],[-122.46640480366688,53.835261892356705],[-122.48408101797567,53.84306074460895],[-122.49081605885922,53.85967910800691],[-122.48801584862181,53.86626601749761],[-122.46154889908726,53.88050183769422],[-122.45841860856618,53.88484144042334],[-122.46231741875589,53.89202188888902],[-122.51816905121429,53.90729753566639],[-122.5181267279751,53.9223325013645],[-122.52106551001303,53.94158696553704],[-122.5432780973618,53.94175591404437],[-122.54315228583594,53.9274636716883],[-122.65035133998717,53.92780945741183],[-122.65012588137864,53.93189798300219],[-122.66869654826472,53.931842780596156],[-122.66966838533162,53.929824391658215],[-122.68404277494531,53.928926197860996],[-122.68812472501035,53.930584505025315],[-122.69317571409955,53.94460779380224],[-122.69048468531024,53.949489807018324],[-122.69059499204731,53.95381169772238],[-122.70453939398176,53.95729021269676],[-122.70866402424045,53.96025520162143],[-122.70804200345972,53.96250530755391],[-122.7041337950909,53.964610303634366],[-122.66854600695221,53.960671810479745],[-122.65569918535185,53.96216681040828],[-122.6501373132381,53.967484702980194],[-122.6497059950209,53.9712218033671],[-122.6524523068864,53.974006508724436],[-122.65581210796775,53.97470619929923],[-122.66935888683761,53.973863802192845],[-122.67489630353586,53.97593419631681],[-122.67984879599237,53.982710893166264],[-122.68542151324114,53.986208700153355],[-122.68379070458727,53.99253941032541],[-122.68067690126455,53.99578828882686],[-122.63060261268902,54.00184880620674],[-122.62456422797823,54.006265198495875],[-122.6076936749823,54.006000181824504],[-122.60715581433696,54.01591132112229],[-122.60038328382659,54.019513405709816],[-122.59483098659811,54.0269597045388],[-122.59606279310893,54.03224619226637],[-122.614208598118,54.046202506778435],[-122.61318141258404,54.04824599135151],[-122.5849552006495,54.047860495693705],[-122.57289308730005,54.05124550664139],[-122.56339588142745,54.057983292482156],[-122.55817037631448,54.06602859625551],[-122.53827529939859,54.07836729706756],[-122.51027078757807,54.08607389211201],[-122.50986648558882,54.093322212068635],[-122.52228468924868,54.10193291519063],[-122.53307279148918,54.104799805533226],[-122.53755020394681,54.10933600149746],[-122.54173440883537,54.11726358400524],[-122.54714431451174,54.11894230092216],[-122.5590924085675,54.11809908747092],[-122.59431320327683,54.120043605466286],[-122.59975231729126,54.123188192745],[-122.59952460342583,54.12595459235874],[-122.59466790422525,54.12913440341265],[-122.58035068499179,54.12730020175123],[-122.57128791952789,54.1308225987088],[-122.5743008913062,54.13882060146943],[-122.57172020411478,54.14830951134079],[-122.57317158696557,54.15571299337131],[-122.5760393054936,54.16054120534249],[-122.57397321475077,54.163455194610066],[-122.54636280105774,54.16479178813794],[-122.54034189945652,54.1667402057586],[-122.5396265882207,54.17055410417443],[-122.54145769044788,54.17229230388346],[-122.5521882901256,54.17308599510879],[-122.55708368873945,54.17630410096167],[-122.55645061908524,54.17820409956205],[-122.54673899523677,54.18298090938013],[-122.54629362525912,54.190244006221185],[-122.53943880436574,54.196748998127795],[-122.54041239109303,54.2023367061942],[-122.53819858899648,54.206389307901055],[-122.53233329339761,54.21040221171235],[-122.4989679016765,54.221617791655234],[-122.48147599194651,54.22353481191251],[-122.47074589507105,54.22142098899524],[-122.46393761597248,54.222364888882566],[-122.44427840446055,54.236535594454814],[-122.41478061191071,54.24589909297001],[-122.389659490567,54.25182960457401],[-122.37904099243556,54.25809321597301],[-122.37266559223913,54.259423388006624],[-122.36836212362844,54.258541805745054],[-122.36501629940656,54.25223799960373],[-122.35457819770262,54.24440591313222],[-122.33375251245577,54.23992320688171],[-122.32194518911263,54.23560641422539],[-122.3154110883442,54.230503404207],[-122.30749521741195,54.22092419676928],[-122.286591809894,54.2108507857356],[-122.27079981319453,54.20569089031734],[-122.22873064458327,54.2048407485302],[-122.22809751497557,54.45153414948917],[-122.21333897947822,54.44965628838741],[-122.20826700075843,54.45532390821475],[-122.2192039072313,54.459003705738475],[-122.22024069858966,54.465229973951836],[-122.21313273608979,54.46649728411908],[-122.20625619284361,54.47139965814346],[-122.21994336987234,54.47163658425116],[-122.22613538083601,54.46933423061577],[-122.23078924459521,54.47120173371736],[-122.23114601166343,54.48003138408218],[-122.23898038402143,54.48421100254692],[-122.2441576249646,54.489191407221256],[-122.23882894593113,54.49035965296082],[-122.23536531451144,54.494890450564284],[-122.23132971481645,54.494142489169064]]]},"bbox":[-122.70866402424045,53.37905527181659,-120.01598342678228,54.552759455820286]},{"id":"5953050","type":"Feature","properties":{},"geometry":{"type":"Polygon","coordinates":[[[-123.77346021524684,55.95747860801885],[-123.76207315123908,55.94922022452863],[-123.75757168902885,55.9400828662054],[-123.75153069632502,55.933894800270274],[-123.74589038877792,55.93377692650351],[-123.73663470150385,55.937880960682804],[-123.70573859385503,55.94245811091858],[-123.68842902876857,55.94283556317232],[-123.68143709736398,55.9401167298458],[-123.6829400830267,55.93921219488132],[-123.6842863174396,55.913676320029154],[-123.66773183754651,55.90974913375363],[-123.64969403553265,55.89630152968857],[-123.61890139427413,55.88827771438161],[-123.60803563052052,55.883145496339075],[-123.57896658152517,55.880875317853736],[-123.57619760566142,55.87053534900679],[-123.5236603834923,55.86316735371419],[-123.51100328686744,55.86924964650258],[-123.485375778038,55.87301410317671],[-123.4423508615757,55.88247427710439],[-123.43083304568354,55.88214073938174],[-123.41812853554777,55.87149679483037],[-123.40059261506208,55.8664253478691],[-123.3677260181268,55.86107783319667],[-123.36366416584221,55.8538291259794],[-123.38287116148688,55.83948711438106],[-123.38159664907381,55.83412737445996],[-123.36466370423653,55.8291483039032],[-123.35134182564074,55.83045054365198],[-123.33925837122527,55.81989651940214],[-123.33985877932994,55.808906329025845],[-123.31795713197032,55.8002399508625],[-123.30740774604497,55.7760963696562],[-123.31549590486291,55.77089537598545],[-123.31359823649291,55.75779735427915],[-123.34139884812106,55.73126022001686],[-123.32666239178917,55.71537325733289],[-123.3069279190255,55.70688581267396],[-123.26082907102686,55.69710814580665],[-123.22841103712605,55.71181242353862],[-123.20364838881278,55.714246774446146],[-123.18081709319416,55.71159367348503],[-123.19850720850823,55.72719265030584],[-123.19117454984048,55.73321569524614],[-123.16429272829173,55.737501199367664],[-123.14376974782822,55.7316863159522],[-123.13645195597776,55.72297683632315],[-123.13911552358928,55.71206584473472],[-123.12786260650653,55.697176916659885],[-123.12045732161978,55.693955086942346],[-123.12037902921573,55.68879131977038],[-123.12793337535977,55.68049346207869],[-123.12764418462292,55.66037685424032],[-123.14220544730111,55.65185763695517],[-123.14293553387422,55.640440972111186],[-123.12592564530833,55.629623943544885],[-123.07816130458697,55.62549765505083],[-123.07279530280955,55.62084490840592],[-123.0806390196119,55.61082586447556],[-123.07171323152637,55.59579261757201],[-123.07180901325893,55.58266664070835],[-123.03787529140203,55.56251729875999],[-123.01362927619489,55.559745582720645],[-122.99690130680365,55.56342093454405],[-122.97848229635397,55.570899084010655],[-122.96553626316494,55.58216455594366],[-122.94804104382105,55.58091873522548],[-122.92115690015069,55.564019177081015],[-122.94253901068971,55.55406405287906],[-122.93991026339714,55.5369270884982],[-122.93291946898053,55.52178450471687],[-122.95332830727216,55.50314557590785],[-122.95666110973391,55.48828706715297],[-122.93309459694395,55.47231227645774],[-122.92778587335458,55.46305047408885],[-122.93784618400586,55.45947774118533],[-122.95563066221959,55.45955678288412],[-122.9800752800997,55.46469703127696],[-123.00229688244576,55.45826195571491],[-123.00571977144267,55.44607808749988],[-123.00120990001813,55.43819889461759],[-122.98663242855105,55.42828619425679],[-122.98718708271369,55.401534600561504],[-122.97453482071546,55.39808475633147],[-122.92023481364465,55.41313762149959],[-122.87440953944088,55.41901712149934],[-122.8619651397812,55.41576339293547],[-122.87778850836948,55.40620326877069],[-122.86938027480942,55.40010382628695],[-122.84604239565873,55.39891552291513],[-122.83031433839693,55.384381951971605],[-122.81155518440849,55.387508677935685],[-122.78914994584207,55.38111576721473],[-122.74270805954868,55.36554163535258],[-122.73997685925251,55.35406572581006],[-122.71989745183578,55.3439783887687],[-122.69819588789022,55.34701175409572],[-122.6784871797124,55.34035263040825],[-122.65494478005618,55.34243151527835],[-122.63669846738391,55.35914539474697],[-122.63008141588648,55.393950994950565],[-122.60311597898308,55.41021178358674],[-122.58995744063536,55.414494713882576],[-122.57854906092767,55.412580487588436],[-122.55984350123865,55.40347603306725],[-122.5470979772321,55.390676617846175],[-122.54389238741948,55.38405976730084],[-122.5225023729431,55.37632367598071],[-122.51102638454316,55.366599172772546],[-122.5043263147304,55.363767914224965],[-122.49629484147187,55.36426651948657],[-122.49018804169748,55.360206060350805],[-122.48475707369276,55.34875542997216],[-122.46179267604637,55.34455568350862],[-122.44573647752924,55.335165318480854],[-122.42922552674327,55.330766247981046],[-122.38596669773102,55.33530870332772],[-122.35709944634574,55.30216145400922],[-122.33050136545748,55.28425543466149],[-122.29662802929316,55.251089413604916],[-122.30234783959175,55.243662545294754],[-122.29710117785302,55.23953242951899],[-122.27540100056602,55.237340285182476],[-122.25907820603473,55.23115812022076],[-122.25056390548401,55.2260962350492],[-122.23851224915668,55.22281366174723],[-122.22567283231453,55.20767862894326],[-122.23902512835085,55.20283179709694],[-122.25591484529939,55.203261557794896],[-122.27071025793806,55.19079520748105],[-122.27388341584812,55.181110902902404],[-122.2512440972273,55.16168632969995],[-122.25133763408695,55.143452906267086],[-122.23981511214565,55.140776600669504],[-122.23083683950782,55.14110705196763],[-122.22338362446969,55.14984695506978],[-122.2069811896709,55.152289433453284],[-122.1769305814268,55.14594353338228],[-122.16113841037087,55.13414529338267],[-122.16671566702902,55.12336619815927],[-122.16060689513128,55.11495684903339],[-122.15940129375026,55.105465874451816],[-122.1501498774476,55.10250613274784],[-122.12440373965939,55.0982937188756],[-122.10020972746652,55.10515379305108],[-122.05934660502345,55.072958336454754],[-122.03513790571101,55.065298013786524],[-122.00878492397207,55.03375315350431],[-121.99327905977955,55.028494376238804],[-121.9713716467433,55.027257410681415],[-121.96127963281964,55.013204881076746],[-121.94651478927419,55.01153635983103],[-121.93489368172735,55.0036076045458],[-121.93758312658198,54.99614179355564],[-121.91973607472428,54.98704104820166],[-121.9143193249359,54.97629004858251],[-121.90430512068937,54.96622430130332],[-121.89576156509615,54.963730430024704],[-121.89156676042374,54.9589596293162],[-121.86852841402292,54.95571520287468],[-121.86036301092395,54.944441656177226],[-121.85870426978119,54.93926042012654],[-121.84484607295035,54.933324909253834],[-121.84330632972365,54.92827610200192],[-121.84553778809362,54.919618818693586],[-121.85196808684469,54.91639293529513],[-121.86465323726786,54.9149890801126],[-121.86852120373904,54.90951578845317],[-121.86824636895331,54.90459498778664],[-121.85992359181743,54.8997060625569],[-121.83288663413896,54.903631122371785],[-121.83813753783271,54.897753257746274],[-121.86937894313265,54.88521635114334],[-121.86996160081128,54.873374808470864],[-121.86509650305992,54.869138550042095],[-121.80258588184749,54.85882910428753],[-121.79704614491233,54.855123873092424],[-121.79187864772165,54.83931555633669],[-121.78202183803917,54.839206304180884],[-121.77519939640268,54.843197317305915],[-121.77120045741758,54.8516794972632],[-121.7622776149377,54.853290333029605],[-121.75753209167218,54.858333691699016],[-121.73497913602385,54.87057128441169],[-121.74042638301121,54.88060762582605],[-121.7248905661727,54.88646973389514],[-121.69522376225774,54.878820322796095],[-121.67298775601698,54.86384288371356],[-121.65574257556312,54.85722628170981],[-121.64611827573077,54.8580330865409],[-121.64242258978054,54.851790290238455],[-121.64309348883017,54.84527115415756],[-121.58018427918078,54.824346494625864],[-121.55381898857624,54.82037567069156],[-121.54647223606872,54.813868364124346],[-121.54337094301175,54.805627428261246],[-121.53878141696444,54.800978476906735],[-121.52205717027765,54.798192759507906],[-121.52045320523897,54.79167843761028],[-121.52275373691242,54.779041029407786],[-121.52711742536673,54.77145322643508],[-121.48887909080025,54.752329724397946],[-121.49370510316419,54.745274746283826],[-121.48798812519405,54.73663682574007],[-121.47609491512453,54.73012691743683],[-121.47392948082891,54.72361344567466],[-121.47876875006499,54.706588114063244],[-121.4856580471515,54.695276854198895],[-121.49781470661364,54.6900672869176],[-121.51868698968251,54.68496516801597],[-121.51915103922026,54.6715362131468],[-121.52304473868881,54.66541362905237],[-121.52350697454139,54.651985248732856],[-121.49919518381833,54.63498933725872],[-121.49007137899773,54.625026934528435],[-121.49236115619834,54.62236458259604],[-121.48187698796998,54.60881433537667],[-121.46752963338635,54.609337979490654],[-121.45181033858235,54.60760449318295],[-121.45274718692707,54.59736811384297],[-121.43772007367255,54.587136361448046],[-121.44495716762509,54.576960520231104],[-121.45527347883257,54.57005332535349],[-121.45799056130039,54.56562361579767],[-121.45394174870823,54.56301747243758],[-121.42611853805387,54.56865690260829],[-121.42148624325316,54.56726591124649],[-121.39737344766633,54.568963190842815],[-121.39000679634708,54.55766566348495],[-121.39626285044781,54.53626134125461],[-121.42267887772708,54.53120744032909],[-121.439981685632,54.52350203568133],[-121.43745076425601,54.513292832794136],[-121.43082275926848,54.50361685881592],[-121.41257999345444,54.49102851282],[-121.41449602291668,54.480021717609375],[-121.42084777405515,54.468879871099475],[-121.41492161301713,54.46331379005086],[-121.41832077824016,54.45601930818972],[-121.44036831848538,54.44990219188667],[-121.46329157196962,54.434897940130746],[-121.46663275632184,54.41301890569491],[-121.47866465908821,54.41048511026218],[-121.49026694868196,54.4153712198328],[-121.5021179098227,54.42515761223043],[-121.5685557955436,54.4394768394098],[-121.58581857632208,54.43705209784717],[-121.58081655500945,54.41876606491304],[-121.5839772302591,54.415879715493936],[-121.59566011717732,54.41436467625266],[-121.60678325753526,54.42136111379117],[-121.61222548291663,54.420013730118626],[-121.62049676920365,54.420915053854046],[-121.6247339501943,54.42326224431253],[-121.63317220856776,54.422828835163045],[-121.63752532196361,54.41717419277453],[-121.6413173304759,54.404810018699145],[-121.64815653539374,54.40122107103553],[-121.65716449153969,54.39191597944074],[-121.66809117154101,54.39532767694319],[-121.68115787134525,54.409727051698205],[-121.71363529207521,54.40908750884303],[-121.7688278618878,54.418817963289165],[-121.8407661453078,54.44699495162797],[-121.86656104547669,54.454292473674144],[-121.87043341293199,54.43849587242533],[-121.87487708636941,54.43118238667806],[-121.87378432436935,54.41819426182819],[-121.86359696782253,54.40458575110548],[-121.86920111738773,54.39925610070966],[-121.88485664180666,54.39824989441477],[-121.92974726204396,54.41563541545063],[-121.94075755571126,54.42233196340965],[-121.95139285819202,54.433799049629066],[-121.95283442328295,54.43869275643337],[-121.9932377641894,54.448261501055434],[-122.00333037614278,54.44024578473089],[-122.02671165718205,54.43824345714042],[-122.0423900925261,54.4378651774304],[-122.04703282791056,54.44312301079362],[-122.06661204401856,54.44455971696082],[-122.07219360605117,54.463165662815825],[-122.06927467184946,54.47733245609253],[-122.0874764575286,54.488838746572945],[-122.09473029957783,54.48732111402506],[-122.10045020006623,54.477581216773665],[-122.10334444672338,54.46334430725593],[-122.1127416820863,54.466842654501264],[-122.11556192911694,54.47131808349743],[-122.12849804855863,54.46975085233645],[-122.13368492312661,54.47301699214529],[-122.13528711494669,54.48450949037995],[-122.14725774004195,54.49089574207094],[-122.15548417389425,54.4899337092446],[-122.18386590159437,54.47023007216723],[-122.19448106776196,54.47205961039166],[-122.20038756580647,54.47617585495002],[-122.204902460421,54.48313569198506],[-122.21163638181973,54.48446057956929],[-122.21750286229647,54.48827250377585],[-122.23536531451144,54.494890450564284],[-122.23882894593113,54.49035965296082],[-122.2441576249646,54.489191407221256],[-122.23898038402143,54.48421100254692],[-122.23114601166343,54.48003138408218],[-122.23078924459521,54.47120173371736],[-122.22613538083601,54.46933423061577],[-122.21994336987234,54.47163658425116],[-122.20625619284361,54.47139965814346],[-122.21313273608979,54.46649728411908],[-122.22024069858966,54.465229973951836],[-122.2192039072313,54.459003705738475],[-122.20826700075843,54.45532390821475],[-122.21333897947822,54.44965628838741],[-122.22809751497557,54.45153414948917],[-122.22873064458327,54.2048407485302],[-122.27079981319453,54.20569089031734],[-122.286591809894,54.2108507857356],[-122.30749521741195,54.22092419676928],[-122.3154110883442,54.230503404207],[-122.32194518911263,54.23560641422539],[-122.33375251245577,54.23992320688171],[-122.35457819770262,54.24440591313222],[-122.36501629940656,54.25223799960373],[-122.36836212362844,54.258541805745054],[-122.3739772952101,54.25938250649338],[-122.38270901609891,54.25640129937956],[-122.389659490567,54.25182960457401],[-122.41478061191071,54.24589909297001],[-122.44427840446055,54.236535594454814],[-122.46393761597248,54.222364888882566],[-122.47074589507105,54.22142098899524],[-122.48147599194651,54.22353481191251],[-122.4989679016765,54.221617791655234],[-122.53362571195686,54.20972709343961],[-122.53819858899648,54.206389307901055],[-122.54041239109303,54.2023367061942],[-122.53943880436574,54.196748998127795],[-122.54629362525912,54.190244006221185],[-122.54673899523677,54.18298090938013],[-122.55645061908524,54.17820409956205],[-122.55708368873945,54.17630410096167],[-122.5521882901256,54.17308599510879],[-122.54024129528483,54.17143720998006],[-122.54034189945652,54.1667402057586],[-122.54388040033167,54.165151899550885],[-122.57397321475077,54.163455194610066],[-122.5755624680895,54.16142613521476],[-122.61417091366248,54.16092775782445],[-122.63836377742469,54.1610430210361],[-122.63923752282949,54.166978816681905],[-122.66446733837569,54.16766808891228],[-122.70284885131466,54.165908505272874],[-122.70367206462085,54.16714942499555],[-122.73976321289298,54.16748568809366],[-122.7398116888858,54.16365616450493],[-122.81287025830007,54.1638651547671],[-122.81287929275454,54.148775732960665],[-122.8613547369935,54.14870393032492],[-122.86583622380599,54.15703878185599],[-122.94608645261668,54.15686674828062],[-122.94597230533122,54.165762990921806],[-123.02257612494623,54.16551102708328],[-123.02097902362435,54.17991278615831],[-123.17942510623375,54.18120544287775],[-123.2161100077662,54.17975225067114],[-123.21624311449307,54.17071994240322],[-123.51706144387362,54.17125909871594],[-123.52021435205492,54.17336950793326],[-123.52049399912532,54.25246934413761],[-123.5188472160969,54.25473247672276],[-123.5526890798739,54.27019902499291],[-123.53791174889568,54.27901992811636],[-123.53243069966403,54.28959937081034],[-123.55439168799373,54.30624498826993],[-123.58662274536833,54.317561566676495],[-123.62021156115793,54.32055832632777],[-123.64335457567627,54.325643356431144],[-123.64425645590742,54.330122631378934],[-123.66824583767699,54.326359297137316],[-123.7411713390681,54.32178894484144],[-123.78270068961446,54.33633340895173],[-123.81941191976036,54.336532343925114],[-123.82884485161593,54.34635880561282],[-123.84738189672674,54.371309618931356],[-123.85305395558396,54.375642117760535],[-123.863813788774,54.37801858286824],[-123.87802433928287,54.378871407492404],[-123.90561079407718,54.374681821077914],[-123.91541982247847,54.364856226045546],[-123.9282826233016,54.36144638877771],[-123.93340274229566,54.37349171697433],[-123.93342439798401,54.37982660120779],[-123.93818280231305,54.386337029383945],[-123.94565933148053,54.3923860457114],[-123.95287027978925,54.39513892623116],[-123.96284682520682,54.40748150991649],[-123.96940172293822,54.411340123214025],[-123.96935144863798,54.42418853784265],[-123.9864786855116,54.429510756236674],[-123.98459923582257,54.43525471015634],[-123.97015312942348,54.43853593428757],[-123.9650786518231,54.44430727012038],[-123.95475130108206,54.44660136122384],[-123.95128542228247,54.449466685215285],[-123.95244509268225,54.4587582596993],[-123.88060007327996,54.49235074494773],[-123.87730955476731,54.499110153201535],[-123.84804436144732,54.512486674821815],[-123.86505479369609,54.51741506514381],[-123.86314711804859,54.52012258674964],[-123.85772821143328,54.52150076854554],[-123.86117654457964,54.525286374693316],[-123.84290079397422,54.53075727624449],[-123.83330154491024,54.535493952125755],[-123.82171506280366,54.54419897718149],[-123.83333538268272,54.55428275322444],[-123.81973045636856,54.561963114008904],[-123.82217557835314,54.575584756352264],[-123.81967778483231,54.58081031953769],[-123.796290064406,54.5771521002963],[-123.78005612417799,54.5926160337472],[-123.80790584094471,54.60299067623392],[-123.80823791311576,54.60518220568367],[-123.7786501216072,54.61322998558157],[-123.77775261697323,54.618476927074575],[-123.78634333534079,54.627227091794076],[-123.77849891852773,54.65912592562118],[-123.79327620986906,54.67473439804943],[-123.78972015763361,54.681653728730204],[-123.795951300562,54.69265913819528],[-123.80701472403494,54.69453943205186],[-123.81211612414756,54.69365612022657],[-123.84223715835195,54.696152591083965],[-123.86012781354131,54.685758926123164],[-123.86326318449657,54.68705772725794],[-123.85803530100792,54.70012280768769],[-123.85936621835191,54.70420350522046],[-123.88039100996318,54.71966233726627],[-123.8787019387513,54.73528083002183],[-123.88051867851922,54.73819645529201],[-123.90370591355146,54.7438654269726],[-123.92637030896644,54.7589913889141],[-123.94815587858636,54.76749767374456],[-123.94397099905024,54.779138497894124],[-123.92578019882534,54.80683449505002],[-123.9149280779123,54.81617750240785],[-123.91955737454428,54.83174271214903],[-123.89580750257042,54.85371980410541],[-123.9044435439111,54.864809511690915],[-123.9267255960459,54.86212037290734],[-123.9725264378203,54.863697575423416],[-123.99032837161249,54.86631962275079],[-124.0051810136987,54.86255277601997],[-124.01100083792541,54.86534277585146],[-124.01920060100261,54.86494417927303],[-124.02311564729746,54.86793856375966],[-124.01485478597357,54.876732144515245],[-124.01590746904837,54.88003385211899],[-124.01419322979099,54.882095063185844],[-123.99860804685869,54.880879062885036],[-123.99450676798834,54.882283468646335],[-123.99341893760796,54.88747834123895],[-123.9950362842329,54.89302449225248],[-124.00681120632753,54.89745382973208],[-124.02300659768393,54.89743474858545],[-124.02910663747032,54.8992269317168],[-124.03411038508199,54.90298699776304],[-124.03452226627378,54.91680153358541],[-124.04501689044037,54.92821179541279],[-124.0519116849423,54.930458963414395],[-124.05326175549963,54.94478635396854],[-124.05127173110523,54.9507771921473],[-124.04035908841821,54.954447580949605],[-124.02148539180797,54.95305491476533],[-124.01327630471427,54.95990705297352],[-124.01322852305127,54.96618735662157],[-124.01109592821189,54.972220631507],[-124.0120220176143,54.98162731765174],[-124.00363512256962,54.98216258729292],[-123.99912291898586,54.986601832980206],[-123.9990775145286,55.025169373036036],[-123.98598869110138,55.02064219686677],[-123.98008222792711,55.012210212755825],[-123.94587838274363,55.01150080967195],[-123.90445785654731,55.019633027375946],[-123.88839242958994,55.03782575008053],[-123.87238015957955,55.04122111988933],[-123.86298216354712,55.04704962741088],[-123.84904701941299,55.04814362167009],[-123.83003968658329,55.044664139644674],[-123.83047425669608,55.038348076384764],[-123.8282633709268,55.0345161589322],[-123.81381149905592,55.04028472644788],[-123.81055474963942,55.03760636793443],[-123.81507347145971,55.02052724812065],[-123.81404894270082,55.00890844068938],[-123.81642578632675,54.99786060454548],[-123.79421195089542,54.99541572394814],[-123.76119660046288,54.974576377723174],[-123.75834744476677,54.96416315972276],[-123.72728017369154,54.955228015776335],[-123.72659484420046,54.94775055041043],[-123.72071626589829,54.94292990531201],[-123.7104576419286,54.94263770755043],[-123.70821580615716,54.933520656398855],[-123.69061074490256,54.923127978004466],[-123.65834126968959,54.920308231299344],[-123.63300814751793,54.93565668369745],[-123.63545699637938,54.939603342765864],[-123.63237957081427,54.94926018860133],[-123.62666907020693,54.95511890327833],[-123.61983574252174,54.95503939318629],[-123.59009497064639,54.946403378190865],[-123.5612233090416,54.95192029050636],[-123.55047147319738,54.95823794901736],[-123.53812201211294,54.98602722169373],[-123.52510676810616,55.0015455733641],[-123.5244061621675,55.00693789739474],[-123.51537617507657,55.017144322632],[-123.49489800253534,55.020009330025644],[-123.47261200259699,55.01686952865521],[-123.46750266140293,55.02123383397289],[-123.45418932782326,55.01441162540656],[-123.44656663460734,55.01540663282624],[-123.43304559517306,55.020877931243355],[-123.4211467987562,55.02807380299877],[-123.41556590936582,55.03289062962695],[-123.41076622162724,55.041017429350795],[-123.40668575012309,55.057348903968936],[-123.40768540925265,55.06502225467003],[-123.41520776261127,55.07091340722188],[-123.41581375590685,55.08057090613658],[-123.41345343366812,55.085941586799834],[-123.39956023389152,55.09824575879849],[-123.3962729075364,55.102977277469584],[-123.41073025286015,55.11424724908858],[-123.41699977305124,55.1219407523511],[-123.42006128850485,55.136842641580266],[-123.41866114480402,55.148033394863475],[-123.409731926671,55.156377017071435],[-123.39612704392253,55.165248995214114],[-123.39225944147611,55.17108644743971],[-123.39733372358029,55.182305568048285],[-123.4138830737451,55.201929963477845],[-123.41804158362662,55.21250892281491],[-123.41852708697273,55.21884944731852],[-123.41332591570541,55.23493057815247],[-123.43058979753607,55.241924800880845],[-123.43857494125075,55.2479843666098],[-123.4573006300955,55.27019405368744],[-123.46156630071314,55.28668372696923],[-123.49420887602562,55.31396542410103],[-123.50743326914086,55.31970896950663],[-123.53456457147304,55.32746199254985],[-123.54917686612933,55.31797633937717],[-123.56850672850538,55.31275975028093],[-123.60939744956106,55.310781665649124],[-123.64589303980841,55.306528983969955],[-123.66644592952484,55.30015993571309],[-123.71213351555738,55.29051709830379],[-123.7420779456282,55.28750708883554],[-123.77302052380277,55.299391525166534],[-123.79717176329113,55.32445560853384],[-123.82867539132737,55.33449371336973],[-123.85178867612748,55.33953347715365],[-123.85632496853552,55.342203657795864],[-123.86035377377321,55.34670684578629],[-123.86214607784295,55.36540264327364],[-123.86957788984209,55.37981749395166],[-123.86992574687301,55.389943849592534],[-123.8749721323889,55.40024087163768],[-123.8877066843678,55.412608536301235],[-123.89555185858053,55.41691929251585],[-123.90675806731711,55.42907520457611],[-123.90806891837205,55.4343694451],[-123.90437423423948,55.43907360763544],[-123.89498002762741,55.46478346322307],[-123.89799192886038,55.477746393317695],[-123.90102431776901,55.48326496012599],[-123.88520118238652,55.49331603395136],[-123.88309242615789,55.49619492713458],[-123.88451218504824,55.503715096277475],[-123.91082434580632,55.5277273851974],[-123.94225055128172,55.574914465793185],[-123.95346221154202,55.60272943053269],[-123.97505617066938,55.609454476715634],[-123.95218480819383,55.63463681442846],[-123.9329383192461,55.64800808090434],[-123.91643917673407,55.65676960409014],[-123.8461410642319,55.682402405468075],[-123.8273210671673,55.70068814587746],[-123.82091184011115,55.70317965932609],[-123.81798465211355,55.71695681297451],[-123.8132112093184,55.722791867995575],[-123.80325899196264,55.72836409213058],[-123.78431008237266,55.734864697255354],[-123.76039708302912,55.73173369338501],[-123.7568042863798,55.735949999561136],[-123.76177856926226,55.74558427140796],[-123.77302080463399,55.74923569111789],[-123.77259983401562,55.750556851447755],[-123.80589264211119,55.75797342917738],[-123.81599945494037,55.76600102572766],[-123.82226033858989,55.77460036731987],[-123.8229868880299,55.78429314478718],[-123.81913013408862,55.79044402162728],[-123.82417321837421,55.80004186976577],[-123.83581111108124,55.805118635688416],[-123.8580131823333,55.806297345869844],[-123.86655708070963,55.81047138272097],[-123.88025256813155,55.82545467963069],[-123.8925453714426,55.844597157686415],[-123.9038216091381,55.855992414609915],[-123.91265686170593,55.87497084084753],[-123.93675620259032,55.89480762233385],[-123.93760684282326,55.90012968092305],[-123.93272521078819,55.90970839703585],[-123.92483608978097,55.91400936043974],[-123.90743292406452,55.91875456597145],[-123.89662307484461,55.91898024042372],[-123.87467401090342,55.926976637622474],[-123.86870919978735,55.93439065018325],[-123.86002001690497,55.958133236890504],[-123.85712056966642,55.97203722262687],[-123.85143834188965,55.97750160179655],[-123.84226992175843,55.98279562996403],[-123.83059081167849,55.983275762253534],[-123.80993745495661,55.9790862059826],[-123.80292373858433,55.970705932603174],[-123.77346021524684,55.95747860801885]],[[-123.05627493804033,54.94256828408451],[-123.05031403120944,54.943398684644315],[-123.0474453332842,54.94687657335167],[-123.03838785694025,54.94828113899248],[-123.02538571353665,54.94898129303739],[-123.02373983565477,54.94862720868163],[-123.02400211825228,54.94689067156054],[-123.01789710560865,54.94456654860581],[-123.01366163819047,54.94802726348659],[-123.01128651955663,54.94703888647866],[-123.00930603374198,54.94752458109065],[-123.00936673405612,54.94936608025199],[-123.0134907330762,54.952798374350586],[-123.02857438458429,54.951231446032665],[-123.03088457638508,54.954981653109236],[-123.0431451146871,54.960839136259466],[-123.04269071064566,54.96813148293977],[-123.04036691740689,54.97299367509241],[-123.0424190282854,54.97668666234989],[-123.03939144118979,54.980480780655576],[-123.0431165174884,54.98756048461136],[-123.04097603364849,54.98739105988639],[-123.04296172578913,54.98858458006884],[-123.0409150358203,54.98874687477745],[-123.04021341526537,54.99165087828227],[-123.03698103680394,54.99247828109813],[-123.03657634356492,54.9951550124015],[-123.05271669582275,54.99484362014937],[-123.05530020496163,54.98032637463393],[-123.05742670439783,54.97635663135058],[-123.06435351199141,54.96884610233714],[-123.08844003070496,54.95067890007896],[-123.05627493804033,54.94256828408451]],[[-123.1527190239917,55.21609286615346],[-123.08420668611716,55.21890380552294],[-123.08207377432751,55.23954320187273],[-123.08580629640656,55.2933476705389],[-123.01147801422069,55.292400118444775],[-123.01204073129179,55.332136789119026],[-123.04218521382798,55.33231149079966],[-123.04202021618258,55.36808225881827],[-123.09185069360286,55.367865894263296],[-123.09332411637551,55.3967349542885],[-123.25786616066806,55.39560596363623],[-123.25739107733096,55.341403194520424],[-123.25158054517713,55.341147218325005],[-123.24973647036495,55.3270180835665],[-123.24176712679208,55.32733925653309],[-123.23701537433553,55.286864816854354],[-123.23125065584071,55.28697990259317],[-123.22635491734653,55.25170755223915],[-123.20178640021093,55.2514088700479],[-123.20176523443263,55.21534534315],[-123.1527190239917,55.21609286615346]]]},"bbox":[-124.05326175549963,54.14870393032492,-121.39000679634708,55.983275762253534]},{"id":"5953801","type":"Feature","properties":{},"geometry":{"type":"Polygon","coordinates":[[[-122.60715581433696,54.01591132112229],[-122.6076936749823,54.006000181824504],[-122.64377601800227,54.00550238432886],[-122.64316414594082,54.02742745749661],[-122.60777821161597,54.027488081276516],[-122.60715581433696,54.01591132112229]]]},"bbox":[-122.64377601800227,54.00550238432886,-122.60715581433696,54.027488081276516]},{"id":"5953802","type":"Feature","properties":{},"geometry":{"type":"Polygon","coordinates":[[[-123.03699721585039,54.992882777138604],[-123.04029332058235,54.991596776111294],[-123.04102452132778,54.988640079471274],[-123.04296172578913,54.98858458006884],[-123.04097603364849,54.98739105988639],[-123.0431165174884,54.98756048461136],[-123.03939144118979,54.980480780655576],[-123.0424190282854,54.97668666234989],[-123.04036691740689,54.97299367509241],[-123.04269071064566,54.96813148293977],[-123.0431451146871,54.960839136259466],[-123.03088457638508,54.954981653109236],[-123.02857438458429,54.951231446032665],[-123.01324071703239,54.95274429000771],[-123.01214701752814,54.95041716316765],[-123.00936673405612,54.94936608025199],[-123.00947565298125,54.947316678514944],[-123.01366163819047,54.94802726348659],[-123.01789710560865,54.94456654860581],[-123.02400211825228,54.94689067156054],[-123.02373983565477,54.94862720868163],[-123.02538571353665,54.94898129303739],[-123.03838785694025,54.94828113899248],[-123.0474453332842,54.94687657335167],[-123.05031403120944,54.943398684644315],[-123.05652391850093,54.942559784955925],[-123.08844003070496,54.95067890007896],[-123.06435351199141,54.96884610233714],[-123.05742670439783,54.97635663135058],[-123.05530020496163,54.98032637463393],[-123.05271669582275,54.99484362014937],[-123.03657634356492,54.9951550124015],[-123.03699721585039,54.992882777138604]]]},"bbox":[-123.08844003070496,54.942559784955925,-123.00936673405612,54.9951550124015]}],"bbox":[-124.05326175549963,52.15146311169055,-118.1933509329935,55.983275762253534]}