{"type":"FeatureCollection","features":[{"id":"5955003","type":"Feature","properties":{},"geometry":{"type":"Polygon","coordinates":[[[-121.29730413386416,55.24574758035027],[-121.2543348052537,55.240813010724544],[-121.15109534909053,55.24270892849905],[-121.1552373896496,55.20110311278003],[-121.00607457299489,55.202455872609754],[-120.93318914181806,55.20109023999876],[-120.81168556520028,55.20280330138776],[-120.81907512450027,55.18025155267153],[-120.8474609822564,55.031812018229616],[-120.87814171165617,54.85926726014457],[-121.07940288466362,54.80194256063275],[-121.30106771554196,54.940046521118674],[-121.52176953232501,55.0728539253078],[-121.51984077655614,55.08423790195456],[-121.52889830982161,55.08439952624506],[-121.5250223213859,55.133884774060355],[-121.52606609396945,55.13470235287013],[-121.62781175870705,55.13623698516855],[-121.62461293460154,55.18620843190852],[-121.59914555167023,55.18615296406056],[-121.59975123141535,55.17676952059562],[-121.54897947848599,55.17593630164956],[-121.54908468227774,55.185663901351425],[-121.49756219721897,55.1850855499402],[-121.4933822540229,55.203916408510004],[-121.49252016619235,55.245616734724614],[-121.29730413386416,55.24574758035027]]]},"bbox":[-121.62781175870705,54.80194256063275,-120.81168556520028,55.24574758035027]},{"id":"5955005","type":"Feature","properties":{},"geometry":{"type":"Polygon","coordinates":[[[-120.11171092860874,55.72289836056265],[-120.11248179721093,55.721505478386455],[-120.11753180282975,55.72105826891486],[-120.11529220585498,55.717742664512556],[-120.1246042130462,55.718177779309414],[-120.12518157735788,55.71561253633749],[-120.11955207107242,55.71570124740274],[-120.12175903693417,55.71322452992929],[-120.12683832187575,55.71311246358402],[-120.12880768798553,55.715555426818],[-120.13200725206019,55.712521689486785],[-120.14092121404066,55.71072525965133],[-120.14673644621452,55.71327225456692],[-120.14665440290067,55.723152394079214],[-120.11171092860874,55.72289836056265]]]},"bbox":[-120.14673644621452,55.71072525965133,-120.11171092860874,55.723152394079214]},{"id":"5955010","type":"Feature","properties":{},"geometry":{"type":"MultiPolygon","coordinates":[[[[-121.98269321094693,55.603467518673],[-121.99357031913074,55.600272454671526],[-121.9923834605569,55.59857982178716],[-122.00790136070519,55.59772057117467],[-121.98269321094693,55.603467518673]]],[[[-121.93652091688305,55.57389966987972],[-121.93626442773638,55.568042552291104],[-121.95303812572163,55.5676480853555],[-121.95294167473715,55.57491798647157],[-121.93652091688305,55.57389966987972]]],[[[-121.54610272036548,55.73705319458185],[-121.5461283193824,55.733166681404185],[-121.55012744051689,55.729693746341454],[-121.55290614403535,55.7297217633293],[-121.55303330232593,55.722156598887764],[-121.55985238061571,55.72204936276155],[-121.56584060950742,55.71946436362251],[-121.57093938693811,55.72187433486488],[-121.5658657951926,55.72196896218579],[-121.56538411731093,55.72756458300728],[-121.5560205049645,55.735304861513384],[-121.55282113795455,55.73706590699873],[-121.54610272036548,55.73705319458185]]],[[[-121.29589901286687,55.74141830550514],[-121.29543899727439,55.73724043932983],[-121.32100784334811,55.735423862876075],[-121.31925020619843,55.7491915389461],[-121.29304744708439,55.74956996026722],[-121.29589901286687,55.74141830550514]]],[[[-122.22653010376322,55.62791480146337],[-122.17662619576645,55.63140047818444],[-122.16947010096455,55.59692477978917],[-122.18637765271113,55.59594649503043],[-122.18708565167913,55.60029326096868],[-122.22584659045765,55.598845648970126],[-122.2263584832134,55.601830310929316],[-122.26451880091963,55.60089284956166],[-122.26476194843507,55.61228734281749],[-122.25332555642578,55.612557609265174],[-122.25317964702991,55.61574617624535],[-122.24476358192715,55.617954918867],[-122.22605237406842,55.619325055070085],[-122.22653010376322,55.62791480146337]]],[[[-121.68978319962291,55.7516677073522],[-121.60369936166653,55.75015519475899],[-121.60745847020858,55.74390009128877],[-121.59627536044638,55.73743260299485],[-121.56489246620652,55.7371137437248],[-121.56515662754065,55.729759565026626],[-121.5635868449744,55.72980205396287],[-121.56586449757918,55.7276762619727],[-121.56591579629647,55.73058174250759],[-121.57025669394748,55.73049801413583],[-121.57040464759957,55.72475849284522],[-121.58009483751573,55.722089639170996],[-121.57993788676617,55.72385002206481],[-121.58566783538183,55.72506890116514],[-121.59018172931518,55.719904088250736],[-121.59439940816945,55.71977111138005],[-121.59550874708667,55.71781454579245],[-121.60435068327247,55.715940306927536],[-121.59698169782023,55.71571293194496],[-121.59735328252313,55.70870785892264],[-121.5854536610472,55.70855382234886],[-121.58454736957934,55.69904922828627],[-121.58570292198606,55.68850159105067],[-121.59666881333477,55.687984699878285],[-121.59672005585527,55.6814809430392],[-121.6090663254382,55.681169268157944],[-121.60898504598886,55.68436286959665],[-121.62072607104389,55.68530894037421],[-121.61983841511667,55.680558658719065],[-121.63835114612901,55.68069477965295],[-121.64086323216334,55.677001781137584],[-121.64467050967947,55.67683798231041],[-121.6397420558791,55.67206754659582],[-121.64501910767387,55.67302100452626],[-121.6438207937911,55.693129012451514],[-121.66349817492855,55.68681923712816],[-121.66527972709011,55.70082583344179],[-121.68232134818986,55.715900506402356],[-121.69085660848826,55.72116314780588],[-121.69516214691187,55.71984321903184],[-121.69188124513784,55.7230756977784],[-121.69122387540682,55.72665046167254],[-121.69953125080349,55.74059237579527],[-121.69539253356477,55.74389493574927],[-121.68766555792712,55.74373573945742],[-121.68739700954531,55.74535388789158],[-121.68407610121285,55.74699876921584],[-121.68375440977371,55.749439883364694],[-121.68636211149975,55.75149926606278],[-121.68978319962291,55.7516677073522]]]]},"bbox":[-122.26476194843507,55.5676480853555,-121.29304744708439,55.7516677073522]},{"id":"5955014","type":"Feature","properties":{},"geometry":{"type":"Polygon","coordinates":[[[-120.2505451812999,55.78129386303257],[-120.22456971593598,55.78127235788796],[-120.22459340858771,55.773996611635205],[-120.21182697543925,55.773883683792754],[-120.21139760498355,55.74818161930552],[-120.20068879312052,55.74818730210585],[-120.20077593043217,55.75218969425469],[-120.1720114705266,55.75225503652859],[-120.17137920232173,55.74480010919946],[-120.1467409751884,55.744717498758476],[-120.14678962818225,55.73767311423306],[-120.17266466311234,55.737698318096434],[-120.172657179922,55.73032015394392],[-120.19863414399381,55.7305605951458],[-120.1986335173736,55.735133975088935],[-120.20126301958712,55.73511273753429],[-120.20134881519076,55.733449152136785],[-120.2106879544327,55.7334343997852],[-120.21054532433382,55.730475166045395],[-120.25045434788682,55.73032241203012],[-120.25049710475943,55.74498225412942],[-120.26469752212263,55.74504252486168],[-120.26486105462347,55.75961729510068],[-120.27637405004441,55.75961612667717],[-120.27635956158238,55.76671660553166],[-120.30228240908886,55.76673719208729],[-120.30228751685178,55.77346848167768],[-120.27639022970823,55.77392622064058],[-120.27656954140495,55.7810048244744],[-120.29030593472856,55.78610279477979],[-120.28938756583011,55.788865865060224],[-120.27636653549959,55.78871073349273],[-120.27669261059576,55.78342573707716],[-120.27318509561009,55.781275294005795],[-120.2505451812999,55.78129386303257]]]},"bbox":[-120.30228751685178,55.73032015394392,-120.1467409751884,55.788865865060224]},{"id":"5955021","type":"Feature","properties":{},"geometry":{"type":"Polygon","coordinates":[[[-120.81700299245132,56.14799629842608],[-120.80947689775022,56.14932669338486],[-120.79709750207984,56.13737239711465],[-120.78584971964631,56.13629270566837],[-120.78223079436928,56.13409599737665],[-120.77180478675771,56.13420711099397],[-120.75317651451954,56.13144269292952],[-120.74020226410119,56.13346402387372],[-120.73344303236897,56.13200957400085],[-120.72705304344383,56.134152587131325],[-120.71291560511754,56.133670198156686],[-120.70950761119282,56.135269495354514],[-120.70856597648476,56.13855089373028],[-120.70123731405425,56.14172829783935],[-120.6974016950571,56.140037794812514],[-120.66053361572368,56.136331997082515],[-120.65512449222527,56.1328897014571],[-120.64028738306023,56.128360690669965],[-120.62868599954535,56.127399411290114],[-120.59818599499638,56.12984189925913],[-120.56533002476013,56.12285330454244],[-120.55150879807243,56.11707378818758],[-120.54173978510185,56.11573080811644],[-120.5333263065045,56.11514399962206],[-120.50279338981676,56.11871878971117],[-120.49140257737152,56.11859349699723],[-120.46822431604751,56.11390208975949],[-120.46361747669951,56.11221019979251],[-120.46077691037551,56.10854279554741],[-120.44053601214571,56.102351791746855],[-120.42527401583571,56.100782304667405],[-120.36336091179378,56.09615359402412],[-120.34042901058535,56.100372105195085],[-120.31681610203898,56.10253981293192],[-120.30914219728763,56.100390704083864],[-120.30131591215962,56.100417700995735],[-120.27941852224966,56.10184050111987],[-120.26002823400313,56.105359094741104],[-120.23568858274405,56.10522579305273],[-120.23238720687355,56.10477718748228],[-120.22823148909782,56.09799659273453],[-120.20792170771398,56.09334509461869],[-120.17076678773203,56.09086269446312],[-120.13802986255766,56.098937281549446],[-120.11722896497766,56.09815296186341],[-120.10490855622741,56.10118154124999],[-120.07350855939022,56.11430406863159],[-120.06301146609587,56.12326052633482],[-120.05745596133262,56.12572296226876],[-120.03667658526285,56.127116611614774],[-120.02936515993709,56.129089067820274],[-120.00965978581755,56.1377028208215],[-119.99999998968761,56.145535074320925],[-120.00132711196626,56.01431380735949],[-119.99994716685234,55.96542522889774],[-120.00000000930036,55.66363697490771],[-120.00134582248955,55.62135700357484],[-119.9999952298468,55.54858333479518],[-120.00175360057167,55.505709637109966],[-119.99981639469365,55.33295166473554],[-119.99999995119815,53.79948085334337],[-120.00300592827085,53.7967809852455],[-120.0085038026316,53.79535120560347],[-120.03708743667657,53.804650204109976],[-120.0404160873629,53.814224010455575],[-120.04724287498237,53.82239820479189],[-120.04979003740536,53.82900733423685],[-120.04296272371641,53.84589627156016],[-120.01598342678228,53.85174413221166],[-120.01742562628836,53.86419604299232],[-120.05282219448405,53.883247052096095],[-120.06590253128135,53.90261592499295],[-120.06758092651427,53.90882074477392],[-120.05545343333401,53.92084675787719],[-120.06031033193695,53.9286036304442],[-120.05838286116658,53.94062182573448],[-120.06932341536088,53.95318924342375],[-120.06391239197572,53.964311098705274],[-120.07449499386337,53.97779573031559],[-120.09681674025305,53.984571543861676],[-120.10580053134598,53.98302902441942],[-120.12290772166789,53.97203202297479],[-120.13499552731781,53.96064728461623],[-120.14556283514159,53.947730448177644],[-120.14741349233452,53.94215517315606],[-120.15551482021412,53.93816347163113],[-120.16133460927097,53.93750328852275],[-120.17380103509085,53.938231292879536],[-120.18065258118733,53.94021377309919],[-120.1918183721522,53.94000282284855],[-120.20788086209662,53.95504084162201],[-120.2066552886413,53.96989541912798],[-120.20958263054835,53.97282096293725],[-120.23332073106035,53.976486229714496],[-120.26000412177576,53.976627832418245],[-120.26290373208006,53.99962947208332],[-120.24958644100433,54.021084834164974],[-120.22962825028641,54.04154911537625],[-120.20546902991836,54.03056362025998],[-120.19654626669886,54.02980976060291],[-120.19363380277683,54.04432741017087],[-120.17826547300913,54.042119937869515],[-120.17626192932707,54.048878945840315],[-120.17775904500446,54.05106788341811],[-120.17414953947441,54.05489709290732],[-120.16815532365347,54.05132920701734],[-120.15508785983857,54.05452328831928],[-120.14357943099924,54.06460106132113],[-120.14213498049081,54.07421908502553],[-120.15553786197846,54.086292835699176],[-120.15830718441002,54.10158324565829],[-120.15520418238896,54.1076530632055],[-120.16011738644359,54.11171340521876],[-120.16729661559171,54.12152147938158],[-120.17247126882448,54.122436358580714],[-120.18356270352551,54.117566716392],[-120.19850604286538,54.114211596863285],[-120.23141488409135,54.111338503290185],[-120.24064775441158,54.1134770988158],[-120.26232615873394,54.11146388313729],[-120.27296069877855,54.11361412261711],[-120.28840340460454,54.114165572866845],[-120.31014385866055,54.109839043444445],[-120.32137755798117,54.10455068215741],[-120.32899812066391,54.10436139687657],[-120.39321978377053,54.12175497527323],[-120.41348155567294,54.11798678433414],[-120.4402454376546,54.11841919860147],[-120.44649262126887,54.12400470932684],[-120.46056123283107,54.130643837819754],[-120.47922711460812,54.13508028258845],[-120.50184406510023,54.131444272224684],[-120.50626694619189,54.12937120742706],[-120.53180825679672,54.13601689386708],[-120.5438620121894,54.14420379158103],[-120.55083816759728,54.15399805263303],[-120.55549060988649,54.15692868047955],[-120.55686660699185,54.16095433915533],[-120.58146975331589,54.17383642825164],[-120.58196416367339,54.18285879721538],[-120.56776971159091,54.19098446153955],[-120.57160388147115,54.201348149336766],[-120.56408206673386,54.2067573170623],[-120.56625282116433,54.21882128499821],[-120.58405894182111,54.227836399916455],[-120.58315998044647,54.233492205434054],[-120.57551026428543,54.239428435366875],[-120.57673552570115,54.24562634728573],[-120.58159465786643,54.25013821055374],[-120.58090793634668,54.256388427913514],[-120.59109341076143,54.26765388758188],[-120.59854598273367,54.28370679593968],[-120.60631240476808,54.2896866297644],[-120.62406303419009,54.29217588129434],[-120.6311577114169,54.28115448122697],[-120.65286539193437,54.28873601771702],[-120.676640598422,54.28229651079436],[-120.68461030772743,54.283793760671934],[-120.69936763972618,54.29343105636206],[-120.70687088672736,54.29604357703998],[-120.71752626764251,54.29235031832547],[-120.72747203803182,54.297214529586945],[-120.72730894480752,54.30037431953586],[-120.7133827931185,54.30516431905448],[-120.68312336604569,54.322956426618525],[-120.69159129755036,54.32873733427474],[-120.69216481776165,54.33479948667066],[-120.69718756712035,54.341152047800534],[-120.69901686900576,54.34636574593593],[-120.69343550881854,54.34975608851394],[-120.67561908557296,54.350235814020905],[-120.66532371309509,54.3523429726646],[-120.65962667650368,54.35502369505951],[-120.66095798626039,54.36066228609663],[-120.6680399519592,54.374329970522204],[-120.68195730657575,54.38643591941334],[-120.68897163663524,54.39181388508163],[-120.71164418069597,54.40249097336913],[-120.73219988624568,54.40861133264367],[-120.74751671471307,54.40408982664042],[-120.75223243815061,54.39864994967991],[-120.75565019202566,54.396693368893146],[-120.76073440670442,54.396393019084854],[-120.77596079285613,54.39713740001056],[-120.78107235923501,54.40223977280389],[-120.78455424861158,54.40337903992118],[-120.78489758243627,54.41016948491103],[-120.79663640089619,54.417811125414296],[-120.80207054706116,54.42798952090415],[-120.80260854334703,54.43702234781438],[-120.80112320676906,54.44532002783687],[-120.80356406533564,54.45355580477432],[-120.80004331727174,54.46206622055846],[-120.78989519728216,54.46874414953398],[-120.79082654231699,54.473137248282896],[-120.7944880030487,54.476316246986],[-120.80489178307462,54.47830368080792],[-120.81533677429978,54.48525127567018],[-120.81440683474852,54.48805654143207],[-120.81640469949832,54.49076889771087],[-120.82507867380885,54.49371230907183],[-120.84755483483276,54.48927554697989],[-120.87085652905294,54.490505042224754],[-120.87517834609349,54.488943282210805],[-120.87813145124034,54.47070708503639],[-120.8768457921881,54.46516756772042],[-120.8794806156447,54.46260993553064],[-120.90200328685938,54.456910757709224],[-120.93417836642152,54.45197083704207],[-120.93672227077754,54.45698956412817],[-120.94278634879228,54.4608356531645],[-120.95407489688485,54.462856226593075],[-120.97716702417245,54.46116294208745],[-121.00468414755777,54.463696895192314],[-121.02065844106748,54.460916072906976],[-121.03779706000675,54.45385367269452],[-121.04456683936847,54.45552117943142],[-121.06301549013011,54.467303529392176],[-121.06520608137029,54.46190703947358],[-121.06422251387181,54.45742442106995],[-121.06828388283554,54.45124248628726],[-121.07416324811659,54.45119249832315],[-121.09343292593013,54.45994042789622],[-121.1075094994465,54.46854126083048],[-121.1130417065774,54.47006983071257],[-121.11945721583857,54.474961002775494],[-121.09757799730453,54.478214767510345],[-121.08986741011955,54.481688472494845],[-121.08589940732605,54.481050470335035],[-121.07818069547602,54.484991170832494],[-121.06500072351152,54.48878957197505],[-121.05044889173631,54.48898756729729],[-121.05500390761654,54.49383417750263],[-121.04970922509523,54.50352865888691],[-121.0516092200232,54.503856260059926],[-121.05152739424277,54.50752216444855],[-121.05312963301228,54.50859037037255],[-121.05286868322645,54.517040109355186],[-121.05758768921805,54.52400020667078],[-121.06026561606444,54.52423710531182],[-121.05955200052001,54.528597608722805],[-121.05596260389179,54.53446531162979],[-121.05177082376919,54.53631540061215],[-121.04670288142084,54.535527794487564],[-121.0470636891807,54.53703741557862],[-121.04315681665106,54.53977348403437],[-121.05027680547822,54.544778062299045],[-121.04600593400332,54.54648006018101],[-121.04239410049617,54.5511955652948],[-121.0420105991481,54.55436156903348],[-121.0383888259446,54.55474326282347],[-121.04099932565838,54.55805737351979],[-121.03943392281242,54.55971377723978],[-121.04052392710508,54.56150257932619],[-121.03797094665191,54.56443647429246],[-121.03997298325035,54.56819200369558],[-121.03878420547177,54.57181520444755],[-121.04206421306208,54.57548108908286],[-121.03594800894271,54.58000729970613],[-121.03704739739825,54.58235288610415],[-121.03511609642187,54.58321168999968],[-121.03571459429321,54.58554171317029],[-121.03217501360085,54.588397299478295],[-121.03488770408063,54.589785884774884],[-121.03148378350231,54.590925905276166],[-121.02941612303317,54.5986915046274],[-121.02335179614406,54.60045039454617],[-121.02559231290013,54.60365909441862],[-121.02084422149903,54.60493949722251],[-121.01731041207388,54.60842169506926],[-121.02848569916421,54.61395331344728],[-121.03390400878205,54.6254936832057],[-121.04869948682271,54.63430811257632],[-121.05026191225582,54.63722769295358],[-121.04944299419631,54.638701807067136],[-121.05266740024287,54.64192480090433],[-121.05988059409736,54.64423060484178],[-121.06340301379328,54.652482401128744],[-121.07673918903564,54.65149120198611],[-121.07853410252625,54.65699578613964],[-121.08684628188333,54.659372804118625],[-121.09092531126915,54.65889990049494],[-121.09094602111901,54.66455400786506],[-121.09573941683537,54.66848630187106],[-121.09374741382373,54.67430700532063],[-121.09650118971447,54.67800710007515],[-121.10779541290873,54.678022795061814],[-121.1087189947664,54.67923340062266],[-121.1062874875833,54.68100790547803],[-121.12739661466233,54.69028669414947],[-121.13236791538056,54.69365348977926],[-121.13350521963953,54.69686080445091],[-121.14323650365462,54.70150229282828],[-121.14960397411149,54.70193099294348],[-121.14966031569905,54.70375970557575],[-121.14598008081218,54.707156402780264],[-121.14972780228997,54.70939379508169],[-121.15090540581521,54.71329329183248],[-121.15676630226079,54.71421758936718],[-121.16353551850996,54.711869102847885],[-121.16721778155632,54.71520029312918],[-121.16416079462401,54.719018614328526],[-121.1696579065253,54.72055250572459],[-121.17047630031611,54.72246379800879],[-121.1692069085194,54.72477960163911],[-121.17791561220298,54.73290748558888],[-121.17791122197619,54.73424629660139],[-121.17388922489255,54.73625590314164],[-121.17405409803308,54.73824830627815],[-121.18876254192442,54.74095577301218],[-121.18628881165928,54.750392682711976],[-121.20410838457879,54.75954310829914],[-121.20346101735618,54.762139401453545],[-121.20958138542422,54.766235496100116],[-121.20641389100594,54.76827208983163],[-121.19877529204597,54.76922489477445],[-121.20301501091916,54.77399310602424],[-121.20055058493078,54.77666918987597],[-121.19578779554446,54.774945909167734],[-121.1922514818598,54.776004102559696],[-121.18835281411582,54.78130070097725],[-121.1913904163841,54.784448192901706],[-121.19003824876802,54.78586386900589],[-121.19700271227336,54.79114356404696],[-121.19796071001701,54.79272716327427],[-121.19657985813006,54.79307878053467],[-121.20066088367346,54.79664520689827],[-121.21351521311189,54.80293449208703],[-121.21756558011255,54.80713590118046],[-121.21734290622656,54.80941181045737],[-121.21294129714751,54.810294814609506],[-121.21678747826445,54.81339959459182],[-121.21569980544052,54.81527669183533],[-121.21935398825421,54.82000219625028],[-121.21508548880375,54.82272530619053],[-121.22083917885595,54.825317395726955],[-121.2175121908838,54.8276787030039],[-121.21899201507911,54.83103410837287],[-121.23199270220424,54.835993201365255],[-121.23298810882675,54.83923759973812],[-121.22952020137626,54.84374090833564],[-121.23453928795716,54.8458757923912],[-121.23864611250816,54.85218079832978],[-121.25249951094682,54.854089197277396],[-121.25625898885951,54.85862109622574],[-121.25151218866293,54.86108640444352],[-121.24968281049993,54.86680319085011],[-121.24588190652334,54.87082090340848],[-121.24988560007023,54.87474310457447],[-121.24946091753793,54.87906989728971],[-121.2542868757131,54.87924219296955],[-121.25040569496045,54.881845705884615],[-121.2488646990215,54.88790569089805],[-121.25088298743485,54.88984400090206],[-121.23579939470726,54.89613620206209],[-121.23093413810092,54.89658670566572],[-121.07940288466362,54.80194256063275],[-120.87814171165617,54.85926726014457],[-120.8474609822564,55.031812018229616],[-120.81907512450027,55.18025155267153],[-120.81168556520028,55.20280330138776],[-120.8525644447675,55.20185815709531],[-120.8488508297456,55.22092558257006],[-120.84488521933893,55.22839305589727],[-120.8450986837256,55.239981454034066],[-120.84860500481683,55.24766823236126],[-120.84181649462958,55.25240592883208],[-120.84355937629324,55.261005438892745],[-120.8543315433979,55.26542708182538],[-120.86042358770084,55.271301867155884],[-120.88517539982918,55.27814509736762],[-120.89051042180452,55.28137949965978],[-120.89905514359549,55.29807419582925],[-120.89770737344386,55.30131775516952],[-120.91055941623337,55.31544963956954],[-120.911256235035,55.31979294655212],[-120.90892528195364,55.330402971180874],[-120.90482050599425,55.33521120331162],[-120.87276395620741,55.34950561174758],[-120.85795441304903,55.35430521890262],[-120.85192344498269,55.36118182392123],[-120.83775563589381,55.36815306937961],[-120.81427089406267,55.37259509738671],[-120.80284425095036,55.377390644863226],[-120.80633169399992,55.382708890966946],[-120.81617873713535,55.38825786194128],[-120.822898021989,55.397003847139786],[-120.81227030297438,55.41429676733055],[-120.81244418046188,55.41656191791793],[-120.82025881964589,55.42534275454684],[-120.81806907043065,55.42762138555104],[-120.81905381532357,55.44090833654309],[-120.82749745360235,55.45558274449569],[-120.81888996562964,55.46259630241795],[-120.79968865965341,55.48825758099283],[-120.7985021841239,55.49607198102894],[-120.78916350227614,55.50464551704991],[-120.7376640154996,55.520659200093434],[-120.73162346382894,55.52671182841538],[-120.71879309868595,55.535434358178264],[-120.70345201392148,55.53978169077374],[-120.69501613301075,55.54469031857643],[-120.69103630130249,55.5508933250993],[-120.67852976350639,55.55543890995311],[-120.66797911074111,55.563026997639646],[-120.65433617058692,55.56506479413826],[-120.64281160244319,55.56440416109548],[-120.64575322366318,55.63522715151227],[-120.63451463123099,55.63534229407294],[-120.635614747823,55.81110324581061],[-120.66163506780956,55.81087748404586],[-120.66244047496089,55.986087076997094],[-120.8153121558484,55.987157958826224],[-120.82194035578479,56.07660750748576],[-120.81218621832842,56.08455323574875],[-120.81628553470479,56.113373118936714],[-120.81700299245132,56.14799629842608]],[[-120.14092121404066,55.71072525965133],[-120.13200725206019,55.712521689486785],[-120.12880768798553,55.715555426818],[-120.12683832187575,55.71311246358402],[-120.12175903693417,55.71322452992929],[-120.11955207107242,55.71570124740274],[-120.12518157735788,55.71561253633749],[-120.1246042130462,55.718177779309414],[-120.11529220585498,55.717742664512556],[-120.11753180282975,55.72105826891486],[-120.11248179721093,55.721505478386455],[-120.11171092860874,55.72289836056265],[-120.14665440290067,55.723152394079214],[-120.14673644621452,55.71327225456692],[-120.14092121404066,55.71072525965133]],[[-120.2767037542377,55.78043448709582],[-120.27639022970823,55.77392622064058],[-120.30228751685178,55.77346848167768],[-120.30228240908886,55.76673719208729],[-120.27635956158238,55.76671660553166],[-120.27637405004441,55.75961612667717],[-120.26486105462347,55.75961729510068],[-120.26469752212263,55.74504252486168],[-120.25049710475943,55.74498225412942],[-120.25045434788682,55.73032241203012],[-120.21054532433382,55.730475166045395],[-120.2106879544327,55.7334343997852],[-120.20134881519076,55.733449152136785],[-120.20126301958712,55.73511273753429],[-120.1986335173736,55.735133975088935],[-120.19863414399381,55.7305605951458],[-120.172657179922,55.73032015394392],[-120.17266466311234,55.737698318096434],[-120.14678962818225,55.73767311423306],[-120.1467409751884,55.744717498758476],[-120.17137920232173,55.74480010919946],[-120.1720114705266,55.75225503652859],[-120.20077593043217,55.75218969425469],[-120.20068879312052,55.74818730210585],[-120.21139760498355,55.74818161930552],[-120.21182697543925,55.773883683792754],[-120.22459340858771,55.773996611635205],[-120.22456971593598,55.78127235788796],[-120.27318509561009,55.781275294005795],[-120.27669261059576,55.78342573707716],[-120.27636653549959,55.78871073349273],[-120.28938756583011,55.788865865060224],[-120.29030593472856,55.78610279477979],[-120.2767037542377,55.78043448709582]]]},"bbox":[-121.25625898885951,53.79535120560347,-119.99981639469365,56.14932669338486]},{"id":"5955023","type":"Feature","properties":{},"geometry":{"type":"Polygon","coordinates":[[[-123.46860537951942,56.02169809377742],[-123.39481231817577,56.0184400065353],[-123.36438953058872,56.01529107065179],[-123.33621776624571,56.007748882016806],[-123.32061515916335,55.99611549017237],[-123.2826801723299,55.983321733801226],[-123.24736330236784,55.979739749753314],[-123.20216009282412,55.98142253395299],[-123.16271447348976,55.98636311395956],[-123.1299243250923,55.994270401563675],[-123.11726797406348,56.00192882326258],[-123.0768478345547,56.03193559513824],[-123.06238114509439,56.061136969180474],[-123.04982246659763,56.069632017830514],[-123.03347771697126,56.07596687895934],[-123.00553743477305,56.082572208456554],[-122.90472089621184,56.093851703157654],[-122.7809845602149,56.089322780279794],[-122.7403709701768,56.09050919607694],[-122.70014605603498,56.09829582836759],[-122.67064799833817,56.10950484830848],[-122.62861564849607,56.131105438803736],[-122.60632452503684,56.139105388020994],[-122.59044424756135,56.14289156695988],[-122.55555446896199,56.14484601844002],[-122.53164885940132,56.14139400968418],[-122.50845585918562,56.13242876240484],[-122.4378923695386,56.11275291175255],[-122.34258065287403,56.09405171838519],[-122.30432391697623,56.08308572707899],[-122.29986165091472,56.045505054566874],[-122.27091894172611,56.04589019739405],[-122.27078516916312,56.038994481930516],[-122.29153710869222,56.04068593950817],[-122.28539431466956,56.00172337434156],[-122.24362616840733,56.00373238793531],[-122.23159268866007,56.005624064639484],[-122.2269841159454,55.95444043516984],[-122.23607148493944,55.889981520441694],[-122.03689296551798,55.885841168340626],[-122.03784275189169,55.89926441569321],[-121.9292703991056,55.89774534559714],[-121.9290043920095,55.89008930294082],[-121.91483455778828,55.89014830199833],[-121.91409231359575,55.87199950351085],[-121.90103350474297,55.871664758502284],[-121.90200303969023,55.897948104920545],[-121.75663079009895,55.89838707454613],[-121.75674415348101,55.98547805992591],[-121.74379296933283,55.98536135912117],[-121.74361441740643,55.99137234963686],[-121.74405921055516,56.00032364906411],[-121.75686977087935,56.00021171429648],[-121.75629517269678,56.11387454191903],[-121.74083962684628,56.1181235053705],[-121.71412691233465,56.11515541014737],[-121.68861578240002,56.11643440083462],[-121.6742566703261,56.11987099358236],[-121.672216485712,56.123330395382034],[-121.66408957690084,56.12766139779644],[-121.60730510207051,56.146453913729765],[-121.60024759693162,56.15019951463417],[-121.58395481001746,56.16376511003786],[-121.5749636230881,56.16838529980641],[-121.55545260132386,56.17565160293942],[-121.51262171326537,56.187919705962],[-121.4871095974335,56.192769100959076],[-121.47873901387995,56.19591107196097],[-121.46786244461525,56.20260750359173],[-121.46839248199248,56.20673210079003],[-121.46713520590511,56.20724618349104],[-121.4498269897001,56.21057600663797],[-121.43690071396418,56.21040660253467],[-121.42885699531783,56.212567110969076],[-121.42306061877072,56.21500959250896],[-121.40848738879535,56.22778899227909],[-121.3919298386692,56.233015193746446],[-121.3720448848656,56.23100061071708],[-121.3493372039124,56.23251459923402],[-121.33503748771254,56.235479812865826],[-121.31382538963906,56.23263991525245],[-121.28676960069677,56.236535113775474],[-121.26533432307411,56.24242709739205],[-121.2512985091301,56.254494388181215],[-121.22661388323094,56.264979408080364],[-121.2069138871054,56.26743329578581],[-121.17841012297609,56.258198806443076],[-121.16523741313782,56.248509807084204],[-121.14906988314411,56.24655579498706],[-121.12241161362407,56.22849400338814],[-121.09512538432631,56.22247390328186],[-121.09013739916634,56.21981770694152],[-121.08416740053119,56.21945310185171],[-121.08165641380384,56.22096990876912],[-121.0629331808892,56.217822402946624],[-121.03861587301897,56.217541799325794],[-121.02458018862366,56.21921959202736],[-121.00567371779783,56.22634919542509],[-121.00284291960583,56.22893549248978],[-120.9894580958252,56.23127691414211],[-120.96850778446522,56.22811659770807],[-120.95408409471659,56.22402061147528],[-120.9456732070341,56.21926939799451],[-120.9294871988486,56.206119699820924],[-120.925017105741,56.200632213153085],[-120.90546252261466,56.19183910170098],[-120.87573790363726,56.19153289403617],[-120.84362880274718,56.19406228819126],[-120.83907318335187,56.19249571003544],[-120.82134789964857,56.197259689427426],[-120.807448988967,56.19843320390959],[-120.8009432138394,56.197137200801514],[-120.79442099688977,56.194048104971806],[-120.78754882676455,56.18459700717278],[-120.78638978941628,56.18006379231473],[-120.77201267204437,56.16797219715476],[-120.76130160975885,56.16373379168338],[-120.74041019450848,56.159283105658005],[-120.70225780884161,56.14241478293405],[-120.70123731405425,56.14172829783935],[-120.70856597648476,56.13855089373028],[-120.70950761119282,56.135269495354514],[-120.71291560511754,56.133670198156686],[-120.72705304344383,56.134152587131325],[-120.73344303236897,56.13200957400085],[-120.74020226410119,56.13346402387372],[-120.75215869591196,56.13137009495487],[-120.77180478675771,56.13420711099397],[-120.78223079436928,56.13409599737665],[-120.78584971964631,56.13629270566837],[-120.79709750207984,56.13737239711465],[-120.80947689775022,56.14932669338486],[-120.81775689175066,56.14809127536976],[-120.81628553470479,56.113373118936714],[-120.81218621832842,56.08455323574875],[-120.82194035578479,56.07660750748576],[-120.8153121558484,55.987157958826224],[-120.66244047496089,55.986087076997094],[-120.66163506780956,55.81087748404586],[-120.635614747823,55.81110324581061],[-120.63451463123099,55.63534229407294],[-120.64575322366318,55.63522715151227],[-120.64281160244319,55.56440416109548],[-120.65433617058692,55.56506479413826],[-120.66797911074111,55.563026997639646],[-120.67852976350639,55.55543890995311],[-120.69103630130249,55.5508933250993],[-120.69501613301075,55.54469031857643],[-120.70345201392148,55.53978169077374],[-120.71879309868595,55.535434358178264],[-120.73162346382894,55.52671182841538],[-120.7376640154996,55.520659200093434],[-120.78916350227614,55.50464551704991],[-120.79342192687427,55.50188816657892],[-120.7985021841239,55.49607198102894],[-120.79968865965341,55.48825758099283],[-120.81888996562964,55.46259630241795],[-120.82749745360235,55.45558274449569],[-120.81905381532357,55.44090833654309],[-120.81806907043065,55.42762138555104],[-120.82025881964589,55.42534275454684],[-120.81244418046188,55.41656191791793],[-120.81227030297438,55.41429676733055],[-120.822898021989,55.397003847139786],[-120.81617873713535,55.38825786194128],[-120.80633169399992,55.382708890966946],[-120.80284425095036,55.377390644863226],[-120.81427089406267,55.37259509738671],[-120.83775563589381,55.36815306937961],[-120.85192344498269,55.36118182392123],[-120.85795441304903,55.35430521890262],[-120.87276395620741,55.34950561174758],[-120.90482050599425,55.33521120331162],[-120.90844750096895,55.331882779785744],[-120.911256235035,55.31979294655212],[-120.91055941623337,55.31544963956954],[-120.89770737344386,55.30131775516952],[-120.89905514359549,55.29807419582925],[-120.89051042180452,55.28137949965978],[-120.88517539982918,55.27814509736762],[-120.86042358770084,55.271301867155884],[-120.8543315433979,55.26542708182538],[-120.84355937629324,55.261005438892745],[-120.84181649462958,55.25240592883208],[-120.84860500481683,55.24766823236126],[-120.8450986837256,55.239981454034066],[-120.84488521933893,55.22839305589727],[-120.8488508297456,55.22092558257006],[-120.8525644447675,55.20185815709531],[-121.1552373896496,55.20110311278003],[-121.15109534909053,55.24270892849905],[-121.2543348052537,55.240813010724544],[-121.30173716443667,55.24625770173555],[-121.49252016619235,55.245616734724614],[-121.4933822540229,55.203916408510004],[-121.49756219721897,55.1850855499402],[-121.54908468227774,55.185663901351425],[-121.54897947848599,55.17593630164956],[-121.59975123141535,55.17676952059562],[-121.59914555167023,55.18615296406056],[-121.62461293460154,55.18620843190852],[-121.62781175870705,55.13623698516855],[-121.52606609396945,55.13470235287013],[-121.5250223213859,55.133884774060355],[-121.52889830982161,55.08439952624506],[-121.51984077655614,55.08423790195456],[-121.52176953232501,55.0728539253078],[-121.23093413810092,54.89658670566572],[-121.23579939470726,54.89613620206209],[-121.25088298743485,54.88984400090206],[-121.2488646990215,54.88790569089805],[-121.25040569496045,54.881845705884615],[-121.2542868757131,54.87924219296955],[-121.24946091753793,54.87906989728971],[-121.24988560007023,54.87474310457447],[-121.24588190652334,54.87082090340848],[-121.24968281049993,54.86680319085011],[-121.25151218866293,54.86108640444352],[-121.25625898885951,54.85862109622574],[-121.25249951094682,54.854089197277396],[-121.23864611250816,54.85218079832978],[-121.23453928795716,54.8458757923912],[-121.22952020137626,54.84374090833564],[-121.23298810882675,54.83923759973812],[-121.23199270220424,54.835993201365255],[-121.21899201507911,54.83103410837287],[-121.2175121908838,54.8276787030039],[-121.22083917885595,54.825317395726955],[-121.21508548880375,54.82272530619053],[-121.21935398825421,54.82000219625028],[-121.21569980544052,54.81527669183533],[-121.21678747826445,54.81339959459182],[-121.21294129714751,54.810294814609506],[-121.21734290622656,54.80941181045737],[-121.21756558011255,54.80713590118046],[-121.21351521311189,54.80293449208703],[-121.20066088367346,54.79664520689827],[-121.19657985813006,54.79307878053467],[-121.19796071001701,54.79272716327427],[-121.19700271227336,54.79114356404696],[-121.19003824876802,54.78586386900589],[-121.1913904163841,54.784448192901706],[-121.18835281411582,54.78130070097725],[-121.1922514818598,54.776004102559696],[-121.19578779554446,54.774945909167734],[-121.20055058493078,54.77666918987597],[-121.20301501091916,54.77399310602424],[-121.19877529204597,54.76922489477445],[-121.20641389100594,54.76827208983163],[-121.20958138542422,54.766235496100116],[-121.20346101735618,54.762139401453545],[-121.20410838457879,54.75954310829914],[-121.18628881165928,54.750392682711976],[-121.18876254192442,54.74095577301218],[-121.17405409803308,54.73824830627815],[-121.17388922489255,54.73625590314164],[-121.17791122197619,54.73424629660139],[-121.17791561220298,54.73290748558888],[-121.1692069085194,54.72477960163911],[-121.17047630031611,54.72246379800879],[-121.1696579065253,54.72055250572459],[-121.16416079462401,54.719018614328526],[-121.16749238951965,54.71556781186054],[-121.16385408816747,54.71342289690207],[-121.16401359542964,54.712051408921596],[-121.15676630226079,54.71421758936718],[-121.15090540581521,54.71329329183248],[-121.14972780228997,54.70939379508169],[-121.14598008081218,54.707156402780264],[-121.14966031569905,54.70375970557575],[-121.14960397411149,54.70193099294348],[-121.14323650365462,54.70150229282828],[-121.13350521963953,54.69686080445091],[-121.13236791538056,54.69365348977926],[-121.12739661466233,54.69028669414947],[-121.1062874875833,54.68100790547803],[-121.1087189947664,54.67923340062266],[-121.10779541290873,54.678022795061814],[-121.09650118971447,54.67800710007515],[-121.09374741382373,54.67430700532063],[-121.09573941683537,54.66848630187106],[-121.09094602111901,54.66455400786506],[-121.09092531126915,54.65889990049494],[-121.08684628188333,54.659372804118625],[-121.07853410252625,54.65699578613964],[-121.07673918903564,54.65149120198611],[-121.06340301379328,54.652482401128744],[-121.05988059409736,54.64423060484178],[-121.05266740024287,54.64192480090433],[-121.04944299419631,54.638701807067136],[-121.05026191225582,54.63722769295358],[-121.04869948682271,54.63430811257632],[-121.03390400878205,54.6254936832057],[-121.02848569916421,54.61395331344728],[-121.01731041207388,54.60842169506926],[-121.02084422149903,54.60493949722251],[-121.02559231290013,54.60365909441862],[-121.02335179614406,54.60045039454617],[-121.02941612303317,54.5986915046274],[-121.03148378350231,54.590925905276166],[-121.03488770408063,54.589785884774884],[-121.03217501360085,54.588397299478295],[-121.03571459429321,54.58554171317029],[-121.03511609642187,54.58321168999968],[-121.03704739739825,54.58235288610415],[-121.03594800894271,54.58000729970613],[-121.04206421306208,54.57548108908286],[-121.03878420547177,54.57181520444755],[-121.03997298325035,54.56819200369558],[-121.03797094665191,54.56443647429246],[-121.04052392710508,54.56150257932619],[-121.03943392281242,54.55971377723978],[-121.04099932565838,54.55805737351979],[-121.0383888259446,54.55474326282347],[-121.0420105991481,54.55436156903348],[-121.04239410049617,54.5511955652948],[-121.04600593400332,54.54648006018101],[-121.05027680547822,54.544778062299045],[-121.04315681665106,54.53977348403437],[-121.0470636891807,54.53703741557862],[-121.04670288142084,54.535527794487564],[-121.05177082376919,54.53631540061215],[-121.05596260389179,54.53446531162979],[-121.05955200052001,54.528597608722805],[-121.06026561606444,54.52423710531182],[-121.05758768921805,54.52400020667078],[-121.05286868322645,54.517040109355186],[-121.05312963301228,54.50859037037255],[-121.05152739424277,54.50752216444855],[-121.0516092200232,54.503856260059926],[-121.04970922509523,54.50352865888691],[-121.05500390761654,54.49383417750263],[-121.05044889173631,54.48898756729729],[-121.06500072351152,54.48878957197505],[-121.07818069547602,54.484991170832494],[-121.08589940732605,54.481050470335035],[-121.08986741011955,54.481688472494845],[-121.09757799730453,54.478214767510345],[-121.11945721583857,54.474961002775494],[-121.12191045912962,54.480500515850075],[-121.12618913282267,54.48386961745246],[-121.12705226811791,54.49052583949502],[-121.12126087592999,54.49334630517932],[-121.11713636096555,54.50078248165337],[-121.12619566046565,54.50047169355176],[-121.13361043173305,54.50984307135504],[-121.13426684756935,54.51360009408954],[-121.12244976085502,54.53690068956531],[-121.12116965311193,54.54203759740186],[-121.12523450585743,54.5444842457072],[-121.12024132889451,54.54526393044046],[-121.12452518909136,54.54896309961652],[-121.1391321204716,54.55182574705079],[-121.15715888200238,54.55172670195832],[-121.15878150301442,54.54500625743937],[-121.16682869874575,54.54515164506791],[-121.1796211049811,54.54853300219987],[-121.20705887774913,54.547517132008366],[-121.21991715317866,54.549641774119536],[-121.24816519494325,54.546567870017554],[-121.26374096792856,54.53497213018753],[-121.26570281691573,54.525014997832685],[-121.27207452329249,54.51723735288062],[-121.28443655589271,54.513813475566465],[-121.29349849688076,54.51710946007552],[-121.31679589959558,54.51289223630941],[-121.31328447087584,54.51835611362581],[-121.32778998806542,54.52467953330513],[-121.33946599264199,54.527049087354165],[-121.35545478332354,54.535740044663775],[-121.36951707509161,54.537248860435405],[-121.38998314319764,54.53202856906262],[-121.3973555219632,54.53367022428728],[-121.39000679634708,54.55766566348495],[-121.39737344766633,54.568963190842815],[-121.42148624325316,54.56726591124649],[-121.42611853805387,54.56865690260829],[-121.45394174870823,54.56301747243758],[-121.45799056130039,54.56562361579767],[-121.45527347883257,54.57005332535349],[-121.44495716762509,54.576960520231104],[-121.43772007367255,54.587136361448046],[-121.45274718692707,54.59736811384297],[-121.45181033858235,54.60760449318295],[-121.46752963338635,54.609337979490654],[-121.48187698796998,54.60881433537667],[-121.49236115619834,54.62236458259604],[-121.49007137899773,54.625026934528435],[-121.49919518381833,54.63498933725872],[-121.52350697454139,54.651985248732856],[-121.52304473868881,54.66541362905237],[-121.51915103922026,54.6715362131468],[-121.51868698968251,54.68496516801597],[-121.49781470661364,54.6900672869176],[-121.4856580471515,54.695276854198895],[-121.47876875006499,54.706588114063244],[-121.47392948082891,54.72361344567466],[-121.47609491512453,54.73012691743683],[-121.48798812519405,54.73663682574007],[-121.49370510316419,54.745274746283826],[-121.48887909080025,54.752329724397946],[-121.52711742536673,54.77145322643508],[-121.52275373691242,54.779041029407786],[-121.52045320523897,54.79167843761028],[-121.52205717027765,54.798192759507906],[-121.53878141696444,54.800978476906735],[-121.54337094301175,54.805627428261246],[-121.54647223606872,54.813868364124346],[-121.55381898857624,54.82037567069156],[-121.58018427918078,54.824346494625864],[-121.64309348883017,54.84527115415756],[-121.64242258978054,54.851790290238455],[-121.64611827573077,54.8580330865409],[-121.65574257556312,54.85722628170981],[-121.67298775601698,54.86384288371356],[-121.69522376225774,54.878820322796095],[-121.7248905661727,54.88646973389514],[-121.74042638301121,54.88060762582605],[-121.73497913602385,54.87057128441169],[-121.75753209167218,54.858333691699016],[-121.7622776149377,54.853290333029605],[-121.77120045741758,54.8516794972632],[-121.77519939640268,54.843197317305915],[-121.78202183803917,54.839206304180884],[-121.79187864772165,54.83931555633669],[-121.79704614491233,54.855123873092424],[-121.80258588184749,54.85882910428753],[-121.86509650305992,54.869138550042095],[-121.86996160081128,54.873374808470864],[-121.86937894313265,54.88521635114334],[-121.83813753783271,54.897753257746274],[-121.83288663413896,54.903631122371785],[-121.85992359181743,54.8997060625569],[-121.86824636895331,54.90459498778664],[-121.86852120373904,54.90951578845317],[-121.86465323726786,54.9149890801126],[-121.85196808684469,54.91639293529513],[-121.84553778809362,54.919618818693586],[-121.84330632972365,54.92827610200192],[-121.84484607295035,54.933324909253834],[-121.85870426978119,54.93926042012654],[-121.86036301092395,54.944441656177226],[-121.86852841402292,54.95571520287468],[-121.89156676042374,54.9589596293162],[-121.89576156509615,54.963730430024704],[-121.90430512068937,54.96622430130332],[-121.9143193249359,54.97629004858251],[-121.91973607472428,54.98704104820166],[-121.93758312658198,54.99614179355564],[-121.93489368172735,55.0036076045458],[-121.94651478927419,55.01153635983103],[-121.96127963281964,55.013204881076746],[-121.9713716467433,55.027257410681415],[-121.99327905977955,55.028494376238804],[-122.00878492397207,55.03375315350431],[-122.03513790571101,55.065298013786524],[-122.05934660502345,55.072958336454754],[-122.10020972746652,55.10515379305108],[-122.12440373965939,55.0982937188756],[-122.1501498774476,55.10250613274784],[-122.15940129375026,55.105465874451816],[-122.16060689513128,55.11495684903339],[-122.16671566702902,55.12336619815927],[-122.16113841037087,55.13414529338267],[-122.1769305814268,55.14594353338228],[-122.2069811896709,55.152289433453284],[-122.22338362446969,55.14984695506978],[-122.23083683950782,55.14110705196763],[-122.23981511214565,55.140776600669504],[-122.25133763408695,55.143452906267086],[-122.2512440972273,55.16168632969995],[-122.27388341584812,55.181110902902404],[-122.27071025793806,55.19079520748105],[-122.25591484529939,55.203261557794896],[-122.23902512835085,55.20283179709694],[-122.22567283231453,55.20767862894326],[-122.23851224915668,55.22281366174723],[-122.25056390548401,55.2260962350492],[-122.25907820603473,55.23115812022076],[-122.27540100056602,55.237340285182476],[-122.29710117785302,55.23953242951899],[-122.30234783959175,55.243662545294754],[-122.29662802929316,55.251089413604916],[-122.33050136545748,55.28425543466149],[-122.35709944634574,55.30216145400922],[-122.38596669773102,55.33530870332772],[-122.42922552674327,55.330766247981046],[-122.44573647752924,55.335165318480854],[-122.46179267604637,55.34455568350862],[-122.48475707369276,55.34875542997216],[-122.49018804169748,55.360206060350805],[-122.49629484147187,55.36426651948657],[-122.5043263147304,55.363767914224965],[-122.51102638454316,55.366599172772546],[-122.5225023729431,55.37632367598071],[-122.54389238741948,55.38405976730084],[-122.5470979772321,55.390676617846175],[-122.55984350123865,55.40347603306725],[-122.57854906092767,55.412580487588436],[-122.58995744063536,55.414494713882576],[-122.60311597898308,55.41021178358674],[-122.63008141588648,55.393950994950565],[-122.63669846738391,55.35914539474697],[-122.65494478005618,55.34243151527835],[-122.6784871797124,55.34035263040825],[-122.69819588789022,55.34701175409572],[-122.71989745183578,55.3439783887687],[-122.73997685925251,55.35406572581006],[-122.74270805954868,55.36554163535258],[-122.78914994584207,55.38111576721473],[-122.81155518440849,55.387508677935685],[-122.83031433839693,55.384381951971605],[-122.84604239565873,55.39891552291513],[-122.86938027480942,55.40010382628695],[-122.87778850836948,55.40620326877069],[-122.8619651397812,55.41576339293547],[-122.87440953944088,55.41901712149934],[-122.92023481364465,55.41313762149959],[-122.97453482071546,55.39808475633147],[-122.98718708271369,55.401534600561504],[-122.98663242855105,55.42828619425679],[-123.00120990001813,55.43819889461759],[-123.00571977144267,55.44607808749988],[-123.00229688244576,55.45826195571491],[-122.9800752800997,55.46469703127696],[-122.95563066221959,55.45955678288412],[-122.93784618400586,55.45947774118533],[-122.92778587335458,55.46305047408885],[-122.93309459694395,55.47231227645774],[-122.95666110973391,55.48828706715297],[-122.95332830727216,55.50314557590785],[-122.93291946898053,55.52178450471687],[-122.93991026339714,55.5369270884982],[-122.94253901068971,55.55406405287906],[-122.92115690015069,55.564019177081015],[-122.94804104382105,55.58091873522548],[-122.96553626316494,55.58216455594366],[-122.97848229635397,55.570899084010655],[-122.99690130680365,55.56342093454405],[-123.01362927619489,55.559745582720645],[-123.03787529140203,55.56251729875999],[-123.07180901325893,55.58266664070835],[-123.07171323152637,55.59579261757201],[-123.0806390196119,55.61082586447556],[-123.07279530280955,55.62084490840592],[-123.07816130458697,55.62549765505083],[-123.12592564530833,55.629623943544885],[-123.14293553387422,55.640440972111186],[-123.14220544730111,55.65185763695517],[-123.12764418462292,55.66037685424032],[-123.12793337535977,55.68049346207869],[-123.12037902921573,55.68879131977038],[-123.12045732161978,55.693955086942346],[-123.12786260650653,55.697176916659885],[-123.13911552358928,55.71206584473472],[-123.13645195597776,55.72297683632315],[-123.14376974782822,55.7316863159522],[-123.16429272829173,55.737501199367664],[-123.19117454984048,55.73321569524614],[-123.19850720850823,55.72719265030584],[-123.18081709319416,55.71159367348503],[-123.20364838881278,55.714246774446146],[-123.22841103712605,55.71181242353862],[-123.26082907102686,55.69710814580665],[-123.3069279190255,55.70688581267396],[-123.32666239178917,55.71537325733289],[-123.34139884812106,55.73126022001686],[-123.31359823649291,55.75779735427915],[-123.31549590486291,55.77089537598545],[-123.30740774604497,55.7760963696562],[-123.31795713197032,55.8002399508625],[-123.33985877932994,55.808906329025845],[-123.33925837122527,55.81989651940214],[-123.35134182564074,55.83045054365198],[-123.36466370423653,55.8291483039032],[-123.38159664907381,55.83412737445996],[-123.38287116148688,55.83948711438106],[-123.36366416584221,55.8538291259794],[-123.3677260181268,55.86107783319667],[-123.40059261506208,55.8664253478691],[-123.41812853554777,55.87149679483037],[-123.43083304568354,55.88214073938174],[-123.4423508615757,55.88247427710439],[-123.485375778038,55.87301410317671],[-123.51100328686744,55.86924964650258],[-123.5236603834923,55.86316735371419],[-123.57619760566142,55.87053534900679],[-123.57896658152517,55.880875317853736],[-123.60803563052052,55.883145496339075],[-123.61890139427413,55.88827771438161],[-123.64969403553265,55.89630152968857],[-123.66773183754651,55.90974913375363],[-123.6842863174396,55.913676320029154],[-123.6829400830267,55.93921219488132],[-123.68143709736398,55.9401167298458],[-123.68842902876857,55.94283556317232],[-123.70573859385503,55.94245811091858],[-123.73663470150385,55.937880960682804],[-123.74589038877792,55.93377692650351],[-123.75153069632502,55.933894800270274],[-123.75757168902885,55.9400828662054],[-123.76207315123908,55.94922022452863],[-123.77346021524684,55.95747860801885],[-123.80292373858433,55.970705932603174],[-123.80993745495661,55.9790862059826],[-123.8152880544955,55.980189342551725],[-123.82714882132584,55.993409103996875],[-123.8168825162098,56.00626477902366],[-123.80223125726786,56.01904505289209],[-123.79382620538851,56.031890236160365],[-123.78622173641713,56.0389231332399],[-123.77383831896636,56.046886591255905],[-123.76408744600673,56.0500326863747],[-123.73684374560003,56.04265917448489],[-123.71863570777668,56.04442536491498],[-123.69514028682818,56.05067770106242],[-123.68384404016994,56.05065083158724],[-123.65828542847079,56.04719813989484],[-123.64185026237071,56.03948563189261],[-123.5787193944747,56.035916703211676],[-123.50066681865762,56.02810967065993],[-123.46860537951942,56.02169809377742]],[[-121.9923834605569,55.59857982178716],[-121.99357031913074,55.600272454671526],[-121.9823463050543,55.60304368901199],[-122.00790136070519,55.59772057117467],[-121.9923834605569,55.59857982178716]],[[-121.93768554326665,55.56800923278453],[-121.93626442773638,55.568042552291104],[-121.93652091688305,55.57389966987972],[-121.95294167473715,55.57491798647157],[-121.95303812572163,55.5676480853555],[-121.93768554326665,55.56800923278453]],[[-121.55813491140026,55.733703713982045],[-121.56538411731093,55.72756458300728],[-121.5658657951926,55.72196896218579],[-121.57093938693811,55.72187433486488],[-121.56584060950742,55.71946436362251],[-121.55985238061571,55.72204936276155],[-121.55303330232593,55.722156598887764],[-121.55290614403535,55.7297217633293],[-121.55012744051689,55.729693746341454],[-121.5461283193824,55.733166681404185],[-121.54610272036548,55.73705319458185],[-121.55282113795455,55.73706590699873],[-121.55813491140026,55.733703713982045]],[[-121.31925020619843,55.7491915389461],[-121.32100784334811,55.735423862876075],[-121.29543899727439,55.73724043932983],[-121.29589901286687,55.74141830550514],[-121.29304744708439,55.74956996026722],[-121.31925020619843,55.7491915389461]],[[-122.22653010376322,55.62791480146337],[-122.22605237406842,55.619325055070085],[-122.24476358192715,55.617954918867],[-122.25317964702991,55.61574617624535],[-122.25332555642578,55.612557609265174],[-122.26476194843507,55.61228734281749],[-122.26451880091963,55.60089284956166],[-122.2263584832134,55.601830310929316],[-122.22584659045765,55.598845648970126],[-122.18708565167913,55.60029326096868],[-122.18637765271113,55.59594649503043],[-122.16947010096455,55.59692477978917],[-122.17662619576645,55.63140047818444],[-122.22653010376322,55.62791480146337]],[[-121.90420723998747,55.83236761479471],[-121.90415536851134,55.810580488856],[-121.9433064045358,55.81093448704907],[-121.94180155010005,55.781345263631415],[-121.89014532134921,55.78232298545071],[-121.88989741531897,55.796380831101864],[-121.86992652577585,55.796188242433736],[-121.86991656290617,55.8029228291408],[-121.85037350866304,55.80246984202697],[-121.8545426938307,55.804051169447234],[-121.85477600451617,55.80585996781355],[-121.86121124029641,55.805068558715256],[-121.86128823746961,55.806496482829274],[-121.85813260312109,55.806717618234615],[-121.85694471029646,55.80861158190799],[-121.8615065267866,55.809759478598515],[-121.85690771941647,55.809366367325836],[-121.86181540779775,55.81012117127221],[-121.8547764072325,55.81234726748283],[-121.84766189918814,55.811696372626024],[-121.84800041951598,55.81375717449006],[-121.86678661928357,55.813096379865286],[-121.86249123538033,55.81594196649887],[-121.8663138264998,55.814520567844],[-121.86879282078438,55.814372486824006],[-121.86305711024205,55.81620688116654],[-121.85907049864346,55.81609857122788],[-121.86105914564922,55.81688907284884],[-121.87012602758186,55.81459176530636],[-121.87914260099743,55.81462027314127],[-121.87816770896437,55.819122171110486],[-121.87112410565122,55.82477348612105],[-121.8342450283727,55.82764607744371],[-121.82546767644607,55.826052418869004],[-121.82662267966553,55.830379819269545],[-121.86073918765399,55.83239255540517],[-121.90420723998747,55.83236761479471]],[[-121.65260824183531,55.88341808404071],[-121.65286522386705,55.869029625203694],[-121.67870908042076,55.86881908155446],[-121.67938358764466,55.8371655844839],[-121.66636100193894,55.83561877589301],[-121.65363394671208,55.82454417996758],[-121.6498714213085,55.823514474604465],[-121.65515190224711,55.822655680264425],[-121.66314502316658,55.81816798306044],[-121.67380850940604,55.81622677390907],[-121.67926886717309,55.81123502217874],[-121.60058391885612,55.81113080686724],[-121.6005710596951,55.86885479704674],[-121.62775559373462,55.86893250196271],[-121.62770558141746,55.883474424031476],[-121.65260824183531,55.88341808404071]],[[-121.68932506529812,55.75114689282483],[-121.68598882340011,55.75123438009884],[-121.68352621788921,55.74913226524645],[-121.68407610121285,55.74699876921584],[-121.68739700954531,55.74535388789158],[-121.68766555792712,55.74373573945742],[-121.69539253356477,55.74389493574927],[-121.69953125080349,55.74059237579527],[-121.69122387540682,55.72665046167254],[-121.69188124513784,55.7230756977784],[-121.69516214691187,55.71984321903184],[-121.69085660848826,55.72116314780588],[-121.68232134818986,55.715900506402356],[-121.66527972709011,55.70082583344179],[-121.66349817492855,55.68681923712816],[-121.6438207937911,55.693129012451514],[-121.64501910767387,55.67302100452626],[-121.6397420558791,55.67206754659582],[-121.64467050967947,55.67683798231041],[-121.64086323216334,55.677001781137584],[-121.63835114612901,55.68069477965295],[-121.61983841511667,55.680558658719065],[-121.62072607104389,55.68530894037421],[-121.60898504598886,55.68436286959665],[-121.6090663254382,55.681169268157944],[-121.59672005585527,55.6814809430392],[-121.59666881333477,55.687984699878285],[-121.58570292198606,55.68850159105067],[-121.58454736957934,55.69904922828627],[-121.5854536610472,55.70855382234886],[-121.59735328252313,55.70870785892264],[-121.59698169782023,55.71571293194496],[-121.60435068327247,55.715940306927536],[-121.59550874708667,55.71781454579245],[-121.59439940816945,55.71977111138005],[-121.59018172931518,55.719904088250736],[-121.58566783538183,55.72506890116514],[-121.57993788676617,55.72385002206481],[-121.58009483751573,55.722089639170996],[-121.57040464759957,55.72475849284522],[-121.57025669394748,55.73049801413583],[-121.56591579629647,55.73058174250759],[-121.56586449757918,55.7276762619727],[-121.5635868449744,55.72980205396287],[-121.56515662754065,55.729759565026626],[-121.56489246620652,55.7371137437248],[-121.59627536044638,55.73743260299485],[-121.60745847020858,55.74390009128877],[-121.60369936166653,55.75015519475899],[-121.68978319962291,55.7516677073522],[-121.68932506529812,55.75114689282483]]]},"bbox":[-123.82714882132584,54.474961002775494,-120.63451463123099,56.26743329578581]},{"id":"5955025","type":"Feature","properties":{},"geometry":{"type":"Polygon","coordinates":[[[-122.15634272024714,56.14465038837214],[-122.09094419070756,56.14237510441452],[-121.95922813909654,56.14144983223297],[-121.95821292027871,56.15889391590749],[-121.75793044673829,56.15940678417247],[-121.75622790369744,56.119564540070314],[-121.75686977087935,56.00021171429648],[-121.74405921055516,56.00032364906411],[-121.74361441740643,55.99137234963686],[-121.74379296933283,55.98536135912117],[-121.75674415348101,55.98547805992591],[-121.75663079009895,55.89838707454613],[-121.90200303969023,55.897948104920545],[-121.90103350474297,55.871664758502284],[-121.91409231359575,55.87199950351085],[-121.91483455778828,55.89014830199833],[-121.9290043920095,55.89008930294082],[-121.9292703991056,55.89774534559714],[-122.03784275189169,55.89926441569321],[-122.03689296551798,55.885841168340626],[-122.23607148493944,55.889981520441694],[-122.2269841159454,55.95444043516984],[-122.23159268866007,56.005624064639484],[-122.24362616840733,56.00373238793531],[-122.28539431466956,56.00172337434156],[-122.29153710869222,56.04068593950817],[-122.27078516916312,56.038994481930516],[-122.27091894172611,56.04589019739405],[-122.29986165091472,56.045505054566874],[-122.30563533784749,56.09672147598651],[-122.28799509737,56.09514215931538],[-122.28873113663924,56.114042994393635],[-122.25145940287574,56.11564204276258],[-122.23340530705659,56.13979670630427],[-122.15634272024714,56.14465038837214]]]},"bbox":[-122.30563533784749,55.871664758502284,-121.74361441740643,56.15940678417247]},{"id":"5955030","type":"Feature","properties":{},"geometry":{"type":"Polygon","coordinates":[[[-120.66726591755314,56.17383982537688],[-120.66264994045584,56.17382872630555],[-120.66092267597833,56.15958065719593],[-120.64906910305355,56.15949279327467],[-120.64920001216969,56.169078637996655],[-120.63667019004694,56.17091071086151],[-120.63638496906403,56.136760515092966],[-120.66161215737887,56.139231217481665],[-120.66053361572368,56.136331997082515],[-120.6974016950571,56.140037794812514],[-120.73320563000307,56.15582717748754],[-120.73282823369665,56.15978527088404],[-120.71563903985307,56.15971621593251],[-120.71576571679307,56.173926194019465],[-120.66726591755314,56.17383982537688]]]},"bbox":[-120.73320563000307,56.136331997082515,-120.63638496906403,56.173926194019465]},{"id":"5955034","type":"Feature","properties":{},"geometry":{"type":"Polygon","coordinates":[[[-120.86537169550591,56.26007122597474],[-120.86084706857885,56.261879594139],[-120.86078100130456,56.268368089739454],[-120.847244482307,56.26836242874864],[-120.84642115920764,56.26969925867125],[-120.83390333046478,56.272148326023384],[-120.83367072275678,56.27519794250917],[-120.821390329084,56.27529745971319],[-120.82137121441586,56.27965181177497],[-120.80796151803976,56.27992709870248],[-120.80778716803867,56.26813490822706],[-120.83420453464872,56.26809423799909],[-120.83426067711989,56.264621738670364],[-120.82107093269448,56.26462327538754],[-120.82106551286935,56.26107219138823],[-120.79476401651476,56.26108587470608],[-120.79475342878364,56.248484386061364],[-120.8080458352365,56.24883571000935],[-120.80809717724117,56.246460901622825],[-120.78158098135017,56.24645557824512],[-120.78185408605567,56.238882117218054],[-120.76841885026565,56.232922983464896],[-120.7684177794371,56.234394605413016],[-120.76487890748224,56.23450297959893],[-120.76363663066307,56.23851482978655],[-120.75563012417106,56.23855113022647],[-120.75568829803255,56.23237225086346],[-120.75754373283334,56.227845459974226],[-120.7554814278431,56.228017115103626],[-120.75534753013238,56.230388965374146],[-120.74298157547946,56.23089668642114],[-120.74289975820466,56.22482144363499],[-120.75099496144263,56.22489078890476],[-120.75629294053253,56.22708278669092],[-120.75576894166164,56.222055763574645],[-120.76147217208967,56.2220585133252],[-120.76133672939733,56.2199666424493],[-120.75560761200244,56.22007236290974],[-120.75562291903421,56.21773686550135],[-120.78540195204376,56.2178085143471],[-120.79699147235192,56.22026147196061],[-120.82161287165465,56.229481178886175],[-120.81923698079243,56.20972280290726],[-120.83386705517128,56.20956486802277],[-120.8348428883986,56.220897706710765],[-120.8474974039388,56.220898891744596],[-120.84748528283416,56.224700705693635],[-120.84203742314594,56.224698012125614],[-120.84217374781355,56.22986392052807],[-120.83411165061804,56.2303541195063],[-120.83421249038594,56.23197365741064],[-120.84745832764744,56.23080697137967],[-120.84745369479087,56.231927508387464],[-120.87380851989586,56.23192558717433],[-120.87224229699493,56.23215374832636],[-120.87245629539687,56.23485854743013],[-120.87380980184291,56.23485675673538],[-120.87227132344937,56.239457634386625],[-120.8871823003373,56.23904201549612],[-120.88724462255213,56.24162108346387],[-120.89709183650454,56.24221763931942],[-120.89320148513796,56.24296569180737],[-120.89344474105793,56.24647032458596],[-120.8869792825717,56.24647225608961],[-120.88684978270109,56.24511876664143],[-120.87456703201092,56.246440178119485],[-120.88692069956834,56.25238101350093],[-120.8871845090523,56.2616232200616],[-120.89734805198584,56.26119676515788],[-120.89726003440116,56.26417133337985],[-120.90015806706434,56.264269452649536],[-120.9001779186553,56.272666498694576],[-120.88723920984425,56.272631989909335],[-120.88726741606013,56.268268551640205],[-120.87375388215919,56.26818651327337],[-120.87372214889204,56.25951680967235],[-120.86537169550591,56.26007122597474]]]},"bbox":[-120.9001779186553,56.20956486802277,-120.74289975820466,56.27992709870248]},{"id":"5955040","type":"Feature","properties":{},"geometry":{"type":"Polygon","coordinates":[[[-126.43475692175734,57.934521967101084],[-126.42217744201884,57.92362183544732],[-126.3977818493985,57.92639915523759],[-126.38525079447606,57.92619212511678],[-126.3779902141749,57.92325885341547],[-126.3654751027159,57.914386333462545],[-126.35386159790062,57.90022921402791],[-126.3379148155132,57.884835927511155],[-126.3232437253824,57.874030435904736],[-126.3159337175689,57.8619157468827],[-126.28894834061694,57.85451888990998],[-126.2687118124658,57.85570431062551],[-126.26313732554696,57.859677097635824],[-126.25740061933755,57.867207053522066],[-126.24350345016293,57.901461832979145],[-126.2296837585853,57.91169555839525],[-126.2337395458081,57.922248086361975],[-126.22874815946685,57.93374019871958],[-126.21417990987656,57.943494981351236],[-126.18290926145818,57.944559617781735],[-126.16316277108908,57.93865432650622],[-126.1400941242569,57.92236739810469],[-126.12443062802281,57.91885342778915],[-126.0779425857542,57.91366828281781],[-126.06714192623622,57.916337595243405],[-126.05395820819943,57.930211123050576],[-126.06353420858345,57.941802137589086],[-126.0689426023217,57.95232411378438],[-126.06477003727977,57.959110015740144],[-126.04409116691356,57.96693863166222],[-125.9914289961569,57.971420217037924],[-125.97473640642252,57.96703257797037],[-125.91639514748255,57.98068269529334],[-125.90809053606759,57.97808045828434],[-125.89047894576761,57.97944143797659],[-125.87590619496714,57.97385557871304],[-125.85981580843631,57.97525602113114],[-125.8457062850445,57.98019480395654],[-125.83745973141065,57.979394191694766],[-125.82324462203339,57.974994914539884],[-125.8074000451488,57.97396909299716],[-125.79735616002492,57.96604646760708],[-125.79773781560047,57.943511586648235],[-125.7851513083472,57.931310025021716],[-125.78964937751691,57.92259719614029],[-125.76677161095908,57.9081598900059],[-125.76906989488722,57.90274669902826],[-125.76640378277312,57.88977691587603],[-125.75626648009064,57.87446911528017],[-125.74735831634115,57.865548727165034],[-125.73614868723546,57.862037433829926],[-125.6996012818118,57.86827013793448],[-125.68634170837169,57.875266310130385],[-125.67982492603919,57.884175728606984],[-125.67469368679382,57.888371608334474],[-125.66136785340102,57.89045093176165],[-125.65702213580832,57.89491875848376],[-125.66422400645149,57.902780773974435],[-125.6625556415862,57.91056239532851],[-125.65344340337094,57.92222100396232],[-125.64000295339926,57.9295190718519],[-125.61997218820906,57.93704760547474],[-125.608688497678,57.93302387260718],[-125.60398921681286,57.928767876546225],[-125.59382799462831,57.91425245567793],[-125.56353366077141,57.91821575630092],[-125.5042179386925,57.93595872190245],[-125.49599043596163,57.93513466964944],[-125.48897578237701,57.941191505930746],[-125.4916016747234,57.94892153431898],[-125.46353466157557,57.960708679272685],[-125.45103236350585,57.97156270174947],[-125.42497679794153,57.979861555559715],[-125.38658025549958,57.98871411621629],[-125.32955118663469,57.99460034757309],[-125.25083079317633,58.005417892610865],[-125.23794550487487,58.0119479246714],[-125.2168331206352,58.01943980590676],[-125.2039071216924,58.0223562929495],[-125.17224438197155,58.02375088723626],[-125.15749596170426,58.02230353580129],[-125.14533989768985,58.02368459780672],[-125.09470079802452,58.01910198040871],[-125.03446382586326,58.00188257482332],[-125.00524372643972,57.98739160819873],[-124.98234871734893,57.981424774264205],[-124.92421781229189,57.98432740115341],[-124.91898935878419,57.9862427855094],[-124.93915035201186,57.99383887116121],[-124.94836471233003,57.99987025382662],[-123.00643787502109,57.99979820169118],[-122.75770082259628,57.99756581500259],[-122.75775758459369,58.000548004844894],[-122.75555818219213,58.00275430213938],[-122.7398228870952,58.00058234256797],[-121.75329355679348,57.999121156846705],[-121.27382340859951,58.00141230041371],[-120.00002255610882,58.000000050971664],[-119.99999999526865,56.31939414888852],[-120.00075211529388,56.249312259948375],[-120.00269820272254,56.21721972759519],[-119.99999998968761,56.145535074320925],[-120.00965978581755,56.1377028208215],[-120.02936515993709,56.129089067820274],[-120.03667658526285,56.127116611614774],[-120.05745596133262,56.12572296226876],[-120.06301146609587,56.12326052633482],[-120.07350855939022,56.11430406863159],[-120.10490855622741,56.10118154124999],[-120.11722896497766,56.09815296186341],[-120.13802986255766,56.098937281549446],[-120.16499106965587,56.09141389491179],[-120.19576650040659,56.09163458812487],[-120.20792170771398,56.09334509461869],[-120.22823148909782,56.09799659273453],[-120.23238720687355,56.10477718748228],[-120.23568858274405,56.10522579305273],[-120.26002823400313,56.105359094741104],[-120.27941852224966,56.10184050111987],[-120.30131591215962,56.100417700995735],[-120.30914219728763,56.100390704083864],[-120.31681610203898,56.10253981293192],[-120.34042901058535,56.100372105195085],[-120.35985872242816,56.09630180377114],[-120.37699977086636,56.09718329588972],[-120.3787185897528,56.11066489298054],[-120.38374228248105,56.12055599176187],[-120.38163827868446,56.12606910147254],[-120.3837143030072,56.13068788526307],[-120.39741250877115,56.13564840705577],[-120.40037029289283,56.14337609313227],[-120.41220670837926,56.151472812378344],[-120.42488818027708,56.166968202520884],[-120.43867980597949,56.172187910784544],[-120.44211119623318,56.18205201313245],[-120.45365731689411,56.191031599171474],[-120.45329759423593,56.19800030503851],[-120.47576619287383,56.20430380312967],[-120.47790451673784,56.218148592384416],[-120.49552957662702,56.22421849739465],[-120.50770079360724,56.23191500321739],[-120.5251947145558,56.23734260188857],[-120.528972598619,56.24060259682655],[-120.52881710678113,56.24527550265425],[-120.53029900013989,56.24652310855319],[-120.55896879726491,56.252266890525085],[-120.5700411752721,56.257720197434615],[-120.6055331756429,56.2628658932955],[-120.6142406063618,56.263548103620394],[-120.62614477949676,56.26183329358986],[-120.6396729182053,56.26584530670375],[-120.66187342278236,56.2630183067882],[-120.66952792644308,56.265677305843475],[-120.6837113901701,56.27672489244337],[-120.69441309453957,56.2767205887265],[-120.71099449547229,56.27992510178825],[-120.73024511993295,56.278603407500775],[-120.73972987617248,56.28265809667742],[-120.74082630492818,56.284817195353554],[-120.73684037967293,56.293264201773994],[-120.73720658242314,56.30061460349622],[-120.72906429785351,56.306584810493135],[-120.72738788589245,56.31183020016472],[-120.7169843856734,56.31604020766807],[-120.71777698247796,56.32007070362422],[-120.70838730340816,56.32226400025233],[-120.70547579647692,56.32790529846159],[-120.70653962157,56.33353074001486],[-121.16422964596816,56.33387411778581],[-121.16063369680118,56.306460209032295],[-121.16440256962676,56.28975128508103],[-121.16260893916355,56.24820170903476],[-121.16523741313782,56.248509807084204],[-121.17841012297609,56.258198806443076],[-121.18621950099653,56.26157840237433],[-121.20962057391355,56.26737779746545],[-121.22551881869765,56.26527559686468],[-121.2419756832381,56.258903707319085],[-121.2512985091301,56.254494388181215],[-121.26533432307411,56.24242709739205],[-121.28676960069677,56.236535113775474],[-121.31382538963906,56.23263991525245],[-121.33503748771254,56.235479812865826],[-121.3493372039124,56.23251459923402],[-121.36952257576735,56.231145893994174],[-121.3919298386692,56.233015193746446],[-121.39891596702289,56.23142635508789],[-121.40848738879535,56.22778899227909],[-121.41500880038899,56.22126760796476],[-121.42634939485751,56.21348709316844],[-121.43690071396418,56.21040660253467],[-121.4498269897001,56.21057600663797],[-121.46713520590511,56.20724618349104],[-121.46839248199248,56.20673210079003],[-121.46786244461525,56.20260750359173],[-121.47873901387995,56.19591107196097],[-121.4871095974335,56.192769100959076],[-121.51262171326537,56.187919705962],[-121.56223441372319,56.173314391703784],[-121.58395481001746,56.16376511003786],[-121.60024759693162,56.15019951463417],[-121.60730510207051,56.146453913729765],[-121.66408957690084,56.12766139779644],[-121.672216485712,56.123330395382034],[-121.6742566703261,56.11987099358236],[-121.69140340728106,56.11610821027314],[-121.7163540723336,56.11511409584693],[-121.74083962684628,56.1181235053705],[-121.75629517269678,56.11387454191903],[-121.75793044673829,56.15940678417247],[-121.95821292027871,56.15889391590749],[-121.95922813909654,56.14144983223297],[-122.09094419070756,56.14237510441452],[-122.15634272024714,56.14465038837214],[-122.23340530705659,56.13979670630427],[-122.25145940287574,56.11564204276258],[-122.28873113663924,56.114042994393635],[-122.28799509737,56.09514215931538],[-122.30563533784749,56.09672147598651],[-122.30446550076199,56.08310554209658],[-122.34258065287403,56.09405171838519],[-122.4378923695386,56.11275291175255],[-122.50845585918562,56.13242876240484],[-122.53164885940132,56.14139400968418],[-122.55555446896199,56.14484601844002],[-122.59044424756135,56.14289156695988],[-122.60632452503684,56.139105388020994],[-122.62861564849607,56.131105438803736],[-122.67064799833817,56.10950484830848],[-122.70014605603498,56.09829582836759],[-122.7403709701768,56.09050919607694],[-122.7809845602149,56.089322780279794],[-122.90472089621184,56.093851703157654],[-123.00553743477305,56.082572208456554],[-123.03347771697126,56.07596687895934],[-123.04982246659763,56.069632017830514],[-123.06238114509439,56.061136969180474],[-123.0768478345547,56.03193559513824],[-123.11726797406348,56.00192882326258],[-123.1299243250923,55.994270401563675],[-123.16271447348976,55.98636311395956],[-123.20216009282412,55.98142253395299],[-123.24736330236784,55.979739749753314],[-123.2826801723299,55.983321733801226],[-123.32061515916335,55.99611549017237],[-123.33621776624571,56.007748882016806],[-123.36438953058872,56.01529107065179],[-123.39481231817577,56.0184400065353],[-123.46860537951942,56.02169809377742],[-123.50066681865762,56.02810967065993],[-123.5787193944747,56.035916703211676],[-123.64185026237071,56.03948563189261],[-123.65828542847079,56.04719813989484],[-123.68384404016994,56.05065083158724],[-123.69514028682818,56.05067770106242],[-123.71863570777668,56.04442536491498],[-123.73684374560003,56.04265917448489],[-123.76408744600673,56.0500326863747],[-123.77383831896636,56.046886591255905],[-123.78622173641713,56.0389231332399],[-123.79382620538851,56.031890236160365],[-123.80223125726786,56.01904505289209],[-123.8168825162098,56.00626477902366],[-123.82714882132584,55.993409103996875],[-123.8152880544955,55.980189342551725],[-123.83059081167849,55.983275762253534],[-123.84226992175843,55.98279562996403],[-123.85143834188965,55.97750160179655],[-123.85712056966642,55.97203722262687],[-123.86002001690497,55.958133236890504],[-123.86870919978735,55.93439065018325],[-123.87467401090342,55.926976637622474],[-123.89662307484461,55.91898024042372],[-123.90743292406452,55.91875456597145],[-123.92483608978097,55.91400936043974],[-123.93272521078819,55.90970839703585],[-123.93760684282326,55.90012968092305],[-123.93675620259032,55.89480762233385],[-123.91265686170593,55.87497084084753],[-123.9038216091381,55.855992414609915],[-123.8925453714426,55.844597157686415],[-123.88025256813155,55.82545467963069],[-123.86655708070963,55.81047138272097],[-123.8580131823333,55.806297345869844],[-123.83581111108124,55.805118635688416],[-123.82417321837421,55.80004186976577],[-123.81913013408862,55.79044402162728],[-123.8229868880299,55.78429314478718],[-123.82226033858989,55.77460036731987],[-123.81599945494037,55.76600102572766],[-123.80589264211119,55.75797342917738],[-123.77259983401562,55.750556851447755],[-123.77302080463399,55.74923569111789],[-123.76177856926226,55.74558427140796],[-123.7568042863798,55.735949999561136],[-123.76039708302912,55.73173369338501],[-123.78431008237266,55.734864697255354],[-123.80325899196264,55.72836409213058],[-123.8132112093184,55.722791867995575],[-123.81798465211355,55.71695681297451],[-123.82091184011115,55.70317965932609],[-123.8273210671673,55.70068814587746],[-123.8461410642319,55.682402405468075],[-123.91643917673407,55.65676960409014],[-123.9329383192461,55.64800808090434],[-123.95218480819383,55.63463681442846],[-123.96199669183335,55.62443057072315],[-123.97505617066938,55.609454476715634],[-123.95346221154202,55.60272943053269],[-123.94225055128172,55.574914465793185],[-123.92837814119075,55.55437952824436],[-123.9936075249103,55.54988991590892],[-124.00666427620378,55.54622318022155],[-124.01183444336878,55.53938932543006],[-124.01854231359476,55.53603717361617],[-124.03747759120616,55.53762331405683],[-124.05035329187254,55.54131676052576],[-124.06254534915855,55.547314760963346],[-124.07701138967548,55.55636248574785],[-124.09262898133422,55.56881396075899],[-124.104357197615,55.58573333454457],[-124.10548263053128,55.595842069858115],[-124.11285431258752,55.611519989599394],[-124.12301102820317,55.63971952643099],[-124.15308318793812,55.64910693639403],[-124.167434650472,55.66898378753687],[-124.18168858985312,55.670993747747474],[-124.19229073089295,55.683154401190706],[-124.21578284276079,55.68246908771737],[-124.23206137220781,55.68425716479709],[-124.24788780000026,55.6893269231442],[-124.26715092798132,55.68661339873047],[-124.28405162286661,55.694251985674605],[-124.29692738553078,55.69564021114537],[-124.30833268420172,55.70586372052068],[-124.32227463538916,55.733746119722625],[-124.33485547771515,55.74040058369755],[-124.32778279855562,55.753754013133495],[-124.33455580715338,55.76126277171622],[-124.34685438193617,55.76870557400994],[-124.35418487898187,55.77992045569446],[-124.35726747598,55.786708963000294],[-124.3573531299514,55.790878160003714],[-124.35536214678233,55.802627655381585],[-124.35218095834422,55.80761959602275],[-124.35311426725484,55.81152108204306],[-124.34984561549405,55.81716974033689],[-124.33810542876209,55.82549468321512],[-124.3336162011342,55.83215662620591],[-124.33464448837655,55.83875531947486],[-124.3598089697582,55.86970077099381],[-124.3740245792625,55.878978851663724],[-124.37925192067588,55.88611844877894],[-124.38142825538887,55.89605186212626],[-124.37700731471364,55.90330652025076],[-124.38202352770237,55.910880334044435],[-124.38342125900144,55.91834698474418],[-124.40123338826564,55.93854602160078],[-124.39878463138099,55.94204811615504],[-124.39912690579538,55.95054852481974],[-124.41064059527382,55.954900678447686],[-124.41552624673284,55.95378429753458],[-124.43158193860266,55.95481746405714],[-124.43258465671813,55.96248198156003],[-124.4312896686955,55.96898152026534],[-124.43356088063183,55.97456608463568],[-124.440505557161,55.97846797690525],[-124.44425666422465,55.98736735429458],[-124.44004657860552,55.998927245875485],[-124.4850573432147,56.04299607843319],[-124.49763221901546,56.0672526124791],[-124.49320112465999,56.08917901038119],[-124.47909041466485,56.106972182121645],[-124.47541608667478,56.11887599916224],[-124.47904330578473,56.119204434704905],[-124.48399810231042,56.13000291534353],[-124.50424725654209,56.132448190825286],[-124.53213193998603,56.127013504540066],[-124.59020604916996,56.12205558777978],[-124.62355813647756,56.116149689457345],[-124.66101715968121,56.11611630816806],[-124.7154639566777,56.13380027614309],[-124.76884604940123,56.17031889025836],[-124.7951994995975,56.20000374409091],[-124.83285271645225,56.223537576729726],[-124.89464200037617,56.242232942362854],[-124.92350692040422,56.244372900348544],[-124.9467071604058,56.240076223757825],[-124.98018059312473,56.22941030857714],[-124.98091669880559,56.22188710019121],[-124.98554131973937,56.21519880596556],[-124.99869175024659,56.21038828580386],[-125.04165338921972,56.203104387380016],[-125.05470599389643,56.20353332984453],[-125.06026626311825,56.20789635724967],[-125.05348947539989,56.22895005473456],[-125.06366116996432,56.26306861556786],[-125.09050736604968,56.27664717466557],[-125.11909586971765,56.30359588713305],[-125.15828041482673,56.300461239688055],[-125.18902777948301,56.29474285061787],[-125.20305285181637,56.28624731202455],[-125.21221422008489,56.27785064470478],[-125.22640870089018,56.271906940494226],[-125.23443173823418,56.265331708249754],[-125.23605862304558,56.25528100550056],[-125.24546383723984,56.25056430978787],[-125.26589467604946,56.24798508689735],[-125.2921665800526,56.247056540626915],[-125.31373933825394,56.24870887533758],[-125.31644556152808,56.250110090139344],[-125.32462936187112,56.24399149657708],[-125.37786405146058,56.253086436927084],[-125.40377374775025,56.25294838687708],[-125.45768812744882,56.23335394853267],[-125.57478856139134,56.1689916486744],[-125.60848779509143,56.15328890436223],[-125.63517965941628,56.15126413007019],[-125.64435831143666,56.15291171756277],[-125.64992451938761,56.15729696707649],[-125.65318908783031,56.169164352154816],[-125.64730365311019,56.196964886736275],[-125.64837627620332,56.20851631702531],[-125.64481353540077,56.21744374052459],[-125.64551600865121,56.22601155523664],[-125.6566276021169,56.22858523896157],[-125.67312218088917,56.22213892607091],[-125.73761841815718,56.190575098546965],[-125.80405021354633,56.16971562610802],[-125.86563951887146,56.14520393828043],[-125.93197340737444,56.14710182027345],[-125.95550025556089,56.14292791280596],[-125.96197303451089,56.146904276595194],[-125.9629086405284,56.153580599812194],[-125.97172873867092,56.16634118537311],[-125.97072164225148,56.17556014871282],[-125.97263084592119,56.185698366928676],[-125.97934337464993,56.19789444802251],[-125.98006703479606,56.20866330334998],[-125.98291045281354,56.214338870761125],[-125.98339699179297,56.23336042566217],[-125.98062199633816,56.24562939579129],[-126.04321730420656,56.25431402290695],[-126.09841317663121,56.26574046836435],[-126.11632286778448,56.27192221718165],[-126.19474717326517,56.342381751961945],[-126.19583645242386,56.350355422139955],[-126.16239975548373,56.36590708621388],[-126.13330167022754,56.37635514488017],[-126.10036232664226,56.392618061130456],[-126.09105213708324,56.404031427470805],[-126.09329155536396,56.41266033482274],[-126.10187289874179,56.42543834099989],[-126.18245635345603,56.464897348474636],[-126.19648943231633,56.47353267619021],[-126.19308306089387,56.48104665172274],[-126.14192543215415,56.52950095196401],[-126.14223253301016,56.53894138260672],[-126.1585365422382,56.554529049434194],[-126.16081479478896,56.56316997891238],[-126.15190673907104,56.57129911978491],[-126.14302735306042,56.576677504378864],[-126.14256488985032,56.58377644668223],[-126.15963602127142,56.59159957681487],[-126.16216982416435,56.60042468898239],[-126.1704102382747,56.61216054915851],[-126.18894245456406,56.62532026111991],[-126.231268808706,56.64730084227858],[-126.2961335358679,56.6712157493308],[-126.33150951199212,56.67736953359212],[-126.35301817922118,56.67624202301291],[-126.37834117886321,56.67123477613529],[-126.41767038435265,56.654778544037484],[-126.44919942464765,56.65499563561259],[-126.48831323574052,56.66469420975896],[-126.65340589218641,56.760603383414384],[-126.67483776866686,56.7717592110859],[-126.69268648955791,56.774950524239486],[-126.70537206217371,56.77306069839215],[-126.71722302953665,56.76634251603817],[-126.76610426285663,56.724540209955556],[-126.81148710973311,56.68032254102149],[-126.85668220096325,56.67733113758852],[-126.9022749724218,56.692476644505774],[-126.91705091886116,56.69073746196615],[-126.92768059224231,56.68459576931985],[-126.93111278117938,56.66786829556854],[-126.93749187924546,56.66154750098601],[-126.99288282210456,56.63222467566624],[-127.03791141030312,56.61797288689898],[-127.06588896563679,56.61317800081368],[-127.10107534237402,56.61353576176326],[-127.12886368161739,56.626397182995404],[-127.1526500250104,56.65285392421774],[-127.18803925233695,56.696539676002544],[-127.20752349933416,56.72988607022959],[-127.22228546400179,56.74590304083772],[-127.26923129242525,56.732767502391546],[-127.33309179625572,56.70603649160677],[-127.3622868538598,56.68996262164095],[-127.40538427278807,56.67646110534659],[-127.41585663288022,56.67681471857674],[-127.45416623105523,56.69317054297152],[-127.53273830736335,56.74067010602283],[-127.53159377018217,56.74344480390112],[-127.52191702949159,56.74547195375055],[-127.51312998613066,56.750090977852224],[-127.51468510102977,56.7610552521901],[-127.52331490099179,56.773049565534244],[-127.56659094581804,56.804016114990134],[-127.56845250881905,56.812890162239874],[-127.57454852710936,56.821536903238055],[-127.58610757841893,56.82794792227832],[-127.60335234334406,56.83398518475847],[-127.61774707523259,56.84646955780524],[-127.6163126458975,56.84996323168314],[-127.61081582387932,56.853275151383954],[-127.57224333633731,56.85375503473213],[-127.56542361334633,56.857872484358154],[-127.56399081926183,56.86165542377588],[-127.60380666969944,56.88877957530568],[-127.60503091044016,56.89444312318201],[-127.59747833344994,56.90128402094545],[-127.54478789835132,56.93135469974739],[-127.53631622807917,56.95397089257467],[-127.54107735523762,56.968996515871055],[-127.56117430709601,56.97717457991723],[-127.5787552369646,56.97854911910806],[-127.67709542175456,56.976777662526274],[-127.70642730665675,56.990765035162994],[-127.72300578452436,57.006096730759],[-127.73286907892108,57.01963208789659],[-127.73819798705898,57.03552769257275],[-127.73841250495671,57.061659096173706],[-127.73295391932317,57.08206926411757],[-127.73034937597944,57.10996592009545],[-127.71650549901925,57.1325946836607],[-127.6969556401972,57.14090119459878],[-127.60237561540116,57.1516457139487],[-127.5582847469347,57.15998433210728],[-127.52153611238055,57.17068137040427],[-127.47645866451126,57.19607825202011],[-127.46726998052509,57.210031406211684],[-127.47334983859965,57.241635196395634],[-127.47860338938695,57.26177133425733],[-127.48658010458338,57.2825701854285],[-127.49123615864488,57.30344307612978],[-127.4890970636986,57.322661344584894],[-127.48027220176515,57.33569304162541],[-127.41118872867605,57.38297506262557],[-127.37426531892494,57.418194281144636],[-127.34625828107816,57.4242531443437],[-127.33037947494535,57.43295629500108],[-127.31244539304348,57.43898793280039],[-127.30290313269495,57.44667194314337],[-127.30153031821283,57.4535688067644],[-127.30496343865663,57.4619298244518],[-127.3250863043335,57.48224888496763],[-127.32087111253755,57.48646343267936],[-127.29718225630815,57.49203698145907],[-127.29340076126239,57.49820217219067],[-127.32936865387455,57.50929635579384],[-127.33816771528623,57.519359842880675],[-127.34306129458832,57.53143520659056],[-127.34188682607521,57.54904730171625],[-127.33419090605949,57.55834748414141],[-127.32063590660532,57.56709012211989],[-127.31285675123148,57.577673340131],[-127.3048279469499,57.57992073871095],[-127.29611618603833,57.57671141514172],[-127.28342402242446,57.575599243942015],[-127.27248003444852,57.58768226158095],[-127.27821456607347,57.59878300676415],[-127.27191057796595,57.60318716834205],[-127.24674568084086,57.60546914693732],[-127.1814048924767,57.59766068064405],[-127.16786014622299,57.59161196718228],[-127.14525016919724,57.577546103433235],[-127.1382084615982,57.56251393388717],[-127.1432760665544,57.54608488076755],[-127.15014627388703,57.53589891175975],[-127.13453622017616,57.53055265917901],[-127.09307882396075,57.52813324416993],[-127.07565094518003,57.51235063422786],[-127.05704518600635,57.50727249968715],[-127.02184758242551,57.514665193652746],[-127.01061175709846,57.52113197823967],[-126.98797135344427,57.529957222816996],[-126.96978926521882,57.53414274544561],[-126.87662994691888,57.54905110878033],[-126.83688058233466,57.55874646744174],[-126.79613810559586,57.56586074182686],[-126.78757202038004,57.570778120567184],[-126.78429763333268,57.576054359448634],[-126.78730444270373,57.58084088647652],[-126.80229566758705,57.59271467990632],[-126.8365095484252,57.61113689125028],[-126.8683050681751,57.63337081354913],[-126.8701302304393,57.64011713161273],[-126.8610041429729,57.647836997931215],[-126.84948438045603,57.653787421473595],[-126.83666198751267,57.66821923583342],[-126.83959342988528,57.67943922945618],[-126.85251346150595,57.68816644858524],[-126.87706901112175,57.693269122979494],[-126.9181922941575,57.698720765112796],[-126.93809222909732,57.70712167433324],[-126.94550556503877,57.71649492770223],[-126.95398488114452,57.74413033098747],[-126.96741994509242,57.754880381714365],[-126.98126723717374,57.76080983150625],[-126.98283316502949,57.76662786343742],[-126.97971905713214,57.777957008162886],[-126.97318672955049,57.78824184750823],[-126.95909120277136,57.79708139799037],[-126.94807530335177,57.79837889743876],[-126.93400841799958,57.79734354330663],[-126.86915363043302,57.785327601462875],[-126.85406749306976,57.78844981225641],[-126.85141826025523,57.79170418829839],[-126.85650418907763,57.80509992590591],[-126.8786026502145,57.82983122346065],[-126.88481082494043,57.855292331927586],[-126.88901633835903,57.86448866785632],[-126.8879565638661,57.867319394184854],[-126.89695419755385,57.87741845023865],[-126.9159917463631,57.89145721172505],[-126.93454022215414,57.89778141797148],[-126.93353711075677,57.90600386076374],[-126.93686226336774,57.91129904707228],[-126.94753712963733,57.91869379402266],[-126.96410298299178,57.925103988359645],[-126.97059238577117,57.93311986032601],[-126.97012559257051,57.949063909049734],[-126.98002797761355,57.96122368129501],[-126.97200913765079,57.96763334566244],[-126.95394124731443,57.97567762521826],[-126.95093980394353,57.98944676090794],[-126.94179704403373,57.992470444173016],[-126.90754676749823,57.994432767526],[-126.86800798562024,58.003360827933186],[-126.81589496399098,58.009304087828156],[-126.77301503634806,58.01106945763619],[-126.7322148376934,58.018294259315624],[-126.703055760628,58.02710422034708],[-126.69225550294398,58.023191857635474],[-126.6832116835953,58.006112171135456],[-126.66290597356719,57.99082239358746],[-126.604124124149,57.9602074133308],[-126.55855165443178,57.952313287231966],[-126.53983314768139,57.94560046895929],[-126.51803226284656,57.9409465564605],[-126.49821960477469,57.94245125255841],[-126.45236945654608,57.938404455751154],[-126.43475692175734,57.934521967101084]],[[-121.78626852663002,56.42437848590137],[-121.79315636418859,56.42478326937464],[-121.79371752756362,56.4175222699929],[-121.78511584466172,56.41683727795145],[-121.78597819769885,56.42030516617233],[-121.78269413136584,56.423066766332575],[-121.78626852663002,56.42437848590137]],[[-125.60563684645147,57.41664288266071],[-125.60393930672898,57.41659938759623],[-125.60409000494519,57.417727395341025],[-125.60578808450819,57.42012290341445],[-125.60915071641445,57.42114549354933],[-125.60906388592198,57.424135020444304],[-125.61558529567048,57.42387748536261],[-125.61682486773505,57.426364163499024],[-125.61452839669968,57.43271488717708],[-125.61886211219539,57.43576780776023],[-125.63883027777591,57.43496140210208],[-125.67369566447476,57.429722404296],[-125.66189041420678,57.429429392357996],[-125.6507036961008,57.42423539105684],[-125.60563684645147,57.41664288266071]],[[-125.44580827836225,56.378715462211225],[-125.45305394751978,56.36920026671386],[-125.44861904168482,56.36926148874322],[-125.44413265506763,56.36695857894192],[-125.43028245284573,56.36892118375743],[-125.42320282958431,56.36581498560357],[-125.41985434286254,56.36125177875783],[-125.41653254237355,56.360193581126495],[-125.41419774012418,56.36220738906321],[-125.40684142776449,56.356705679111926],[-125.40098915324047,56.356838177910475],[-125.4009251638746,56.353756181780376],[-125.39756051952115,56.351484576009355],[-125.38699438398382,56.35079461316311],[-125.39149591735064,56.35436491908085],[-125.38883813197228,56.35641836611635],[-125.40961577045906,56.37320797679427],[-125.44580827836225,56.378715462211225]],[[-124.9285977082844,56.786891443686784],[-124.92569202985892,56.7830710400973],[-124.91597501164694,56.7862642597268],[-124.8840730627196,56.78692606029282],[-124.88011644476425,56.78873587142944],[-124.89739313327668,56.80346028017433],[-124.89401394280927,56.808229888290896],[-124.90298382159737,56.80874976474862],[-124.90831453942319,56.81194091823262],[-124.9237231060277,56.80437912113597],[-124.92780692089538,56.79650968065341],[-124.9298790718417,56.7886179277308],[-124.9285977082844,56.786891443686784]],[[-124.97516266492487,56.92343088505672],[-124.97366885648998,56.918969428712465],[-124.99376515751925,56.9171837977209],[-124.99337333817613,56.89231399415123],[-124.9887522341357,56.89026146590703],[-124.98067327632245,56.89051002432276],[-124.98420557533241,56.88830796951976],[-124.98424803466222,56.88182306443028],[-124.9771863575432,56.881099578762765],[-124.97347793431035,56.87772566295265],[-124.96222491271976,56.88596328767478],[-124.95727414739227,56.89296038461742],[-124.95726251893014,56.899645684734594],[-124.95036736145568,56.91103928208639],[-124.95605963140318,56.92531847384992],[-124.97516266492487,56.92343088505672]],[[-120.49395899237258,56.60334184281305],[-120.4928941179018,56.59509158706743],[-120.51268995319248,56.594907725165534],[-120.51455779673054,56.55887759759109],[-120.50044068730364,56.558861635443094],[-120.49902423840399,56.55037971429878],[-120.47152440901972,56.551364548755],[-120.47237472546863,56.56534361620244],[-120.45806703379327,56.56620085053457],[-120.45906580993027,56.575079097371145],[-120.48449983308565,56.57537201503022],[-120.48522890710396,56.595284332242095],[-120.47769589555841,56.59532718781885],[-120.47839986479319,56.60369105633633],[-120.49395899237258,56.60334184281305]],[[-121.0822956399665,56.7207762744052],[-121.08364771790276,56.71253889612786],[-121.11323009376201,56.711659146984225],[-121.11318388855756,56.70484629895054],[-121.13032914942688,56.705144168572204],[-121.12725537750482,56.69813350491494],[-121.13854921382541,56.69832012893517],[-121.13318103121867,56.695134139883024],[-121.13527290497962,56.68814817424436],[-121.13394326145838,56.68685282483448],[-121.13719528987916,56.68415350313375],[-121.13897802962224,56.678245601774655],[-121.12342571686214,56.67826133213628],[-121.12327874441354,56.68303321451589],[-121.11145285859214,56.683091873673774],[-121.112248782704,56.689151972578664],[-121.08625875158592,56.69034110722158],[-121.08696822286387,56.69711210096036],[-121.07680656530516,56.69757470527557],[-121.07711833962416,56.70294427413421],[-121.04692313197137,56.703369599457346],[-121.05004210847179,56.7270432009059],[-121.0819787141375,56.72660596712848],[-121.0822956399665,56.7207762744052]],[[-121.95749281743751,56.49876569805444],[-121.94625111731118,56.50151076530789],[-121.94388873390135,56.50056507292704],[-121.94119941682206,56.49627398955141],[-121.93677511604227,56.49414327897328],[-121.92227522171592,56.49283158805107],[-121.91271583759577,56.48512948026164],[-121.90783161696952,56.483324965452724],[-121.90873652296364,56.47955937031009],[-121.90735931744388,56.475486167603265],[-121.89840142591758,56.46971096033802],[-121.89290099922239,56.46964407214103],[-121.88586301052281,56.47440517554318],[-121.87406181782801,56.47159527721824],[-121.87077353206685,56.46971386778236],[-121.8672176926689,56.46430047074653],[-121.85270793165846,56.4648857683019],[-121.84465752492918,56.46215988443435],[-121.83989591246767,56.4597258667074],[-121.83923369782917,56.45594606833624],[-121.83196233812296,56.450702074601026],[-121.83101972498385,56.445976586020784],[-121.82744511182561,56.4450977738398],[-121.82429619394999,56.44152736924283],[-121.81393053331752,56.43629047120964],[-121.79534149876989,56.430270369490245],[-121.79373643272456,56.42719126775058],[-121.78370472097457,56.4249722765494],[-121.78019685281068,56.42257622275762],[-121.77817141032688,56.43796774375408],[-121.77775819534297,56.472176300864774],[-121.83251830862518,56.47291801447229],[-121.83311800203033,56.48717782597519],[-121.90079139676048,56.48784198043374],[-121.90017085843752,56.51003349531372],[-121.901544912903,56.52250255027562],[-121.97767930742799,56.523102292194224],[-121.97997738944814,56.509512473566716],[-121.97803480282849,56.497825606283655],[-121.95749281743751,56.49876569805444]]]},"bbox":[-127.73841250495671,55.53603717361617,-119.99999998968761,58.02710422034708]},{"id":"5955042","type":"Feature","properties":{},"geometry":{"type":"Polygon","coordinates":[[[-121.0065805416155,56.33321941745513],[-120.70653962157,56.33353074001486],[-120.70547579647692,56.32790529846159],[-120.70838730340816,56.32226400025233],[-120.71777698247796,56.32007070362422],[-120.7169843856734,56.31604020766807],[-120.72738788589245,56.31183020016472],[-120.72906429785351,56.306584810493135],[-120.73720658242314,56.30061460349622],[-120.73684037967293,56.293264201773994],[-120.74082630492818,56.284817195353554],[-120.73972987617248,56.28265809667742],[-120.73024511993295,56.278603407500775],[-120.71099449547229,56.27992510178825],[-120.69441309453957,56.2767205887265],[-120.6837113901701,56.27672489244337],[-120.66952792644308,56.265677305843475],[-120.66187342278236,56.2630183067882],[-120.6396729182053,56.26584530670375],[-120.62614477949676,56.26183329358986],[-120.6142406063618,56.263548103620394],[-120.6055331756429,56.2628658932955],[-120.5700411752721,56.257720197434615],[-120.55896879726491,56.252266890525085],[-120.53029900013989,56.24652310855319],[-120.52881710678113,56.24527550265425],[-120.528972598619,56.24060259682655],[-120.5251947145558,56.23734260188857],[-120.50770079360724,56.23191500321739],[-120.49552957662702,56.22421849739465],[-120.47790451673784,56.218148592384416],[-120.47576619287383,56.20430380312967],[-120.45329759423593,56.19800030503851],[-120.45365731689411,56.191031599171474],[-120.44211119623318,56.18205201313245],[-120.43867980597949,56.172187910784544],[-120.42488818027708,56.166968202520884],[-120.41220670837926,56.151472812378344],[-120.40037029289283,56.14337609313227],[-120.39741250877115,56.13564840705577],[-120.3837143030072,56.13068788526307],[-120.38163827868446,56.12606910147254],[-120.38374228248105,56.12055599176187],[-120.3787185897528,56.11066489298054],[-120.37699977086636,56.09718329588972],[-120.44053601214571,56.102351791746855],[-120.46077691037551,56.10854279554741],[-120.46361747669951,56.11221019979251],[-120.46822431604751,56.11390208975949],[-120.49140257737152,56.11859349699723],[-120.50279338981676,56.11871878971117],[-120.5333263065045,56.11514399962206],[-120.54173978510185,56.11573080811644],[-120.55150879807243,56.11707378818758],[-120.56533002476013,56.12285330454244],[-120.59948719769301,56.130044106771294],[-120.62868599954535,56.127399411290114],[-120.64028738306023,56.128360690669965],[-120.65512449222527,56.1328897014571],[-120.66053361572368,56.136331997082515],[-120.66161215737887,56.139231217481665],[-120.63638496906403,56.136760515092966],[-120.63667019004694,56.17091071086151],[-120.64920001216969,56.169078637996655],[-120.64906910305355,56.15949279327467],[-120.6596701006139,56.159527003023804],[-120.66173656187424,56.161281671016866],[-120.66264994045584,56.17382872630555],[-120.71576571679307,56.173926194019465],[-120.71563903985307,56.15971621593251],[-120.73282823369665,56.15978527088404],[-120.73320563000307,56.15582717748754],[-120.74041019450848,56.159283105658005],[-120.76130160975885,56.16373379168338],[-120.77201267204437,56.16797219715476],[-120.78638978941628,56.18006379231473],[-120.78754882676455,56.18459700717278],[-120.79442099688977,56.194048104971806],[-120.8009432138394,56.197137200801514],[-120.807448988967,56.19843320390959],[-120.82134789964857,56.197259689427426],[-120.83907318335187,56.19249571003544],[-120.84362880274718,56.19406228819126],[-120.87573790363726,56.19153289403617],[-120.90546252261466,56.19183910170098],[-120.925017105741,56.200632213153085],[-120.9294871988486,56.206119699820924],[-120.94788840992088,56.22084890132485],[-120.96850778446522,56.22811659770807],[-120.9894580958252,56.23127691414211],[-121.00284291960583,56.22893549248978],[-121.00567371779783,56.22634919542509],[-121.02458018862366,56.21921959202736],[-121.04209148679779,56.217285493536664],[-121.0629331808892,56.217822402946624],[-121.08165641380384,56.22096990876912],[-121.08416740053119,56.21945310185171],[-121.09013739916634,56.21981770694152],[-121.09512538432631,56.22247390328186],[-121.12241161362407,56.22849400338814],[-121.14906988314411,56.24655579498706],[-121.16260893916355,56.24820170903476],[-121.16440256962676,56.28975128508103],[-121.16063369680118,56.306460209032295],[-121.16422964596816,56.33387411778581],[-121.0065805416155,56.33321941745513]],[[-120.90017436059141,56.27116823187765],[-120.90015806706434,56.264269452649536],[-120.89726003440116,56.26417133337985],[-120.89734805198584,56.26119676515788],[-120.8871845090523,56.2616232200616],[-120.88692069956834,56.25238101350093],[-120.87456703201092,56.246440178119485],[-120.88684978270109,56.24511876664143],[-120.8869792825717,56.24647225608961],[-120.89344474105793,56.24647032458596],[-120.89320148513796,56.24296569180737],[-120.89709183650454,56.24221763931942],[-120.88724462255213,56.24162108346387],[-120.8871823003373,56.23904201549612],[-120.87227132344937,56.239457634386625],[-120.87380980184291,56.23485675673538],[-120.87245629539687,56.23485854743013],[-120.87224229699493,56.23215374832636],[-120.87380851989586,56.23192558717433],[-120.84745369479087,56.231927508387464],[-120.84745832764744,56.23080697137967],[-120.83421249038594,56.23197365741064],[-120.83411165061804,56.2303541195063],[-120.84217374781355,56.22986392052807],[-120.84203742314594,56.224698012125614],[-120.84748528283416,56.224700705693635],[-120.8474974039388,56.220898891744596],[-120.8348428883986,56.220897706710765],[-120.83386705517128,56.20956486802277],[-120.81923698079243,56.20972280290726],[-120.82161287165465,56.229481178886175],[-120.79699147235192,56.22026147196061],[-120.78540195204376,56.2178085143471],[-120.75562291903421,56.21773686550135],[-120.75560761200244,56.22007236290974],[-120.76133672939733,56.2199666424493],[-120.76147217208967,56.2220585133252],[-120.75576894166164,56.222055763574645],[-120.75629294053253,56.22708278669092],[-120.75099496144263,56.22489078890476],[-120.74289975820466,56.22482144363499],[-120.74298157547946,56.23089668642114],[-120.75534753013238,56.230388965374146],[-120.7554814278431,56.228017115103626],[-120.75754373283334,56.227845459974226],[-120.75568829803255,56.23237225086346],[-120.75563012417106,56.23855113022647],[-120.76363663066307,56.23851482978655],[-120.76487890748224,56.23450297959893],[-120.7684177794371,56.234394605413016],[-120.76841885026565,56.232922983464896],[-120.78185408605567,56.238882117218054],[-120.78158098135017,56.24645557824512],[-120.80809717724117,56.246460901622825],[-120.8080458352365,56.24883571000935],[-120.79475342878364,56.248484386061364],[-120.79476401651476,56.26108587470608],[-120.82106551286935,56.26107219138823],[-120.82107093269448,56.26462327538754],[-120.83426067711989,56.264621738670364],[-120.83420453464872,56.26809423799909],[-120.80778716803867,56.26813490822706],[-120.80796151803976,56.27992709870248],[-120.82137121441586,56.27965181177497],[-120.821390329084,56.27529745971319],[-120.83367072275678,56.27519794250917],[-120.83390333046478,56.272148326023384],[-120.84642115920764,56.26969925867125],[-120.847244482307,56.26836242874864],[-120.86078100130456,56.268368089739454],[-120.86084706857885,56.261879594139],[-120.8662052787383,56.25991222552749],[-120.87372214889204,56.25951680967235],[-120.87375388215919,56.26818651327337],[-120.88726741606013,56.268268551640205],[-120.88723920984425,56.272631989909335],[-120.9001779186553,56.272666498694576],[-120.90017436059141,56.27116823187765]]]},"bbox":[-121.16440256962676,56.09718329588972,-120.37699977086636,56.33387411778581]},{"id":"5955801","type":"Feature","properties":{},"geometry":{"type":"Polygon","coordinates":[[[-121.62771604006456,55.8797644126808],[-121.62775559373462,55.86893250196271],[-121.6005710596951,55.86885479704674],[-121.60058391885612,55.81113080686724],[-121.67926886717309,55.81123502217874],[-121.67380850940604,55.81622677390907],[-121.66314502316658,55.81816798306044],[-121.65515190224711,55.822655680264425],[-121.64979873696997,55.82374657033786],[-121.65363394671208,55.82454417996758],[-121.66757263126703,55.836171365887544],[-121.67930946828035,55.83639980926695],[-121.67870908042076,55.86881908155446],[-121.65286522386705,55.869029625203694],[-121.65260824183531,55.88341808404071],[-121.62770558141746,55.883474424031476],[-121.62771604006456,55.8797644126808]]]},"bbox":[-121.67930946828035,55.81113080686724,-121.6005710596951,55.883474424031476]},{"id":"5955802","type":"Feature","properties":{},"geometry":{"type":"Polygon","coordinates":[[[-121.85801676752267,55.83223233198503],[-121.82662267966553,55.830379819269545],[-121.82546767644607,55.826052418869004],[-121.8342450283727,55.82764607744371],[-121.87112410565122,55.82477348612105],[-121.87816770896437,55.819122171110486],[-121.87914260099743,55.81462027314127],[-121.87012602758186,55.81459176530636],[-121.86105914564922,55.81688907284884],[-121.85907049864346,55.81609857122788],[-121.86305711024205,55.81620688116654],[-121.86879282078438,55.814372486824006],[-121.86249123538033,55.81594196649887],[-121.86678661928357,55.813096379865286],[-121.84800041951598,55.81375717449006],[-121.84766189918814,55.811696372626024],[-121.8547764072325,55.81234726748283],[-121.86181540779775,55.81012117127221],[-121.85690771941647,55.809366367325836],[-121.8615065267866,55.809759478598515],[-121.85694471029646,55.80861158190799],[-121.85813260312109,55.806717618234615],[-121.86128823746961,55.806496482829274],[-121.86121124029641,55.805068558715256],[-121.85477600451617,55.80585996781355],[-121.8545426938307,55.804051169447234],[-121.85037350866304,55.80246984202697],[-121.86991656290617,55.8029228291408],[-121.86992652577585,55.796188242433736],[-121.88989741531897,55.796380831101864],[-121.89014532134921,55.78232298545071],[-121.94180155010005,55.781345263631415],[-121.9433064045358,55.81093448704907],[-121.90415536851134,55.810580488856],[-121.90420723998747,55.83236761479471],[-121.85801676752267,55.83223233198503]]]},"bbox":[-121.9433064045358,55.781345263631415,-121.82546767644607,55.83236761479471]},{"id":"5955803","type":"Feature","properties":{},"geometry":{"type":"Polygon","coordinates":[[[-121.05004210847179,56.7270432009059],[-121.04692313197137,56.703369599457346],[-121.07711833962416,56.70294427413421],[-121.07680656530516,56.69757470527557],[-121.08696822286387,56.69711210096036],[-121.08625875158592,56.69034110722158],[-121.112248782704,56.689151972578664],[-121.11145285859214,56.683091873673774],[-121.12327874441354,56.68303321451589],[-121.12342571686214,56.67826133213628],[-121.13897802962224,56.678245601774655],[-121.13719528987916,56.68415350313375],[-121.13394326145838,56.68685282483448],[-121.13527290497962,56.68814817424436],[-121.13318103121867,56.695134139883024],[-121.13854921382541,56.69832012893517],[-121.12725537750482,56.69813350491494],[-121.13032914942688,56.705144168572204],[-121.11318388855756,56.70484629895054],[-121.11323009376201,56.711659146984225],[-121.08364771790276,56.71253889612786],[-121.0819787141375,56.72660596712848],[-121.05004210847179,56.7270432009059]]]},"bbox":[-121.13897802962224,56.678245601774655,-121.04692313197137,56.7270432009059]},{"id":"5955804","type":"Feature","properties":{},"geometry":{"type":"Polygon","coordinates":[[[-120.47839986479319,56.60369105633633],[-120.47769589555841,56.59532718781885],[-120.48522890710396,56.595284332242095],[-120.48449983308565,56.57537201503022],[-120.45906580993027,56.575079097371145],[-120.45806703379327,56.56620085053457],[-120.47237472546863,56.56534361620244],[-120.47152440901972,56.551364548755],[-120.49902423840399,56.55037971429878],[-120.50044068730364,56.558861635443094],[-120.51455779673054,56.55887759759109],[-120.51268995319248,56.594907725165534],[-120.4928941179018,56.59509158706743],[-120.49395899237258,56.60334184281305],[-120.47839986479319,56.60369105633633]]]},"bbox":[-120.51455779673054,56.55037971429878,-120.45806703379327,56.60369105633633]},{"id":"5955807","type":"Feature","properties":{},"geometry":{"type":"Polygon","coordinates":[[[-125.61558529567048,57.42387748536261],[-125.60906388592198,57.424135020444304],[-125.60915071641445,57.42114549354933],[-125.6053316006597,57.419773907620964],[-125.60393930672898,57.41659938759623],[-125.6507036961008,57.42423539105684],[-125.66189041420678,57.429429392357996],[-125.67369566447476,57.429722404296],[-125.63883027777591,57.43496140210208],[-125.61939991498463,57.43584049180957],[-125.61452839669968,57.43271488717708],[-125.61682486773505,57.426364163499024],[-125.61558529567048,57.42387748536261]]]},"bbox":[-125.67369566447476,57.41659938759623,-125.60393930672898,57.43584049180957]},{"id":"5955808","type":"Feature","properties":{},"geometry":{"type":"MultiPolygon","coordinates":[[[[-121.7876102047723,56.42398676515023],[-121.78269413136584,56.423066766332575],[-121.78597819769885,56.42030516617233],[-121.78511584466172,56.41683727795145],[-121.79371752756362,56.4175222699929],[-121.79315636418859,56.42478326937464],[-121.7876102047723,56.42398676515023]]],[[[-121.90158137194136,56.52133749473876],[-121.90017085843752,56.51003349531372],[-121.90079139676048,56.48784198043374],[-121.83311800203033,56.48717782597519],[-121.83251830862518,56.47291801447229],[-121.77775819534297,56.472176300864774],[-121.77817141032688,56.43796774375408],[-121.78019685281068,56.42257622275762],[-121.78370472097457,56.4249722765494],[-121.79373643272456,56.42719126775058],[-121.79534149876989,56.430270369490245],[-121.81393053331752,56.43629047120964],[-121.82429619394999,56.44152736924283],[-121.82744511182561,56.4450977738398],[-121.83101972498385,56.445976586020784],[-121.83196233812296,56.450702074601026],[-121.83923369782917,56.45594606833624],[-121.83989591246767,56.4597258667074],[-121.84465752492918,56.46215988443435],[-121.85270793165846,56.4648857683019],[-121.8672176926689,56.46430047074653],[-121.87077353206685,56.46971386778236],[-121.87913770460524,56.47343817357523],[-121.88625320808923,56.47440947242608],[-121.89402982395823,56.46937487693376],[-121.90215892240728,56.47113668467097],[-121.90735931744388,56.475486167603265],[-121.90873652296364,56.47955937031009],[-121.90783161696952,56.483324965452724],[-121.91271583759577,56.48512948026164],[-121.92227522171592,56.49283158805107],[-121.93677511604227,56.49414327897328],[-121.94119941682206,56.49627398955141],[-121.94388873390135,56.50056507292704],[-121.94625111731118,56.50151076530789],[-121.96125408699791,56.49803891334217],[-121.97803480282849,56.497825606283655],[-121.97997738944814,56.509512473566716],[-121.97767930742799,56.523102292194224],[-121.901544912903,56.52250255027562],[-121.90158137194136,56.52133749473876]]]]},"bbox":[-121.97997738944814,56.41683727795145,-121.77775819534297,56.523102292194224]},{"id":"5955812","type":"Feature","properties":{},"geometry":{"type":"Polygon","coordinates":[[[-124.88828610806834,56.7950174804481],[-124.88011644476425,56.78873587142944],[-124.8840730627196,56.78692606029282],[-124.91597501164694,56.7862642597268],[-124.92569202985892,56.7830710400973],[-124.9298790718417,56.7886179277308],[-124.9237231060277,56.80437912113597],[-124.90831453942319,56.81194091823262],[-124.90298382159737,56.80874976474862],[-124.89401394280927,56.808229888290896],[-124.89739313327668,56.80346028017433],[-124.88828610806834,56.7950174804481]]]},"bbox":[-124.9298790718417,56.7830710400973,-124.88011644476425,56.81194091823262]},{"id":"5955840","type":"Feature","properties":{},"geometry":{"type":"Polygon","coordinates":[[[-124.95567835254451,56.92465897958954],[-124.95037251822394,56.910841381631],[-124.95726251893014,56.899645684734594],[-124.95727414739227,56.89296038461742],[-124.96222491271976,56.88596328767478],[-124.97205921140794,56.87818847862216],[-124.97485673843079,56.8783422638083],[-124.97748502818092,56.88119358906729],[-124.98424803466222,56.88182306443028],[-124.98420557533241,56.88830796951976],[-124.98067327632245,56.89051002432276],[-124.9887522341357,56.89026146590703],[-124.99337333817613,56.89231399415123],[-124.99376515751925,56.9171837977209],[-124.97366885648998,56.918969428712465],[-124.97516266492487,56.92343088505672],[-124.95567835254451,56.92465897958954]]]},"bbox":[-124.99376515751925,56.87818847862216,-124.95037251822394,56.92465897958954]},{"id":"5955850","type":"Feature","properties":{},"geometry":{"type":"Polygon","coordinates":[[[-125.44580827836225,56.378715462211225],[-125.40961577045906,56.37320797679427],[-125.38883813197228,56.35641836611635],[-125.39149591735064,56.35436491908085],[-125.38699438398382,56.35079461316311],[-125.39756051952115,56.351484576009355],[-125.4009251638746,56.353756181780376],[-125.40098915324047,56.356838177910475],[-125.40684142776449,56.356705679111926],[-125.41419774012418,56.36220738906321],[-125.41653254237355,56.360193581126495],[-125.41985434286254,56.36125177875783],[-125.42320282958431,56.36581498560357],[-125.43028245284573,56.36892118375743],[-125.44413265506763,56.36695857894192],[-125.44861904168482,56.36926148874322],[-125.45305394751978,56.36920026671386],[-125.44580827836225,56.378715462211225]]]},"bbox":[-125.45305394751978,56.35079461316311,-125.38699438398382,56.378715462211225]}],"bbox":[-127.73841250495671,53.79535120560347,-119.99981639469365,58.02710422034708]}